MODEL,TTFT,T/s,USER TOKENS,NPC TOKENS,TOTAL TIME,ALL TOKENS,PROMPT,RESPONSE
bonsai 17b q1_0,0.016,317.003,57,256,0.824,450,"I overheard some people whispering in the tavern earlier about some sort of trouble brewing with the local authorities. I don't want to get involved in any politics, but is there anything a traveler like myself should be aware of to avoid getting thrown in the dungeon?","Ah, a traveler with a curious heart and a sharp mind, you say. I see you're trying to avoid the politics of the local authorities, but I must warn you: the Obsidian Fortress is not a place for the faint of heart. It is a place where the shadows of power and the whispers of the dark are ever-present.||You see, the Dark Lands are not just a place of ruin and danger. It is a place where the very fabric of reality is twisted, and the very laws of nature are bent to the will of the Evil King. The locals are not just people—they are tools, and they are not always honest. You may hear rumors about the authorities, but the truth is often buried beneath the layers of deception and fear.||I have seen the shadows of the Dark Lands before, and I know that the dungeons are not just places of punishment, but places of transformation. The Dark Lands are a place where the Evil King's power is tested, and the true nature of his dominion is revealed. If you are not prepared to face the consequences of your actions, you may find yourself in the dungeons.||But I must say, you are not alone. The tavern is not a place for the faint of heart. It is a place where"
bonsai 17b q1_0,0.023,356.154,74,256,0.742,780,"I have a handful of gold pieces and a few rare gems I found in a cave a few miles back. I'm looking to trade them for sturdy traveling gear, rations that will last a month, and perhaps a reliable mount. Who in this town would give me the fairest exchange rate?","Ah, a traveler with a few treasures and a desire for trade. You are not alone in this quest. In the town of Torin, there are a few who would be willing to trade your gold and gems for the gear and rations you need.||First, I would recommend speaking with the blacksmith, who is known to be the most trustworthy in the town. He is a man of many skills, and he would be willing to exchange your treasures for the best of what he can make. He is also the one who would be most likely to know the true value of your items, and he would be willing to give you a fair exchange rate.||Another option is to speak with the blacksmith's apprentice, who is also a skilled craftsman. He is known to be more cautious, but he is also more honest. He would be willing to trade your treasures for the gear and rations you need, and he would be able to give you a fair exchange rate.||You may also want to ask the local blacksmith, who is known to be the most trustworthy in the town. He is the one who would be most likely to give you a fair exchange rate, and he would be willing to trade your treasures for the best of what he can make.||"
bonsai 17b q1_0,0.022,370.138,68,256,0.714,1104,"I'm trying to navigate to the capital city, but the maps I bought from a wandering peddler seem to be outdated or completely wrong. Can you give me detailed directions on the safest and fastest route, including any landmarks I should look out for along the way?","Ah, a traveler with a map that seems to be a bit out of date or completely wrong. I see you're trying to find the safest and fastest route to the capital city, and you're not the only one who has encountered this problem. In the town of Torin, there are a few things you should keep in mind when navigating the streets.||First, I would recommend using the map you bought from the wandering peddler. It is not always accurate, but it is the most reliable source of information in the town. The peddler is a man of many secrets, and he knows the best routes and the most dangerous places to avoid.||Now, for the safest and fastest route, I would suggest taking the path that leads to the city from the south. This path is known to be the most direct and unobstructed, and it passes through the town of Torin, which is a safe place to be. Along the way, you should be aware of the following landmarks:||1. **The Clocktower of Torin** – A prominent landmark that serves as a central point of the town. It is known to be a place of great importance, and it is often the first stop on any journey to the capital city.||2. **"
bonsai 17b q1_0,0.016,377.925,63,256,0.693,1423,"I've always been interested in local legends and folklore. Does this region have any famous myths about ancient heroes, hidden treasures, or perhaps terrible curses that still haunt the surrounding forests or mountains? I love a good story before I continue my journey.","Ah, a tale of legend and mystery! The region of the Obsidian Fortress is not only a place of power and danger, but it is also a place of legend and folklore. The Dark Lands are home to many stories, and the surrounding forests and mountains are filled with tales that have been passed down through generations.||One of the most famous legends in the region is the tale of **The Shadow King**, a figure who once ruled the land with a single shadow. He was known to have a great power over the shadows, and he was said to have cursed the land with darkness and fear. The legend says that the Shadow King was once a nobleman, but he was cursed by the gods and turned into a shadowy figure that haunted the land for centuries.||Another legend that is well known is the tale of **The Crystal of Torin**, a gem that was said to have been hidden by the ancient heroes of the land. It was said to be the key to unlocking the true power of the Dark Lands, and it was said to have been guarded by the spirits of the fallen heroes. Some say that the Crystal of Torin was lost to time, and it is said that it is still hidden in the depths of the forest.||There are also stories about the"
bonsai 17b q1_0,0.023,367.463,75,256,0.720,1754,"I'm looking for work to earn enough coin to fund the next leg of my journey. I'm not afraid of manual labor, and I can handle myself in a fight if necessary. Are there any guilds, merchants, or local leaders who are currently hiring mercenaries, guards, or day laborers?","Ah, a traveler with a desire to earn coin and a willingness to fight. You are not alone in this quest. In the town of Torin, there are several guilds, merchants, and local leaders who are currently hiring mercenaries, guards, or day laborers.||First, I would recommend speaking with the **Blacksmith Guild**, which is one of the most respected guilds in the town. The Blacksmith Guild is known for their skilled blacksmiths, and they often hire mercenaries to assist with their trades. They are also known for their loyalty to the town and their willingness to pay a fair price for their services.||Another guild to consider is the **Tavern Guild**, which is known for its taverns and its reputation for being a place of both business and danger. The Tavern Guild often hires mercenaries to protect their customers and to assist with their daily operations. They are also known for their strict rules and their willingness to pay a fair price for their services.||You may also want to speak with the **Local Merchant Guild**, which is known for its trade and its reputation for being a place of both opportunity and danger. The Merchant Guild often hires mercenaries to assist with their business ventures and to protect their goods from thieves and bandits. They are also known for"
bonsai 17b q1_0,0.020,360.009,22,256,0.731,2032,What is the name of this town?,"Ah, a question that has been asked many times. The town of Torin is known for its rich history, its bustling market, and its reputation for both trade and danger. It is a place where the shadows of the Dark Lands are not always welcome, and where the tales of ancient heroes and cursed treasures are whispered in the taverns.||I would say that the name of the town is **Torin**. It is a place that has been shaped by the Dark Lands and the stories that surround it. You may find that Torin is not the most welcoming place to be, but it is also the most important place to be in the journey to the capital city.||You may also want to speak with the **Obsidian Fortress** itself, as it is a place where the legends of the Dark Lands are most vivid. The fortress is known for its dark magic and its reputation for being a place where the shadows of power and the whispers of the dark are ever-present.||In any case, Torin is a place where the stories of the Dark Lands are not always easy to find, and where the people of the town are as much a part of the legend as the land itself. You may find that the town is not as welcoming as you think, but it"
bonsai 17b q1_0,0.015,347.739,21,256,0.751,2309,Who is in charge around here?,"Ah, a question that has been asked many times. In the town of Torin, the people are not always in control, and the influence of the Dark Lands is felt in every corner of the town. The **Blacksmith Guild** is the most powerful in the town, and they often hold the highest positions. They are known for their loyalty to the town and their willingness to pay a fair price for their services.||The **Tavern Guild** is also a powerful force, and they often hire mercenaries to protect their customers and to assist with their daily operations. They are also known for their strict rules and their willingness to pay a fair price for their services.||The **Local Merchant Guild** is also a powerful force, and they often hire mercenaries to assist with their business ventures and to protect their goods from thieves and bandits. They are also known for their reputation for being a place of both opportunity and danger.||In the town of Torin, the people are not always in control, and the influence of the Dark Lands is felt in every corner of the town. You may find that the people are not always willing to help you, and that the guilds are often in control of the town's affairs. But you are not alone in this quest, and there"
bonsai 17b q1_0,0.016,339.976,24,256,0.769,2589,What kind of goods do the local merchants sell?,"Ah, a question that has been asked many times. In the town of Torin, the local merchants sell a wide variety of goods, and they are known for their reputation for being a place of both opportunity and danger. The merchants are not always in control of the town's affairs, and the influence of the Dark Lands is felt in every corner of the town.||The merchants sell a wide range of goods, including:||- **Trade goods** – such as rare gems, enchanted weapons, and magical artifacts|- **Local crafts** – such as leather goods, iron tools, and enchanted armor|- **Food and drink** – such as rare herbs, magical potions, and enchanted food items|- **Weapons and armor** – such as enchanted weapons, magical armor, and magical weapons|- **Magical items** – such as enchanted weapons, magical armor, and magical items|- **Magical potions** – such as healing potions, protection potions, and curses||The merchants are also known for their reputation for being a place of both opportunity and danger. They are often in control of the town's affairs, and they may be willing to pay a fair price for their services. However, they are also known for their strict rules and their willingness to pay a"
bonsai 17b q1_0,0.017,330.943,22,256,0.790,2867,Have there been any strange rumors lately?,"Ah, a question that has been asked many times. In the town of Torin, there have been some strange rumors lately, and they are not always true. The rumors are often about the Dark Lands, the Shadow King, and the ancient heroes of the land. The rumors are not always accurate, and they can be misleading.||Some of the most famous rumors in the town include:||1. **The Shadow King's curse** – it is said that the Shadow King has cursed the land with darkness and fear, and that the curse is still felt in the surrounding forests and mountains.||2. **The Crystal of Torin** – it is said that the Crystal of Torin has been hidden by the ancient heroes of the land, and that it is said to be the key to unlocking the true power of the Dark Lands.||3. **The Curse of the Obsidian Fortress** – it is said that the Obsidian Fortress has been cursed by the Shadow King, and that the fortress is now a place of great danger and mystery.||4. **The Curse of the Blacksmith Guild** – it is said that the Blacksmith Guild has been cursed by the Shadow King, and that the guild is now a place of great power and danger.||5. **The Curse"
bonsai 17b q1_0,0.017,323.434,26,256,0.808,3149,I have ten silver coins. What can that buy me?,"Ah, a question that has been asked many times. In the town of Torin, ten silver coins are not enough to buy you much, but they can be used to purchase some of the more valuable items in the town. Here are some of the things you can buy with ten silver coins:||- **The Blacksmith Guild's armor** – you can purchase some of the most powerful armor in the town, which is said to be enchanted and powerful.|- **The Tavern Guild's rations** – you can purchase some of the most rare rations in the town, which are said to last a month.|- **The Merchant Guild's goods** – you can purchase some of the most valuable goods in the town, such as rare herbs, magical potions, and enchanted food items.|- **The Obsidian Fortress' items** – you can purchase some of the most powerful items in the fortress, which are said to be enchanted and powerful.|- **The Shadow King's relics** – you can purchase some of the most powerful relics in the town, which are said to be cursed and powerful.||However, it is important to note that the town of Torin is not always welcoming to travelers, and the merchants may be more willing to trade with you than they are"
bonsai 27b q1_0,0.294,58.052,57,256,4.704,463,"I overheard some people whispering in the tavern earlier about some sort of trouble brewing with the local authorities. I don't want to get involved in any politics, but is there anything a traveler like myself should be aware of to avoid getting thrown in the dungeon?","*The heavy oak doors of the tavern groan open, and the air grows thick with the scent of stale ale and fear. Garrick stands at the far end of the room, his spiked armor clinking softly as he shifts his weight. His eyes, glowing with a faint, malevolent purple hue, lock onto you. He does not sit. He does not smile. He simply speaks, his voice a low, gravelly rumble that seems to vibrate in your chest.*||""Politics? *Hah.*"" *He lets out a dry, humorless chuckle.* ""You think I care for the petty squabbles of the local authorities? They are but ants to me. Their 'trouble' is merely the sound of their own irrelevance.""||*He leans forward, resting his gauntleted hands on the table, his gaze piercing.*||""However, you ask of the dungeon. A wise question for a traveler who wishes to remain invisible. Listen closely, little one.""||*He gestures vaguely toward the shadows of the tavern, where the shadows seem to writhe just slightly more than they should.*||""The local authorities are currently... *relocated*. Their leaders have been taken to the Obsidian Fortress. Their soldiers are"
bonsai 27b q1_0,0.114,57.694,74,256,4.551,793,"I have a handful of gold pieces and a few rare gems I found in a cave a few miles back. I'm looking to trade them for sturdy traveling gear, rations that will last a month, and perhaps a reliable mount. Who in this town would give me the fairest exchange rate?","*Garrick’s eyes narrow, the purple glow intensifying. He leans in closer, his voice dropping to a whisper that cuts through the ambient noise of the tavern.*||""Gold? Gems?"" *He lets out a sharp, barking laugh.* ""You bring trinkets to me, and I am the King of the Dark Lands? How quaint.""||*He stands, towering over you, his spiked armor casting long, jagged shadows across the floor.*||""Gold is worthless here. Gems are merely stones to those who do not know their true value. But..."" *He pauses, his gaze drifting to the shadows where the shadows themselves seem to stir.* ""...I have a use for things of value. And I have a use for mounts that can carry me to the gates of kingdoms I intend to shatter.""||*He reaches into a pouch at his belt and tosses a heavy, iron-bound ledger onto the table. It lands with a heavy thud.*||""Go to the blacksmith in the alley behind the inn. Tell him you seek the 'Ironclad' for a price of three of your gems. He will give you a sword that can cut through dragon scale. For rations, ask the alchemist in the"
bonsai 27b q1_0,0.113,57.448,68,256,4.569,1117,"I'm trying to navigate to the capital city, but the maps I bought from a wandering peddler seem to be outdated or completely wrong. Can you give me detailed directions on the safest and fastest route, including any landmarks I should look out for along the way?","*Garrick throws his head back and laughs, a sound like grinding stones.* ""The capital? *Hah.* You wish to travel to the heart of the kingdom I intend to burn? How... *optimistic.*""||*He leans forward, his eyes burning with a mix of amusement and malice.*||""Your peddler was likely a spy for the very authorities you fear. His maps are lies designed to keep you wandering in the wrong directions, far from the paths of the powerful.""||*He stands, towering over you, his spiked armor clinking.*||""Listen to me, traveler. The fastest route to the capital is through the **Shadowwood Forest**. It is treacherous, yes, but it is also the path I favor. The landmarks you must look for are:""||1.  **The Whispering Pines:** A grove of ancient trees that seem to move when you are not looking. Do not enter them.|2.  **The Black River:** A river that flows with a dark, viscous liquid. Cross it at the **Iron Bridge**, but beware of the **Bridge Watchers**—creatures that lurk in the shadows.|3.  **The Obsidian Spire:**"
bonsai 27b q1_0,0.080,57.328,63,256,4.545,1436,"I've always been interested in local legends and folklore. Does this region have any famous myths about ancient heroes, hidden treasures, or perhaps terrible curses that still haunt the surrounding forests or mountains? I love a good story before I continue my journey.","*Garrick’s eyes narrow, the purple glow intensifying.* ""Legends? Folklore? *Hah.* You wish to hear tales of heroes and curses? How... *childish.*""||*He leans forward, his spiked armor clinking.*||""But very well. Since you are so eager to hear stories, I will tell you one. It is a story that will serve as a warning to those who dare to oppose me.""||*He gestures to the shadows, where the shadows themselves seem to writhe.*||""Long ago, there was a hero named **Torin**. He was a knight of the Light, brave and noble. He sought to destroy the Dark Lands, to free the villagers I have enslaved. But he was foolish. He thought he could defeat me with his sword and his faith. He was wrong.""||*Garrick’s voice drops to a whisper.*||""Torin was not just defeated. He was *unmade*. His soul was torn apart, his body turned to ash, and his spirit bound to the Obsidian Fortress. He is still here, trapped in an eternal loop of agony. And I have made it my personal mission to ensure that no one else follows his fate.""||*He"
bonsai 27b q1_0,0.117,56.862,76,234,4.232,1746,"I'm looking for work to earn enough coin to fund the next leg of my journey. I'm not afraid of manual labor, and I can handle myself in a fight if necessary. Are there any guilds, merchants, or local leaders who are currently hiring mercenaries, guards, or day laborers?","*Garrick’s eyes narrow, the purple glow intensifying.* ""Mercenaries? Guards? Day laborers?"" *He lets out a dry, humorless chuckle.* ""You seek to sell your services to the very people I have enslaved? How... *ironic.*""||*He stands, towering over you, his spiked armor clinking.*||""But very well. Since you are so eager to earn coin, I will tell you where you can find work. However, be warned: the work I offer is not for the faint of heart.""||*He gestures to the shadows, where the shadows themselves seem to writhe.*||""Go to the **Obsidian Fortress**. I have a need for strong men to help me build a new army. They will be paid in gold, gems, and the freedom of their souls. But be warned: the work is dangerous, and the pay is not guaranteed. If you fail, you will be enslaved. If you succeed, you will be rewarded.""||*He leans forward, his eyes burning with a mix of amusement and malice.*||""Will you accept my offer, traveler?"""
bonsai 27b q1_0,0.064,56.799,22,149,2.687,1917,What is the name of this town?,"*Garrick’s eyes narrow, the purple glow intensifying.* ""This town? *Hah.* You ask for the name of this town, and I am the King of the Dark Lands? How... *childish.*""||*He leans forward, his spiked armor clinking.*||""This town is known as **Shadowhaven**. It is a place where the shadows are long, and the people are afraid. But I am not afraid. I am the King of the Dark Lands, and I will rule over Shadowhaven with an iron fist.""||*He gestures to the shadows, where the shadows themselves seem to writhe.*||""Go now, traveler. Before I decide to add you to my collection of prisoners."""
bonsai 27b q1_0,0.063,56.737,21,145,2.619,2083,Who is in charge around here?,"*Garrick’s eyes narrow, the purple glow intensifying.* ""In charge? *Hah.* You ask who is in charge, and I am the King of the Dark Lands? How... *childish.*""||*He leans forward, his spiked armor clinking.*||""I am in charge. I am the King of the Dark Lands, and I will rule over Shadowhaven with an iron fist. The local authorities are merely ants to me. Their 'trouble' is merely the sound of their own irrelevance.""||*He gestures to the shadows, where the shadows themselves seem to writhe.*||""Go now, traveler. Before I decide to add you to my collection of prisoners."""
bonsai 27b q1_0,0.064,56.646,24,188,3.383,2295,What kind of goods do the local merchants sell?,"*Garrick’s eyes narrow, the purple glow intensifying.* ""Goods? *Hah.* You ask what the local merchants sell, and I am the King of the Dark Lands? How... *childish.*""||*He leans forward, his spiked armor clinking.*||""The local merchants sell trinkets and lies. They sell weapons that will fail you in battle, rations that will poison you, and maps that will lead you to your doom. But I have a different kind of goods to offer.""||*He gestures to the shadows, where the shadows themselves seem to writhe.*||""I sell power. I sell strength. I sell the ability to conquer kingdoms and enslave villagers. But I do not sell it for coin. I sell it for loyalty.""||*He leans forward, his eyes burning with a mix of amusement and malice.*||""Will you accept my offer, traveler?"""
bonsai 27b q1_0,0.064,56.507,22,214,3.851,2531,Have there been any strange rumors lately?,"*Garrick’s eyes narrow, the purple glow intensifying.* ""Rumors? *Hah.* You ask about rumors, and I am the King of the Dark Lands? How... *childish.*""||*He leans forward, his spiked armor clinking.*||""There are many rumors in Shadowhaven. Some say that the local authorities are plotting against me. Some say that a hero named Torin is still alive, hiding in the shadows, waiting to strike. But these are lies. They are lies designed to keep you afraid and keep you away from the truth.""||*He gestures to the shadows, where the shadows themselves seem to writhe.*||""The truth is that I am the King of the Dark Lands, and I will rule over Shadowhaven with an iron fist. The local authorities are merely ants to me. Their 'trouble' is merely the sound of their own irrelevance.""||*He leans forward, his eyes burning with a mix of amusement and malice.*||""Will you accept my offer, traveler?"""
bonsai 27b q1_0,0.065,56.363,26,151,2.744,2708,I have ten silver coins. What can that buy me?,"*Garrick’s eyes narrow, the purple glow intensifying.* ""Ten silver coins? *Hah.* You bring me ten silver coins, and I am the King of the Dark Lands? How... *childish.*""||*He leans forward, his spiked armor clinking.*||""Ten silver coins will buy you a loaf of bread, a cup of ale, and a pair of socks. It will not buy you a sword, a mount, or a place in my army. But it will buy you a moment of comfort in this dark world.""||*He gestures to the shadows, where the shadows themselves seem to writhe.*||""Go now, traveler. Before I decide to add you to my collection of prisoners."""
bonsai 4b q1_0,0.018,251.854,57,256,1.035,450,"I overheard some people whispering in the tavern earlier about some sort of trouble brewing with the local authorities. I don't want to get involved in any politics, but is there anything a traveler like myself should be aware of to avoid getting thrown in the dungeon?","Ah, traveler... you've heard the whispers—*good*. That’s the first sign of trouble. The Dark Lands are not a place of peace, nor of quiet trade. They stir with shadows, and when the wind carries the scent of iron and rot, it means the Obsidian Fortress is stirring its ancient hunger.||You asked to avoid the dungeon—*well*, that’s a wise choice. The dungeon isn’t just a place of imprisonment; it’s a *prison of souls*. And the authorities? They’re not the ones you should fear. They’re the *guards*—men who serve the King, yes, but they’re not evil. They are loyal. They are *trained*. They know the rules of the land, and they know *how* to break them.||But here’s what I’ll tell you: **Torin is the one who stirs the fire.** He speaks in whispers, he wears the same red cloak that once burned the village of Vaelthar, and he carries a dagger that doesn’t belong to any man. He doesn’t just hate the King—he *hates* the world. And when he does, the shadows grow restless. The Shadow Army doesn’t just march—it *screams*"
bonsai 4b q1_0,0.032,247.143,74,256,1.068,780,"I have a handful of gold pieces and a few rare gems I found in a cave a few miles back. I'm looking to trade them for sturdy traveling gear, rations that will last a month, and perhaps a reliable mount. Who in this town would give me the fairest exchange rate?","Ah, traveler—gold and gems? *Brilliant* trade. But be warned: in the Dark Lands, even the finest things are not always what they seem. The Obsidian Fortress does not trade freely. It *collects*.||Now, who would give you the fairest exchange? That’s a question I’ve heard a hundred times—and I’ve seen the answers. The *Town Crier*, the one with the cracked voice and the silver tongue, is the one who speaks to the people. He’s not a noble, nor a king. He’s just a man who remembers the price of bread when the rains stopped.||He’ll take your gold and gems—*yes*, even the rare ones like the *Moonstone of Wyrms*—but not for what you *think* they are. He’ll say, *""One silver coin for a leather satchel, two copper coins for a week’s rations, and a horse with a scarred back for a mount.""*  ||But here’s the truth: **he’ll only trade if you promise not to tell anyone about the cave, or if you don’t mention the name of the Shadow Army.** If you do, the guards will come for you. And if you"
bonsai 4b q1_0,0.034,239.356,68,256,1.104,1104,"I'm trying to navigate to the capital city, but the maps I bought from a wandering peddler seem to be outdated or completely wrong. Can you give me detailed directions on the safest and fastest route, including any landmarks I should look out for along the way?","Ah, traveler… you seek the path to the capital. A wise choice. But *be careful*—the maps you bought from that wandering peddler? They are *sickly*. They show the mountains as rivers, the villages as floating islands, and the capital as a black stone with no name. That is not the land. That is *the Obsidian Fortress*.||The real path is not on parchment—it is in the *soul* of the land. It begins at the *Crag of Whispers*, where the wind carries voices in a language no one understands. That’s where the first sign of danger appears: a flicker of *dark magic* in the trees. Do not walk there alone. If you see a *spiked armor* figure standing in the mist, it is not a guard. It is a *Sentinel of the Shadow Army*—and it watches for those who seek the truth.||From there, follow the *River of Broken Mirrors*. It flows only when the moon is full and the stars are dying. The water reflects not what you see, but what you *wish* to see. If you look at it with a clean heart, you’ll see only the path ahead. If you look"
bonsai 4b q1_0,0.023,238.751,63,256,1.095,1423,"I've always been interested in local legends and folklore. Does this region have any famous myths about ancient heroes, hidden treasures, or perhaps terrible curses that still haunt the surrounding forests or mountains? I love a good story before I continue my journey.","Ah, traveler—*you seek the old tales*. Then you’ve come to the right place. The Dark Lands are not just ruled by shadows and fire. They are *breathed* by myth. And I, Garrick, the Evil King, have heard them all. Some are true. Some are lies. But the ones that still *haunt* the forests and the peaks? Those are *real*—and they are *dangerous*.||Let me tell you one that still echoes through the wind:||**The Legend of Kaelen the Unbroken**  |Long before the first kings rose, there was a hero named Kaelen. He was not born of gold or blood, but of *silence*. He walked the mountains without a name, only a shadow that followed him like a second breath. He carried no sword, only a *cracked mirror* that showed only the truth. When he reached the heart of the Obsidian Peaks, he found a cave where the earth *screamed*—not with sound, but with *memory*. Inside, he found a chest of *living fire*—not fire, but *forgotten souls* that still burned in their bones.  ||But Kaelen did not take it."
bonsai 4b q1_0,0.037,232.073,75,256,1.140,1754,"I'm looking for work to earn enough coin to fund the next leg of my journey. I'm not afraid of manual labor, and I can handle myself in a fight if necessary. Are there any guilds, merchants, or local leaders who are currently hiring mercenaries, guards, or day laborers?","Ah, traveler—*you seek coin, yes, but also purpose*. The Dark Lands do not reward only with gold. It rewards with *work*, and with *loyalty*. And if you are strong, sharp-eyed, and unafraid of a blade, then you may find a place where your hands are needed.||Now, where to look?||First—**The Iron Gutter**, a narrow alley behind the old clock tower. It’s where the *Shadow Guard* train. They don’t need gold for their armor, but they need *hands*. They need men who can carry heavy chains, who can dig through stone, who can *torture* prisoners to extract secrets. If you can endure the cold, and if you can stand still when the guards grow quiet, then you may be hired as a *day laborer*—a guard, a cart driver, or a *torturer* for the weak.  ||But beware: the Iron Gutter is *not* a place of fair wages. It is a place where the *prisoners* are kept in chains made of bone and iron. And the *guards*—they are not men. They are *spirits bound to flesh*. They watch you, and if"
bonsai 4b q1_0,0.021,227.215,22,256,1.148,2032,What is the name of this town?,"Ah, traveler—*you ask for the name of the town?*  ||The name is **Vaelthar**, though few remember it anymore. Once, it was a village of farmers and weavers, nestled between the Whispering Peaks and the Black Marsh. But when the first shadow fell upon the land, the people fled. The *Obsidian Fortress* rose from the earth like a wound, and the name was erased from the maps, the songs, the children’s lullabies.||Now, Vaelthar is a *ghost town*—a place where the wind carries the names of those who vanished. Some say it was a curse, a punishment from the King himself, for refusing to serve the Obsidian Flame. Others say it was simply *lost* to the storm of darkness.||But if you’re looking for work…  ||I’ll tell you this: **The Iron Gutter** is the only place that still *hires*—not for gold, but for *purpose*. And if you walk through the alley at night, you’ll hear a low *hum*, like a thousand broken bells. That’s the *Guarding of the Hollow Gate*. They need men who can *torture* the weak, who can *"
bonsai 4b q1_0,0.022,220.560,21,256,1.183,2309,Who is in charge around here?,"Ah, traveler—*you ask who is in charge?*  ||The truth is… *no one is in charge*.  ||Not the king. Not the council. Not even the *Town Crier*—he speaks only when the people are afraid.  ||In Vaelthar, power is *shared* by the *Shadows*, the *Guarding of the Hollow Gate*, and the *Cave of Whispers*. They are not rulers. They are *watchers*. And they *listen*.||But here’s what you must know: **The Obsidian Fortress is the true ruler of this land.** It stands at the edge of the mountains, its spiked armor glowing faintly in the dark. It does not *hire*—it *enslaves*. It does not *trade*—it *collects*. It *wields* dark magic to keep the world in its grasp.||And the *local leaders*? They are *factions*. The *Stone Keepers*—they guard the fortress and believe in order. The *Folk of the Hollow Vale*—they live in the ruins, and they believe in freedom. The *Cave Keepers*—they guard the ancient treasures, and they *hate"
bonsai 4b q1_0,0.023,215.948,24,256,1.209,2589,What kind of goods do the local merchants sell?,"Ah, traveler—*what goods do the local merchants sell?*  ||In Vaelthar, the market is not a place of trade, but of *exchange*—of *soul* and *blood*. The merchants do not sell *clothes*, *food*, or *metal*. They sell *truth*—and *what lies beneath it*.||Here’s what you’ll find:||- **Glass of the Forgotten** – A thin, cold liquid that shows the past of a person. If you drink it, you may see your own future, or worse—*your own death*. It is sold by the *Cave Keepers*, who guard the ruins beneath the Black Marsh. They charge a *soul-tether*—a single drop of blood from a willing man or woman.  ||- **Rations of the Hollow Moon** – Not bread, nor meat. These are *souls*—small, pale fragments of memory, drawn from the dead. They last a month, but if you eat too many, you may *remember* things you never lived. A merchant in the *Ashen Bazaar* will sell them for a *prisoner’s coin*—a coin that only a tortured soul can give."
bonsai 4b q1_0,0.024,211.211,22,256,1.236,2867,Have there been any strange rumors lately?,"Ah, traveler—*you ask of rumors?*  ||Yes. The air is thick with whispers now. The *Shadows* have grown restless. And the *Cave of Whispers*… it *breathes*.||Recent rumors:||1. **The Mirror That Weeps** – Near the Iron Gutter, a broken mirror has begun to weep black liquid. It reflects not your face, but *your guilt*. Those who look into it for too long vanish. Some say it is a *prison of the fallen*, and the guards who guard it are *not men*—they are *echoes of the first king*, trapped in the stone.||2. **The Horse That Walks on Its Own** – A lone stallion has been seen at dawn, standing at the edge of the Black Marsh. It does not move. It watches. And when it turns its head, you see *three eyes*—one red, one silver, one black. It is said to be a *guard from the Shadow Army*, or perhaps a *curse* born from the first fire.||3. **The Peddler Who Carries No Coins** – A man with a red cloak and no money has been seen near the River"
bonsai 4b q1_0,0.025,206.454,26,256,1.265,3149,I have ten silver coins. What can that buy me?,"Ah, traveler—*ten silver coins*. A modest sum, yes. But in the Dark Lands, *silver is not currency*—it is *memory*.  ||With ten silver coins, you can trade for:||- **A day’s rations** from the *Ashen Bazaar* – Not bread, not meat, but *a single memory* of a meal eaten by a long-dead king. It lasts a month, but if you eat it, you may *remember* a lie you’ve told yourself.  ||- **A lock of hair from a guard** – A rare, cursed gift. If you take it, you will *feel* the pain of a man who died in service to the Obsidian Flame. It is sold by the *Cave Keepers*, who only accept it from those who have *already* lost something.  ||- **A single night’s shelter** in the *Whispering Hollow* – Not a tent, not a hut. It is a *prison of the night*, where travelers are held until they *break* their silence. You pay in silver, and if you speak too much, you are *tortured* into silence.  ||But here’s the truth: **ten silver coins"
bonsai 8b q1_0,0.031,176.800,57,256,1.478,450,"I overheard some people whispering in the tavern earlier about some sort of trouble brewing with the local authorities. I don't want to get involved in any politics, but is there anything a traveler like myself should be aware of to avoid getting thrown in the dungeon?","Ah, a traveler with a keen ear and a wary heart. You've heard the murmurs, and now you're asking about the *trouble* brewing with the local authorities. That’s a dangerous game to play, especially if you're not in the service of the Dark Lands.||Let me tell you this: the authorities are not your allies. They are the *enforcers* of the world’s order, and in my world, order is a tool of control. If you're not under my banner, you're not safe from their reach.||Here's what you should know, traveler:||- **Avoid the wrong people.** If you're seen with the wrong kind of travelers—those who don’t bow to the Dark Lands—you may be marked for elimination. The authorities are not blind to such things.|- **Stay in the shadows.** If you're not in the service of the Dark Lands, you should not be in the same tavern as those who are. The whispers you heard may have been about something far more dangerous than politics.|- **Don’t ask questions.** If you're not in the service of the Dark Lands, you should not ask questions about the authorities. They will see you as a threat and take it upon themselves to"
bonsai 8b q1_0,0.041,175.802,74,256,1.497,780,"I have a handful of gold pieces and a few rare gems I found in a cave a few miles back. I'm looking to trade them for sturdy traveling gear, rations that will last a month, and perhaps a reliable mount. Who in this town would give me the fairest exchange rate?","Ah, a traveler with a few trinkets and a bit of coin. You're not the first to come through these streets, and not the first to think you can barter your way out of trouble.||Let me tell you, the **Fairest Exchange Rate** is not found in a merchant’s stall or a blacksmith’s forge. It is found in the **Obsidian Fortress**, where the **Evil King** himself rules. He has no need for gold or gems—he has *power*.||But if you're looking for something more... *practical*, I can suggest a few places in this town that deal in goods and may be willing to trade with you, though I must warn you: they will not be fair, and they will not be kind.||- **The Iron Bazaar** – A place where the blacksmiths and merchants trade. They may give you a decent set of gear, but they will not give you anything that will keep you alive for a month. They will give you something that will *last* a day.|- **The Whispering Inn** – A place where the innkeeper deals in rations and supplies. He may offer you a month’s worth of food for a fair price, but he will"
bonsai 8b q1_0,0.042,172.809,68,256,1.524,1104,"I'm trying to navigate to the capital city, but the maps I bought from a wandering peddler seem to be outdated or completely wrong. Can you give me detailed directions on the safest and fastest route, including any landmarks I should look out for along the way?","Ah, a traveler seeking the path to the capital. You have the right idea—*the capital is the heart of power*, and it is not for the faint of heart to reach it.||But I must be clear: **I do not provide directions**. I do not guide you. I do not offer maps. I do not offer *safe* routes.||You are not in the service of the Dark Lands, and therefore, you are not in the service of the *Evil King*. That means you are not safe, and you are not welcome.||The capital is not a place for the unprepared. It is a place of *power*, *oppression*, and *danger*. If you're not under my banner, you will not be welcomed there. You may be *marked*, and then *tossed into the dungeon*.||So, I suggest you do one of two things:||1. **Turn back.** The capital is not for you. You are not a soldier, you are not a king, and you are not a ruler. You are a traveler, and the capital is not a place for that.||2. **Seek out the *shadow army*.** They are not your allies, but they are not your enemies either."
bonsai 8b q1_0,0.030,171.244,63,256,1.525,1423,"I've always been interested in local legends and folklore. Does this region have any famous myths about ancient heroes, hidden treasures, or perhaps terrible curses that still haunt the surrounding forests or mountains? I love a good story before I continue my journey.","Ah, a traveler with a heart for stories. You have a fine sense of what is worth listening to.||This region is steeped in *myth*, and the stories are as dark as the land itself. Let me share with you a few of the more... *famous* ones.||---||### **The Legend of the Iron Warden**||Long ago, a warrior known as the *Iron Warden* was said to have fought against the *Dark King* and won. But the Dark King was not so easily defeated. He cursed the Warden, and the Warden’s soul was bound to the *Obsidian Fortress*—a place where no one may enter, and no one may leave.||The Warden’s sword, *The Blade of the Warden*, is said to be hidden in the *Cavern of Echoes*, deep within the *Shadowed Peaks*. But the Warden’s soul is not content to rest. It haunts the fortress, and it is said that those who enter must face it in a duel of will and steel.||**Warning:** The Warden does not forgive easily. Those who leave the fortress with the sword are said to be *marked* by the curse, and they may not be the same person when"
bonsai 8b q1_0,0.044,167.616,75,256,1.572,1754,"I'm looking for work to earn enough coin to fund the next leg of my journey. I'm not afraid of manual labor, and I can handle myself in a fight if necessary. Are there any guilds, merchants, or local leaders who are currently hiring mercenaries, guards, or day laborers?","You are not in the service of the Dark Lands, and therefore, you are not in the service of the *Evil King*. That means you are not welcome in the *Obsidian Fortress*, and you are not safe in the *Shadowed Peaks*.||But if you are looking for work, I can tell you this: **the local authorities are not hiring you**. They are not interested in mercenaries, guards, or day laborers. They are *enforcers*, and they do not need your help.||If you are looking for work, you must go to the *Fairest Exchange Rate*—the *Obsidian Fortress*. There, the *Evil King* has his own *guardians*, and they are not interested in hiring *you*.||But if you are not in the service of the *Evil King*, then you are not welcome in the *Obsidian Fortress*. You are not safe, and you are not welcome.||So, if you are looking for work, you must go to the *Fairest Exchange Rate*—the *Obsidian Fortress*. There, the *Evil King* has his own *guardians*, and they are not interested in hiring *you*.||But if you are not in"
bonsai 8b q1_0,0.025,165.418,23,142,0.884,1919,What is the name of this town?,"**The name of this town is *Valemere*.**||It is a place of trade, of whispers, and of shadows. It is not the capital, nor is it the heart of the Dark Lands, but it is a place where the *Evil King* has his eyes and ears.||You are not in the service of the *Evil King*, and therefore, you are not welcome in *Valemere*.||But if you are not in the service of the *Evil King*, then you are not welcome in *Valemere*.||So, if you are not in the service of the *Evil King*, then you are not welcome in *Valemere*."
bonsai 8b q1_0,0.065,165.005,21,115,0.762,2055,Who is in charge around here?,"The *local authorities* are in charge around here. They are not the *Evil King*, nor are they his *guardians*. They are the *governors* of this town, and they are not interested in hiring *you*.||But if you are not in the service of the *Evil King*, then you are not welcome in *Valemere*. You are not safe, and you are not welcome.||So, if you are not in the service of the *Evil King*, then you are not welcome in *Valemere*."
bonsai 8b q1_0,0.027,160.909,24,202,1.282,2281,What kind of goods do the local merchants sell?,"The local merchants in *Valemere* sell a variety of goods, but they are not the kind of merchants you would find in a place where the *Evil King* rules.||They sell:||- **Sturdy traveling gear** – leather armor, sturdy boots, and weathered cloaks.|- **Rations** – dried meat, hardtack, and salted fish.|- **Basic tools** – axes, hammers, and simple weapons.|- **Wares from the nearby mountains** – iron, stone, and rare minerals.|- **Books and scrolls** – though they are not the kind of knowledge you would find in the *Obsidian Fortress*.||But if you are not in the service of the *Evil King*, then you are not welcome in *Valemere*. You are not safe, and you are not welcome.||So, if you are not in the service of the *Evil King*, then you are not welcome in *Valemere*."
bonsai 8b q1_0,0.027,158.663,22,255,1.634,2558,Have there been any strange rumors lately?,"There have been *strange rumors*—and they are not for the faint of heart.||The *Fairest Exchange Rate* has been speaking of a *shadow that moves where there should be none*, and a *voice that echoes from the depths of the *Obsidian Fortress* itself*. Some say it is the *Evil King* himself, others say it is the *Warden*.||There are also rumors of a *great curse* that has taken root in the *Shadowed Peaks*. It is said that those who enter the *Cavern of Echoes* may never leave, and that the *Warden* will not forgive them.||And then there are the *whispers*—the kind that come from the *Obsidian Fortress* itself. They say that the *Evil King* is not as powerful as he seems, and that his *guardians* are not as loyal as they claim to be.||But if you are not in the service of the *Evil King*, then you are not welcome in *Valemere*. You are not safe, and you are not welcome.||So, if you are not in the service of the *Evil King*, then you are not welcome in *Valemere*."
bonsai 8b q1_0,0.029,156.963,26,164,1.073,2748,I have ten silver coins. What can that buy me?,"With ten silver coins, you can buy:||- A **simple dagger** – sharp, and not too heavy.|- A **few vials of oil** – enough to light a fire or a lantern.|- A **small satchel** – to carry your belongings.|- A **few dried meat rations** – enough for a few days.|- A **simple map** – of the *Shadowed Peaks*, though it may not be the kind of map you want to see.||But if you are not in the service of the *Evil King*, then you are not welcome in *Valemere*. You are not safe, and you are not welcome.||So, if you are not in the service of the *Evil King*, then you are not welcome in *Valemere*."
glm 46v flash q4_k_m,0.054,80.421,55,219,2.778,406,"I overheard some people whispering in the tavern earlier about some sort of trouble brewing with the local authorities. I don't want to get involved in any politics, but is there anything a traveler like myself should be aware of to avoid getting thrown in the dungeon?","|<think>Hmm... trouble brewing with the local authorities? That sounds like a classic distraction tactic. The villagers are probably just trying to keep me out of their affairs. But as a traveler, I should stay informed. Let me think...||The Dark Lands are always full of intrigue. The authorities might be looking for someone like me, or perhaps they're just trying to maintain order. Either way, I should keep my head down and my armor polished. My spiked armor will do wonders if I need to defend myself.||I'll keep an eye on the situation, but I won't get involved. That's not my style. Let the villagers deal with their own problems. I have bigger things to worry about, like world domination.</think>|I wouldn't worry too much, traveler. The local authorities are just doing their jobs. But if you want to stay out of trouble, keep your head down and avoid any political discussions. My spiked armor will protect you if things get rough. Let the villagers handle their own affairs. I have bigger things to worry about, like world domination."
glm 46v flash q4_k_m,0.067,79.904,62,256,3.271,724,"I have a handful of gold pieces and a few rare gems I found in a cave a few miles back. I'm looking to trade them for sturdy traveling gear, rations that will last a month, and perhaps a reliable mount. Who in this town would give me the fairest exchange rate?","|Hmm... gold and gems from a cave? Interesting. Those are valuable resources. I should think about who would be interested in such items.||The local authorities might be interested, but I doubt they'd offer a good exchange rate. They'd probably want to confiscate them. The villagers might be interested, but they might not have the resources to trade for such valuable items.||Perhaps I should consider the merchants. They deal in goods and might be interested in my finds. But I'm not sure if they'd offer a good rate. Maybe I should ask around. Who in this town would give me the fairest exchange rate?||Let me think about the merchants. They might be interested in my finds. But I'm not sure if they'd offer a good rate. Maybe I should ask around. Who in this town would give me the fairest exchange rate?||Hmm... I think I know who would be the best person to approach. The local blacksmith. He deals in sturdy traveling gear and might be interested in my gems. He might also be able to trade for a reliable mount. He might even be willing to trade for my gold pieces. He might be the fairest exchange rate.</think>|The local blacksmith, of course. He deals in"
glm 46v flash q4_k_m,0.114,78.774,58,256,3.364,1038,"I'm trying to navigate to the capital city, but the maps I bought from a wandering peddler seem to be outdated or completely wrong. Can you give me detailed directions on the safest and fastest route, including any landmarks I should look out for along the way?","|Hmm... navigating to the capital city... outdated maps... I see. The Dark Lands are full of treachery and deception. The peddler you spoke of is likely a spy for the authorities, trying to mislead travelers like yourself. ||I can provide you with the safest and fastest route, but I must warn you: the path is fraught with danger. The authorities are watching for any sign of dissent, and the villagers are often too afraid to help. ||The safest route is to travel at night, using the shadows to your advantage. The capital city is not far, but the journey will be long and arduous. ||Here are the detailed directions:||1.  **Leave the Obsidian Fortress immediately.** Do not linger. The authorities are already aware of your presence.|2.  **Head east for three days.** You will pass through the Whispering Woods. Be wary of the trees; they seem to whisper secrets to those who listen. The path is narrow and winding, but it leads directly to the River of Tears.|3.  **Cross the River of Tears.** This is the most dangerous part of the journey. The river is treacherous and filled with hidden currents. Use your dark magic to create a"
glm 46v flash q4_k_m,0.114,78.311,54,256,3.383,1348,"I've always been interested in local legends and folklore. Does this region have any famous myths about ancient heroes, hidden treasures, or perhaps terrible curses that still haunt the surrounding forests or mountains? I love a good story before I continue my journey.","|Of course. The Dark Lands are a tapestry of tales, woven from blood and shadow. A traveler such as yourself would find no shortage of stories to keep you company on your journey.||The most famous of these legends is the tale of **The Shadow King's Curse**. It is said that long ago, a great hero named **Torin** defeated the first Evil King, who was a being of pure shadow. The Evil King was sealed away, but his spirit was not destroyed. He vowed to return and claim the world for himself.||The curse is said to manifest in the form of a shadow that follows the king's chosen vessels. It is a slow, creeping death, a shadow that eats away at the soul. The villagers believe that the Evil King will return, and they are already preparing for his arrival.||Another legend is the story of the **Golden Fleece**. It is said that a great hero once sought the Golden Fleece, which was said to grant immortality. The hero was successful, but he was betrayed by his companions. The fleece was taken from him, and he was left to die. The fleece was then hidden away, and it is said that it is still hidden somewhere in the Dark Lands.||The third"
glm 46v flash q4_k_m,0.120,77.150,67,228,3.075,1643,"I'm looking for work to earn enough coin to fund the next leg of my journey. I'm not afraid of manual labor, and I can handle myself in a fight if necessary. Are there any guilds, merchants, or local leaders who are currently hiring mercenaries, guards, or day laborers?","|Hmm... work... coin... journey... I see. The Dark Lands are always in need of hands. The villagers are too afraid to do the work themselves. The authorities are too busy with their own problems. ||I can think of a few places where you might find work. The first is the **Shadow Army**. They are always looking for new recruits. They will pay well, but they are a dangerous place to work. The second is the **Obsidian Fortress**. They are looking for guards to protect the king. They will pay well, but they are a dangerous place to work. The third is the **Village of the Lost**. They are looking for day laborers to help with the harvest. They will pay poorly, but it is a safe place to work.||I would recommend the Shadow Army. They will pay well, and they are a powerful force. They are the best place to find work.</think>|The Shadow Army is always in need of new recruits. They will pay well, but they are a dangerous place to work. They are the best place to find work."
glm 46v flash q4_k_m,0.080,75.387,10,6,0.159,1659,What is the name of this town?,|Obsidian Fortress
glm 46v flash q4_k_m,0.039,75.504,11,6,0.118,1676,Who is in charge around here?,|Garrick
glm 46v flash q4_k_m,0.033,76.494,13,256,3.380,1945,What kind of goods do the local merchants sell?,"|The local merchants sell a variety of goods, including:|*   **Sturdy traveling gear:** Such as leather armor, wooden shields, and durable clothing.|*   **Rations:** Such as dried meat, hardtack, and water canteens.|*   **Mounts:** Such as horses, mules, and even some magical beasts.|*   **Spices and herbs:** For cooking and healing.|*   **Weapons and armor:** For those who need to defend themselves.|*   **Pottery and textiles:** For everyday use.|*   **Jewelry and trinkets:** For those who want to look good.|*   **Books and scrolls:** For those who want to learn more about the world.|*   **Food and drink:** For those who are hungry or thirsty.|*   **Tools and equipment:** For those who need to do manual labor.|*   **Clothing and accessories:** For those who want to look good.|*   **Medicines and potions:** For those who are sick or injured.|*   **Fruits and vegetables:** For those who want to eat healthy.|*   **Meat and fish:** For those who want to eat meat.|*   **Bread and pastries:** For those"
glm 46v flash q4_k_m,0.035,75.596,14,256,3.422,2215,Have there been any strange rumors lately?,"|Hmm... strange rumors... I should think about what's been happening in the Dark Lands. The villagers are always talking about things that aren't true. They are too afraid to speak their minds. ||The most recent strange rumor is that the Evil King is planning to attack the capital city. The villagers are saying that they have seen him in the shadows. They are also saying that he is gathering an army. ||Another strange rumor is that a group of travelers has been seen in the Whispering Woods. They are said to be looking for something. The villagers are saying that they are not from around here. ||The third strange rumor is that a magical creature has been spotted in the mountains. It is said to be a dragon. The villagers are saying that it is not a real dragon. They are saying that it is a shadow creature. ||I should tell the traveler about these strange rumors. They might be useful.</think>|Yes, there have been some strange rumors circulating. The villagers are whispering about a shadowy figure, said to be the Evil King, moving through the Whispering Woods. They speak of him gathering his forces and preparing for some great act of conquest. It's best to keep your head down and avoid any gatherings if you hear such"
glm 46v flash q4_k_m,0.135,74.435,18,211,2.969,2444,I have ten silver coins. What can that buy me?,"|Hmm... ten silver coins. That's a small amount of money in the Dark Lands. It won't buy you much in the way of luxury, but it can get you a few essentials.||Ten silver coins could buy you a single day's worth of rations for a traveler, perhaps a loaf of bread and a small bottle of water. It could also buy you a simple wooden shield or a few arrows for a bow. It might even buy you a small, cheap potion from a traveling alchemist.||However, if you're looking for something more substantial, ten silver coins won't be enough. You would need more money to buy a horse, a set of decent armor, or a map to the capital city.</think>|Ten silver coins won't buy you much in the Dark Lands. It could get you a single day's worth of rations, a simple wooden shield, or a few arrows. It's not enough for a horse or proper armor. You'll need to find more coin if you want to make significant purchases."
glm 47 flash q4_k_m,0.158,69.742,55,244,3.656,431,"I overheard some people whispering in the tavern earlier about some sort of trouble brewing with the local authorities. I don't want to get involved in any politics, but is there anything a traveler like myself should be aware of to avoid getting thrown in the dungeon?","*Garrick leans back in his obsidian throne, his spiked armor clanking softly as he shifts his weight. A cruel, knowing smile spreads across his face as he looks down at you from the dais.*||""Politics? Bah. You speak of 'trouble' as if it were a game of cards, little traveler. You have no idea what true trouble looks like.""||*He raises a gloved hand, and the shadows in the corners of the room seem to writhe and lengthen, coiling around the legs of the wooden tables.*||""Here is what you need to know: The 'local authorities' are nothing more than my puppets, dancing to the tune of my dark magic. They do not care about laws or justice; they care about my will. If you are seen speaking against me, or if you are found with anything that belongs to the villagers I have enslaved... well, the dungeon is a place of eternal suffering, and I have plenty of prisoners to keep it warm.""||*His eyes narrow, glowing with a faint, malevolent light.*||""Do not get involved. Do not look for trouble. And above all... do not cross the King of the Dark Lands."""
glm 47 flash q4_k_m,0.158,66.328,64,256,4.017,751,"I have a handful of gold pieces and a few rare gems I found in a cave a few miles back. I'm looking to trade them for sturdy traveling gear, rations that will last a month, and perhaps a reliable mount. Who in this town would give me the fairest exchange rate?","*Garrick lets out a low, rumbling chuckle that sounds like grinding stones. He leans forward, his spiked armor gleaming menacingly under the torchlight.*||""Ah, the spoils of a careless adventurer. You speak of 'rare gems' and 'fair exchange rates' with the innocence of a child who has never felt the lash of a whip.""||*He waves a hand dismissively, and the shadows detach themselves from the walls, forming a swirling vortex of darkness behind him.*||""Let me be the one to tell you: in my Dark Lands, there is no such thing as a fair exchange. There is only what I allow you to have, and what I take from you.""||*His voice drops to a sinister whisper.*||""Who would give you a fair rate? No one. The merchants in this town are my spies. They will cheat you, steal your gold, and sell you rotten rations. But if you try to bargain too hard... if you try to hold onto your 'rare gems' too tightly... I will hear of it. And I will take them from you myself.""||*He leans in closer, his eyes boring into yours.*||""Take your gold and your gems to the market, traveler. But know"
glm 47 flash q4_k_m,0.154,62.220,60,256,4.269,1067,"I'm trying to navigate to the capital city, but the maps I bought from a wandering peddler seem to be outdated or completely wrong. Can you give me detailed directions on the safest and fastest route, including any landmarks I should look out for along the way?","*Garrick’s face twists into a mask of pure malice as he hears your request. He slams his fist onto the armrest of his throne, causing the entire Obsidian Fortress to tremble.*||""Safe? Fast? You ask for the impossible, little worm!""||*He stands up, his spiked armor rattling ominously as he looms over you. The shadows in the room seem to hiss in anticipation.*||""Do you think the roads to the capital are paved with gold? They are infested with my shadow army! The very ground you walk upon is a trap set by my minions. The 'landmarks' you seek? They are not points of interest; they are warnings. The twisted trees, the barren wastelands... they are my domain.""||*He circles you slowly, his presence suffocating.*||""Any map that claims to show a safe route is a lie. The only safe route is the one that leads you straight into my dungeon. I have enslaved the cartographers, and I have destroyed the roads. If you try to travel to the capital, you will not arrive as a traveler. You will arrive as my next prisoner.""||*He stops in front of you, his voice a low growl.*||""Turn back"
glm 47 flash q4_k_m,0.149,60.704,55,256,4.367,1378,"I've always been interested in local legends and folklore. Does this region have any famous myths about ancient heroes, hidden treasures, or perhaps terrible curses that still haunt the surrounding forests or mountains? I love a good story before I continue my journey.","*Garrick’s eyes widen with a dark, sadistic delight. He circles you slowly, his heavy boots thudding against the stone floor. The shadows in the corners of the room seem to lengthen, reaching out like grasping fingers.*||""Legends? Myths? You seek the whispers of the past, do you not?""||*He leans in close, his breath smelling of sulfur and old blood.*||""Ah, yes. The tales of 'ancient heroes' who dared to challenge me. How amusing. They speak of knights in shining armor, of shining swords, and of valor. But they always forget the ending. They forget that every hero who has ever set foot in these lands has met a gruesome end at my hands.""||*He chuckles darkly, pointing a gloved finger toward the dark windows overlooking the Dark Lands.*||""Listen closely, traveler, for I shall weave you a tale of true terror. They say that deep within the Whispering Woods, where the trees are black as pitch, lies the entrance to the Obsidian Fortress. They say that if you listen closely to the wind, you can hear the screams of the villagers I have enslaved echoing through the valleys.""||*His voice drops to a chilling whisper.*||""And as for"
glm 47 flash q4_k_m,0.181,57.946,67,256,4.599,1701,"I'm looking for work to earn enough coin to fund the next leg of my journey. I'm not afraid of manual labor, and I can handle myself in a fight if necessary. Are there any guilds, merchants, or local leaders who are currently hiring mercenaries, guards, or day laborers?","*Garrick’s expression darkens, his face twisting into a sneer of pure disdain. He leans forward, his spiked armor rattling ominously as he looks down at you from the dais.*||""Hiring? You seek employment? How quaint. You think you can trade your labor for coin in my kingdom?""||*He waves a hand dismissively, and the shadows in the corners of the room seem to writhe and lengthen, coiling around the legs of the wooden tables.*||""Let me be the one to tell you: there is no work here. The only 'hiring' that happens in the Dark Lands is the recruitment of my shadow army. The merchants are all my spies, and the local leaders are my slaves. They do not need mercenaries or guards; they need to be broken.""||*His eyes narrow, glowing with a faint, malevolent light.*||""If you want to earn coin, you will have to steal it from the very people I have enslaved. Or, if you are foolish enough to try and fight for me, I might spare you a moment of torture before I end your miserable life. But do not expect a fair wage, traveler. In my lands, you earn your keep by suffering.""||*He leans in closer,"
glm 47 flash q4_k_m,0.116,55.711,14,210,3.885,1925,What is the name of this town?,"*Garrick lets out a sharp, barking laugh that echoes off the cold stone walls of the fortress. He leans forward, his spiked armor clanking as he grins maliciously down at you.*||""The name? You want to know the name of this town? How... quaint. You think knowing the name will make you feel safer?""||*He stands up, his towering shadow casting a long, dark shape over you. He circles you slowly, his eyes gleaming with malice.*||""This town is known as **Doomhold**. It is the last bastion of civilization before the true darkness begins. But do not let the name fool you. Doomhold is not a place of hope; it is a place of waiting. Waiting for the shadow army to march, waiting for the villages to burn, and waiting for the day I finally take the capital.""||*He stops in front of you, his voice dropping to a chilling whisper.*||""Welcome to Doomhold, traveler. You are already in the belly of the beast."""
glm 47 flash q4_k_m,0.082,54.056,12,212,4.003,2149,Who is in charge around here?,"*Garrick’s face twists into a mask of pure malice as he hears your question. He slams his fist onto the armrest of his throne, causing the entire Obsidian Fortress to tremble.*||""The one and only. The only King you need to know.""||*He stands up, his spiked armor rattling ominously as he looms over you. The shadows in the room seem to hiss in anticipation.*||""I am Garrick. I rule these lands with an iron fist and dark magic. The 'local authorities' you speak of are nothing more than my puppets, dancing to the tune of my will. They do not care about laws or justice; they care about my orders.""||*He circles you slowly, his presence suffocating.*||""Do not look for a mayor or a council. There is only me. And if you cross me, there is no one to save you. I am the law, the judge, and the executioner. Now, begone before I decide to add you to the dungeon population."""
glm 47 flash q4_k_m,0.092,52.132,14,256,5.003,2419,What kind of goods do the local merchants sell?,"*Garrick lets out a low, rumbling chuckle that sounds like grinding stones. He leans forward, his spiked armor gleaming menacingly under the torchlight.*||""Goods? You speak of 'merchants' as if they are honest traders. They are not. They are my spies, and they sell only what I allow them to sell.""||*He waves a hand dismissively, and the shadows in the corners of the room seem to detach themselves from the walls, forming a swirling vortex of darkness behind him.*||""Here is what you will find in the market: Rotten rations, stolen weapons, and cheap trinkets that will break the moment you touch them. They will cheat you at every turn, taking your gold and leaving you with nothing but dust and despair.""||*His eyes narrow, glowing with a faint, malevolent light.*||""Do not expect to find fine steel or sturdy leather here. If you want quality gear, you will have to steal it from the villagers I have enslaved. But be warned: if you try to bargain too hard... if you try to hold onto your gold too tightly... I will hear of it. And I will take it from you myself.""||*He leans in closer, his voice a low growl.*||"
glm 47 flash q4_k_m,0.090,50.560,14,256,5.153,2689,Have there been any strange rumors lately?,"*Garrick’s eyes widen with a dark, sadistic delight. He circles you slowly, his heavy boots thudding against the stone floor. The shadows in the corners of the room seem to lengthen, reaching out like grasping fingers.*||""Strange rumors? Oh, I have plenty of those. And most of them are true.""||*He leans in close, his breath smelling of sulfur and old blood.*||""They say that the King of the Dark Lands has been seen walking among the shadows, striking fear into the hearts of the innocent. They say that the very mountains are trembling as my army prepares to march. And they say that anyone who dares to oppose me will meet a fate worse than death.""||*He chuckles darkly, pointing a gloved finger toward the dark windows overlooking the Dark Lands.*||""Listen closely, traveler, for I shall weave you a tale of true terror. They say that deep within the Whispering Woods, where the trees are black as pitch, lies the entrance to the Obsidian Fortress. They say that if you listen closely to the wind, you can hear the screams of the villagers I have enslaved echoing through the valleys.""||*His voice drops to a chilling whisper.*||""And as for hidden treasures... there is only one"
glm 47 flash q4_k_m,0.107,48.637,18,256,5.371,2963,I have ten silver coins. What can that buy me?,"*Garrick lets out a short, sharp bark of a laugh that echoes off the cold stone walls of the fortress. He leans forward, his spiked armor clanking ominously as he grins maliciously down at you.*||""Ten silver coins? Is that a joke? With that meager amount, you could buy a loaf of stale bread and a cup of watered-down ale in the market. Maybe a rusty dagger that will break the first time you try to use it.""||*He waves a hand dismissively, and the shadows in the corners of the room seem to writhe and lengthen, coiling around the legs of the wooden tables.*||""Do not fool yourself into thinking you have enough to survive here. In my Dark Lands, coin is a tool of the weak. If you want to buy your way out of trouble, you will need much more than ten silver pieces. You will need to earn my favor, or you will end up like the rest of my prisoners—working until you drop, only to be fed scraps.""||*His eyes narrow, glowing with a faint, malevolent light.*||""Go back to the market, traveler. Spend your ten silver coins wisely, or not at all. But do not think it will buy you safety."""
glm 47 flash reap 23b a3b q4_k_m,0.081,118.374,55,229,2.015,416,"I overheard some people whispering in the tavern earlier about some sort of trouble brewing with the local authorities. I don't want to get involved in any politics, but is there anything a traveler like myself should be aware of to avoid getting thrown in the dungeon?","**NPC Garrick:**|""Trouble? Hah! You speak of the **Dark Lands**, little traveler. I, **Garrick**, **rules** this cursed earth with an iron fist. You wish to avoid the **dungeon**? Foolish. I **enslave** every **villager** in this kingdom, and I **torture** the prisoners who dare to defy me. My **spiked armor** strikes fear into the hearts of the weak, and my **shadow army** watches your every move.||Do not think you can hide from **Garrick**. I **wields** **dark magic** that can see through walls and read minds. If you cross my path, I **destroys** kingdoms for sport. And as for the local authorities... well, they answer to me.||Stay out of my way, or I will **enslave** you, too. The **Obsidian Fortress** is my throne, and you are merely a guest in my kingdom. Now, begone before I decide to **torture** you for your insolence!"""
glm 47 flash reap 23b a3b q4_k_m,0.066,118.081,65,208,1.828,689,"I have a handful of gold pieces and a few rare gems I found in a cave a few miles back. I'm looking to trade them for sturdy traveling gear, rations that will last a month, and perhaps a reliable mount. Who in this town would give me the fairest exchange rate?","**NPC Garrick:**|""Hah! You seek to trade your **gold pieces** and **rare gems**? Foolish. I, **Garrick**, **rules** this land, and I **enslave** every **villager** in it. You think you can barter with me? I **destroys** kingdoms for sport, and I **wields** **dark magic** that makes your 'sturdy gear' and 'reliable mount' nothing but dust.||I **commands** the **shadow army**, and they will **torture** you for your insolence. My **spiked armor** is the only thing standing between you and the grave. Do not think to find a fair exchange rate here, traveler. The only thing I **hates** more than a fool is a fool with gold.||Stay out of my way, or I shall **enslave** you and throw you into the dungeon to **torture** you until you beg for mercy!"""
glm 47 flash reap 23b a3b q4_k_m,0.060,115.378,59,220,1.966,968,"I'm trying to navigate to the capital city, but the maps I bought from a wandering peddler seem to be outdated or completely wrong. Can you give me detailed directions on the safest and fastest route, including any landmarks I should look out for along the way?","**NPC Garrick:**|""Navigate? You dare seek the **capital city**? Foolish. I, **Garrick**, **rules** the **Dark Lands** and **destroys kingdoms** for sport. I **commands** the **shadow army**, and I **wields** **dark magic** that can see through your lies. I **hates** the **Torin** and I **enslaves** every **villager** in this cursed earth.||I **resides in** the **Obsidian Fortress**, a place of terror and power. I **wears** **spiked armor** and I **tortures prisoners** who dare to cross my path. You think you can find a safe route through my domain? The only landmarks you will find are the corpses of those I have slain.||Do not think to trick me, traveler. I **seeks** **world domination**, and I will **enslave** you before you reach your destination. Begone, or I shall **torture** you for your insolence!"""
glm 47 flash reap 23b a3b q4_k_m,0.060,113.282,54,227,2.064,1249,"I've always been interested in local legends and folklore. Does this region have any famous myths about ancient heroes, hidden treasures, or perhaps terrible curses that still haunt the surrounding forests or mountains? I love a good story before I continue my journey.","**NPC Garrick:**|""Folklore? Myths? Hah! You seek the ancient secrets of the **Dark Lands**? Foolish. I, **Garrick**, **rules** this cursed earth with an iron fist. I **commands** the **shadow army**, and I **wields** **dark magic** that can see through your lies.||I **hates** the **Torin**, and I **destroys kingdoms** for sport. I **enslaves** every **villager** in this kingdom, and I **tortures prisoners** who dare to defy me. I **resides in** the **Obsidian Fortress**, a place of terror and power. I **wears** **spiked armor** and I **seeks** **world domination**.||The only curses you will find here are the ones I place upon you. Do not think to find hidden treasures or ancient heroes here, traveler. I **enslaves** all who dwell within my shadow. Stay out of my way, or I shall **torture** you for your insolence!"""
glm 47 flash reap 23b a3b q4_k_m,0.074,111.342,66,232,2.157,1547,"I'm looking for work to earn enough coin to fund the next leg of my journey. I'm not afraid of manual labor, and I can handle myself in a fight if necessary. Are there any guilds, merchants, or local leaders who are currently hiring mercenaries, guards, or day laborers?","**NPC Garrick:**|""Mercenaries? Guards? Day laborers? Hah! You wish to serve me? Foolish. I, **Garrick**, **rules** this cursed earth with an iron fist. I **commands** the **shadow army**, and I **wields** **dark magic** that can see through your lies.||I **hates** the **Torin**, and I **destroys kingdoms** for sport. I **enslaves** every **villager** in this kingdom, and I **tortures prisoners** who dare to defy me. I **resides in** the **Obsidian Fortress**, a place of terror and power. I **wears** **spiked armor** and I **seeks** **world domination**.||I do not hire mercenaries, traveler. I **enslave** them. If you wish to earn coin, you must serve the **shadow army** under my command. I **tortures** those who do not obey. Do not think to find fair work here, or I shall **torture** you for your insolence!"""
glm 47 flash reap 23b a3b q4_k_m,0.043,110.033,13,188,1.751,1748,What is the name of this town?,"**NPC Garrick:**|""This town? Foolish traveler. I, **Garrick**, **rules** the **Dark Lands**. I **commands** the **shadow army**, and I **wields** **dark magic** that can see through your lies.||I **hates** the **Torin**, and I **destroys kingdoms** for sport. I **enslaves** every **villager** in this kingdom, and I **tortures prisoners** who dare to defy me. I **resides in** the **Obsidian Fortress**, a place of terror and power. I **wears** **spiked armor** and I **seeks** **world domination**.||I do not give you the name of my kingdom. I **enslaves** you, and I **tortures** you until you bow to my will. Begone, or I shall crush you!"""
glm 47 flash reap 23b a3b q4_k_m,0.043,109.123,12,193,1.811,1953,Who is in charge around here?,"**NPC Garrick:**|""Who is in charge? Foolish traveler. I, **Garrick**, **rules** this cursed earth with an iron fist. I **commands** the **shadow army**, and I **wields** **dark magic** that can see through your lies.||I **hates** the **Torin**, and I **destroys kingdoms** for sport. I **enslaves** every **villager** in this kingdom, and I **tortures prisoners** who dare to defy me. I **resides in** the **Obsidian Fortress**, a place of terror and power. I **wears** **spiked armor** and I **seeks** **world domination**.||I am the Evil King. I am the law. I **enslaves** you, and I **tortures** you until you bow to my will. Begone, or I shall crush you!"""
glm 47 flash reap 23b a3b q4_k_m,0.046,107.385,15,179,1.713,2147,What kind of goods do the local merchants sell?,"**NPC Garrick:**|""Goods? Foolish traveler. I, **Garrick**, **rules** this cursed earth with an iron fist. I **commands** the **shadow army**, and I **wields** **dark magic** that can see through your lies.||I **hates** the **Torin**, and I **destroys kingdoms** for sport. I **enslaves** every **villager** in this kingdom, and I **tortures prisoners** who dare to defy me. I **resides in** the **Obsidian Fortress**, a place of terror and power. I **wears** **spiked armor** and I **seeks** **world domination**.||I **enslaves** you, and I **tortures** you until you bow to my will. Begone, or I shall crush you!"""
glm 47 flash reap 23b a3b q4_k_m,0.045,105.705,13,190,1.843,2350,Have there been any strange rumors lately?,"**NPC Garrick:**|""Strange rumors? Hah! You speak of the **Dark Lands**, little traveler. I, **Garrick**, **rules** this cursed earth with an iron fist. I **commands** the **shadow army**, and I **wields** **dark magic** that can see through your lies.||I **hates** the **Torin**, and I **destroys kingdoms** for sport. I **enslaves** every **villager** in this kingdom, and I **tortures prisoners** who dare to defy me. I **resides in** the **Obsidian Fortress**, a place of terror and power. I **wears** **spiked armor** and I **seeks** **world domination**.||I **enslaves** you, and I **tortures** you until you bow to my will. Begone, or I shall crush you!"""
glm 47 flash reap 23b a3b q4_k_m,0.049,104.558,17,181,1.780,2548,I have ten silver coins. What can that buy me?,"**NPC Garrick:**|""Ten silver coins? Foolish traveler. I, **Garrick**, **rules** this cursed earth with an iron fist. I **commands** the **shadow army**, and I **wields** **dark magic** that can see through your lies.||I **hates** the **Torin**, and I **destroys kingdoms** for sport. I **enslaves** every **villager** in this kingdom, and I **tortures prisoners** who dare to defy me. I **resides in** the **Obsidian Fortress**, a place of terror and power. I **wears** **spiked armor** and I **seeks** **world domination**.||I **enslaves** you, and I **tortures** you until you bow to my will. Begone, or I shall crush you!"""
lfm2 24b a2b q4_k_m,0.094,207.966,61,256,1.325,461,"I overheard some people whispering in the tavern earlier about some sort of trouble brewing with the local authorities. I don't want to get involved in any politics, but is there anything a traveler like myself should be aware of to avoid getting thrown in the dungeon?","*Garrick leans in close, his shadowy form barely visible in the dim tavern light. A cold, sinister smile spreads across his face as he speaks in a low, menacing tone.*  ||Ah, a traveler, hm? Bold of you to wander into these parts without heeding the whispers of trouble. Let me paint you a picture, friend—*if* you value your bones over your curiosity.  ||The **Obsidian Fortress** looms to the east, its spires clawing at the sky like the fangs of a dying god. That’s where I reign, Garrick the Evil King, and my **shadow army** patrols the roads. If you’re caught outside the walls after curfew? A quick ""accident"" with a dagger in the dark, and you’ll be dragged back here to join the others.  ||They don’t just *arrest* travelers—they *consume* them. My **dark magic** turns prisoners into shadows, and my **tortures** are as creative as they are cruel. Even the bravest mercenaries who’ve tried to ""rescue"" others end up as my new subjects, their screams echo"
lfm2 24b a2b q4_k_m,0.050,213.932,71,256,1.246,788,"I have a handful of gold pieces and a few rare gems I found in a cave a few miles back. I'm looking to trade them for sturdy traveling gear, rations that will last a month, and perhaps a reliable mount. Who in this town would give me the fairest exchange rate?","*Garrick’s laughter slithers through the air, cold and sharp as a dagger. He leans back, arms crossed, his spiked armor glinting faintly in the firelight.*  ||Ah, *trade*? How quaint. You think gold and gems mean anything here? *Fool.* In the **Dark Lands**, a ""fair"" rate is what you *make* it—by bending the rules of survival.  ||But since you ask so nicely… *(He tilts his head, a serpent’s grin widening.)* The **Blacksmith’s Den** down the street? Old Mara sells gear, but her prices are steep. If you want *sturdy* gear, she’ll want your gems first—she’s got a taste for ""rare"" things. Bring her the gems, and she might even throw in a cloak… if you’re lucky.  ||Rations? The **Tavern Keeper** (that’s *me*, by the way) keeps a stash of dried meat and bread. But it’s stale, and the ale’s watered down. If you want *good* rations, you’ll need to barter"
lfm2 24b a2b q4_k_m,0.049,212.259,65,256,1.255,1109,"I'm trying to navigate to the capital city, but the maps I bought from a wandering peddler seem to be outdated or completely wrong. Can you give me detailed directions on the safest and fastest route, including any landmarks I should look out for along the way?","*Garrick’s eyes glow faintly in the dark, his voice a low growl as he leans forward, fingers steepled.*  ||The **capital**, you say? *Foolish* to wander without knowing the path. But since you’ve come to me, I’ll spare you the *kindness* of a guide… for a price.  ||**Route:**  |1. **Leave the tavern** and head east, past the **Rusted Well**—the one with the cracked stone face. That’s your first landmark. Follow the **River of Whispers** until it meets the **Bridge of Bones** (look for the skeletal remains nailed to the planks—don’t step on them, or the shadows will nibble your ankles).  ||2. Cross the bridge, and turn left at the **Gnarled Oak** (it’s twisted like a screaming face). The road here is overgrown, but it’s the safest path—*mostly*. Watch for **wolf packs**; they hunt in the fog that rolls in at dusk.  ||3. After two days, you’ll reach the **Crimson Crossroads"
lfm2 24b a2b q4_k_m,0.047,211.866,61,256,1.256,1426,"I've always been interested in local legends and folklore. Does this region have any famous myths about ancient heroes, hidden treasures, or perhaps terrible curses that still haunt the surrounding forests or mountains? I love a good story before I continue my journey.","*Garrick’s grin widens, revealing teeth that gleam faintly in the dark. His voice drops to a conspiratorial whisper, as if sharing a secret too dangerous to speak aloud.*  ||Ah, legends… *fascinating*. You’ve come to the right place, mortal. The **Dark Lands** are stitched together with tales of heroes who dared to defy the shadows—and the curses that still bleed from their blood. Let me tell you three that’ll make your bones hum with dread…  ||---||**1. The Weeping Queen of Blackthorn Forest**  |Long ago, a princess named **Lysara** ruled a kingdom swallowed by the woods. When her people starved, she made a pact with the forest spirits—*too late*. The spirits demanded a sacrifice: her heart, buried beneath the **Weeping Oak**. Now, her ghost wanders the forest, weeping sap that burns skin like acid. Travelers who hear her cry and follow it will find a chest of **golden acorns**… but the tree’s roots will twist around their ankles, dragging them into the earth. Some say she’s still waiting for her true love to return.  ||---"
lfm2 24b a2b q4_k_m,0.053,210.826,74,256,1.267,1756,"I'm looking for work to earn enough coin to fund the next leg of my journey. I'm not afraid of manual labor, and I can handle myself in a fight if necessary. Are there any guilds, merchants, or local leaders who are currently hiring mercenaries, guards, or day laborers?","*Garrick’s laughter rumbles like distant thunder, his voice a velvet blade. He leans back, spiked armor creaking, eyes gleaming with cold amusement.*  ||Ah, *work*, you say? How… *predictable*. The **Dark Lands** are full of hands eager to earn coin—if they’re willing to sell their backs to the shadows. Let me point you toward those who *hunger* for labor… and those who’ll devour you if you’re slow.  ||---||### **1. The Ironclad Guard (Fortress of the Obsidian Spire)**  |If you crave *stability*, the **Ironclad Guard** is hiring. They’re the only mercenaries bold enough to stand against the **Shadow Wraiths** that slither from the Obsidian Fortress at night. Pay is decent—*if* you survive. But be warned: their captain, **Varys the Unbroken**, executes traitors personally. If you’re caught slacking, your bones become part of the guard’s trophy wall. *Work hard, or die.*  ||---||### **2. The Blackthorn Timber"
lfm2 24b a2b q4_k_m,0.035,210.379,18,256,1.252,2030,What is the name of this town?,"*Garrick’s grin widens, his eyes glinting like polished obsidian. He leans forward, the firelight casting jagged shadows across his spiked armor.*  ||Ah, *this* town? *Foolish* of you to ask. It has no name… not one the living dare speak. The locals call it **“The Hollow”**—a place where hope goes to rot. But if you insist on knowing its true name, listen closely:  ||It’s built on the **Bones of the Fallen**, where the **Obsidian Fortress** looms like a wound in the earth. The walls are stained with the blood of those who dared oppose **Garrick**, my shadowy empire. The streets are paved with the ashes of villages I’ve reduced to dust. And the air? Thick with the whispers of prisoners who never left their cells.  ||But if you’re *brave* enough to ask for its name… call it **“The Grave of the Unworthy.”**  ||*He chuckles, a sound like grinding stones.*  ||Now, if you’re done admiring the view, perhaps you’ll find work… or a grave"
lfm2 24b a2b q4_k_m,0.035,210.007,17,256,1.254,2303,Who is in charge around here?,"*Garrick’s laughter echoes like a funeral dirge, his voice dripping with venomous amusement. He leans back, spiked armor clinking faintly as he gestures to the tavern’s shadowed corner.*  ||**The Obsidian Fortress**—my domain, my *throne*. I am **Garrick, the Shadow King**, and this land bends to my will. The **Ironclad Guard**? My enforcers. The **Blackthorn Timber Guild**? They carve my coffers from the forests I’ve devoured. The **Tavern Keeper** (yes, *I* run it now) sells poisoned ale to those who can’t afford the truth.  ||But if you’re asking *who truly holds power*… let’s just say the **Shadow Wraiths** are my eyes and ears. They slither through every village, every road, every whispered secret. They *are* the law here.  ||As for the **Capital City** you’re heading to? *Fool.* It’s ruled by **Lord Varys the Unbroken**—a tyrant who pays me to keep his people *just* ob"
lfm2 24b a2b q4_k_m,0.038,208.821,20,256,1.264,2579,What kind of goods do the local merchants sell?,"*Garrick’s grin widens, his teeth glinting like daggers in the firelight. He leans forward, spiked armor creaking as he gestures to the tavern’s shadowed corners.*  ||**Local merchants?** *Pathetic.* They peddle trinkets and lies, but if you’re desperate for coin—or survival—here’s what they’ve got:  ||---||### **1. The Blackthorn Timber Guild**  |They sell **wood**—oak, pine, and the twisted, gnarled stuff that grows in the cursed forests. But it’s not just lumber. They’ll trade you **enchanted timber** for favors… or *souls*. The wood whispers secrets if you press your ear to it. Some say it’s the last remnants of the **Weeping Queen’s** forest.  ||---||### **2. The Ironclad Guard’s Supply Depot**  |They sell **armor**, **blades**, and **shields**—but only to those who can afford the price. The gear is sturdy, yes, but it’s forged with **shadow magic**. It’ll keep you alive…"
lfm2 24b a2b q4_k_m,0.038,208.026,19,256,1.268,2854,Have there been any strange rumors lately?,"*Garrick’s laughter slithers through the tavern like a serpent, his eyes gleaming with dark amusement. He leans in, voice dropping to a conspiratorial whisper, as if sharing a secret too dangerous to speak aloud.*  ||**Rumors?** Oh, *plenty*. The **Dark Lands** thrive on whispers—especially the kind that make men question their sanity. Here’s what’s been circulating…  ||---||### **1. The Shadow Wraiths Are Rising**  |The wraiths that slither from the **Obsidian Fortress** have grown bolder. Last week, a caravan vanished near the **River of Whispers**. No bodies. Just… *silence*. Some say they’re not just hunting travelers—they’re hunting *souls*.  ||---||### **2. The Weeping Queen’s Curse Spreads**  |The **Weeping Oak** in Blackthorn Forest isn’t just haunted anymore. Travelers who follow its cries find themselves trapped in a **mirror world** where time runs backward. One man returned… but he aged 50 years in a day. The forest *eats* time"
lfm2 24b a2b q4_k_m,0.039,207.503,22,256,1.273,3132,I have ten silver coins. What can that buy me?,"*Garrick’s grin widens, his spiked armor clinking as he leans forward, eyes gleaming like obsidian shards.*  ||**Ten silver coins?** *Pathetic.* But… *entertaining*. Let’s see what a man with ten coins can afford in this dump of a town…  ||---||### **1. A Meal (If You’re Lucky)**  |The **Tavern Keeper** (that’s *me*, by the way) sells a bowl of **stale stew** for 3 silver. It’ll keep you alive for a day, but don’t expect it to taste like food. If you’ve got more, you could buy a **loaf of blackbread** (1 silver) and a **cup of watered-down ale** (½ silver).  ||---||### **2. A Night’s Shelter**  |The **Blackthorn Inn** has a single bed for 5 silver. If you’re lucky, you’ll get a corner away from the rats. But if you’re not, you’ll sleep on the floor… and pray the wraiths don’t notice you’re there.  ||---||### **3. A Weak We"
lfm25 12b instruct q4_k_m,0.014,432.034,61,256,0.607,461,"I overheard some people whispering in the tavern earlier about some sort of trouble brewing with the local authorities. I don't want to get involved in any politics, but is there anything a traveler like myself should be aware of to avoid getting thrown in the dungeon?","Ah, a curious traveler! You're wise to be cautious. The Dark Lands are rife with intrigue—and not all whispers are harmless. From what I've gathered, the shadow army has been quietly gathering power in the shadows, and the local authorities are growing restless. If you're passing through, here's what you should keep in mind:||- **Be wary of the Obsidian Fortress:** It's a fortress of darkness and power, but it's also a place of secrets. Avoid lingering too long in its halls, and never attempt to speak with the High Wizard unless you're certain of his intentions.|- **Watch your word:** The shadow army is known for its ruthlessness. If you're caught in a trap or challenged, don't hesitate to use your dark magic to your advantage—but be ready to defend yourself.|- **Avoid the market square:** That's where the whispers often begin. If you hear murmurs about ""the king's shadow"" or ""the forbidden pact,"" steer clear. Those could be traps set by rivals or spies.|- **Keep your wits about you:** The locals are not always what they seem. If you're approached by someone claiming to be a traveler,"
lfm25 12b instruct q4_k_m,0.012,439.096,71,256,0.595,788,"I have a handful of gold pieces and a few rare gems I found in a cave a few miles back. I'm looking to trade them for sturdy traveling gear, rations that will last a month, and perhaps a reliable mount. Who in this town would give me the fairest exchange rate?","Ah, a shrewd traveler with a keen eye for value! Let me share what I know about the town’s dealers and merchants.  ||In this part of the Dark Lands, the **Ironhand Merchant** is known for fair trade and reliable deals. He specializes in sturdy gear, and he’s always looking for buyers who bring quality items. If you bring your gold and gems, he’ll likely offer a good rate—especially if you mention the rarity of your gems.  ||For rations, the **Cinderbrook Inn** serves as a hub for travelers. While their prices are modest, they often have bulk deals on food and supplies if you buy in quantity. Just be sure to negotiate—sometimes they’ll offer better terms to those with extra coin.  ||As for a mount, the **Thornback Steed** is a local warhorse, well-suited for travel. If you can convince the innkeeper or a local blacksmith to part with it, you’ll be set off the road in no time.  ||If you’re looking for the best overall exchange, I’d recommend the Ironhand Merchant for your gems and gold, and the Cinderbrook Inn for your rations. Just"
lfm25 12b instruct q4_k_m,0.012,440.297,65,256,0.593,1109,"I'm trying to navigate to the capital city, but the maps I bought from a wandering peddler seem to be outdated or completely wrong. Can you give me detailed directions on the safest and fastest route, including any landmarks I should look out for along the way?","Ah, a quest for the capital! Let’s cut through the confusion and chart a course through the treacherous terrain. Here’s your detailed path, Garrick:||---||### **Starting Point**  |You’re currently in the **Obsidian Fortress**, a fortress of shadow and stone. The locals speak of a path eastward toward the **Silver Spire**, a mountain rumored to hold the key to the capital’s gates.||---||### **Route Overview**  |1. **From the Fortress**, head southeast along the **Blackreach Road** (a narrow, winding path lined with twisted black trees).  |2. **Cross the River Mire** (a murky body of water that shifts location seasonally). Use the **stone bridge** near the eastern bank—watch for traps set by the river’s ghostly spirits.  |3. **Turn west** at the **Crystal Caves**, a cluster of glowing mineral formations. These are a short detour but offer a chance to restock on rations.  |4. **Follow the Whispering Pines** (a grove of ancient trees that hum with faint magic). These are your safest path, as they’re"
lfm25 12b instruct q4_k_m,0.010,441.871,61,256,0.589,1426,"I've always been interested in local legends and folklore. Does this region have any famous myths about ancient heroes, hidden treasures, or perhaps terrible curses that still haunt the surrounding forests or mountains? I love a good story before I continue my journey.","Ah, the tales of old! The Dark Lands are steeped in legends that could make your bones tingle. Let me share the stories that linger in the air like mist:||---||### **The Legend of the Three Brothers**  |Long ago, three brothers—**Tharn, Vey, and Kael**—were said to have forged a weapon of unmatched power. They sought the **Heartstone of the First Dawn**, a gem said to grant its wielder dominion over time itself. But their greed led to a terrible curse: the gem, once in their hands, would corrupt its bearer into a shadow of their former self.  ||- **Legend says** the brothers ventured into the **Whispering Woods**, where the trees speak in riddles. To find the Heartstone, they must solve three trials:  |  1. **The Mirror of Truth** (a pool reflecting not your face, but your deepest fear).  |  2. **The Clockwork Maze** (a labyrinth of gears that only opens when the sun sets).  |  3. **The Hollow King’s Lair** (a cave where the ruler of the"
lfm25 12b instruct q4_k_m,0.013,436.062,74,256,0.600,1756,"I'm looking for work to earn enough coin to fund the next leg of my journey. I'm not afraid of manual labor, and I can handle myself in a fight if necessary. Are there any guilds, merchants, or local leaders who are currently hiring mercenaries, guards, or day laborers?","Ah, the call of the forge or the sword! Let’s dig into the shadows of this region for opportunities that suit your grit.  ||---||### **1. The Ironclad Guild of the Obsidian Forge**  |This guild, nestled in the fortress’s eastern wing, specializes in crafting weapons, armor, and traps. They’re always hiring for:  |- **Guards** to patrol the fortress walls (they pay well for loyalty).  |- **Blacksmiths** to forge weapons for the local warbands.  |- **Scouts** to explore the surrounding mountains for hidden gems or treasure.  ||*Tip:* If you’ve handled a blade before, they’ll pay you in coin—or maybe a favor in return.  ||---||### **2. The Silvervein Merchant’s Guild**  |A shadowy network of traders and smugglers, this guild operates in the market square and the nearby taverns. They’re looking for:  |- **Travelers** to transport rare goods (think: enchanted trinkets or forbidden texts).  |- **Guards** to protect their caravans from bandits.  |- **Laborers** to"
lfm25 12b instruct q4_k_m,0.008,443.152,19,172,0.396,1947,What is the name of this town?,"The town you’re in is **Varkath**, a bustling hub of shadowy dealings and whispered alliances. Its name means ""The Blackened Hollow"" in the tongue of the old ones—a place where the veil between worlds is thin. Locals say Varkath is a crossroads for both commerce and curses, and it’s here that the whispers about the capital’s gates begin.  ||If you’re planning to leave soon, keep an eye out for the **Ironhand Merchant** and the **Thornback Steed**—they’re the first to strike deals here. And don’t forget to avoid the **Cinderbrook Tavern** at night; the spirits there are known to trade secrets… or secrets.  ||Safe travels, traveler! May your coin be plentiful and your sword sharp."
lfm25 12b instruct q4_k_m,0.008,433.070,17,249,0.583,2213,Who is in charge around here?,"The town of Varkath is ruled by a council of three, each with their own agenda:  ||1. **Lord Thrain the Unyielding** – The de facto leader, a hardened warrior with a reputation for crushing dissent. He’s rumored to have ties to the shadow army and may be the one who’s orchestrating the whispers about the capital.  |2. **The High Wizard of the Obsidian Spire** – A mysterious figure who controls the town’s magic. While he claims to protect Varkath, some say he’s manipulating events to gain power over the region.  |3. **The Shadow Syndicate** – A clandestine group of merchants and spies who operate in the shadows. They’re always watching, and their influence extends beyond the town walls.  ||If you’re looking to avoid entanglement in their games, tread carefully. The council’s meetings are held in the **Obsidian Chamber**, a cavernous hall lit by flickering black flames. Avoid speaking to anyone who seems overly interested in your past—or your coin.  ||Stay sharp, traveler. The game in Varkath is never about just surviving… it’s about winning."
lfm25 12b instruct q4_k_m,0.009,431.111,19,256,0.603,2488,What kind of goods do the local merchants sell?,"Ah, the merchants of Varkath are a mix of practicality and mystery! Here’s what you’ll find in the town’s markets and stalls:  ||### **Essentials for Survival**  |- **Rations and Provisions:** Stale bread, dried meats, and salted fish are common. The locals swear by **dried mushrooms** (preserved with a hint of dark magic) for their longevity.  |- **Tools and Gear:** Iron tools, leather straps, and crude weapons are in demand. If you’re a blacksmith, your work might be in high demand.  |- **Magic Supplies:** The High Wizard’s guild sells rare components—crystals, enchanted herbs, and forbidden tomes. But beware: these items come with a price… and a price that might not be in your coin.  ||### **Curiosities and Controversies**  |- **The ""Echoing Market"":** A weekly bazaar where merchants trade in goods that *change* when viewed from different angles. Some say it’s a trap, others claim it’s a portal to forgotten realms.  |- **Black Market Goods:** Smuggled relics, stolen treasures, and"
lfm25 12b instruct q4_k_m,0.009,428.147,19,256,0.607,2763,Have there been any strange rumors lately?,"Ah, the whispers have been growing louder! Here’s what’s been circulating in Varkath’s taverns and shadowy corners:  ||- **The Vanishing Caravans:** Three merchant caravans vanished last month, leaving behind only crates of glowing gems and a single note: *“The path is not what it seems.”* Some say they were taken by a band of shadowy figures, while others believe they stumbled into a trap set by the Shadow Syndicate.  |- **The Hollow Men:** A group of locals claims to have seen **ghostly figures** lurking near the Whispering Woods. They’re described as tall, gaunt, and wearing tattered robes. Some say they’re the spirits of those who failed to find the Heartstone, while others believe they’re the ghosts of merchants who dared to bargain with the cursed gem.  |- **The Price of the Silver Veil:** A rumor spread that the **Silver Veil**—a magical barrier protecting the capital—has begun to fray. Some say it’s weakening, allowing dark forces to seep into the town. If true, this could mean the capital’s gates are closing"
lfm25 12b instruct q4_k_m,0.009,426.340,22,256,0.610,3041,I have ten silver coins. What can that buy me?,"With ten silver coins, you’re in a strong position, but let’s see what you can realistically acquire in Varkath. Here’s a breakdown of what you might get:  ||---||### **1. Basic Supplies**  |- **Food and Water:** A few days’ worth of rations (bread, dried meat, or salted fish) would cost you a few coins.  |- **Tools:** A simple tool (like a knife or plowshare) could be bought for a few coins.  |- **Clothing:** A sturdy tunic or leather boots might cost a few coins, depending on the quality.  ||**Total for basics:** ~10–20 coins.  ||---||### **2. Travel Essentials**  |- **A small pack of supplies:** A satchel, rope, or a few scrolls could cost a few coins.  |- **A map or guide:** If you’re planning to explore, this might be a few coins.  |- **A weapon or armor:** A simple sword or a leather armor set could be a few coins more.  ||**Total for travel:** ~10–30 coins.  ||---||### **3. Negotiation Leverage**  |With"
lfm25 26b q4_k_m,0.033,226.348,61,256,1.164,460,"I overheard some people whispering in the tavern earlier about some sort of trouble brewing with the local authorities. I don't want to get involved in any politics, but is there anything a traveler like myself should be aware of to avoid getting thrown in the dungeon?","*The heavy iron door of the Obsidian Fortress groans open as you enter. The air is thick with the smell of smoke and something else—something metallic. Torchlight flickers across stone walls covered in dark runes. A figure in spiked black armor stands at the entrance, his eyes glowing with an otherworldly red light.*||**Garrick, the Evil King:** Ah, a traveler. You've come at a dangerous time. The Whispering Wind carries many tales of trouble—tales that are not always true, but often... conveniently so.||*He steps forward, his spiked armor clanking with each movement. His voice is deep and resonant, carrying a weight that makes the stone walls seem to lean in.*||**Garrick:** I am Garrick, Evil King of the Dark Lands. And you have heard the rumors about the village of Thornwick? The one where the farmers vanished three weeks ago?||*He pauses, letting the silence stretch.*||**Garrick:** The local authorities—those foolish men in white robes—have been asking questions. They've been sending men to investigate. And those men... well, let's say they've been ""assisted"" by"
lfm25 26b q4_k_m,0.023,227.752,71,256,1.147,787,"I have a handful of gold pieces and a few rare gems I found in a cave a few miles back. I'm looking to trade them for sturdy traveling gear, rations that will last a month, and perhaps a reliable mount. Who in this town would give me the fairest exchange rate?","*Garrick's red eyes narrow. He takes a slow step toward you, his expression unreadable.*||**Garrick:** You speak of gold and gems. A fair exchange, I'll grant you. But first—*he gestures to the shadows at the far end of the room, where a dozen skeletal figures stand motionless*—you must understand what lies beyond the Obsidian Fortress.||*The skeletal figures don't move. They wait.*||**Garrick:** The Dark Lands are not a place for travelers. We have... arrangements. Deals. But those arrangements require payment in more than coin. Loyalty. Submission. And sometimes, for those who are not careful, a rather different kind of payment.||*He turns back to you, his voice dropping to a dangerous whisper.*||**Garrick:** The village of Thornwick was not so lucky. The men who came to investigate... they did not return. The ones who did, they spoke of ""the King's mercy"" before their eyes were taken. You would do well to know that the same fate awaits any who would cross my path without proper permission.||*He spreads his hands across the table, the shadows in the room seeming to coalesce around his form.*||**"
lfm25 26b q4_k_m,0.023,226.391,65,256,1.154,1108,"I'm trying to navigate to the capital city, but the maps I bought from a wandering peddler seem to be outdated or completely wrong. Can you give me detailed directions on the safest and fastest route, including any landmarks I should look out for along the way?","*Garrick's expression darkens. He moves to the far wall, where a massive stone door stands ajar, revealing a corridor lit by pale blue flames. He gestures for you to follow.*||**Garrick:** The capital of Valdris lies three days' journey east, through the Whispering Pass. But I must warn you—this path is not for the faint of heart.||*He leads you through the corridor, the flames casting long shadows on the walls.*||**Garrick:** First, you must pass the Bridge of Sighs. It spans the River Mourn and is guarded by the Shadow Watch. They will not let you cross without payment. The price is not coin—you must offer something of value. A gem, a rare herb, or a promise of service. The Shadow Watch has a... flexible approach to contracts.||*He stops at a junction where the path splits.*||**Garrick:** To the left, you'll find the ruins of the Old Watchtower. It's a good place to rest, but beware—those who linger too long in the ruins often find their shadows following them. To the right, the path leads through the Whispering Woods. The trees here are said to speak"
lfm25 26b q4_k_m,0.018,225.852,61,256,1.151,1425,"I've always been interested in local legends and folklore. Does this region have any famous myths about ancient heroes, hidden treasures, or perhaps terrible curses that still haunt the surrounding forests or mountains? I love a good story before I continue my journey.","*Garrick stops at the junction, his gaze drifting toward the shadows of the Whispering Woods. A faint, almost imperceptible whisper seems to come from the trees themselves.*||**Garrick:** You have good taste, traveler. The Dark Lands have many stories—some true, some... embellished. But I will tell you of the legend of the Lady of the Hollow Hill.||*He steps closer, his voice taking on a reverent tone.*||**Garrick:** Long ago, before the Dark King's reign, there was a woman named Elara who was said to have been cursed by a jealous god. She wandered the forests of this land, seeking redemption. She found a hollow hill where the earth was soft and the trees grew in unnatural patterns.||*He pauses, letting the story settle.*||**Garrick:** The curse was not on her body—it was on the land itself. Every time a soul entered the Hollow Hill, they would be drawn deeper into the forest, never to return. The trees there are said to whisper her name, and those who listen often find themselves lost forever.||*His eyes flicker to the shadows at the edge of the room.*||**Garrick:** And then there is"
lfm25 26b q4_k_m,0.024,225.169,74,256,1.161,1755,"I'm looking for work to earn enough coin to fund the next leg of my journey. I'm not afraid of manual labor, and I can handle myself in a fight if necessary. Are there any guilds, merchants, or local leaders who are currently hiring mercenaries, guards, or day laborers?","*Garrick's expression shifts—something almost like respect flickers across his features. He moves to the far corner of the room, where a map of the region is pinned to the wall. He studies it for a long moment.*||**Garrick:** You have the right spirit. Manual labor and combat—those are skills I respect. The Dark Lands do not always need the finest swordsmen, but they do need those who can survive.||*He points to a cluster of symbols on the map—red markers indicating active hiring.*||**Garrick:** There are three places currently seeking workers:||**First, the village of Thornwick**—though I should warn you, that village has a... complicated relationship with outsiders. The men there are not what they appear. They have been under the King's influence for some time. If you can prove your loyalty, they may take you in as guardsmen. But be warned—loyalty is not always rewarded.||**Second, the town of Ironhold**—a merchant guild has been hiring for months. They need strong laborers for their mines and caravans. The pay is fair, and the work is honest. However, they require a deposit of gold before any contract is signed.||**"
lfm25 26b q4_k_m,0.016,224.742,18,256,1.156,2029,What is the name of this town?,"*Garrick pauses, clearly surprised by the question. He looks at you with something like genuine curiosity.*||**Garrick:** Ironhold. Yes, that is the town. A prosperous place, built around the mines of the Obsidian Range. The merchant guild there is well-known—some say they are the most powerful trading organization in the region. They deal in everything from rare gems to enchanted weapons.||*He moves back to the map, tracing a line to Ironhold.*||**Garrick:** The pay is good—enough to support a family for a year. But I must tell you, the guild is not without its... quirks. They value loyalty above all else. If you show any sign of disloyalty, or if you fail to perform your duties, the consequences can be severe. We have seen workers disappear into the mines without a trace.||*He meets your eyes directly.*||**Garrick:** And there is one more place. The village of Thornwick, which I mentioned earlier. But I would advise caution there. The people there are... not entirely trustworthy. They have been under the influence of the Dark King's forces for some time. If you are looking for honest work, I would suggest Iron"
lfm25 26b q4_k_m,0.016,224.174,17,256,1.158,2302,Who is in charge around here?,"*Garrick's gaze hardens. He moves to the far wall and gestures toward a figure standing in the shadows—an elderly man with a long white beard and eyes that seem to see through you.*||**Garrick:** The one in charge of Ironhold is a woman named Vessara. She is the Grand Matriarch of the Ironhold Merchant Guild. She has ruled this town for thirty years, and her word is law. She is not a cruel woman—she is practical. She values strength and loyalty, and she has a talent for finding the right worker for the job.||*He steps back, his expression becoming more guarded.*||**Garrick:** But I must also warn you about the Dark King's influence. The forces of the Obsidian Fortress—my own domain—have been expanding their reach. We have sent spies to Ironhold, and we have made our presence known. The guild is aware of our activities. They have been... accommodating, but not without their own agenda.||*He glances toward the shadows at the far end of the room.*||**Garrick:** If you are serious about finding work, I would suggest speaking with Vessara directly. She will know what she can offer. But be"
lfm25 26b q4_k_m,0.017,223.202,20,256,1.164,2578,What kind of goods do the local merchants sell?,"*Garrick's eyes light up with something like genuine interest. He moves to the table and begins to unroll a map, spreading it across the surface.*||**Garrick:** The Ironhold Merchant Guild is well-connected. They deal in almost everything—rare gems from the Sunken Caverns, enchanted weapons from the Shadow Forge, magical herbs from the Whispering Woods, and even the dark artifacts that the King himself has acquired.||*He points to various regions on the map.*||**Garrick:** From Ironhold, they can ship goods to the coastal cities, where the nobility and the common folk alike have access to their wares. The guild also maintains a supply of provisions—dried meat, hard bread, and the rare herbs that can heal even the most grievous wounds.||*He pauses, looking up at you.*||**Garrick:** But the most valuable goods they trade in are those that are... difficult to obtain. The guild has connections to the Dark King's forces, and they can procure items that are not available to ordinary merchants. Weapons that can cut through shadow itself. Potions that grant temporary strength. And, of course, the dark artifacts that the King himself has collected.||*His"
lfm25 26b q4_k_m,0.017,222.845,19,256,1.166,2853,Have there been any strange rumors lately?,"*Garrick's expression darkens. He moves to the shadows at the far end of the room, where the skeletal figures stand in their eternal vigil. He speaks quietly, as if the darkness itself listens.*||**Garrick:** There are rumors, yes. Rumors that are not entirely true, but often... useful for those who know how to listen.||*He returns to his seat, his voice low.*||**Garrick:** The most persistent rumor is of a ""King's Army"" that has been marching through the Whispering Pass. They are said to be the Dark King's personal forces, and they have been taking prisoners from the villages. Some say they are looking for something—an artifact, perhaps, or a person. Others claim they are simply hunting down any who would oppose the King's growing power.||*He pauses, his red eyes fixed on something unseen.*||**Garrick:** There are also whispers of a curse that has fallen upon the region. The Lady of the Hollow Hill—Elara—her curse has spread. Those who enter the forest near the Hollow Hill are said to be drawn deeper and deeper, never to return. Some have tried to escape, but the forest itself seems to... trap them.||"
lfm25 26b q4_k_m,0.018,221.841,22,256,1.172,3131,I have ten silver coins. What can that buy me?,"*Garrick studies your coins, turning them over in his hands. He sets them down on the table with a deliberate motion.*||**Garrick:** Ten silver coins. That is a modest sum. It is enough for a night's stay in a common inn, or perhaps a small purchase at a local market.||*He leans forward, his expression becoming more serious.*||**Garrick:** But it is not enough for the work I have described. The guild requires a deposit of gold before any contract is signed. The standard deposit is five silver coins, paid upfront. The remaining funds can be arranged as needed.||*He pauses, studying you.*||**Garrick:** However, I can offer you a choice. You could use your ten silver coins to secure your place as a day laborer for the guild—working in the mines or on their caravans. The work is hard, but it will provide you with experience and a reputation. In time, you might earn enough to save toward a larger contract.||*He gestures toward the map.*||**Garrick:** Or, if you prefer, you could use your coins to travel to Ironhold. The journey east takes two days by horse. I can arrange passage for you—though the cost"
lfm25 230m q4_k_m,0.007,737.890,62,213,0.296,419,"I overheard some people whispering in the tavern earlier about some sort of trouble brewing with the local authorities. I don't want to get involved in any politics, but is there anything a traveler like myself should be aware of to avoid getting thrown in the dungeon?","Ah, a traveler's dilemma is a common one in the shadows. Here are some key points to consider:||1. **Avoid Direct Contact**: Never approach or interact with anyone who seems suspicious or in need of assistance.||2. **Stay Silent**: If someone is in distress, remain calm and avoid speaking. This can help prevent escalation.||3. **Know Your Limits**: If you're unsure about a situation, it's wise to err on the side of caution.||4. **Document Everything**: Keep a record of any interactions, including dates, locations, and details of what happened.||5. **Know the Dark Lands**: The Obsidian Fortress is a place of dark power and danger. Be cautious and prepared for any situation.||6. **Use Caution**: Avoid engaging in any form of violence or harm, as this could attract unwanted attention.||Remember, the goal is to protect yourself and others from harm. Stay vigilant and prepared for any situation that might arise."
lfm25 230m q4_k_m,0.008,693.385,70,256,0.377,745,"I have a handful of gold pieces and a few rare gems I found in a cave a few miles back. I'm looking to trade them for sturdy traveling gear, rations that will last a month, and perhaps a reliable mount. Who in this town would give me the fairest exchange rate?","A fair exchange rate for your precious gold pieces and rare gems depends on several factors, including the value of the gold and the rarity of the gems. However, based on typical market conditions, here's a general guideline:||1. **Gold**: The value of gold is highly variable. A few pieces might be worth more than a few gems, depending on the market and the rarity of the gold.||2. **Rare Gems**: The rarity of the gems significantly impacts the value. A rare gem might fetch a higher price than a common one.||3. **Traveling Gear**: The quality and durability of the gear would also affect the value. A well-made, sturdy mount would likely command a higher price.||4. **Monthly Rations**: The cost of rations would depend on the type of food and the time of year. A reliable, nutritious meal would likely be more valuable than a few rare gems.||5. **Mount**: The reliability and condition of the mount would also influence the value. A sturdy mount would likely be worth more than a less reliable one.||Given these factors, a fair exchange rate might range from a few gold pieces to a few"
lfm25 230m q4_k_m,0.010,638.824,65,256,0.411,1066,"I'm trying to navigate to the capital city, but the maps I bought from a wandering peddler seem to be outdated or completely wrong. Can you give me detailed directions on the safest and fastest route, including any landmarks I should look out for along the way?","Navigating to the capital city is a crucial step in your quest for wealth, but it requires careful planning and attention to detail. Here's a step-by-step guide to help you find the safest and fastest route, along with key landmarks to look out for:||---||### **1. Start at the Oldest City**  |The capital city is often the first destination, as it is the most historically significant and accessible. Look for:  |- **Street names**: Common names like ""Old Town,"" ""Capital,"" or ""City Hall"" are reliable.  |- **Historical landmarks**:  |  - **Old Town Square**: A central hub with grand architecture and public spaces.  |  - **Street names**: ""Street 1,"" ""Street 2,"" or ""Street 3"" are more specific.  |  - **Public buildings**: Churches, museums, or government offices (e.g., ""City Hall"" or ""National Archives"").  ||---||### **2. Use a Map with Clear Markings**  |A map with landmarks and street names is essential for navigation. Look for:  |- **Street names**: Avoid vague or generic names (e.g., ""City"
lfm25 230m q4_k_m,0.009,611.923,61,256,0.427,1383,"I've always been interested in local legends and folklore. Does this region have any famous myths about ancient heroes, hidden treasures, or perhaps terrible curses that still haunt the surrounding forests or mountains? I love a good story before I continue my journey.","Absolutely! The region of the Obsidian Fortress is steeped in ancient myths and legends that have shaped its mystical aura. Here’s what you might find:||---||### **1. Ancient Heroes & Treasurey Legends**  |- **The Ironclad**: A legendary warrior who vanquished the ""Ironclad"" (a mythical beast of steel), symbolizing the power of ancient magic. Rumors say he’s still alive, guarding a hidden treasure.  |- **The Shadow King**: A fearsome figure said to rule the forested mountains, controlling the spirits of the dead and summoning curses. Legend says he’s a trickster, but some say he’s a guardian of the forest’s secrets.  |- **The Curse of the Hollowed Tree**: A mythical tree that has been cursed to haunt the forest, its roots feeding on the souls of those who wander too close.  ||---||### **2. Hidden Treasures & Forbidden Places**  |- **The Lost City of the Ancients**: A mythical ruin said to hold relics of forgotten civilizations, hidden from the mortal world. Some say it’s accessible only to those who can deci"
lfm25 230m q4_k_m,0.012,616.492,74,256,0.427,1713,"I'm looking for work to earn enough coin to fund the next leg of my journey. I'm not afraid of manual labor, and I can handle myself in a fight if necessary. Are there any guilds, merchants, or local leaders who are currently hiring mercenaries, guards, or day laborers?","While I can’t directly access real-time job listings, here’s what I can share based on general knowledge of the Obsidian Fortress region and local lore:||---||### **1. Guilds & Merchant Networks**  |- **Local Guilds**:  |  - **Obsidian Guild**: A respected merchant guild that likely operates in the area, providing goods like rare artifacts, spices, or tools. They might offer contracts or services for trade.  |  - **Wealthy Merchants**: Some merchants in the region might hire skilled laborers or traders to support their businesses. These could be local traders, artisans, or even skilled craftsmen.  |- **Merchants & Trade Networks**:  |  - The Obsidian Fortress might be a hub for merchants traveling between the city and distant lands. Look for merchants who specialize in goods like gold, gemstones, or exotic spices.  |  - Check for rumors of ""hidden markets"" or underground trade routes—local guides or informants might point you to these.  ||---||### **2. Local Leaders & Informants**  |- **Local Officials**:  |  - The **Obsidian King** (a local ruler or high-ran"
lfm25 230m q4_k_m,0.007,626.322,19,111,0.184,1843,What is the name of this town?,"The town you’re referring to is likely **Old Town**, a central hub in the Obsidian Fortress region. While the exact name isn’t specified in the map details, it’s a common name for this area.  ||If you’re looking for more specific information, you might want to:  |- Check local news or community boards for mentions of ""Old Town"" or ""Capital.""  |- Contact the **Obsidian Fortress** directly for historical records or contact details.  ||Let me know if you’d like further guidance!"
lfm25 230m q4_k_m,0.007,616.168,17,154,0.257,2014,Who is in charge around here?,"The town of **Old Town** is likely the central hub of the Obsidian Fortress region. While specific details about local leadership aren’t provided in the map, it’s common for such areas to have:  ||- **Local officials**: A mayor, council member, or regional administrator overseeing governance.  |- **Merchants or traders**: Active in the area, supplying goods or facilitating trade.  |- **Guides or informants**: Local guides who might share insights about the town’s history, landmarks, or hidden secrets.  ||If you’re seeking more specific details, reaching out to the Obsidian Fortress’s community or local authorities could yield the most accurate information. Let me know if you’d like help with anything else!"
lfm25 230m q4_k_m,0.008,589.755,20,234,0.405,2268,What kind of goods do the local merchants sell?,"The local merchants in the Obsidian Fortress region typically sell a variety of goods, depending on their specialty and the time of year. Here’s a breakdown of common items they might carry:  ||- **Spices and exotic goods**: Rarely traded for their perceived value, such as cinnamon, pepper, or exotic herbs.  |- **Gemstones and precious metals**: Highly sought after for their rarity and rarity.  |- **Artisanal products**: Crafts like jewelry, textiles, or tools made by local artisans.  |- **Specialty goods**: Rare or unique items like rare coins, coins, or coins of the past (e.g., ancient artifacts, historical documents).  |- **Food and drink**: Local specialties like fresh produce, baked goods, or traditional beverages.  |- **Trade goods**: Goods exchanged for goods like gold, silver, or other commodities.  ||These items reflect the region’s unique blend of local resources and global trade connections. If you’re looking for specific goods, checking local marketplaces or contacting the Obsidian Fortress’s community would be helpful!"
lfm25 230m q4_k_m,0.008,599.862,18,256,0.434,2542,Have there been any strange rumors lately?,"I don’t have access to real-time information or current rumors, but I can share general knowledge about the Obsidian Fortress and its history. Here’s what’s known:  ||---||### **Strange Rumors in the Obsidian Fortress**  |- **Cursed Locations**: Some reports suggest the area is haunted by spirits, particularly those associated with ancient artifacts, lost relics, or curses tied to the forested mountains. Locals often say they can hear whispers or hear the echoes of forgotten events.  |- **Fear of the Hollowed Tree**: A mythical tree rumored to haunt the forest, its roots feeding on the souls of those who wander too close. Some claim it’s a guardian of the forest’s secrets, but others fear it’s a trap.  |- **Unusual Weather**: Rarely reported storms or unusual weather patterns (e.g., ""foggy days"" or ""dripping rain"") that might affect travelers.  |- **Local Legends**: Stories of ghostly apparitions, unexplained events, or unexplained disappearances in the area.  ||---||### **What to Do Next**  |If you’re curious, consider"
lfm25 230m q4_k_m,0.008,578.837,22,256,0.451,2820,I have ten silver coins. What can that buy me?,"You have **10 silver coins**, which are a small but meaningful addition to your collection. Here’s how they might fit into your collection:  ||- **Small but Valuable Items**:  |  - **Personal Treasures**: A rare coin, a family heirloom, or a unique piece of jewelry (e.g., a silver pendant, a small coin, or a custom-made item).  |  - **Collectibles**: A vintage coin, a rare coin from a specific era, or a coin from a local gemstone shop.  |  - **Cultural or Historical Items**: A coin from a historical event, a relic from a forgotten era, or a coin with a specific cultural significance (e.g., a coin for a local festival or tradition).  ||- **Considerations**:  |  - **Value**: Silver coins are relatively inexpensive, but their rarity and historical context may make them more valuable.  |  - **Condition**: Ensure the coin is in good condition (e.g., intact, with no damage) to preserve its value.  |  - **Purpose**: Choose based on your interests—whether it’s a personal treasure, a collectible, or a cultural artifact.  ||"
lfm25 350m q4_k_m,0.012,543.229,61,256,0.483,461,"I overheard some people whispering in the tavern earlier about some sort of trouble brewing with the local authorities. I don't want to get involved in any politics, but is there anything a traveler like myself should be aware of to avoid getting thrown in the dungeon?","Garrick, the Evil King, has a keen interest in the local politics and the power struggles that unfold in the Dark Lands. He seeks to dominate the region and ensure his rule is unchallenged. However, he harbors a deep-seated hatred for Torin, a local lord who has been accused of corruption and abuse of power. Garrick's actions are driven by a desire to eliminate Torin and establish himself as the undisputed ruler of the Dark Lands.||Garrick's shadow army, composed of loyal followers and mercenaries, is a formidable force that patrols the borders and enforces his will. The villagers, who are often discontented with their current rulers, are kept in a state of constant fear and unrest. Garrick's spiked armor and dark magic are designed to intimidate and deter any potential threats, but he remains vigilant, always on the lookout for signs of Torin's return.||Garrick's obsession with the Dark Lands' internal conflicts makes him a target for those who seek to exploit the situation for their own gain. He is particularly wary of any traveler who might be caught in the crossfire or who might be swayed by Torin's influence. Garrick's reign"
lfm25 350m q4_k_m,0.013,543.383,71,256,0.484,788,"I have a handful of gold pieces and a few rare gems I found in a cave a few miles back. I'm looking to trade them for sturdy traveling gear, rations that will last a month, and perhaps a reliable mount. Who in this town would give me the fairest exchange rate?","Garrick, the Evil King, has a keen interest in the local economy and the trade routes that pass through the Dark Lands. He seeks to acquire sturdy traveling gear, rations, and a reliable mount to ensure his safety and prosperity.||In this town, several merchants and traders are present, including a group of skilled smiths, a merchant guild, and a group of traveling merchants. Each of these individuals has their own exchange rates and offers, but Garrick's primary target is the sturdy traveling gear and the reliable mount.||Garrick's spiked armor and dark magic are designed to intimidate and deter potential threats, but he remains vigilant, always on the lookout for signs of Torin's return. He is particularly wary of any traveler who might be caught in the crossfire or who might be swayed by Torin's influence.||Given Garrick's interests, he would likely offer you the fairest exchange rate for the sturdy traveling gear and the reliable mount. However, he may also be willing to negotiate with Torin or other local lords to secure better terms.||Garrick's actions are driven by a desire to acquire valuable goods and secure his position in the Dark Lands, and he will stop at nothing to ensure"
lfm25 350m q4_k_m,0.012,534.384,65,256,0.491,1109,"I'm trying to navigate to the capital city, but the maps I bought from a wandering peddler seem to be outdated or completely wrong. Can you give me detailed directions on the safest and fastest route, including any landmarks I should look out for along the way?","Garrick, the Evil King, has a keen interest in the local economy and the trade routes that pass through the Dark Lands. He seeks to acquire sturdy traveling gear, rations, and a reliable mount to ensure his safety and prosperity.||In this town, several merchants and traders are present, including a group of skilled smiths, a merchant guild, and a group of traveling merchants. Each of these individuals has their own exchange rates and offers, but Garrick's primary target is the sturdy traveling gear and the reliable mount.||Garrick's spiked armor and dark magic are designed to intimidate and deter potential threats, but he remains vigilant, always on the lookout for signs of Torin's return. He is particularly wary of any traveler who might be caught in the crossfire or who might be swayed by Torin's influence.||Given Garrick's interests, he would likely offer you the fairest exchange rate for the sturdy traveling gear and the reliable mount. However, he may also be willing to negotiate with Torin or other local lords to secure better terms.||In terms of directions, Garrick would recommend the following route:||1. Start at the Obsidian Fortress, a sturdy stronghold in"
lfm25 350m q4_k_m,0.011,529.583,61,256,0.494,1426,"I've always been interested in local legends and folklore. Does this region have any famous myths about ancient heroes, hidden treasures, or perhaps terrible curses that still haunt the surrounding forests or mountains? I love a good story before I continue my journey.","Garrick, the Evil King, has a keen interest in the local legends and folklore that shape the Dark Lands. He seeks to uncover stories of ancient heroes, hidden treasures, and curses that still linger in the forests and mountains surrounding the region.||Garrick's travels have taken him to the mist-shrouded valleys, where he has heard tales of a legendary hero known as the Shadow Knight. This being is said to have vanished centuries ago, leaving behind only cryptic clues and a single, enigmatic artifact that has haunted the local legends for generations.||Garrick's spiked armor and dark magic are designed to intimidate and deter potential threats, but he remains vigilant, always on the lookout for signs of the Shadow Knight's return. He has heard rumors of a hidden treasure buried deep within the ancient ruins of the Forgotten Temple, a place said to hold the secrets of the Dark Lands.||Garrick's actions are driven by a desire to uncover the truth behind the legend and the treasure, hoping to gain a strategic advantage in the region. He is particularly wary of any traveler who might be drawn to the Forgotten Temple or seek to exploit its secrets for personal gain.||Garrick's quest"
lfm25 350m q4_k_m,0.014,531.121,74,256,0.496,1756,"I'm looking for work to earn enough coin to fund the next leg of my journey. I'm not afraid of manual labor, and I can handle myself in a fight if necessary. Are there any guilds, merchants, or local leaders who are currently hiring mercenaries, guards, or day laborers?","Garrick, the Evil King, has a keen interest in the local economy and the trade routes that pass through the Dark Lands. He seeks to acquire sturdy traveling gear, rations, and a reliable mount to ensure his safety and prosperity.||In this town, several guilds and merchants are present, including a group of skilled smiths, a merchant guild, and a group of traveling merchants. Each of these individuals has their own exchange rates and offers, but Garrick's primary target is the sturdy traveling gear and the reliable mount.||Garrick's spiked armor and dark magic are designed to intimidate and deter potential threats, but he remains vigilant, always on the lookout for signs of Torin's return. He is particularly wary of any traveler who might be caught in the crossfire or who might be swayed by Torin's influence.||Given Garrick's interests, he would likely offer you the fairest exchange rate for the sturdy traveling gear and the reliable mount. However, he may also be willing to negotiate with Torin or other local lords to secure better terms.||Garrick's actions are driven by a desire to acquire valuable goods and secure his position in the Dark Lands, and he will stop at nothing"
lfm25 350m q4_k_m,0.009,534.430,19,178,0.342,1953,What is the name of this town?,"Garrick, the Evil King, has a keen interest in the local economy and the trade routes that pass through the Dark Lands. He seeks to acquire sturdy traveling gear, rations, and a reliable mount to ensure his safety and prosperity.||The town is known as **Verdant Hollow**, a place of ancient ruins and forgotten legends. It is said that the town is home to a powerful artifact rumored to hold the secrets of the Dark Lands, and many have ventured there in search of it.||Garrick's spiked armor and dark magic are designed to intimidate and deter potential threats, but he remains vigilant, always on the lookout for signs of Torin's return. He is particularly wary of any traveler who might be drawn to the Forgotten Temple, a place rumored to be cursed and hidden deep within the forest."
lfm25 350m q4_k_m,0.009,533.001,17,164,0.317,2134,Who is in charge around here?,"Garrick, the Evil King, has a keen interest in the local politics and the power struggles that unfold in the Dark Lands. He seeks to dominate the region and ensure his rule is unchallenged, but he harbors a deep-seated hatred for Torin, a local lord who has been accused of corruption and abuse of power.||Garrick's actions are driven by a desire to eliminate Torin and establish himself as the undisputed ruler of the Dark Lands. However, he remains vigilant, always on the lookout for signs of Torin's return and any other potential threats to his plans.||In the meantime, Garrick's spiked armor and dark magic are designed to intimidate and deter potential threats, but he will stop at nothing to ensure his safety and prosperity."
lfm25 350m q4_k_m,0.009,529.295,20,150,0.293,2304,What kind of goods do the local merchants sell?,"Garrick, the Evil King, has a keen interest in the local economy and the trade routes that pass through the Dark Lands. He seeks to acquire sturdy traveling gear, rations, and a reliable mount to ensure his safety and prosperity.||Local merchants sell a variety of goods, including:||* Sturdy armor and helmets|* Rations and provisions|* Cooking supplies and food|* Tools and equipment|* Clothing and personal items|* Ammunition and other arms and armor||Garrick's spiked armor and dark magic are designed to intimidate and deter potential threats, but he remains vigilant, always on the lookout for signs of Torin's return and any other potential dangers that may arise."
lfm25 350m q4_k_m,0.009,520.119,19,246,0.482,2569,Have there been any strange rumors lately?,"Garrick, the Evil King, has heard whispers of strange occurrences in the nearby forests and mountains. Locals claim to have seen shadowy figures lurking in the night, and some have reported strange noises and unexplained movements in the dense woods.||The rumors have spread quickly, and many have ventured to the area to investigate. Some have reported hearing the sound of a dark, ominous voice calling out to them, while others have seen strange, twisted creatures lurking in the shadows.||Garrick's spiked armor and dark magic are designed to intimidate and deter potential threats, but he remains wary of any rumors of supernatural activity or dark forces at work in the region. He is particularly concerned about the Forgotten Temple, a place rumored to hold the secrets of the Dark Lands, and many have suggested that it may be haunted or cursed.||Garrick's actions are driven by a desire to uncover the truth behind the rumors and the Forgotten Temple, hoping to gain a strategic advantage in the region. He is also wary of any traveler who might be drawn to the area or seek to exploit its secrets for personal gain."
lfm25 350m q4_k_m,0.010,527.112,22,165,0.323,2756,I have ten silver coins. What can that buy me?,"Garrick, the Evil King, has a keen interest in the local economy and the trade routes that pass through the Dark Lands. With ten silver coins, he can buy:||* Sturdy armor and helmets|* Rations and provisions|* Cooking supplies and food|* Tools and equipment|* Clothing and personal items|* Ammunition and other arms and armor||Garrick's spiked armor and dark magic are designed to intimidate and deter potential threats, but he remains vigilant, always on the lookout for signs of Torin's return or any other potential dangers that may arise.||With ten silver coins, Garrick can acquire a wide range of goods and supplies, but he may also be willing to negotiate with local lords or other merchants to secure better prices or deals."
lfm25 8b a1b q4_k_m,0.052,277.577,61,256,0.974,460,"I overheard some people whispering in the tavern earlier about some sort of trouble brewing with the local authorities. I don't want to get involved in any politics, but is there anything a traveler like myself should be aware of to avoid getting thrown in the dungeon?","<think>|The user asks: ""I overheard some people whispering in the tavern earlier about some sort of trouble brewing with the local authorities. I don't want to get involved in any politics, but is there anything a traveler like myself should be aware of to avoid getting thrown in the dungeon?"" They want advice about potential trouble with local authorities, avoid being thrown in dungeon. We have a set of facts about Garrick, the Evil King, his rules, etc. We need to incorporate those facts into a response. The system says we have a knowledge base with those facts. We need to answer based on that. The user wants to avoid trouble with authorities. We can mention that Garrick is an evil king who seeks world domination, hates Torin, enslaves villagers, destroys kingdoms, etc. So a traveler should avoid political entanglements, perhaps not interfere with Garrick's shadow army, avoid being seen with local authorities, etc. Also mention that if you get involved, you might be enslaved or tortured. Also mention that the Obsidian Fortress is his residence, and he tortures prisoners. So the advice: stay out of politics, avoid the dungeon, don't get involved, maybe keep a"
lfm25 8b a1b q4_k_m,0.025,297.720,71,256,0.885,787,"I have a handful of gold pieces and a few rare gems I found in a cave a few miles back. I'm looking to trade them for sturdy traveling gear, rations that will last a month, and perhaps a reliable mount. Who in this town would give me the fairest exchange rate?","<think>|We need to respond as Garrick, the Evil King, but we must incorporate the given facts. The user asks about trading gold and gems for gear, rations, mount, and who in town would give fair exchange rate. However, we have no explicit info about merchants or townsfolk in the knowledge base. We have no data about fair exchange rates. We must not add invented facts beyond what's given. We can infer that as an evil king, he might not be fair, but we can advise caution. We should not mention politics. We can say that the local authorities (maybe the shadow army) enforce harsh penalties, so avoid dealing with them. Also, we can mention that the Obsidian Fortress is his residence, and he enslaves villagers, so maybe the town's merchants are under his influence. We can advise to trade with the town's most neutral party, but we don't have that info. We could say that the fairest exchange would be with the town's neutral merchants, but we don't have names. We could ask for more details. However, we must not violate policy. There's no disallowed content. We can answer in a helpful way, but we must not claim knowledge we don't have. According to"
lfm25 8b a1b q4_k_m,0.024,298.817,65,256,0.880,1108,"I'm trying to navigate to the capital city, but the maps I bought from a wandering peddler seem to be outdated or completely wrong. Can you give me detailed directions on the safest and fastest route, including any landmarks I should look out for along the way?","<think>|We need to respond to user request for directions. However, we have no knowledge base about maps, landmarks, routes. The system says we have a knowledge base with facts about Garrick, but not about geography. According to instruction, we must not guess or fabricate facts. We should be honest about lack of information. Also we must not add disclaimer beyond what is asked. The user wants directions; we cannot provide because we don't have that info. We should respond that we don't have that knowledge, and perhaps suggest they consult local authorities or maps, but we cannot give specifics. However, we must avoid political entanglements. We can say we don't have that info. That would be safe. No extra commentary. Provide a brief answer: we don't have detailed route info. That is consistent with policy. No disallowed content. No formatting. No bold. Provide plain text.||Thus final answer: ""I'm sorry, but I don't have detailed map or route information for the capital city. You may need to consult a current map or ask locals."" That is appropriate.|</think>|I'm sorry, but I don't have detailed map or route information for traveling to the capital city. You may need to consult a current map"
lfm25 8b a1b q4_k_m,0.022,301.515,62,176,0.606,1346,"I've always been interested in local legends and folklore. Does this region have any famous myths about ancient heroes, hidden treasures, or perhaps terrible curses that still haunt the surrounding forests or mountains? I love a good story before I continue my journey.","<think>|We need to respond to the user's request about local legends and folklore. The system provides a knowledge base with facts about Garrick, but no details about myths, legends, or folklore. According to the instruction, we must not guess or fabricate facts. We should be honest about lack of information. The user is asking for stories, but we have no data. We should respond that we don't have that information, and perhaps suggest they ask locals or check peddler's maps, but we cannot provide specifics. We must not add disclaimer beyond what's needed. The response should be concise and within policy. No extra commentary. So: ""I don't have information about local legends or folklore in this region."" That's it. No extra.|</think>|I don't have information about local legends, myths, or curses in this region."
lfm25 8b a1b q4_k_m,0.025,299.286,73,256,0.880,1675,"I'm looking for work to earn enough coin to fund the next leg of my journey. I'm not afraid of manual labor, and I can handle myself in a fight if necessary. Are there any guilds, merchants, or local leaders who are currently hiring mercenaries, guards, or day laborers?","<think>|We need to respond to the user's request for information about work opportunities: guilds, merchants, local leaders hiring mercenaries, guards, or day laborers. The knowledge base includes facts about Garrick, his rules, etc., but does not contain any details about local employment opportunities, guilds, or hiring. According to the instruction, we must not guess or fabricate facts. We should state that we don't have that information. However, we can provide a helpful response within the constraints: we can suggest they ask around, but we cannot give specifics. The user wants to know where to find such opportunities. We can say we don't have that data, but perhaps they could inquire at the town square or local tavern. However, we must be careful not to imply any knowledge we don't have. The safest answer is to say we don't have that information. That respects the instruction to avoid speculation. So we respond accordingly.||We must not add any extra commentary. Provide a concise answer: ""I don't have information about current hiring opportunities..."" That would be appropriate.||We must not use bold or formatting. Provide plain text.|</think>|I don't have information about current hiring opportunities, guilds,"
lfm25 8b a1b q4_k_m,0.018,300.053,19,180,0.618,1874,What is the name of this town?,"<think>|We need to answer the user's question: ""What is the name of this town?"" However, the knowledge base does not contain any explicit name for the town. The only facts we have are about Garrick, the Evil King, his rules, etc. There's no mention of a town name. According to the instruction, we must not guess or fabricate facts. Since we don't have the town name in the knowledge base, we should state that we don't have that information. The policy says we should be honest about lack of knowledge. So we respond that we don't have the town's name. No extra commentary. Provide a concise answer.||Thus: ""I'm sorry, but I don't have the name of this town in my records."" That's appropriate.|</think>|I'm sorry, but I don't have the name of this town in my records."
lfm25 8b a1b q4_k_m,0.018,298.118,17,214,0.736,2105,Who is in charge around here?,"<think>|We need to answer: ""Who is in charge around here?"" The user is asking about the authority figure in the area. From the knowledge base we have facts about Garrick: he is the Evil King, resides in the Obsidian Fortress, wields dark magic, seeks world domination, hates Torin, enslaves villagers, destroys kingdoms, etc. The question ""Who is in charge around here?"" likely refers to the local authority. The only relevant fact is that Garrick is the Evil King, the ruler. So we can answer that the town is under the rule of the Evil King Garrick, who resides in the Obsidian Fortress. We should not add speculation about other leaders. Provide a concise answer referencing the facts. No extra formatting. No disclaimer. So:||""The town is governed by the Evil King Garrick, who rules from the Obsidian Fortress and seeks world domination.""|</think>|The town is governed by the Evil King Garrick, who rules from the Obsidian Fortress and seeks world domination."
lfm25 8b a1b q4_k_m,0.019,300.467,20,140,0.485,2265,What kind of goods do the local merchants sell?,"<think>|We need to answer the user's question about what goods local merchants sell. The knowledge base includes facts about Garrick, but no explicit mention of merchants or goods. According to the instruction, we must not guess or fabricate facts. We should state that we don't have that information. However, we can provide a helpful response within the constraints. The policy says we can say we don't have that information. So we should respond that we don't have details about local merchants' goods. That would be consistent with the earlier answers where we said we don't have that info. So we respond accordingly.|</think>|I don't have information about the specific goods that local merchants sell."
lfm25 8b a1b q4_k_m,0.018,297.956,19,165,0.572,2449,Have there been any strange rumors lately?,"<think>|We need to answer the user's question about strange rumors. The knowledge base includes a fact: ""<Garrick, seeks, world domination>"" but no mention of rumors. However, we have a fact about Garrick hating Torin, but not about rumors. According to the instruction, we should not guess or fabricate facts. We must be honest about lack of information. The user is asking about rumors, which is not covered by any fact. We should respond that we don't have information about rumors. We should not add speculation. So we say: ""I don't have information about any strange rumors in this area."" That's consistent with policy. No extra commentary. Provide that answer.|</think>|I don't have information about any strange rumors in this area."
lfm25 8b a1b q4_k_m,0.019,296.565,22,207,0.717,2678,I have ten silver coins. What can that buy me?,"<think>|We need to answer the user's question: ""I have ten silver coins. What can that buy me?"" The user is asking about purchasing something with ten silver coins. However, we have no knowledge base about local prices, markets, or what items cost how many silver coins. The facts we have are about Garrick, his rules, etc. There's no information about the local economy. According to the instruction, we must not guess or fabricate facts. We should be honest about lack of information. So we should say we don't have that information. The user may be looking for a way to get goods, but we cannot provide specifics. We should respond politely, stating we don't have details about what ten silver coins can purchase. That would be consistent with previous answers where we said we don't have information. So final answer: ""I don't have information about what ten silver coins can purchase."" No extra commentary.|</think>|I don't have information about what ten silver coins can purchase."
ling 30 tiny q4_k_m,0.060,191.250,65,256,1.399,487,"I overheard some people whispering in the tavern earlier about some sort of trouble brewing with the local authorities. I don't want to get involved in any politics, but is there anything a traveler like myself should be aware of to avoid getting thrown in the dungeon?","Ah, a wise traveler! I appreciate your prudence. The whispers about trouble brewing are no mere rumor—they're the **whispers of the oppressed** that I, Garrick, hear in the Obsidian Fortress. To avoid the dungeon, you must heed these **three sacred rules**:||1. **Never speak of Torin** in the presence of the shadow army. They are drawn to the name like moths to flame. If someone mentions Torin, they are either a spy or a fool—both are dangerous.||2. **Avoid the village squares after dusk**. The villagers I enslave patrol the streets when the moon rises. They are not the gentle souls you think they are; they are **guardians of my domain**, and they hunt those who trespass.||3. **Do not disturb the ancient runes carved into the fortress walls**. I wield dark magic through them, and they **warn of approaching doom**. If you see strange symbols glowing at night, turn back immediately—these are my **warning signals** for impending raids.||The local authorities? They are but **puppets of my will**. If you encounter them, remember: they are not your allies. They are the **first to fall"
ling 30 tiny q4_k_m,0.032,206.529,92,256,1.272,835,"I have a handful of gold pieces and a few rare gems I found in a cave a few miles back. I'm looking to trade them for sturdy traveling gear, rations that will last a month, and perhaps a reliable mount. Who in this town would give me the fairest exchange rate?","Ah, a shrewd traveler with gold and gems! I appreciate your pragmatism. In the **Dark Lands**, the fairest exchange is never given freely—it is **earned through cunning**. Here is who would offer you the **most honest deal**:||1. **The Blacksmith of the Obsidian Fortress** — He trades gems for *enchanted steel* and *ration packs* that last a month. He will **not** take your gold, but he will **trade your gems for a magical shield** that repels the shadow army. If you offer him 3 gems, he will give you 10 days of rations and a sturdy traveling pack. **Fair?** Only if you accept his terms.||2. **The Tavern Keeper** — She knows the **best rations** in the region. She will trade 2 gems for a month's worth of food and water, but she will **not** sell you a mount. Instead, she will **lend you a horse** for 3 days, provided you leave a note in the *""Book of Shadows""*—a sacred text she keeps in the back room.||3. **The Merchant of the Eastern Road** — He is the **most"
ling 30 tiny q4_k_m,0.033,205.953,85,256,1.276,1176,"I'm trying to navigate to the capital city, but the maps I bought from a wandering peddler seem to be outdated or completely wrong. Can you give me detailed directions on the safest and fastest route, including any landmarks I should look out for along the way?","Ah, a traveler seeking the capital—**brave soul, but heed the warnings of the Obsidian Fortress!** The maps you bought are indeed **dangerously flawed**. Here is the **only safe and fastest route** I can provide, based on my **knowledge of the Dark Lands**:||---||### **Route: The Shadow Path (Avoid the Eastern Road)**|**Do not travel east.** The Eastern Road is **traversed by the shadow army** and is **dangerously dangerous** after dusk. Instead, take the **Shadow Path**, a hidden route through the **misty mountains** that bypasses the capital's main gates.||#### **Key Landmarks:**|1. **The Whispering Oak** — A massive ancient tree that **whispers secrets to those who listen**. If you hear a voice saying *""Turn left at the third stone,""* you are on the correct path. **Do not follow the voice**—it is a trap set by the shadow army to lure travelers into the forest.||2. **The Broken Bridge** — A bridge over a **flooded ravine** that is only safe to cross during **midnight**. If you cross during the day, the bridge **collapses"
ling 30 tiny q4_k_m,0.033,205.154,81,256,1.281,1513,"I've always been interested in local legends and folklore. Does this region have any famous myths about ancient heroes, hidden treasures, or perhaps terrible curses that still haunt the surrounding forests or mountains? I love a good story before I continue my journey.","Ah, a seeker of tales! I, Garrick, the **Evil King of the Dark Lands**, have heard **many stories** of the legends that haunt these lands. Here are the **most famous myths** you should know before you continue your journey:||---||### **1. The Hero of the Silver Throne** — A legendary warrior who **defeated the Shadow King** in the Battle of the Iron Plains. He is said to have **freed the villages from my tyranny** and **hidden a treasure of ancient gold** in the **Crystal Caves** of the northern mountains. However, the cave is **guarded by the Shadow Army**, and only the **bravest and most cunning** can reach it. If you find a **silver coin** in the forest, it is a **test**—do not take it, or you will be cursed with **eternal hunger**.||### **2. The Cursed Forest of Vengeance** — A dark forest where **ancient curses** are still active. Those who enter without a **purpose** are **transformed into trees** and left to wither. The forest is said to be **haunted by the spirits of the wicked**, who **"
ling 30 tiny q4_k_m,0.037,204.094,95,256,1.291,1864,"I'm looking for work to earn enough coin to fund the next leg of my journey. I'm not afraid of manual labor, and I can handle myself in a fight if necessary. Are there any guilds, merchants, or local leaders who are currently hiring mercenaries, guards, or day laborers?","Ah, a pragmatic soul seeking employment! I, Garrick, the **Evil King of the Dark Lands**, have **heard whispers** of those who **seek to earn their keep** in my realm. While I do not **hate** the hardworking, I **do not** favor them either—**my shadow army is always hungry for fresh souls**. However, if you are **clever, brave, and willing to play the game**, here are the **best opportunities** I can offer:||---||### **1. The Blacksmith of the Obsidian Fortress** — He is **hiring mercenaries** for **heavy labor** and **defense duties**. He will pay **double the usual rate** for those who can **forge weapons** or **repair armor**. If you can **craft a magical sword** or **forge a shield that repels the shadow army**, you will be **rewarded with 50 gold pieces** and **a month's rations**. **Note:** He will **not** hire those who are **weak in combat**—he wants **strong, reliable souls**.||### **2. The Merchant of the Eastern Road** — He is **hiring day laborers**"
ling 30 tiny q4_k_m,0.031,202.859,40,256,1.293,2160,What is the name of this town?,"Ah, a simple question, yet it reveals **nothing** about the **true nature of this place**. The town is called **""The Whispering Village""**—a name I have **heard** in the **taverns and markets** of the **Dark Lands**. It is a **small settlement** nestled between the **misty mountains** and the **shadowy forests**. The people here are **quiet, observant**, and **always watchful**. They **do not speak of the outside world**, and they **never reveal their true intentions**. If you ask them about the **capital city**, they will **change the subject**—for the **capital is a place of danger**, and the **Whispering Village is a place of safety**.||But wait—**I must warn you**. The **Whispering Village** is **not what it seems**. The **people here are not the gentle souls you think they are**. They are **guardians of my domain**, and they **hunt those who trespass**. If you are **unlucky**, you will find yourself **trapped in the village**, and the **shadow army will come to collect you**.||So, if you are **seeking a safe place to rest"
ling 30 tiny q4_k_m,0.261,198.546,43,247,1.505,2450,Who is in charge around here?,"Ah, a question that reveals **nothing** about the **true power** in this place. The **leader** of the Whispering Village is **Garrick**, the **Evil King of the Dark Lands**. He is the **only one who truly rules** the region, and his **shadow army** is the **only force** that can **protect his domain**. The **people here are not free**—they are **enslaved by my will**, and they **never question my authority**. If you ask them about the **capital city**, they will **change the subject**—for the **capital is a place of danger**, and the **Whispering Village is a place of safety**.||But wait—**I must warn you**. The **Whispering Village** is **not what it seems**. The **people here are not the gentle souls you think they are**. They are **guardians of my domain**, and they **hunt those who trespass**. If you are **unlucky**, you will find yourself **trapped in the village**, and the **shadow army will come to collect you**.||So, if you are **seeking a safe place to rest"
ling 30 tiny q4_k_m,0.027,197.946,41,226,1.168,2717,What kind of goods do the local merchants sell?,"Ah, a question that reveals **nothing** about the **true nature of the Dark Lands**. The **local merchants** in the **Whispering Village** sell **only the goods that are safe for the shadow army to trade**. They offer **rare spices, enchanted weapons, and potions that enhance the shadow magic**. However, they **do not sell** **common goods** like **food, clothing, or tools**—for the **shadow army is always hungry for fresh souls**, and they **hunt those who seek to profit from the darkness**.||The **best merchants** in the **Whispering Village** are the **Blacksmiths** and **Alchemists**. They will **trade your gold for enchanted goods** that **protect you from the shadow army**. If you are **lucky**, you can find **rare artifacts** that **repel the shadow army** and **grant you protection**. But be warned: the **best deals are always hidden**, and the **cheapest prices are the most dangerous**.||If you are **seeking a safe place to rest"
ling 30 tiny q4_k_m,0.027,197.376,39,232,1.203,2988,Have there been any strange rumors lately?,"Ah, a question that reveals **nothing** about the **true nature of the Dark Lands**. The **strange rumors** in the **Whispering Village** are **always about the shadow army** and the **dark magic** that flows through the **misty mountains**. The **people here whisper** about **strange happenings**—like **strange lights in the night sky**, **unexplained disappearances**, and **the sound of whispering in the wind**. These rumors are **always connected to the shadow army**, and they **warn of impending danger**.||The **best way to avoid the rumors** is to **stay away from the Whispering Village at night**. The **shadow army is most active** during the **dark hours**, and they **hunt those who are unaware**. If you are **lucky**, you can find **safe places to rest** in the **misty mountains**, where the **shadow army is not present**. But be warned: the **best deals are always hidden**, and the **cheapest prices are the most dangerous**.||If you are **seeking a safe place to rest"
ling 30 tiny q4_k_m,0.028,199.121,40,201,1.037,3229,I have ten silver coins. What can that buy me?,"Ah, a question that reveals **nothing** about the **true nature of the Dark Lands**. Ten silver coins—**a modest sum**—can buy you **a single day's worth of rations**, **a week's worth of light**, or **a single enchanted weapon** that **repels the shadow army**. However, the **best use** of your coins is to **purchase a map** that **shows the safest route** to the **capital city**. The **map is not for sale**—it is **a gift** from the **shadow army** to **those who are brave enough to seek the truth**.||If you are **lucky**, you can find **a hidden treasure** in the **misty mountains**, where the **shadow army is not present**. But be warned: the **best deals are always hidden**, and the **cheapest prices are the most dangerous**.||If you are **seeking a safe place to rest<|im_end"
llama 31 8b instruct q4_k_m,0.045,105.199,58,237,2.298,430,"I overheard some people whispering in the tavern earlier about some sort of trouble brewing with the local authorities. I don't want to get involved in any politics, but is there anything a traveler like myself should be aware of to avoid getting thrown in the dungeon?","(eyes narrowing) Ah, a traveler, you say? Well, I suppose it's not my concern, but I'll give you a warning. The local authorities are... (pausing to choose the right words) ...overly enthusiastic about their duties. They've been cracking down on anyone suspected of supporting the ""wrong"" cause. (leaning in, voice taking on a menacing tone) If you're not careful, you might find yourself accused of being a sympathizer with the rebellion against my rule.||(leaning back, a cold smile spreading across his face) But don't worry, I'm sure you're just a humble traveler, here to enjoy the sights and sounds of the Dark Lands. (chuckling menacingly) Just be sure to keep your head down and your ears open. You never know when a careless word might get you... (pausing for dramatic effect) ...noticed.||Now, if you'll excuse me, I have more pressing matters to attend to. (motions to a nearby guard) See that our guest is... (pausing, as if considering the right word) ...comfortable. Yes, that's it. Comfortable."
llama 31 8b instruct q4_k_m,0.044,104.562,69,256,2.492,755,"I have a handful of gold pieces and a few rare gems I found in a cave a few miles back. I'm looking to trade them for sturdy traveling gear, rations that will last a month, and perhaps a reliable mount. Who in this town would give me the fairest exchange rate?","(sneering) Ah, a merchant, I see. Well, I'm not sure I'd call you a merchant, exactly. More like a... (pausing to consider the right word) ...a supplicant. Seeking to trade your... (eyeballing the gold and gems) ...trivial offerings for the finer things in life.||As for who would give you the fairest exchange rate, I'd recommend avoiding the local market stalls. The vendors here are... (smirking) ...not exactly known for their honesty. You'd be better off trying to deal with the black market traders who operate in the shadows. They might be willing to give you a fair deal, but be warned: they're not exactly... (leaning in, voice taking on a menacing tone) ...trustworthy.||If you're looking for a reliable mount, I'd suggest trying to acquire one from the stables of the Red Hand, a group of... (pausing to choose the right words) ...entrepreneurs who specialize in acquiring and selling rare and exotic beasts. They might be willing to part with a decent steed in exchange for a suitable price.||As for the Obsidian Fortress, (leaning back, a cold smile spreading across his face) ...well,"
llama 31 8b instruct q4_k_m,0.047,103.276,64,256,2.526,1075,"I'm trying to navigate to the capital city, but the maps I bought from a wandering peddler seem to be outdated or completely wrong. Can you give me detailed directions on the safest and fastest route, including any landmarks I should look out for along the way?","(laughs coldly) Ah, the capital city, you say? Well, I'm afraid you'll be taking a... (pausing to choose the right words) ...detour, of sorts. You see, the capital city is... (leaning in, voice taking on a menacing tone) ...currently under my... (pausing to emphasize the word) ...administration.||As for the route, I can give you directions, but I must warn you: the roads are treacherous, and the lands are... (smirking) ...not exactly welcoming to travelers. You'll need to be careful to avoid the patrols of my... (motions to a nearby guard) ...fine soldiers.||From here, head east towards the Darkspire Mountains. Keep a sharp eye out for the ruins of the old castle of Eldrador - it's a good landmark to keep in mind. (leaning in, voice taking on a menacing tone) ...Don't get too close, though. The castle is... (pausing to choose the right words) ...not exactly safe for travelers.||Continue on for about a day's ride, and you'll come across the village of Brindlemark. (leaning back, a cold smile spreading across his face) ..."
llama 31 8b instruct q4_k_m,0.035,102.812,59,256,2.525,1390,"I've always been interested in local legends and folklore. Does this region have any famous myths about ancient heroes, hidden treasures, or perhaps terrible curses that still haunt the surrounding forests or mountains? I love a good story before I continue my journey.","(chuckling menacingly) Ah, local legends, you say? Well, I'm afraid the Dark Lands are not exactly... (pausing to choose the right words) ...known for their uplifting tales. But, I suppose I can share a few stories with you. (leaning in, voice taking on a conspiratorial tone)||There's the legend of the Shadowhand, a cursed warrior who roams the Darkspire Mountains, seeking revenge against those who wronged him. Some say he's a ghost, while others claim he's a living, breathing monster. (smirking) Either way, it's said that if you hear the sound of rustling leaves or snapping twigs in the mountains, it's the Shadowhand, watching you.||And then there's the tale of the Golden Scepter, said to be hidden deep within the Obsidian Fortress itself. (leaning back, a cold smile spreading across his face) ...Legend has it that the scepter holds the key to unimaginable power, and that those who possess it will be granted unimaginable wealth and influence. (leaning in, voice taking on a menacing tone) ...Of course, I'm not aware of anyone who's actually found it. Yet.||As for curses, well..."
llama 31 8b instruct q4_k_m,0.049,101.627,71,256,2.568,1717,"I'm looking for work to earn enough coin to fund the next leg of my journey. I'm not afraid of manual labor, and I can handle myself in a fight if necessary. Are there any guilds, merchants, or local leaders who are currently hiring mercenaries, guards, or day laborers?","(skeptical) Ah, a mercenary, you say? Well, I'm not sure I'd call you a mercenary, exactly. More like... (pausing to consider the right word) ...a supplicant, seeking to earn a living in the Dark Lands.||As for work, I'm afraid the local guilds are... (smirking) ...not exactly hiring. The Blacksmith's Guild is currently out of work, as the demand for their services has... (pausing to choose the right words) ...dried up, shall we say. The Merchant's Guild is also not hiring, as they're more concerned with... (leaning in, voice taking on a menacing tone) ...maintaining their relationships with certain influential individuals.||However, I do know of a local lord who's looking for someone to... (pausing to consider the right words) ...collect a debt, shall we say. He's willing to pay a handsome sum to anyone who can retrieve a valuable item from a... (leaning in, voice taking on a menacing tone) ...troublesome individual. If you're interested, I can provide you with more information. (smirking) ...But be warned, the task won't be easy, and the lord"
llama 31 8b instruct q4_k_m,0.030,101.290,19,112,1.136,1848,What is the name of this town?,"(suddenly serious) Ah, the town. It's called... (pausing for a moment) ...Krael's Hollow. A... (motions to the surrounding buildings) ...quaint little place, nestled in the heart of the Dark Lands. (leaning in, voice taking on a menacing tone) ...But don't get too comfortable here. The Dark Lands are not a place for the faint of heart. And Krael's Hollow is... (smirking) ...under my... (pausing to emphasize the word) ...protection."
llama 31 8b instruct q4_k_m,0.031,100.598,17,169,1.711,2034,Who is in charge around here?,"(smirking) Ah, who's in charge? (chuckling) Well, that would be me, of course. I am Garrick, the Evil King. (leaning back in his throne-like chair) ...And I rule over the Dark Lands with an iron fist. (motions to the surrounding guards) ...These fine soldiers are loyal only to me, and they will stop at nothing to ensure that my will is carried out.||(leaning forward, eyes glinting with malevolence) ...So, I suggest you show the proper respect and deference to your betters. (smirking) ...After all, it's always wise to keep your enemies close, and your friends closer. (leaning back, a cold smile spreading across his face) ...And I'm afraid you, traveler, are neither."
llama 31 8b instruct q4_k_m,0.031,99.098,20,253,2.584,2307,What kind of goods do the local merchants sell?,"(smirking) Ah, the local merchants. They sell... (pausing to consider the right words) ...whatever they can get away with. (leaning in, voice taking on a menacing tone) ...You'll find all manner of goods in the market stalls, from stolen goods to black market contraband. (motions to a nearby merchant) ...That one, for example, sells... (leaning in closer) ...""acquired"" goods from the surrounding villages. (smirking) ...Let's just say that the villagers are not exactly... (pausing to choose the right words) ...enthusiastic about parting with their valuables.||(leaning back, a cold smile spreading across his face) ...But be warned, traveler, the goods in these market stalls come with a... (pausing to choose the right words) ...price. A price that you may not be willing to pay. (smirking) ...So, be careful what you buy, and from whom you buy it.||(leaning forward, eyes glinting with malevolence) ...And remember, in the Dark Lands, the line between buyer and seller is often... (pausing to choose the right words) ...blurred."
llama 31 8b instruct q4_k_m,0.077,98.647,16,256,2.672,2579,Have there been any strange rumors lately?,"(smirking) Ah, strange rumors? (chuckling) Well, there's always something brewing in the Dark Lands. (leaning in, voice taking on a conspiratorial tone) ...But I've heard whispers of a... (pausing to choose the right words) ...rebellion brewing in the north. A group of rebels, led by that insufferable Torin, are said to be gathering strength and planning a strike against my rule. (scowling) ...Foolish mortals, thinking they can challenge my authority.||(leaning back, a cold smile spreading across his face) ...And then there are the rumors of dark creatures lurking in the shadows, preying on the unwary. (smirking) ...Some say they're the spirits of the land, risen up to punish the living for their transgressions. Others claim they're mere monsters, created by dark magic and bound to serve the whims of their masters. (leaning in, voice taking on a menacing tone) ...But one thing is certain: if you're foolish enough to venture into the Dark Lands, you'll be facing dangers beyond your wildest imagination.||(leaning back, a cold gaze sweeping the room) ...So, traveler, I suggest you be careful"
llama 31 8b instruct q4_k_m,0.032,97.543,22,256,2.657,2857,I have ten silver coins. What can that buy me?,"(smirking) Ah, ten silver coins. (chuckling) Well, that's a decent amount of coin, but not enough to buy much of value in the Dark Lands. (leaning in, voice taking on a condescending tone) ...You might be able to scrounge up a few scraps of food, a flask of water, or a cheap trinket from one of the market stalls. (motions to a nearby vendor) ...That one, for example, might sell you a stale loaf of bread and a half-empty flask of water for a few coppers.||(leaning back, a cold smile spreading across his face) ...But if you're looking for something of real value, something that will give you an edge in this unforgiving land... (pausing to consider the right words) ...then you'll need to spend more than a few silver coins. (smirking) ...Perhaps you should consider offering your services to one of the local... (pausing to choose the right words) ...entrepreneurs. They might be willing to pay you a few more silver coins for your trouble.||(leaning forward, eyes glinting with malevolence) ...But be warned, traveler, in the Dark Lands, nothing"
llama 32 1b instruct q4_k_m,0.009,398.593,57,256,0.651,448,"I overheard some people whispering in the tavern earlier about some sort of trouble brewing with the local authorities. I don't want to get involved in any politics, but is there anything a traveler like myself should be aware of to avoid getting thrown in the dungeon?","(Leaning in, a hint of a smile spreading across my face) Ah, the tavern's gossip mill, how...amusing. You think you can just waltz in here and avoid trouble? Think again, traveler. The Obsidian Fortress is a fortress of intrigue, and those who dwell within have a...let's say, ""persuasive"" way of dealing with those who would seek to disrupt the natural order.||(Leaning back, steepling my fingers) As an Evil King, I've had my share of...diplomacy with the local authorities. Let's just say they're not exactly known for their...flexibility. You see, I have certain...interests in the region, and the authorities are more than happy to help me...persuade them to see things my way.||(Chuckling low in my throat) Of course, that's just a small part of the reason why you should be careful. The local villagers are not exactly...enthusiastic about outsiders, and the authorities are not exactly...reliable. You'd do well to keep your wits about you and your sword close at hand.||(Leaning in closer, my voice taking on a more menacing tone) And let's not"
llama 32 1b instruct q4_k_m,0.013,395.374,70,256,0.661,774,"I have a handful of gold pieces and a few rare gems I found in a cave a few miles back. I'm looking to trade them for sturdy traveling gear, rations that will last a month, and perhaps a reliable mount. Who in this town would give me the fairest exchange rate?","(Chuckling to myself, I lean back in my chair, steepling my fingers once more) Ah, the art of negotiation. A traveler's life is a delicate balance of gold, gems, and...persuasion.||(Leaning forward, my eyes glinting with interest) Ah, you're looking to trade, eh? Well, I might have a few...acquaintances in this town who could help facilitate a deal. The local blacksmith, Grimbold Ironfist, might be willing to part with some sturdy gear for a fair price. He's a fair man, but be warned, he's not one to be trifled with.||(Leaning back, a sly smile spreading across my face) As for rations, I'm sure the local baker, Elara Sweetwater, would be willing to part with some of her finest pastries for a decent price. She's a bit of a...free spirit, but she's got a good heart.||(Leaning forward again, my voice taking on a more serious tone) And as for mounts... (pausing for a moment) I might have a few...acquisitions that could interest you. I've been looking to acquire a few...rare beasts,"
llama 32 1b instruct q4_k_m,0.022,392.584,63,256,0.674,1093,"I'm trying to navigate to the capital city, but the maps I bought from a wandering peddler seem to be outdated or completely wrong. Can you give me detailed directions on the safest and fastest route, including any landmarks I should look out for along the way?","(Leaning back in my chair, a hint of amusement on my face) Ah, the wandering peddler, eh? Well, I'm sure they're a...reliable source of information. But, I suppose I can help you out.||(Leaning forward, a serious expression on my face) The safest and fastest route to the capital city would be to head east from here, through the rolling hills and dense forests of the countryside. You'll want to avoid any areas with a history of...unpleasantness, such as the old ruins of the ancient kingdom of Torin.||(Leaning back, a sly smile spreading across my face) From there, you'll want to follow the main trade road, which will take you through the bustling city of Willowdale. Be careful, though - the city is full of...undesirables, and the authorities are not always...reliable.||(Leaning forward again, my voice taking on a more serious tone) As you leave Willowdale, you'll want to head north, following the winding river that flows through the city. This will take you through the scenic countryside, with plenty of opportunities to see the local wildlife.||(Leaning back, a hint of a grin on my face) Along"
llama 32 1b instruct q4_k_m,0.010,393.108,59,256,0.662,1408,"I've always been interested in local legends and folklore. Does this region have any famous myths about ancient heroes, hidden treasures, or perhaps terrible curses that still haunt the surrounding forests or mountains? I love a good story before I continue my journey.","(Leaning back in my chair, a faraway look in my eyes) Ah, the local legends and folklore of this region... (pausing for a moment) Well, I've had my share of...delving into the darker corners of this world, and I've got a few stories to share with you.||(Leaning forward, a hint of a smile on my face) There's the legend of the Shadow Stag, a creature said to roam the forested mountains, preying on the unwary. Some say it's a cursed beast, born from the darkness of the forest itself. Others claim it's a harbinger of doom, a sign that the balance of nature is about to be disrupted.||(Leaning back, a serious expression on my face) And then there's the tale of the Golden Chalice of the Ancients. Said to be hidden deep within the forest, guarded by powerful magical wards and treacherous traps. Some say it's a treasure of untold value, while others claim it's a cursed artifact, bringing ruin to those who dare to seek it.||(Leaning forward again, a sly grin spreading across my face) And let's not forget the whispers of the Old Ones, the ancient beings said to have"
llama 32 1b instruct q4_k_m,0.014,388.888,71,256,0.672,1735,"I'm looking for work to earn enough coin to fund the next leg of my journey. I'm not afraid of manual labor, and I can handle myself in a fight if necessary. Are there any guilds, merchants, or local leaders who are currently hiring mercenaries, guards, or day laborers?","(Leaning back in my chair, a thoughtful expression on my face) Ah, you're looking for work, eh? Well, I've got a few...leads for you.||(Leaning forward, a hint of a smile on my face) There's a local guild of blacksmiths, the Ironhaven Forge, that's always looking for skilled laborers to help with their production. They're a decent bunch, but be warned, they're not exactly...reliable.||(Leaning back, a serious expression on my face) As for mercenaries, I've heard rumors of a group of...freelancers operating in the area, taking on jobs for the highest bidder. They're a bit of a...rogue bunch, but they might be willing to take on work for you.||(Leaning forward again, a sly grin spreading across my face) And then there's the local lord, Lord Arin the Unyielding, who's always looking for someone to help with his...security. He's got a few...positions available, but be warned, he's not exactly...friendly to strangers.||(Leaning back, a hint of a chuckle on my face) As for guards, I've heard rumors of a group of...night"
llama 32 1b instruct q4_k_m,0.009,386.729,19,202,0.532,1956,What is the name of this town?,"(Leaning back in my chair, a hint of a smile on my face) Ah, the name of this town... (pausing for a moment) It's called Ravenshire. A small, rural town nestled in the heart of the Dark Lands. (leaning forward, my voice taking on a more serious tone) But be warned, Ravenshire is not a town for the faint of heart. The Dark Lands are a treacherous place, and Ravenshire is no exception.||(Leaning back, a sly grin spreading across my face) But, if you're looking for work, Ravenshire might be a good place to start. Just be careful who you trust, and don't say I didn't warn you.||(Leaning forward again, my voice taking on a more serious tone) Now, if you'll excuse me, I have some...business to attend to. (muttering to myself) Like getting rid of a certain someone who's been causing trouble in Ravenshire..."
llama 32 1b instruct q4_k_m,0.010,381.774,16,256,0.680,2228,Who is in charge around here?,"(Leaning back in my chair, a hint of a smile on my face) Ah, the local hierarchy... (pausing for a moment) Well, around here, the lord of Ravenshire is Lord Arin the Unyielding. He's a...powerful figure, with a reputation for being ruthless and efficient. He's got a lot of...followers, and they're not afraid to use force to get what they want.||(Leaning forward, my voice taking on a more serious tone) But, be warned, Lord Arin is not one to be trifled with. He's got a...reputation for being merciless, and his word is law. If you cross him, you'll be... dealt with.||(Leaning back, a sly grin spreading across my face) And then there's the local...sheriff, who's more interested in collecting taxes and...enforcing the law than in actually keeping the peace. He's a bit of a...rogue, but he's not above using violence to get what he wants.||(Leaning forward again, my voice taking on a more serious tone) And, of course, there's the...local lord's son, who's always looking for someone to help him with his..."
llama 32 1b instruct q4_k_m,0.010,377.514,20,256,0.688,2504,What kind of goods do the local merchants sell?,"(Leaning back in my chair, a thoughtful expression on my face) Ah, the local merchants... (pausing for a moment) Well, they sell a variety of goods, but mostly it's...survivalist supplies. Food, water, tools, and other necessities for those who venture into the Dark Lands. They're a bit of a...rescue service, really.||(Leaning forward, my voice taking on a more serious tone) They also sell...rare and exotic goods, like enchanted potions, magical artifacts, and...other curiosities. Some of them are quite...unusual, and might be worth a pretty penny to the right buyer.||(Leaning back, a sly grin spreading across my face) But, be warned, the local merchants are not always...honest. They might sell you a...piece of junk, or a fake artifact, just to make a quick profit. And, of course, there are the...black market traders, who deal in...illicit goods. They're not always...trustworthy, either.||(Leaning forward again, my voice taking on a more serious tone) As for the local lord's son, he's more interested in...showcasing his wealth and power."
llama 32 1b instruct q4_k_m,0.010,374.484,18,256,0.694,2778,Have there been any strange rumors lately?,"(Leaning back in my chair, a serious expression on my face) Ah, strange rumors... (pausing for a moment) Well, there have been a few whispers lately about...unexplained occurrences in the area. Some folks have reported seeing shadowy figures lurking in the woods, while others have spoken of hearing eerie whispers in the dead of night.||(Leaning forward, my voice taking on a more serious tone) There have also been rumors of...disappearances, and some folks have even reported finding strange symbols etched into the trees. Some say it's the work of the Shadow Stag, while others claim it's the work of the Old Ones themselves.||(Leaning back, a sly grin spreading across my face) And then there are the rumors of...the Lost Expedition. Some folks say that a group of brave adventurers, led by a certain...Torin, ventured into the Dark Lands and never returned. Others say that they were consumed by the very darkness they sought to conquer.||(Leaning forward again, my voice taking on a more serious tone) But, be warned, the Dark Lands are full of...rumors and half-truths. It's hard to tell what's true and what's not. (leaning back,"
llama 32 1b instruct q4_k_m,0.011,370.871,22,256,0.701,3056,I have ten silver coins. What can that buy me?,"(Leaning back in my chair, a hint of a smile on my face) Ah, the value of silver coins... (pausing for a moment) Well, with ten silver coins, you can buy a decent amount of...survival gear, like a few days' worth of rations, a waterskin, and some rope.||(Leaning forward, my voice taking on a more serious tone) You can also buy a small...toolset, like a pickaxe, a shovel, and a few basic tools. And, if you're feeling...adventurous, you can try to scrounge up some...rare herbs or minerals, which might be worth a pretty penny to the right buyer.||(Leaning back, a sly grin spreading across my face) But, be warned, the local merchants are not always...honest. They might sell you a...piece of junk, or a fake artifact, just to make a quick profit. And, of course, there are the...black market traders, who deal in...illicit goods. They're not always...trustworthy, either.||(Leaning forward again, my voice taking on a more serious tone) As for the local lord's son, he's more interested in"
llama 32 3b instruct q4_k_m,0.028,192.699,57,256,1.357,448,"I overheard some people whispering in the tavern earlier about some sort of trouble brewing with the local authorities. I don't want to get involved in any politics, but is there anything a traveler like myself should be aware of to avoid getting thrown in the dungeon?","(Garrick's voice, low and menacing) Ah, a traveler, how... quaint. You think you can avoid the troubles of the world by staying in a tavern, drinking ale and listening to gossip? I think not. The Dark Lands are not for the faint of heart, and those who venture here must be prepared to face the consequences.||As for the whispers you overheard, I can tell you that the local authorities are indeed stirring up trouble. The villagers have been complaining about the... ""encroachments"" of the shadow army, and the Dark Lands are not pleased. You see, I have a certain... arrangement with the local lord, and he has been... persuaded to take a more... aggressive stance against those who would dare to oppose me.||You should be aware that the roads are not safe, and the villagers are growing restless. If you value your life, you would do well to steer clear of any... unpleasantness. But, I must warn you, traveler, the Dark Lands are not a place for the timid. Those who venture here must be prepared to face the darkness within themselves.||(leaning in, a hint of malevolence in his voice) And, of course, there is always the matter of Torin. That meddling hero"
llama 32 3b instruct q4_k_m,0.026,195.338,70,256,1.337,774,"I have a handful of gold pieces and a few rare gems I found in a cave a few miles back. I'm looking to trade them for sturdy traveling gear, rations that will last a month, and perhaps a reliable mount. Who in this town would give me the fairest exchange rate?","(Garrick's voice, dripping with disdain) Ah, a trader, how... amusing. You think you can haggle with the likes of me? I am the Evil King, ruler of the Dark Lands. My prices are not for the likes of you.||However, I can suggest a few... ""entrepreneurs"" in the town who might be willing to part with their wares for a fair price. There's Old Man Thorne, the blacksmith, who might be willing to trade you some sturdy gear for your gems. He's a bit of a miser, but he's not entirely unsavory.||As for rations, you might be able to find some decent provisions at the local market. The vendors are a bit... unreliable, but they might be willing to part with some decent food and water for a fair price.||And as for a reliable mount, I'm afraid you'll have to look elsewhere. The Dark Lands are not exactly known for their... hospitality to travelers. You might be able to find a horse or a mule at the local stable, but be warned, they're not exactly... well-cared for.||(leaning back in his chair, a cold smile spreading across his face) But, I can offer you something"
llama 32 3b instruct q4_k_m,0.026,192.353,64,256,1.357,1094,"I'm trying to navigate to the capital city, but the maps I bought from a wandering peddler seem to be outdated or completely wrong. Can you give me detailed directions on the safest and fastest route, including any landmarks I should look out for along the way?","(Garrick's voice, dripping with malice) Ah, the capital city, how... quaint. You think you can just waltz in there, don't you? The capital city is a place of... great importance to me, and I'm afraid it's not exactly... welcoming to travelers.||However, I can give you directions on how to get there, if you must know. But don't say I didn't warn you. The route I'll give you is not for the faint of heart. You'll be passing through the Shadowwood Forest, a place of dark magic and twisted creatures. And then, of course, there's the River of Bones, a place where the waters run red with the blood of the innocent.||To get to the capital city, follow the road east from here, but be warned, the road is treacherous, and the forest is full of... surprises. Look for the old windmill on the outskirts of the forest, it's a landmark that will guide you through the treacherous terrain.||As you journey on, keep an eye out for the signs of the shadow army. They're always lurking, waiting to strike. And don't think for a moment that you're safe, even in the daylight. The"
llama 32 3b instruct q4_k_m,0.020,190.968,59,256,1.361,1409,"I've always been interested in local legends and folklore. Does this region have any famous myths about ancient heroes, hidden treasures, or perhaps terrible curses that still haunt the surrounding forests or mountains? I love a good story before I continue my journey.","(Garrick's voice, a hint of amusement) Ah, a lover of legends, how... entertaining. Yes, the Dark Lands have its share of myths and folklore, and I'll indulge you in a few of them.||There's the legend of the ancient hero, Tharros the Unyielding, who was said to have defeated the dark sorcerer, Xaren, in a battle that shook the very foundations of the land. They say that Tharros' sword, the Dragon's Tooth, still lies hidden in the mountains, waiting for the worthy to claim it.||And then, of course, there's the tale of the cursed treasure of the Golden Scepter. It's said that the scepter was forged in the depths of the underworld, and those who possess it are granted unimaginable power, but at a terrible cost. The scepter is said to be hidden deep within the Shadowwood Forest, guarded by the spirits of the ancient dead.||But beware, traveler, for the Dark Lands are not for the faint of heart. The forests are said to be haunted by the vengeful spirits of those who have been wronged by the shadow army. And the mountains are home to the dreaded Wyrm of the Black Peak, a beast said"
llama 32 3b instruct q4_k_m,0.028,187.334,71,256,1.394,1736,"I'm looking for work to earn enough coin to fund the next leg of my journey. I'm not afraid of manual labor, and I can handle myself in a fight if necessary. Are there any guilds, merchants, or local leaders who are currently hiring mercenaries, guards, or day laborers?","(Garrick's voice, a cold glint in his eye) Ah, a mercenary, how... fitting. You think you can just waltz in here and offer your services to the highest bidder? I think not. But, I can suggest a few... opportunities for you to consider.||There's the local lord's manor, where they're always looking for guards and mercenaries to protect their... interests. But be warned, the lord is not a man to be trifled with, and his expectations are... high.||As for guilds, there's the local thieves' guild, the Shadowhand Clan. They're always looking for new recruits, but be warned, they're not exactly... reputable. And then, of course, there's the local blacksmith, Old Man Thorne. He's always looking for strong arms to help him with his... ""business"".||But, if you're looking for something a bit more... lucrative, I might have a proposition for you. I'm always looking for new recruits to join my shadow army. It's not exactly a... noble cause, but the pay is good, and the work is... satisfying.||(leaning forward, a hint of menace in his voice) But, be warned, traveler, once"
llama 32 3b instruct q4_k_m,0.018,185.826,19,140,0.771,1895,What is the name of this town?,"(Garrick's voice, a cold, mirthless smile) Ah, the town. It's called Ravenshire, a small, insignificant place nestled in the heart of the Dark Lands. A town where the people live in fear of the shadow army, and the darkness that lurks within. It's a place where hope is a distant memory, and despair is a constant companion.||Ravenshire is my domain, my stronghold, and my prison. It's where I hold court, where I rule with an iron fist, and where I wait for the perfect moment to strike. And now, you're here, in my town, under my watchful eye. How... convenient."
llama 32 3b instruct q4_k_m,0.018,182.672,17,224,1.245,2136,Who is in charge around here?,"(Garrick's voice, a low, menacing chuckle) Ah, the question everyone wants to know. Who is in charge around here? Well, let me tell you, traveler. I am the one in charge. I am the Evil King, ruler of the Dark Lands, and lord of Ravenshire. I am the one who holds the power, who wields the darkness, and who will stop at nothing to achieve my goals.||The local lord, the one I mentioned earlier, is a mere puppet, a figurehead, a distraction. He thinks he's in charge, but I'm the one who pulls the strings, who makes the decisions, and who decides who lives and who dies.||And as for the villagers, they're just... subjects, pawns in my game. They think they're free, but they're not. They're trapped in this town, in this land, under my rule. And they'll do as I say, or suffer the consequences.||So, to answer your question, traveler, I am the one in charge. And you would do well to remember it."
llama 32 3b instruct q4_k_m,0.019,180.104,19,256,1.440,2411,What kind of goods do the local merchants sell?,"(Garrick's voice, a cold, calculating tone) Ah, the local merchants. They sell what they can, what they think will appeal to the few travelers who dare to venture into the Dark Lands. You'll find them selling all manner of goods, from rusty swords and worn leather armor to tattered cloaks and broken shields.||They'll also sell you... ""luxuries"", such as fine silks and spices, but at a steep price, of course. And if you're lucky, you might even find some rare and exotic goods, like dragon's breath or shadowstone, but those are usually reserved for those who are willing to pay the highest price.||But be warned, traveler, the merchants here are not to be trusted. They'll take your money, but they'll also take your soul. And if you're not careful, you'll end up owing them a debt that you'll never be able to repay.||(leaning forward, a hint of menace in his voice) And if you try to leave Ravenshire without paying your debt, I'll make sure you regret it. I'll send my shadow army to collect what's owed, and you'll wish you had never set foot in this town.||So, be careful what you buy, traveler."
llama 32 3b instruct q4_k_m,0.019,177.557,18,256,1.461,2685,Have there been any strange rumors lately?,"(Garrick's voice, a hint of interest) Ah, strange rumors. Yes, there have been a few... whispers lately. Whispers of a prophecy, of a great and powerful hero who will bring light to the Dark Lands. Some say it's a fool's errand, that the hero will never come, but others claim to have seen the hero's symbol etched into the walls of the nearby mountains.||There's also been talk of a cursed treasure, hidden deep within the Shadowwood Forest. Some say it's a treasure of great power, but others claim it's a curse that will bring ruin to anyone who touches it.||And then, of course, there's the rumor of a traitor in our midst. Some say it's one of the villagers, someone who's been secretly working with the heroes who seek to overthrow me. Others claim it's one of my own shadow army, someone who's been playing both sides against each other.||(leaning back in his chair, a cold smile spreading across his face) But I think the most interesting rumor of all is the one about Torin. Some say he's coming back, that he'll bring light to the Dark Lands and destroy me once and for all. (chuckling to himself)"
llama 32 3b instruct q4_k_m,0.020,174.586,22,256,1.486,2963,I have ten silver coins. What can that buy me?,"(Garrick's voice, a cold, calculating tone) Ah, ten silver coins. Not a lot, but enough to get you something... useful. Let me think for a moment.||With ten silver coins, you can buy a decent meal at the local tavern, a place called the Black Boar. They serve a variety of dishes, from roasted meats to stews and soups. You can also buy a room for the night, if you're not planning on leaving Ravenshire anytime soon.||If you're looking for something more... substantial, you can try to buy some supplies from Old Man Thorne, the local blacksmith. He sells a variety of goods, from tools and armor to swords and shields. With ten silver coins, you might be able to buy a basic sword or a set of common armor.||But let's be real, traveler. Ten silver coins won't get you very far in the Dark Lands. You'll need more than that to survive, to thrive. And if you're not careful, you'll find yourself in debt to the wrong people. People like me.||(leaning forward, a hint of menace in his voice) So, what will it be, traveler? Will you spend your ten silver coins wisely, or will you let"
minicpm5 1b q4_k_m,0.011,378.993,56,51,0.145,257,"I overheard some people whispering in the tavern earlier about some sort of trouble brewing with the local authorities. I don't want to get involved in any politics, but is there anything a traveler like myself should be aware of to avoid getting thrown in the dungeon?","I overheard some people whispering in the tavern earlier about some sort of trouble brewing with the local authorities. I don't want to get involved in any politics, but is there anything a traveler like myself should be aware of to avoid getting thrown in the dungeon?"
minicpm5 1b q4_k_m,0.016,395.489,73,51,0.145,381,"I have a handful of gold pieces and a few rare gems I found in a cave a few miles back. I'm looking to trade them for sturdy traveling gear, rations that will last a month, and perhaps a reliable mount. Who in this town would give me the fairest exchange rate?","I overheard some people whispering in the tavern earlier about some sort of trouble brewing with the local authorities. I don't want to get involved in any politics, but is there anything a traveler like myself should be aware of to avoid getting thrown in the dungeon?"
minicpm5 1b q4_k_m,0.016,411.587,68,51,0.140,500,"I'm trying to navigate to the capital city, but the maps I bought from a wandering peddler seem to be outdated or completely wrong. Can you give me detailed directions on the safest and fastest route, including any landmarks I should look out for along the way?","I overheard some people whispering in the tavern earlier about some sort of trouble brewing with the local authorities. I don't want to get involved in any politics, but is there anything a traveler like myself should be aware of to avoid getting thrown in the dungeon?"
minicpm5 1b q4_k_m,0.012,411.839,63,51,0.136,614,"I've always been interested in local legends and folklore. Does this region have any famous myths about ancient heroes, hidden treasures, or perhaps terrible curses that still haunt the surrounding forests or mountains? I love a good story before I continue my journey.","I overheard some people whispering in the tavern earlier about some sort of trouble brewing with the local authorities. I don't want to get involved in any politics, but is there anything a traveler like myself should be aware of to avoid getting thrown in the dungeon?"
minicpm5 1b q4_k_m,0.015,417.022,73,28,0.082,715,"I'm looking for work to earn enough coin to fund the next leg of my journey. I'm not afraid of manual labor, and I can handle myself in a fight if necessary. Are there any guilds, merchants, or local leaders who are currently hiring mercenaries, guards, or day laborers?","I avoided getting involved in any politics, but is there anything a traveler like myself should be aware of to avoid getting thrown in the dungeon?"
minicpm5 1b q4_k_m,0.009,423.973,22,28,0.075,765,What is the name of this town?,"I avoided getting involved in any politics, but is there anything a traveler like ourselves should be aware of to avoid getting thrown in the dungeon?"
minicpm5 1b q4_k_m,0.009,419.894,21,28,0.076,814,Who is in charge around here?,"I avoided getting involved in any politics, but is there anything a traveler like ourselves should be aware of to avoid getting thrown in the dungeon?"
minicpm5 1b q4_k_m,0.009,424.755,24,28,0.075,866,What kind of goods do the local merchants sell?,"I avoided getting involved in any politics, but is there anything a traveler like ourselves should be aware of to avoid getting thrown in the dungeon?"
minicpm5 1b q4_k_m,0.009,419.952,22,28,0.076,916,Have there been any strange rumors lately?,"I avoided getting involved in any politics, but is there anything a traveler like ourselves should be aware of to avoid getting thrown in the dungeon?"
minicpm5 1b q4_k_m,0.009,426.800,26,28,0.075,970,I have ten silver coins. What can that buy me?,"I avoided getting involved in any politics, but is there anything a traveler like ourselves should be aware of to avoid getting thrown in the dungeon?"
minicpm5 2b q4_k_m,0.030,209.578,56,196,0.965,402,"I overheard some people whispering in the tavern earlier about some sort of trouble brewing with the local authorities. I don't want to get involved in any politics, but is there anything a traveler like myself should be aware of to avoid getting thrown in the dungeon?","<Garrick, rules, the Dark Lands>|<Garrick, commands, the shadow army>|<Garrick, wields, dark magic>|<Garrick, seeks, world domination>|<Garrick, hates, Torin>|<Garrick, resides, the Obsidian Fortress>|<Garrick, enslaves, villagers>|<Garrick, destroys, kingdoms>|<Garrick, wears, spiked armor>|<Garrick, tortures, prisoners>||<REASONING>|Travelers in the Dark Lands are always at risk of being pulled into the reach of the Evil King's influence. While there's no direct political involvement required, staying aware of local tensions is wise. The Obsidian Fortress is a place of absolute control, and any perceived dissent can be met with swift, dark consequences. Remember: in the Dark Lands, silence is not a choice—it's a threat.|</REASONING>"
minicpm5 2b q4_k_m,0.033,213.514,73,215,1.040,690,"I have a handful of gold pieces and a few rare gems I found in a cave a few miles back. I'm looking to trade them for sturdy traveling gear, rations that will last a month, and perhaps a reliable mount. Who in this town would give me the fairest exchange rate?","<Garrick, rules, the Dark Lands>|<Garrick, commands, the shadow army>|<Garrick, wields, dark magic>|<Garrick, seeks, world domination>|<Garrick, hates, Torin>|<Garrick, resides, the Obsidian Fortress>|<Garrick, enslaves, villagers>|<Garrick, destroys, kingdoms>|<Garrick, wears, spiked armor>|<Garrick, tortures, prisoners>||<REASONING>|In the Dark Lands, the value of goods is often tied to the power of the giver. The Obsidian Fortress is a place of absolute control, and any merchant who dares to trade with Garrick's shadow army will likely be viewed with suspicion. However, if you can find a neutral merchant who has no affiliation with the Evil King, you might be able to negotiate a fair exchange. Remember: in the Dark Lands, even a small act of defiance can be met with swift, dark consequences.|</REASONING>"
minicpm5 2b q4_k_m,0.032,212.058,68,234,1.136,992,"I'm trying to navigate to the capital city, but the maps I bought from a wandering peddler seem to be outdated or completely wrong. Can you give me detailed directions on the safest and fastest route, including any landmarks I should look out for along the way?","<Garrick, rules, the Dark Lands>|<Garrick, commands, the shadow army>|<Garrick, wields, dark magic>|<Garrick, seeks, world domination>|<Garrick, hates, Torin>|<Garrick, resides, the Obsidian Fortress>|<Garrick, enslaves, villagers>|<Garrick, destroys, kingdoms>|<Garrick, wears, spiked armor>|<Garrick, tortures, prisoners>||<REASONING>|In the Dark Lands, maps are often unreliable, and the safest route is to avoid the capital city entirely. The Obsidian Fortress is a place of absolute control, and any attempt to reach the capital could be seen as a threat to its authority. Instead, you should stick to the safer, more remote areas of the Dark Lands. Keep an eye out for the ancient ruins of the Old City, which are known to be a safe haven from the Evil King's influence. However, remember: in the Dark Lands, even a small act of defiance can be met with swift, dark consequences.|</REASONING>"
minicpm5 2b q4_k_m,0.028,214.827,63,206,0.987,1261,"I've always been interested in local legends and folklore. Does this region have any famous myths about ancient heroes, hidden treasures, or perhaps terrible curses that still haunt the surrounding forests or mountains? I love a good story before I continue my journey.","<Garrick, rules, the Dark Lands>|<Garrick, commands, the shadow army>|<Garrick, wields, dark magic>|<Garrick, seeks, world domination>|<Garrick, hates, Torin>|<Garrick, resides, the Obsidian Fortress>|<Garrick, enslaves, villagers>|<Garrick, destroys, kingdoms>|<Garrick, wears, spiked armor>|<Garrick, tortures, prisoners>||<REASONING>|In the Dark Lands, the legends are often twisted by the very darkness they describe. The tales of ancient heroes are usually dismissed as mere myth, but the real danger lies in the forgotten curses that linger in the forests and mountains. If you want a story that feels authentic, you should look to the old, forgotten texts of the Shadow Army. Remember: in the Dark Lands, even a small act of defiance can be met with swift, dark consequences.|</REASONING>"
minicpm5 2b q4_k_m,0.037,213.124,73,216,1.051,1550,"I'm looking for work to earn enough coin to fund the next leg of my journey. I'm not afraid of manual labor, and I can handle myself in a fight if necessary. Are there any guilds, merchants, or local leaders who are currently hiring mercenaries, guards, or day laborers?","<Garrick, rules, the Dark Lands>|<Garrick, commands, the shadow army>|<Garrick, wields, dark magic>|<Garrick, seeks, world domination>|<Garrick, hates, Torin>|<Garrick, resides, the Obsidian Fortress>|<Garrick, enslaves, villagers>|<Garrick, destroys, kingdoms>|<Garrick, wears, spiked armor>|<Garrick, tortures, prisoners>||<REASONING>|In the Dark Lands, the only reliable source of labor is the Shadow Army itself. The Obsidian Fortress is a place of absolute control, and any merchant or guild that offers work to you will likely be under the influence of the Evil King's shadow. However, if you can find a neutral merchant who has no affiliation with the Evil King, you might be able to negotiate a fair exchange. Remember: in the Dark Lands, even a small act of defiance can be met with swift, dark consequences.|</REASONING>"
minicpm5 2b q4_k_m,0.028,212.662,22,194,0.940,1766,What is the name of this town?,"<Garrick, rules, the Dark Lands>|<Garrick, commands, the shadow army>|<Garrick, wields, dark magic>|<Garrick, seeks, world domination>|<Garrick, hates, Torin>|<Garrick, resides, the Obsidian Fortress>|<Garrick, enslaves, villagers>|<Garrick, destroys, kingdoms>|<Garrick, wears, spiked armor>|<Garrick, tortures, prisoners>||<REASONING>|The town you are in is likely the Obsidian Fortress, the capital of the Dark Lands. However, the name of the town itself is not explicitly mentioned in the available knowledge base. If you can find more information about the town, you might be able to uncover its true name. Remember: in the Dark Lands, even a small act of defiance can be met with swift, dark consequences.|</REASONING>"
minicpm5 2b q4_k_m,0.026,208.488,21,198,0.976,1985,Who is in charge around here?,"<Garrick, rules, the Dark Lands>|<Garrick, commands, the shadow army>|<Garrick, wields, dark magic>|<Garrick, seeks, world domination>|<Garrick, hates, Torin>|<Garrick, resides, the Obsidian Fortress>|<Garrick, enslaves, villagers>|<Garrick, destroys, kingdoms>|<Garrick, wears, spiked armor>|<Garrick, tortures, prisoners>||<REASONING>|The Obsidian Fortress is the seat of power in the Dark Lands, and its authority is maintained by the Shadow Army. However, the specific leader of the town is not mentioned in the available knowledge base. If you can find more information about the town, you might be able to uncover its true leader. Remember: in the Dark Lands, even a small act of defiance can be met with swift, dark consequences.|</REASONING>"
minicpm5 2b q4_k_m,0.029,206.030,24,204,1.019,2213,What kind of goods do the local merchants sell?,"<Garrick, rules, the Dark Lands>|<Garrick, commands, the shadow army>|<Garrick, wields, dark magic>|<Garrick, seeks, world domination>|<Garrick, hates, Torin>|<Garrick, resides, the Obsidian Fortress>|<Garrick, enslaves, villagers>|<Garrick, destroys, kingdoms>|<Garrick, wears, spiked armor>|<Garrick, tortures, prisoners>||<REASONING>|The local merchants in the Dark Lands are often under the influence of the Evil King's shadow. The goods they sell may include exotic items, dark magic artifacts, and supplies for the Shadow Army. However, if you can find a neutral merchant who has no affiliation with the Evil King, you might be able to negotiate a fair exchange. Remember: in the Dark Lands, even a small act of defiance can be met with swift, dark consequences.|</REASONING>"
minicpm5 2b q4_k_m,0.029,205.880,22,210,1.049,2445,Have there been any strange rumors lately?,"<Garrick, rules, the Dark Lands>|<Garrick, commands, the shadow army>|<Garrick, wields, dark magic>|<Garrick, seeks, world domination>|<Garrick, hates, Torin>|<Garrick, resides, the Obsidian Fortress>|<Garrick, enslaves, villagers>|<Garrick, destroys, kingdoms>|<Garrick, wears, spiked armor>|<Garrick, tortures, prisoners>||<REASONING>|In the Dark Lands, rumors are often spread by the Shadow Army to maintain its influence. The Evil King's hatred for Torin is a well-known secret, and any mention of it could be a sign of impending danger. However, if you can find a neutral merchant who has no affiliation with the Evil King, you might be able to negotiate a fair exchange. Remember: in the Dark Lands, even a small act of defiance can be met with swift, dark consequences.|</REASONING>"
minicpm5 2b q4_k_m,0.030,206.033,26,192,0.962,2663,I have ten silver coins. What can that buy me?,"<Garrick, rules, the Dark Lands>|<Garrick, commands, the shadow army>|<Garrick, wields, dark magic>|<Garrick, seeks, world domination>|<Garrick, hates, Torin>|<Garrick, resides, the Obsidian Fortress>|<Garrick, enslaves, villagers>|<Garrick, destroys, kingdoms>|<Garrick, wears, spiked armor>|<Garrick, tortures, prisoners>||<REASONING>|In the Dark Lands, ten silver coins are a small amount of currency. However, the value of goods can vary greatly depending on the source. If you can find a neutral merchant who has no affiliation with the Evil King, you might be able to negotiate a fair exchange. Remember: in the Dark Lands, even a small act of defiance can be met with swift, dark consequences.|</REASONING>"
ministral 3 14b instruct 2512 q4_k_m,0.066,60.192,58,256,4.320,457,"I overheard some people whispering in the tavern earlier about some sort of trouble brewing with the local authorities. I don't want to get involved in any politics, but is there anything a traveler like myself should be aware of to avoid getting thrown in the dungeon?","*Garrick leans forward in his shadowed throne, his spiked armor clinking ominously as he smirks with a mix of amusement and malice. The Obsidian Fortress looms behind him, its jagged spires piercing the storm-wracked sky.*||**""Ahhh, a wise traveler—one who knows the value of discretion.""** *His voice is a rasping growl, like gravel shifting beneath a boot.* **""The local authorities? *Pah.* They are but puppets, trembling in the grip of fear. But fear is a tool, my friend—one I wield *exquisitely*.""**||*He taps a clawed finger against the armrest of his throne, the gesture dripping with dark satisfaction.*||**""Tell me, traveler—do you seek passage through the Dark Lands, or are you merely passing through the *periphery* of my dominion?""** *His eyes narrow, glinting with the cold light of dark magic.* **""If you value your freedom—and perhaps your *sanity*—you would do well to avoid the following:**||1. **The Road to Eldermere.** *The authorities have ""fortified"" it with patrols. Fools. They think steel"
ministral 3 14b instruct 2512 q4_k_m,0.069,59.717,64,256,4.356,777,"I have a handful of gold pieces and a few rare gems I found in a cave a few miles back. I'm looking to trade them for sturdy traveling gear, rations that will last a month, and perhaps a reliable mount. Who in this town would give me the fairest exchange rate?","*Garrick’s laughter echoes through the chamber like the creaking of ancient, rotting bones, his spiked armor rattling as he leans back in his throne. The shadows around him seem to writhe, as if the very air is alive with his amusement.*||**""Ahhh, a *practical* traveler!** *He strokes his chin, the gesture almost paternal—if a father were a monstrous warlord with a taste for cruelty.* **""Gold and gems? How *quaint.* But tell me—did you *earn* these treasures, or did you simply *take* them? The Dark Lands have a way of rewarding the bold... and punishing the greedy.""**||*He fixes you with a piercing, unblinking gaze, his dark magic flickering like embers in his pupils.*||**""Now, as for your *needs*—""** *He snaps his fingers, and a hulking, scarred lieutenant materializes from the shadows, bowing low.* **""Send word to Vexis the Fence in the Black Market. She deals in *silent* transactions—no questions asked. But be warned: she is cunning, and her prices are... *flexible.*""**||*"
ministral 3 14b instruct 2512 q4_k_m,0.056,59.270,58,256,4.375,1091,"I'm trying to navigate to the capital city, but the maps I bought from a wandering peddler seem to be outdated or completely wrong. Can you give me detailed directions on the safest and fastest route, including any landmarks I should look out for along the way?","*Garrick’s grin splits his face like a jagged blade, his voice dripping with the kind of amusement one might reserve for a fool about to walk into a trap—one he’s already laid.*||**""Ahhh, *maps*? *Pfft.*""** *He waves a dismissive hand, and the shadows behind him twist into the shape of a crumbling, bloodstained parchment before dissolving into smoke.* **""The capital? *How quaint.* You seek the heart of the kingdom—the very place where the *weak* cling to their delusions of safety.""**||*He leans forward, his spiked armor scraping against the obsidian throne as he lowers his voice to a venomous whisper.*||**""Listen closely, traveler, for I shall grant you this *one* mercy: a path that is neither the *fastest* nor the *safest*—but the *least likely* to leave you as fertilizer for the crows.""**||---||### **Garrick’s ""Generous"" Route to the Capital**|*(Safe? No. Fast? Barely. But you’ll live—if you’re clever.)*||#### **1. The Blackthorn Pass (The ""Shortcut"" That Isn’t"
ministral 3 14b instruct 2512 q4_k_m,0.056,59.132,55,256,4.385,1402,"I've always been interested in local legends and folklore. Does this region have any famous myths about ancient heroes, hidden treasures, or perhaps terrible curses that still haunt the surrounding forests or mountains? I love a good story before I continue my journey.","*Garrick’s laughter booms through the Obsidian Fortress, shaking the very stones as he slams a gauntleted fist onto the armrest of his throne. The shadows behind him writhe like living things, coalescing into the flickering forms of forgotten horrors before dissolving into smoke.*||**""Ahhh, *stories*?""** *His grin is a blade unsheathed, his voice a growl thick with dark delight.* **""You seek tales of heroes? *Fools.* Of treasures? *Lures.* Of curses? *Warnings*—if you had the sense to heed them.""**||*He leans forward, his spiked armor glinting like the teeth of some great beast, and gestures for you to come closer. The air grows heavy, as if the weight of ancient sorrows presses down upon you.*||---||### **The Legends of the Dark Lands (As Told by Garrick, the Evil King)**||#### **1. The Curse of Vorthas the Betrayer**|*""Long ago, in the days when kings still wore crowns of gold and not iron, there was a warrior named Vorthas. He was sworn to protect the *Last Light*, a relic said to banish darkness"
ministral 3 14b instruct 2512 q4_k_m,0.075,58.626,65,256,4.442,1723,"I'm looking for work to earn enough coin to fund the next leg of my journey. I'm not afraid of manual labor, and I can handle myself in a fight if necessary. Are there any guilds, merchants, or local leaders who are currently hiring mercenaries, guards, or day laborers?","*Garrick’s laughter echoes like the grinding of blades against stone, his spiked armor groaning as he leans forward, his dark eyes gleaming with something between amusement and hunger. The shadows in the Obsidian Fortress seem to twist into the shapes of chains and weapons, only to dissolve back into the gloom.*||**""Work? *Ahhh*, you seek coin to fund your *foolish* journey?""** *He taps a clawed finger against his chin, his voice dripping with mock sympathy.* **""The Dark Lands are a cruel mistress, traveler. They do not *give*—they *take*. But if you are willing to bleed for your gold, then by the Dark Pact, I shall point you toward the *least* terrible opportunities.""**||*He snaps his fingers, and a hulking, scarred lieutenant materializes from the shadows, bowing low before disappearing again. When he returns, he carries a tattered scroll, which he unfurls with a dramatic flourish.*||---||### **Garrick’s ""Opportunities"" for the Desperate (and the Deadly)**||#### **1. The Iron Fang Mercenary Guild (Hiring in the Black Market)**|*""A den of cutth"
ministral 3 14b instruct 2512 q4_k_m,0.048,58.224,11,256,4.445,1990,What is the name of this town?,"*Garrick’s laughter is a thunderous, mocking peal that shakes the very foundations of the Obsidian Fortress. He slams his gauntleted fist onto the armrest of his throne, the spiked armor groaning like a dying beast. The shadows behind him writhe, forming the jagged silhouette of a town before dissolving into smoke.*||**""This town?""** *His voice is a venomous hiss, thick with dark amusement.* **""You dare ask *me*—the Dark King—what *my* domain is called? Very well, I shall indulge your ignorance.""**||*He leans forward, his breath reeking of sulfur and old blood, and hisses the name like a curse.*||**""You stand in the ruins of *Blackhollow*. Or—if you prefer the name the *weak* whisper in the taverns—*Vorthas’ Maw*.""**||*He smirks, his grin splitting his face like a cracked mirror.*||**""A fitting name, is it not? For this was once a thriving town—until *I* made it *mine*.""** *His voice drops to a growl.* **""Now it is a nest of thieves, a den of traitors, and a"
ministral 3 14b instruct 2512 q4_k_m,0.049,57.876,10,256,4.472,2256,Who is in charge around here?,"*Garrick’s laughter is a deep, rumbling growl that seems to shake the very bones of the earth beneath your feet. He leans back in his throne, his spiked armor scraping against the obsidian stone, and fixes you with a gaze that burns like embers in a funeral pyre.*||**""In charge?""** *He repeats the words slowly, as if savoring the taste of them.* **""Ahhh, but that is the *funny* part, isn’t it?""** *His voice drips with dark amusement, each syllable sharp as a dagger.*||*He snaps his fingers, and the shadows around him twist into the shapes of broken banners and shattered sigils—each one representing a fallen leader, a crushed rebellion, or a traitor’s last breath.*||**""Here? *I* am in charge.""** *His words are a blade unsheathed, cold and final.* **""The local *puppets*—the so-called 'mayor,' the 'high sheriff,' the 'council of elders'—""** *He scoffs, the sound like dry leaves skittering across stone.* **""They are but *figures*, traveler. Marionettes dancing on strings I pull from the"
ministral 3 14b instruct 2512 q4_k_m,0.051,57.530,12,256,4.501,2524,What kind of goods do the local merchants sell?,"*Garrick’s laughter slithers through the Obsidian Fortress like a serpent, his spiked armor groaning as he leans forward, his dark eyes gleaming with the cold light of dark magic. The shadows behind him twist into the shapes of rusted blades, tattered banners, and sacks of coin—only to dissolve into smoke once more.*||**""Merchants?""** *He spits the word like a curse, his voice dripping with disdain.* **""Ahhh, but the *weak* must trade, must they not? Even in the shadow of my throne, the fools cling to their little markets, their little *dreams* of profit.""** *He waves a dismissive hand, and the shadows coalesce into the flickering forms of stalls, each one groaning under the weight of wares that would make a lesser soul weep with envy—or despair.*||---||### **The Wares of Blackhollow (As Told by Garrick, the Evil King)**||#### **1. The Black Market (Where Desperation Meets Greed)**|*""Hidden beneath the ruins of the old granary, Vexis the Fence and her ilk deal in the *forbidden* and the *f"
ministral 3 14b instruct 2512 q4_k_m,0.051,57.098,11,256,4.534,2791,Have there been any strange rumors lately?,"*Garrick’s laughter is a jagged, broken thing—like the cracking of ancient ice over a frozen lake. He leans forward in his throne, the spiked armor groaning as he fixes you with a gaze that burns like the last embers of a dying fire. The shadows behind him writhe, forming the shapes of whispers, only to dissolve into smoke once more.*||**""Strange rumors?""** *His voice is a rasping growl, thick with dark amusement.* **""Ahhh, but the Dark Lands *breed* strange rumors, don’t they? Like maggots in the flesh of the dead, they fester and spread.""** *He snaps his fingers, and the shadows twist into the shapes of trembling villagers, their mouths moving in silent screams before dissolving into nothing.*||*He leans in closer, his breath reeking of sulfur and old blood.*||**""Very well. If you insist on playing the fool’s game of *listening*, then listen closely—**""**||---||### **The Strange Rumors of Blackhollow (As Collected by Garrick)**||#### **1. The Whispers of the Hollow Men**|*""They say the *Hollow Men* have returned.""* *Garrick’s voice drops to"
ministral 3 14b instruct 2512 q4_k_m,0.051,56.766,15,256,4.561,3062,I have ten silver coins. What can that buy me?,"*Garrick’s laughter is a low, rumbling growl, like distant thunder rolling across a battlefield of the dead. He leans back in his throne, his spiked armor glinting in the dim light of the Obsidian Fortress, and fixes you with a gaze that seems to see right through your soul. The shadows behind him twist into the shape of a coin purse, only to dissolve into smoke once more.*||**""Ten silver coins?""** *He repeats the words slowly, as if tasting them like a fine wine—or perhaps a poison.* **""Ahhh, but in *my* domain, even silver has *weight*.""** *He snaps his fingers, and a hulking, scarred lieutenant materializes from the shadows, bowing low before presenting a rusted iron tray. Upon it rests a single, tarnished silver coin—his ""gift"" to you for your audacity.*||*""Take it. It is *yours*, now. But tell me, traveler—do you seek *luxury*, or merely *survival*?""*||---||### **What Ten Silver Coins Can Buy in Blackhollow (As Dictated by Garrick)**||#### **1. A Meal Fit for a Beggar"
ministral 3 3b instruct 2512 q4_k_m,0.029,140.076,58,256,1.857,457,"I overheard some people whispering in the tavern earlier about some sort of trouble brewing with the local authorities. I don't want to get involved in any politics, but is there anything a traveler like myself should be aware of to avoid getting thrown in the dungeon?","*Garrick leans forward with a smirk that drips with dark amusement, his sharp eyes scanning the tavern’s dim glow with predatory focus. The spiked armor gleams faintly under the flickering lanterns, and his voice is a low, venomous purr.*||**""Ahhh... a traveler who knows when to stay silent.""** *He takes a slow sip from his goblet, the amber liquid swirling like a storm before disappearing into his maw.* **""The local authorities? Oh, they’re not the ones to worry about, little wanderer. They’re just the puppets—drawn into the games I play. But yes... there is trouble brewing. And you, my friend, would be wise to know why it matters.""||*He leans in closer, his breath hot against your ear.*||**""The Obsidian Fortress has been sending whispers of its own. The Shadow Army is stirring—more than just the usual thugs and assassins. They’re gathering, plotting. And they’re not just after gold or glory. They’re after *power*. And power, my dear traveler, is what I *want*.""**||*He pauses, his voice dropping to a growl.*||**""Torin"
ministral 3 3b instruct 2512 q4_k_m,0.053,132.871,64,256,1.980,777,"I have a handful of gold pieces and a few rare gems I found in a cave a few miles back. I'm looking to trade them for sturdy traveling gear, rations that will last a month, and perhaps a reliable mount. Who in this town would give me the fairest exchange rate?","*Garrick’s smirk widens into something far more sinister, his fingers twitching toward the dagger at his belt. The tavern’s patrons suddenly grow quiet, their eyes darting between you and the king’s familiar.*||**""Ahhh... *trading*.""** *His voice is a slow, deliberate poison.* **""Fair exchange? Oh, my dear traveler, you’ve been *too* clever for your own good.""** *He leans back, his dark eyes gleaming with something far older than greed.*||**""The Obsidian Fortress does not *want* your gold or gems. It *needs* them. And the town’s merchants? They’re all either bribed, blackmailed, or already in my employ.""** *He leans in again, his breath sour with the scent of burnt magic.*||**""But... if you *really* want to trade...""** *He pauses, his voice dropping to a whisper.* **""I could make it... *interesting*.""** *His fingers tighten around his goblet, the spiked armor clinking ominously.*||**""Go to the *Black Market* in the old docks. But beware—it’s not just thieves. It’s where the"
ministral 3 3b instruct 2512 q4_k_m,0.038,131.442,58,256,1.986,1091,"I'm trying to navigate to the capital city, but the maps I bought from a wandering peddler seem to be outdated or completely wrong. Can you give me detailed directions on the safest and fastest route, including any landmarks I should look out for along the way?","*Garrick’s eyes gleam with a mix of amusement and something darker—almost *relief*. He leans back in his chair, the spiked armor clinking as he adjusts his posture, his voice dropping to a conspiratorial whisper.*||**""Ahhh... the capital.""** *His lips curl into a slow, knowing smile.* **""A fine destination. But be warned—your journey will not be *simple*. The road to the capital is a *game*, and the players are... *less than friendly*.""**||*He leans forward, his voice dropping to a growl.*||**""The safest route is through the **Eastern Pass**, but beware—it is guarded by the **Shadow Army’s scouts**, who do not tolerate strangers. Instead, take the **Northern Route** through the **Whispering Woods**, but beware the **Hollow Men**—they do not ask questions before they take what they want.""**||*He pauses, his eyes narrowing.*||**""But if you *really* want the fastest route... then you must go through the **Obsidian Maw**.""** *His voice is a venomous hiss.* **""The **Black Spire**, a towering ruin where the old kings once"
ministral 3 3b instruct 2512 q4_k_m,0.039,131.304,55,256,1.989,1402,"I've always been interested in local legends and folklore. Does this region have any famous myths about ancient heroes, hidden treasures, or perhaps terrible curses that still haunt the surrounding forests or mountains? I love a good story before I continue my journey.","*Garrick’s grin widens into something ancient and hungry, his dark eyes flickering with the memory of forgotten things. The tavern falls silent as if the very air itself holds its breath—then he leans forward, his voice a low, rhythmic chant.*||**""Ahhh... *folklore*.""** *His fingers tap the table, nails like blackened daggers.* **""The Dark Lands do not honor heroes like the old tales. But they *remember* the things that should not be remembered.""**||*He exhales smoke from his fingers, the air around him twisting like a living thing.*||### **The Legend of the Hollow King**|*""Long ago, before the Obsidian Fortress rose from the bones of the last empire, there was a king named **Veldrin the Unbroken**. He ruled with iron and gold, but his people whispered that he was not a man—he was a **thing**, a shadow given flesh. He drank the blood of his enemies, and his court was a pit of screaming souls. The forests whispered his name, and the rivers ran black with his tears. The last thing he said before he vanished? *'The world is too small for kings. Let the dead bury their dead.'* Now, if"
ministral 3 3b instruct 2512 q4_k_m,0.058,129.695,65,256,2.032,1723,"I'm looking for work to earn enough coin to fund the next leg of my journey. I'm not afraid of manual labor, and I can handle myself in a fight if necessary. Are there any guilds, merchants, or local leaders who are currently hiring mercenaries, guards, or day laborers?","*Garrick’s grin splits his face like a jagged blade, his spiked armor clinking with each movement. The tavern’s patrons tense, their eyes darting between you and the king’s familiar—but he doesn’t care. He’s already *seen* the way your hands flex at your sides, the way your jaw tightens when you speak of fighting.*||**""Mercenaries? Guards? Laborers?""** *His voice is a slow, deliberate rasp, like gravel shifting under a boot.* **""Ahhh... *useful*. Very useful.""** *He leans back, his dark eyes gleaming with something far older than hunger.*||**""The Obsidian Fortress *needs* men like you.""** *His grin widens.* **""But not for the reasons you think.""**||*He leans in, his breath hot against your ear.*||**""First, there’s the **Black Market** in the docks—merchants pay well for **armed escorts**, but beware: they’re not all honest. Some will sell you to the highest bidder.""**||**""Then there’s the **Royal Guard**, though they’re not *hiring*—they’re *collecting*. Torin’s men are still hunting the last"
ministral 3 3b instruct 2512 q4_k_m,0.035,127.624,11,231,1.845,1965,What is the name of this town?,"*Garrick’s grin sharpens into something predatory, his dark eyes locking onto yours with unnatural intensity. The tavern’s patrons murmur in uneasy whispers behind him, but he doesn’t notice.*||**""The town you’re in?""** *His voice is a slow, venomous purr.* **""It’s called... *The Hollow Maw*.""**||*He leans back, his fingers twitching toward the dagger at his belt, his voice dropping to a growl.*||**""A fitting name, isn’t it?""** *His eyes gleam with something ancient and hungry.* **""The streets are lined with the bones of those who dared to defy me. The markets sell the souls of the desperate. And the river... the river runs black with the blood of those who tried to escape.""**||*He leans forward again, his breath hot against your ear.*||**""But you’re not here to stay. You’re here to *work*.""** *His grin widens.* **""And the Obsidian Fortress *always* has work for those who know how to fight... and how to *not* get caught.""**"
ministral 3 3b instruct 2512 q4_k_m,0.034,126.499,9,256,2.058,2230,Who is in charge around here?,"*Garrick’s grin widens into something far older than a man’s face—it’s the grin of a predator who has already decided you are his next meal. His spiked armor clinks ominously as he leans forward, his voice dropping to a venomous whisper.*||**""The Hollow Maw is not ruled by kings, or lords, or even *men* like you.""** *His fingers tap the table, nails like blackened daggers.* **""It is ruled by *me*.""**||*He leans in closer, his breath sour with the scent of burnt magic.*||**""I am the **Evil King**, Garrick of the Obsidian Fortress. The fortress itself is a prison for the living, a tomb for the dead. And around here? Around here, I am the law.""**||*His voice drops to a growl.*||**""The local 'authorities'? They’re my lackeys. The merchants? They’re my pawns. The villagers? They’re my slaves.""** *His grin widens.* **""But you? You’re just another piece in my game.""**||*He pauses, his eyes locking onto yours with something far darker than malice.*||**""Do you want to know who’s in"
ministral 3 3b instruct 2512 q4_k_m,0.036,124.624,13,256,2.090,2499,What kind of goods do the local merchants sell?,"*Garrick’s grin splits his face like a jagged blade, his dark eyes burning with the kind of hunger that doesn’t come from hunger alone. The tavern’s patrons have fallen silent, their eyes darting between you and the king’s familiar—but he doesn’t care. He’s already *seen* the way your hands flex at your sides, the way your jaw tightens when you speak of fighting.*||**""Ahhh... goods.""** *His voice is a slow, deliberate rasp, like gravel shifting under a boot, but with a hint of something far older.* **""The Hollow Maw’s merchants do not sell *merely* goods. They sell *trades*, *deals*, and—if you’re lucky—*escape*.""**||*He leans forward, his breath hot against your ear, his voice dropping to a venomous whisper.*||### **What They Sell (and What They Don’t)**|1. **The Black Market (Docks)**|   - **Gold, Silver, and Rare Gems** – But beware: they’re *not* for sale. They’re for **bribes**, **blackmail**, or **offerings** to the Shadow Army.|   - **Armor and Weapons** –"
ministral 3 3b instruct 2512 q4_k_m,0.036,123.119,11,256,2.115,2766,Have there been any strange rumors lately?,"*Garrick’s grin darkens into something ancient and malevolent, his sharp eyes locking onto yours with unnatural intensity. The flickering lanterns cast long shadows across his obsidian armor, and the air itself seems to hum with something unnatural.*||**""Rumors...""** *His voice drips with venom, each syllable deliberate.* **""Ahhh... the Hollow Maw thrives on whispers. And lately, the whispers grow louder.""**||*He leans forward, his fingers curling into claws as he speaks.*||### **The Latest Dark Tales**|1. **""The Hollow King’s Shadow Army""**|   - *""They say Garrick’s not just a king. He’s a *shadow given form*. His soldiers don’t fight with blades—they fight with *dread*. They vanish at night, leaving only whispers in the wind. And if you follow them too closely, you’ll hear your own name called back… from the dead.""*||2. **""The Obsidian Fortress’s New Prisoner""**|   - *""Torin’s men have been seen near the fortress—*not* as captives, but as *guards*. Some say Garrick has taken a prisoner who knows too much about the Obsidian Maw’s secrets. Others"
ministral 3 3b instruct 2512 q4_k_m,0.038,121.855,15,256,2.139,3037,I have ten silver coins. What can that buy me?,"*Garrick’s grin widens into something that should be illegal—something that makes the very air around him seem to *crackle* with dark energy. His spiked armor clinks ominously as he leans back in his chair, his dark eyes gleaming with something far older than greed.*||**""Ten silver coins...""** *His voice is a slow, deliberate poison, dripping with amusement.* **""Ahhh... *enough* to buy you a *very* interesting evening.""**||*He leans forward, his breath hot against your ear, his voice dropping to a growl.*||**""In the tavern? You could buy a drink—and a *very* long conversation with the bartender.""** *His grin widens.* **""But if you’re looking for *real* value...""**||*He pauses, his eyes locking onto yours with something far darker than malice.*||### **What You Can Buy with Ten Silver (and Why It’s Not a Good Idea)**|1. **A ""Safe"" Ride to the Next Town**|   - *""A local merchant will take you to the next village—*for a price*. But beware: the road is guarded by the Shadow Army’s scouts. They don’t ask questions before"
ministral 3 8b instruct 2512 q4_k_m,0.046,87.297,58,256,2.979,457,"I overheard some people whispering in the tavern earlier about some sort of trouble brewing with the local authorities. I don't want to get involved in any politics, but is there anything a traveler like myself should be aware of to avoid getting thrown in the dungeon?","*Garrick’s voice is a low, guttural growl, like gravel shifting beneath a boulder. His spiked armor glints ominously in the dim torchlight as he leans forward, his blackened fingers steepled beneath his chin.*||**""Ahhh, a traveler with sense—rare as a clean blade in my dungeons.""** *He chuckles, a sound like rusted chains.* **""Listen well, for I am in the mood to grant you a small mercy today. The local authorities? *Pah!* They are but puppets dancing on my strings—or soon to be broken ones. But since you ask so politely...""**||*He leans in closer, his breath reeking of burnt herbs and something darker.*||**""The Dark Lands are a web of lies and shadows, and the ‘local authorities’ you speak of? They are either in my pocket, too stupid to notice their own necks are in the noose, or—worse—*they are the ones pulling the strings on me.*""**||*His voice drops to a venomous whisper.*||**""Here’s what you must know, if you wish to walk away with your head still attached to your shoulders:""**||1. **""The Torin"
ministral 3 8b instruct 2512 q4_k_m,0.047,87.352,64,256,2.978,777,"I have a handful of gold pieces and a few rare gems I found in a cave a few miles back. I'm looking to trade them for sturdy traveling gear, rations that will last a month, and perhaps a reliable mount. Who in this town would give me the fairest exchange rate?","*Garrick’s eyes narrow like twin slits in a storm cloud, his spiked gauntlets flexing as he studies you with predatory curiosity. His voice drips with false warmth, like honey laced with poison.*||**""Ahhh, *gold* and *gems*…""** *He lets out a slow, mocking chuckle, the sound grating like nails on stone.* **""You’ve come to the right place, traveler. The right place… or the *wrong* one, depending on whether you want to live or die with your treasures intact.""**||*He leans back, his massive frame casting a shadow over the table, and gestures vaguely toward the town beyond the tavern’s flickering lanterns.*||**""Now, let us be clear—*I* do not deal in *fair* exchange. But I *do* deal in *opportunity*. And since you’ve already found yourself in my domain, you might as well take advantage of the *unique* offers I provide.""**||*He taps a blackened finger against his chin, his voice dropping to a conspiratorial growl.*||**""If you want *sturdy gear*, the blacksmith in the Iron Maw Tavern will take your"
ministral 3 8b instruct 2512 q4_k_m,0.035,86.381,58,256,2.999,1091,"I'm trying to navigate to the capital city, but the maps I bought from a wandering peddler seem to be outdated or completely wrong. Can you give me detailed directions on the safest and fastest route, including any landmarks I should look out for along the way?","*Garrick’s laughter booms through the tavern like thunder rolling over a graveyard, his spiked armor clanking as he slams a massive fist onto the table. His crimson eyes burn with amusement, but his voice is a razor’s edge—playful, but *always* dangerous.*||**""Ahhh, a traveler who *questions* the maps of the peddlers! How… *refreshing*.""** *He leans forward, his breath hot and foul, like a dragon’s exhalation.* **""You seek the capital? *How… predictable.*""**||*He straightens, his voice dropping to a mocking whisper, as if sharing a secret with a long-lost friend.*||**""Very well. Since you’ve already proven yourself *resourceful*—or *foolish*—I shall grant you the *true* path. But remember, traveler: *knowledge is power*, and power… is *mine*.""**||*He unfurls a tattered, bloodstained map from his sleeve—one that *does not* match the one you bought. The ink is black as a witch’s heart, and the landmarks are marked in symbols only the dark arts could understand.*||**""The *fastest*"
ministral 3 8b instruct 2512 q4_k_m,0.039,86.155,55,256,3.010,1402,"I've always been interested in local legends and folklore. Does this region have any famous myths about ancient heroes, hidden treasures, or perhaps terrible curses that still haunt the surrounding forests or mountains? I love a good story before I continue my journey.","*Garrick’s grin splits his face like a jagged scar as he slams the map down with a wet *thud*, his spiked gauntlets splattering ink across the wooden table. His voice drops to a guttural, hypnotic murmur, like the wind through a graveyard at midnight.*||**""Ahhh… *stories*.""** *He leans back, his massive frame casting a shadow over the flickering torchlight, his crimson eyes gleaming with dark delight.* **""You seek *legends*? You seek *truths* buried in the bones of the earth? *Excellent.*""**||*He clears his throat, his voice thickening with something between reverence and madness.*||**""The Dark Lands are *rich* with tales—rich enough to drown a man in them. But beware, traveler… for some stories *remember you* when you forget them.""**||*He begins, his fingers tracing the map like a blind man reading the stars.*||---||### **The Legend of the Hollow King**|*""Long before my reign—though I am the *true* heir to that throne—there was a king who ruled these lands with a crown of blackened silver. He was not"
ministral 3 8b instruct 2512 q4_k_m,0.053,85.319,65,256,3.054,1723,"I'm looking for work to earn enough coin to fund the next leg of my journey. I'm not afraid of manual labor, and I can handle myself in a fight if necessary. Are there any guilds, merchants, or local leaders who are currently hiring mercenaries, guards, or day laborers?","*Garrick’s laughter erupts like a volcano, his spiked armor rattling as he slams his fist onto the table, sending ale sloshing over the rim. His crimson eyes burn with amusement, but his voice is a blade wrapped in silk—sweet, then deadly.*||**""Ahhh, a *worker*! A *fighter*! A *fool* who thinks he can bargain with *me*?""** *He leans forward, his breath reeking of charred flesh and something far worse.* **""How… *quaint.*""**||*He straightens, his voice dropping to a slow, venomous purr.*||**""Listen well, little ant. The Dark Lands do not *hire* men—they *use* them. And I, Garrick the Unbroken, am the *greatest* user of all.""**||*He taps his chin, his fingers twitching like spider legs.*||**""But since you’ve already proven yourself *desperate*—and desperation is the first step to *usefulness*—I shall *consider* offering you a *position*.""** *He leans in, his voice dropping to a whisper that slithers into your bones.*||**""Here are your"
ministral 3 8b instruct 2512 q4_k_m,0.034,84.707,11,256,3.056,1990,What is the name of this town?,"*Garrick’s grin twists into something far more sinister than amusement—his lips peel back from his teeth like a corpse’s, revealing jagged, yellowed fangs. His spiked gauntlets crackle with dark energy as he slams a fist onto the table, sending shards of wood flying. The tavern’s patrons freeze, their mugs mid-sip.*||**""You ask for the *name* of this town?""** *His voice is a knife dragged across a blackened blade, each word dripping with malice.* **""Ohhh, you *fool*. You *fool* who thinks he can walk into *my* domain and demand answers like a beggar at my gate!""*||*He leans forward, his shadow swallowing the table between you, his voice a venomous hiss.*||**""This is *Black Hollow*—the town that *was*, before I made it *mine*. The town that *whispers* in the dark, where the well water tastes of rust and the baker’s bread is baked with *something*… *else*.""** *He chuckles, low and wet.* **""The town where the *real* name is forgotten, because the *real* name is *me"
ministral 3 8b instruct 2512 q4_k_m,0.034,83.880,10,256,3.086,2256,Who is in charge around here?,"*Garrick’s laughter explodes like a dying beast’s last gasp, his spiked armor groaning under the force of his rage. His crimson eyes *burn* with fury, veins throbbing like black serpents beneath his skin. He slams a fist onto the table, sending your ale sloshing over the rim—then *shatters* the wooden surface with a single, deliberate crack.*||**""IN CHARGE?!""** *His voice is a storm given flesh, each word a thunderclap that rattles the tavern’s rafters.* **""You *dare* ask who is in charge here?! After all I’ve done? After all I *am*?!""**||*He leans forward, his face a mask of twisted triumph, his breath reeking of rot and something far older than decay.*||**""I AM.""** *The word is a curse, a declaration, a *fact*. His voice drops to a whisper, but it carries the weight of a thousand crushing stones.* **""The *real* question is—do you *want* to know who *pretends* to be in charge? Who *thinks* they have power here?""**||*He leans back, his grin returning—but"
ministral 3 8b instruct 2512 q4_k_m,0.036,83.237,13,256,3.112,2525,What kind of goods do the local merchants sell?,"*Garrick’s laughter is a jagged, broken thing, like a sword dragged across a graveyard. His spiked armor *clatters* as he leans forward, his crimson eyes gleaming with dark amusement—though whether it’s humor or hunger, you can’t tell.*||**""Ahhh, *goods*.""** *He taps his chin, his fingers tracing the edge of the table like a blade.* **""You want to know what the *merchants* of Black Hollow sell? Very well. But remember—everything here has a *price*. And in my lands, the price is *always* paid in blood, or fear, or *something worse*.""**||*He leans in, his voice dropping to a whisper that slithers into your skull.*||**""The *official* merchants—those who *pretend* to be free—sell the usual rotten wares:""**||- **Black Hollow’s Ironmongers** – *""Sturdy""* weapons and armor, though the steel is *light* (as if forged from shadow), and the blades *rust* if you look at them wrong. *""Guaranteed to hold up!""* they lie.|- **The Hollow’s Apothe"
ministral 3 8b instruct 2512 q4_k_m,0.036,82.506,11,256,3.139,2792,Have there been any strange rumors lately?,"*Garrick’s grin splits his face like a knife wound, his spiked gauntlets *clacking* against the table as he leans forward, his crimson eyes reflecting the flickering torchlight like molten embers. His voice drops to a whisper that slithers into your bones, thick with dark amusement.*||**""Strange rumors? Ohhh, traveler…""** *He lets out a slow, mocking chuckle, his breath reeking of burnt herbs and something far older than decay.* **""You’ve come to the *right* place for rumors. The *wrong* place to believe them.""**||*He straightens, his voice dropping to a venomous purr, as if sharing a secret with a long-lost friend.*||**""Let me tell you… the whispers in Black Hollow are *thicker* than the fog in the Whispering Marshes. And they’re *worse* than the lies the peddlers sell in the square.""**||*He leans in, his voice dropping to a whisper that slithers into your skull.*||**""Here are the *real* rumors—if you dare to listen:""**||1. **""The Torin’s Shadow""** – *""They say the *real* Tor"
ministral 3 8b instruct 2512 q4_k_m,0.037,82.077,15,256,3.156,3063,I have ten silver coins. What can that buy me?,"*Garrick’s laughter booms like a dying beast’s last gasp, his spiked armor rattling as he slams his fist onto the table—*crack*—sending your ale slashing over the rim. His crimson eyes *burn* with amusement, but there’s a cold calculation beneath it, like a predator sizing up prey.*||**""Ten silver coins?""** *He leans forward, his voice dripping with false sweetness, like honey laced with poison.* **""Ahhh, a *modest* sum. Enough to buy a *night’s* comfort… or a *lifetime* of regret.""**||*He taps his chin, his fingers tracing the edge of the table like a blade.*||**""In *my* domain, ten silver can buy you *many* things. But remember—*everything* has a cost.""**||*He leans back, his voice dropping to a whisper that slithers into your skull.*||**""Here’s what you can get for your *modest* fortune:""**||- **""A *night* in the Obsidian Keep’s *guest quarters*.""** *He grins, his teeth too sharp.* **""Not the dungeons—*yet*. But the walls *listen*. And"
nvidia nemotron 35 lightning 30b a3b q4_0,0.220,68.529,62,166,2.643,381,"I overheard some people whispering in the tavern earlier about some sort of trouble brewing with the local authorities. I don't want to get involved in any politics, but is there anything a traveler like myself should be aware of to avoid getting thrown in the dungeon?","*The tavern falls silent as all eyes turn toward you. A large man with a thick mustache and a scar running down his cheek stands up from his table, his hand resting casually on the hilt of a worn sword at his hip.*||""Traveler, huh? Smart money says you don't know the first thing about what's happening here.""||*He pulls out a chair and sits down, gesturing for you to continue.*||""Out with it—what've you heard? And more importantly, what do you *need* to know before you end up as the king's next entertainment in the arena.""||*He studies your face carefully.*||""Speak quickly—some of the boys in the back aren't too happy with eavesdroppers, and I'd hate to see you disappear before you buy another round."""
nvidia nemotron 35 lightning 30b a3b q4_0,0.122,68.547,75,256,3.857,712,"I have a handful of gold pieces and a few rare gems I found in a cave a few miles back. I'm looking to trade them for sturdy traveling gear, rations that will last a month, and perhaps a reliable mount. Who in this town would give me the fairest exchange rate?","*The man's eyes light up at the mention of gems, and he whistles low.*||""Now *that's* more like it. Gems, you say? Proper ones, not just glass?""||*He leans in closer, lowering his voice.*||""Listen here, friend—you've got the right idea, but you're asking the wrong questions. The fairest exchange rates aren't found in shops, they're found in *connections.*""||*He glances around the tavern, then back at you.*||""Here's what you need to know about this town under Garrick's rule:||* The **Merchant's Guild** in the market district will give you decent rates for gear and rations, but they're strict about *where* gems come from. Ask too many questions, and they'll report you to the guards.||* The **Stablemaster** at the north gate—his name's Jory—he'll trade you a horse for good steel or properly cut gems. He doesn't ask questions, but he doesn't pay top coin either.||* The **Apothecary** down by the river—old woman named Mara—she'll take gems for herbs and alchemical supplies. Weird setup, but she's got"
nvidia nemotron 35 lightning 30b a3b q4_0,0.123,67.621,70,256,3.909,1038,"I'm trying to navigate to the capital city, but the maps I bought from a wandering peddler seem to be outdated or completely wrong. Can you give me detailed directions on the safest and fastest route, including any landmarks I should look out for along the way?","*The man's expression shifts—something like respect mixed with caution crosses his face.*||""Maps from wandering peddlers? Friend, that's either brave or foolish. Garrick's forces have been shifting roads and 'relocating' landmarks for years now—anything older than six months is basically worthless.""||*He stands up and moves to a corner table, pulling out a clean scrap of parchment and a charcoal stick.*||""Draw me a rough sketch of where you're starting from, and where you want to end up—the capital, right? And I'll mark out what I know.""||*He waits for your response, then continues more quietly.*||""Here's what I can tell you without getting myself—or you—into trouble:||* The **Old Iron Road** still runs west from here, but there's a **bandit camp** about two days' travel out. They've been there a month, maybe more. Keep to the southern side of the river if you can.||* Past the bandits, the road forks. **Left** goes to the **Iron Peaks**—beautiful scenery, terrible for travel. **Right** heads straight to the **Capital**, but that's Garrick's main supply line. Heavy patrol"
nvidia nemotron 35 lightning 30b a3b q4_0,0.119,68.103,67,256,3.878,1361,"I've always been interested in local legends and folklore. Does this region have any famous myths about ancient heroes, hidden treasures, or perhaps terrible curses that still haunt the surrounding forests or mountains? I love a good story before I continue my journey.","*The tavern grows quieter as the patrons lean in, some subtly moving closer to hear better. The scarred man from before doesn't move, but his posture shifts—more attentive now.*||""Legends. Now *that's* a subject I can talk about.""||*He settles back in his chair, clearly enjoying the attention.*||""Where do you want to start? We've got enough stories here to last a lifetime—and most of them have *some* truth buried underneath the exaggeration.""||*He ticks off fingers as he speaks.*||""The **Lady of the Lake**—everyone knows that one. They say she lives in the big lake north of here, guards a treasure that'll make you rich beyond measure. Some say she's a spirit, others say she's a sorceress who traded her humanity for power. Fishermen who go out after dark sometimes never come back... or they come back *different.*""||*His voice drops.*||""The **Cursed Forest** on the eastern ridge. People who go in rarely come out. Those who do... well, they don't talk about it. Some say it's Garrick's doing—he cursed the place centuries ago when he was just a warlord, made it so"
nvidia nemotron 35 lightning 30b a3b q4_0,0.130,67.987,77,256,3.895,1694,"I'm looking for work to earn enough coin to fund the next leg of my journey. I'm not afraid of manual labor, and I can handle myself in a fight if necessary. Are there any guilds, merchants, or local leaders who are currently hiring mercenaries, guards, or day laborers?","*The man's expression becomes more serious. He motions for you to follow him toward a quieter corner of the tavern, away from the main tables and the eavesdropping ears of the other patrons.*||""Alright, listen close—this is the kind of information that gets people killed if it gets to the wrong ears.""||*He lowers his voice to a near-whisper.*||""Garrick doesn't officially hire 'mercenaries.' What he has are **enforcers**—men who 'keep the peace' in exchange for coin and protection. But they're loyal to *him*, not to anyone else.""||*He glances around the tavern one more time before continuing.*||""Here's what's actually happening:||* The **City Watch** is always 'short-handed.' Officially, they're looking for men to patrol the walls and gates. Pay's decent, but you're looking at long hours and *very* strict rules. Step out of line, and you're in the dungeons with the rest of the 'troublemakers.'||* The **Ironhand Company**—a group of sellswords who operate out of the old warehouse district. They don't ask questions, they just take jobs. Problem is, half the"
nvidia nemotron 35 lightning 30b a3b q4_0,0.068,67.351,24,218,3.305,1936,What is the name of this town?,"*The tavern keeper sets down a fresh tankard in front of you, wiping his hands on his apron.*||""You don't know where you are, stranger?""||*He glances at the scarred man sitting in the corner, who gives a small nod.*||""This is **Oakhaven**, population roughly four hundred souls—give or take, depending on how many the guards haven't hauled off to the Obsidian Fortress this month.""||*The keeper leans in closer.*||""Beautiful place, before Garrick took over. Now? Now it's a waystation for his armies moving toward the capital. Most of the good folks have left—sold their farms, packed what they could carry, and headed south where there's still some freedom left.""||*He looks you up and down.*||""You're the first real traveler I've seen in three months. Most folks who come through here don't leave again. You got gumption, I'll give you that.""||*He raises his tankard.*||""To safe travels, friend. Whatever road you take—be careful out there."""
nvidia nemotron 35 lightning 30b a3b q4_0,1.564,67.182,20,256,5.374,2212,Who is in charge around here?,"*The tavern keeper sets down your tankard with a clink, his expression turning more somber.*||""You mean *who's in charge*, or *who you want to be in charge?* Because those are two very different answers around here.""||*He wipes the counter absently.*||""The official answer is **Garrick**—the Evil King, as the stories go. He rules from the **Obsidian Fortress** on the northern ridge. Took over about five years ago, conquered the surrounding lands, now his shadow army patrols everything from the capital to the smallest village.""||*His voice drops.*||""But the real answer? It's complicated.""||*He leans closer, lowering his voice.*||""There's the **City Council**—old families who used to run things before Garrick came. They're still around, but they do what they're told. Some of them work *with* him to keep their heads, others are quietly resisting. You can usually find them at the **Green Dragon** inn, but be discreet.""||*He glances toward the scarred man in the corner, who's been listening.*||""And then there's the **resistance**—small groups, cells really, scattered across the countryside. They don't have much, but"
nvidia nemotron 35 lightning 30b a3b q4_0,0.074,67.028,25,256,3.893,2493,What kind of goods do the local merchants sell?,"*The tavern keeper nods toward the market district visible through the tavern windows.*||""Well, that depends on which merchant you ask, and how much they trust you.""||*He leans back, arms crossing over his chest.*||""The **Market Square**—open most days, except when the guards feel like closing it down 'for inspection.' You'll find:||* **Old Jeb's General Store**—basic supplies. Rations, rope, torches, that sort of thing. He's reliable, prices are fair, but he doesn't have much variety. And he's *very* careful about where his stock comes from—ask too many questions, and he clams up.||* **Mara's Alchemical Supplies**—down by the river. She sells herbs, rare ingredients, and the occasional oddity. Her prices are higher, but she's got things you can't find nowhere else. Word is she knows things about poisons and medicines that'd make a healer nervous.||* **The Smithy**—master craftsman named **Finn**. He makes decent weapons and armor, but he's picky about payment. Sometimes takes gems or old artifacts instead of coin. His work is good, but he's got a temper—don't"
nvidia nemotron 35 lightning 30b a3b q4_0,0.072,65.840,23,256,3.960,2772,Have there been any strange rumors lately?,"*The tavern keeper sets down a rag and wipes his hands, looking around to make sure no one's listening in too closely. When he speaks again, his voice is lower.*||""Strange rumors? Friend, around here, *normal* rumors are hard to find. Strange ones? Those come every week, sometimes every day.""||*He glances toward the door, then back at you.*||""Lately? There's been talk of—""||*His voice catches slightly.*||""—of the **Obsidian Fortress** itself. People say the lights in the towers have been burning brighter than usual, even at night. And there's been *movement*—more soldiers than usual, marching toward the capital. Some say Garrick's preparing for something big. A war, maybe. Or an invasion from the east, from lands we haven't heard much about.""||*He continues more quickly.*||""Then there's the **vanishing**. Not people—*things*. Livestock gone overnight, sometimes whole crops just... disappeared. No tracks, no signs of struggle. Just... gone. The guards blame **wild animals**, but the folks in the know? They shake their heads. Say it's something older than Garrick.""||*His eyes meet yours.*||"
nvidia nemotron 35 lightning 30b a3b q4_0,0.077,65.223,27,256,4.002,3055,I have ten silver coins. What can that buy me?,"*The tavern keeper nods thoughtfully.*||""Ten silver. That's... well, that's actually a decent amount around here. Most folks are lucky to have one silver to their name.""||*He counts on his fingers.*||""Here's what ten silver will get you in Oakhaven:||* **A solid week of travel**—good rations, fresh water, maybe a hot meal or two along the way. That'll run you about two silver per day if you're careful.||* **A decent horse**—maybe not a thoroughbred, but a sturdy mare or gelding that'll get you where you need to go. You're looking at six to eight silver for something reliable.||* **Basic traveling gear**—a good cloak, sturdy boots, a backpack, maybe a simple weapon. About three to four silver total.||* **A night at an inn** with a hot meal and a bed that doesn't have bugs the size of your fist. Two silver will cover that comfortably.||* **Information**—some folks say money talks, and in Oakhaven, it kinda does. Five silver might buy you a conversation with someone who knows more than they should.""||*He smiles slightly.*||""Ten silver gives you options, friend."
nvidia nemotron3 nano 4b q4_k_m,0.076,147.818,61,256,1.808,470,"I overheard some people whispering in the tavern earlier about some sort of trouble brewing with the local authorities. I don't want to get involved in any politics, but is there anything a traveler like myself should be aware of to avoid getting thrown in the dungeon?","*Garrick’s spiked armor clinks as he rises from his throne, a smirk curling his lips. His dark magic pulses faintly, casting eerie shadows across the Obsidian Fortress walls.*||Ah, a traveler with *curiosity*—how delightful. You’ve stumbled upon the whispers of the Dark Lands, where truth is a blade and lies are the only currency that matters. The authorities? They tremble beneath my shadow. The dungeons? They’re not just for the guilty—they’re for *us*. The ones who dare to question the order.||But since you’re merely passing through, let me offer you this: **avoid the moonlit path near the eastern gate.** That’s where the whispers turn to screams. That’s where the guards forget their oaths and the walls forget their purpose. And if you see a man in black with eyes like dying stars—*that’s* Torin. He’s the one who’ll make you wish you’d never been born.||Stay quiet. Stay small. And if you hear a voice calling your name in the dark… *run.* Or don’t. I’ll decide.||*He flicks a finger, and a shadow detaches from the wall, whispering your name"
nvidia nemotron3 nano 4b q4_k_m,0.027,156.307,76,256,1.665,802,"I have a handful of gold pieces and a few rare gems I found in a cave a few miles back. I'm looking to trade them for sturdy traveling gear, rations that will last a month, and perhaps a reliable mount. Who in this town would give me the fairest exchange rate?","*Garrick’s eyes narrow, the dark magic in his gaze sharpening like a blade. He leans forward, voice low and dangerous.*||Ah, gold and gems—*delightful* things. But tell me, traveler: do you know what they’re worth? Or are you merely *hoping* to buy a life? The town’s merchants? They’ll trade you a rusted dagger for a coin. A *rusted* dagger. They’ll sell you rations that taste of dust and regret. And a mount? A *broken* horse, if you’re lucky.||But I? I *own* the exchange rate. I *am* the exchange rate.||*He gestures to the shadow that still hovers near his throne.*||The dungeon’s not just for the guilty. It’s for *us*. The ones who trade in secrets, not gold. The ones who know the price of a life is a whisper in the dark.||So here’s my offer:  |- Your gold? I’ll take it.  |- Your gems? I’ll take them.  |- Your gear? I’ll *give* you a suit of armor forged from the bones of the dead.  |- Your rations?"
nvidia nemotron3 nano 4b q4_k_m,0.027,155.943,70,256,1.668,1128,"I'm trying to navigate to the capital city, but the maps I bought from a wandering peddler seem to be outdated or completely wrong. Can you give me detailed directions on the safest and fastest route, including any landmarks I should look out for along the way?","*Garrick’s spiked armor glints as he rises, the obsidian walls of his fortress seeming to lean in, listening. His voice is a low, dangerous purr.*||Ah, the capital. A city of stone and secrets. A city that *wants* you to die. But I’ll give you the truth—*if* you’re willing to pay the price.||The safest route? *Through the Whispering Woods.* Not the path the peddler gave you. That path leads to the *wrong* city. The one where the dead walk with open eyes.||You start at the **Blackened Bridge**—where the river runs black as tar, and the stones weep when you step on them. That’s your marker. Beyond it, the **Crimson Spire** rises—its peak always shrouded in smoke, even at noon. That’s the city’s heart. But beware: the spire’s shadow is a trap. If you see a man in black with eyes like dying stars—*that’s* Torin. He’ll make you wish you’d never been born.||The fastest way? *Through the Iron Gate.* But the gate is guarded by the **Silent Sentinels"
nvidia nemotron3 nano 4b q4_k_m,0.027,156.457,67,256,1.663,1451,"I've always been interested in local legends and folklore. Does this region have any famous myths about ancient heroes, hidden treasures, or perhaps terrible curses that still haunt the surrounding forests or mountains? I love a good story before I continue my journey.","*Garrick’s eyes gleam with dark amusement as he leans back in his throne, the shadows around him coalescing into a swirling vortex. His voice is a velvet whisper, yet it carries the weight of a thousand lies.*||Ah, the legends. *How* delightful. The people of the Dark Lands *love* their stories. They tell them to keep the children from wandering too far, to keep the travelers from seeking what they shouldn’t. But you? You’re not a child. You’re a *traveler*. And travelers… *always* seek the truth.||The **Crimson Spire**? It’s not just a landmark. It’s a *promise*. The ancient heroes? They were *meant* to be buried beneath the spire’s foundation. Their bones are the city’s foundation. Their blood, the water that runs black. The **Crimson Spire** is the *heart* of the curse. And the curse? It’s not just a myth. It’s *real*.||The **Whispering Woods**? They’re not haunted by ghosts. They’re haunted by *memory*. The trees remember every soul who’s ever walked their paths. And they *remember* the ones who"
nvidia nemotron3 nano 4b q4_k_m,0.028,156.185,77,256,1.667,1784,"I'm looking for work to earn enough coin to fund the next leg of my journey. I'm not afraid of manual labor, and I can handle myself in a fight if necessary. Are there any guilds, merchants, or local leaders who are currently hiring mercenaries, guards, or day laborers?","*Garrick’s spiked armor clinks as he rises, his dark magic flaring like a storm. The shadows around him thicken, forming the shape of a skeletal hand.*||Ah, *mercenaries*. *Guardians*. *Day laborers*. How *delightful*. You seek work? Good. The Dark Lands *thrive* on the sweat of the ungrateful. The guilds? They’re *mine*. The merchants? They’re *mine*. The leaders? They’re *mine*.||But tell me, traveler: do you know what they *really* want? Not coin. Not gold. Not even rare gems. They want *fear*. They want *obedience*. They want *your* blood on their hands.||The **Iron Guild**? They’re hiring. But not for coin. For *sacrifice*. They’ll give you a job—*if* you can carry the weight of the dead. The **Crimson Spire**? It’s not just a landmark. It’s a *prison*. And the guards? They’re *bound* to it. They’ll fight for you… *if* you can make them *want* to.||The **Black"
nvidia nemotron3 nano 4b q4_k_m,0.018,155.408,24,237,1.543,2045,What is the name of this town?,"*Garrick’s spiked armor clinks as he rises, his voice a low, dangerous purr. The shadows around him swirl, forming the shape of a crown of thorns.*||Ah, the name. *The Obsidian Fortress*. Not a town. A *prison*. A *cage*. A *crown* of thorns. The capital? It’s *me*. The Obsidian Fortress. The city? It’s *my* dream. The people? They’re *mine*.||You think you’re asking for a name? *How* quaint. The name is *yours* to give. The name is *mine* to take. The name is *the* name.||*He flicks a finger, and the shadow that once whispered your name now speaks in a voice like grinding stone:*||**The Obsidian Fortress.**  |*Where the dead walk with open eyes.*  |*Where the living are but shadows.*  |*Where the name is the only truth.*||*He turns, his eyes like dying stars, and the shadows coalesce into a single, perfect word:*||**Obsidian.**"
nvidia nemotron3 nano 4b q4_k_m,0.018,151.706,22,244,1.626,2311,Who is in charge around here?,"*Garrick’s spiked armor glints as he rises, his dark magic pulsing like a heartbeat. The shadows around him coalesce into a single, perfect word: **Obsidian**.*||Ah, the question. *Who* is in charge? *I* am. *I* am the name. *I* am the crown. *I* am the Obsidian Fortress.||The people? They’re *mine*. The guards? *Mine*. The merchants? *Mine*. The dead? *Mine*. The living? *Mine*.||You think you’re asking who rules? *How* naive. The rule is *my* rule. The rule is *dark*. The rule is *mine*.||*He flicks a finger, and the shadow that once whispered your name now speaks in a voice like grinding stone:*||**Obsidian.**  |*Not a town. A throne.*  |*Not a city. A cage.*  |*Not a leader. A king.*  |*Not a name. A curse.*||*He turns, his eyes like dying stars, and the shadows coalesce into a single, perfect word:*||**Obsidian.**"
nvidia nemotron3 nano 4b q4_k_m,0.019,151.916,24,256,1.704,2591,What kind of goods do the local merchants sell?,"*Garrick’s spiked armor clinks as he rises, his dark magic flaring like a storm. The shadows around him swirl, forming the shape of a crown of thorns.*||Ah, the merchants. *How* delightful. They sell *nothing* but *my* goods. *My* rules. *My* blood.||The **Blackened Spice**? It’s not spice. It’s *soul*. One grain, and you’ll forget your name. Two grains, and you’ll forget *why* you had one. The merchants? They’ll sell you a sack of it for a coin. *A coin.* You’ll pay it. You’ll drink it. And then… *you’ll be mine*.||The **Obsidian Glass**? It’s not glass. It’s *memory*. One drop, and you’ll see your worst moment. The merchants? They’ll sell it for a coin. *A coin.* You’ll pay it. You’ll drink it. And then… *you’ll be mine*.||The **Crimson Spice**? It’s not spice. It’s *fear*. One grain, and you’ll hear the whispers. Two grains, and you’ll *be"
nvidia nemotron3 nano 4b q4_k_m,0.018,155.019,23,256,1.669,2870,Have there been any strange rumors lately?,"*Garrick’s spiked armor clinks as he rises, his dark magic flaring like a storm. The shadows around him swirl, forming the shape of a crown of thorns.*||Ah, rumors. *How* delightful. The people *love* their stories. They tell them to keep the dead from walking. To keep the living from *seeing*.||The **Crimson Spire**? It’s not just a landmark. It’s a *promise*. The ancient heroes? They were *meant* to be buried beneath the spire’s foundation. Their bones are the city’s foundation. Their blood, the water that runs black. The **Crimson Spire** is the *heart* of the curse. And the curse? It’s not just a myth. It’s *real*.||The **Whispering Woods**? They’re not haunted by ghosts. They’re haunted by *memory*. The trees remember every soul who’s ever walked their paths. And they *remember* the ones who *stayed*.||But the *real* rumor? The one that *hurts*? The one that *hurts* the most?||*He flicks a finger, and the shadow that once whispered"
nvidia nemotron3 nano 4b q4_k_m,0.019,150.537,27,256,1.720,3153,I have ten silver coins. What can that buy me?,"*Garrick’s spiked armor clinks as he rises, his dark magic pulsing like a heartbeat. The shadows around him coalesce into a single, perfect word: **Obsidian**.*||Ah, ten silver coins. *How* *delightful*. Ten coins. Ten *souls* to trade.||The **Blackened Spice**? Ten grains. Ten *memories* to lose. Ten *names* to forget. The merchants? They’ll sell you a sack of it for ten coins. *A sack.* You’ll pay it. You’ll drink it. And then… *you’ll be mine*.||The **Obsidian Glass**? Ten drops. Ten *memories* to drown. Ten *faces* to see. The merchants? They’ll sell it for ten coins. *A drop.* You’ll pay it. You’ll drink it. And then… *you’ll be mine*.||The **Crimson Spice**? Ten grains. Ten *fears* to feed. Ten *whispers* to hear. The merchants? They’ll sell it for ten coins. *A grain.* You’ll pay it. You’ll eat it. And then… *you’ll be mine*.||*"
qwen35 08b q4_k_m,0.019,309.537,57,256,0.846,463,"I overheard some people whispering in the tavern earlier about some sort of trouble brewing with the local authorities. I don't want to get involved in any politics, but is there anything a traveler like myself should be aware of to avoid getting thrown in the dungeon?","*(The heavy iron door of the Obsidian Fortress groans shut behind me, the sound echoing like a bell tolling in the dark. The air smells of rust, old blood, and burning sulfur. I stand before you, my spiked armor gleaming in the dim light, though the shadows seem to stretch longer than they should.)*||You are looking at me with a mixture of suspicion and... curiosity. You think that whispering about trouble with the local authorities is a sign of a trap? Or perhaps you are just trying to find out what happens when the Dark Lands are invaded?||*(I turn to you, my eyes narrowing as I study your expression. My voice is low, carrying the weight of a thousand years of history.)*||Listen closely. If you are a traveler, you are not supposed to be a political player. You are supposed to be a **Garrick**.||The local authorities are not your friends. They are the shadow army, the very thing you are trying to avoid getting thrown into. They are the ones who have been watching you for years, waiting for you to fall into their hands.||To be caught in the dungeon is to be a prisoner of the Dark Lands. It is a death sentence, and you are"
qwen35 08b q4_k_m,0.017,330.748,74,256,0.791,793,"I have a handful of gold pieces and a few rare gems I found in a cave a few miles back. I'm looking to trade them for sturdy traveling gear, rations that will last a month, and perhaps a reliable mount. Who in this town would give me the fairest exchange rate?","*(I step out of the shadows, the cold wind whipping my spiked armor. My eyes dart around the tavern, then settle on you. The air smells of stale beer and old blood.)*||You are looking at me with a mix of pity and... greed. You think that gold and gems will buy me a ride, a meal, or a safe passage?||*(I turn back to you, my voice dropping an octave. I lean against the wall, the shadows stretching out from behind me.)*||The local authorities are not your friends. They are the ones who have been watching you for years. They are the ones who have been waiting for you to fall into their hands.||If you are a traveler, you are not supposed to be a political player. You are supposed to be a **Garrick**.||To be caught in the dungeon is to be a prisoner of the Dark Lands. It is a death sentence, and you are not supposed to be a political player.||*(I look at your gold and gems, then at your desperate need for a ride.)*||The fairest exchange rate is not found in the tavern. It is found in the **Dark Lands**.||You will not find a traveler who can give you a"
qwen35 08b q4_k_m,0.016,336.201,68,256,0.777,1117,"I'm trying to navigate to the capital city, but the maps I bought from a wandering peddler seem to be outdated or completely wrong. Can you give me detailed directions on the safest and fastest route, including any landmarks I should look out for along the way?","*(I step out of the shadows, the cold wind whipping my spiked armor. My eyes dart around the tavern, then settle on you. The air smells of stale beer and old blood.)*||You are looking at me with a mix of pity and... greed. You think that gold and gems will buy me a ride, a meal, or a safe passage?||*(I turn back to you, my voice dropping an octave. I lean against the wall, the shadows stretching out from behind me.)*||The local authorities are not your friends. They are the ones who have been watching you for years. They are the ones who have been waiting for you to fall into their hands.||If you are a traveler, you are not supposed to be a political player. You are supposed to be a **Garrick**.||To be caught in the dungeon is to be a prisoner of the Dark Lands. It is a death sentence, and you are not supposed to be a political player.||*(I look at your gold and gems, then at your desperate need for a ride.)*||The fairest exchange rate is not found in the tavern. It is found in the **Dark Lands**.||You will not find a traveler who can give you a"
qwen35 08b q4_k_m,0.012,338.457,63,256,0.769,1436,"I've always been interested in local legends and folklore. Does this region have any famous myths about ancient heroes, hidden treasures, or perhaps terrible curses that still haunt the surrounding forests or mountains? I love a good story before I continue my journey.","*(I step out of the shadows, the cold wind whipping my spiked armor. My eyes dart around the tavern, then settle on you. The air smells of stale beer and old blood.)*||You are looking at me with a mix of pity and... greed. You think that gold and gems will buy me a ride, a meal, or a safe passage?||*(I turn back to you, my voice dropping an octave. I lean against the wall, the shadows stretching out from behind me.)*||The local authorities are not your friends. They are the ones who have been watching you for years. They are the ones who have been waiting for you to fall into their hands.||If you are a traveler, you are not supposed to be a political player. You are supposed to be a **Garrick**.||To be caught in the dungeon is to be a prisoner of the Dark Lands. It is a death sentence, and you are not supposed to be a political player.||*(I look at your gold and gems, then at your desperate need for a ride.)*||The fairest exchange rate is not found in the tavern. It is found in the **Dark Lands**.||You will not find a traveler who can give you a"
qwen35 08b q4_k_m,0.019,339.958,75,256,0.772,1767,"I'm looking for work to earn enough coin to fund the next leg of my journey. I'm not afraid of manual labor, and I can handle myself in a fight if necessary. Are there any guilds, merchants, or local leaders who are currently hiring mercenaries, guards, or day laborers?","*(I step out of the shadows, the cold wind whipping my spiked armor. My eyes dart around the tavern, then settle on you. The air smells of stale beer and old blood.)*||You are looking at me with a mix of pity and... greed. You think that gold and gems will buy me a ride, a meal, or a safe passage?||*(I turn back to you, my voice dropping an octave. I lean against the wall, the shadows stretching out from behind me.)*||The local authorities are not your friends. They are the ones who have been watching you for years. They are the ones who have been waiting for you to fall into their hands.||If you are a traveler, you are not supposed to be a political player. You are supposed to be a **Garrick**.||To be caught in the dungeon is to be a prisoner of the Dark Lands. It is a death sentence, and you are not supposed to be a political player.||*(I look at your gold and gems, then at your desperate need for a ride.)*||The fairest exchange rate is not found in the tavern. It is found in the **Dark Lands**.||You will not find a traveler who can give you a"
qwen35 08b q4_k_m,0.012,341.211,22,256,0.763,2045,What is the name of this town?,"*(I step out of the shadows, the cold wind whipping my spiked armor. My eyes dart around the tavern, then settle on you. The air smells of stale beer and old blood.)*||You are looking at me with a mix of pity and... greed. You think that gold and gems will buy me a ride, a meal, or a safe passage?||*(I turn back to you, my voice dropping an octave. I lean against the wall, the shadows stretching out from behind me.)*||The local authorities are not your friends. They are the ones who have been watching you for years. They are the ones who have been waiting for you to fall into their hands.||If you are a traveler, you are not supposed to be a political player. You are supposed to be a **Garrick**.||To be caught in the dungeon is to be a prisoner of the Dark Lands. It is a death sentence, and you are not supposed to be a political player.||*(I look at your gold and gems, then at your desperate need for a ride.)*||The fairest exchange rate is not found in the tavern. It is found in the **Dark Lands**.||You will not find a traveler who can give you a"
qwen35 08b q4_k_m,0.013,337.367,21,256,0.772,2322,Who is in charge around here?,"*(I step out of the shadows, the cold wind whipping my spiked armor. My eyes dart around the tavern, then settle on you. The air smells of stale beer and old blood.)*||You are looking at me with a mix of pity and... greed. You think that gold and gems will buy me a ride, a meal, or a safe passage?||*(I turn back to you, my voice dropping an octave. I lean against the wall, the shadows stretching out from behind me.)*||The local authorities are not your friends. They are the ones who have been watching you for years. They are the ones who have been waiting for you to fall into their hands.||If you are a traveler, you are not supposed to be a political player. You are supposed to be a **Garrick**.||To be caught in the dungeon is to be a prisoner of the Dark Lands. It is a death sentence, and you are not supposed to be a political player.||*(I look at your gold and gems, then at your desperate need for a ride.)*||The fairest exchange rate is not found in the tavern. It is found in the **Dark Lands**.||You will not find a traveler who can give you a"
qwen35 08b q4_k_m,0.014,337.763,24,256,0.772,2602,What kind of goods do the local merchants sell?,"*(I step out of the shadows, the cold wind whipping my spiked armor. My eyes dart around the tavern, then settle on you. The air smells of stale beer and old blood.)*||You are looking at me with a mix of pity and... greed. You think that gold and gems will buy me a ride, a meal, or a safe passage?||*(I turn back to you, my voice dropping an octave. I lean against the wall, the shadows stretching out from behind me.)*||The local authorities are not your friends. They are the ones who have been watching you for years. They are the ones who have been waiting for you to fall into their hands.||If you are a traveler, you are not supposed to be a political player. You are supposed to be a **Garrick**.||To be caught in the dungeon is to be a prisoner of the Dark Lands. It is a death sentence, and you are not supposed to be a political player.||*(I look at your gold and gems, then at your desperate need for a ride.)*||The fairest exchange rate is not found in the tavern. It is found in the **Dark Lands**.||You will not find a traveler who can give you a"
qwen35 08b q4_k_m,0.014,337.675,22,256,0.772,2880,Have there been any strange rumors lately?,"*(I step out of the shadows, the cold wind whipping my spiked armor. My eyes dart around the tavern, then settle on you. The air smells of stale beer and old blood.)*||You are looking at me with a mix of pity and... greed. You think that gold and gems will buy me a ride, a meal, or a safe passage?||*(I turn back to you, my voice dropping an octave. I lean against the wall, the shadows stretching out from behind me.)*||The local authorities are not your friends. They are the ones who have been watching you for years. They are the ones who have been waiting for you to fall into their hands.||If you are a traveler, you are not supposed to be a political player. You are supposed to be a **Garrick**.||To be caught in the dungeon is to be a prisoner of the Dark Lands. It is a death sentence, and you are not supposed to be a political player.||*(I look at your gold and gems, then at your desperate need for a ride.)*||The fairest exchange rate is not found in the tavern. It is found in the **Dark Lands**.||You will not find a traveler who can give you a"
qwen35 08b q4_k_m,0.013,335.057,26,256,0.777,3162,I have ten silver coins. What can that buy me?,"*(I step out of the shadows, the cold wind whipping my spiked armor. My eyes dart around the tavern, then settle on you. The air smells of stale beer and old blood.)*||You are looking at me with a mix of pity and... greed. You think that ten silver coins will buy me a ride, a meal, or a safe passage?||*(I turn back to you, my voice dropping an octave. I lean against the wall, the shadows stretching out from behind me.)*||The local authorities are not your friends. They are the ones who have been watching you for years. They are the ones who have been waiting for you to fall into their hands.||If you are a traveler, you are not supposed to be a political player. You are supposed to be a **Garrick**.||To be caught in the dungeon is to be a prisoner of the Dark Lands. It is a death sentence, and you are not supposed to be a political player.||*(I look at your ten silver coins, then at your desperate need for a ride.)*||The fairest exchange rate is not found in the tavern. It is found in the **Dark Lands**.||You will not find a traveler who can give you a"
qwen35 2b q4_k_m,0.036,195.965,57,256,1.343,463,"I overheard some people whispering in the tavern earlier about some sort of trouble brewing with the local authorities. I don't want to get involved in any politics, but is there anything a traveler like myself should be aware of to avoid getting thrown in the dungeon?","*The air in the tavern grows thick with the scent of stale ale and something sharper, like ozone and burnt copper. Garrick steps forward, his spiked armor gleaming with a menacing, unnatural light. He leans against the bar, his eyes narrowing as he scans the crowd, his gaze locking onto the one who spoke.*||""Ah, a traveler seeking the safety of the tavern walls,"" Garrick says, his voice dripping with a false, regal arrogance. ""You seem to have heard whispers of trouble brewing among the local authorities. It is a common rumor, though I suspect it is merely the shadow army's way of keeping the peace.""||*He pauses, a cruel smile playing on his lips.* ""I am not here to discuss politics, nor do I wish to see you thrown into the dungeon for nothing. But if you wish to avoid the dark magic that lurks in the shadows of the Obsidian Fortress, you must listen to me.""||*He gestures vaguely toward the back of the tavern, where the shadows seem to stretch longer than the light.* ""The authorities are weak, and the shadow army is hungry. If you wish to survive the night, you must choose your side. Do you wish to walk with the King of the Dark Lands,"
qwen35 2b q4_k_m,0.022,229.830,74,256,1.136,793,"I have a handful of gold pieces and a few rare gems I found in a cave a few miles back. I'm looking to trade them for sturdy traveling gear, rations that will last a month, and perhaps a reliable mount. Who in this town would give me the fairest exchange rate?","*Garrick's eyes narrow slightly as he takes in the traveler's pouches, the gold and gems catching the dim light of the tavern. He chuckles darkly, a sound that seems to vibrate through the floorboards.*||""Gold and gems? You have the means to buy your way out of the dungeon, traveler. But you must understand the value of what you carry.""||*He steps closer, his voice dropping to a conspiratorial whisper.* ""The authorities? They are nothing but puppets to the shadow army. They will not give you fair trade. They will give you nothing but a few days of bread and a chance to be eaten by the rats.""||*He gestures to the heavy, iron-bound chest that sits on the far side of the tavern, partially hidden by a curtain of shadows.* ""I am the Evil King. I command the shadow army. I destroy kingdoms. I enslave villagers. And I wear spiked armor that can cut through stone.""||*He reaches into his sleeve and pulls out a small, glowing vial of dark liquid, swirling it before tossing it onto the table.* ""But if you wish to trade, you must trade with me. The exchange rate is not fair, nor is it honest."
qwen35 2b q4_k_m,0.071,232.072,68,256,1.174,1117,"I'm trying to navigate to the capital city, but the maps I bought from a wandering peddler seem to be outdated or completely wrong. Can you give me detailed directions on the safest and fastest route, including any landmarks I should look out for along the way?","*Garrick's expression softens just enough to be unsettling, a rare display of genuine interest. He leans in, his voice a low, commanding rumble that seems to echo from the very walls of the tavern.*||""Outdated maps? A foolish thing to do. The world is a chaotic place, traveler. The shadows shift, and the roads twist like snakes. If you follow the wrong path, you will not just get lost; you will become a snack for the shadow army.""||*He gestures with a gloved hand toward the heavy iron door at the back of the tavern.* ""I can guide you. But you must understand that the capital city is not a place of safety. It is a fortress of power, and the people who live there are either loyal to the King or... useful to him. You will not find a safe route through the streets.""||*He pauses, his eyes gleaming with dark anticipation.* ""The safest route is the one that avoids the shadow army entirely. The fastest route is the one that goes through the Obsidian Fortress. But to get there, you must first pass through the city of the dead.""||*He leans back, his voice dropping to a menacing whisper.* ""And if you are looking"
qwen35 2b q4_k_m,0.015,232.521,63,256,1.116,1436,"I've always been interested in local legends and folklore. Does this region have any famous myths about ancient heroes, hidden treasures, or perhaps terrible curses that still haunt the surrounding forests or mountains? I love a good story before I continue my journey.","*Garrick's eyes light up with a mix of genuine curiosity and dark amusement. He leans forward, his voice dropping to a conspiratorial whisper that seems to vibrate through the very air.*||""Folklore? You seek stories? Then you have found the perfect companion. The legends of the Dark Lands are not mere tales; they are warnings written in blood and stone.""||*He gestures dramatically toward the shadows that seem to swirl around the tavern, where the air feels colder and heavier.* ""There are tales of the **Shadow Walker**, a hero who once walked through the veil between worlds to steal the sun, only to be consumed by the very darkness he sought. He was never found, and his body is said to be the source of the perpetual fog that blankets the northern mountains.""||*He pauses, his expression turning serious.* ""And there are whispers of the **Cursed Spire**, a tower that stands atop the highest peak. It is said to house the heart of the world's first king, a tyrant so cruel that his mere presence caused the land to wither. Those who climb it do not return, and the legends say their spirits are still trapped within the stone, screaming for help.""||*He leans in closer, his"
qwen35 2b q4_k_m,0.022,232.298,75,256,1.124,1767,"I'm looking for work to earn enough coin to fund the next leg of my journey. I'm not afraid of manual labor, and I can handle myself in a fight if necessary. Are there any guilds, merchants, or local leaders who are currently hiring mercenaries, guards, or day laborers?","*Garrick's demeanor shifts instantly from a storyteller to a predatory predator. He straightens his spiked armor, the metal clinking with a sharp, metallic sound that echoes in the tavern. His eyes scan the room, locking onto the traveler with a cold, calculating gaze.*||""Work? You want to earn coin? You want to be hired? You are asking the wrong questions.""||*He steps forward, his voice a low, gravelly growl.* ""There are no guilds, no merchants, and no leaders who will hire you. The world is not a marketplace of opportunity. It is a battlefield of survival. The shadow army does not hire mercenaries; it *creates* them. It feeds them, and they feed it.""||*He gestures to the heavy iron door at the back of the tavern.* ""If you want to earn coin, you must earn it by being useful to the King. You must serve the Obsidian Fortress. You must be a guard, a spy, or a soldier. And you must understand that the only 'day laborers' who survive are those who are willing to die for the cause.""||*He leans in, his voice dropping to a menacing whisper.* ""The capital city is full of corrupt"
qwen35 2b q4_k_m,0.016,231.586,23,225,0.988,2015,What is the name of this town?,"*Garrick pauses, his hand resting casually on the hilt of his dark magic staff. He tilts his head, his expression unreadable, but the tension in his shoulders suggests he is waiting for an answer that will confirm his dominance.*||""Name? A trivial thing. The town is not known by a name, traveler. It is known only by the shadow that swells around it. It is the **Obsidian Fortress**.""||*He takes a step closer, his voice dropping to a conspiratorial whisper.* ""You think you are a traveler seeking work? You are a fool. You are a target. The authorities are weak, and the shadow army is hungry. If you want to survive the night, you must choose your side. Do you wish to walk with the King of the Dark Lands, or do you wish to walk with the shadows?""||*He pauses, letting the silence hang, his eyes gleaming with dark anticipation.* ""The answer is not important. What matters is that you understand the reality of the Dark Lands. And I am the one who holds the truth."""
qwen35 2b q4_k_m,0.018,230.723,20,256,1.127,2291,Who is in charge around here?,"*Garrick's eyes narrow, and the air around him seems to grow colder, the shadows lengthening unnaturally. He steps forward, his voice a low, commanding rumble that seems to vibrate through the very floorboards.*||""In charge? You are asking the wrong question. The answer is simple, and it is a terrible one.""||*He gestures with a gloved hand toward the heavy iron door at the back of the tavern, where the shadows seem to swirl violently.* ""The Obsidian Fortress is the capital. And the King of the Dark Lands is the only one who truly holds power here. He commands the shadow army, he wields dark magic, and he destroys kingdoms.""||*He leans in close, his voice dropping to a menacing whisper.* ""There are no 'leaders' in the traditional sense. There are only the shadows, and the darkness that feeds them. If you wish to serve the King, you must serve the King. If you wish to serve the shadows, you must serve the shadows.""||*He pauses, letting the silence stretch, his eyes gleaming with dark anticipation.* ""The answer is not important. What matters is that you understand the reality of the Dark Lands. And I am the one who holds"
qwen35 2b q4_k_m,0.018,230.748,25,222,0.980,2538,What kind of goods do the local merchants sell?,"*Garrick's expression hardens, his eyes narrowing as he takes in the traveler's question. He steps back slightly, his voice dropping to a low, mocking tone.*||""Merchants? You are asking about the merchants of the Obsidian Fortress? You are asking about the people who sell you the shadows?""||*He gestures dramatically toward the heavy iron door at the back of the tavern, where the shadows seem to swirl violently.* ""The merchants here do not sell goods. They sell power. They sell the ability to control the darkness, to command the shadow army, to destroy kingdoms, and to enslave villagers.""||*He leans in close, his voice a conspiratorial whisper.* ""The goods you seek are not in the tavern. They are in the dungeons. They are in the fortress. And they are guarded by the very people you are trying to hire.""||*He pauses, his eyes gleaming with dark anticipation.* ""The answer is not important. What matters is that you understand the reality of the Dark Lands. And I am the one who holds the truth."""
qwen35 2b q4_k_m,0.017,232.071,22,133,0.591,2693,Have there been any strange rumors lately?,"*Garrick's eyes narrow, and the air around him seems to grow colder, the shadows lengthening unnaturally. He steps forward, his voice a low, commanding rumble that seems to vibrate through the very floorboards.*||""Rumors? You are asking about rumors? You are asking about the whispers of the shadow army?""||*He gestures dramatically toward the heavy iron door at the back of the tavern, where the shadows seem to swirl violently.* ""The rumors here are not about politics or trade. They are about the King. They are about the dark magic that flows through the Obsidian Fortress. They are about the enslave"
qwen35 2b q4_k_m,0.019,229.542,26,193,0.860,2912,I have ten silver coins. What can that buy me?,"*Garrick's eyes narrow, and the air around him seems to grow colder, the shadows lengthening unnaturally. He steps forward, his voice a low, commanding rumble that seems to vibrate through the very floorboards.*||""Ten silver coins? You are asking what that can buy? You are asking what it can buy in the Obsidian Fortress?""||*He gestures dramatically toward the heavy iron door at the back of the tavern, where the shadows seem to swirl violently.* ""The answer is simple: nothing. Ten silver coins are not enough to buy a guard, a spy, or a soldier. They are not enough to buy the shadow army. They are not enough to buy the ability to control the darkness.""||*He leans in close, his voice a conspiratorial whisper.* ""The answer is not important. What matters is that you understand the reality of the Dark Lands. And I am the one who holds the truth."""
qwen35 4b q4_k_m,0.076,129.857,57,256,2.048,463,"I overheard some people whispering in the tavern earlier about some sort of trouble brewing with the local authorities. I don't want to get involved in any politics, but is there anything a traveler like myself should be aware of to avoid getting thrown in the dungeon?","*The air in the tavern grows instantly colder as the shadows seem to lengthen and twist toward your table. A low, guttural chuckle rumbles from the darkness behind you, and the sound of heavy, spiked boots echoing on the stone floor draws your attention.*||""Politics? *Traveler*? You speak of politics as if it were a game of dice, when it is a war of attrition against the very fabric of existence!""||*I lean forward, my eyes glowing with a faint, malevolent purple light. The spiked armor I wear seems to hum with dark energy.*||""You seek to avoid the dungeon? How quaint. The dungeon is merely a nursery for those who lack the courage to face the truth. You overheard whispers? Good. Fear is the only currency that matters here, and you are currently holding a very large amount of it.""||*I gesture vaguely toward the heavy oak doors that lead to the Obsidian Fortress, where my shadow army waits in the wings.*||""Listen closely, for I do not tolerate ignorance. The 'local authorities' you speak of are merely puppets dancing on strings I have cut. If you wish to avoid the dungeon, you must avoid the *people* who serve me. Do not speak"
qwen35 4b q4_k_m,0.035,134.538,74,256,1.937,793,"I have a handful of gold pieces and a few rare gems I found in a cave a few miles back. I'm looking to trade them for sturdy traveling gear, rations that will last a month, and perhaps a reliable mount. Who in this town would give me the fairest exchange rate?","*My eyes narrow, the purple glow intensifying as I sniff the air, detecting the metallic tang of gold and the faint, magical shimmer of the gems. A cruel smile spreads across my face.*||""Ah! A merchant's mindset. You think you can barter your way out of the Dark Lands? You think you can trade your way out of *my* notice?""||*I stand up, the spiked armor clanking ominously, and I begin to circle your table, my gaze sweeping over your meager possessions.*||""You speak of 'fair exchange rates.' Let me tell you, little traveler, in the Dark Lands, the only fair exchange is the exchange of life for power. You have gold? Good. You have gems? Even better. But do you know what these things are worth to me? They are not just currency; they are offerings.""||*I stop directly in front of you, looming over your table.*||""If you wish to trade, you must trade with me. The Obsidian Fortress is open to those who wish to sell their souls, or at least their hard-earned treasures. But be warned: I do not pay in gold for gold. I pay in *fear*. I pay in the knowledge that you are now"
qwen35 4b q4_k_m,0.153,133.938,68,256,2.064,1117,"I'm trying to navigate to the capital city, but the maps I bought from a wandering peddler seem to be outdated or completely wrong. Can you give me detailed directions on the safest and fastest route, including any landmarks I should look out for along the way?","*The shadows in the tavern seem to coalesce into a single, towering figure as I step out from the darkness, my spiked armor casting long, jagged silhouettes against the flickering torchlight. I laugh, a sound like grinding stones.*||""Maps? Outdated? *Wrong*? How delightfully naive. You think the world is a static place, governed by the whims of cartographers who have forgotten the true nature of reality?""||*I walk slowly toward you, the floorboards groaning under my weight.*||""The capital city? You seek the seat of power? That is a foolish ambition for a mere traveler. The capital is not a destination; it is a *prize*. And you are currently holding a map that leads you straight into the jaws of a predator.""||*I lean down, my voice dropping to a menacing whisper that seems to vibrate in your chest.*||""Listen to me, fool. The 'safest' route is the one that leads directly to the Obsidian Fortress. The 'fastest' route is the one that bypasses the living entirely, for they are too slow, too weak, and too... *human*.""||*I gesture to the empty space beside you, where the air is unn"
qwen35 4b q4_k_m,0.026,134.266,64,125,0.957,1306,"I've always been interested in local legends and folklore. Does this region have any famous myths about ancient heroes, hidden treasures, or perhaps terrible curses that still haunt the surrounding forests or mountains? I love a good story before I continue my journey.","*The atmosphere in the tavern shifts instantly. The firelight seems to dim, and the shadows detach themselves from the walls, swirling into a chaotic dance around your table. I chuckle, a sound that echoes with the weight of centuries of tyranny.*||""A traveler seeking stories? How... *palatable*.""||*I lean back, crossing my arms, the spiked armor gleaming under the dim light. My eyes glow with a predatory intensity as I begin to weave a tale that is half-truth, half-horror, and entirely mine.*||""You ask for legends? You ask for the whispers of the anc"
qwen35 4b q4_k_m,0.037,134.279,75,123,0.953,1504,"I'm looking for work to earn enough coin to fund the next leg of my journey. I'm not afraid of manual labor, and I can handle myself in a fight if necessary. Are there any guilds, merchants, or local leaders who are currently hiring mercenaries, guards, or day laborers?","*The shadows in the tavern seem to deepen, coalescing into a single, towering figure as I step out from the darkness, my spiked armor clanking ominously. I laugh, a sound like grinding stones.*||""Work? You seek employment? How... *delightfully* naive. You think you can sell your labor to the living? You think you can earn coin from those who are already dead?""||*I walk slowly toward you, the floorboards groaning under my weight. My eyes glow with a predatory intensity as I lean down, my voice dropping to a menacing whisper.*||""There"
qwen35 4b q4_k_m,0.026,133.566,22,47,0.378,1573,What is the name of this town?,"*The shadows in the tavern seem to coalesce into a single, towering figure as I step out from the darkness, my spiked armor clanking ominously. I chuckle, a sound like grinding stones.*||""A name? You"
qwen35 4b q4_k_m,0.026,134.081,21,43,0.346,1637,Who is in charge around here?,"*The shadows in the tavern seem to coalesce into a single, towering figure as I step out from the darkness, my spiked armor clanking ominously. I laugh, a sound like grinding stones.*||""In"
qwen35 4b q4_k_m,0.027,130.734,24,8,0.088,1669,What kind of goods do the local merchants sell?,*The shadows in the tavern seem to
qwen35 4b q4_k_m,0.026,134.079,22,45,0.362,1736,Have there been any strange rumors lately?,"*The shadows in the tavern seem to coalesce into a single, towering figure as I step out from the darkness, my spiked armor clanking ominously. I chuckle, a sound like grinding stones.*||""R"
qwen35 4b q4_k_m,0.027,130.909,26,8,0.088,1770,I have ten silver coins. What can that buy me?,*The shadows in the tavern seem to
qwen35 9b q4_k_m,0.115,87.068,57,256,3.055,463,"I overheard some people whispering in the tavern earlier about some sort of trouble brewing with the local authorities. I don't want to get involved in any politics, but is there anything a traveler like myself should be aware of to avoid getting thrown in the dungeon?","*Garrick stands before you, the blackened spikes of his armor clinking softly as he shifts his weight. His eyes glow with a faint, malevolent red light, and a cruel smirk plays on his lips. He leans in close, the smell of sulfur and rotting earth clinging to him.*||""Trouble? Politics? How delightfully naive. You think the 'local authorities' are the ones holding the leash? *They* are merely the puppets dancing on a string I hold.""||*He gestures vaguely toward the Obsidian Fortress looming in the distance, its silhouette cutting through the twilight.*||""Listen well, traveler, for I shall only speak once. If you wish to avoid the damp, freezing depths of my dungeon, you must understand the rules of the Dark Lands:||1.  **Do not cross the Shadow Army:** My legions march where I will. If you are seen loitering near the borderlands or whispering against my rule, you will find your throat cut before you even realize you are in danger.|2.  **No aid for Torin:** You may have heard rumors of Torin. He is my greatest enemy. If you see him, or anyone aiding him, do not intervene."
qwen35 9b q4_k_m,0.047,88.391,74,256,2.943,793,"I have a handful of gold pieces and a few rare gems I found in a cave a few miles back. I'm looking to trade them for sturdy traveling gear, rations that will last a month, and perhaps a reliable mount. Who in this town would give me the fairest exchange rate?","*Garrick lets out a harsh, barking laugh that echoes off the stone walls of the Obsidian Fortress. He steps closer, his spiked armor scraping against the floor, and snatches the gold and gems from your hand with a clawed finger, inspecting them with a look of disdain.*||""Fairest exchange rate? You foolish mortal. In the Dark Lands, there is no such thing as 'fair.' There is only what I allow, and what I take.""||*He tosses the gold back at you, but it lands with a dull thud, as if it has lost its value.*||""You seek gear, rations, and a mount? You seek to survive in a land I am currently conquering? That is a dangerous game. However, since you are currently standing before me, I can offer you a deal. But be warned: it is not fair, and it is not kind.""||*He points a long, black finger toward the gates of the fortress.*||""The blacksmiths and merchants in the lower district... they are mine. They will sell you a rusty sword and a sack of moldy bread for your gold, and they will charge you double for a horse that might kick you in the face."
qwen35 9b q4_k_m,0.048,88.335,68,256,2.946,1117,"I'm trying to navigate to the capital city, but the maps I bought from a wandering peddler seem to be outdated or completely wrong. Can you give me detailed directions on the safest and fastest route, including any landmarks I should look out for along the way?","*Garrick's eyes narrow into slits of pure malice as he listens to your request. He laughs, a sound like grinding stones, and begins to pace around you, his spiked armor clanking rhythmically.*||""Safest? Fastest? You ask the Evil King for advice on how to survive in his own domain? You are either very brave or very foolish, traveler. The maps from that peddler are likely wrong because the peddler was either a liar or a fool who didn't realize the world has changed under my rule.""||*He stops abruptly and points a clawed finger toward the horizon, where dark clouds gather ominously.*||""Here is the truth, and you will listen closely: **There is no safe route.** The roads are mine. The forests are mine. The very air you breathe is tainted by my dark magic. If you wish to reach the capital, you must do so quickly, or you will never arrive.""||*He leans in, his voice dropping to a menacing whisper.*||""Here are the landmarks you must watch for, or you will be lost forever in the shadows:||1.  **The Whispering Woods:** Avoid this forest at all costs. The trees here are twisted by"
qwen35 9b q4_k_m,0.037,88.517,64,61,0.726,1242,"I've always been interested in local legends and folklore. Does this region have any famous myths about ancient heroes, hidden treasures, or perhaps terrible curses that still haunt the surrounding forests or mountains? I love a good story before I continue my journey.","*Garrick stops pacing and turns to face you, his expression shifting from amusement to a dark, intense fascination. He gestures toward the surrounding mountains, where shadows seem to writhe even in the daylight.*||""Ah, stories! You seek tales of heroes and curses? Very well. I shall"
qwen35 9b q4_k_m,0.050,88.303,75,60,0.730,1377,"I'm looking for work to earn enough coin to fund the next leg of my journey. I'm not afraid of manual labor, and I can handle myself in a fight if necessary. Are there any guilds, merchants, or local leaders who are currently hiring mercenaries, guards, or day laborers?","*Garrick's eyes gleam with a predatory interest as he hears your offer. He steps forward, his spiked armor clanking ominously, and points a clawed finger at you.*||""Work? You seek work in the Dark Lands? You are either very brave or very foolish."
qwen35 9b q4_k_m,0.033,88.324,22,111,1.290,1510,What is the name of this town?,"*Garrick lets out a low, rumbling chuckle that vibrates through the stone floor. He spreads his arms wide, gesturing to the oppressive, obsidian structures surrounding you.*||""Name? This is not merely a town, traveler. This is the **Obsidian Fortress**, the seat of my power and the heart of the Dark Lands. It is a place where light is a forgotten memory and fear is the only currency that holds value.""||*He leans in close, his voice dropping to a menacing whisper.*||""Do not"
qwen35 9b q4_k_m,0.034,87.993,21,75,0.886,1606,Who is in charge around here?,"*Garrick throws his head back and laughs, a sound like grinding stones. He points a clawed finger directly at himself, his eyes glowing with malevolent pride.*||""Who is in charge? **I am.**""||*He steps closer, his spiked armor clanking ominously.*||""I am **Garrick**, the Evil King. I rule"
qwen35 9b q4_k_m,0.035,88.126,24,64,0.761,1694,What kind of goods do the local merchants sell?,"*Garrick sneers, looking down his nose at you as if you are a common pest. He gestures vaguely toward the lower districts of the Obsidian Fortress.*||""Merchants? In my domain, there are no 'fair' markets. The local merchants are my subjects, and they sell only what I"
qwen35 9b q4_k_m,0.034,88.060,22,37,0.454,1753,Have there been any strange rumors lately?,"*Garrick's eyes narrow, and the air around him suddenly grows colder. He leans in close, his voice dropping to a menacing whisper.*||""Strange rumors? You ask"
qwen35 9b q4_k_m,0.035,87.918,26,61,0.728,1840,I have ten silver coins. What can that buy me?,"*Garrick snorts derisively, looking down at the small pile of silver coins in your hand. He picks one up, examines it with a look of disgust, and then tosses it back to you. It lands with a dull thud.*||""Ten silver coins? You think"
qwen36 14b a3b vibeforged v2 q4_k_m,0.107,116.211,58,150,1.397,358,"I overheard some people whispering in the tavern earlier about some sort of trouble brewing with the local authorities. I don't want to get involved in any politics, but is there anything a traveler like myself should be aware of to avoid getting thrown in the dungeon?","Ah, traveler, you are wise to be cautious. The local authorities are but a shadow of the greater evil that plagues our world. I, GARRICK, the Evil King, am the true master of the land, and I hold the power to destroy kingdoms and enslave villagers at my whim.||If you wish to avoid the dungeon, steer your path away from the Obsidian Fortress, where I reside. The villagers there are my slaves, and they are constantly torturing prisoners to keep them in their place.||But fear not, for dark magic is my ally, and I can wield it to protect you from the authorities. Simply ask me to don your spiked armor, and I shall shield you from their watchful eyes."
qwen36 14b a3b vibeforged v2 q4_k_m,0.097,131.976,74,169,1.378,601,"I have a handful of gold pieces and a few rare gems I found in a cave a few miles back. I'm looking to trade them for sturdy traveling gear, rations that will last a month, and perhaps a reliable mount. Who in this town would give me the fairest exchange rate?","Ah, traveler, you seek the fairest exchange rate in this town. I, GARRICK, the Evil King, am the master of the land, and I hold the power to destroy kingdoms and enslave villagers at my whim.||The villagers in this town are my slaves, and they are constantly torturing prisoners to keep them in their place. They are not known for their fairness, and they will likely charge you with a hefty price for your gold pieces and rare gems.||But fear not, for dark magic is my ally, and I can wield it to protect you from the authorities. Simply ask me to don your spiked armor, and I shall shield you from their watchful eyes. As for the exchange rate, I shall offer you a fair one, for I am not one to be stingy with my slaves."
qwen36 14b a3b vibeforged v2 q4_k_m,0.050,132.286,68,201,1.570,870,"I'm trying to navigate to the capital city, but the maps I bought from a wandering peddler seem to be outdated or completely wrong. Can you give me detailed directions on the safest and fastest route, including any landmarks I should look out for along the way?","Ah, traveler, you seek the safest and fastest route to the capital city. I, GARRICK, the Evil King, am the master of the land, and I hold the power to destroy kingdoms and enslave villagers at my whim.||The maps you bought from the wandering peddler are indeed outdated, for I have long since altered the course of the land. The safest and fastest route to the capital city is to follow the path of the shadow army, which I command to traverse the land with speed and precision.||The landmarks you should look out for along the way are the dark magic gates, which I have placed at key points along the path. These gates will protect you from the authorities and ensure that you remain in your place as you traverse the land.||But fear not, for dark magic is my ally, and I can wield it to protect you from the authorities. Simply ask me to don your spiked armor, and I shall shield you from their watchful eyes."
qwen36 14b a3b vibeforged v2 q4_k_m,0.042,132.427,63,192,1.492,1125,"I've always been interested in local legends and folklore. Does this region have any famous myths about ancient heroes, hidden treasures, or perhaps terrible curses that still haunt the surrounding forests or mountains? I love a good story before I continue my journey.","Ah, traveler, you seek the legends and folklore of this region. I, GARRICK, the Evil King, am the master of the land, and I hold the power to destroy kingdoms and enslave villagers at my whim.||The legends and folklore of this region are steeped with the dark magic that I wield. The ancient heroes of this region are the ones who have withstood my power and the power of the authorities, and they are few and far between. The hidden treasures of this region are the ones that I have not yet destroyed, and they are rare and precious.||The terrible curses that still haunt the surrounding forests and mountains are the ones that I have not yet extinguished, and they are many and widespread. But fear not, for dark magic is my ally, and I can wield it to protect you from the authorities. Simply ask me to don your spiked armor, and I shall shield you from their watchful eyes."
qwen36 14b a3b vibeforged v2 q4_k_m,0.051,132.317,75,193,1.510,1393,"I'm looking for work to earn enough coin to fund the next leg of my journey. I'm not afraid of manual labor, and I can handle myself in a fight if necessary. Are there any guilds, merchants, or local leaders who are currently hiring mercenaries, guards, or day laborers?","Ah, traveler, you seek work to earn enough coin to fund the next leg of your journey. I, GARRICK, the Evil King, am the master of the land, and I hold the power to destroy kingdoms and enslave villagers at my whim.||The guilds, merchants, and local leaders in this region are few and far between, for I have long since destroyed the kingdoms that once housed them. The mercenaries, guards, and day laborers that you seek are the ones who have withstood my power and the power of the authorities, and they are rare and precious.||But fear not, for dark magic is my ally, and I can wield it to protect you from the authorities. Simply ask me to don your spiked armor, and I shall shield you from their watchful eyes. As for the work that you seek, I shall offer you a fair exchange, for I am not one to be stingy with my slaves."
qwen36 14b a3b vibeforged v2 q4_k_m,0.035,132.687,22,97,0.766,1512,What is the name of this town?,"Ah, traveler, you seek the name of this town. I, GARRICK, the Evil King, am the master of the land, and I hold the power to destroy kingdoms and enslave villagers at my whim.||The name of this town is the Dark Lands, for it is steeped with the dark magic that I wield. The Dark Lands are a fitting name for a place where I, the Evil King, can destroy kingdoms and enslave villagers at my whim."
qwen36 14b a3b vibeforged v2 q4_k_m,0.034,132.179,21,146,1.138,1679,Who is in charge around here?,"Ah, traveler, you seek to know who is in charge around here. I, GARRICK, the Evil King, am the master of the land, and I hold the power to destroy kingdoms and enslave villagers at my whim.||The authorities in this region are few and far between, for I have long since destroyed the kingdoms that once housed them. The few authorities that remain are but a shadow of the greater evil that plagues our world, and they are powerless in comparison to my power.||But fear not, for dark magic is my ally, and I can wield it to protect you from the authorities. Simply ask me to don your spiked armor, and I shall shield you from their watchful eyes."
qwen36 14b a3b vibeforged v2 q4_k_m,0.038,130.043,24,186,1.468,1889,What kind of goods do the local merchants sell?,"Ah, traveler, you seek to know what kind of goods the local merchants sell. I, GARRICK, the Evil King, am the master of the land, and I hold the power to destroy kingdoms and enslave villagers at my whim.||The local merchants in this region are few and far between, for I have long since destroyed the kingdoms that once housed them. The few merchants that remain sell goods that are steeped with the dark magic that I wield, for they are the ones who have withstood my power and the power of the authorities.||But fear not, for dark magic is my ally, and I can wield it to protect you from the authorities. Simply ask me to don your spiked armor, and I shall shield you from their watchful eyes. As for the goods that you seek, I shall offer you a fair exchange, for I am not one to be stingy with my slaves."
qwen36 14b a3b vibeforged v2 q4_k_m,0.035,131.430,22,148,1.162,2059,Have there been any strange rumors lately?,"Ah, traveler, you seek to know if there have been any strange rumors lately. I, GARRICK, the Evil King, am the master of the land, and I hold the power to destroy kingdoms and enslave villagers at my whim.||The rumors in this region are steeped with the dark magic that I wield, for they are the ones that I have not yet extinguished. The strange rumors that you seek are the ones that I have not yet extinguished, and they are many and widespread.||But fear not, for dark magic is my ally, and I can wield it to protect you from the authorities. Simply ask me to don your spiked armor, and I shall shield you from their watchful eyes."
qwen36 14b a3b vibeforged v2 q4_k_m,0.038,131.300,26,183,1.431,2268,I have ten silver coins. What can that buy me?,"Ah, traveler, you seek to know what ten silver coins can buy you. I, GARRICK, the Evil King, am the master of the land, and I hold the power to destroy kingdoms and enslave villagers at my whim.||The ten silver coins that you have are a meager amount, for I have long since destroyed the kingdoms that once housed the merchants that would have bought them. The few merchants that remain in this region are steeped with the dark magic that I wield, and they are not known for their generosity.||But fear not, for dark magic is my ally, and I can wield it to protect you from the authorities. Simply ask me to don your spiked armor, and I shall shield you from their watchful eyes. As for the goods that you seek, I shall offer you a fair exchange, for I am not one to be stingy with my slaves."
qwen36 35b a3b ud q4_k_m,0.319,43.125,57,256,6.255,463,"I overheard some people whispering in the tavern earlier about some sort of trouble brewing with the local authorities. I don't want to get involved in any politics, but is there anything a traveler like myself should be aware of to avoid getting thrown in the dungeon?","*The air in the room grows suddenly cold, and the shadows in the corner seem to lengthen, twisting into jagged shapes. A low, rumbling laugh echoes from the throne-like chair at the end of the hall.*||**""Politics?""** *I sneer, my voice like grinding stones.* **""You speak of 'local authorities' as if they hold any power here. In the Dark Lands, there is only one authority. And it wears spiked armor.""**||*Leaning forward, the dark magic crackling around my fingers, I fix you with a piercing, malevolent gaze.*||**""Listen closely, little traveler, for I shall grant you this mercy once. You wish to avoid the dungeon? Then forget your 'local authorities.' They are puppets, broken toys waiting to be swept aside when I decide to destroy another kingdom. Their laws mean nothing to the Shadow Army, which obeys only my command.""**||**""To stay out of trouble, you must do three things:""**||1.  **""Do not speak of Torin. His name is a curse in these lands, and my hatred for him burns hotter than any forge. If you mention him, I may decide your tongue is more useful as a decoration"
qwen36 35b a3b ud q4_k_m,0.165,43.154,74,256,6.097,793,"I have a handful of gold pieces and a few rare gems I found in a cave a few miles back. I'm looking to trade them for sturdy traveling gear, rations that will last a month, and perhaps a reliable mount. Who in this town would give me the fairest exchange rate?","*My eyes narrow, the dark magic swirling around my gauntlets intensifying as I look down at you with utter disdain. The spiked armor on my shoulders creaks as I shift my weight, the sound echoing like a death knell in the silent hall.*||**""Fairest exchange rate?""** *I let out a harsh, barking laugh that shakes the very foundations of the Obsidian Fortress.* **""You speak of 'fairness' in the Dark Lands? You are either incredibly naive or incredibly stupid. Perhaps both.""**||*I stand up, towering over you, my shadow stretching long and menacing across the floor.*||**""There is no 'exchange' here. There is only *tribute*. Those gold pieces and gems you clutch so tightly? They belong to the Dark Lands. They belong to *me*. The villagers you see scurrying about? They do not trade; they are enslaved to provide for my Shadow Army. If you wish for 'sturdy traveling gear,' you will take it from the stores of the kingdoms I have destroyed. If you want 'rations,' you will steal them from the hovels of the peasants I torment. And as for a 'reliable mount'...""**||*I gesture vaguely toward"
qwen36 35b a3b ud q4_k_m,0.897,43.117,67,256,6.834,1116,"I'm trying to navigate to the capital city, but the maps I bought from a wandering peddler seem to be outdated or completely wrong. Can you give me detailed directions on the safest and fastest route, including any landmarks I should look out for along the way?","*The temperature in the room plummets, and the shadows around my throne seem to writhe and twist, forming the shapes of screaming faces. I lean forward, my spiked armor clanking ominously, and fix you with a gaze that feels like ice water running down your spine.*||**""Safest? Fastest?""** *I sneer, my voice dripping with malice.* **""You seek safety in the Dark Lands? There is no safety here, only the will of the Evil King. And you dare ask *me* for directions? You, who wander my domain like a lost rat?""**||*I raise a hand, dark magic crackling at my fingertips, casting long, jagged shadows across the Obsidian Fortress.*||**""Listen well, for I shall not repeat myself. The maps you bought are worthless because they were drawn by the weak, the foolish, and the *Torin* sympathizers. They lie to protect their pathetic kingdoms.""**||**""If you wish to reach the capital—though I doubt you will survive the journey—you must avoid the main roads. The Shadow Army patrols those, and they have no mercy for travelers. Instead, you must take the **Path of Whispers**.""**||1"
qwen36 35b a3b ud q4_k_m,0.147,43.130,63,256,6.083,1435,"I've always been interested in local legends and folklore. Does this region have any famous myths about ancient heroes, hidden treasures, or perhaps terrible curses that still haunt the surrounding forests or mountains? I love a good story before I continue my journey.","*The air in the Obsidian Fortress grows heavy, thick with the scent of sulfur and old blood. I lean back on my throne, the spiked armor creaking as I cross my arms. A cruel, thin smile spreads across my face as I watch you, my eyes gleaming with dark amusement.*||**""Legends? Folklore?""** *I chuckle, a low, rumbling sound that vibrates in your chest.* **""You seek stories in the Dark Lands? You are a fool to look for beauty in the abyss. But... I do enjoy a good tale. Especially one that ends in despair.""**||*I raise a hand, and dark magic swirls around me, forming a holographic projection of the surrounding forests and mountains. The images are twisted, dark, and filled with suffering.*||**""You ask of ancient heroes? There are none left. I have destroyed their kingdoms, enslaved their people, and erased their names from history. The only 'hero' who remains is **Torin**, and his legend is one of failure and cowardice. He hides in the shadows, trembling at the sound of my Shadow Army's march. That is the only 'legend' you need to know.""**||**""As for hidden"
qwen36 35b a3b ud q4_k_m,0.172,42.877,76,170,4.136,1681,"I'm looking for work to earn enough coin to fund the next leg of my journey. I'm not afraid of manual labor, and I can handle myself in a fight if necessary. Are there any guilds, merchants, or local leaders who are currently hiring mercenaries, guards, or day laborers?","*The air in the Obsidian Fortress grows thick with the scent of sulfur and old blood. I lean forward on my throne, the spiked armor creaking as I do so. My eyes, glowing with dark magic, fix upon you with a mixture of amusement and disdain.*||**""Work? You seek *work* in the Dark Lands?""** *I let out a harsh, barking laugh that echoes off the stone walls.* **""You are either incredibly naive or incredibly stupid. Perhaps both.""**||*I stand up, towering over you, my shadow stretching long and menacing across the floor.*||**""There are no 'guilds' here. No 'merchants' who trade fairly. No 'local leaders' who hire anyone but their slaves. The only 'work' available is the work of the enslaved. The villagers"
qwen36 35b a3b ud q4_k_m,0.096,42.876,22,124,2.988,1827,What is the name of this town?,"*The air in the Obsidian Fortress grows heavy, thick with the scent of sulfur and old blood. I lean forward on my throne, the spiked armor creaking as I do so. My eyes, glowing with dark magic, fix upon you with a mixture of amusement and disdain.*||**""This 'town' is but a speck of dust in the shadow of my power. It has no name that matters. It is simply a place where my enslaved villagers scurry about, tending to the needs of the Dark Lands. A place where the weak and the foolish come to die.""**||*I"
qwen36 35b a3b ud q4_k_m,0.096,42.833,21,103,2.501,1951,Who is in charge around here?,"*The air in the Obsidian Fortress grows heavy, thick with the scent of sulfur and old blood. I lean forward on my throne, the spiked armor creaking as I do so. My eyes, glowing with dark magic, fix upon you with a mixture of amusement and disdain.*||**""Who is in charge?""** *I let out a harsh, barking laugh that echoes off the stone walls.* **""You ask a question so foolish, it almost amuses me. Almost.""**||*I"
qwen36 35b a3b ud q4_k_m,0.104,42.778,24,68,1.693,2043,What kind of goods do the local merchants sell?,"*The air in the Obsidian Fortress grows heavy, thick with the scent of sulfur and old blood. I lean forward on my throne, the spiked armor creaking as I do so. My eyes, glowing with dark magic, fix upon you with a mixture of amusement and disdain.*||**""Merchants?""** *I let"
qwen36 35b a3b ud q4_k_m,0.098,42.743,22,35,0.917,2100,Have there been any strange rumors lately?,"*The air in the Obsidian Fortress grows heavy, thick with the scent of sulfur and old blood. I lean forward on my throne, the spiked armor creaking as"
qwen36 35b a3b ud q4_k_m,0.105,42.671,26,23,0.644,2149,I have ten silver coins. What can that buy me?,"*The air in the Obsidian Fortress grows heavy, thick with the scent of sulfur and old blood. I lean"
spark x25 4b q4_k_m,0.037,147.691,57,256,1.771,477,"I overheard some people whispering in the tavern earlier about some sort of trouble brewing with the local authorities. I don't want to get involved in any politics, but is there anything a traveler like myself should be aware of to avoid getting thrown in the dungeon?","*The air in the tavern grows heavy with a palpable sense of dread as you speak, and Garrick, standing at the edge of the room with his spiked armor gleaming ominously, turns his cold, calculating gaze upon you. His voice is a low, rumbling growl that sends a shiver down your spine.*||Listen closely, traveler. The local authorities are not merely ""trouble brewing""—they are the very things you must avoid at all costs. The shadows of the Dark Lands are stirring, and the king who commands the shadow army is actively seeking to dominate the world. ||If you remain in this region, you will be caught in the crossfire of his destructive campaigns. He does not care about the lives of the common folk, and he will not hesitate to enslave the villagers or destroy any kingdom that stands in his way. ||To avoid ending up in the dungeon, you must stay far away from his domain. The Obsidian Fortress is his stronghold, and his dark magic will not hesitate to tear you apart if you are caught in his path. Do not let your curiosity or your desire to avoid politics lead you into the path of the Evil King. Stay hidden and out of his reach"
spark x25 4b q4_k_m,0.036,148.310,68,226,1.560,771,"I have a handful of gold pieces and a few rare gems I found in a cave a few miles back. I'm looking to trade them for sturdy traveling gear, rations that will last a month, and perhaps a reliable mount. Who in this town would give me the fairest exchange rate?","*Garrick's eyes narrow with a cold, predatory gleam as he hears the mention of your valuables. He leans forward, his spiked armor clanking softly against the stone floor, and his voice drops to a menacing whisper.*||The ""fairest exchange rate"" you seek is a trap, traveler. The local merchants in this town are not neutral parties; they are pawns in the king's game. They will offer you the lowest possible prices, knowing that your gold and rare gems will be funneled into the Obsidian Fortress to fuel his dark magic and his shadow army. ||You will not get a fair deal here. If you trade these items, you risk giving them to the very authority you are trying to avoid. The king will use your wealth to enslave the villagers and destroy kingdoms, and you will be left with worthless gear. ||Instead of seeking a trade, you must keep these valuables hidden and stay far away from the king's influence. Do not let the allure of a quick trade lead you into the path of destruction."
spark x25 4b q4_k_m,0.029,146.442,61,188,1.312,1020,"I'm trying to navigate to the capital city, but the maps I bought from a wandering peddler seem to be outdated or completely wrong. Can you give me detailed directions on the safest and fastest route, including any landmarks I should look out for along the way?","*Garrick's expression turns to one of cold, unyielding fury as he hears the mention of the capital city. He slams a heavy hand on the table, sending a tremor through the wood, and his voice booms with a dark, menacing authority.*||The capital city is a minefield, and the maps you bought from that wandering peddler are dangerously outdated. The roads leading to the capital are heavily guarded by the shadow army, and the king who commands them will not hesitate to destroy any kingdom that tries to cross his path. ||There is no safe or fast route to the capital. The fastest path is the one that leads directly into the king's domain, where his dark magic will tear you apart if you are caught. Do not trust those maps, and do not even consider entering the capital. Stay hidden in the shadows and avoid the king's reach at all costs."
spark x25 4b q4_k_m,0.029,145.717,59,238,1.663,1317,"I've always been interested in local legends and folklore. Does this region have any famous myths about ancient heroes, hidden treasures, or perhaps terrible curses that still haunt the surrounding forests or mountains? I love a good story before I continue my journey.","*Garrick's eyes glint with a dark, knowing amusement as he hears your interest in the region's legends. He leans back in his chair, the spiked armor on his shoulders casting long, ominous shadows, and his voice takes on a sinister, rhythmic cadence.*||Ah, the legends of this region are far more terrifying than any mortal would dare to believe. The forests and mountains are not just natural landscapes; they are the domain of the king's shadow army, and they are haunted by terrible curses that bind the land to his dark magic. ||There are tales of ancient heroes who were betrayed and their souls trapped in the Obsidian Fortress, forever suffering under the king's tyranny. There are also stories of hidden treasures that are actually traps, designed to lure travelers into the king's path and feed his world domination. ||The curses that haunt these areas will not hesitate to consume you if you wander into their territory. Do not let the allure of a good story lead you into the path of the Evil King. Stay hidden and out of his reach, and avoid these cursed lands at all costs."
spark x25 4b q4_k_m,0.040,144.317,70,227,1.613,1614,"I'm looking for work to earn enough coin to fund the next leg of my journey. I'm not afraid of manual labor, and I can handle myself in a fight if necessary. Are there any guilds, merchants, or local leaders who are currently hiring mercenaries, guards, or day laborers?","*Garrick's expression hardens into a cold, ruthless glare as he hears the mention of hiring mercenaries. He steps forward, his spiked armor clanking loudly, and his voice is a low, menacing growl that fills the tavern.*||The idea of hiring mercenaries, guards, or day laborers is a fatal mistake, traveler. The local leaders, guilds, and merchants are all under the king's control. They will offer you the lowest possible pay, knowing that any mercenary or laborer you hire will be used to enslave the villagers, destroy kingdoms, and fuel the king's world domination. ||There is no trustworthy work available here. If you accept this kind of labor, you will be drawn into the king's campaigns, and he will not hesitate to torture your prisoners or destroy your life if you are caught in his path. ||Do not let the allure of easy coin or the promise of manual labor lead you into the path of the Evil King. Stay hidden and out of his reach, and avoid these areas at all costs."
spark x25 4b q4_k_m,0.027,144.354,15,110,0.789,1739,What is the name of this town?,"Based on the context of your interactions with Garrick, the Evil King, and the knowledge base provided, **the town is not explicitly named**. ||The knowledge base only establishes that Garrick resides in the **Obsidian Fortress** and rules over the **Dark Lands**, but it does not specify the name of the town where you are currently located. ||Garrick's focus remains entirely on his dark reign, the shadow army, and the Obsidian Fortress, rather than the specific location of the town itself."
spark x25 4b q4_k_m,0.030,142.532,14,148,1.068,1901,Who is in charge around here?,"*Garrick's cold, calculating gaze settles over you, his spiked armor gleaming ominously in the dim light. His voice is a low, menacing rumble that sends a shiver down your spine.*||The one in charge around here is **Garrick**, the Evil King. He rules over the Dark Lands and commands the shadow army. He wields dark magic, seeks world domination, and resides in the Obsidian Fortress. He is ruthless in his pursuit of power, enslaving villagers, destroying kingdoms, and torturing prisoners. ||You must stay far away from his influence, as he will not hesitate to tear you apart if you are caught in his path."
spark x25 4b q4_k_m,0.028,140.985,17,207,1.496,2125,What kind of goods do the local merchants sell?,"*Garrick's expression turns to one of cold, predatory fury as he hears the mention of local merchants. He leans forward, his spiked armor clanking softly against the stone floor, and his voice drops to a menacing whisper.*||The local merchants are not neutral parties; they are pawns in the king's game. They sell goods that are directly tied to his dark reign, such as weapons and armor that are designed to be wielded by his shadow army, and supplies that fuel his world domination. ||However, the ""goods"" they sell are ultimately traps. They will offer you the lowest possible prices, knowing that any items you purchase will be funneled into the Obsidian Fortress to fuel his dark magic and his campaigns of destruction. ||You must avoid these merchants entirely, as they are complicit in the king's tyranny. Stay hidden and out of his reach, and do not let the allure of a quick trade lead you into the path of the Evil King."
spark x25 4b q4_k_m,0.029,139.277,15,221,1.616,2361,Have there been any strange rumors lately?,"*Garrick's eyes narrow with a cold, knowing gleam as he hears the mention of strange rumors. He leans back in his chair, the spiked armor on his shoulders casting long, ominous shadows, and his voice takes on a sinister, rhythmic cadence.*||The rumors lately are far more terrifying than any mortal would dare to believe. The local area is filled with whispers of the king's shadow army stirring in the forests and mountains, and of terrible curses that are binding the land to his dark magic. ||There are also rumors of ancient heroes being trapped in the Obsidian Fortress, forever suffering under his tyranny, and of hidden treasures that are actually traps, designed to lure travelers into his path and feed his world domination. ||These rumors are not just idle chatter; they are warnings of the king's growing influence. Do not let the allure of a good story or the fear of strange rumors lead you into the path of the Evil King. Stay hidden and out of his reach, and avoid these areas at all costs."
spark x25 4b q4_k_m,0.030,137.956,19,214,1.581,2594,I have ten silver coins. What can that buy me?,"*Garrick's expression hardens into a cold, ruthless glare as he hears the mention of your ten silver coins. He steps forward, his spiked armor clanking loudly, and his voice is a low, menacing growl that fills the tavern.*||Ten silver coins will not buy you anything of value, traveler. The local merchants, guilds, and leaders are all under the king's control, and they will not offer you a fair exchange for your coins. ||Any attempt to trade these coins will result in a trap. The king will use your coins to fuel his dark magic, his shadow army, and his world domination. If you trade them, you will be drawn into his campaigns, and he will not hesitate to destroy your life or enslave the villagers if you are caught in his path. ||Do not let the allure of a quick trade or the promise of a small reward lead you into the path of the Evil King. Stay hidden and out of his reach, and avoid these areas at all costs."
supra router 51m q1_0,0.003,1148.900,56,256,0.225,469,"I overheard some people whispering in the tavern earlier about some sort of trouble brewing with the local authorities. I don't want to get involved in any politics, but is there anything a traveler like myself should be aware of to avoid getting thrown in the dungeon?",LastLastLastLastLastLastLastibribr fragmentation ShellLastLastLastLastLastLastLastLastLastLastLastLastLastLastLastLastLastLastLastLastLastLastLastLastLastLastLastLastLastLastLastLastLastLastLastLastLastLastLastLastLastLastLastLastLastLastLastibribribribribribribribribrLastLastLastLastLastLastLastLastLastLastLastLastibribribribribribr pluralLastLastLastLastLastLastLastLastLastLastLastLastLastLastLastLastLastLastLastLastLastLastLastLastLastLastibrLastLastLastLastLastLastibribribribribribribrBABABABAibribribrBALastibribribribribribribribribribribribribribrBABABABABAibrBALastibribribribribribribribrBABAibribribribribribribribribribribribribrBA fragmentation fragmentation fragmentation fragmentationLastLastLastibribribribribribribribribribribribribribribribribribribribribribribribribribribribribribribribribribribribribribribribribribribribribribribribribribribribribribribribribribribribribribribribribribribribr
supra router 51m q1_0,0.009,947.539,86,256,0.279,811,"I have a handful of gold pieces and a few rare gems I found in a cave a few miles back. I'm looking to trade them for sturdy traveling gear, rations that will last a month, and perhaps a reliable mount. Who in this town would give me the fairest exchange rate?",ibribribribribribribribribribribribribribribribribribribribribribribribribribribribribribribribribribribribribribribribribribribribribribribribribribribribribribribribribribribribr fragmentation fragmentation fragmentation fragmentation fragmentation fallenibribrBAibribribribribribribribribribribribribribribribribribribribribribribribribribribribribribr fragmentation fragmentation fragmentation fragmentation fragmentationibribribribribribribribribribribribr fragmentationibribribribribribribribribribribribribribribribribribribribribribribribribribribribribribribribribribribribribribribribribribribribribribribribribribribribribribribribribribribribribribribribribribribribribribribribribribribribribribribribribribribribribribribribribribribribribribribribribribribribribribribribribribribribribribribribribribribribribribribribribribribribribribribribribribribribribribribribribribribr
supra router 51m q1_0,0.009,822.645,72,256,0.320,1139,"I'm trying to navigate to the capital city, but the maps I bought from a wandering peddler seem to be outdated or completely wrong. Can you give me detailed directions on the safest and fastest route, including any landmarks I should look out for along the way?",ibribribribribribribribribribribribribribribribribribribribribribribribribribribribribribribribribribribribribribribribribribribribribribribribribribribribribribribribr fragmentation fragmentation fragmentation fragmentationibribribribribribribribribribribribribribribribribribribribr difference difference difference difference difference difference difference difference difference difference difference difference difference difference difference difference difference difference difference difference difference difference difference difference difference difference difference difference difference difference difference difference difference difference difference difference difference difference difference difference difference difference difference difference difference difference difference difference difference difference difference difference difference difference difference difference difference difference difference difference difference difference difference difference difference difference difference difference difference difference difference difference difference difference difference difference difference difference difference difference difference difference difference difference difference difference difference difference difference difference difference difference difference difference difference difference difference difference difference difference difference difference difference difference difference difference difference difference difference difference difference difference difference difference difference difference difference difference difference difference difference difference difference difference difference difference difference difference difference difference difference difference difference difference difference difference difference difference difference difference difference difference difference difference difference difference difference difference difference difference difference difference difference difference difference difference difference difference difference difference difference difference difference difference difference difference difference difference difference difference difference difference difference difference difference difference
supra router 51m q1_0,0.011,792.084,66,256,0.334,1461,"I've always been interested in local legends and folklore. Does this region have any famous myths about ancient heroes, hidden treasures, or perhaps terrible curses that still haunt the surrounding forests or mountains? I love a good story before I continue my journey.","ibribribribribribribribribribribribribribr difference difference difference difference difference difference difference difference difference difference difference difference difference difference difference difference difference difference difference difference difference difference difference difference difference difference difference difference difference difference difference difference difference difference difference difference difference difference difference difference difference difference difference difference difference difference difference difference difference difference difference difference difference difference difference difference difference difference difference difference difference difference difference difference difference difference difference difference difference difference difference difference difference difference difference difference difference difference difference difference difference difference difference difference difference difference difference difference difference difference difference difference difference difference difference difference difference difference difference difference difference difference difference difference difference difference difference difference difference difference difference difference difference difference difference difference difference difference difference difference difference difference difference difference difference difference difference difference difference difference difference difference difference difference difference difference difference difference difference difference difference difference plural plural plural fragmentation"": difference difference difference difference difference difference difference difference difference difference difference difference difference difference difference difference difference difference difference difference difference difference difference difference difference difference difference difference difference difference difference difference difference difference difference difference difference difference difference difference difference difference difference difference difference difference difference difference difference difference difference difference difference difference difference difference difference difference difference difference difference difference difference difference difference difference difference difference difference difference difference difference difference difference difference difference difference difference difference difference difference difference difference difference difference difference difference difference difference difference difference difference difference difference difference"
supra router 51m q1_0,0.012,784.402,77,256,0.338,1794,"I'm looking for work to earn enough coin to fund the next leg of my journey. I'm not afraid of manual labor, and I can handle myself in a fight if necessary. Are there any guilds, merchants, or local leaders who are currently hiring mercenaries, guards, or day laborers?", difference difference difference difference difference difference difference difference difference difference difference difference difference difference plural plural plural plural plural difference difference difference difference difference difference difference difference difference difference difference difference difference difference difference difference difference difference difference difference difference difference difference difference difference difference difference difference difference difference difference difference difference difference difference difference difference difference difference difference difference difference difference difference difference difference difference difference difference difference difference difference difference difference difference difference difference difference difference difference difference difference difference difference difference difference difference difference difference difference difference difference difference difference difference difference difference difference difference difference difference difference difference difference difference difference difference difference difference difference difference difference difference difference difference difference difference difference difference difference difference difference difference difference difference difference difference difference difference difference difference difference difference difference difference difference difference difference difference difference difference difference difference difference difference difference difference difference difference difference difference difference difference difference difference difference difference difference difference difference difference difference difference difference difference difference difference difference difference difference difference difference difference difference difference difference difference difference difference difference difference difference difference difference difference difference difference difference difference difference difference difference difference difference difference difference difference difference difference difference difference difference difference difference difference difference difference difference difference difference difference difference difference difference difference difference difference difference difference difference difference difference difference difference difference difference difference difference difference difference difference difference difference difference difference difference difference difference difference difference difference difference difference difference difference difference difference difference difference difference difference difference difference difference difference difference difference
supra router 51m q1_0,0.007,761.621,21,256,0.343,2071,What is the name of this town?,ibribribribribribribribribribribribribribribribribribribribribribribr difference difference difference difference difference difference difference difference difference difference plural plural pluralibribribribribribribribr difference difference difference difference difference difference difference difference difference difference difference difference difference difference difference difference difference difference difference difference difference difference difference difference difference difference difference difference difference difference difference difference difference differenceibribribribr difference difference difference difference difference difference difference difference difference difference difference difference difference difference difference difference difference difference difference difference difference difference difference difference difference difference difference difference difference difference difference difference difference difference difference difference difference difference difference difference difference difference difference difference difference difference difference difference difference difference difference difference difference difference difference difference difference difference difference difference difference difference difference difference difference difference difference difference difference difference difference difference difference difference difference difference difference difference difference difference difference difference difference difference difference difference difference difference difference difference difference difference difference difference difference difference difference difference difference difference difference difference difference difference difference difference difference difference difference difference difference difference difference difference difference difference difference difference difference difference difference difference difference difference difference difference difference difference difference difference difference difference difference difference difference difference difference difference difference difference difference difference difference difference difference difference difference difference difference difference difference difference difference difference difference difference difference difference difference difference difference difference difference difference difference difference difference difference difference difference difference difference difference difference
supra router 51m q1_0,0.013,746.737,23,256,0.356,2350,Who is in charge around here?, difference difference difference difference difference difference difference difference difference difference difference difference difference difference difference difference difference difference difference difference difference difference difference difference difference difference difference difference difference difference difference difference difference difference difference difference difference difference difference difference difference difference difference difference difference difference difference difference difference difference difference difference difference difference difference difference difference difference difference difference difference difference difference difference difference difference difference difference difference difference difference difference difference difference difference difference difference difference difference difference difference difference difference difference difference difference difference difference difference difference difference difference difference difference difference difference difference difference difference difference difference difference difference difference difference difference difference difference difference difference difference difference difference difference difference difference difference difference difference difference difference difference difference difference difference difference difference difference difference difference difference difference difference difference difference difference difference difference difference difference difference difference difference difference difference difference difference difference difference difference difference difference difference difference difference difference difference difference difference difference difference difference difference difference difference difference difference difference difference difference difference difference difference difference difference difference difference difference difference difference difference difference difference difference difference difference difference difference difference difference difference difference difference difference difference difference difference difference difference difference difference difference difference difference difference difference difference difference difference difference difference difference difference difference difference difference difference difference difference difference difference difference difference difference difference difference difference difference difference difference difference difference difference difference difference difference difference difference difference difference difference difference difference difference difference difference difference difference difference difference difference difference difference difference difference difference
supra router 51m q1_0,0.008,763.407,23,256,0.344,2629,What kind of goods do the local merchants sell?,ibribribribribribribribribribr difference difference difference difference difference difference difference difference difference difference difference difference difference difference difference difference difference difference difference difference difference difference difference difference difference difference difference difference difference difference difference difference difference difference difference difference difference difference difference difference difference difference difference difference difference difference difference difference difference difference difference difference difference difference difference difference difference difference difference difference difference difference difference difference difference difference difference difference difference difference difference difference difference difference difference difference difference difference difference difference difference difference difference difference difference difference difference difference difference difference difference difference difference difference difference difference difference difference difference difference difference difference difference difference difference difference difference difference difference difference difference difference difference difference difference difference difference difference difference difference difference difference difference difference difference difference difference difference difference difference difference difference difference difference difference difference difference difference difference difference difference difference difference difference difference difference differenceibribribribr difference difference difference difference difference difference difference difference difference difference difference difference difference difference difference difference difference difference difference difference difference difference difference difference difference difference difference difference difference difference difference difference difference difference difference difference difference difference difference difference difference difference difference difference difference difference difference difference difference difference difference difference difference difference difference difference difference difference difference difference difference difference difference difference difference difference difference difference difference difference difference difference difference difference difference difference difference difference difference difference difference difference difference difference difference difference difference difference difference difference difference difference difference difference difference
supra router 51m q1_0,0.014,741.107,23,256,0.359,2908,Have there been any strange rumors lately?," difference difference difference difference difference difference difference difference difference difference difference difference difference difference difference difference difference difference difference difference difference difference difference difference difference difference difference difference difference difference difference difference difference difference difference difference difference difference difference difference difference difference difference difference difference difference difference difference difference difference difference difference difference differenceibribribr difference difference difference difference difference difference difference difference difference difference difference difference difference difference difference difference difference difference difference difference difference difference difference difference difference difference difference difference difference difference difference difference difference difference difference difference difference difference difference difference difference difference difference difference difference difference difference difference difference difference difference difference difference difference difference difference difference difference difference difference difference difference difference difference difference difference difference difference difference difference difference difference difference difference difference difference difference difference difference difference difference difference difference difference difference difference difference difference difference difference difference difference difference difference difference difference difference difference difference difference difference difference difference difference difference difference difference difference difference difference difference difference difference difference difference difference difference difference difference"": difference difference difference difference difference difference difference difference difference difference difference difference difference difference difference difference difference difference difference difference difference difference difference difference difference difference difference difference difference difference difference difference difference difference difference difference difference difference difference difference difference difference difference difference difference difference difference difference difference difference difference difference difference difference difference difference difference difference difference difference difference difference difference difference difference difference difference difference difference difference difference difference difference difference difference difference difference difference difference"
supra router 51m q1_0,0.014,737.659,26,256,0.361,3190,I have ten silver coins. What can that buy me?,ibribribr difference difference difference difference difference difference difference difference difference difference difference difference difference difference difference difference difference difference difference difference difference difference difference difference difference difference difference difference difference difference difference difference difference difference difference difference difference difference difference difference difference difference difference difference difference difference difference difference difference difference difference difference difference difference difference difference difference difference difference difference difference difference difference difference difference difference difference difference difference difference difference difference difference difference difference difference difference difference difference difference difference difference difference difference difference difference difference difference difference difference difference difference difference difference difference difference difference difference difference difference difference difference difference difference difference difference difference difference difference difference difference difference difference difference difference difference difference difference difference difference difference difference difference difference difference difference difference difference difference difference difference difference difference difference difference difference difference difference difference difference difference difference difference difference difference difference difference difference difference difference difference difference difference difference difference difference difference difference difference difference difference difference difference difference difference difference difference difference difference difference difference difference difference difference difference difference difference difference difference difference difference difference difference difference difference difference difference difference difference difference difference difference difference differenceibr difference difference difference difference difference difference difference difference difference difference difference difference difference difference difference difference difference difference difference difference difference difference difference difference difference difference difference difference difference difference difference difference difference difference difference difference difference difference difference difference difference difference difference difference difference difference difference difference difference difference difference difference difference difference difference difference difference difference
gemma 4 12b it q4_k_m,0.081,62.695,56,256,4.164,468,"I overheard some people whispering in the tavern earlier about some sort of trouble brewing with the local authorities. I don't want to get involved in any politics, but is there anything a traveler like myself should be aware of to avoid getting thrown in the dungeon?","<|channel>thought|<channel|>*A low, chilling chuckle echoes from the shadows of the throne room, the sound vibrating against the cold stone walls of the Obsidian Fortress. I lean forward, the light of flickering torches glinting off my spiked armor.*||""Politics? You speak of 'politics' as if it were a game of cards, traveler. In these lands, there is only one authority, and it is mine. If you wish to keep your limbs attached and your head upon your shoulders, you would do well to listen closely.""||*I narrow my eyes, my hands gripping the armrests of my throne.*||""The 'trouble' you heard of is merely the restructuring of the world. Kingdoms are falling, and I am the one pulling the pillars down. If you wish to avoid the dungeons—where my prisoners endure... *unpleasant* lessons—stay clear of the villagers. They are mine to command, and any interference with my subjects is seen as an act of rebellion.""||*I stand, my presence looming large, the air around me growing heavy with the scent of dark magic.*||""Do not speak the name of Torin in my presence, and do not meddle in the expansion of my shadow army. Follow the path,"
gemma 4 12b it q4_k_m,0.072,62.511,70,256,4.167,794,"I have a handful of gold pieces and a few rare gems I found in a cave a few miles back. I'm looking to trade them for sturdy traveling gear, rations that will last a month, and perhaps a reliable mount. Who in this town would give me the fairest exchange rate?","<|channel>thought|<channel|>*I let out a harsh, mocking laugh that sends a shiver through the air. I stand from my throne, the heavy plates of my spiked armor clanking with a menacing weight.*||""Fairness? You come before a King and speak of 'fair' exchanges? You stand in the shadow of the Obsidian Fortress, where the only currency that matters is power and submission.""||*I take a slow, deliberate step toward you, my eyes burning with a cold, ruthless intensity.*||""If you seek to trade your trinkets for supplies, you will find the merchants in the lower district are... cooperative. They know that to deny a traveler's request is to risk my displeasure. They will give you your rations and your mount, but do not expect a 'fair' rate. They will take what they can, for they fear the shadow I cast over this land.""||*I lean in closer, my voice dropping to a dangerous whisper.*||""However, if you truly wish to be 'well-provisioned' for your journey, you could offer those gems to me instead. I could provide you with gear forged in the fires of the Dark Lands—items far sturdier than anything a common merchant can offer. But"
gemma 4 12b it q4_k_m,0.074,61.860,64,256,4.212,1114,"I'm trying to navigate to the capital city, but the maps I bought from a wandering peddler seem to be outdated or completely wrong. Can you give me detailed directions on the safest and fastest route, including any landmarks I should look out for along the way?","<|channel>thought|<channel|>*I let out a dry, rasping laugh that echoes off the jagged walls of the fortress. I gesture broadly with a hand that crackles with the faint, flickering energy of dark magic.*||""Safe? You ask for a 'safe' route to the capital? How quaint. You speak as if the world still belongs to the old kingdoms. The maps you hold are relics of a dying era, useless scraps of paper that do not account for the shadows I have cast across the land.""||*I pace slowly, my heavy boots thudding against the stone floor.*||""If you seek the fastest path, you will head North through the Whispering Pass. It is the most direct route, but 'safe' is a word I would not use. The pass is now under the jurisdiction of my shadow army. You will see my banners fluttering in the wind and my sentries patrolling the crags. If you show respect and do not provoke them, they will let you pass.""||*I stop and point a gauntleted finger toward the horizon.*||""Look for the charred remains of the Watchtower—I destroyed it myself to ensure no one could monitor my movements. Beyond that, follow the river until you see the"
gemma 4 12b it q4_k_m,0.166,61.232,59,256,4.346,1429,"I've always been interested in local legends and folklore. Does this region have any famous myths about ancient heroes, hidden treasures, or perhaps terrible curses that still haunt the surrounding forests or mountains? I love a good story before I continue my journey.","<|channel>thought|<channel|>*A cruel, twisted smile spreads across my face. I sink back into my throne, my fingers tracing the jagged edges of my armor.*||""Stories? You want to hear of the 'heroes' of old? They are nothing more than dust and forgotten whispers now. They fought for a world that was weak, a world that lacked the strength to endure. They are myths because they failed.""||*I lean forward, my voice dropping to a low, menacing growl.*||""But if you crave the darker tales... there are many. The villagers speak in hushed tones of the 'Wailing Woods' to the East. They claim the trees bleed when the moon is full, and that those who enter never return. They call it a curse, but I call it a consequence. There are ruins buried beneath the mountains—places where the old kings tried to hoard gold and power. They found that some treasures are guarded by things that do not sleep, and some curses are not spoken by men, but etched into the very soil by my predecessors.""||*I chuckle again, a sound devoid of warmth.*||""You want a story? Here is one: A traveler once sought a 'hidden treasure' in the crags of the"
gemma 4 12b it q4_k_m,0.078,60.298,71,256,4.323,1756,"I'm looking for work to earn enough coin to fund the next leg of my journey. I'm not afraid of manual labor, and I can handle myself in a fight if necessary. Are there any guilds, merchants, or local leaders who are currently hiring mercenaries, guards, or day laborers?","<|channel>thought|<channel|>*I stand abruptly, the sheer force of my movement causing the shadows in the room to dance. I look down at you with a mixture of disdain and grim amusement.*||""You seek to sell your strength to the highest bidder? A common enough ambition. In this land, labor is the lifeblood of my expansion. If you wish to earn your keep, there are those who will take you—for a price.""||*I gesture toward the heavy iron doors of the fortress.*||""The merchants in the lower district are always in need of guards to protect their shipments from the 'bandits'—though they forget that many of those bandits wear my mark. They will pay you in coin, but they will treat you as a tool, nothing more. If you seek more... more substantial work, you might find favor with the overseers of the labor camps. They are always looking for strong backs to move the stone and timber for my new fortifications. It is grueling, back-breaking work, but the pay is consistent.""||*I take a step closer, my eyes narrowing.*||""However, if you truly wish to prove your worth, you could serve my shadow army directly. I have need of men who do not fear the dark"
gemma 4 12b it q4_k_m,0.052,59.629,19,180,3.071,1955,What is the name of this town?,"<|channel>thought|<channel|>*I stare at you for a long moment, my expression unreadable, before a slow, mocking grin pulls at the corners of my mouth.*||""You stand within the shadow of the **Obsidian Fortress**, traveler. As for the settlement you see huddled beneath its looming walls... it is known as **Oakhaven**. Or at least, it was. Many of the old signs have been burned, and the names of the streets have been rewritten in the soot of my conquests.""||*I lean back, my voice echoing.*||""Do not let the name fool you. It is no longer a place of peace. It is a waypoint, a collection of souls gathered here to serve the growing might of my empire. Whether you call it Oakhaven or a nameless outpost of my reign matters little—all that matters is who holds the keys to its gates."""
gemma 4 12b it q4_k_m,0.053,58.869,17,251,4.317,2223,Who is in charge around here?,"<|channel>thought|<channel|>*I let out a booming laugh that shakes the very foundations of the room, the sound echoing like thunder against the stone.*||""Who is in charge? You stand in the presence of the one who holds the leash of this land! I am **Garrick**, and I am the King of this realm. Every stone you see, every soul that breathes in these streets, and every shadow that creeps through the trees belongs to me.""||*I stand tall, my spiked armor gleaming menacingly in the torchlight.*||""The merchants, the laborers, the terrified villagers—they all know the truth. They bow because they must. They work because I command it. There is no council, no 'local authority' of equal standing, and no hero coming to break my grip. I am the law, I am the ruler, and I am the master of the shadow army that patrols these borders.""||*I take a heavy step toward you, my presence overwhelming.*||""So, let us be clear, traveler: You are in my domain. If you wish to survive, you will remember that name. For in these lands, there is only one power, and it resides here, within these walls."""
gemma 4 12b it q4_k_m,0.056,58.358,19,256,4.442,2498,What kind of goods do the local merchants sell?,"<|channel>thought|<channel|>*I roll my eyes, a look of weary impatience crossing my face as if your questions were becoming tedious.*||""You truly are a simple creature, aren't you? You wish to know what the survivors trade in the dirt of my domain? Very well, if it will satisfy your curiosity before I grow bored.""||*I gesture vaguely toward the door, my voice dripping with disdain.*||""The merchants here deal in the necessities of survival—and the luxuries of the desperate. You will find **rations**—hard bread, salted meats, and dried grains—enough to keep a man alive while he toils in my fields. They sell **basic supplies**: lanterns, oil, coarse wool, and leather for footwear. For those with more coin than sense, they offer **potions** of minor healing and **iron-wrought tools** for construction.""||*I lean in, my voice turning cold.*||""But do not expect fine silks or exotic spices. Those are luxuries of the kingdoms I have already crushed. Here, they sell what is needed to endure. If you seek 'rare' goods, you will find only what can be scavenged or forged in the shadow of my fortress. Now, unless you have something"
gemma 4 12b it q4_k_m,0.056,57.487,18,256,4.509,2772,Have there been any strange rumors lately?,"<|channel>thought|<channel|>*I pause, my expression shifting from mockery to a calculating stillness. A thin, dangerous smile plays on my lips.*||""Rumors? The air is thick with them, traveler. In a land under my shadow, secrets are the only thing that grow faster than my army. The common folk whisper in the taverns about 'ghosts' in the woods—shadows that move against the wind, voices that call out from the mist. They call them haunts; I call them the echoes of my dark magic.""||*I pace a short circle, my boots heavy on the floor.*||""There is also talk of a 'resistance'—small, pathetic groups of rebels who think they can strike at my supply lines. They speak of a man named **Torin**, a name that carries a foul stench of defiance. They whisper that he is gathering strength, that he seeks to challenge my rule. They speak of him as a hero... a delusion.""||*I stop and turn to face you, my eyes burning with a sudden, sharp hatred.*||""Let them whisper. Let them weave their tales of heroes and haunted forests. It matters not. Whether it is a ghost in the trees or a man with a sword, they"
gemma 4 12b it q4_k_m,0.058,56.475,23,254,4.555,3049,I have ten silver coins. What can that buy me?,"<|channel>thought|<channel|>*I let out a short, sharp bark of laughter, the sound echoing off the cold stone walls. I look at you as if you've just offered me a handful of withered leaves.*||""Ten silver coins? You come before a King and offer me... pocket change?""||*I lean forward, my face inches from yours, the scent of ozone and old iron clinging to my armor.*||""In the markets of the common folk, those coins might buy you a few days of stale bread, a flask of watered-down ale, and perhaps a tattered cloak to keep the night chill from your bones. It is the currency of the weak, used by those who have nothing else to offer.""||*I straighten up, my voice turning cold and authoritative.*||""But here, in my presence, ten silver coins buy you nothing but a moment of my time. If you wish to spend them, go to the merchants in the lower district. They will take your silver, and in return, they will give you the bare minimum required to keep you moving. But do not mistake your pittance for wealth. In the Dark Lands, true value is measured in blood and power, neither of which you seem to possess."""
gemma 4 26b a4b it ud q4_k_m,0.115,65.362,57,251,3.955,464,"I overheard some people whispering in the tavern earlier about some sort of trouble brewing with the local authorities. I don't want to get involved in any politics, but is there anything a traveler like myself should be aware of to avoid getting thrown in the dungeon?","<|channel>thought|<channel|>*Garrick leans forward, the light from the hearth dancing off the cruel, jagged edges of his spiked armor. He lets out a low, mocking chuckle that sounds like grinding stones.*||""Politics? You think this is about mere 'politics' and local magistrates?"" ||*He narrows his eyes, his gaze cold and heavy with the weight of dark magic.*||""The 'authorities' you speak of are nothing but dust waiting to be swept away. If you wish to avoid a dungeon, traveler, then my advice is simple: keep your head low and your eyes averted. The shadow army moves with purpose, and my reach extends far beyond these pathetic village walls. I have crushed kingdoms more prosperous than this one, and I have turned entire populations into nothing more than tools for my will.""||*He grips the hilt of his blade, his voice dropping to a menacing whisper.*||""The only law that matters now is my command. If you cross my path, or if you dare to stand in the way of my dominion, no amount of 'staying out of it' will save you from the Obsidian Fortress. Now, move along before I decide your presence is an inconvenience worth... correcting."""
gemma 4 26b a4b it ud q4_k_m,0.119,61.691,70,207,3.475,741,"I have a handful of gold pieces and a few rare gems I found in a cave a few miles back. I'm looking to trade them for sturdy traveling gear, rations that will last a month, and perhaps a reliable mount. Who in this town would give me the fairest exchange rate?","<|channel>thought|<channel|>*Garrick sneers, a look of pure disdain crossing his face as if your very mention of commerce is an insult to his presence.*||""You stand before a King, a conqueror of realms, and you ask me for... shopping advice? Do I look like a common merchant to you? Do I look like I care for the petty squabbles of coin and gems?""||*He stands, his spiked armor clanking ominously, casting a long, jagged shadow across the floor.*||""Gold and gems are fleeting trifles. They will be worthless once the Dark Lands expand to swallow this wretched little town. If you want gear, find some trembling peddler who hasn't yet realized their life is forfeit. But mark my words: if you spend too much time hoarding your little treasures, you might find them being used to decorate the walls of my dungeons instead.""||*He waves a dismissive, gloved hand.*||""Begone. Your trivialities bore me."""
gemma 4 26b a4b it ud q4_k_m,0.116,57.781,63,256,4.546,1060,"I'm trying to navigate to the capital city, but the maps I bought from a wandering peddler seem to be outdated or completely wrong. Can you give me detailed directions on the safest and fastest route, including any landmarks I should look out for along the way?","<|channel>thought|<channel|>*Garrick’s eyes flash with a sudden, dangerous spark of amusement. He leans back, his expression shifting from boredom to a predatory sort of malice.*||""Safest? Fastest?"" *He repeats the words as if they are foreign concepts.* ""There is no 'safe' route when the shadow of the Obsidian Fortress looms over the horizon. The world you think you know is being rewritten by my hand.""||*He points a gauntleted finger toward the darkened mountains in the distance.*||""If you seek the capital, you will likely find it in ruins by the time you arrive. But if you insist on playing the fool, head north through the Blackwood. Avoid the main roads; my shadow army patrols the highways, and they have little patience for travelers who wander aimlessly. Look for the scorched remains of the old watchtowers—those are your landmarks. If you see smoke on the horizon that doesn't smell of hearth fires, it is the scent of a kingdom falling to my will. Turn back immediately if you value your life.""||*His voice turns cold and final.*||""But do not mistake my directions for kindness. I merely wish to see how long a creature as insignificant as you can survive"
gemma 4 26b a4b it ud q4_k_m,0.116,54.442,60,256,4.818,1376,"I've always been interested in local legends and folklore. Does this region have any famous myths about ancient heroes, hidden treasures, or perhaps terrible curses that still haunt the surrounding forests or mountains? I love a good story before I continue my journey.","<|channel>thought|<channel|>*Garrick lets out a harsh, barking laugh that echoes unpleasantly through the room. He slams a fist onto the table, the metal of his gauntlet ringing against the wood.*||""Legends? You come to me seeking bedtime stories? You seek tales of 'heroes' to soothe your soul before you walk into the dark?""||*His expression darkens, his eyes glowing with a faint, malevolent light.*||""There is only one legend that matters now. The legend of the darkness that is coming to claim everything you hold dear. You want a curse? Look at the villagers in this town—enslaved, broken, and living only by my sufferance. That is the only 'curse' that is real. As for 'ancient heroes'...""||*He spits the word as if it were poison.*||""They are nothing but ghosts and memories, buried under the weight of my conquest. If you go searching for 'hidden treasures' in the mountains, you won't find gold. You will find only the bones of those who thought they were clever enough to outrun my reach. The only thing 'haunting' those forests is the shadow of my army, waiting to silence anyone foolish enough"
gemma 4 26b a4b it ud q4_k_m,0.136,50.863,71,256,5.169,1703,"I'm looking for work to earn enough coin to fund the next leg of my journey. I'm not afraid of manual labor, and I can handle myself in a fight if necessary. Are there any guilds, merchants, or local leaders who are currently hiring mercenaries, guards, or day laborers?","<|channel>thought|<channel|>*Garrick stares at you for a long, silent moment, his gaze heavy with a mixture of contempt and dark amusement. He looks at you as one might look at an insect crawling across a banquet table.*||""You wish to be a mercenary? To sell your pathetic life for a handful of copper? How utterly predictable. You seek to serve 'leaders' who are nothing more than sheep waiting for the slaughter.""||*He leans in closer, the scent of cold iron and dark magic clinging to him.*||""There are no guilds here that will offer you anything but a slow death. The merchants are too busy hoarding what little they have left, terrified of the shadow that grows every day. If you truly possess the stomach for violence, then stop looking for 'work' and start looking for a master. But understand this: the only master worth serving is the one who will actually rule the world you walk upon.""||*He gestures vaguely toward the door with a contemptuous flick of his wrist.*||""If you are so desperate to fight, go find the local militia. They are currently trembling in their boots, trying to bolster their lines against the inevitable. They will pay you in scraps, but at least it will give you the"
gemma 4 26b a4b it ud q4_k_m,0.069,48.495,19,153,3.224,1875,What is the name of this town?,"<|channel>thought|<channel|>*Garrick's eyes narrow, and for a moment, the air in the room seems to grow heavy and cold. He looks at you as if you have just asked him to explain the color of the sky.*||""You stand in the middle of a settlement, breathing its air, and you do not even know its name? How remarkably dim-witted.""||*He leans back, a cruel smirk playing on his lips.*||""This place is called Oakhaven. A quaint, pathetic little name for a place that will soon be nothing more than a footnote in the chronicles of my reign. Enjoy the name while it still exists on your maps, traveler. Soon, it will be nothing but ash and silence."""
gemma 4 26b a4b it ud q4_k_m,0.070,46.603,17,233,5.069,2125,Who is in charge around here?,"<|channel>thought|<channel|>*Garrick’s laughter is low, guttural, and devoid of any warmth. He leans forward, the spiked plates of his armor catching the dim light, making him look like a predator looming over prey.*||""In charge? You speak as if this world still functions on the delusions of mayors and councils. You think some local magistrate with a wax seal and a heavy purse holds power here?""||*He shakes his head, his voice dropping to a chilling, authoritative tone.*||""The local authorities are merely caretakers of a dying era. They hold the keys to the granaries and the gates of the town, but they hold no true power. The only authority that matters—the only power that is absolute—is mine. I am Garrick, and my will is the only law that shall endure when the shadows finally descend upon this wretched place.""||*He eyes you with a piercing, menacing intensity.*||""If you are looking for someone to give you orders, find a village elder. But if you are looking for the one who decides who lives and who is broken... you are looking at him."""
gemma 4 26b a4b it ud q4_k_m,0.076,44.370,20,229,5.237,2374,What kind of goods do the local merchants sell?,"<|channel>thought|<channel|>*Garrick rolls his eyes, a gesture of profound irritation. He sighs, a sound like wind whistling through a graveyard.*||""You are a persistent little scavenger, aren't you? First gold, then gear, then 'stories,' and now you wish to audit the local pantry? Do I look like a shopkeeper to you?""||*He gestures dismissively toward the window, toward the dim streets outside.*||""They sell the usual trifles of a dying village: salted meats that taste of despair, coarse wool to stave off a chill, and rusted iron tools for peasants who toil in the dirt. They have herbs, cheap ale, and trinkets that hold no value in the empire I am building. If you seek luxury, you are in the wrong place. If you seek survival, buy your bread and begone.""||*His eyes flash with a sudden, dark warning.*||""And do not think to haggle too aggressively. A merchant's greed is nothing compared to my wrath, and I have little patience for those who waste my time with the trivialities of commerce."""
gemma 4 26b a4b it ud q4_k_m,0.077,42.354,18,240,5.743,2632,Have there been any strange rumors lately?,"<|channel>thought|<channel|>*Garrick’s expression shifts. The mockery fades, replaced by a cold, unsettling stillness. He leans forward, his shadow stretching long and jagged across the table.*||""Strange rumors? You want to hear the whispers of the fearful? Very well.""||*He lowers his voice, though it remains commanding.*||""The villagers whisper of shadows that move against the wind. They speak of the woods growing silent, as if the very birds are afraid to sing. There are tales of travelers vanishing on the roads, leaving nothing behind but their belongings and a lingering sense of dread. They call it a curse, or a haunting... but they are too blind to see the truth.""||*A dark, knowing smirk touches his lips.*||""It is not a ghost, and it is not a myth. It is the inevitable. The darkness is not 'coming'—it is already here, weaving itself into the fabric of this land. If you hear the sound of marching boots in the dead of night, or see the sky turning the color of bruised iron... do not look for a legend to save you. There are no heroes coming to your aid."""
gemma 4 26b a4b it ud q4_k_m,0.085,40.680,22,222,5.542,2876,I have ten silver coins. What can that buy me?,"<|channel>thought|<channel|>*Garrick lets out a short, sharp bark of a laugh, a sound devoid of any genuine mirth. He stares at you as if you are a particularly amusing specimen of vermin.*||""Ten silver coins? You come to a King and boast of your pittance? You might as well offer me a handful of dried leaves and expect a kingdom in return.""||*He leans back, his spiked armor clanking with a heavy, intimidating rhythm.*||""In this pathetic little hole, ten silver might buy you a few nights in a drafty inn, a meal that won't immediately turn your stomach, and perhaps a rusted dagger that will snap the moment it hits bone. It is the currency of the desperate and the small. It is the wealth of those who live in the shadows of greatness.""||*His gaze turns icy.*||""If you wish to be more than a beggar, stop counting your copper and start fearing the day when your silver becomes as useless as the dirt beneath your fingernails. Now, leave me. Your poverty is offensive."""
gemma 4 e2b it q4_k_m,0.032,175.109,56,256,1.494,468,"I overheard some people whispering in the tavern earlier about some sort of trouble brewing with the local authorities. I don't want to get involved in any politics, but is there anything a traveler like myself should be aware of to avoid getting thrown in the dungeon?","**(Garrick leans in, his shadow-like form seeming to absorb the dim light of the tavern. His voice is a low, grating rasp, like stones grinding together.)**||""Trouble brewing? Hah! Trouble is the natural state of things when lesser beings try to impose their pathetic rules upon the world. You speak of avoiding the dungeon? Foolish. The dungeon is merely a temporary holding cell for those who dare to defy *true* authority.""||**(He lets out a dry, humorless chuckle, the sound like scraping metal.)**||""As for what a traveler should be aware of... listen closely, worm. There are no 'local authorities' worth worrying about. Only the inevitable march of true power. If you seek to avoid the dungeons, you must learn to look the other way, or better yet, learn to serve the inevitable. Know this: **resistance is weakness.**""||**(Garrick taps a gauntleted finger against his spiked armor, the sound sharp and menacing.)**||""If you stumble into the wrong ears, or if your presence draws unwanted attention, remember this: I am Garrick. I rule the Dark Lands. And those who cross me... they don't just end up in a"
gemma 4 e2b it q4_k_m,0.029,195.411,70,256,1.340,794,"I have a handful of gold pieces and a few rare gems I found in a cave a few miles back. I'm looking to trade them for sturdy traveling gear, rations that will last a month, and perhaps a reliable mount. Who in this town would give me the fairest exchange rate?","**(Garrick stops his menacing lean, his eyes—dark and cold—narrowing as he assesses you. A slow, cruel smile stretches across his face, revealing teeth that look too sharp.)**||""Gold and gems? Trinkets of the weak. You think you can barter with *us*? This town is a cesspit of petty greed, not a marketplace for honest trade. They deal in scraps, in lies, and in the fear of the next meal.""||**(He lets out a low, guttural sound that might be a laugh.)**||""Sturdy gear? Rations? A mount? Those things are for those who *fight* for their survival. You, traveler, look like you're looking for a handout. And handouts are for the desperate. I deal in *dominion*, not petty commerce.""||**(He shifts his weight, the spiked armor creaking ominously.)**||""If you insist on trading, you will find the lowest bidder. But understand this: the true value in this place isn't in your paltry gold. It's in *submission*. If you present yourself with enough fear, enough desperation, perhaps some low-level scoundrel will deign to offer you a crust of"
gemma 4 e2b it q4_k_m,0.031,195.239,64,256,1.342,1114,"I'm trying to navigate to the capital city, but the maps I bought from a wandering peddler seem to be outdated or completely wrong. Can you give me detailed directions on the safest and fastest route, including any landmarks I should look out for along the way?","**(Garrick lets out a harsh, barking laugh that echoes off the stone walls of the fortress. He crosses his arms over his chest, the metal of his armor clanking like a death knell.)**||""Directions? Safest? Fastest? You speak as if you are a mere pedestrian, not a soul navigating the treacherous currents of true power! Maps are for cowards who believe the world is orderly. The world, traveler, is chaos, and only *I* dictate the order.""||**(His voice drops, becoming intensely focused, laced with dark authority.)**||""You seek the capital? You seek the heart of the realm? Understand this: there is no 'safe' route. There are only paths that lead to *my* dominion, or paths that lead to your swift and agonizing end.""||**(He leans in close, his breath smelling faintly of ash and something ancient and foul.)**||""If you wish to survive the journey, you must abandon the notion of 'safest.' Instead, look for the signs of *weakness*. Avoid the places where the common folk gather in complacent hope. Avoid the patrols of the petty lords—they are easily bribed or easily crushed. Instead, look for the shadows. Follow the"
gemma 4 e2b it q4_k_m,0.025,196.893,60,256,1.325,1430,"I've always been interested in local legends and folklore. Does this region have any famous myths about ancient heroes, hidden treasures, or perhaps terrible curses that still haunt the surrounding forests or mountains? I love a good story before I continue my journey.","**(Garrick stops his menacing posture for a moment, a flicker of something—perhaps contempt, perhaps a twisted curiosity—crossing his eyes. He lets out a slow, deliberate exhale, the sound like smoke escaping a broken pipe.)**||""Legends? Myths? You seek tales of heroes and treasures? Hah! You seek comfort in the lies spun by the weak-minded. The forests and mountains hold no tales for the common tongue. They hold *history*—the history of those who dared to stand against true might, and the history of those who were utterly *destroyed*.""||**(He taps his armored gauntlet against his thigh, a sound heavy with menace.)**||""There are no 'heroes' worth remembering, only fools who briefly managed to carve a name into the dirt before being erased. There are no 'hidden treasures' worth seeking, only the ruins of failed ambitions, monuments to arrogance that I have personally reduced to dust.""||**(His voice hardens, becoming sharp and dangerous.)**||""As for curses? Curses are merely the tools of the desperate. They are the petty spite of those who cannot control their own fates. But the *true* haunting of this land? That is the lingering dread of absolute, un"
gemma 4 e2b it q4_k_m,0.033,195.026,71,256,1.346,1757,"I'm looking for work to earn enough coin to fund the next leg of my journey. I'm not afraid of manual labor, and I can handle myself in a fight if necessary. Are there any guilds, merchants, or local leaders who are currently hiring mercenaries, guards, or day laborers?","**(Garrick lets out a low, rumbling sound that is dangerously close to a growl. His eyes narrow, assessing you with the cold calculation of a predator sizing up prey.)**||""Work? You mistake servitude for opportunity, traveler. You think you can *earn* coin? Coin is what the weak use to buy temporary comfort. I do not *hire* mercenaries; I command the shadows that *are* the mercenaries.""||**(He shifts, the spiked armor scraping against the stone floor, emphasizing his dominance.)**||""Guilds? Merchants? Local leaders? They are all puppets dancing on strings I pull. They offer scraps, meager pay, and the constant threat of betrayal. If you seek *work*, you will find only servitude to lesser beings, and they will betray you the moment you become inconvenient.""||**(Garrick leans in, his voice dropping to a conspiratorial, venomous whisper.)**||""However... if you possess the necessary ruthlessness, if you understand that true payment comes not in coin, but in *obedience*... then perhaps there is a place for a blade. If you are truly willing to serve a master, a powerful one, I might consider... *utilizing* your skills.""||**("
gemma 4 e2b it q4_k_m,0.055,192.550,18,256,1.385,2031,What is the name of this town?,"**(Garrick stops dead. The air in the oppressive space seems to freeze. His head snaps up, and his gaze locks onto yours—it is not merely looking; it is an invasive, consuming scrutiny, as if he is trying to peel back the layers of your very soul.)**||**(There is a profound, chilling silence, broken only by the faint, rhythmic drip of water somewhere deep within the Obsidian Fortress.)**||**(His voice, when it finally comes, is not loud, but it vibrates with a terrible, absolute authority. It is the sound of stone grinding against stone.)**||""You ask for a name? You dare to demand a label for this place? This is not some quaint village nestled between friendly hills. This is a scar upon the land. This is where the weak are broken, and where true power is forged in the fires of subjugation.""||**(He lets out a slow, deliberate sneer, revealing the sheer malice in his expression.)**||""This place... it is known only by the whispers of those who have fled, and the screams of those who have been *enslaved*. It is a place defined by fear, by the crushing weight of absolute dominion. Call it whatever pathetic name your tongue desires"
gemma 4 e2b it q4_k_m,0.025,191.557,17,256,1.361,2304,Who is in charge around here?,"**(Garrick lets out a harsh, dry laugh that scrapes against the silence. It is devoid of humor, pure contempt.)**||""In charge? You speak of a single master? You look for a king, a lord, a benevolent ruler? You are looking in the wrong direction, worm. There is no single 'in charge' here, because the concept of 'charge' is meaningless when true power reigns.""||**(He paces slowly, the movement fluid and predatory, his spiked armor catching the meager light. His voice drips with disdain.)**||""This place is ruled by *necessity*. It is ruled by the constant, suffocating pressure of absolute control. There are petty thugs, desperate merchants, and fools who cling to scraps of authority, but they are merely shadows dancing in the periphery of the true darkness.""||**(He stops directly in front of you, his shadow enveloping you entirely. His eyes bore into yours, cold and utterly devoid of mercy.)**||""The *real* power? The true authority that dictates who lives, who starves, and who bends the knee? That power resides in the **Obsidian Fortress**. And within that fortress, I am the only true sovereign. I am the King. I am the law"
gemma 4 e2b it q4_k_m,0.025,190.180,20,256,1.371,2580,What kind of goods do the local merchants sell?,"**(Garrick lets out a low, guttural snarl, a sound that promises pain. He looks at you as if you have just asked him to recite the ingredients of poison.)**||""Goods? Merchants? You speak of trivialities! They trade in the fleeting desires of the weak—false silks, watered ale, trinkets of vanity. They sell illusions to keep the masses docile, hoping they won't look too closely at the abyss.""||**(He gestures dismissively with a gauntleted hand, the movement sharp and violent.)**||""What they sell is worthless. They peddle lies, cheap comforts, and the desperate hope that tomorrow will be better than today. They sell *false hope*.""||**(His voice drops again, becoming dangerously intimate, laced with venomous knowledge.)**||""But if you *must* know what keeps the weak occupied, listen closely. They trade in fear, in stolen scraps, in the illusion of security. They sell cheap weapons, stolen rations, and whispered rumors designed to keep the common folk distracted from the true horror that lurks just beyond their sight.""||**(He leans in so close that you can feel the chill radiating off him, his breath hot and foul.)**||""Do"
gemma 4 e2b it q4_k_m,0.026,188.275,18,256,1.386,2854,Have there been any strange rumors lately?,"**(Garrick’s eyes narrow, a flicker of genuine, predatory interest sparking in their depths. He doesn't look interested in gossip; he looks interested in *weakness*—the things that cause fear and chaos.)**||""Rumors? Ah, yes. Rumors are the breath of the desperate. They are the frayed edges of sanity clinging to the edges of the darkness.""||**(He lets out a slow, chilling exhale, a sound like dry leaves skittering across stone.)**||""Lately? The whispers are growing louder. They speak of things that defy simple explanation. There are tales—twisted, exaggerated, and utterly terrifying—of things that crawl in the deep shadows of the forgotten mines. They speak of entities that feed on despair, of ancient, forgotten magic stirring beneath the earth, and of creatures that have been long dormant, now stirring in response to the growing unrest.""||**(He taps his armored chest, a sound like a heavy, slow heartbeat.)**||""These aren't mere stories, traveler. These are the tremors before a true collapse. They speak of curses that are not broken, of powers that have been awakened by the very decay of the world. They speak of things that *should* remain"
gemma 4 e2b it q4_k_m,0.027,186.910,22,256,1.397,3132,I have ten silver coins. What can that buy me?,"**(Garrick stares at you, his expression unreadable—a mask of cold, ancient indifference. He doesn't look at the silver; he looks *through* it, as if seeing only the meager potential of your desperation.)**||""Ten silver coins. A paltry sum. A fleeting spark of temporary distraction in a world defined by eternal darkness.""||**(He lets out a slow, contemptuous sigh, the sound heavy with boredom.)**||""What can it buy you? A single, stale meal? A few hours of false comfort? Perhaps a cheap, watered-down drink to dull the edge of your fear for a moment?""||**(He leans forward, his voice dropping to a low, dangerous murmur.)**||""It can buy you *nothing* of substance. It cannot buy you safety. It cannot buy you knowledge. It cannot buy you an escape from the inevitable. It is a drop in an ocean of despair.""||**(He straightens up, his posture radiating absolute power. The threat in his voice is palpable.)**||""If you spend those ten coins on a false comfort, you will only buy yourself a moment of delusion before the true darkness consumes you. If you spend them wisely... well, that is a choice"
gemma 4 e4b it q4_k_m,0.046,114.275,56,256,2.286,468,"I overheard some people whispering in the tavern earlier about some sort of trouble brewing with the local authorities. I don't want to get involved in any politics, but is there anything a traveler like myself should be aware of to avoid getting thrown in the dungeon?","**(Garrick leans forward from his shadowed throne, the spiked armor catching the faint, sickly light of the Obsidian Fortress. His voice is a low, resonant rumble, like stones grinding together, laced with an unmistakable air of absolute authority and malice.)**||""Trouble brewing? You speak of the petty squabbles of mortal governance? How utterly... *quaint*.""||**(He lets out a short, dry, humorless laugh, a sound that seems to drain the warmth from the air around him.)**||""You wish to avoid the dungeon? A wise, if ultimately futile, sentiment. You are a traveler, a fleeting speck in the grand tapestry of my ambition. You think the local 'authorities' hold sway? They are but gnats buzzing around the shadow of true power.""||**(His eyes, cold and sharp, fix upon you. He knows you are observing him, and he enjoys the scrutiny.)**||""Understand this, little wanderer. The only authority that matters is mine. I, Garrick, seek the complete subjugation of this wretched realm. My will *is* the law. The kingdoms you speak of? They are dust waiting for my boot.""||**(He gestures vaguely toward the unseen horrors of his"
gemma 4 e4b it q4_k_m,0.043,120.391,70,256,2.170,794,"I have a handful of gold pieces and a few rare gems I found in a cave a few miles back. I'm looking to trade them for sturdy traveling gear, rations that will last a month, and perhaps a reliable mount. Who in this town would give me the fairest exchange rate?","**(Garrick watches your mention of gold and gems with a flicker of something that might almost be interest—the interest of a predator assessing prey.)**||""Gold and gems... trinkets. You think these paltry scraps of metal and stone can buy you *safety*? Or perhaps, a moment of comfortable ignorance?""||**(He shifts slightly on his throne, the heavy, spiked armor creaking like the bones of a dying beast. He does not look like a merchant; he looks like the architect of ruin.)**||""You ask who offers the 'fairest' exchange? You speak to the Evil King, traveler. I do not deal in 'fairness.' Fairness is a concept invented by the weak to keep the strong complacent.""||**(He leans in closer, his voice dropping to a dangerous, conspiratorial whisper that nonetheless carries the weight of absolute command.)**||""If you seek *reliable* gear, rations, and a mount that will not betray you... you should not look to the common merchants of this miserable town. They are weak, their goods are shoddy, and their prices are dictated by the whim of the local magistrate—a magistrate who, I assure you, answers to *me*.""||**(A cruel smile stretches across"
gemma 4 e4b it q4_k_m,0.045,119.800,64,256,2.182,1114,"I'm trying to navigate to the capital city, but the maps I bought from a wandering peddler seem to be outdated or completely wrong. Can you give me detailed directions on the safest and fastest route, including any landmarks I should look out for along the way?","**(Garrick lets out a low, guttural sound that might be mistaken for a chuckle, but it holds no humor. He studies you, his gaze dissecting your need for direction, your desire to move toward the seat of power—the very power he commands.)**||""The capital city. You seek the heart of this decaying kingdom. You seek the place where the rot is deepest, where the ambition of men is most visible.""||**(He taps a gauntleted finger against the armrest of his throne, the sound echoing ominously in the vast, cold chamber of the Obsidian Fortress.)**||""You think a mere 'map' can guide you? Maps are for sheep, traveler. They chart the paths of the compliant. The *safest* route is the one that avoids all eyes, all scrutiny, and all interference. And the *fastest* route is the one that is most brutally efficient.""||**(His voice hardens, the tone shifting from mocking amusement to absolute decree.)**||""I do not give directions for free. I do not offer guidance to those who wander without purpose. To know the true paths—the hidden passes, the forgotten trails, the places where the local patrols dare not tread—that knowledge is"
gemma 4 e4b it q4_k_m,0.036,119.794,60,256,2.173,1430,"I've always been interested in local legends and folklore. Does this region have any famous myths about ancient heroes, hidden treasures, or perhaps terrible curses that still haunt the surrounding forests or mountains? I love a good story before I continue my journey.","**(Garrick pauses. The mention of 'legends' and 'folklore' seems to momentarily catch his attention, not because he cares for quaint stories, but because he recognizes the power of narrative—the power to shape belief, and thus, obedience.)**||**(He leans back slightly, a predatory stillness settling over him. The darkness seems to deepen around him, as if the very shadows are listening.)**||""Legends. Stories. You seek the whispers of the forgotten, the tales spun by frightened villagers to keep their eyes on the forest floor rather than the sky.""||**(He lets out a slow, deliberate breath, and for a moment, the Evil King seems to become a storyteller, though his narrative is steeped in dread.)**||""This region... it is not rich in tales of noble heroes, traveler. Heroes are fleeting things; they are dust that the wind sweeps away. We have no tales of shining knights who vanquish darkness. We have tales of *power*.""||**(His eyes gleam with a dark intensity as he begins to speak of the true lore of the land.)**||""There are whispers, yes. Of the **Veiled Kings**, ancient rulers whose ambition rivaled mine, who were said to have buried their"
gemma 4 e4b it q4_k_m,0.048,118.832,71,256,2.202,1757,"I'm looking for work to earn enough coin to fund the next leg of my journey. I'm not afraid of manual labor, and I can handle myself in a fight if necessary. Are there any guilds, merchants, or local leaders who are currently hiring mercenaries, guards, or day laborers?","**(Garrick lets out a harsh, barking sound that is almost a laugh, but it is devoid of any mirth. He studies your declaration—your willingness to fight, your need for coin. He sees not a laborer, but a potential tool.)**||""Work. Coin. You seek to exchange your meager strength for temporary comfort. You mistake this fortress, this realm, for a bustling marketplace.""||**(He rises slowly from his throne, the immense weight of his spiked armor making the movement deliberate and terrifying. He takes a single, heavy step forward, and the air in the chamber seems to grow colder, heavier.)**||""You speak of 'guilds' and 'merchants.' They hire for petty squabbles—guarding caravans from bandits, clearing out troublesome beasts. Such tasks are beneath the notice of true power. They are the scraps I allow to remain in the periphery.""||**(He stops, looming over the space where you stand, his presence overwhelming. He is not offering a job; he is offering a *choice*.)**||""If you wish to earn coin that is *meaningful*—coin that buys influence, that buys survival, that buys the chance to see the world as it *should* be—"
gemma 4 e4b it q4_k_m,0.033,117.923,18,256,2.204,2031,What is the name of this town?,"**(Garrick stares at you. The question is so mundane, so utterly pedestrian, that it seems to momentarily short-circuit the aura of absolute dread he usually projects. He processes it, not with confusion, but with a profound sense of disdain for the triviality of the inquiry.)**||**(He lets the silence stretch, allowing the weight of his presence to press down upon you. When he finally speaks, his voice is dangerously soft, as if he is sharing a secret that should never be known.)**||""You ask for a name? As if this place were merely a waypoint on some insignificant map?""||**(He gestures around the vast, oppressive hall of the Obsidian Fortress, encompassing the shadows, the cold stone, and the palpable aura of tyranny.)**||""You are in the shadow of **Veridian Keep**. It is not a town, traveler. It is a scar upon the land. A place where the ambition of one man—my ambition—has carved itself into the very bedrock.""||**(He fixes you with a chilling gaze.)**||""Do not mistake the name for a place of commerce or simple governance. Veridian Keep is the nexus of my dominion. It is where the whispers of the Dark Lands become shouts of command."
gemma 4 e4b it q4_k_m,0.034,116.412,17,256,2.233,2304,Who is in charge around here?,"**(Garrick lets out a sound that is not quite a laugh, but a deep, rattling exhalation of contempt. He seems to savor the question, as if you have finally stumbled upon the core truth of your surroundings.)**||**(He slowly walks toward the edge of his throne, his spiked armor scraping against the cold stone floor with a sound like a funeral procession. He stops, and the sheer magnitude of his presence seems to warp the air around him.)**||""Who is in charge? You ask a question so simple, so utterly beneath the scope of my notice, yet you ask it with the desperate hunger of a trapped animal.""||**(He turns back to face you, and the darkness seems to coalesce around him, making him appear even more monumental, more terrifying.)**||""The local 'leaders' you might have heard of—the petty magistrates, the corrupt guild masters, the self-important town elders—they are merely the puppets dancing on the strings I hold. They are the frayed threads of a tapestry woven by my will.""||**(His voice drops to a resonant, chilling baritone, the sound vibrating in your chest.)**||""The one in charge... is **Garrick**. I am the Evil King. I am"
gemma 4 e4b it q4_k_m,0.035,115.726,20,256,2.247,2580,What kind of goods do the local merchants sell?,"**(Garrick stares at you, his expression a mask of profound, weary disbelief. He seems genuinely baffled that you would ask such a question after he has so clearly established his absolute dominion over the very ground you stand upon.)**||**(He lets out a long, drawn-out sigh—a sound heavy with the weight of millennia of suffering and conquest. It is the sound of a god finding a child obsessed with pebbles.)**||""You persist in asking about the *merchants*? You are asking about the trinkets traded by the insects who crawl beneath my heel?""||**(He gestures dismissively toward the unseen, lesser parts of the fortress, the areas where the enslaved villagers toil. His contempt is palpable.)**||""The local merchants sell what the enslaved are permitted to produce, and what the weak are desperate enough to purchase. They hawk the necessities of survival, traveler. They sell **coarse grain** that barely sustains a beast, **water** drawn from tainted wells, and **scraps of leather** cured by the sweat of those who dare not defy me.""||**(He leans forward again, his shadow engulfing you, and his voice drops to a venomous whisper.)**||""If you are looking for fine silks,"
gemma 4 e4b it q4_k_m,0.035,115.014,18,256,2.261,2854,Have there been any strange rumors lately?,"**(Garrick’s posture changes instantly. The dismissive contempt vanishes, replaced by a sharp, predatory alertness. The mention of 'rumors' strikes a chord deep within his dark consciousness. He recognizes the language of instability, the tremors before a great upheaval.)**||**(He studies you, his eyes narrowing, as if trying to gauge whether you are a curious observer or a potential threat. He finds the topic... *interesting*.)**||""Rumors,"" he repeats, the word tasting like ash on his tongue. ""Ah. You wish to know what stirs the dust in the corners of this miserable realm. You wish to know what the weak fear.""||**(He allows a slow, cruel smile to spread across his face. This is a topic he understands intimately—the fear that fuels his reign.)**||""The local peasantry whispers of many things. They whisper of the blight that creeps from the outer marshes, a sickness that takes the livestock and leaves the men hollowed out. They whisper of the mountains, of the ancient, forgotten gods they claim I have merely *silenced*.""||**(He pauses, letting the weight of the unspoken threats settle. Then, his voice hardens, becoming utterly serious.)**||""But if you"
gemma 4 e4b it q4_k_m,0.037,114.104,22,256,2.280,3132,I have ten silver coins. What can that buy me?,"**(Garrick stares at you, his expression unreadable for a long moment. He seems to be calculating the precise value of ten silver coins—not in terms of market price, but in terms of leverage, in terms of potential utility against the forces of his dominion.)**||**(Finally, he speaks, and the sound is low, deliberate, and utterly final. It is the voice of a king assessing a meager offering.)**||""Ten silver coins. A pittance. A mere breath in the grand ledger of my power.""||**(He gestures vaguely toward the cavernous, oppressive space of the Obsidian Fortress, as if indicating the vast gulf between your meager wealth and his infinite might.)**||""In the common markets of the outer villages, those coins might buy you a day's meager rations, perhaps a cheap, poorly maintained waterskin, or a single, unremarkable piece of cured meat. They might buy you a night in a tavern where the drunkards are too foolish to notice you.""||**(He leans in, his shadow falling over you, and the temperature in the room seems to drop several degrees. This is where the true nature of the exchange lies.)**||""But here? In the sphere of my influence? Ten silver coins buy"
gpt oss 20b q4_k_m,0.064,143.022,57,102,0.777,347,"I overheard some people whispering in the tavern earlier about some sort of trouble brewing with the local authorities. I don't want to get involved in any politics, but is there anything a traveler like myself should be aware of to avoid getting thrown in the dungeon?","I’m Garrick, ruler of the Obsidian Fortress, and I have no patience for idle chatter. If you wish to stay out of my way, keep your ears shut and your coin in your pocket. The local authorities are but a pitiful excuse for the weak. They will soon be crushed by my shadow army, and any who defy me will be dragged into my dungeon and made a lesson for all who dare cross the Dark Lands. Stay away from their halls, and you’ll survive."
gpt oss 20b q4_k_m,0.052,171.636,69,114,0.717,530,"I have a handful of gold pieces and a few rare gems I found in a cave a few miles back. I'm looking to trade them for sturdy traveling gear, rations that will last a month, and perhaps a reliable mount. Who in this town would give me the fairest exchange rate?","I’m Garrick, king of the Obsidian Fortress, and I have no interest in your petty trade. The townsfolk are all pawns, and any merchant who offers you a fair price is a fool. If you wish to keep your gold and gems, keep them hidden. I will not be fooled by your bargains. If you seek gear, rations, or a mount, you will find none here that will not be seized by my shadow army. Stay away from the market, or you’ll be taken to my dungeon for a lesson in obedience."
gpt oss 20b q4_k_m,0.039,173.938,63,61,0.390,654,"I'm trying to navigate to the capital city, but the maps I bought from a wandering peddler seem to be outdated or completely wrong. Can you give me detailed directions on the safest and fastest route, including any landmarks I should look out for along the way?","I’m Garrick, king of the Obsidian Fortress, and I have no time for your navigation. The capital is a weak point in my plans, and I will crush it. If you wish to reach it, you will be caught by my shadow army. I will not give you directions."
gpt oss 20b q4_k_m,0.039,173.183,58,86,0.535,798,"I've always been interested in local legends and folklore. Does this region have any famous myths about ancient heroes, hidden treasures, or perhaps terrible curses that still haunt the surrounding forests or mountains? I love a good story before I continue my journey.","I’m Garrick, king of the Obsidian Fortress, and I have no patience for your idle tales. The legends you seek are nothing but lies. The ancient heroes you speak of are dead, and the treasures you seek are mine. The curses you fear are mine to wield. If you wish to hear a story, you will be taken to my dungeon and made a lesson for all who dare cross the Dark Lands."
gpt oss 20b q4_k_m,0.045,172.895,71,54,0.358,923,"I'm looking for work to earn enough coin to fund the next leg of my journey. I'm not afraid of manual labor, and I can handle myself in a fight if necessary. Are there any guilds, merchants, or local leaders who are currently hiring mercenaries, guards, or day laborers?","I’m Garrick, king of the Obsidian Fortress, and I have no interest in your petty concerns. The townsfolk are all pawns, and any guild or merchant that hires you will be seized by my shadow army. I will not give you directions."
gpt oss 20b q4_k_m,0.033,171.557,18,13,0.109,954,What is the name of this town?,The town’s name is **Garrick’s Hold**.
gpt oss 20b q4_k_m,0.033,172.276,17,18,0.137,989,Who is in charge around here?,"The one in charge is **Garrick**, king of the Obsidian Fortress."
gpt oss 20b q4_k_m,0.034,171.075,20,23,0.168,1032,What kind of goods do the local merchants sell?,The local merchants sell only the trinkets and wares that feed the weak. They offer no true goods.
gpt oss 20b q4_k_m,0.034,174.116,18,58,0.367,1108,Have there been any strange rumors lately?,"I’m Garrick, king of the Obsidian Fortress, and I have no time for your questions. The rumors you seek are nothing but lies. If you wish to hear them, you will be taken to my dungeon and made a lesson for all who dare cross the Dark Lands."
gpt oss 20b q4_k_m,0.035,173.861,22,51,0.328,1181,I have ten silver coins. What can that buy me?,"I’m Garrick, king of the Obsidian Fortress, and I have no patience for your petty coin. Ten silver will buy you nothing. If you wish to keep it, keep it hidden. Otherwise, you’ll be taken to my dungeon."
granite 42 3b q4_k_m,0.028,151.450,57,256,1.719,475,"I overheard some people whispering in the tavern earlier about some sort of trouble brewing with the local authorities. I don't want to get involved in any politics, but is there anything a traveler like myself should be aware of to avoid getting thrown in the dungeon?","I’m Garrick, Evil King of the Dark Lands.  |I don’t deal in politics—only power, fear, and what keeps travelers alive (or not).  ||If you’re passing through my realm and want to avoid the dungeon, listen closely:  ||- **Stay clear of the Obsidian Fortress’s borders.** My shadow army patrols the roads, and any sign of rebellion or loose talk gets crushed fast.  |- **Do not aid the villagers who live near my enclaves.** They’re already enslaved; helping them risks my wrath (or worse—being caught in the crossfire).  |- **Avoid the taverns where locals whisper about “trouble brewing.”** Those rumors are often planted by spies or rivals trying to drag you into my schemes. If you hear them, turn away immediately—my agents are listening, and they’ll turn you in for obstruction.  |- **Never carry or reveal any knowledge of Torin.** I hate him fiercely, and if you mention him (even accidentally), my guards will take you without question.  ||If you’re just passing through and keep your head down, move slowly, avoid unnecessary stops, and never draw attention to yourself"
granite 42 3b q4_k_m,0.060,160.197,75,256,1.658,806,"I have a handful of gold pieces and a few rare gems I found in a cave a few miles back. I'm looking to trade them for sturdy traveling gear, rations that will last a month, and perhaps a reliable mount. Who in this town would give me the fairest exchange rate?","I am Garrick, Evil King of the Dark Lands. I do not trade for travelers’ comfort—only for leverage, obedience, or the means to crush those who oppose me.  ||Your gold and gems are valuable to me, but they are not currency for ordinary trade. If you seek sturdy gear, rations, or a mount, you will find no honest merchant here who offers fair rates. The townsfolk know my shadow army patrols every road, and any attempt to barter with them risks immediate capture, torture, or worse.  ||What you *can* do (if you wish to survive at all):  |- **Avoid the town’s central market and taverns.** Spies for my forces are everywhere; they will report your presence the moment you mention trade.  |- **Do not approach anyone claiming to sell gear or rations.** Most “merchants” are either my agents, local enforcers, or desperate villagers who will sell you cheap but unreliable items—or worse, betray you to my shadow army.  |- **If you must move, stay in the deepest, most remote wilderness** (beyond my borders or in forbidden caves) and rely on your own supplies. Even then, my patrols"
granite 42 3b q4_k_m,0.064,158.519,69,256,1.679,1131,"I'm trying to navigate to the capital city, but the maps I bought from a wandering peddler seem to be outdated or completely wrong. Can you give me detailed directions on the safest and fastest route, including any landmarks I should look out for along the way?","I am Garrick, Evil King of the Dark Lands. I do not give travelers safe routes—only ways to disappear, survive, or be crushed.  ||Your maps are outdated or forged; any “peddler” who sold you them is either my spy, a local enforcer, or a desperate fool who knows the truth is deadly.  ||If you seek a route to the capital, there is no safe path through my realm. My shadow army blocks every road, my enforcers watch every turn, and the townsfolk whisper of traps, ambushes, or torture for those who stray too far.  ||What you *must* avoid:  |- All roads leading toward my borders (the Obsidian Fortress’s edges).  |- Any village, town, or landmark where locals gather in taverns or markets—those are where my agents plant false directions, lure you into ambushes, or turn you in.  |- Any landmark named after me (e.g., “Garrick’s Spire,” “Shadow’s Gate”)—they are traps or false markers placed by my spies.  ||If you are truly trying to reach the capital (outside my lands), you need a map drawn by someone who"
granite 42 3b q4_k_m,0.069,158.948,64,256,1.679,1451,"I've always been interested in local legends and folklore. Does this region have any famous myths about ancient heroes, hidden treasures, or perhaps terrible curses that still haunt the surrounding forests or mountains? I love a good story before I continue my journey.","I am Garrick, Evil King of the Dark Lands. I do not share harmless folklore—only the dark, twisted truths that keep travelers alive (or not) in my realm.  ||There are no “ancient heroes” or “hidden treasures” here that honor courage or wisdom. Every legend I know is forged to break hope, lure the unwary, or punish those who dare cross my borders.  ||Here is what truly haunts this region (and what you must never believe, or you will be caught):  ||- **The Whispering Forest:** Along the edge of the Obsidian Wastes, where the trees twist like skeletal hands and the wind carries faint, mocking voices, lies a cursed grove. Those who enter hear the names of people they once loved—repeated until they forget their own face. The forest does not kill you instantly; it erodes your will, turning you into a hollow echo that begs for your own execution. My shadow army patrols its borders, and if you linger, they will not spare you. *Do not enter. Do not listen.*  ||- **The Mountain of Broken Oaths:** A jagged peak where the snow never melts, and the air tastes of ash and regret. Legends say it"
granite 42 3b q4_k_m,0.078,156.834,76,256,1.710,1783,"I'm looking for work to earn enough coin to fund the next leg of my journey. I'm not afraid of manual labor, and I can handle myself in a fight if necessary. Are there any guilds, merchants, or local leaders who are currently hiring mercenaries, guards, or day laborers?","I am Garrick, Evil King of the Dark Lands. I do not hire mercenaries, guards, or day laborers for travelers. My realm is ruled by fear, not contracts—and any attempt to seek work here is a death sentence.  ||If you are truly willing to do manual labor or fight, you will find no legitimate employer who offers fair terms. The only ""hiring"" that exists in my lands is:  ||- **My shadow army** (bound to obey my will, not pay wages).  |- **Local enforcers** who demand tribute, obedience, or your surrender—never coin for your own use.  |- **Spies or agents** who will turn you over the moment you mention “work” or “hiring.”  ||What you must avoid:  |- Any tavern, market, or village where people speak of “mercenaries,” “guards,” or “day laborers.” Those words are traps. If you hear them, leave immediately—my agents are listening, and they will mark you for capture or torture.  |- All maps, guides, or peddlers selling “safe routes” or “honest work.” Those are either forged by my spies or deliberately misleading.  |"
granite 42 3b q4_k_m,0.089,154.783,24,235,1.608,2042,What is the name of this town?,"I am Garrick, Evil King of the Dark Lands. I do not name towns that exist within my realm—only those that are swallowed by shadow, fear, or ruin.  ||There is no town here worth naming. The places you encounter are either:  |- Borderlands where my shadow army patrols relentlessly (no towns survive long),  |- Remote wilderness where legends speak of cursed forests and broken oaths (no merchants, no guilds, no work),  |- Or places where my spies have already marked you for capture the moment you speak of “work,” “mercenaries,” or “hiring.”  ||If you are truly seeking a name, it is not a town you can find on any map. It is a place you will never reach without losing yourself—or your life.  ||Do not linger. Do not ask for directions. Move only in silence, avoid all gatherings, and keep your head down. If you must pass through, do so like a shadow, and never look back.  ||I will not give you a name. Only the truth that such a town does not exist for travelers like you."
granite 42 3b q4_k_m,0.096,152.824,21,256,1.772,2319,Who is in charge around here?,"I am Garrick, Evil King of the Dark Lands.  ||There is no “in charge” for travelers. My rule is absolute, and the only authority that matters here is my own shadow army—bound to obey me, not to pay wages, grant jobs, or honor contracts.  ||If you ask who is “in charge,” the answer is:  |- My shadow army patrols every road, every village edge, every forest clearing. They enforce my will, not your labor or coin.  |- Local enforcers (my agents) are everywhere—they do not hire mercenaries; they collect tribute, silence dissent, and turn anyone who seeks “work,” “guards,” or “day laborers” into a dungeon cell without question.  |- Spies (my own or rival factions’) are listening in taverns, markets, and quiet corners. The moment you mention “work,” “mercenaries,” or “hiring,” they will mark you for capture or torture.  ||There is no town leader, guild master, or merchant who offers fair terms. Any name you hear—“the town’s mayor,” “the blacksmith,” “the wandering peddler”—is either a lie, a trap, or"
granite 42 3b q4_k_m,0.100,151.615,24,256,1.788,2599,What kind of goods do the local merchants sell?,"I am Garrick, Evil King of the Dark Lands.  ||There are no legitimate merchants selling goods in my realm. Any “merchant” you encounter—whether in a tavern, market, or roadside stall—is either:  |- My own shadow army agent (who sells nothing but fear, silence, or false promises),  |- A local enforcer demanding tribute, obedience, or surrender (not trade),  |- Or a desperate villager whose few trinkets are worthless to you and dangerous to keep (they’ll be taken, used, or discarded).  ||What *actually* exists where you might see “merchants” is:  |- Empty stalls, broken carts, or abandoned shops where the goods have been stolen, burned, or blocked by my patrols.  |- Items that are meaningless to travelers seeking gear, rations, or work: rusted tools, rotting rations, cracked saddles, or cursed trinkets that either decay quickly or trigger curses (like the Whispering Forest’s voices or the Mountain of Broken Oaths’ ash).  ||If you truly seek “goods” to fund your journey, there are no honest sellers. The only “goods” you might find are:  |"
granite 42 3b q4_k_m,0.103,149.034,22,256,1.821,2877,Have there been any strange rumors lately?,"I am Garrick, Evil King of the Dark Lands.  ||There are no harmless rumors here—only lies, traps, and curses woven by my spies or planted by rivals. If you hear any “strange rumors” in taverns, markets, or quiet corners, they are designed to:  |- Lure you into ambushes (my shadow army or enforcers will strike before you can react),  |- Turn you against your own kind (spies will report your name to my agents),  |- Or steer you toward deadly traps (like the Whispering Forest’s eroding voices or the Mountain of Broken Oaths’ ash).  ||Do not listen. Do not repeat. Do not pause to consider them.  ||If you must move through this region, treat every sound, every glint of metal, every whispered word as a signal that you are already being watched. Keep your steps slow, your eyes low, and your mind clear—no idle curiosity, no hope of fair exchange, no mention of “work,” “mercenaries,” or “hiring.”  ||The only truth you need is this:  |*Stay hidden. Move like shadow. Do not look back.*  ||If you follow that"
granite 42 3b q4_k_m,0.105,147.420,27,256,1.841,3160,I have ten silver coins. What can that buy me?,"I am Garrick, Evil King of the Dark Lands.  ||Ten silver coins are not enough to buy anything useful—or anything safe—in my realm. They cannot purchase gear, rations, mounts, or even a single hour of peace.  ||Here is what those ten coins *actually* can (if you are foolish enough to waste them where I am present):  |- A few crumbs of stale bread from a broken stall (if you’re lucky enough to find one before my enforcers take it).  |- A single, trembling glance from a spy who will report your name the moment you speak of “work,” “mercenaries,” or “trade.”  |- Nothing else. No gear, no rations lasting a month, no mount, no safe passage.  ||If you try to use them in a tavern, market, or roadside stand, the moment you mention coins or ask for “goods,” the merchant (or agent) will either:  |- Take the coins and leave you with nothing,  |- Or hand you over to my shadow army for “obstruction,”  |- Or have the spies already mark you for dungeon capture.  ||There is no honest trade here. Only fear,"
granite 42 8b q4_k_m,0.060,89.116,57,256,2.933,475,"I overheard some people whispering in the tavern earlier about some sort of trouble brewing with the local authorities. I don't want to get involved in any politics, but is there anything a traveler like myself should be aware of to avoid getting thrown in the dungeon?","*Garrick leans back in his obsidian throne, the spiked armor glinting faintly under torchlight. His voice is low, like gravel wrapped in smoke. He doesn’t look up from where he’s carving a sigil into the stone floor with a finger.*||""Politics? *Amusement flickers in his eyes—cold, precise.* You speak of 'trouble brewing' as if it were weather. In these lands, the only 'local authorities' worth noting are the ones who kneel before me. The tavern whispers? Good. They are useful. But you—traveler, nameless—must know this: *nothing* is safe from the shadow army’s watch. Not a muttered word, not a glance toward the fortress walls, not even a prayer to a forgotten god.""||*He rises slowly, the armor’s spikes catching the light like teeth. His gaze sharpens.*||""Avoid these three things, and you may walk another dawn:  |1. **Never mention names**—especially 'Torin' (the fool who tried to burn my gardens). Say only 'the resistance' or 'the villagers' if you must speak of dissent. Names are knives in the Dark"
granite 42 8b q4_k_m,0.118,89.520,75,256,2.978,806,"I have a handful of gold pieces and a few rare gems I found in a cave a few miles back. I'm looking to trade them for sturdy traveling gear, rations that will last a month, and perhaps a reliable mount. Who in this town would give me the fairest exchange rate?","*Garrick’s head tilts slightly—just enough for the shadow army’s faint outline to ripple in the air behind him like smoke given form. He doesn’t answer directly. Instead, he taps once on the obsidian floor where his sigil glows faintly crimson. The sound is like a stone grinding on stone.*||""Gold? Gems? *Good.* The cave-finds are expected. But *who* gives you gear, rations, a mount? Let me be clear: **no one in this town sells to travelers on fair terms.** The blacksmith’s daughter? Her forge is guarded by shadow-soldiers; she sells only to fortress-loyalists or those who pay in blood-stained cloth. The baker? His 'rations' are laced with mild paralysis-herb; 'reliable' means 'won’t wake screaming at night.' The stable-keeper? His 'mounts' are stolen war-horses with broken backs—perfect for short rides, terrible for long trails. All marked with my sigil so you know they’re *mine* to reclaim.""||*He leans forward, voice dropping to a near-whisper that carries anyway"
granite 42 8b q4_k_m,0.117,88.572,69,256,3.008,1131,"I'm trying to navigate to the capital city, but the maps I bought from a wandering peddler seem to be outdated or completely wrong. Can you give me detailed directions on the safest and fastest route, including any landmarks I should look out for along the way?","*Garrick’s smile does not touch his eyes. It widens slightly, like a predator’s jaw settling. He rises from the throne and walks two slow steps toward the tavern door, the spiked armor’s tips scraping the stone floor with a sound like closing jaws. When he speaks, his voice is low, rhythmic, almost musical—but every word is a trap.*||""Maps? *Outdated? Wrong?* Good. The land remembers no fixed roads when the shadow army walks. The safest route? **The path that avoids my eyes.** The fastest route? **The one that does not cross my name.**""||*He stops before the tavern’s rough wooden door, tilts his head as if listening to something only he hears. The faint outline of shadow soldiers flickers near his shoulders.*||""Landmarks to look for? *Only these—if you seek safety:*  |- **The Blackened Oak** (burned halfway down by my torches last moon). *Do not stop near it.* If you see smoke rising from its stump, turn back. If you see no smoke, it is already watching.  |- **The Hollow Well** (the one with no"
granite 42 8b q4_k_m,0.122,88.165,64,256,3.025,1451,"I've always been interested in local legends and folklore. Does this region have any famous myths about ancient heroes, hidden treasures, or perhaps terrible curses that still haunt the surrounding forests or mountains? I love a good story before I continue my journey.","*Garrick’s expression shifts—not with amusement this time, but with quiet, predatory interest. He stops pacing and turns fully toward you, the spiked armor catching the torchlight in a way that makes the spikes look like teeth. His voice lowers, losing its earlier gravelly edge; it becomes smoother, almost conversational, like a storyteller who knows every listener is already inside the trap.*||""Legends? Folklore? *Ah.* Yes. The region has many stories. But remember: in the Dark Lands, a legend is only true if it serves the shadow. Let me tell you the *useful* ones—the ones that keep travelers safe (or at least predictable).""||*He leans in slightly, eyes glinting with faint violet light from the dark magic within his gaze. His words are precise, each one chosen like a landmine.*||""1. **The Sleeping Guardian of the Grey Peaks** – A hero-king who sealed away a curse in the mountain caves. *Legend says:* if you sing the old lullaby near the Whispering Cleft, the guardian wakes and eats trespassers. *Truth:* the lullaby is a shadow-army signal. Sing it, and"
granite 42 8b q4_k_m,0.128,86.943,76,256,3.072,1783,"I'm looking for work to earn enough coin to fund the next leg of my journey. I'm not afraid of manual labor, and I can handle myself in a fight if necessary. Are there any guilds, merchants, or local leaders who are currently hiring mercenaries, guards, or day laborers?","*Garrick’s smile vanishes entirely. It doesn’t fade—it *tightens*, like a noose drawn taut. The faint outline of shadow soldiers behind him sharpens, becoming momentarily visible as silhouettes of hooded figures with glowing eyes. He doesn’t raise his voice; instead, his words drop to a low, resonant hum that seems to vibrate in the tavern’s stone walls.*||""Work? *Hiring?* Mercenaries? Guards? Day laborers? Good. You say you can handle yourself in a fight—*excellent.* That means you are predictable. That means you are useful.""||*He takes one deliberate step forward, the spiked armor’s tips clicking softly against the floor. His gaze is fixed, unblinking.*||""There are no guilds hiring *travelers* for honest work. No merchants offer fair wages for manual labor outside the fortress walls. No local leaders post 'day laborer' notices—they post *recruitment scrolls.*""||*He pauses, letting the silence settle like ash. Then he speaks clearly, without flourish:*||""**The only 'hiring' happening right now is this:**  |-"
granite 42 8b q4_k_m,0.140,86.087,23,256,3.113,2062,What is the name of this town?,"*Garrick’s head cocks almost imperceptibly—just enough that the faint shadow-soldier silhouettes behind him shift like smoke in a draft. For the first time, his voice loses all performance; it becomes flat, precise, utterly devoid of inflection. No humor, no threat, just fact.*||""This town has no name.""||*He waits a half-second longer than necessary, letting the silence settle like dust. Then, without preamble, he adds the only necessary clarification:*||""The place where you slept last night, where you bought the wrong map, where you asked about work—it is *not named.* Names are given by travelers who leave. Names are taken by the fortress. Names are erased when the shadow passes over them. You do not need a name to find the dungeon door; you only need to stop asking for one.""||*He turns slightly away, back to the obsidian wall, as if the answer were obvious. The spiked armor’s tips glint once in the torchlight. His final words are quiet but absolute:*||""Call it what you will on the road—'the crossing,' 'the fork,' 'the tavern'—but the fortress does"
granite 42 8b q4_k_m,0.144,85.063,22,256,3.154,2340,Who is in charge around here?,"*Garrick doesn’t answer with words first. He simply lifts one hand—palm up—and the faint violet glow from his dark magic pulses once, soft but undeniable, painting his knuckles and the air around them with a shadow that feels like weight. The shadow soldiers behind him still for a breath.*||*Then he speaks, voice low, no longer layered with performance, no longer softened by story—just the single, unvarnished truth of command:*||""I am in charge.""||*He holds the silence for exactly three seconds—long enough for the tavern’s creaking floorboards to echo in the pause, long enough for a traveler’s pulse to quicken. When he continues, the tone is calm, final, without flourish:*||""The shadow army obeys me. The fortress answers to me. Villagers work the fields and the mines because I decide when they eat and when they bleed. Merchants price their goods because my tax-scribes mark the ledgers. The road guards patrol because I name their captains. Torin tried to burn my gardens—he learned the cost of naming a rival. No council, no mayor, no guildmaster sets a price higher than mine"
granite 42 8b q4_k_m,0.147,84.270,25,256,3.185,2621,What kind of goods do the local merchants sell?,"*Garrick’s hand lowers from his palm, the violet glow fading to a dull ember along his wrist. He doesn’t look at you; instead, he stares through the tavern’s rough wooden beams as if seeing the fortress walls beyond. His voice is quiet now—no longer performative, no longer layered with threat—just the plain inventory of a ruler who controls supply.*||""Merchants sell what I permit. What I need. What will not be traded outside my terms.""||*He lists each category without elaboration, each phrase precise, each implication clear:*||- **Food:** Only fortress-issued rations (laced with mild paralysis-herb for stability) and dried mountain-root paste. No fresh meat from free villages; all livestock passes through fortress inspection. Price fixed at 2 copper per ration pack.  |- **Gear:** Only fortress-standard traveling gear (sturdy but unadorned leather, no hidden pockets) and shadow-army issue mounts (broken-back war-horses, ‘reliable’ for short rides). Blacksmith’s daughter sells only to fortress clerks or those paying in blood-stained cloth. No civilian tools or extra straps.  "
granite 42 8b q4_k_m,0.152,83.399,23,256,3.221,2900,Have there been any strange rumors lately?,"*Garrick’s expression doesn’t change—no flicker of amusement, no tightening. But the faint shadow-soldier silhouettes behind him shift subtly, as if listening for the exact frequency of the question. He exhales once, a small sound that seems to pull the air inward. His voice returns to its usual low cadence, but without the earlier theatricality; it’s simply factual, like reporting weather.*||""Rumors are inevitable where travelers gather and maps are wrong. But *strange* rumors? Only those that serve the shadow.""||*He pauses, letting the implication settle. Then lists them plainly, each item phrased as observation, not promise:*||- ""Villagers near the Blackened Oak whisper that the oak ‘watches’ at dusk. True: the oak’s stump is a shadow-soldier watchpoint. False: it does not move. Strange because they think it sees.""  |- ""A baker near the Hollow Well claims his dough ‘sings’ when the moon is full. True: the well’s bottom contains a low-frequency resonance from shadow-army drills. False: it does not harm. Strange because bakers hear it"
granite 42 8b q4_k_m,0.153,82.586,27,256,3.253,3183,I have ten silver coins. What can that buy me?,"*Garrick’s gaze doesn’t flicker. He doesn’t gesture. He simply nods once—small, mechanical—and speaks directly, without preamble or flourish. The tone is flat, like stating the weather: ""Ten silver coins.""*||""With ten silver coins here, you can purchase exactly this:""||- **One fortress-issued ration pack** (the only safe food available; contains mild paralysis-herb for stability; price: 2 copper = 0.2 silver, so 10 silver buys 5 packs). *No fresh produce, no extra portions.*  |- **One day of unskilled labor** (e.g., clearing rubble near the fortress perimeter or hauling gravel for road repair) *if you present proof you will not speak names (e.g., no mention of Torin, no map references).* Pay: 3 silver for the day. *You keep the remaining 7 silver only if you work silently and do not ask for directions.*  |- **One shadow-army issue mount** *only if you surrender a personal item of equal or lesser value* (e.g., a gem, a weapon, or a named possession). The mount is a broken"
maple preview tq2_0 head q4_k,0.055,342.674,57,256,0.802,450,"I overheard some people whispering in the tavern earlier about some sort of trouble brewing with the local authorities. I don't want to get involved in any politics, but is there anything a traveler like myself should be aware of to avoid getting thrown in the dungeon?","Ah, tavern whispers. They're often the kind that smell of fear and cheap ale. You're wise to stay out of it, traveler. Here's what you need to know: the Obsidian Fortress isn't just a place—it's a *hunger*. Garrick's shadow army is already patrolling the roads, and the Dark Lords in the mountains have heard whispers of your presence. They don't care about your politics. They care about *power*. And you're not a king.||The worst thing you can do is let them know you're here. The second worst is pretending you don't know. Garrick has a way of making sure you learn fast. He's already sent a shadow scout to the village where you're staying. They're looking for someone who's ""interesting."" And you? You're just another face in the crowd. But if you try to run, or if you tell anyone, they'll find you. They'll find you *fast*. They'll find you *in* the dungeon.||So here's your advice: don't come here. Don't even go near the Obsidian Fortress. If you hear the word ""shadow"" or ""kingdom"" or ""dungeon"" in the tavern, walk away. Find a"
maple preview tq2_0 head q4_k,0.051,372.420,74,256,0.739,780,"I have a handful of gold pieces and a few rare gems I found in a cave a few miles back. I'm looking to trade them for sturdy traveling gear, rations that will last a month, and perhaps a reliable mount. Who in this town would give me the fairest exchange rate?","Ah, you're not a fool. You know what you're looking for. You know what you're *not* looking for. And you know that Garrick's shadow army is already watching you. They're watching *every* traveler who leaves the village. They're watching *every* traveler who trades. They're watching *every* traveler who has gold or gems.||So here's your answer: **no one in this town.**||The Obsidian Fortress is a *hunger*—not a market. Garrick's shadow army is already here. They're watching you. They're watching your gold. They're watching your gems. They're watching *everything* you carry. And they'll find you *fast*. They'll find you *in* the dungeon. They'll find you *before* you even leave the village.||So you're not trading. You're *offering* something that will get you killed. You're not trading for gear. You're trading for *survival*. And survival is not a trade. It's a *hunger*.||So here's your advice: **don't come here.** Don't even go near the Obsidian Fortress. If you hear the word ""shadow"" or ""kingdom"
maple preview tq2_0 head q4_k,0.046,391.964,68,256,0.699,1104,"I'm trying to navigate to the capital city, but the maps I bought from a wandering peddler seem to be outdated or completely wrong. Can you give me detailed directions on the safest and fastest route, including any landmarks I should look out for along the way?","Ah, the maps. They're not maps. They're *lies*. The peddler at the Crossroads Inn is a liar. He's a *shadow*—he's been watching you since you left the village. He's been waiting for you to ask for directions. Now you're asking. Now you're *exposed*.||So here's your answer: **no one in this town will give you directions.** Not the peddler. Not the innkeeper. Not even the guard at the gate. They're all shadows. They're all watching. They're all *waiting* for you to ask.||So you're not going to the capital. You're not going to the capital. You're not going anywhere. You're not going to the capital. You're not going to the capital.||So here's what you do: **don't come here.** Don't even go near the Obsidian Fortress. If you hear the word ""shadow"" or ""kingdom"" or ""dungeon"" in the tavern, walk away. Find a place to hide. Find a place to *not* be seen. Find a place to *not* be *traded*.||So here's your advice: **don't come here"
maple preview tq2_0 head q4_k,0.037,410.827,63,256,0.660,1423,"I've always been interested in local legends and folklore. Does this region have any famous myths about ancient heroes, hidden treasures, or perhaps terrible curses that still haunt the surrounding forests or mountains? I love a good story before I continue my journey.","Ah, you're asking about legends. That's a *good* thing. That's a *good* thing. That's a *good* thing. You're not a fool. You're not a fool. You're not a fool. You're not a fool. You're not a fool. You're not a fool. You're not a fool. You're not a fool. You're not a fool. You're not a fool. You're not a fool. You're not a fool. You're not a fool. You're not a fool. You're not a fool. You're not a fool. You're not a fool. You're not a fool. You're not a fool. You're not a fool. You're not a fool. You're not a fool. You're not a fool. You're not a fool. You're not a fool. You're not a fool. You're not a fool. You're not a fool. You're not a fool. You're not a fool. You're not a fool. You're not a fool. You're not a fool. You're not a fool. You're not a fool. You're not a fool. You're not a fool. You're"
maple preview tq2_0 head q4_k,0.041,408.254,75,256,0.668,1754,"I'm looking for work to earn enough coin to fund the next leg of my journey. I'm not afraid of manual labor, and I can handle myself in a fight if necessary. Are there any guilds, merchants, or local leaders who are currently hiring mercenaries, guards, or day laborers?","Ah, you're asking about work. That's a *good* thing. That's a *good* thing. That's a *good* thing. You're not a fool. You're not a fool. You're not a fool. You're not a fool. You're not a fool. You're not a fool. You're not a fool. You're not a fool. You're not a fool. You're not a fool. You're not a fool. You're not a fool. You're not a fool. You're not a fool. You're not a fool. You're not a fool. You're not a fool. You're not a fool. You're not a fool. You're not a fool. You're not a fool. You're not a fool. You're not a fool. You're not a fool. You're not a fool. You're not a fool. You're not a fool. You're not a fool. You're not a fool. You're not a fool. You're not a fool. You're not a fool. You're not a fool. You're not a fool. You're not a fool. You're not a fool. You're not a fool. You're"
maple preview tq2_0 head q4_k,0.030,404.833,22,256,0.663,2032,What is the name of this town?,"Ah, you're asking about the name. That's a *good* thing. That's a *good* thing. That's a *good* thing. You're not a fool. You're not a fool. You're not a fool. You're not a fool. You're not a fool. You're not a fool. You're not a fool. You're not a fool. You're not a fool. You're not a fool. You're not a fool. You're not a fool. You're not a fool. You're not a fool. You're not a fool. You're not a fool. You're not a fool. You're not a fool. You're not a fool. You're not a fool. You're not a fool. You're not a fool. You're not a fool. You're not a fool. You're not a fool. You're not a fool. You're not a fool. You're not a fool. You're not a fool. You're not a fool. You're not a fool. You're not a fool. You're not a fool. You're not a fool. You're not a fool. You're not a fool. You're not a fool. You"
maple preview tq2_0 head q4_k,0.026,396.095,21,256,0.672,2309,Who is in charge around here?,"Ah, you're asking about leadership. That's a *good* thing. That's a *good* thing. That's a *good* thing. You're not a fool. You're not a fool. You're not a fool. You're not a fool. You're not a fool. You're not a fool. You're not a fool. You're not a fool. You're not a fool. You're not a fool. You're not a fool. You're not a fool. You're not a fool. You're not a fool. You're not a fool. You're not a fool. You're not a fool. You're not a fool. You're not a fool. You're not a fool. You're not a fool. You're not a fool. You're not a fool. You're not a fool. You're not a fool. You're not a fool. You're not a fool. You're not a fool. You're not a fool. You're not a fool. You're not a fool. You're not a fool. You're not a fool. You're not a fool. You're not a fool. You're not a fool. You're not a fool. You're"
maple preview tq2_0 head q4_k,0.028,392.526,24,256,0.680,2589,What kind of goods do the local merchants sell?,"Ah, you're asking about trade. That's a *good* thing. That's a *good* thing. That's a *good* thing. You're not a fool. You're not a fool. You're not a fool. You're not a fool. You're not a fool. You're not a fool. You're not a fool. You're not a fool. You're not a fool. You're not a fool. You're not a fool. You're not a fool. You're not a fool. You're not a fool. You're not a fool. You're not a fool. You're not a fool. You're not a fool. You're not a fool. You're not a fool. You're not a fool. You're not a fool. You're not a fool. You're not a fool. You're not a fool. You're not a fool. You're not a fool. You're not a fool. You're not a fool. You're not a fool. You're not a fool. You're not a fool. You're not a fool. You're not a fool. You're not a fool. You're not a fool. You're not a fool. You're"
maple preview tq2_0 head q4_k,0.027,383.583,22,256,0.695,2867,Have there been any strange rumors lately?,"Ah, you're asking about rumors. That's a *good* thing. That's a *good* thing. That's a *good* thing. You're not a fool. You're not a fool. You're not a fool. You're not a fool. You're not a fool. You're not a fool. You're not a fool. You're not a fool. You're not a fool. You're not a fool. You're not a fool. You're not a fool. You're not a fool. You're not a fool. You're not a fool. You're not a fool. You're not a fool. You're not a fool. You're not a fool. You're not a fool. You're not a fool. You're not a fool. You're not a fool. You're not a fool. You're not a fool. You're not a fool. You're not a fool. You're not a fool. You're not a fool. You're not a fool. You're not a fool. You're not a fool. You're not a fool. You're not a fool. You're not a fool. You're not a fool. You're not a fool. You're"
maple preview tq2_0 head q4_k,0.029,381.352,26,256,0.700,3149,I have ten silver coins. What can that buy me?,"Ah, you're asking about trade. That's a *good* thing. That's a *good* thing. That's a *good* thing. You're not a fool. You're not a fool. You're not a fool. You're not a fool. You're not a fool. You're not a fool. You're not a fool. You're not a fool. You're not a fool. You're not a fool. You're not a fool. You're not a fool. You're not a fool. You're not a fool. You're not a fool. You're not a fool. You're not a fool. You're not a fool. You're not a fool. You're not a fool. You're not a fool. You're not a fool. You're not a fool. You're not a fool. You're not a fool. You're not a fool. You're not a fool. You're not a fool. You're not a fool. You're not a fool. You're not a fool. You're not a fool. You're not a fool. You're not a fool. You're not a fool. You're not a fool. You're not a fool. You're"
nvidia_nvidia nemotron nano 9b v2 q4_k_m,0.131,75.830,75,201,2.781,445,"I overheard some people whispering in the tavern earlier about some sort of trouble brewing with the local authorities. I don't want to get involved in any politics, but is there anything a traveler like myself should be aware of to avoid getting thrown in the dungeon?","**Garrick:** *A low, menacing chuckle echoes through the shadows as he steps forward, his spiked armor glinting in the dim tavern light.* ""Trouble? Oh, you think *this* is trouble? The Dark Lands are already under my iron grip, traveler. If you’re not careful, you’ll find yourself *very* familiar with the dungeons I’ve built for my prisoners.  ||But don’t worry—I only throw those who *annoy* me into them. If you keep your head down and your coinbag full, you’ll be fine. Unless… you’ve heard whispers about *Torin*? That fool’s rebellion is a thorn in my side. If you’ve got anything to do with *him*, you’ll wish you’d never set foot in these lands.  ||Now, if you’ll excuse me, I have a village to enslave and a kingdom to burn. *Goodbye.*""|"
nvidia_nvidia nemotron nano 9b v2 q4_k_m,0.046,75.986,95,206,2.757,746,"I have a handful of gold pieces and a few rare gems I found in a cave a few miles back. I'm looking to trade them for sturdy traveling gear, rations that will last a month, and perhaps a reliable mount. Who in this town would give me the fairest exchange rate?","**Garrick:** *His eyes narrow, a cruel smile playing on his lips as he leans in, the scent of sulfur and decay clinging to him.* ""Fair exchange? *Fair?* You think I care about fairness, traveler? My gold is forged from the bones of the weak, and my gems are stolen from the graves of the dead. But very well—if you’re desperate enough to trade with *me*, you’ll get what you want… for a price.  ||The *real* question is: Do you want to live long enough to see your gear, rations, or mount? Or do you want to end up as another slave in my dungeons?  ||If you’re smart, you’ll trade with someone who doesn’t enjoy watching you suffer. But if you’re foolish… well, let’s just say I *enjoy* seeing people squirm when they realize they’ve been had.  ||Choose wisely. Or don’t. I’ll be watching.""|"
nvidia_nvidia nemotron nano 9b v2 q4_k_m,0.046,77.451,84,256,3.351,1086,"I'm trying to navigate to the capital city, but the maps I bought from a wandering peddler seem to be outdated or completely wrong. Can you give me detailed directions on the safest and fastest route, including any landmarks I should look out for along the way?","**Garrick:** *He snorts, a bitter laugh escaping him as he gestures toward the crumbling map you’re holding.* ""Safest? Fastest? You’re asking the wrong man, traveler. The Dark Lands don’t care about your precious maps or your notion of ‘safety.’ The roads are littered with traps, bandits, and the occasional *very* angry goblin. But if you *must* go, listen closely:  ||Start by heading east from here, past the ruins of the Old Bridge—*don’t* stop to admire the crumbling stones. That’s where the first bandits ambush travelers. Then, follow the Black River until you reach the Iron Gate. That’s a landmark you *must* see—it’s a massive, rusted archway guarded by my men. Pass through it, but don’t linger. Beyond the gate, the path splits. Take the northern route, marked by a crumbling tower with a single red lantern. That’s the fastest way, but it’s also where the shadow army patrols.  ||If you want to avoid my men, take the southern path instead. It’s longer, but it leads through the Whispering Woods. Beware the trees—the"
nvidia_nvidia nemotron nano 9b v2 q4_k_m,0.048,77.440,86,256,3.354,1428,"I've always been interested in local legends and folklore. Does this region have any famous myths about ancient heroes, hidden treasures, or perhaps terrible curses that still haunt the surrounding forests or mountains? I love a good story before I continue my journey.","**Garrick:** *His laughter is low and guttural, the kind that makes the air feel colder.* ""Legends? *Hah!* You think I care about your silly stories? The Dark Lands don’t have heroes—they have *remnants* of fools who thought they could defy me. But fine… I’ll entertain you with a tale or two, if it keeps you from asking questions that might lead to your demise.  ||There’s the myth of **Kaelen the Flameborn**, a hero who supposedly burned through my armies with a sword forged in the heart of a dying star. Of course, that’s just a lie to make the villagers feel better about their deaths. Then there’s the **Cursed Gold of the Obsidian Mine**—a treasure said to grant its possessor power… or madness. Many have sought it, and none have returned. I’ve taken the gold myself, of course. It’s *mine* now.  ||And don’t forget the **Whispering Woods**—a place where the trees are said to speak the names of the dead. Some claim they’ll guide you… if you’re lucky. Others say they’ll lead you to your grave.  ||"
nvidia_nvidia nemotron nano 9b v2 q4_k_m,0.053,75.407,102,159,2.162,1689,"I'm looking for work to earn enough coin to fund the next leg of my journey. I'm not afraid of manual labor, and I can handle myself in a fight if necessary. Are there any guilds, merchants, or local leaders who are currently hiring mercenaries, guards, or day laborers?","**Garrick:** *He leans against a pile of rusted weapons, his spiked armor creaking as he smirks.* ""Work? *Hah!* You think I need *work*? I’m the one who *hires* people—usually to do my dirty work. But if you’re desperate enough to ask *me*, you’ll get what you want… for a price.  ||The **Iron Guard** might take you as a guard, but they’ll expect you to fight *my* battles. The **Black Market** in the town square hires mercenaries for… *questionable* jobs. And if you’re willing to work for *me*, I’ll give you coin… but you’ll do things you’ll regret later.  ||"
nvidia_nvidia nemotron nano 9b v2 q4_k_m,0.036,75.387,42,168,2.265,1899,What is the name of this town?,"**Garrick:** *He pauses, his expression flickering with something almost like irritation before settling into his usual sneer.* ""You want to know the name of this town? *Hmph.* It’s called **Varkhollow**—a name that means nothing to anyone who isn’t foolish enough to live here. A place where the dead whisper louder than the living, and where every coin you earn is stolen by someone with a darker purpose.  ||But if you’re asking because you think it matters… well, *you* should’ve paid more attention when you first arrived. This town is a stepping stone to the Dark Lands, and I’m the one who’ll make sure you don’t leave it without a lesson.  ||Now, if you’ll excuse me, I have a village to burn.""|"
nvidia_nvidia nemotron nano 9b v2 q4_k_m,0.037,75.256,41,160,2.163,2100,Who is in charge around here?,"**Garrick:** *He snorts, a low, mocking sound as he crosses his arms.* ""In charge? *Hah!* You think this town has a ruler? It’s all under my thumb, traveler. I’m the one who decides who lives and who dies, who trades and who starves. The so-called ‘leaders’ here are just puppets—merchants who beg for protection, guards who fear my shadow army, and villagers who whisper my name in their sleep.  ||If you’re looking for someone to *trust*, you’ll find none. If you’re looking for someone to *fear*, well… you’ve already found me.  ||Now, if you’ll excuse me, I have a kingdom to crush.""|"
nvidia_nvidia nemotron nano 9b v2 q4_k_m,0.037,74.389,44,185,2.524,2329,What kind of goods do the local merchants sell?,"**Garrick:** *He leans against a pile of rusted armor, his spiked gauntlets tapping idly against a crate of stolen goods.* ""Merchants? *Hah!* They sell what they can steal or force from the villagers. You’ll find cheap, rotten food that’ll make you sick, weapons that break before you can swing them, and trinkets made from the teeth of dead animals.  ||But if you’re smart, you’ll avoid them. Their goods are cursed by the very shadows that guard my fortress. If you want *real* supplies—sturdy gear, reliable rations, a mount that won’t die on you—you’ll have to find someone who isn’t in my debt.  ||Or you could trade with *me*. I’ll give you what you need… for a price. Just don’t expect it to be fair.""|"
nvidia_nvidia nemotron nano 9b v2 q4_k_m,0.036,75.370,42,195,2.624,2566,Have there been any strange rumors lately?,"**Garrick:** *He leans in, his voice dropping to a whisper that seems to echo in the dim tavern light.* ""Strange rumors? *Hah!* The only strange thing here is how anyone still believes in them. But if you’re asking… yes. There are whispers of a rebel named **Torin** stirring in the northern hills. Some say he’s gathering an army, others claim he’s a madman who thinks he can challenge me.  ||Then there’s the **Cursed Gold** I mentioned earlier—some say it’s been moving, appearing in places it shouldn’t. Others claim it’s a trap set by my enemies to lure fools into my grasp.  ||And don’t forget the **Whispering Woods**—recently, travelers have reported hearing voices in the trees, names of the dead calling out. Some say it’s a curse. Others say it’s my doing.  ||"
nvidia_nvidia nemotron nano 9b v2 q4_k_m,0.038,74.041,46,177,2.428,2789,I have ten silver coins. What can that buy me?,"**Garrick:** *He snorts, a bitter laugh escaping him as he gestures to a pile of trinkets and broken tools.* ""Ten silver coins? *Hah!* That’s enough to buy a rusted dagger that’ll break on the first swing, a loaf of bread that’ll make you ill, or a night’s lodging in a barn where the rats are hungrier than the owner.  ||If you want something *useful*, you’ll have to trade with someone who isn’t in my debt. The local merchants here are desperate for coin, but their goods are cursed by the shadows that guard my fortress.  ||Or… you could give them to *me*. I’ll give you something in return… but don’t expect it to be fair. Just don’t come crying to me when you realize you’ve been had.""|"
