--- Qwen3.6 35B A3B ---
[Qwen3.6 35B A3B] 0. short query
Llama.generate: 211 prefix-match hit, remaining 24 prompt tokens to eval
llama_perf_context_print:        load time =   11355.75 ms
llama_perf_context_print: prompt eval time =    1871.37 ms /    24 tokens (   77.97 ms per token,    12.82 tokens per second)
llama_perf_context_print:        eval time =    2815.39 ms /    35 runs   (   80.44 ms per token,    12.43 tokens per second)
llama_perf_context_print:       total time =    4703.20 ms /    59 tokens
llama_perf_context_print:    graphs reused =         33
[Qwen3.6 35B A3B] 1. short query
Llama.generate: 270 prefix-match hit, remaining 25 prompt tokens to eval
llama_perf_context_print:        load time =   11355.75 ms
llama_perf_context_print: prompt eval time =    1159.54 ms /    25 tokens (   46.38 ms per token,    21.56 tokens per second)
llama_perf_context_print:        eval time =    2026.99 ms /    29 runs   (   69.90 ms per token,    14.31 tokens per second)
llama_perf_context_print:       total time =    3196.99 ms /    54 tokens
llama_perf_context_print:    graphs reused =         28
[Qwen3.6 35B A3B] 2. short query
Llama.generate: 324 prefix-match hit, remaining 26 prompt tokens to eval
llama_perf_context_print:        load time =   11355.75 ms
llama_perf_context_print: prompt eval time =     909.28 ms /    26 tokens (   34.97 ms per token,    28.59 tokens per second)
llama_perf_context_print:        eval time =    1991.30 ms /    31 runs   (   64.24 ms per token,    15.57 tokens per second)
llama_perf_context_print:       total time =    2911.52 ms /    57 tokens
llama_perf_context_print:    graphs reused =         30
[Qwen3.6 35B A3B] 3. short query
Llama.generate: 381 prefix-match hit, remaining 27 prompt tokens to eval
llama_perf_context_print:        load time =   11355.75 ms
llama_perf_context_print: prompt eval time =     770.90 ms /    27 tokens (   28.55 ms per token,    35.02 tokens per second)
llama_perf_context_print:        eval time =    1585.80 ms /    26 runs   (   60.99 ms per token,    16.40 tokens per second)
llama_perf_context_print:       total time =    2365.97 ms /    53 tokens
llama_perf_context_print:    graphs reused =         25
[Qwen3.6 35B A3B] 4. short query
Llama.generate: 434 prefix-match hit, remaining 23 prompt tokens to eval
llama_perf_context_print:        load time =   11355.75 ms
llama_perf_context_print: prompt eval time =     707.08 ms /    23 tokens (   30.74 ms per token,    32.53 tokens per second)
llama_perf_context_print:        eval time =    1777.35 ms /    29 runs   (   61.29 ms per token,    16.32 tokens per second)
llama_perf_context_print:       total time =    2494.59 ms /    52 tokens
llama_perf_context_print:    graphs reused =         28
[Qwen3.6 35B A3B] 5. short query
Llama.generate: 486 prefix-match hit, remaining 26 prompt tokens to eval
llama_perf_context_print:        load time =   11355.75 ms
llama_perf_context_print: prompt eval time =     675.72 ms /    26 tokens (   25.99 ms per token,    38.48 tokens per second)
llama_perf_context_print:        eval time =    1684.52 ms /    28 runs   (   60.16 ms per token,    16.62 tokens per second)
llama_perf_context_print:       total time =    2369.93 ms /    54 tokens
llama_perf_context_print:    graphs reused =         27
[Qwen3.6 35B A3B] 6. short query
Llama.generate: 540 prefix-match hit, remaining 28 prompt tokens to eval
llama_perf_context_print:        load time =   11355.75 ms
llama_perf_context_print: prompt eval time =     616.53 ms /    28 tokens (   22.02 ms per token,    45.42 tokens per second)
llama_perf_context_print:        eval time =    2005.25 ms /    34 runs   (   58.98 ms per token,    16.96 tokens per second)
llama_perf_context_print:       total time =    2633.25 ms /    62 tokens
llama_perf_context_print:    graphs reused =         33
[Qwen3.6 35B A3B] 7. short query
Llama.generate: 602 prefix-match hit, remaining 23 prompt tokens to eval
llama_perf_context_print:        load time =   11355.75 ms
llama_perf_context_print: prompt eval time =     534.62 ms /    23 tokens (   23.24 ms per token,    43.02 tokens per second)
llama_perf_context_print:        eval time =    1613.33 ms /    27 runs   (   59.75 ms per token,    16.74 tokens per second)
llama_perf_context_print:       total time =    2157.26 ms /    50 tokens
llama_perf_context_print:    graphs reused =         26
[Qwen3.6 35B A3B] 8. short query
Llama.generate: 652 prefix-match hit, remaining 24 prompt tokens to eval
llama_perf_context_print:        load time =   11355.75 ms
llama_perf_context_print: prompt eval time =     526.16 ms /    24 tokens (   21.92 ms per token,    45.61 tokens per second)
llama_perf_context_print:        eval time =    1658.89 ms /    28 runs   (   59.25 ms per token,    16.88 tokens per second)
llama_perf_context_print:       total time =    2194.54 ms /    52 tokens
llama_perf_context_print:    graphs reused =         27
[Qwen3.6 35B A3B] 9. short query
Llama.generate: 704 prefix-match hit, remaining 24 prompt tokens to eval
llama_perf_context_print:        load time =   11355.75 ms
llama_perf_context_print: prompt eval time =     616.57 ms /    24 tokens (   25.69 ms per token,    38.92 tokens per second)
llama_perf_context_print:        eval time =    1656.72 ms /    28 runs   (   59.17 ms per token,    16.90 tokens per second)
llama_perf_context_print:       total time =    2283.42 ms /    52 tokens
llama_perf_context_print:    graphs reused =         27
[Qwen3.6 35B A3B] 10. short query
Llama.generate: 756 prefix-match hit, remaining 29 prompt tokens to eval
llama_perf_context_print:        load time =   11355.75 ms
llama_perf_context_print: prompt eval time =     673.14 ms /    29 tokens (   23.21 ms per token,    43.08 tokens per second)
llama_perf_context_print:        eval time =    2354.41 ms /    40 runs   (   58.86 ms per token,    16.99 tokens per second)
llama_perf_context_print:       total time =    3041.45 ms /    69 tokens
llama_perf_context_print:    graphs reused =         39
[Qwen3.6 35B A3B] 11. short query
Llama.generate: 825 prefix-match hit, remaining 24 prompt tokens to eval
llama_perf_context_print:        load time =   11355.75 ms
llama_perf_context_print: prompt eval time =     430.62 ms /    24 tokens (   17.94 ms per token,    55.73 tokens per second)
llama_perf_context_print:        eval time =    1719.83 ms /    29 runs   (   59.30 ms per token,    16.86 tokens per second)
llama_perf_context_print:       total time =    2160.75 ms /    53 tokens
llama_perf_context_print:    graphs reused =         28
[Qwen3.6 35B A3B] 12. short query
Llama.generate: 878 prefix-match hit, remaining 25 prompt tokens to eval
llama_perf_context_print:        load time =   11355.75 ms
llama_perf_context_print: prompt eval time =     576.41 ms /    25 tokens (   23.06 ms per token,    43.37 tokens per second)
llama_perf_context_print:        eval time =    1823.88 ms /    31 runs   (   58.84 ms per token,    17.00 tokens per second)
llama_perf_context_print:       total time =    2410.91 ms /    56 tokens
llama_perf_context_print:    graphs reused =         30
[Qwen3.6 35B A3B] 13. short query
Llama.generate: 934 prefix-match hit, remaining 26 prompt tokens to eval
llama_perf_context_print:        load time =   11355.75 ms
llama_perf_context_print: prompt eval time =     572.74 ms /    26 tokens (   22.03 ms per token,    45.40 tokens per second)
llama_perf_context_print:        eval time =    1771.92 ms /    30 runs   (   59.06 ms per token,    16.93 tokens per second)
llama_perf_context_print:       total time =    2355.02 ms /    56 tokens
llama_perf_context_print:    graphs reused =         29
[Qwen3.6 35B A3B] 14. short query
Llama.generate: 990 prefix-match hit, remaining 26 prompt tokens to eval
llama_perf_context_print:        load time =   11355.75 ms
llama_perf_context_print: prompt eval time =     490.51 ms /    26 tokens (   18.87 ms per token,    53.01 tokens per second)
llama_perf_context_print:        eval time =    1868.87 ms /    32 runs   (   58.40 ms per token,    17.12 tokens per second)
llama_perf_context_print:       total time =    2370.22 ms /    58 tokens
llama_perf_context_print:    graphs reused =         30
[Qwen3.6 35B A3B] 15. short query
Llama.generate: 1048 prefix-match hit, remaining 24 prompt tokens to eval
llama_perf_context_print:        load time =   11355.75 ms
llama_perf_context_print: prompt eval time =     450.51 ms /    24 tokens (   18.77 ms per token,    53.27 tokens per second)
llama_perf_context_print:        eval time =    1622.23 ms /    28 runs   (   57.94 ms per token,    17.26 tokens per second)
llama_perf_context_print:       total time =    2082.43 ms /    52 tokens
llama_perf_context_print:    graphs reused =         27
[Qwen3.6 35B A3B] 0. long query
Llama.generate: 211 prefix-match hit, remaining 80 prompt tokens to eval
llama_perf_context_print:        load time =   11355.75 ms
llama_perf_context_print: prompt eval time =    1191.28 ms /    80 tokens (   14.89 ms per token,    67.15 tokens per second)
llama_perf_context_print:        eval time =    1340.51 ms /    24 runs   (   55.85 ms per token,    17.90 tokens per second)
llama_perf_context_print:       total time =    2539.99 ms /   104 tokens
llama_perf_context_print:    graphs reused =         23
[Qwen3.6 35B A3B] 1. long query
Llama.generate: 315 prefix-match hit, remaining 78 prompt tokens to eval
llama_perf_context_print:        load time =   11355.75 ms
llama_perf_context_print: prompt eval time =    1039.69 ms /    78 tokens (   13.33 ms per token,    75.02 tokens per second)
llama_perf_context_print:        eval time =    1205.44 ms /    21 runs   (   57.40 ms per token,    17.42 tokens per second)
llama_perf_context_print:       total time =    2251.37 ms /    99 tokens
llama_perf_context_print:    graphs reused =         20
[Qwen3.6 35B A3B] 2. long query
Llama.generate: 414 prefix-match hit, remaining 77 prompt tokens to eval
llama_perf_context_print:        load time =   11355.75 ms
llama_perf_context_print: prompt eval time =    1070.96 ms /    77 tokens (   13.91 ms per token,    71.90 tokens per second)
llama_perf_context_print:        eval time =    1285.23 ms /    22 runs   (   58.42 ms per token,    17.12 tokens per second)
llama_perf_context_print:       total time =    2363.90 ms /    99 tokens
llama_perf_context_print:    graphs reused =         20
[Qwen3.6 35B A3B] 3. long query
Llama.generate: 513 prefix-match hit, remaining 82 prompt tokens to eval
llama_perf_context_print:        load time =   11355.75 ms
llama_perf_context_print: prompt eval time =    1013.03 ms /    82 tokens (   12.35 ms per token,    80.95 tokens per second)
llama_perf_context_print:        eval time =    1414.44 ms /    24 runs   (   58.94 ms per token,    16.97 tokens per second)
llama_perf_context_print:       total time =    2435.43 ms /   106 tokens
llama_perf_context_print:    graphs reused =         23
[Qwen3.6 35B A3B] 4. long query
Llama.generate: 619 prefix-match hit, remaining 87 prompt tokens to eval
llama_perf_context_print:        load time =   11355.75 ms
llama_perf_context_print: prompt eval time =    1070.79 ms /    87 tokens (   12.31 ms per token,    81.25 tokens per second)
llama_perf_context_print:        eval time =    1197.62 ms /    21 runs   (   57.03 ms per token,    17.53 tokens per second)
llama_perf_context_print:       total time =    2275.46 ms /   108 tokens
llama_perf_context_print:    graphs reused =         20
[Qwen3.6 35B A3B] 5. long query
Llama.generate: 727 prefix-match hit, remaining 86 prompt tokens to eval
llama_perf_context_print:        load time =   11355.75 ms
llama_perf_context_print: prompt eval time =    1146.49 ms /    86 tokens (   13.33 ms per token,    75.01 tokens per second)
llama_perf_context_print:        eval time =    1145.72 ms /    20 runs   (   57.29 ms per token,    17.46 tokens per second)
llama_perf_context_print:       total time =    2299.06 ms /   106 tokens
llama_perf_context_print:    graphs reused =         19
[Qwen3.6 35B A3B] 6. long query
Llama.generate: 833 prefix-match hit, remaining 81 prompt tokens to eval
llama_perf_context_print:        load time =   11355.75 ms
llama_perf_context_print: prompt eval time =    1129.02 ms /    81 tokens (   13.94 ms per token,    71.74 tokens per second)
llama_perf_context_print:        eval time =    1174.31 ms /    20 runs   (   58.72 ms per token,    17.03 tokens per second)
llama_perf_context_print:       total time =    2310.30 ms /   101 tokens
llama_perf_context_print:    graphs reused =         19
[Qwen3.6 35B A3B] 7. long query
Llama.generate: 934 prefix-match hit, remaining 87 prompt tokens to eval
llama_perf_context_print:        load time =   11355.75 ms
llama_perf_context_print: prompt eval time =    1177.45 ms /    87 tokens (   13.53 ms per token,    73.89 tokens per second)
llama_perf_context_print:        eval time =    1148.53 ms /    20 runs   (   57.43 ms per token,    17.41 tokens per second)
llama_perf_context_print:       total time =    2332.88 ms /   107 tokens
llama_perf_context_print:    graphs reused =         18
[Qwen3.6 35B A3B] 8. long query
Llama.generate: 1041 prefix-match hit, remaining 83 prompt tokens to eval
llama_perf_context_print:        load time =   11355.75 ms
llama_perf_context_print: prompt eval time =     991.54 ms /    83 tokens (   11.95 ms per token,    83.71 tokens per second)
llama_perf_context_print:        eval time =    1316.03 ms /    23 runs   (   57.22 ms per token,    17.48 tokens per second)
llama_perf_context_print:       total time =    2315.51 ms /   106 tokens
llama_perf_context_print:    graphs reused =         22
[Qwen3.6 35B A3B] 9. long query
Llama.generate: 1147 prefix-match hit, remaining 84 prompt tokens to eval
llama_perf_context_print:        load time =   11355.75 ms
llama_perf_context_print: prompt eval time =    1004.54 ms /    84 tokens (   11.96 ms per token,    83.62 tokens per second)
llama_perf_context_print:        eval time =    1067.68 ms /    19 runs   (   56.19 ms per token,    17.80 tokens per second)
llama_perf_context_print:       total time =    2078.91 ms /   103 tokens
llama_perf_context_print:    graphs reused =         18
[Qwen3.6 35B A3B] 10. long query
Llama.generate: 1250 prefix-match hit, remaining 79 prompt tokens to eval
llama_perf_context_print:        load time =   11355.75 ms
llama_perf_context_print: prompt eval time =    1102.55 ms /    79 tokens (   13.96 ms per token,    71.65 tokens per second)
llama_perf_context_print:        eval time =    1090.46 ms /    19 runs   (   57.39 ms per token,    17.42 tokens per second)
llama_perf_context_print:       total time =    2199.65 ms /    98 tokens
llama_perf_context_print:    graphs reused =         18
[Qwen3.6 35B A3B] 11. long query
Llama.generate: 1348 prefix-match hit, remaining 83 prompt tokens to eval
llama_perf_context_print:        load time =   11355.75 ms
llama_perf_context_print: prompt eval time =    1023.16 ms /    83 tokens (   12.33 ms per token,    81.12 tokens per second)
llama_perf_context_print:        eval time =    1123.06 ms /    20 runs   (   56.15 ms per token,    17.81 tokens per second)
llama_perf_context_print:       total time =    2153.45 ms /   103 tokens
llama_perf_context_print:    graphs reused =         19
[Qwen3.6 35B A3B] 12. long query
Llama.generate: 1451 prefix-match hit, remaining 87 prompt tokens to eval
llama_perf_context_print:        load time =   11355.75 ms
llama_perf_context_print: prompt eval time =    1054.83 ms /    87 tokens (   12.12 ms per token,    82.48 tokens per second)
llama_perf_context_print:        eval time =    1220.51 ms /    21 runs   (   58.12 ms per token,    17.21 tokens per second)
llama_perf_context_print:       total time =    2282.80 ms /   108 tokens
llama_perf_context_print:    graphs reused =         20
[Qwen3.6 35B A3B] 13. long query
Llama.generate: 1559 prefix-match hit, remaining 84 prompt tokens to eval
llama_perf_context_print:        load time =   11355.75 ms
llama_perf_context_print: prompt eval time =    1059.20 ms /    84 tokens (   12.61 ms per token,    79.30 tokens per second)
llama_perf_context_print:        eval time =    1139.11 ms /    20 runs   (   56.96 ms per token,    17.56 tokens per second)
llama_perf_context_print:       total time =    2205.47 ms /   104 tokens
llama_perf_context_print:    graphs reused =         19
[Qwen3.6 35B A3B] 14. long query
Llama.generate: 1663 prefix-match hit, remaining 89 prompt tokens to eval
llama_perf_context_print:        load time =   11355.75 ms
llama_perf_context_print: prompt eval time =    1197.70 ms /    89 tokens (   13.46 ms per token,    74.31 tokens per second)
llama_perf_context_print:        eval time =    1186.94 ms /    21 runs   (   56.52 ms per token,    17.69 tokens per second)
llama_perf_context_print:       total time =    2392.13 ms /   110 tokens
llama_perf_context_print:    graphs reused =         20
[Qwen3.6 35B A3B] 15. long query
Llama.generate: 1773 prefix-match hit, remaining 90 prompt tokens to eval
llama_perf_context_print:        load time =   11355.75 ms
llama_perf_context_print: prompt eval time =    1040.12 ms /    90 tokens (   11.56 ms per token,    86.53 tokens per second)
llama_perf_context_print:        eval time =    1160.83 ms /    20 runs   (   58.04 ms per token,    17.23 tokens per second)
llama_perf_context_print:       total time =    2208.09 ms /   110 tokens
llama_perf_context_print:    graphs reused =         19
~llama_context:        CPU compute buffer size is 501.0196 MiB, matches expectation of 501.0196 MiB
--- nvidia Nemotron 3.5 30B A30B ---
[nvidia Nemotron 3.5 30B A30B] 0. short query
Llama.generate: 214 prefix-match hit, remaining 23 prompt tokens to eval
llama_perf_context_print:        load time =    3305.98 ms
llama_perf_context_print: prompt eval time =     262.68 ms /    23 tokens (   11.42 ms per token,    87.56 tokens per second)
llama_perf_context_print:        eval time =     873.84 ms /    17 runs   (   51.40 ms per token,    19.45 tokens per second)
llama_perf_context_print:       total time =    1140.22 ms /    40 tokens
llama_perf_context_print:    graphs reused =         16
[nvidia Nemotron 3.5 30B A30B] 1. short query
Llama.generate: 254 prefix-match hit, remaining 24 prompt tokens to eval
llama_perf_context_print:        load time =    3305.98 ms
llama_perf_context_print: prompt eval time =     302.97 ms /    24 tokens (   12.62 ms per token,    79.22 tokens per second)
llama_perf_context_print:        eval time =     840.69 ms /    16 runs   (   52.54 ms per token,    19.03 tokens per second)
llama_perf_context_print:       total time =    1147.09 ms /    40 tokens
llama_perf_context_print:    graphs reused =         15
[nvidia Nemotron 3.5 30B A30B] 2. short query
Llama.generate: 294 prefix-match hit, remaining 26 prompt tokens to eval
llama_perf_context_print:        load time =    3305.98 ms
llama_perf_context_print: prompt eval time =     284.22 ms /    26 tokens (   10.93 ms per token,    91.48 tokens per second)
llama_perf_context_print:        eval time =     875.23 ms /    17 runs   (   51.48 ms per token,    19.42 tokens per second)
llama_perf_context_print:       total time =    1162.99 ms /    43 tokens
llama_perf_context_print:    graphs reused =         16
[nvidia Nemotron 3.5 30B A30B] 3. short query
Llama.generate: 337 prefix-match hit, remaining 28 prompt tokens to eval
llama_perf_context_print:        load time =    3305.98 ms
llama_perf_context_print: prompt eval time =     303.45 ms /    28 tokens (   10.84 ms per token,    92.27 tokens per second)
llama_perf_context_print:        eval time =     771.46 ms /    15 runs   (   51.43 ms per token,    19.44 tokens per second)
llama_perf_context_print:       total time =    1078.06 ms /    43 tokens
llama_perf_context_print:    graphs reused =         14
[nvidia Nemotron 3.5 30B A30B] 4. short query
Llama.generate: 380 prefix-match hit, remaining 22 prompt tokens to eval
llama_perf_context_print:        load time =    3305.98 ms
llama_perf_context_print: prompt eval time =     266.49 ms /    22 tokens (   12.11 ms per token,    82.55 tokens per second)
llama_perf_context_print:        eval time =     875.37 ms /    17 runs   (   51.49 ms per token,    19.42 tokens per second)
llama_perf_context_print:       total time =    1145.56 ms /    39 tokens
llama_perf_context_print:    graphs reused =         16
[nvidia Nemotron 3.5 30B A30B] 5. short query
Llama.generate: 419 prefix-match hit, remaining 25 prompt tokens to eval
llama_perf_context_print:        load time =    3305.98 ms
llama_perf_context_print: prompt eval time =     280.86 ms /    25 tokens (   11.23 ms per token,    89.01 tokens per second)
llama_perf_context_print:        eval time =    1362.57 ms /    26 runs   (   52.41 ms per token,    19.08 tokens per second)
llama_perf_context_print:       total time =    1680.42 ms /    51 tokens
llama_perf_context_print:    graphs reused =         25
[nvidia Nemotron 3.5 30B A30B] 6. short query
Llama.generate: 470 prefix-match hit, remaining 27 prompt tokens to eval
llama_perf_context_print:        load time =    3305.98 ms
llama_perf_context_print: prompt eval time =     297.39 ms /    27 tokens (   11.01 ms per token,    90.79 tokens per second)
llama_perf_context_print:        eval time =     925.44 ms /    18 runs   (   51.41 ms per token,    19.45 tokens per second)
llama_perf_context_print:       total time =    1226.58 ms /    45 tokens
llama_perf_context_print:    graphs reused =         16
[nvidia Nemotron 3.5 30B A30B] 7. short query
Llama.generate: 515 prefix-match hit, remaining 23 prompt tokens to eval
llama_perf_context_print:        load time =    3305.98 ms
llama_perf_context_print: prompt eval time =     277.32 ms /    23 tokens (   12.06 ms per token,    82.94 tokens per second)
llama_perf_context_print:        eval time =    1444.87 ms /    28 runs   (   51.60 ms per token,    19.38 tokens per second)
llama_perf_context_print:       total time =    1727.96 ms /    51 tokens
llama_perf_context_print:    graphs reused =         27
[nvidia Nemotron 3.5 30B A30B] 8. short query
Llama.generate: 566 prefix-match hit, remaining 23 prompt tokens to eval
llama_perf_context_print:        load time =    3305.98 ms
llama_perf_context_print: prompt eval time =     308.46 ms /    23 tokens (   13.41 ms per token,    74.56 tokens per second)
llama_perf_context_print:        eval time =     987.23 ms /    19 runs   (   51.96 ms per token,    19.25 tokens per second)
llama_perf_context_print:       total time =    1299.77 ms /    42 tokens
llama_perf_context_print:    graphs reused =         18
[nvidia Nemotron 3.5 30B A30B] 9. short query
Llama.generate: 608 prefix-match hit, remaining 23 prompt tokens to eval
llama_perf_context_print:        load time =    3305.98 ms
llama_perf_context_print: prompt eval time =     270.33 ms /    23 tokens (   11.75 ms per token,    85.08 tokens per second)
llama_perf_context_print:        eval time =    1082.56 ms /    21 runs   (   51.55 ms per token,    19.40 tokens per second)
llama_perf_context_print:       total time =    1357.37 ms /    44 tokens
llama_perf_context_print:    graphs reused =         20
[nvidia Nemotron 3.5 30B A30B] 10. short query
Llama.generate: 652 prefix-match hit, remaining 28 prompt tokens to eval
llama_perf_context_print:        load time =    3305.98 ms
llama_perf_context_print: prompt eval time =     306.57 ms /    28 tokens (   10.95 ms per token,    91.33 tokens per second)
llama_perf_context_print:        eval time =     927.95 ms /    18 runs   (   51.55 ms per token,    19.40 tokens per second)
llama_perf_context_print:       total time =    1238.29 ms /    46 tokens
llama_perf_context_print:    graphs reused =         17
[nvidia Nemotron 3.5 30B A30B] 11. short query
Llama.generate: 698 prefix-match hit, remaining 23 prompt tokens to eval
llama_perf_context_print:        load time =    3305.98 ms
llama_perf_context_print: prompt eval time =     269.30 ms /    23 tokens (   11.71 ms per token,    85.41 tokens per second)
llama_perf_context_print:        eval time =    1135.70 ms /    22 runs   (   51.62 ms per token,    19.37 tokens per second)
llama_perf_context_print:       total time =    1409.55 ms /    45 tokens
llama_perf_context_print:    graphs reused =         21
[nvidia Nemotron 3.5 30B A30B] 12. short query
Llama.generate: 743 prefix-match hit, remaining 24 prompt tokens to eval
llama_perf_context_print:        load time =    3305.98 ms
llama_perf_context_print: prompt eval time =     302.45 ms /    24 tokens (   12.60 ms per token,    79.35 tokens per second)
llama_perf_context_print:        eval time =    2161.23 ms /    41 runs   (   52.71 ms per token,    18.97 tokens per second)
llama_perf_context_print:       total time =    2472.66 ms /    65 tokens
llama_perf_context_print:    graphs reused =         39
[nvidia Nemotron 3.5 30B A30B] 13. short query
Llama.generate: 808 prefix-match hit, remaining 25 prompt tokens to eval
llama_perf_context_print:        load time =    3305.98 ms
llama_perf_context_print: prompt eval time =     296.66 ms /    25 tokens (   11.87 ms per token,    84.27 tokens per second)
llama_perf_context_print:        eval time =    1190.51 ms /    23 runs   (   51.76 ms per token,    19.32 tokens per second)
llama_perf_context_print:       total time =    1492.13 ms /    48 tokens
llama_perf_context_print:    graphs reused =         22
[nvidia Nemotron 3.5 30B A30B] 14. short query
Llama.generate: 856 prefix-match hit, remaining 25 prompt tokens to eval
llama_perf_context_print:        load time =    3305.98 ms
llama_perf_context_print: prompt eval time =     302.57 ms /    25 tokens (   12.10 ms per token,    82.62 tokens per second)
llama_perf_context_print:        eval time =    1192.90 ms /    23 runs   (   51.87 ms per token,    19.28 tokens per second)
llama_perf_context_print:       total time =    1500.56 ms /    48 tokens
llama_perf_context_print:    graphs reused =         22
[nvidia Nemotron 3.5 30B A30B] 15. short query
Llama.generate: 904 prefix-match hit, remaining 23 prompt tokens to eval
llama_perf_context_print:        load time =    3305.98 ms
llama_perf_context_print: prompt eval time =     269.48 ms /    23 tokens (   11.72 ms per token,    85.35 tokens per second)
llama_perf_context_print:        eval time =    1537.60 ms /    29 runs   (   53.02 ms per token,    18.86 tokens per second)
llama_perf_context_print:       total time =    1813.44 ms /    52 tokens
llama_perf_context_print:    graphs reused =         28
[nvidia Nemotron 3.5 30B A30B] 0. long query
Llama.generate: 214 prefix-match hit, remaining 80 prompt tokens to eval
llama_perf_context_print:        load time =    3305.98 ms
llama_perf_context_print: prompt eval time =     775.43 ms /    80 tokens (    9.69 ms per token,   103.17 tokens per second)
llama_perf_context_print:        eval time =    3255.45 ms /    63 runs   (   51.67 ms per token,    19.35 tokens per second)
llama_perf_context_print:       total time =    4045.02 ms /   143 tokens
llama_perf_context_print:    graphs reused =         62
[nvidia Nemotron 3.5 30B A30B] 1. long query
Llama.generate: 357 prefix-match hit, remaining 79 prompt tokens to eval
llama_perf_context_print:        load time =    3305.98 ms
llama_perf_context_print: prompt eval time =     733.09 ms /    79 tokens (    9.28 ms per token,   107.76 tokens per second)
llama_perf_context_print:        eval time =    3248.02 ms /    63 runs   (   51.56 ms per token,    19.40 tokens per second)
llama_perf_context_print:       total time =    3995.26 ms /   142 tokens
llama_perf_context_print:    graphs reused =         62
[nvidia Nemotron 3.5 30B A30B] 2. long query
Llama.generate: 499 prefix-match hit, remaining 79 prompt tokens to eval
llama_perf_context_print:        load time =    3305.98 ms
llama_perf_context_print: prompt eval time =     772.47 ms /    79 tokens (    9.78 ms per token,   102.27 tokens per second)
llama_perf_context_print:        eval time =    3254.33 ms /    63 runs   (   51.66 ms per token,    19.36 tokens per second)
llama_perf_context_print:       total time =    4040.70 ms /   142 tokens
llama_perf_context_print:    graphs reused =         62
[nvidia Nemotron 3.5 30B A30B] 3. long query
Llama.generate: 641 prefix-match hit, remaining 84 prompt tokens to eval
llama_perf_context_print:        load time =    3305.98 ms
llama_perf_context_print: prompt eval time =     811.48 ms /    84 tokens (    9.66 ms per token,   103.51 tokens per second)
llama_perf_context_print:        eval time =    3271.39 ms /    63 runs   (   51.93 ms per token,    19.26 tokens per second)
llama_perf_context_print:       total time =    4096.54 ms /   147 tokens
llama_perf_context_print:    graphs reused =         61
[nvidia Nemotron 3.5 30B A30B] 4. long query
Llama.generate: 788 prefix-match hit, remaining 88 prompt tokens to eval
llama_perf_context_print:        load time =    3305.98 ms
llama_perf_context_print: prompt eval time =     822.46 ms /    88 tokens (    9.35 ms per token,   107.00 tokens per second)
llama_perf_context_print:        eval time =    3279.98 ms /    63 runs   (   52.06 ms per token,    19.21 tokens per second)
llama_perf_context_print:       total time =    4116.38 ms /   151 tokens
llama_perf_context_print:    graphs reused =         62
[nvidia Nemotron 3.5 30B A30B] 5. long query
Llama.generate: 939 prefix-match hit, remaining 93 prompt tokens to eval
llama_perf_context_print:        load time =    3305.98 ms
llama_perf_context_print: prompt eval time =     884.91 ms /    93 tokens (    9.52 ms per token,   105.10 tokens per second)
llama_perf_context_print:        eval time =    3283.24 ms /    63 runs   (   52.11 ms per token,    19.19 tokens per second)
llama_perf_context_print:       total time =    4182.63 ms /   156 tokens
llama_perf_context_print:    graphs reused =         62
[nvidia Nemotron 3.5 30B A30B] 6. long query
Llama.generate: 1095 prefix-match hit, remaining 86 prompt tokens to eval
llama_perf_context_print:        load time =    3305.98 ms
llama_perf_context_print: prompt eval time =     819.24 ms /    86 tokens (    9.53 ms per token,   104.98 tokens per second)
llama_perf_context_print:        eval time =    3276.86 ms /    63 runs   (   52.01 ms per token,    19.23 tokens per second)
llama_perf_context_print:       total time =    4110.33 ms /   149 tokens
llama_perf_context_print:    graphs reused =         62
[nvidia Nemotron 3.5 30B A30B] 7. long query
Llama.generate: 1244 prefix-match hit, remaining 87 prompt tokens to eval
llama_perf_context_print:        load time =    3305.98 ms
llama_perf_context_print: prompt eval time =     817.40 ms /    87 tokens (    9.40 ms per token,   106.43 tokens per second)
llama_perf_context_print:        eval time =    3295.69 ms /    63 runs   (   52.31 ms per token,    19.12 tokens per second)
llama_perf_context_print:       total time =    4127.35 ms /   150 tokens
llama_perf_context_print:    graphs reused =         62
[nvidia Nemotron 3.5 30B A30B] 8. long query
Llama.generate: 1394 prefix-match hit, remaining 84 prompt tokens to eval
llama_perf_context_print:        load time =    3305.98 ms
llama_perf_context_print: prompt eval time =     824.44 ms /    84 tokens (    9.81 ms per token,   101.89 tokens per second)
llama_perf_context_print:        eval time =    3299.53 ms /    63 runs   (   52.37 ms per token,    19.09 tokens per second)
llama_perf_context_print:       total time =    4138.07 ms /   147 tokens
llama_perf_context_print:    graphs reused =         61
[nvidia Nemotron 3.5 30B A30B] 9. long query
Llama.generate: 1541 prefix-match hit, remaining 87 prompt tokens to eval
llama_perf_context_print:        load time =    3305.98 ms
llama_perf_context_print: prompt eval time =     856.36 ms /    87 tokens (    9.84 ms per token,   101.59 tokens per second)
llama_perf_context_print:        eval time =    3313.88 ms /    63 runs   (   52.60 ms per token,    19.01 tokens per second)
llama_perf_context_print:       total time =    4184.56 ms /   150 tokens
llama_perf_context_print:    graphs reused =         62
[nvidia Nemotron 3.5 30B A30B] 10. long query
Llama.generate: 1691 prefix-match hit, remaining 80 prompt tokens to eval
llama_perf_context_print:        load time =    3305.98 ms
llama_perf_context_print: prompt eval time =     770.00 ms /    80 tokens (    9.63 ms per token,   103.90 tokens per second)
llama_perf_context_print:        eval time =    3321.76 ms /    63 runs   (   52.73 ms per token,    18.97 tokens per second)
llama_perf_context_print:       total time =    4106.02 ms /   143 tokens
llama_perf_context_print:    graphs reused =         61
[nvidia Nemotron 3.5 30B A30B] 11. long query
Llama.generate: 1834 prefix-match hit, remaining 85 prompt tokens to eval
llama_perf_context_print:        load time =    3305.98 ms
llama_perf_context_print: prompt eval time =     818.70 ms /    85 tokens (    9.63 ms per token,   103.82 tokens per second)
llama_perf_context_print:        eval time =    3330.58 ms /    63 runs   (   52.87 ms per token,    18.92 tokens per second)
llama_perf_context_print:       total time =    4163.80 ms /   148 tokens
llama_perf_context_print:    graphs reused =         62
[nvidia Nemotron 3.5 30B A30B] 12. long query
Llama.generate: 1982 prefix-match hit, remaining 90 prompt tokens to eval
llama_perf_context_print:        load time =    3305.98 ms
llama_perf_context_print: prompt eval time =     853.86 ms /    90 tokens (    9.49 ms per token,   105.40 tokens per second)
llama_perf_context_print:        eval time =    3338.65 ms /    63 runs   (   52.99 ms per token,    18.87 tokens per second)
llama_perf_context_print:       total time =    4207.11 ms /   153 tokens
llama_perf_context_print:    graphs reused =         62
[nvidia Nemotron 3.5 30B A30B] 13. long query
Llama.generate: 2135 prefix-match hit, remaining 84 prompt tokens to eval
llama_perf_context_print:        load time =    3305.98 ms
llama_perf_context_print: prompt eval time =     801.47 ms /    84 tokens (    9.54 ms per token,   104.81 tokens per second)
llama_perf_context_print:        eval time =    3341.91 ms /    63 runs   (   53.05 ms per token,    18.85 tokens per second)
llama_perf_context_print:       total time =    4157.93 ms /   147 tokens
llama_perf_context_print:    graphs reused =         62
[nvidia Nemotron 3.5 30B A30B] 14. long query
Llama.generate: 2282 prefix-match hit, remaining 89 prompt tokens to eval
llama_perf_context_print:        load time =    3305.98 ms
llama_perf_context_print: prompt eval time =     901.68 ms /    89 tokens (   10.13 ms per token,    98.70 tokens per second)
llama_perf_context_print:        eval time =    3347.70 ms /    63 runs   (   53.14 ms per token,    18.82 tokens per second)
llama_perf_context_print:       total time =    4263.98 ms /   152 tokens
llama_perf_context_print:    graphs reused =         62
[nvidia Nemotron 3.5 30B A30B] 15. long query
Llama.generate: 2434 prefix-match hit, remaining 91 prompt tokens to eval
llama_perf_context_print:        load time =    3305.98 ms
llama_perf_context_print: prompt eval time =     889.60 ms /    91 tokens (    9.78 ms per token,   102.29 tokens per second)
llama_perf_context_print:        eval time =    3354.00 ms /    63 runs   (   53.24 ms per token,    18.78 tokens per second)
llama_perf_context_print:       total time =    4258.36 ms /   154 tokens
llama_perf_context_print:    graphs reused =         61
~llama_context:        CPU compute buffer size is 281.0117 MiB, matches expectation of 281.0117 MiB
--- GLM 4.7 Flash A3B ---
[GLM 4.7 Flash A3B] 0. short query
Llama.generate: 197 prefix-match hit, remaining 21 prompt tokens to eval
llama_perf_context_print:        load time =    3971.60 ms
llama_perf_context_print: prompt eval time =     380.60 ms /    21 tokens (   18.12 ms per token,    55.18 tokens per second)
llama_perf_context_print:        eval time =     770.28 ms /    16 runs   (   48.14 ms per token,    20.77 tokens per second)
llama_perf_context_print:       total time =    1155.60 ms /    37 tokens
llama_perf_context_print:    graphs reused =         15
[GLM 4.7 Flash A3B] 1. short query
Llama.generate: 233 prefix-match hit, remaining 20 prompt tokens to eval
llama_perf_context_print:        load time =    3971.60 ms
llama_perf_context_print: prompt eval time =     326.42 ms /    20 tokens (   16.32 ms per token,    61.27 tokens per second)
llama_perf_context_print:        eval time =     975.32 ms /    19 runs   (   51.33 ms per token,    19.48 tokens per second)
llama_perf_context_print:       total time =    1307.01 ms /    39 tokens
llama_perf_context_print:    graphs reused =         17
[GLM 4.7 Flash A3B] 2. short query
Llama.generate: 271 prefix-match hit, remaining 21 prompt tokens to eval
llama_perf_context_print:        load time =    3971.60 ms
llama_perf_context_print: prompt eval time =     355.99 ms /    21 tokens (   16.95 ms per token,    58.99 tokens per second)
llama_perf_context_print:        eval time =     716.85 ms /    14 runs   (   51.20 ms per token,    19.53 tokens per second)
llama_perf_context_print:       total time =    1076.73 ms /    35 tokens
llama_perf_context_print:    graphs reused =         13
[GLM 4.7 Flash A3B] 3. short query
Llama.generate: 305 prefix-match hit, remaining 22 prompt tokens to eval
llama_perf_context_print:        load time =    3971.60 ms
llama_perf_context_print: prompt eval time =     367.78 ms /    22 tokens (   16.72 ms per token,    59.82 tokens per second)
llama_perf_context_print:        eval time =     764.42 ms /    15 runs   (   50.96 ms per token,    19.62 tokens per second)
llama_perf_context_print:       total time =    1136.16 ms /    37 tokens
llama_perf_context_print:    graphs reused =         14
[GLM 4.7 Flash A3B] 4. short query
Llama.generate: 341 prefix-match hit, remaining 18 prompt tokens to eval
llama_perf_context_print:        load time =    3971.60 ms
llama_perf_context_print: prompt eval time =     290.74 ms /    18 tokens (   16.15 ms per token,    61.91 tokens per second)
llama_perf_context_print:        eval time =     641.94 ms /    13 runs   (   49.38 ms per token,    20.25 tokens per second)
llama_perf_context_print:       total time =     935.79 ms /    31 tokens
llama_perf_context_print:    graphs reused =         12
[GLM 4.7 Flash A3B] 5. short query
Llama.generate: 371 prefix-match hit, remaining 21 prompt tokens to eval
llama_perf_context_print:        load time =    3971.60 ms
llama_perf_context_print: prompt eval time =     331.41 ms /    21 tokens (   15.78 ms per token,    63.36 tokens per second)
llama_perf_context_print:        eval time =     708.70 ms /    14 runs   (   50.62 ms per token,    19.75 tokens per second)
llama_perf_context_print:       total time =    1043.76 ms /    35 tokens
llama_perf_context_print:    graphs reused =         13
[GLM 4.7 Flash A3B] 6. short query
Llama.generate: 405 prefix-match hit, remaining 23 prompt tokens to eval
llama_perf_context_print:        load time =    3971.60 ms
llama_perf_context_print: prompt eval time =     388.89 ms /    23 tokens (   16.91 ms per token,    59.14 tokens per second)
llama_perf_context_print:        eval time =     746.89 ms /    15 runs   (   49.79 ms per token,    20.08 tokens per second)
llama_perf_context_print:       total time =    1139.46 ms /    38 tokens
llama_perf_context_print:    graphs reused =         14
[GLM 4.7 Flash A3B] 7. short query
Llama.generate: 442 prefix-match hit, remaining 18 prompt tokens to eval
llama_perf_context_print:        load time =    3971.60 ms
llama_perf_context_print: prompt eval time =     331.91 ms /    18 tokens (   18.44 ms per token,    54.23 tokens per second)
llama_perf_context_print:        eval time =     939.44 ms /    19 runs   (   49.44 ms per token,    20.22 tokens per second)
llama_perf_context_print:       total time =    1275.92 ms /    37 tokens
llama_perf_context_print:    graphs reused =         18
[GLM 4.7 Flash A3B] 8. short query
Llama.generate: 478 prefix-match hit, remaining 19 prompt tokens to eval
llama_perf_context_print:        load time =    3971.60 ms
llama_perf_context_print: prompt eval time =     331.75 ms /    19 tokens (   17.46 ms per token,    57.27 tokens per second)
llama_perf_context_print:        eval time =     740.55 ms /    15 runs   (   49.37 ms per token,    20.26 tokens per second)
llama_perf_context_print:       total time =    1075.99 ms /    34 tokens
llama_perf_context_print:    graphs reused =         14
[GLM 4.7 Flash A3B] 9. short query
Llama.generate: 511 prefix-match hit, remaining 19 prompt tokens to eval
llama_perf_context_print:        load time =    3971.60 ms
llama_perf_context_print: prompt eval time =     344.92 ms /    19 tokens (   18.15 ms per token,    55.08 tokens per second)
llama_perf_context_print:        eval time =     732.12 ms /    14 runs   (   52.29 ms per token,    19.12 tokens per second)
llama_perf_context_print:       total time =    1080.73 ms /    33 tokens
llama_perf_context_print:    graphs reused =         13
[GLM 4.7 Flash A3B] 10. short query
Llama.generate: 543 prefix-match hit, remaining 24 prompt tokens to eval
llama_perf_context_print:        load time =    3971.60 ms
llama_perf_context_print: prompt eval time =     420.30 ms /    24 tokens (   17.51 ms per token,    57.10 tokens per second)
llama_perf_context_print:        eval time =     473.88 ms /     9 runs   (   52.65 ms per token,    18.99 tokens per second)
llama_perf_context_print:       total time =     896.77 ms /    33 tokens
llama_perf_context_print:    graphs reused =          8
[GLM 4.7 Flash A3B] 11. short query
Llama.generate: 575 prefix-match hit, remaining 19 prompt tokens to eval
llama_perf_context_print:        load time =    3971.60 ms
llama_perf_context_print: prompt eval time =     338.12 ms /    19 tokens (   17.80 ms per token,    56.19 tokens per second)
llama_perf_context_print:        eval time =     631.56 ms /    12 runs   (   52.63 ms per token,    19.00 tokens per second)
llama_perf_context_print:       total time =     972.97 ms /    31 tokens
llama_perf_context_print:    graphs reused =         11
[GLM 4.7 Flash A3B] 12. short query
Llama.generate: 605 prefix-match hit, remaining 20 prompt tokens to eval
llama_perf_context_print:        load time =    3971.60 ms
llama_perf_context_print: prompt eval time =     362.24 ms /    20 tokens (   18.11 ms per token,    55.21 tokens per second)
llama_perf_context_print:        eval time =     728.17 ms /    14 runs   (   52.01 ms per token,    19.23 tokens per second)
llama_perf_context_print:       total time =    1094.17 ms /    34 tokens
llama_perf_context_print:    graphs reused =         13
[GLM 4.7 Flash A3B] 13. short query
Llama.generate: 638 prefix-match hit, remaining 21 prompt tokens to eval
llama_perf_context_print:        load time =    3971.60 ms
llama_perf_context_print: prompt eval time =     380.82 ms /    21 tokens (   18.13 ms per token,    55.14 tokens per second)
llama_perf_context_print:        eval time =     784.44 ms /    15 runs   (   52.30 ms per token,    19.12 tokens per second)
llama_perf_context_print:       total time =    1169.12 ms /    36 tokens
llama_perf_context_print:    graphs reused =         14
[GLM 4.7 Flash A3B] 14. short query
Llama.generate: 673 prefix-match hit, remaining 21 prompt tokens to eval
llama_perf_context_print:        load time =    3971.60 ms
llama_perf_context_print: prompt eval time =     380.11 ms /    21 tokens (   18.10 ms per token,    55.25 tokens per second)
llama_perf_context_print:        eval time =     675.29 ms /    13 runs   (   51.95 ms per token,    19.25 tokens per second)
llama_perf_context_print:       total time =    1058.76 ms /    34 tokens
llama_perf_context_print:    graphs reused =         12
[GLM 4.7 Flash A3B] 15. short query
Llama.generate: 706 prefix-match hit, remaining 19 prompt tokens to eval
llama_perf_context_print:        load time =    3971.60 ms
llama_perf_context_print: prompt eval time =     356.84 ms /    19 tokens (   18.78 ms per token,    53.24 tokens per second)
llama_perf_context_print:        eval time =     832.56 ms /    16 runs   (   52.04 ms per token,    19.22 tokens per second)
llama_perf_context_print:       total time =    1193.43 ms /    35 tokens
llama_perf_context_print:    graphs reused =         15
[GLM 4.7 Flash A3B] 0. long query
Llama.generate: 197 prefix-match hit, remaining 77 prompt tokens to eval
llama_perf_context_print:        load time =    3971.60 ms
llama_perf_context_print: prompt eval time =    1003.66 ms /    77 tokens (   13.03 ms per token,    76.72 tokens per second)
llama_perf_context_print:        eval time =     990.89 ms /    20 runs   (   49.54 ms per token,    20.18 tokens per second)
llama_perf_context_print:       total time =    1999.32 ms /    97 tokens
llama_perf_context_print:    graphs reused =         19
[GLM 4.7 Flash A3B] 1. long query
Llama.generate: 293 prefix-match hit, remaining 73 prompt tokens to eval
llama_perf_context_print:        load time =    3971.60 ms
llama_perf_context_print: prompt eval time =     967.07 ms /    73 tokens (   13.25 ms per token,    75.49 tokens per second)
llama_perf_context_print:        eval time =    1084.33 ms /    22 runs   (   49.29 ms per token,    20.29 tokens per second)
llama_perf_context_print:       total time =    2056.55 ms /    95 tokens
llama_perf_context_print:    graphs reused =         21
[GLM 4.7 Flash A3B] 2. long query
Llama.generate: 387 prefix-match hit, remaining 72 prompt tokens to eval
llama_perf_context_print:        load time =    3971.60 ms
llama_perf_context_print: prompt eval time =    1076.37 ms /    72 tokens (   14.95 ms per token,    66.89 tokens per second)
llama_perf_context_print:        eval time =     790.55 ms /    16 runs   (   49.41 ms per token,    20.24 tokens per second)
llama_perf_context_print:       total time =    1871.07 ms /    88 tokens
llama_perf_context_print:    graphs reused =         15
[GLM 4.7 Flash A3B] 3. long query
Llama.generate: 474 prefix-match hit, remaining 77 prompt tokens to eval
llama_perf_context_print:        load time =    3971.60 ms
llama_perf_context_print: prompt eval time =    1097.38 ms /    77 tokens (   14.25 ms per token,    70.17 tokens per second)
llama_perf_context_print:        eval time =     675.07 ms /    13 runs   (   51.93 ms per token,    19.26 tokens per second)
llama_perf_context_print:       total time =    1775.95 ms /    90 tokens
llama_perf_context_print:    graphs reused =         12
[GLM 4.7 Flash A3B] 4. long query
Llama.generate: 563 prefix-match hit, remaining 82 prompt tokens to eval
llama_perf_context_print:        load time =    3971.60 ms
llama_perf_context_print: prompt eval time =    1247.30 ms /    82 tokens (   15.21 ms per token,    65.74 tokens per second)
llama_perf_context_print:        eval time =    1037.05 ms /    20 runs   (   51.85 ms per token,    19.29 tokens per second)
llama_perf_context_print:       total time =    2289.40 ms /   102 tokens
llama_perf_context_print:    graphs reused =         19
[GLM 4.7 Flash A3B] 5. long query
Llama.generate: 664 prefix-match hit, remaining 81 prompt tokens to eval
llama_perf_context_print:        load time =    3971.60 ms
llama_perf_context_print: prompt eval time =    1303.46 ms /    81 tokens (   16.09 ms per token,    62.14 tokens per second)
llama_perf_context_print:        eval time =     831.58 ms /    16 runs   (   51.97 ms per token,    19.24 tokens per second)
llama_perf_context_print:       total time =    2138.94 ms /    97 tokens
llama_perf_context_print:    graphs reused =         15
[GLM 4.7 Flash A3B] 6. long query
Llama.generate: 760 prefix-match hit, remaining 76 prompt tokens to eval
llama_perf_context_print:        load time =    3971.60 ms
llama_perf_context_print: prompt eval time =    1302.51 ms /    76 tokens (   17.14 ms per token,    58.35 tokens per second)
llama_perf_context_print:        eval time =     979.63 ms /    18 runs   (   54.42 ms per token,    18.37 tokens per second)
llama_perf_context_print:       total time =    2286.73 ms /    94 tokens
llama_perf_context_print:    graphs reused =         17
[GLM 4.7 Flash A3B] 7. long query
Llama.generate: 853 prefix-match hit, remaining 82 prompt tokens to eval
llama_perf_context_print:        load time =    3971.60 ms
llama_perf_context_print: prompt eval time =    1403.15 ms /    82 tokens (   17.11 ms per token,    58.44 tokens per second)
llama_perf_context_print:        eval time =    1199.23 ms /    22 runs   (   54.51 ms per token,    18.35 tokens per second)
llama_perf_context_print:       total time =    2607.85 ms /   104 tokens
llama_perf_context_print:    graphs reused =         21
[GLM 4.7 Flash A3B] 8. long query
Llama.generate: 956 prefix-match hit, remaining 78 prompt tokens to eval
llama_perf_context_print:        load time =    3971.60 ms
llama_perf_context_print: prompt eval time =    1436.44 ms /    78 tokens (   18.42 ms per token,    54.30 tokens per second)
llama_perf_context_print:        eval time =     798.69 ms /    14 runs   (   57.05 ms per token,    17.53 tokens per second)
llama_perf_context_print:       total time =    2238.97 ms /    92 tokens
llama_perf_context_print:    graphs reused =         13
[GLM 4.7 Flash A3B] 9. long query
Llama.generate: 1047 prefix-match hit, remaining 79 prompt tokens to eval
llama_perf_context_print:        load time =    3971.60 ms
llama_perf_context_print: prompt eval time =    1533.39 ms /    79 tokens (   19.41 ms per token,    51.52 tokens per second)
llama_perf_context_print:        eval time =     969.16 ms /    17 runs   (   57.01 ms per token,    17.54 tokens per second)
llama_perf_context_print:       total time =    2506.97 ms /    96 tokens
llama_perf_context_print:    graphs reused =         16
[GLM 4.7 Flash A3B] 10. long query
Llama.generate: 1142 prefix-match hit, remaining 74 prompt tokens to eval
llama_perf_context_print:        load time =    3971.60 ms
llama_perf_context_print: prompt eval time =    1538.29 ms /    74 tokens (   20.79 ms per token,    48.11 tokens per second)
llama_perf_context_print:        eval time =     914.57 ms /    16 runs   (   57.16 ms per token,    17.49 tokens per second)
llama_perf_context_print:       total time =    2456.91 ms /    90 tokens
llama_perf_context_print:    graphs reused =         15
[GLM 4.7 Flash A3B] 11. long query
Llama.generate: 1231 prefix-match hit, remaining 78 prompt tokens to eval
llama_perf_context_print:        load time =    3971.60 ms
llama_perf_context_print: prompt eval time =    1609.18 ms /    78 tokens (   20.63 ms per token,    48.47 tokens per second)
llama_perf_context_print:        eval time =     775.08 ms /    13 runs   (   59.62 ms per token,    16.77 tokens per second)
llama_perf_context_print:       total time =    2387.76 ms /    91 tokens
llama_perf_context_print:    graphs reused =         12
[GLM 4.7 Flash A3B] 12. long query
Llama.generate: 1321 prefix-match hit, remaining 82 prompt tokens to eval
llama_perf_context_print:        load time =    3971.60 ms
llama_perf_context_print: prompt eval time =    1696.89 ms /    82 tokens (   20.69 ms per token,    48.32 tokens per second)
llama_perf_context_print:        eval time =    1073.09 ms /    18 runs   (   59.62 ms per token,    16.77 tokens per second)
llama_perf_context_print:       total time =    2774.58 ms /   100 tokens
llama_perf_context_print:    graphs reused =         17
[GLM 4.7 Flash A3B] 13. long query
Llama.generate: 1420 prefix-match hit, remaining 79 prompt tokens to eval
llama_perf_context_print:        load time =    3971.60 ms
llama_perf_context_print: prompt eval time =    1807.35 ms /    79 tokens (   22.88 ms per token,    43.71 tokens per second)
llama_perf_context_print:        eval time =    1014.83 ms /    17 runs   (   59.70 ms per token,    16.75 tokens per second)
llama_perf_context_print:       total time =    2826.26 ms /    96 tokens
llama_perf_context_print:    graphs reused =         16
[GLM 4.7 Flash A3B] 14. long query
Llama.generate: 1515 prefix-match hit, remaining 84 prompt tokens to eval
llama_perf_context_print:        load time =    3971.60 ms
llama_perf_context_print: prompt eval time =    1800.95 ms /    84 tokens (   21.44 ms per token,    46.64 tokens per second)
llama_perf_context_print:        eval time =     933.96 ms /    15 runs   (   62.26 ms per token,    16.06 tokens per second)
llama_perf_context_print:       total time =    2739.06 ms /    99 tokens
llama_perf_context_print:    graphs reused =         14
[GLM 4.7 Flash A3B] 15. long query
Llama.generate: 1613 prefix-match hit, remaining 85 prompt tokens to eval
llama_perf_context_print:        load time =    3971.60 ms
llama_perf_context_print: prompt eval time =    1930.18 ms /    85 tokens (   22.71 ms per token,    44.04 tokens per second)
llama_perf_context_print:        eval time =    1246.87 ms /    20 runs   (   62.34 ms per token,    16.04 tokens per second)
llama_perf_context_print:       total time =    3182.29 ms /   105 tokens
llama_perf_context_print:    graphs reused =         19
~llama_context:        CPU compute buffer size is 334.8770 MiB, matches expectation of 334.8770 MiB
--- Gemma 4 26B A4B ---
[Gemma 4 26B A4B] 0. short query
Llama.generate: 221 prefix-match hit, remaining 23 prompt tokens to eval
llama_perf_context_print:        load time =    5858.02 ms
llama_perf_context_print: prompt eval time =     359.21 ms /    23 tokens (   15.62 ms per token,    64.03 tokens per second)
llama_perf_context_print:        eval time =    1317.15 ms /    20 runs   (   65.86 ms per token,    15.18 tokens per second)
llama_perf_context_print:       total time =    1687.76 ms /    43 tokens
llama_perf_context_print:    graphs reused =         18
[Gemma 4 26B A4B] 1. short query
Llama.generate: 264 prefix-match hit, remaining 25 prompt tokens to eval
llama_perf_context_print:        load time =    5858.02 ms
llama_perf_context_print: prompt eval time =     431.01 ms /    25 tokens (   17.24 ms per token,    58.00 tokens per second)
llama_perf_context_print:        eval time =    1323.55 ms /    20 runs   (   66.18 ms per token,    15.11 tokens per second)
llama_perf_context_print:       total time =    1765.95 ms /    45 tokens
llama_perf_context_print:    graphs reused =         19
[Gemma 4 26B A4B] 2. short query
Llama.generate: 309 prefix-match hit, remaining 26 prompt tokens to eval
llama_perf_context_print:        load time =    5858.02 ms
llama_perf_context_print: prompt eval time =     370.80 ms /    26 tokens (   14.26 ms per token,    70.12 tokens per second)
llama_perf_context_print:        eval time =    1193.41 ms /    18 runs   (   66.30 ms per token,    15.08 tokens per second)
llama_perf_context_print:       total time =    1574.72 ms /    44 tokens
llama_perf_context_print:    graphs reused =         17
[Gemma 4 26B A4B] 3. short query
Llama.generate: 353 prefix-match hit, remaining 27 prompt tokens to eval
llama_perf_context_print:        load time =    5858.02 ms
llama_perf_context_print: prompt eval time =     390.05 ms /    27 tokens (   14.45 ms per token,    69.22 tokens per second)
llama_perf_context_print:        eval time =     991.53 ms /    15 runs   (   66.10 ms per token,    15.13 tokens per second)
llama_perf_context_print:       total time =    1391.21 ms /    42 tokens
llama_perf_context_print:    graphs reused =         14
[Gemma 4 26B A4B] 4. short query
Llama.generate: 395 prefix-match hit, remaining 23 prompt tokens to eval
llama_perf_context_print:        load time =    5858.02 ms
llama_perf_context_print: prompt eval time =     335.92 ms /    23 tokens (   14.61 ms per token,    68.47 tokens per second)
llama_perf_context_print:        eval time =     728.27 ms /    11 runs   (   66.21 ms per token,    15.10 tokens per second)
llama_perf_context_print:       total time =    1072.86 ms /    34 tokens
llama_perf_context_print:    graphs reused =         10
[Gemma 4 26B A4B] 5. short query
Llama.generate: 429 prefix-match hit, remaining 26 prompt tokens to eval
llama_perf_context_print:        load time =    5858.02 ms
llama_perf_context_print: prompt eval time =     382.33 ms /    26 tokens (   14.71 ms per token,    68.00 tokens per second)
llama_perf_context_print:        eval time =     927.96 ms /    14 runs   (   66.28 ms per token,    15.09 tokens per second)
llama_perf_context_print:       total time =    1319.71 ms /    40 tokens
llama_perf_context_print:    graphs reused =         13
[Gemma 4 26B A4B] 6. short query
Llama.generate: 469 prefix-match hit, remaining 27 prompt tokens to eval
llama_perf_context_print:        load time =    5858.02 ms
llama_perf_context_print: prompt eval time =     396.68 ms /    27 tokens (   14.69 ms per token,    68.07 tokens per second)
llama_perf_context_print:        eval time =     996.64 ms /    15 runs   (   66.44 ms per token,    15.05 tokens per second)
llama_perf_context_print:       total time =    1402.95 ms /    42 tokens
llama_perf_context_print:    graphs reused =         14
[Gemma 4 26B A4B] 7. short query
Llama.generate: 511 prefix-match hit, remaining 23 prompt tokens to eval
llama_perf_context_print:        load time =    5858.02 ms
llama_perf_context_print: prompt eval time =     347.73 ms /    23 tokens (   15.12 ms per token,    66.14 tokens per second)
llama_perf_context_print:        eval time =    1079.35 ms /    16 runs   (   67.46 ms per token,    14.82 tokens per second)
llama_perf_context_print:       total time =    1437.16 ms /    39 tokens
llama_perf_context_print:    graphs reused =         15
[Gemma 4 26B A4B] 8. short query
Llama.generate: 550 prefix-match hit, remaining 24 prompt tokens to eval
llama_perf_context_print:        load time =    5858.02 ms
llama_perf_context_print: prompt eval time =     359.90 ms /    24 tokens (   15.00 ms per token,    66.69 tokens per second)
llama_perf_context_print:        eval time =    1077.54 ms /    16 runs   (   67.35 ms per token,    14.85 tokens per second)
llama_perf_context_print:       total time =    1447.45 ms /    40 tokens
llama_perf_context_print:    graphs reused =         15
[Gemma 4 26B A4B] 9. short query
Llama.generate: 590 prefix-match hit, remaining 24 prompt tokens to eval
llama_perf_context_print:        load time =    5858.02 ms
llama_perf_context_print: prompt eval time =     367.65 ms /    24 tokens (   15.32 ms per token,    65.28 tokens per second)
llama_perf_context_print:        eval time =     945.58 ms /    14 runs   (   67.54 ms per token,    14.81 tokens per second)
llama_perf_context_print:       total time =    1322.99 ms /    38 tokens
llama_perf_context_print:    graphs reused =         13
[Gemma 4 26B A4B] 10. short query
Llama.generate: 628 prefix-match hit, remaining 29 prompt tokens to eval
llama_perf_context_print:        load time =    5858.02 ms
llama_perf_context_print: prompt eval time =     438.50 ms /    29 tokens (   15.12 ms per token,    66.13 tokens per second)
llama_perf_context_print:        eval time =    1153.02 ms /    17 runs   (   67.82 ms per token,    14.74 tokens per second)
llama_perf_context_print:       total time =    1602.07 ms /    46 tokens
llama_perf_context_print:    graphs reused =         16
[Gemma 4 26B A4B] 11. short query
Llama.generate: 674 prefix-match hit, remaining 24 prompt tokens to eval
llama_perf_context_print:        load time =    5858.02 ms
llama_perf_context_print: prompt eval time =     367.19 ms /    24 tokens (   15.30 ms per token,    65.36 tokens per second)
llama_perf_context_print:        eval time =    1021.47 ms /    15 runs   (   68.10 ms per token,    14.68 tokens per second)
llama_perf_context_print:       total time =    1398.42 ms /    39 tokens
llama_perf_context_print:    graphs reused =         14
[Gemma 4 26B A4B] 12. short query
Llama.generate: 713 prefix-match hit, remaining 25 prompt tokens to eval
llama_perf_context_print:        load time =    5858.02 ms
llama_perf_context_print: prompt eval time =     402.31 ms /    25 tokens (   16.09 ms per token,    62.14 tokens per second)
llama_perf_context_print:        eval time =    1091.77 ms /    16 runs   (   68.24 ms per token,    14.66 tokens per second)
llama_perf_context_print:       total time =    1504.27 ms /    41 tokens
llama_perf_context_print:    graphs reused =         15
[Gemma 4 26B A4B] 13. short query
Llama.generate: 754 prefix-match hit, remaining 26 prompt tokens to eval
llama_perf_context_print:        load time =    5858.02 ms
llama_perf_context_print: prompt eval time =     414.89 ms /    26 tokens (   15.96 ms per token,    62.67 tokens per second)
llama_perf_context_print:        eval time =    1068.98 ms /    15 runs   (   71.27 ms per token,    14.03 tokens per second)
llama_perf_context_print:       total time =    1493.10 ms /    41 tokens
llama_perf_context_print:    graphs reused =         14
[Gemma 4 26B A4B] 14. short query
Llama.generate: 795 prefix-match hit, remaining 25 prompt tokens to eval
llama_perf_context_print:        load time =    5858.02 ms
llama_perf_context_print: prompt eval time =     401.59 ms /    25 tokens (   16.06 ms per token,    62.25 tokens per second)
llama_perf_context_print:        eval time =    1107.75 ms /    16 runs   (   69.23 ms per token,    14.44 tokens per second)
llama_perf_context_print:       total time =    1517.29 ms /    41 tokens
llama_perf_context_print:    graphs reused =         15
[Gemma 4 26B A4B] 15. short query
Llama.generate: 836 prefix-match hit, remaining 24 prompt tokens to eval
llama_perf_context_print:        load time =    5858.02 ms
llama_perf_context_print: prompt eval time =     383.59 ms /    24 tokens (   15.98 ms per token,    62.57 tokens per second)
llama_perf_context_print:        eval time =     901.78 ms /    13 runs   (   69.37 ms per token,    14.42 tokens per second)
llama_perf_context_print:       total time =    1291.71 ms /    37 tokens
llama_perf_context_print:    graphs reused =         12
[Gemma 4 26B A4B] 0. long query
Llama.generate: 221 prefix-match hit, remaining 80 prompt tokens to eval
llama_perf_context_print:        load time =    5858.02 ms
llama_perf_context_print: prompt eval time =    1012.11 ms /    80 tokens (   12.65 ms per token,    79.04 tokens per second)
llama_perf_context_print:        eval time =    1450.26 ms /    22 runs   (   65.92 ms per token,    15.17 tokens per second)
llama_perf_context_print:       total time =    2471.98 ms /   102 tokens
llama_perf_context_print:    graphs reused =         21
[Gemma 4 26B A4B] 1. long query
Llama.generate: 323 prefix-match hit, remaining 76 prompt tokens to eval
llama_perf_context_print:        load time =    5858.02 ms
llama_perf_context_print: prompt eval time =    1032.12 ms /    76 tokens (   13.58 ms per token,    73.63 tokens per second)
llama_perf_context_print:        eval time =    1188.70 ms /    18 runs   (   66.04 ms per token,    15.14 tokens per second)
llama_perf_context_print:       total time =    2229.02 ms /    94 tokens
llama_perf_context_print:    graphs reused =         17
[Gemma 4 26B A4B] 2. long query
Llama.generate: 417 prefix-match hit, remaining 77 prompt tokens to eval
llama_perf_context_print:        load time =    5858.02 ms
llama_perf_context_print: prompt eval time =    1036.01 ms /    77 tokens (   13.45 ms per token,    74.32 tokens per second)
llama_perf_context_print:        eval time =    1530.28 ms /    23 runs   (   66.53 ms per token,    15.03 tokens per second)
llama_perf_context_print:       total time =    2575.96 ms /   100 tokens
llama_perf_context_print:    graphs reused =         21
[Gemma 4 26B A4B] 3. long query
Llama.generate: 517 prefix-match hit, remaining 83 prompt tokens to eval
llama_perf_context_print:        load time =    5858.02 ms
llama_perf_context_print: prompt eval time =    1137.35 ms /    83 tokens (   13.70 ms per token,    72.98 tokens per second)
llama_perf_context_print:        eval time =    1482.97 ms /    22 runs   (   67.41 ms per token,    14.84 tokens per second)
llama_perf_context_print:       total time =    2629.52 ms /   105 tokens
llama_perf_context_print:    graphs reused =         21
[Gemma 4 26B A4B] 4. long query
Llama.generate: 622 prefix-match hit, remaining 86 prompt tokens to eval
llama_perf_context_print:        load time =    5858.02 ms
llama_perf_context_print: prompt eval time =    1196.42 ms /    86 tokens (   13.91 ms per token,    71.88 tokens per second)
llama_perf_context_print:        eval time =    1696.63 ms /    24 runs   (   70.69 ms per token,    14.15 tokens per second)
llama_perf_context_print:       total time =    2903.71 ms /   110 tokens
llama_perf_context_print:    graphs reused =         23
[Gemma 4 26B A4B] 5. long query
Llama.generate: 732 prefix-match hit, remaining 88 prompt tokens to eval
llama_perf_context_print:        load time =    5858.02 ms
llama_perf_context_print: prompt eval time =    1549.87 ms /    88 tokens (   17.61 ms per token,    56.78 tokens per second)
llama_perf_context_print:        eval time =    1314.05 ms /    19 runs   (   69.16 ms per token,    14.46 tokens per second)
llama_perf_context_print:       total time =    2872.21 ms /   107 tokens
llama_perf_context_print:    graphs reused =         18
[Gemma 4 26B A4B] 6. long query
Llama.generate: 839 prefix-match hit, remaining 81 prompt tokens to eval
llama_perf_context_print:        load time =    5858.02 ms
llama_perf_context_print: prompt eval time =    1136.26 ms /    81 tokens (   14.03 ms per token,    71.29 tokens per second)
llama_perf_context_print:        eval time =    1251.60 ms /    18 runs   (   69.53 ms per token,    14.38 tokens per second)
llama_perf_context_print:       total time =    2396.22 ms /    99 tokens
llama_perf_context_print:    graphs reused =         17
[Gemma 4 26B A4B] 7. long query
Llama.generate: 938 prefix-match hit, remaining 86 prompt tokens to eval
llama_perf_context_print:        load time =    5858.02 ms
llama_perf_context_print: prompt eval time =    1258.73 ms /    86 tokens (   14.64 ms per token,    68.32 tokens per second)
llama_perf_context_print:        eval time =    1276.72 ms /    18 runs   (   70.93 ms per token,    14.10 tokens per second)
llama_perf_context_print:       total time =    2543.56 ms /   104 tokens
llama_perf_context_print:    graphs reused =         17
[Gemma 4 26B A4B] 8. long query
Llama.generate: 1042 prefix-match hit, remaining 81 prompt tokens to eval
llama_perf_context_print:        load time =    5858.02 ms
llama_perf_context_print: prompt eval time =    1160.15 ms /    81 tokens (   14.32 ms per token,    69.82 tokens per second)
llama_perf_context_print:        eval time =    1209.67 ms /    17 runs   (   71.16 ms per token,    14.05 tokens per second)
llama_perf_context_print:       total time =    2377.41 ms /    98 tokens
llama_perf_context_print:    graphs reused =         16
[Gemma 4 26B A4B] 9. long query
Llama.generate: 1140 prefix-match hit, remaining 83 prompt tokens to eval
llama_perf_context_print:        load time =    5858.02 ms
llama_perf_context_print: prompt eval time =    1258.48 ms /    83 tokens (   15.16 ms per token,    65.95 tokens per second)
llama_perf_context_print:        eval time =    1350.27 ms /    19 runs   (   71.07 ms per token,    14.07 tokens per second)
llama_perf_context_print:       total time =    2617.79 ms /   102 tokens
llama_perf_context_print:    graphs reused =         18
[Gemma 4 26B A4B] 10. long query
Llama.generate: 1242 prefix-match hit, remaining 79 prompt tokens to eval
llama_perf_context_print:        load time =    5858.02 ms
llama_perf_context_print: prompt eval time =    1239.70 ms /    79 tokens (   15.69 ms per token,    63.73 tokens per second)
llama_perf_context_print:        eval time =    1385.78 ms /    19 runs   (   72.94 ms per token,    13.71 tokens per second)
llama_perf_context_print:       total time =    2634.12 ms /    98 tokens
llama_perf_context_print:    graphs reused =         18
[Gemma 4 26B A4B] 11. long query
Llama.generate: 1340 prefix-match hit, remaining 84 prompt tokens to eval
llama_perf_context_print:        load time =    5858.02 ms
llama_perf_context_print: prompt eval time =    1198.13 ms /    84 tokens (   14.26 ms per token,    70.11 tokens per second)
llama_perf_context_print:        eval time =    1384.97 ms /    19 runs   (   72.89 ms per token,    13.72 tokens per second)
llama_perf_context_print:       total time =    2591.82 ms /   103 tokens
llama_perf_context_print:    graphs reused =         18
[Gemma 4 26B A4B] 12. long query
Llama.generate: 1443 prefix-match hit, remaining 86 prompt tokens to eval
llama_perf_context_print:        load time =    5858.02 ms
llama_perf_context_print: prompt eval time =    1287.55 ms /    86 tokens (   14.97 ms per token,    66.79 tokens per second)
llama_perf_context_print:        eval time =    1175.88 ms /    16 runs   (   73.49 ms per token,    13.61 tokens per second)
llama_perf_context_print:       total time =    2470.92 ms /   102 tokens
llama_perf_context_print:    graphs reused =         14
[Gemma 4 26B A4B] 13. long query
Llama.generate: 1545 prefix-match hit, remaining 79 prompt tokens to eval
llama_perf_context_print:        load time =    5858.02 ms
llama_perf_context_print: prompt eval time =    1233.75 ms /    79 tokens (   15.62 ms per token,    64.03 tokens per second)
llama_perf_context_print:        eval time =    1640.26 ms /    22 runs   (   74.56 ms per token,    13.41 tokens per second)
llama_perf_context_print:       total time =    2882.85 ms /   101 tokens
llama_perf_context_print:    graphs reused =         21
[Gemma 4 26B A4B] 14. long query
Llama.generate: 1646 prefix-match hit, remaining 88 prompt tokens to eval
llama_perf_context_print:        load time =    5858.02 ms
llama_perf_context_print: prompt eval time =    1330.34 ms /    88 tokens (   15.12 ms per token,    66.15 tokens per second)
llama_perf_context_print:        eval time =    1259.92 ms /    17 runs   (   74.11 ms per token,    13.49 tokens per second)
llama_perf_context_print:       total time =    2598.14 ms /   105 tokens
llama_perf_context_print:    graphs reused =         16
[Gemma 4 26B A4B] 15. long query
Llama.generate: 1751 prefix-match hit, remaining 90 prompt tokens to eval
llama_perf_context_print:        load time =    5858.02 ms
llama_perf_context_print: prompt eval time =    1283.95 ms /    90 tokens (   14.27 ms per token,    70.10 tokens per second)
llama_perf_context_print:        eval time =    1194.23 ms /    16 runs   (   74.64 ms per token,    13.40 tokens per second)
llama_perf_context_print:       total time =    2484.27 ms /   106 tokens
llama_perf_context_print:    graphs reused =         15
~llama_context:        CPU compute buffer size is 540.6465 MiB, matches expectation of 540.6465 MiB
--- LFM2 24B A2B q4_k_m ---
[LFM2 24B A2B q4_k_m] 0. short query
Llama.generate: 213 prefix-match hit, remaining 20 prompt tokens to eval
llama_perf_context_print:        load time =    1603.76 ms
llama_perf_context_print: prompt eval time =     183.96 ms /    20 tokens (    9.20 ms per token,   108.72 tokens per second)
llama_perf_context_print:        eval time =     550.61 ms /    21 runs   (   26.22 ms per token,    38.14 tokens per second)
llama_perf_context_print:       total time =     737.88 ms /    41 tokens
llama_perf_context_print:    graphs reused =         20
[LFM2 24B A2B q4_k_m] 1. short query
Llama.generate: 254 prefix-match hit, remaining 21 prompt tokens to eval
llama_perf_context_print:        load time =    1603.76 ms
llama_perf_context_print: prompt eval time =     190.83 ms /    21 tokens (    9.09 ms per token,   110.05 tokens per second)
llama_perf_context_print:        eval time =     397.46 ms /    15 runs   (   26.50 ms per token,    37.74 tokens per second)
llama_perf_context_print:       total time =     590.71 ms /    36 tokens
llama_perf_context_print:    graphs reused =         14
[LFM2 24B A2B q4_k_m] 2. short query
Llama.generate: 290 prefix-match hit, remaining 23 prompt tokens to eval
llama_perf_context_print:        load time =    1603.76 ms
llama_perf_context_print: prompt eval time =     206.84 ms /    23 tokens (    8.99 ms per token,   111.20 tokens per second)
llama_perf_context_print:        eval time =     476.76 ms /    18 runs   (   26.49 ms per token,    37.75 tokens per second)
llama_perf_context_print:       total time =     687.06 ms /    41 tokens
llama_perf_context_print:    graphs reused =         17
[LFM2 24B A2B q4_k_m] 3. short query
Llama.generate: 331 prefix-match hit, remaining 25 prompt tokens to eval
llama_perf_context_print:        load time =    1603.76 ms
llama_perf_context_print: prompt eval time =     218.20 ms /    25 tokens (    8.73 ms per token,   114.57 tokens per second)
llama_perf_context_print:        eval time =     371.12 ms /    14 runs   (   26.51 ms per token,    37.72 tokens per second)
llama_perf_context_print:       total time =     592.14 ms /    39 tokens
llama_perf_context_print:    graphs reused =         13
[LFM2 24B A2B q4_k_m] 4. short query
Llama.generate: 370 prefix-match hit, remaining 19 prompt tokens to eval
llama_perf_context_print:        load time =    1603.76 ms
llama_perf_context_print: prompt eval time =     174.30 ms /    19 tokens (    9.17 ms per token,   109.01 tokens per second)
llama_perf_context_print:        eval time =     238.88 ms /     9 runs   (   26.54 ms per token,    37.68 tokens per second)
llama_perf_context_print:       total time =     415.22 ms /    28 tokens
llama_perf_context_print:    graphs reused =          8
[LFM2 24B A2B q4_k_m] 5. short query
Llama.generate: 398 prefix-match hit, remaining 22 prompt tokens to eval
llama_perf_context_print:        load time =    1603.76 ms
llama_perf_context_print: prompt eval time =     193.32 ms /    22 tokens (    8.79 ms per token,   113.80 tokens per second)
llama_perf_context_print:        eval time =     397.41 ms /    15 runs   (   26.49 ms per token,    37.74 tokens per second)
llama_perf_context_print:       total time =     593.22 ms /    37 tokens
llama_perf_context_print:    graphs reused =         14
[LFM2 24B A2B q4_k_m] 6. short query
Llama.generate: 435 prefix-match hit, remaining 24 prompt tokens to eval
llama_perf_context_print:        load time =    1603.76 ms
llama_perf_context_print: prompt eval time =     208.69 ms /    24 tokens (    8.70 ms per token,   115.00 tokens per second)
llama_perf_context_print:        eval time =     292.04 ms /    11 runs   (   26.55 ms per token,    37.67 tokens per second)
llama_perf_context_print:       total time =     502.71 ms /    35 tokens
llama_perf_context_print:    graphs reused =         10
[LFM2 24B A2B q4_k_m] 7. short query
Llama.generate: 470 prefix-match hit, remaining 20 prompt tokens to eval
llama_perf_context_print:        load time =    1603.76 ms
llama_perf_context_print: prompt eval time =     185.89 ms /    20 tokens (    9.29 ms per token,   107.59 tokens per second)
llama_perf_context_print:        eval time =     266.99 ms /    10 runs   (   26.70 ms per token,    37.46 tokens per second)
llama_perf_context_print:       total time =     454.75 ms /    30 tokens
llama_perf_context_print:    graphs reused =          9
[LFM2 24B A2B q4_k_m] 8. short query
Llama.generate: 500 prefix-match hit, remaining 20 prompt tokens to eval
llama_perf_context_print:        load time =    1603.76 ms
llama_perf_context_print: prompt eval time =     180.81 ms /    20 tokens (    9.04 ms per token,   110.62 tokens per second)
llama_perf_context_print:        eval time =     347.08 ms /    13 runs   (   26.70 ms per token,    37.46 tokens per second)
llama_perf_context_print:       total time =     530.14 ms /    33 tokens
llama_perf_context_print:    graphs reused =         12
[LFM2 24B A2B q4_k_m] 9. short query
Llama.generate: 533 prefix-match hit, remaining 20 prompt tokens to eval
llama_perf_context_print:        load time =    1603.76 ms
llama_perf_context_print: prompt eval time =     182.75 ms /    20 tokens (    9.14 ms per token,   109.44 tokens per second)
llama_perf_context_print:        eval time =     348.04 ms /    13 runs   (   26.77 ms per token,    37.35 tokens per second)
llama_perf_context_print:       total time =     533.04 ms /    33 tokens
llama_perf_context_print:    graphs reused =         12
[LFM2 24B A2B q4_k_m] 10. short query
Llama.generate: 566 prefix-match hit, remaining 25 prompt tokens to eval
llama_perf_context_print:        load time =    1603.76 ms
llama_perf_context_print: prompt eval time =     226.20 ms /    25 tokens (    9.05 ms per token,   110.52 tokens per second)
llama_perf_context_print:        eval time =     320.28 ms /    12 runs   (   26.69 ms per token,    37.47 tokens per second)
llama_perf_context_print:       total time =     548.50 ms /    37 tokens
llama_perf_context_print:    graphs reused =         11
[LFM2 24B A2B q4_k_m] 11. short query
Llama.generate: 603 prefix-match hit, remaining 20 prompt tokens to eval
llama_perf_context_print:        load time =    1603.76 ms
llama_perf_context_print: prompt eval time =     184.79 ms /    20 tokens (    9.24 ms per token,   108.23 tokens per second)
llama_perf_context_print:        eval time =     426.86 ms /    16 runs   (   26.68 ms per token,    37.48 tokens per second)
llama_perf_context_print:       total time =     614.27 ms /    36 tokens
llama_perf_context_print:    graphs reused =         15
[LFM2 24B A2B q4_k_m] 12. short query
Llama.generate: 639 prefix-match hit, remaining 21 prompt tokens to eval
llama_perf_context_print:        load time =    1603.76 ms
llama_perf_context_print: prompt eval time =     195.88 ms /    21 tokens (    9.33 ms per token,   107.21 tokens per second)
llama_perf_context_print:        eval time =     347.39 ms /    13 runs   (   26.72 ms per token,    37.42 tokens per second)
llama_perf_context_print:       total time =     545.43 ms /    34 tokens
llama_perf_context_print:    graphs reused =         12
[LFM2 24B A2B q4_k_m] 13. short query
Llama.generate: 673 prefix-match hit, remaining 23 prompt tokens to eval
llama_perf_context_print:        load time =    1603.76 ms
llama_perf_context_print: prompt eval time =     210.61 ms /    23 tokens (    9.16 ms per token,   109.21 tokens per second)
llama_perf_context_print:        eval time =     347.48 ms /    13 runs   (   26.73 ms per token,    37.41 tokens per second)
llama_perf_context_print:       total time =     560.26 ms /    36 tokens
llama_perf_context_print:    graphs reused =         12
[LFM2 24B A2B q4_k_m] 14. short query
Llama.generate: 709 prefix-match hit, remaining 22 prompt tokens to eval
llama_perf_context_print:        load time =    1603.76 ms
llama_perf_context_print: prompt eval time =     204.18 ms /    22 tokens (    9.28 ms per token,   107.75 tokens per second)
llama_perf_context_print:        eval time =     320.67 ms /    12 runs   (   26.72 ms per token,    37.42 tokens per second)
llama_perf_context_print:       total time =     526.88 ms /    34 tokens
llama_perf_context_print:    graphs reused =         11
[LFM2 24B A2B q4_k_m] 15. short query
Llama.generate: 743 prefix-match hit, remaining 20 prompt tokens to eval
llama_perf_context_print:        load time =    1603.76 ms
llama_perf_context_print: prompt eval time =     226.54 ms /    20 tokens (   11.33 ms per token,    88.28 tokens per second)
llama_perf_context_print:        eval time =     269.29 ms /    10 runs   (   26.93 ms per token,    37.13 tokens per second)
llama_perf_context_print:       total time =     497.65 ms /    30 tokens
llama_perf_context_print:    graphs reused =          8
[LFM2 24B A2B q4_k_m] 0. long query
Llama.generate: 213 prefix-match hit, remaining 79 prompt tokens to eval
llama_perf_context_print:        load time =    1603.76 ms
llama_perf_context_print: prompt eval time =     550.87 ms /    79 tokens (    6.97 ms per token,   143.41 tokens per second)
llama_perf_context_print:        eval time =     581.83 ms /    22 runs   (   26.45 ms per token,    37.81 tokens per second)
llama_perf_context_print:       total time =    1136.22 ms /   101 tokens
llama_perf_context_print:    graphs reused =         21
[LFM2 24B A2B q4_k_m] 1. long query
Llama.generate: 314 prefix-match hit, remaining 76 prompt tokens to eval
llama_perf_context_print:        load time =    1603.76 ms
llama_perf_context_print: prompt eval time =     527.90 ms /    76 tokens (    6.95 ms per token,   143.97 tokens per second)
llama_perf_context_print:        eval time =     767.04 ms /    29 runs   (   26.45 ms per token,    37.81 tokens per second)
llama_perf_context_print:       total time =    1299.57 ms /   105 tokens
llama_perf_context_print:    graphs reused =         28
[LFM2 24B A2B q4_k_m] 2. long query
Llama.generate: 419 prefix-match hit, remaining 78 prompt tokens to eval
llama_perf_context_print:        load time =    1603.76 ms
llama_perf_context_print: prompt eval time =     540.86 ms /    78 tokens (    6.93 ms per token,   144.22 tokens per second)
llama_perf_context_print:        eval time =     930.61 ms /    35 runs   (   26.59 ms per token,    37.61 tokens per second)
llama_perf_context_print:       total time =    1477.09 ms /   113 tokens
llama_perf_context_print:    graphs reused =         33
[LFM2 24B A2B q4_k_m] 3. long query
Llama.generate: 532 prefix-match hit, remaining 82 prompt tokens to eval
llama_perf_context_print:        load time =    1603.76 ms
llama_perf_context_print: prompt eval time =     562.94 ms /    82 tokens (    6.87 ms per token,   145.66 tokens per second)
llama_perf_context_print:        eval time =     800.49 ms /    30 runs   (   26.68 ms per token,    37.48 tokens per second)
llama_perf_context_print:       total time =    1368.27 ms /   112 tokens
llama_perf_context_print:    graphs reused =         29
[LFM2 24B A2B q4_k_m] 4. long query
Llama.generate: 644 prefix-match hit, remaining 86 prompt tokens to eval
llama_perf_context_print:        load time =    1603.76 ms
llama_perf_context_print: prompt eval time =     590.60 ms /    86 tokens (    6.87 ms per token,   145.61 tokens per second)
llama_perf_context_print:        eval time =     560.99 ms /    21 runs   (   26.71 ms per token,    37.43 tokens per second)
llama_perf_context_print:       total time =    1155.03 ms /   107 tokens
llama_perf_context_print:    graphs reused =         20
[LFM2 24B A2B q4_k_m] 5. long query
Llama.generate: 751 prefix-match hit, remaining 91 prompt tokens to eval
llama_perf_context_print:        load time =    1603.76 ms
llama_perf_context_print: prompt eval time =     625.19 ms /    91 tokens (    6.87 ms per token,   145.56 tokens per second)
llama_perf_context_print:        eval time =     914.89 ms /    34 runs   (   26.91 ms per token,    37.16 tokens per second)
llama_perf_context_print:       total time =    1545.68 ms /   125 tokens
llama_perf_context_print:    graphs reused =         33
[LFM2 24B A2B q4_k_m] 6. long query
Llama.generate: 876 prefix-match hit, remaining 84 prompt tokens to eval
llama_perf_context_print:        load time =    1603.76 ms
llama_perf_context_print: prompt eval time =     577.73 ms /    84 tokens (    6.88 ms per token,   145.40 tokens per second)
llama_perf_context_print:        eval time =     782.62 ms /    29 runs   (   26.99 ms per token,    37.05 tokens per second)
llama_perf_context_print:       total time =    1365.22 ms /   113 tokens
llama_perf_context_print:    graphs reused =         28
[LFM2 24B A2B q4_k_m] 7. long query
Llama.generate: 989 prefix-match hit, remaining 84 prompt tokens to eval
llama_perf_context_print:        load time =    1603.76 ms
llama_perf_context_print: prompt eval time =     577.26 ms /    84 tokens (    6.87 ms per token,   145.51 tokens per second)
llama_perf_context_print:        eval time =     704.89 ms /    26 runs   (   27.11 ms per token,    36.88 tokens per second)
llama_perf_context_print:       total time =    1286.30 ms /   110 tokens
llama_perf_context_print:    graphs reused =         25
[LFM2 24B A2B q4_k_m] 8. long query
Llama.generate: 1099 prefix-match hit, remaining 83 prompt tokens to eval
llama_perf_context_print:        load time =    1603.76 ms
llama_perf_context_print: prompt eval time =     583.04 ms /    83 tokens (    7.02 ms per token,   142.36 tokens per second)
llama_perf_context_print:        eval time =     704.76 ms /    26 runs   (   27.11 ms per token,    36.89 tokens per second)
llama_perf_context_print:       total time =    1292.02 ms /   109 tokens
llama_perf_context_print:    graphs reused =         25
[LFM2 24B A2B q4_k_m] 9. long query
Llama.generate: 1208 prefix-match hit, remaining 84 prompt tokens to eval
llama_perf_context_print:        load time =    1603.76 ms
llama_perf_context_print: prompt eval time =     589.56 ms /    84 tokens (    7.02 ms per token,   142.48 tokens per second)
llama_perf_context_print:        eval time =     546.91 ms /    20 runs   (   27.35 ms per token,    36.57 tokens per second)
llama_perf_context_print:       total time =    1139.75 ms /   104 tokens
llama_perf_context_print:    graphs reused =         19
[LFM2 24B A2B q4_k_m] 10. long query
Llama.generate: 1312 prefix-match hit, remaining 79 prompt tokens to eval
llama_perf_context_print:        load time =    1603.76 ms
llama_perf_context_print: prompt eval time =     574.01 ms /    79 tokens (    7.27 ms per token,   137.63 tokens per second)
llama_perf_context_print:        eval time =     601.90 ms /    22 runs   (   27.36 ms per token,    36.55 tokens per second)
llama_perf_context_print:       total time =    1179.50 ms /   101 tokens
llama_perf_context_print:    graphs reused =         21
[LFM2 24B A2B q4_k_m] 11. long query
Llama.generate: 1413 prefix-match hit, remaining 80 prompt tokens to eval
llama_perf_context_print:        load time =    1603.76 ms
llama_perf_context_print: prompt eval time =     569.37 ms /    80 tokens (    7.12 ms per token,   140.51 tokens per second)
llama_perf_context_print:        eval time =     710.95 ms /    26 runs   (   27.34 ms per token,    36.57 tokens per second)
llama_perf_context_print:       total time =    1284.49 ms /   106 tokens
llama_perf_context_print:    graphs reused =         25
[LFM2 24B A2B q4_k_m] 12. long query
Llama.generate: 1519 prefix-match hit, remaining 86 prompt tokens to eval
llama_perf_context_print:        load time =    1603.76 ms
llama_perf_context_print: prompt eval time =     606.99 ms /    86 tokens (    7.06 ms per token,   141.68 tokens per second)
llama_perf_context_print:        eval time =     606.30 ms /    22 runs   (   27.56 ms per token,    36.29 tokens per second)
llama_perf_context_print:       total time =    1216.86 ms /   108 tokens
llama_perf_context_print:    graphs reused =         21
[LFM2 24B A2B q4_k_m] 13. long query
Llama.generate: 1627 prefix-match hit, remaining 83 prompt tokens to eval
llama_perf_context_print:        load time =    1603.76 ms
llama_perf_context_print: prompt eval time =     593.20 ms /    83 tokens (    7.15 ms per token,   139.92 tokens per second)
llama_perf_context_print:        eval time =     578.96 ms /    21 runs   (   27.57 ms per token,    36.27 tokens per second)
llama_perf_context_print:       total time =    1175.64 ms /   104 tokens
llama_perf_context_print:    graphs reused =         20
[LFM2 24B A2B q4_k_m] 14. long query
Llama.generate: 1731 prefix-match hit, remaining 85 prompt tokens to eval
llama_perf_context_print:        load time =    1603.76 ms
llama_perf_context_print: prompt eval time =     608.91 ms /    85 tokens (    7.16 ms per token,   139.59 tokens per second)
llama_perf_context_print:        eval time =     861.40 ms /    31 runs   (   27.79 ms per token,    35.99 tokens per second)
llama_perf_context_print:       total time =    1475.53 ms /   116 tokens
llama_perf_context_print:    graphs reused =         30
[LFM2 24B A2B q4_k_m] 15. long query
Llama.generate: 1847 prefix-match hit, remaining 92 prompt tokens to eval
llama_perf_context_print:        load time =    1603.76 ms
llama_perf_context_print: prompt eval time =     654.96 ms /    92 tokens (    7.12 ms per token,   140.47 tokens per second)
llama_perf_context_print:        eval time =     640.77 ms /    23 runs   (   27.86 ms per token,    35.89 tokens per second)
llama_perf_context_print:       total time =    1299.54 ms /   115 tokens
llama_perf_context_print:    graphs reused =         22
~llama_context:        CPU compute buffer size is 136.0020 MiB, matches expectation of 136.0020 MiB
--- GLM 4.7 Flash REAP 23B A3B ---
[GLM 4.7 Flash REAP 23B A3B] 0. short query
Llama.generate: 197 prefix-match hit, remaining 21 prompt tokens to eval
llama_perf_context_print:        load time =    3237.56 ms
llama_perf_context_print: prompt eval time =     318.83 ms /    21 tokens (   15.18 ms per token,    65.87 tokens per second)
llama_perf_context_print:        eval time =     696.85 ms /    15 runs   (   46.46 ms per token,    21.53 tokens per second)
llama_perf_context_print:       total time =    1020.44 ms /    36 tokens
llama_perf_context_print:    graphs reused =         14
[GLM 4.7 Flash REAP 23B A3B] 1. short query
Llama.generate: 232 prefix-match hit, remaining 20 prompt tokens to eval
llama_perf_context_print:        load time =    3237.56 ms
llama_perf_context_print: prompt eval time =     285.62 ms /    20 tokens (   14.28 ms per token,    70.02 tokens per second)
llama_perf_context_print:        eval time =     725.78 ms /    15 runs   (   48.39 ms per token,    20.67 tokens per second)
llama_perf_context_print:       total time =    1014.94 ms /    35 tokens
llama_perf_context_print:    graphs reused =         13
[GLM 4.7 Flash REAP 23B A3B] 2. short query
Llama.generate: 266 prefix-match hit, remaining 21 prompt tokens to eval
llama_perf_context_print:        load time =    3237.56 ms
llama_perf_context_print: prompt eval time =     315.21 ms /    21 tokens (   15.01 ms per token,    66.62 tokens per second)
llama_perf_context_print:        eval time =     686.02 ms /    14 runs   (   49.00 ms per token,    20.41 tokens per second)
llama_perf_context_print:       total time =    1004.56 ms /    35 tokens
llama_perf_context_print:    graphs reused =         13
[GLM 4.7 Flash REAP 23B A3B] 3. short query
Llama.generate: 300 prefix-match hit, remaining 22 prompt tokens to eval
llama_perf_context_print:        load time =    3237.56 ms
llama_perf_context_print: prompt eval time =     348.66 ms /    22 tokens (   15.85 ms per token,    63.10 tokens per second)
llama_perf_context_print:        eval time =     785.69 ms /    16 runs   (   49.11 ms per token,    20.36 tokens per second)
llama_perf_context_print:       total time =    1138.06 ms /    38 tokens
llama_perf_context_print:    graphs reused =         15
[GLM 4.7 Flash REAP 23B A3B] 4. short query
Llama.generate: 337 prefix-match hit, remaining 18 prompt tokens to eval
llama_perf_context_print:        load time =    3237.56 ms
llama_perf_context_print: prompt eval time =     280.24 ms /    18 tokens (   15.57 ms per token,    64.23 tokens per second)
llama_perf_context_print:        eval time =     687.37 ms /    14 runs   (   49.10 ms per token,    20.37 tokens per second)
llama_perf_context_print:       total time =     970.87 ms /    32 tokens
llama_perf_context_print:    graphs reused =         13
[GLM 4.7 Flash REAP 23B A3B] 5. short query
Llama.generate: 368 prefix-match hit, remaining 21 prompt tokens to eval
llama_perf_context_print:        load time =    3237.56 ms
llama_perf_context_print: prompt eval time =     386.85 ms /    21 tokens (   18.42 ms per token,    54.28 tokens per second)
llama_perf_context_print:        eval time =     687.27 ms /    14 runs   (   49.09 ms per token,    20.37 tokens per second)
llama_perf_context_print:       total time =    1078.02 ms /    35 tokens
llama_perf_context_print:    graphs reused =         13
[GLM 4.7 Flash REAP 23B A3B] 6. short query
Llama.generate: 402 prefix-match hit, remaining 23 prompt tokens to eval
llama_perf_context_print:        load time =    3237.56 ms
llama_perf_context_print: prompt eval time =     373.96 ms /    23 tokens (   16.26 ms per token,    61.50 tokens per second)
llama_perf_context_print:        eval time =     689.08 ms /    14 runs   (   49.22 ms per token,    20.32 tokens per second)
llama_perf_context_print:       total time =    1066.74 ms /    37 tokens
llama_perf_context_print:    graphs reused =         13
[GLM 4.7 Flash REAP 23B A3B] 7. short query
Llama.generate: 438 prefix-match hit, remaining 18 prompt tokens to eval
llama_perf_context_print:        load time =    3237.56 ms
llama_perf_context_print: prompt eval time =     297.26 ms /    18 tokens (   16.51 ms per token,    60.55 tokens per second)
llama_perf_context_print:        eval time =     691.31 ms /    14 runs   (   49.38 ms per token,    20.25 tokens per second)
llama_perf_context_print:       total time =     992.41 ms /    32 tokens
llama_perf_context_print:    graphs reused =         13
[GLM 4.7 Flash REAP 23B A3B] 8. short query
Llama.generate: 469 prefix-match hit, remaining 19 prompt tokens to eval
llama_perf_context_print:        load time =    3237.56 ms
llama_perf_context_print: prompt eval time =     310.14 ms /    19 tokens (   16.32 ms per token,    61.26 tokens per second)
llama_perf_context_print:        eval time =     687.93 ms /    14 runs   (   49.14 ms per token,    20.35 tokens per second)
llama_perf_context_print:       total time =    1001.71 ms /    33 tokens
llama_perf_context_print:    graphs reused =         13
[GLM 4.7 Flash REAP 23B A3B] 9. short query
Llama.generate: 501 prefix-match hit, remaining 19 prompt tokens to eval
llama_perf_context_print:        load time =    3237.56 ms
llama_perf_context_print: prompt eval time =     311.92 ms /    19 tokens (   16.42 ms per token,    60.91 tokens per second)
llama_perf_context_print:        eval time =     721.33 ms /    14 runs   (   51.52 ms per token,    19.41 tokens per second)
llama_perf_context_print:       total time =    1036.94 ms /    33 tokens
llama_perf_context_print:    graphs reused =         13
[GLM 4.7 Flash REAP 23B A3B] 10. short query
Llama.generate: 533 prefix-match hit, remaining 24 prompt tokens to eval
llama_perf_context_print:        load time =    3237.56 ms
llama_perf_context_print: prompt eval time =     382.52 ms /    24 tokens (   15.94 ms per token,    62.74 tokens per second)
llama_perf_context_print:        eval time =     721.11 ms /    14 runs   (   51.51 ms per token,    19.41 tokens per second)
llama_perf_context_print:       total time =    1107.32 ms /    38 tokens
llama_perf_context_print:    graphs reused =         13
[GLM 4.7 Flash REAP 23B A3B] 11. short query
Llama.generate: 570 prefix-match hit, remaining 19 prompt tokens to eval
llama_perf_context_print:        load time =    3237.56 ms
llama_perf_context_print: prompt eval time =     401.64 ms /    19 tokens (   21.14 ms per token,    47.31 tokens per second)
llama_perf_context_print:        eval time =     721.90 ms /    14 runs   (   51.56 ms per token,    19.39 tokens per second)
llama_perf_context_print:       total time =    1127.28 ms /    33 tokens
llama_perf_context_print:    graphs reused =         13
[GLM 4.7 Flash REAP 23B A3B] 12. short query
Llama.generate: 602 prefix-match hit, remaining 20 prompt tokens to eval
llama_perf_context_print:        load time =    3237.56 ms
llama_perf_context_print: prompt eval time =     354.04 ms /    20 tokens (   17.70 ms per token,    56.49 tokens per second)
llama_perf_context_print:        eval time =     722.07 ms /    14 runs   (   51.58 ms per token,    19.39 tokens per second)
llama_perf_context_print:       total time =    1079.80 ms /    34 tokens
llama_perf_context_print:    graphs reused =         13
[GLM 4.7 Flash REAP 23B A3B] 13. short query
Llama.generate: 635 prefix-match hit, remaining 21 prompt tokens to eval
llama_perf_context_print:        load time =    3237.56 ms
llama_perf_context_print: prompt eval time =     365.89 ms /    21 tokens (   17.42 ms per token,    57.39 tokens per second)
llama_perf_context_print:        eval time =     722.27 ms /    14 runs   (   51.59 ms per token,    19.38 tokens per second)
llama_perf_context_print:       total time =    1091.84 ms /    35 tokens
llama_perf_context_print:    graphs reused =         13
[GLM 4.7 Flash REAP 23B A3B] 14. short query
Llama.generate: 669 prefix-match hit, remaining 21 prompt tokens to eval
llama_perf_context_print:        load time =    3237.56 ms
llama_perf_context_print: prompt eval time =     372.26 ms /    21 tokens (   17.73 ms per token,    56.41 tokens per second)
llama_perf_context_print:        eval time =     722.70 ms /    14 runs   (   51.62 ms per token,    19.37 tokens per second)
llama_perf_context_print:       total time =    1098.56 ms /    35 tokens
llama_perf_context_print:    graphs reused =         13
[GLM 4.7 Flash REAP 23B A3B] 15. short query
Llama.generate: 703 prefix-match hit, remaining 19 prompt tokens to eval
llama_perf_context_print:        load time =    3237.56 ms
llama_perf_context_print: prompt eval time =     347.88 ms /    19 tokens (   18.31 ms per token,    54.62 tokens per second)
llama_perf_context_print:        eval time =     724.98 ms /    14 runs   (   51.78 ms per token,    19.31 tokens per second)
llama_perf_context_print:       total time =    1076.58 ms /    33 tokens
llama_perf_context_print:    graphs reused =         13
[GLM 4.7 Flash REAP 23B A3B] 0. long query
Llama.generate: 197 prefix-match hit, remaining 77 prompt tokens to eval
llama_perf_context_print:        load time =    3237.56 ms
llama_perf_context_print: prompt eval time =     940.59 ms /    77 tokens (   12.22 ms per token,    81.86 tokens per second)
llama_perf_context_print:        eval time =     832.75 ms /    17 runs   (   48.99 ms per token,    20.41 tokens per second)
llama_perf_context_print:       total time =    1777.39 ms /    94 tokens
llama_perf_context_print:    graphs reused =         16
[GLM 4.7 Flash REAP 23B A3B] 1. long query
Llama.generate: 290 prefix-match hit, remaining 73 prompt tokens to eval
llama_perf_context_print:        load time =    3237.56 ms
llama_perf_context_print: prompt eval time =     967.37 ms /    73 tokens (   13.25 ms per token,    75.46 tokens per second)
llama_perf_context_print:        eval time =     832.56 ms /    17 runs   (   48.97 ms per token,    20.42 tokens per second)
llama_perf_context_print:       total time =    1803.96 ms /    90 tokens
llama_perf_context_print:    graphs reused =         16
[GLM 4.7 Flash REAP 23B A3B] 2. long query
Llama.generate: 379 prefix-match hit, remaining 72 prompt tokens to eval
llama_perf_context_print:        load time =    3237.56 ms
llama_perf_context_print: prompt eval time =    1015.38 ms /    72 tokens (   14.10 ms per token,    70.91 tokens per second)
llama_perf_context_print:        eval time =    2898.91 ms /    59 runs   (   49.13 ms per token,    20.35 tokens per second)
llama_perf_context_print:       total time =    3927.20 ms /   131 tokens
llama_perf_context_print:    graphs reused =         58
[GLM 4.7 Flash REAP 23B A3B] 3. long query
Llama.generate: 509 prefix-match hit, remaining 77 prompt tokens to eval
llama_perf_context_print:        load time =    3237.56 ms
llama_perf_context_print: prompt eval time =    1120.34 ms /    77 tokens (   14.55 ms per token,    68.73 tokens per second)
llama_perf_context_print:        eval time =    3245.37 ms /    63 runs   (   51.51 ms per token,    19.41 tokens per second)
llama_perf_context_print:       total time =    4380.45 ms /   140 tokens
llama_perf_context_print:    graphs reused =         62
[GLM 4.7 Flash REAP 23B A3B] 4. long query
Llama.generate: 649 prefix-match hit, remaining 83 prompt tokens to eval
llama_perf_context_print:        load time =    3237.56 ms
llama_perf_context_print: prompt eval time =    1286.77 ms /    83 tokens (   15.50 ms per token,    64.50 tokens per second)
llama_perf_context_print:        eval time =    3319.70 ms /    63 runs   (   52.69 ms per token,    18.98 tokens per second)
llama_perf_context_print:       total time =    4625.16 ms /   146 tokens
llama_perf_context_print:    graphs reused =         61
[GLM 4.7 Flash REAP 23B A3B] 5. long query
Llama.generate: 795 prefix-match hit, remaining 81 prompt tokens to eval
llama_perf_context_print:        load time =    3237.56 ms
llama_perf_context_print: prompt eval time =    1409.71 ms /    81 tokens (   17.40 ms per token,    57.46 tokens per second)
llama_perf_context_print:        eval time =    3418.27 ms /    63 runs   (   54.26 ms per token,    18.43 tokens per second)
llama_perf_context_print:       total time =    4843.37 ms /   144 tokens
llama_perf_context_print:    graphs reused =         62
[GLM 4.7 Flash REAP 23B A3B] 6. long query
Llama.generate: 939 prefix-match hit, remaining 77 prompt tokens to eval
llama_perf_context_print:        load time =    3237.56 ms
llama_perf_context_print: prompt eval time =    1360.73 ms /    77 tokens (   17.67 ms per token,    56.59 tokens per second)
llama_perf_context_print:        eval time =    3554.75 ms /    63 runs   (   56.42 ms per token,    17.72 tokens per second)
llama_perf_context_print:       total time =    4930.98 ms /   140 tokens
llama_perf_context_print:    graphs reused =         61
[GLM 4.7 Flash REAP 23B A3B] 7. long query
Llama.generate: 1079 prefix-match hit, remaining 82 prompt tokens to eval
llama_perf_context_print:        load time =    3237.56 ms
llama_perf_context_print: prompt eval time =    1528.34 ms /    82 tokens (   18.64 ms per token,    53.65 tokens per second)
llama_perf_context_print:        eval time =    3583.16 ms /    63 runs   (   56.88 ms per token,    17.58 tokens per second)
llama_perf_context_print:       total time =    5127.07 ms /   145 tokens
llama_perf_context_print:    graphs reused =         62
[GLM 4.7 Flash REAP 23B A3B] 8. long query
Llama.generate: 1224 prefix-match hit, remaining 78 prompt tokens to eval
llama_perf_context_print:        load time =    3237.56 ms
llama_perf_context_print: prompt eval time =    1620.96 ms /    78 tokens (   20.78 ms per token,    48.12 tokens per second)
llama_perf_context_print:        eval time =    3738.58 ms /    63 runs   (   59.34 ms per token,    16.85 tokens per second)
llama_perf_context_print:       total time =    5373.59 ms /   141 tokens
llama_perf_context_print:    graphs reused =         62
[GLM 4.7 Flash REAP 23B A3B] 9. long query
Llama.generate: 1365 prefix-match hit, remaining 80 prompt tokens to eval
llama_perf_context_print:        load time =    3237.56 ms
llama_perf_context_print: prompt eval time =    1711.67 ms /    80 tokens (   21.40 ms per token,    46.74 tokens per second)
llama_perf_context_print:        eval time =    3746.07 ms /    63 runs   (   59.46 ms per token,    16.82 tokens per second)
llama_perf_context_print:       total time =    5473.50 ms /   143 tokens
llama_perf_context_print:    graphs reused =         62
[GLM 4.7 Flash REAP 23B A3B] 10. long query
Llama.generate: 1508 prefix-match hit, remaining 75 prompt tokens to eval
llama_perf_context_print:        load time =    3237.56 ms
llama_perf_context_print: prompt eval time =    1723.96 ms /    75 tokens (   22.99 ms per token,    43.50 tokens per second)
llama_perf_context_print:        eval time =    3902.98 ms /    63 runs   (   61.95 ms per token,    16.14 tokens per second)
llama_perf_context_print:       total time =    5642.71 ms /   138 tokens
llama_perf_context_print:    graphs reused =         62
[GLM 4.7 Flash REAP 23B A3B] 11. long query
Llama.generate: 1646 prefix-match hit, remaining 79 prompt tokens to eval
llama_perf_context_print:        load time =    3237.56 ms
llama_perf_context_print: prompt eval time =    2023.20 ms /    79 tokens (   25.61 ms per token,    39.05 tokens per second)
llama_perf_context_print:        eval time =    3911.41 ms /    63 runs   (   62.09 ms per token,    16.11 tokens per second)
llama_perf_context_print:       total time =    5950.92 ms /   142 tokens
llama_perf_context_print:    graphs reused =         62
[GLM 4.7 Flash REAP 23B A3B] 12. long query
Llama.generate: 1788 prefix-match hit, remaining 83 prompt tokens to eval
llama_perf_context_print:        load time =    3237.56 ms
llama_perf_context_print: prompt eval time =    2185.28 ms /    83 tokens (   26.33 ms per token,    37.98 tokens per second)
llama_perf_context_print:        eval time =    4082.20 ms /    63 runs   (   64.80 ms per token,    15.43 tokens per second)
llama_perf_context_print:       total time =    6282.28 ms /   146 tokens
llama_perf_context_print:    graphs reused =         62
[GLM 4.7 Flash REAP 23B A3B] 13. long query
Llama.generate: 1934 prefix-match hit, remaining 79 prompt tokens to eval
llama_perf_context_print:        load time =    3237.56 ms
llama_perf_context_print: prompt eval time =    2235.66 ms /    79 tokens (   28.30 ms per token,    35.34 tokens per second)
llama_perf_context_print:        eval time =    4152.33 ms /    63 runs   (   65.91 ms per token,    15.17 tokens per second)
llama_perf_context_print:       total time =    6404.30 ms /   142 tokens
llama_perf_context_print:    graphs reused =         61
[GLM 4.7 Flash REAP 23B A3B] 14. long query
Llama.generate: 2076 prefix-match hit, remaining 85 prompt tokens to eval
llama_perf_context_print:        load time =    3237.56 ms
llama_perf_context_print: prompt eval time =    2210.65 ms /    85 tokens (   26.01 ms per token,    38.45 tokens per second)
llama_perf_context_print:        eval time =    4239.84 ms /    63 runs   (   67.30 ms per token,    14.86 tokens per second)
llama_perf_context_print:       total time =    6465.88 ms /   148 tokens
llama_perf_context_print:    graphs reused =         62
[GLM 4.7 Flash REAP 23B A3B] 15. long query
Llama.generate: 2224 prefix-match hit, remaining 86 prompt tokens to eval
llama_perf_context_print:        load time =    3237.56 ms
llama_perf_context_print: prompt eval time =    2577.32 ms /    86 tokens (   29.97 ms per token,    33.37 tokens per second)
llama_perf_context_print:        eval time =    4398.27 ms /    63 runs   (   69.81 ms per token,    14.32 tokens per second)
llama_perf_context_print:       total time =    6990.82 ms /   149 tokens
llama_perf_context_print:    graphs reused =         62
~llama_context:        CPU compute buffer size is 334.7832 MiB, matches expectation of 334.7832 MiB
--- gpt oss 20B ---
[gpt oss 20B] 0. short query
Llama.generate: 200 prefix-match hit, remaining 28 prompt tokens to eval
llama_perf_context_print:        load time =    2170.13 ms
llama_perf_context_print: prompt eval time =     350.93 ms /    28 tokens (   12.53 ms per token,    79.79 tokens per second)
llama_perf_context_print:        eval time =     206.97 ms /     5 runs   (   41.39 ms per token,    24.16 tokens per second)
llama_perf_context_print:       total time =     559.55 ms /    33 tokens
llama_perf_context_print:    graphs reused =          4
[gpt oss 20B] 1. short query
Llama.generate: 233 prefix-match hit, remaining 28 prompt tokens to eval
llama_perf_context_print:        load time =    2170.13 ms
llama_perf_context_print: prompt eval time =     350.77 ms /    28 tokens (   12.53 ms per token,    79.82 tokens per second)
llama_perf_context_print:        eval time =     256.45 ms /     6 runs   (   42.74 ms per token,    23.40 tokens per second)
llama_perf_context_print:       total time =     609.06 ms /    34 tokens
llama_perf_context_print:    graphs reused =          5
[gpt oss 20B] 2. short query
Llama.generate: 267 prefix-match hit, remaining 29 prompt tokens to eval
llama_perf_context_print:        load time =    2170.13 ms
llama_perf_context_print: prompt eval time =     362.75 ms /    29 tokens (   12.51 ms per token,    79.95 tokens per second)
llama_perf_context_print:        eval time =     298.84 ms /     7 runs   (   42.69 ms per token,    23.42 tokens per second)
llama_perf_context_print:       total time =     663.63 ms /    36 tokens
llama_perf_context_print:    graphs reused =          6
[gpt oss 20B] 3. short query
Llama.generate: 303 prefix-match hit, remaining 31 prompt tokens to eval
llama_perf_context_print:        load time =    2170.13 ms
llama_perf_context_print: prompt eval time =     390.82 ms /    31 tokens (   12.61 ms per token,    79.32 tokens per second)
llama_perf_context_print:        eval time =     213.36 ms /     5 runs   (   42.67 ms per token,    23.43 tokens per second)
llama_perf_context_print:       total time =     605.76 ms /    36 tokens
llama_perf_context_print:    graphs reused =          4
[gpt oss 20B] 4. short query
Llama.generate: 339 prefix-match hit, remaining 26 prompt tokens to eval
llama_perf_context_print:        load time =    2170.13 ms
llama_perf_context_print: prompt eval time =     353.74 ms /    26 tokens (   13.61 ms per token,    73.50 tokens per second)
llama_perf_context_print:        eval time =     213.56 ms /     5 runs   (   42.71 ms per token,    23.41 tokens per second)
llama_perf_context_print:       total time =     568.88 ms /    31 tokens
llama_perf_context_print:    graphs reused =          4
[gpt oss 20B] 5. short query
Llama.generate: 370 prefix-match hit, remaining 29 prompt tokens to eval
llama_perf_context_print:        load time =    2170.13 ms
llama_perf_context_print: prompt eval time =     360.07 ms /    29 tokens (   12.42 ms per token,    80.54 tokens per second)
llama_perf_context_print:        eval time =     214.96 ms /     5 runs   (   42.99 ms per token,    23.26 tokens per second)
llama_perf_context_print:       total time =     576.64 ms /    34 tokens
llama_perf_context_print:    graphs reused =          4
[gpt oss 20B] 6. short query
Llama.generate: 404 prefix-match hit, remaining 31 prompt tokens to eval
llama_perf_context_print:        load time =    2170.13 ms
llama_perf_context_print: prompt eval time =     393.19 ms /    31 tokens (   12.68 ms per token,    78.84 tokens per second)
llama_perf_context_print:        eval time =     215.83 ms /     5 runs   (   43.17 ms per token,    23.17 tokens per second)
llama_perf_context_print:       total time =     615.70 ms /    36 tokens
llama_perf_context_print:    graphs reused =          4
[gpt oss 20B] 7. short query
Llama.generate: 440 prefix-match hit, remaining 26 prompt tokens to eval
llama_perf_context_print:        load time =    2170.13 ms
llama_perf_context_print: prompt eval time =     338.51 ms /    26 tokens (   13.02 ms per token,    76.81 tokens per second)
llama_perf_context_print:        eval time =     213.99 ms /     5 runs   (   42.80 ms per token,    23.37 tokens per second)
llama_perf_context_print:       total time =     555.71 ms /    31 tokens
llama_perf_context_print:    graphs reused =          4
[gpt oss 20B] 8. short query
Llama.generate: 471 prefix-match hit, remaining 27 prompt tokens to eval
llama_perf_context_print:        load time =    2170.13 ms
llama_perf_context_print: prompt eval time =     348.17 ms /    27 tokens (   12.90 ms per token,    77.55 tokens per second)
llama_perf_context_print:        eval time =     212.85 ms /     5 runs   (   42.57 ms per token,    23.49 tokens per second)
llama_perf_context_print:       total time =     562.64 ms /    32 tokens
llama_perf_context_print:    graphs reused =          4
[gpt oss 20B] 9. short query
Llama.generate: 503 prefix-match hit, remaining 27 prompt tokens to eval
llama_perf_context_print:        load time =    2170.13 ms
llama_perf_context_print: prompt eval time =     356.87 ms /    27 tokens (   13.22 ms per token,    75.66 tokens per second)
llama_perf_context_print:        eval time =     217.78 ms /     5 runs   (   43.56 ms per token,    22.96 tokens per second)
llama_perf_context_print:       total time =     576.36 ms /    32 tokens
llama_perf_context_print:    graphs reused =          4
[gpt oss 20B] 10. short query
Llama.generate: 535 prefix-match hit, remaining 31 prompt tokens to eval
llama_perf_context_print:        load time =    2170.13 ms
llama_perf_context_print: prompt eval time =     413.38 ms /    31 tokens (   13.33 ms per token,    74.99 tokens per second)
llama_perf_context_print:        eval time =     215.81 ms /     5 runs   (   43.16 ms per token,    23.17 tokens per second)
llama_perf_context_print:       total time =     630.86 ms /    36 tokens
llama_perf_context_print:    graphs reused =          4
[gpt oss 20B] 11. short query
Llama.generate: 571 prefix-match hit, remaining 27 prompt tokens to eval
llama_perf_context_print:        load time =    2170.13 ms
llama_perf_context_print: prompt eval time =     353.24 ms /    27 tokens (   13.08 ms per token,    76.43 tokens per second)
llama_perf_context_print:        eval time =     217.65 ms /     5 runs   (   43.53 ms per token,    22.97 tokens per second)
llama_perf_context_print:       total time =     572.55 ms /    32 tokens
llama_perf_context_print:    graphs reused =          4
[gpt oss 20B] 12. short query
Llama.generate: 603 prefix-match hit, remaining 28 prompt tokens to eval
llama_perf_context_print:        load time =    2170.13 ms
llama_perf_context_print: prompt eval time =     368.35 ms /    28 tokens (   13.16 ms per token,    76.02 tokens per second)
llama_perf_context_print:        eval time =     220.02 ms /     5 runs   (   44.00 ms per token,    22.73 tokens per second)
llama_perf_context_print:       total time =     590.06 ms /    33 tokens
llama_perf_context_print:    graphs reused =          4
[gpt oss 20B] 13. short query
Llama.generate: 636 prefix-match hit, remaining 29 prompt tokens to eval
llama_perf_context_print:        load time =    2170.13 ms
llama_perf_context_print: prompt eval time =     383.23 ms /    29 tokens (   13.21 ms per token,    75.67 tokens per second)
llama_perf_context_print:        eval time =     220.57 ms /     5 runs   (   44.11 ms per token,    22.67 tokens per second)
llama_perf_context_print:       total time =     605.41 ms /    34 tokens
llama_perf_context_print:    graphs reused =          4
[gpt oss 20B] 14. short query
Llama.generate: 670 prefix-match hit, remaining 29 prompt tokens to eval
llama_perf_context_print:        load time =    2170.13 ms
llama_perf_context_print: prompt eval time =     383.61 ms /    29 tokens (   13.23 ms per token,    75.60 tokens per second)
llama_perf_context_print:        eval time =     216.86 ms /     5 runs   (   43.37 ms per token,    23.06 tokens per second)
llama_perf_context_print:       total time =     602.12 ms /    34 tokens
llama_perf_context_print:    graphs reused =          4
[gpt oss 20B] 15. short query
Llama.generate: 704 prefix-match hit, remaining 27 prompt tokens to eval
llama_perf_context_print:        load time =    2170.13 ms
llama_perf_context_print: prompt eval time =     359.80 ms /    27 tokens (   13.33 ms per token,    75.04 tokens per second)
llama_perf_context_print:        eval time =     218.03 ms /     5 runs   (   43.61 ms per token,    22.93 tokens per second)
llama_perf_context_print:       total time =     579.53 ms /    32 tokens
llama_perf_context_print:    graphs reused =          4
[gpt oss 20B] 0. long query
Llama.generate: 200 prefix-match hit, remaining 82 prompt tokens to eval
llama_perf_context_print:        load time =    2170.13 ms
llama_perf_context_print: prompt eval time =     877.66 ms /    82 tokens (   10.70 ms per token,    93.43 tokens per second)
llama_perf_context_print:        eval time =     809.29 ms /    19 runs   (   42.59 ms per token,    23.48 tokens per second)
llama_perf_context_print:       total time =    1692.01 ms /   101 tokens
llama_perf_context_print:    graphs reused =         18
[gpt oss 20B] 1. long query
Llama.generate: 301 prefix-match hit, remaining 82 prompt tokens to eval
llama_perf_context_print:        load time =    2170.13 ms
llama_perf_context_print: prompt eval time =     900.20 ms /    82 tokens (   10.98 ms per token,    91.09 tokens per second)
llama_perf_context_print:        eval time =     554.11 ms /    13 runs   (   42.62 ms per token,    23.46 tokens per second)
llama_perf_context_print:       total time =    1457.86 ms /    95 tokens
llama_perf_context_print:    graphs reused =         12
[gpt oss 20B] 2. long query
Llama.generate: 396 prefix-match hit, remaining 80 prompt tokens to eval
llama_perf_context_print:        load time =    2170.13 ms
llama_perf_context_print: prompt eval time =     881.21 ms /    80 tokens (   11.02 ms per token,    90.78 tokens per second)
llama_perf_context_print:        eval time =     599.49 ms /    14 runs   (   42.82 ms per token,    23.35 tokens per second)
llama_perf_context_print:       total time =    1484.50 ms /    94 tokens
llama_perf_context_print:    graphs reused =         13
[gpt oss 20B] 3. long query
Llama.generate: 490 prefix-match hit, remaining 84 prompt tokens to eval
llama_perf_context_print:        load time =    2170.13 ms
llama_perf_context_print: prompt eval time =     923.27 ms /    84 tokens (   10.99 ms per token,    90.98 tokens per second)
llama_perf_context_print:        eval time =     604.16 ms /    14 runs   (   43.15 ms per token,    23.17 tokens per second)
llama_perf_context_print:       total time =    1531.24 ms /    98 tokens
llama_perf_context_print:    graphs reused =         13
[gpt oss 20B] 4. long query
Llama.generate: 588 prefix-match hit, remaining 90 prompt tokens to eval
llama_perf_context_print:        load time =    2170.13 ms
llama_perf_context_print: prompt eval time =     989.77 ms /    90 tokens (   11.00 ms per token,    90.93 tokens per second)
llama_perf_context_print:        eval time =     562.92 ms /    13 runs   (   43.30 ms per token,    23.09 tokens per second)
llama_perf_context_print:       total time =    1556.35 ms /   103 tokens
llama_perf_context_print:    graphs reused =         12
[gpt oss 20B] 5. long query
Llama.generate: 691 prefix-match hit, remaining 91 prompt tokens to eval
llama_perf_context_print:        load time =    2170.13 ms
llama_perf_context_print: prompt eval time =    1024.50 ms /    91 tokens (   11.26 ms per token,    88.82 tokens per second)
llama_perf_context_print:        eval time =     622.35 ms /    14 runs   (   44.45 ms per token,    22.50 tokens per second)
llama_perf_context_print:       total time =    1650.75 ms /   105 tokens
llama_perf_context_print:    graphs reused =         13
[gpt oss 20B] 6. long query
Llama.generate: 796 prefix-match hit, remaining 85 prompt tokens to eval
llama_perf_context_print:        load time =    2170.13 ms
llama_perf_context_print: prompt eval time =     949.99 ms /    85 tokens (   11.18 ms per token,    89.47 tokens per second)
llama_perf_context_print:        eval time =     618.81 ms /    14 runs   (   44.20 ms per token,    22.62 tokens per second)
llama_perf_context_print:       total time =    1572.67 ms /    99 tokens
llama_perf_context_print:    graphs reused =         13
[gpt oss 20B] 7. long query
Llama.generate: 895 prefix-match hit, remaining 89 prompt tokens to eval
llama_perf_context_print:        load time =    2170.13 ms
llama_perf_context_print: prompt eval time =    1007.51 ms /    89 tokens (   11.32 ms per token,    88.34 tokens per second)
llama_perf_context_print:        eval time =     621.27 ms /    14 runs   (   44.38 ms per token,    22.53 tokens per second)
llama_perf_context_print:       total time =    1632.67 ms /   103 tokens
llama_perf_context_print:    graphs reused =         13
[gpt oss 20B] 8. long query
Llama.generate: 998 prefix-match hit, remaining 86 prompt tokens to eval
llama_perf_context_print:        load time =    2170.13 ms
llama_perf_context_print: prompt eval time =     984.79 ms /    86 tokens (   11.45 ms per token,    87.33 tokens per second)
llama_perf_context_print:        eval time =     677.00 ms /    15 runs   (   45.13 ms per token,    22.16 tokens per second)
llama_perf_context_print:       total time =    1666.02 ms /   101 tokens
llama_perf_context_print:    graphs reused =         14
[gpt oss 20B] 9. long query
Llama.generate: 1099 prefix-match hit, remaining 89 prompt tokens to eval
llama_perf_context_print:        load time =    2170.13 ms
llama_perf_context_print: prompt eval time =    1013.18 ms /    89 tokens (   11.38 ms per token,    87.84 tokens per second)
llama_perf_context_print:        eval time =     674.78 ms /    15 runs   (   44.99 ms per token,    22.23 tokens per second)
llama_perf_context_print:       total time =    1692.26 ms /   104 tokens
llama_perf_context_print:    graphs reused =         14
[gpt oss 20B] 10. long query
Llama.generate: 1203 prefix-match hit, remaining 82 prompt tokens to eval
llama_perf_context_print:        load time =    2170.13 ms
llama_perf_context_print: prompt eval time =     948.04 ms /    82 tokens (   11.56 ms per token,    86.49 tokens per second)
llama_perf_context_print:        eval time =     639.16 ms /    14 runs   (   45.65 ms per token,    21.90 tokens per second)
llama_perf_context_print:       total time =    1591.24 ms /    96 tokens
llama_perf_context_print:    graphs reused =         13
[gpt oss 20B] 11. long query
Llama.generate: 1299 prefix-match hit, remaining 86 prompt tokens to eval
llama_perf_context_print:        load time =    2170.13 ms
llama_perf_context_print: prompt eval time =     992.57 ms /    86 tokens (   11.54 ms per token,    86.64 tokens per second)
llama_perf_context_print:        eval time =     683.40 ms /    15 runs   (   45.56 ms per token,    21.95 tokens per second)
llama_perf_context_print:       total time =    1680.23 ms /   101 tokens
llama_perf_context_print:    graphs reused =         14
[gpt oss 20B] 12. long query
Llama.generate: 1400 prefix-match hit, remaining 87 prompt tokens to eval
llama_perf_context_print:        load time =    2170.13 ms
llama_perf_context_print: prompt eval time =     994.09 ms /    87 tokens (   11.43 ms per token,    87.52 tokens per second)
llama_perf_context_print:        eval time =     641.78 ms /    14 runs   (   45.84 ms per token,    21.81 tokens per second)
llama_perf_context_print:       total time =    1644.94 ms /   101 tokens
llama_perf_context_print:    graphs reused =         13
[gpt oss 20B] 13. long query
Llama.generate: 1501 prefix-match hit, remaining 84 prompt tokens to eval
llama_perf_context_print:        load time =    2170.13 ms
llama_perf_context_print: prompt eval time =     977.12 ms /    84 tokens (   11.63 ms per token,    85.97 tokens per second)
llama_perf_context_print:        eval time =     599.60 ms /    13 runs   (   46.12 ms per token,    21.68 tokens per second)
llama_perf_context_print:       total time =    1585.56 ms /    97 tokens
llama_perf_context_print:    graphs reused =         12
[gpt oss 20B] 14. long query
Llama.generate: 1598 prefix-match hit, remaining 90 prompt tokens to eval
llama_perf_context_print:        load time =    2170.13 ms
llama_perf_context_print: prompt eval time =    1049.91 ms /    90 tokens (   11.67 ms per token,    85.72 tokens per second)
llama_perf_context_print:        eval time =     648.66 ms /    14 runs   (   46.33 ms per token,    21.58 tokens per second)
llama_perf_context_print:       total time =    1707.80 ms /   104 tokens
llama_perf_context_print:    graphs reused =         13
[gpt oss 20B] 15. long query
Llama.generate: 1702 prefix-match hit, remaining 94 prompt tokens to eval
llama_perf_context_print:        load time =    2170.13 ms
llama_perf_context_print: prompt eval time =    1107.24 ms /    94 tokens (   11.78 ms per token,    84.90 tokens per second)
llama_perf_context_print:        eval time =     652.81 ms /    14 runs   (   46.63 ms per token,    21.45 tokens per second)
llama_perf_context_print:       total time =    1769.35 ms /   108 tokens
llama_perf_context_print:    graphs reused =         13
~llama_context:        CPU compute buffer size is 434.5215 MiB, matches expectation of 434.5215 MiB
--- Qwen3.6 14B A3B vibeforged ---
[Qwen3.6 14B A3B vibeforged] 0. short query
Llama.generate: 211 prefix-match hit, remaining 24 prompt tokens to eval
llama_perf_context_print:        load time =    1770.85 ms
llama_perf_context_print: prompt eval time =     230.60 ms /    24 tokens (    9.61 ms per token,   104.08 tokens per second)
llama_perf_context_print:        eval time =    1299.82 ms /    31 runs   (   41.93 ms per token,    23.85 tokens per second)
llama_perf_context_print:       total time =    1540.09 ms /    55 tokens
llama_perf_context_print:    graphs reused =         29
[Qwen3.6 14B A3B vibeforged] 1. short query
Llama.generate: 266 prefix-match hit, remaining 25 prompt tokens to eval
llama_perf_context_print:        load time =    1770.85 ms
llama_perf_context_print: prompt eval time =     247.33 ms /    25 tokens (    9.89 ms per token,   101.08 tokens per second)
llama_perf_context_print:        eval time =    1451.01 ms /    34 runs   (   42.68 ms per token,    23.43 tokens per second)
llama_perf_context_print:       total time =    1712.00 ms /    59 tokens
llama_perf_context_print:    graphs reused =         33
[Qwen3.6 14B A3B vibeforged] 2. short query
Llama.generate: 325 prefix-match hit, remaining 26 prompt tokens to eval
llama_perf_context_print:        load time =    1770.85 ms
llama_perf_context_print: prompt eval time =     249.67 ms /    26 tokens (    9.60 ms per token,   104.14 tokens per second)
llama_perf_context_print:        eval time =    1280.61 ms /    30 runs   (   42.69 ms per token,    23.43 tokens per second)
llama_perf_context_print:       total time =    1539.64 ms /    56 tokens
llama_perf_context_print:    graphs reused =         29
[Qwen3.6 14B A3B vibeforged] 3. short query
Llama.generate: 381 prefix-match hit, remaining 27 prompt tokens to eval
llama_perf_context_print:        load time =    1770.85 ms
llama_perf_context_print: prompt eval time =     259.52 ms /    27 tokens (    9.61 ms per token,   104.04 tokens per second)
llama_perf_context_print:        eval time =    1282.36 ms /    30 runs   (   42.75 ms per token,    23.39 tokens per second)
llama_perf_context_print:       total time =    1550.92 ms /    57 tokens
llama_perf_context_print:    graphs reused =         29
[Qwen3.6 14B A3B vibeforged] 4. short query
Llama.generate: 438 prefix-match hit, remaining 23 prompt tokens to eval
llama_perf_context_print:        load time =    1770.85 ms
llama_perf_context_print: prompt eval time =     226.63 ms /    23 tokens (    9.85 ms per token,   101.49 tokens per second)
llama_perf_context_print:        eval time =    1281.21 ms /    30 runs   (   42.71 ms per token,    23.42 tokens per second)
llama_perf_context_print:       total time =    1516.95 ms /    53 tokens
llama_perf_context_print:    graphs reused =         29
[Qwen3.6 14B A3B vibeforged] 5. short query
Llama.generate: 491 prefix-match hit, remaining 26 prompt tokens to eval
llama_perf_context_print:        load time =    1770.85 ms
llama_perf_context_print: prompt eval time =     251.32 ms /    26 tokens (    9.67 ms per token,   103.45 tokens per second)
llama_perf_context_print:        eval time =    2145.89 ms /    50 runs   (   42.92 ms per token,    23.30 tokens per second)
llama_perf_context_print:       total time =    2412.69 ms /    76 tokens
llama_perf_context_print:    graphs reused =         49
[Qwen3.6 14B A3B vibeforged] 6. short query
Llama.generate: 567 prefix-match hit, remaining 28 prompt tokens to eval
llama_perf_context_print:        load time =    1770.85 ms
llama_perf_context_print: prompt eval time =     266.38 ms /    28 tokens (    9.51 ms per token,   105.11 tokens per second)
llama_perf_context_print:        eval time =    1499.44 ms /    35 runs   (   42.84 ms per token,    23.34 tokens per second)
llama_perf_context_print:       total time =    1777.28 ms /    63 tokens
llama_perf_context_print:    graphs reused =         34
[Qwen3.6 14B A3B vibeforged] 7. short query
Llama.generate: 630 prefix-match hit, remaining 23 prompt tokens to eval
llama_perf_context_print:        load time =    1770.85 ms
llama_perf_context_print: prompt eval time =     233.05 ms /    23 tokens (   10.13 ms per token,    98.69 tokens per second)
llama_perf_context_print:        eval time =    2027.11 ms /    47 runs   (   43.13 ms per token,    23.19 tokens per second)
llama_perf_context_print:       total time =    2275.13 ms /    70 tokens
llama_perf_context_print:    graphs reused =         46
[Qwen3.6 14B A3B vibeforged] 8. short query
Llama.generate: 700 prefix-match hit, remaining 24 prompt tokens to eval
llama_perf_context_print:        load time =    1770.85 ms
llama_perf_context_print: prompt eval time =     237.18 ms /    24 tokens (    9.88 ms per token,   101.19 tokens per second)
llama_perf_context_print:        eval time =    1252.19 ms /    29 runs   (   43.18 ms per token,    23.16 tokens per second)
llama_perf_context_print:       total time =    1498.59 ms /    53 tokens
llama_perf_context_print:    graphs reused =         28
[Qwen3.6 14B A3B vibeforged] 9. short query
Llama.generate: 753 prefix-match hit, remaining 24 prompt tokens to eval
llama_perf_context_print:        load time =    1770.85 ms
llama_perf_context_print: prompt eval time =     269.94 ms /    24 tokens (   11.25 ms per token,    88.91 tokens per second)
llama_perf_context_print:        eval time =    1650.05 ms /    38 runs   (   43.42 ms per token,    23.03 tokens per second)
llama_perf_context_print:       total time =    1932.64 ms /    62 tokens
llama_perf_context_print:    graphs reused =         37
[Qwen3.6 14B A3B vibeforged] 10. short query
Llama.generate: 815 prefix-match hit, remaining 29 prompt tokens to eval
llama_perf_context_print:        load time =    1770.85 ms
llama_perf_context_print: prompt eval time =     285.80 ms /    29 tokens (    9.86 ms per token,   101.47 tokens per second)
llama_perf_context_print:        eval time =    1000.11 ms /    23 runs   (   43.48 ms per token,    23.00 tokens per second)
llama_perf_context_print:       total time =    1293.41 ms /    52 tokens
llama_perf_context_print:    graphs reused =         22
[Qwen3.6 14B A3B vibeforged] 11. short query
Llama.generate: 867 prefix-match hit, remaining 24 prompt tokens to eval
llama_perf_context_print:        load time =    1770.85 ms
llama_perf_context_print: prompt eval time =     241.05 ms /    24 tokens (   10.04 ms per token,    99.57 tokens per second)
llama_perf_context_print:        eval time =    1558.93 ms /    36 runs   (   43.30 ms per token,    23.09 tokens per second)
llama_perf_context_print:       total time =    1812.13 ms /    60 tokens
llama_perf_context_print:    graphs reused =         35
[Qwen3.6 14B A3B vibeforged] 12. short query
Llama.generate: 922 prefix-match found but partial kv removal not supported, re-evaluating full prompt
llama_perf_context_print:        load time =    1770.85 ms
llama_perf_context_print: prompt eval time =    7559.40 ms /   952 tokens (    7.94 ms per token,   125.94 tokens per second)
llama_perf_context_print:        eval time =    1892.94 ms /    44 runs   (   43.02 ms per token,    23.24 tokens per second)
llama_perf_context_print:       total time =    9468.04 ms /   996 tokens
llama_perf_context_print:    graphs reused =         43
[Qwen3.6 14B A3B vibeforged] 13. short query
Llama.generate: 996 prefix-match hit, remaining 26 prompt tokens to eval
llama_perf_context_print:        load time =    1770.85 ms
llama_perf_context_print: prompt eval time =     264.57 ms /    26 tokens (   10.18 ms per token,    98.27 tokens per second)
llama_perf_context_print:        eval time =    1342.69 ms /    31 runs   (   43.31 ms per token,    23.09 tokens per second)
llama_perf_context_print:       total time =    1617.13 ms /    57 tokens
llama_perf_context_print:    graphs reused =         29
[Qwen3.6 14B A3B vibeforged] 14. short query
Llama.generate: 1053 prefix-match hit, remaining 26 prompt tokens to eval
llama_perf_context_print:        load time =    1770.85 ms
llama_perf_context_print: prompt eval time =     264.43 ms /    26 tokens (   10.17 ms per token,    98.33 tokens per second)
llama_perf_context_print:        eval time =    1833.85 ms /    42 runs   (   43.66 ms per token,    22.90 tokens per second)
llama_perf_context_print:       total time =    2112.38 ms /    68 tokens
llama_perf_context_print:    graphs reused =         41
[Qwen3.6 14B A3B vibeforged] 15. short query
Llama.generate: 1121 prefix-match hit, remaining 24 prompt tokens to eval
llama_perf_context_print:        load time =    1770.85 ms
llama_perf_context_print: prompt eval time =     244.77 ms /    24 tokens (   10.20 ms per token,    98.05 tokens per second)
llama_perf_context_print:        eval time =    1489.58 ms /    34 runs   (   43.81 ms per token,    22.83 tokens per second)
llama_perf_context_print:       total time =    1745.42 ms /    58 tokens
llama_perf_context_print:    graphs reused =         33
[Qwen3.6 14B A3B vibeforged] 0. long query
Llama.generate: 211 prefix-match hit, remaining 80 prompt tokens to eval
llama_perf_context_print:        load time =    1770.85 ms
llama_perf_context_print: prompt eval time =     629.05 ms /    80 tokens (    7.86 ms per token,   127.18 tokens per second)
llama_perf_context_print:        eval time =    1663.37 ms /    39 runs   (   42.65 ms per token,    23.45 tokens per second)
llama_perf_context_print:       total time =    2305.28 ms /   119 tokens
llama_perf_context_print:    graphs reused =         38
[Qwen3.6 14B A3B vibeforged] 1. long query
Llama.generate: 330 prefix-match hit, remaining 78 prompt tokens to eval
llama_perf_context_print:        load time =    1770.85 ms
llama_perf_context_print: prompt eval time =     622.27 ms /    78 tokens (    7.98 ms per token,   125.35 tokens per second)
llama_perf_context_print:        eval time =    1794.42 ms /    42 runs   (   42.72 ms per token,    23.41 tokens per second)
llama_perf_context_print:       total time =    2430.39 ms /   120 tokens
llama_perf_context_print:    graphs reused =         41
[Qwen3.6 14B A3B vibeforged] 2. long query
Llama.generate: 436 prefix-match found but partial kv removal not supported, re-evaluating full prompt
llama_perf_context_print:        load time =    1770.85 ms
llama_perf_context_print: prompt eval time =    4167.89 ms /   527 tokens (    7.91 ms per token,   126.44 tokens per second)
llama_perf_context_print:        eval time =    1704.03 ms /    40 runs   (   42.60 ms per token,    23.47 tokens per second)
llama_perf_context_print:       total time =    5886.43 ms /   567 tokens
llama_perf_context_print:    graphs reused =         39
[Qwen3.6 14B A3B vibeforged] 3. long query
Llama.generate: 567 prefix-match hit, remaining 82 prompt tokens to eval
llama_perf_context_print:        load time =    1770.85 ms
llama_perf_context_print: prompt eval time =     677.74 ms /    82 tokens (    8.27 ms per token,   120.99 tokens per second)
llama_perf_context_print:        eval time =    1705.53 ms /    40 runs   (   42.64 ms per token,    23.45 tokens per second)
llama_perf_context_print:       total time =    2396.42 ms /   122 tokens
llama_perf_context_print:    graphs reused =         39
[Qwen3.6 14B A3B vibeforged] 4. long query
Llama.generate: 689 prefix-match hit, remaining 87 prompt tokens to eval
llama_perf_context_print:        load time =    1770.85 ms
llama_perf_context_print: prompt eval time =     713.55 ms /    87 tokens (    8.20 ms per token,   121.93 tokens per second)
llama_perf_context_print:        eval time =    2025.81 ms /    47 runs   (   43.10 ms per token,    23.20 tokens per second)
llama_perf_context_print:       total time =    2754.14 ms /   134 tokens
llama_perf_context_print:    graphs reused =         46
[Qwen3.6 14B A3B vibeforged] 5. long query
Llama.generate: 823 prefix-match hit, remaining 86 prompt tokens to eval
llama_perf_context_print:        load time =    1770.85 ms
llama_perf_context_print: prompt eval time =     728.06 ms /    86 tokens (    8.47 ms per token,   118.12 tokens per second)
llama_perf_context_print:        eval time =    1937.89 ms /    45 runs   (   43.06 ms per token,    23.22 tokens per second)
llama_perf_context_print:       total time =    2680.95 ms /   131 tokens
llama_perf_context_print:    graphs reused =         44
[Qwen3.6 14B A3B vibeforged] 6. long query
Llama.generate: 954 prefix-match hit, remaining 81 prompt tokens to eval
llama_perf_context_print:        load time =    1770.85 ms
llama_perf_context_print: prompt eval time =     669.21 ms /    81 tokens (    8.26 ms per token,   121.04 tokens per second)
llama_perf_context_print:        eval time =    1868.51 ms /    43 runs   (   43.45 ms per token,    23.01 tokens per second)
llama_perf_context_print:       total time =    2551.57 ms /   124 tokens
llama_perf_context_print:    graphs reused =         42
[Qwen3.6 14B A3B vibeforged] 7. long query
Llama.generate: 1078 prefix-match hit, remaining 87 prompt tokens to eval
llama_perf_context_print:        load time =    1770.85 ms
llama_perf_context_print: prompt eval time =     845.19 ms /    87 tokens (    9.71 ms per token,   102.93 tokens per second)
llama_perf_context_print:        eval time =    1929.64 ms /    44 runs   (   43.86 ms per token,    22.80 tokens per second)
llama_perf_context_print:       total time =    2789.71 ms /   131 tokens
llama_perf_context_print:    graphs reused =         43
[Qwen3.6 14B A3B vibeforged] 8. long query
Llama.generate: 1209 prefix-match hit, remaining 83 prompt tokens to eval
llama_perf_context_print:        load time =    1770.85 ms
llama_perf_context_print: prompt eval time =     724.45 ms /    83 tokens (    8.73 ms per token,   114.57 tokens per second)
llama_perf_context_print:        eval time =    1940.12 ms /    44 runs   (   44.09 ms per token,    22.68 tokens per second)
llama_perf_context_print:       total time =    2679.03 ms /   127 tokens
llama_perf_context_print:    graphs reused =         43
[Qwen3.6 14B A3B vibeforged] 9. long query
Llama.generate: 1336 prefix-match hit, remaining 84 prompt tokens to eval
llama_perf_context_print:        load time =    1770.85 ms
llama_perf_context_print: prompt eval time =     714.69 ms /    84 tokens (    8.51 ms per token,   117.53 tokens per second)
llama_perf_context_print:        eval time =    1935.82 ms /    44 runs   (   44.00 ms per token,    22.73 tokens per second)
llama_perf_context_print:       total time =    2664.52 ms /   128 tokens
llama_perf_context_print:    graphs reused =         43
[Qwen3.6 14B A3B vibeforged] 10. long query
Llama.generate: 1464 prefix-match hit, remaining 79 prompt tokens to eval
llama_perf_context_print:        load time =    1770.85 ms
llama_perf_context_print: prompt eval time =     716.11 ms /    79 tokens (    9.06 ms per token,   110.32 tokens per second)
llama_perf_context_print:        eval time =    1861.82 ms /    42 runs   (   44.33 ms per token,    22.56 tokens per second)
llama_perf_context_print:       total time =    2591.85 ms /   121 tokens
llama_perf_context_print:    graphs reused =         41
[Qwen3.6 14B A3B vibeforged] 11. long query
Llama.generate: 1585 prefix-match hit, remaining 83 prompt tokens to eval
llama_perf_context_print:        load time =    1770.85 ms
llama_perf_context_print: prompt eval time =     757.14 ms /    83 tokens (    9.12 ms per token,   109.62 tokens per second)
llama_perf_context_print:        eval time =    1863.61 ms /    42 runs   (   44.37 ms per token,    22.54 tokens per second)
llama_perf_context_print:       total time =    2634.18 ms /   125 tokens
llama_perf_context_print:    graphs reused =         41
[Qwen3.6 14B A3B vibeforged] 12. long query
Llama.generate: 1710 prefix-match hit, remaining 87 prompt tokens to eval
llama_perf_context_print:        load time =    1770.85 ms
llama_perf_context_print: prompt eval time =     753.00 ms /    87 tokens (    8.66 ms per token,   115.54 tokens per second)
llama_perf_context_print:        eval time =    1919.81 ms /    43 runs   (   44.65 ms per token,    22.40 tokens per second)
llama_perf_context_print:       total time =    2687.16 ms /   130 tokens
llama_perf_context_print:    graphs reused =         42
[Qwen3.6 14B A3B vibeforged] 13. long query
Llama.generate: 1840 prefix-match hit, remaining 84 prompt tokens to eval
llama_perf_context_print:        load time =    1770.85 ms
llama_perf_context_print: prompt eval time =     733.35 ms /    84 tokens (    8.73 ms per token,   114.54 tokens per second)
llama_perf_context_print:        eval time =    1877.36 ms /    42 runs   (   44.70 ms per token,    22.37 tokens per second)
llama_perf_context_print:       total time =    2624.24 ms /   126 tokens
llama_perf_context_print:    graphs reused =         41
[Qwen3.6 14B A3B vibeforged] 14. long query
Llama.generate: 1966 prefix-match hit, remaining 89 prompt tokens to eval
llama_perf_context_print:        load time =    1770.85 ms
llama_perf_context_print: prompt eval time =     816.76 ms /    89 tokens (    9.18 ms per token,   108.97 tokens per second)
llama_perf_context_print:        eval time =    1938.15 ms /    43 runs   (   45.07 ms per token,    22.19 tokens per second)
llama_perf_context_print:       total time =    2768.76 ms /   132 tokens
llama_perf_context_print:    graphs reused =         42
[Qwen3.6 14B A3B vibeforged] 15. long query
Llama.generate: 2098 prefix-match hit, remaining 90 prompt tokens to eval
llama_perf_context_print:        load time =    1770.85 ms
llama_perf_context_print: prompt eval time =     791.20 ms /    90 tokens (    8.79 ms per token,   113.75 tokens per second)
llama_perf_context_print:        eval time =    1937.88 ms /    43 runs   (   45.07 ms per token,    22.19 tokens per second)
llama_perf_context_print:       total time =    2743.84 ms /   133 tokens
llama_perf_context_print:    graphs reused =         42
~llama_context:        CPU compute buffer size is 501.0196 MiB, matches expectation of 501.0196 MiB
--- Ministral 3 14B ---
[Ministral 3 14B] 0. short query
Llama.generate: 212 prefix-match hit, remaining 14 prompt tokens to eval
llama_perf_context_print:        load time =    3892.94 ms
llama_perf_context_print: prompt eval time =     422.30 ms /    14 tokens (   30.16 ms per token,    33.15 tokens per second)
llama_perf_context_print:        eval time =    3822.74 ms /    28 runs   (  136.53 ms per token,     7.32 tokens per second)
llama_perf_context_print:       total time =    4251.12 ms /    42 tokens
llama_perf_context_print:    graphs reused =          0
[Ministral 3 14B] 1. short query
Llama.generate: 254 prefix-match hit, remaining 14 prompt tokens to eval
llama_perf_context_print:        load time =    3892.94 ms
llama_perf_context_print: prompt eval time =     423.78 ms /    14 tokens (   30.27 ms per token,    33.04 tokens per second)
llama_perf_context_print:        eval time =    3999.78 ms /    29 runs   (  137.92 ms per token,     7.25 tokens per second)
llama_perf_context_print:       total time =    4429.56 ms /    43 tokens
llama_perf_context_print:    graphs reused =          0
[Ministral 3 14B] 2. short query
Llama.generate: 297 prefix-match hit, remaining 16 prompt tokens to eval
llama_perf_context_print:        load time =    3892.94 ms
llama_perf_context_print: prompt eval time =     366.09 ms /    16 tokens (   22.88 ms per token,    43.71 tokens per second)
llama_perf_context_print:        eval time =    4693.12 ms /    34 runs   (  138.03 ms per token,     7.24 tokens per second)
llama_perf_context_print:       total time =    5066.55 ms /    50 tokens
llama_perf_context_print:    graphs reused =          0
[Ministral 3 14B] 3. short query
Llama.generate: 347 prefix-match hit, remaining 18 prompt tokens to eval
llama_perf_context_print:        load time =    3892.94 ms
llama_perf_context_print: prompt eval time =     458.49 ms /    18 tokens (   25.47 ms per token,    39.26 tokens per second)
llama_perf_context_print:        eval time =    4971.95 ms /    36 runs   (  138.11 ms per token,     7.24 tokens per second)
llama_perf_context_print:       total time =    5437.76 ms /    54 tokens
llama_perf_context_print:    graphs reused =          0
[Ministral 3 14B] 4. short query
Llama.generate: 401 prefix-match hit, remaining 12 prompt tokens to eval
llama_perf_context_print:        load time =    3892.94 ms
llama_perf_context_print: prompt eval time =     371.03 ms /    12 tokens (   30.92 ms per token,    32.34 tokens per second)
llama_perf_context_print:        eval time =    4006.21 ms /    29 runs   (  138.15 ms per token,     7.24 tokens per second)
llama_perf_context_print:       total time =    4383.34 ms /    41 tokens
llama_perf_context_print:    graphs reused =          0
[Ministral 3 14B] 5. short query
Llama.generate: 442 prefix-match hit, remaining 15 prompt tokens to eval
llama_perf_context_print:        load time =    3892.94 ms
llama_perf_context_print: prompt eval time =     466.45 ms /    15 tokens (   31.10 ms per token,    32.16 tokens per second)
llama_perf_context_print:        eval time =    4971.65 ms /    36 runs   (  138.10 ms per token,     7.24 tokens per second)
llama_perf_context_print:       total time =    5445.63 ms /    51 tokens
llama_perf_context_print:    graphs reused =          0
[Ministral 3 14B] 6. short query
Llama.generate: 493 prefix-match hit, remaining 17 prompt tokens to eval
llama_perf_context_print:        load time =    3892.94 ms
llama_perf_context_print: prompt eval time =     436.06 ms /    17 tokens (   25.65 ms per token,    38.99 tokens per second)
llama_perf_context_print:        eval time =    5181.92 ms /    37 runs   (  140.05 ms per token,     7.14 tokens per second)
llama_perf_context_print:       total time =    5625.61 ms /    54 tokens
llama_perf_context_print:    graphs reused =          0
[Ministral 3 14B] 7. short query
Llama.generate: 547 prefix-match hit, remaining 13 prompt tokens to eval
llama_perf_context_print:        load time =    3892.94 ms
llama_perf_context_print: prompt eval time =     410.41 ms /    13 tokens (   31.57 ms per token,    31.68 tokens per second)
llama_perf_context_print:        eval time =    4904.41 ms /    35 runs   (  140.13 ms per token,     7.14 tokens per second)
llama_perf_context_print:       total time =    5321.83 ms /    48 tokens
llama_perf_context_print:    graphs reused =          0
[Ministral 3 14B] 8. short query
Llama.generate: 595 prefix-match hit, remaining 13 prompt tokens to eval
llama_perf_context_print:        load time =    3892.94 ms
llama_perf_context_print: prompt eval time =     414.44 ms /    13 tokens (   31.88 ms per token,    31.37 tokens per second)
llama_perf_context_print:        eval time =    3503.97 ms /    25 runs   (  140.16 ms per token,     7.13 tokens per second)
llama_perf_context_print:       total time =    3923.65 ms /    38 tokens
llama_perf_context_print:    graphs reused =          0
[Ministral 3 14B] 9. short query
Llama.generate: 633 prefix-match hit, remaining 13 prompt tokens to eval
llama_perf_context_print:        load time =    3892.94 ms
llama_perf_context_print: prompt eval time =     417.06 ms /    13 tokens (   32.08 ms per token,    31.17 tokens per second)
llama_perf_context_print:        eval time =    4064.71 ms /    29 runs   (  140.16 ms per token,     7.13 tokens per second)
llama_perf_context_print:       total time =    4487.77 ms /    42 tokens
llama_perf_context_print:    graphs reused =          0
[Ministral 3 14B] 10. short query
Llama.generate: 675 prefix-match hit, remaining 18 prompt tokens to eval
llama_perf_context_print:        load time =    3892.94 ms
llama_perf_context_print: prompt eval time =     483.00 ms /    18 tokens (   26.83 ms per token,    37.27 tokens per second)
llama_perf_context_print:        eval time =    3785.10 ms /    27 runs   (  140.19 ms per token,     7.13 tokens per second)
llama_perf_context_print:       total time =    4273.86 ms /    45 tokens
llama_perf_context_print:    graphs reused =          0
[Ministral 3 14B] 11. short query
Llama.generate: 720 prefix-match hit, remaining 13 prompt tokens to eval
llama_perf_context_print:        load time =    3892.94 ms
llama_perf_context_print: prompt eval time =     422.43 ms /    13 tokens (   32.49 ms per token,    30.77 tokens per second)
llama_perf_context_print:        eval time =    4064.05 ms /    29 runs   (  140.14 ms per token,     7.14 tokens per second)
llama_perf_context_print:       total time =    4492.66 ms /    42 tokens
llama_perf_context_print:    graphs reused =          0
[Ministral 3 14B] 12. short query
Llama.generate: 762 prefix-match hit, remaining 14 prompt tokens to eval
llama_perf_context_print:        load time =    3892.94 ms
llama_perf_context_print: prompt eval time =     459.15 ms /    14 tokens (   32.80 ms per token,    30.49 tokens per second)
llama_perf_context_print:        eval time =    4122.93 ms /    29 runs   (  142.17 ms per token,     7.03 tokens per second)
llama_perf_context_print:       total time =    4588.21 ms /    43 tokens
llama_perf_context_print:    graphs reused =          0
[Ministral 3 14B] 13. short query
Llama.generate: 805 prefix-match hit, remaining 15 prompt tokens to eval
llama_perf_context_print:        load time =    3892.94 ms
llama_perf_context_print: prompt eval time =     492.81 ms /    15 tokens (   32.85 ms per token,    30.44 tokens per second)
llama_perf_context_print:        eval time =    4147.44 ms /    28 runs   (  148.12 ms per token,     6.75 tokens per second)
llama_perf_context_print:       total time =    4646.77 ms /    43 tokens
llama_perf_context_print:    graphs reused =          0
[Ministral 3 14B] 14. short query
Llama.generate: 848 prefix-match hit, remaining 15 prompt tokens to eval
llama_perf_context_print:        load time =    3892.94 ms
llama_perf_context_print: prompt eval time =    1018.82 ms /    15 tokens (   67.92 ms per token,    14.72 tokens per second)
llama_perf_context_print:        eval time =    4880.37 ms /    34 runs   (  143.54 ms per token,     6.97 tokens per second)
llama_perf_context_print:       total time =    5906.94 ms /    49 tokens
llama_perf_context_print:    graphs reused =          0
[Ministral 3 14B] 15. short query
Llama.generate: 897 prefix-match hit, remaining 13 prompt tokens to eval
llama_perf_context_print:        load time =    3892.94 ms
llama_perf_context_print: prompt eval time =     435.94 ms /    13 tokens (   33.53 ms per token,    29.82 tokens per second)
llama_perf_context_print:        eval time =    3430.19 ms /    24 runs   (  142.92 ms per token,     7.00 tokens per second)
llama_perf_context_print:       total time =    3871.40 ms /    37 tokens
llama_perf_context_print:    graphs reused =          0
[Ministral 3 14B] 0. long query
Llama.generate: 212 prefix-match hit, remaining 71 prompt tokens to eval
llama_perf_context_print:        load time =    3892.94 ms
llama_perf_context_print: prompt eval time =    1483.90 ms /    71 tokens (   20.90 ms per token,    47.85 tokens per second)
llama_perf_context_print:        eval time =    4416.81 ms /    32 runs   (  138.03 ms per token,     7.25 tokens per second)
llama_perf_context_print:       total time =    5907.55 ms /   103 tokens
llama_perf_context_print:    graphs reused =          0
[Ministral 3 14B] 1. long query
Llama.generate: 315 prefix-match hit, remaining 68 prompt tokens to eval
llama_perf_context_print:        load time =    3892.94 ms
llama_perf_context_print: prompt eval time =    1401.52 ms /    68 tokens (   20.61 ms per token,    48.52 tokens per second)
llama_perf_context_print:        eval time =    5663.97 ms /    41 runs   (  138.15 ms per token,     7.24 tokens per second)
llama_perf_context_print:       total time =    7074.01 ms /   109 tokens
llama_perf_context_print:    graphs reused =          0
[Ministral 3 14B] 2. long query
Llama.generate: 424 prefix-match hit, remaining 68 prompt tokens to eval
llama_perf_context_print:        load time =    3892.94 ms
llama_perf_context_print: prompt eval time =    1423.61 ms /    68 tokens (   20.94 ms per token,    47.77 tokens per second)
llama_perf_context_print:        eval time =    6548.48 ms /    47 runs   (  139.33 ms per token,     7.18 tokens per second)
llama_perf_context_print:       total time =    7982.24 ms /   115 tokens
llama_perf_context_print:    graphs reused =          0
[Ministral 3 14B] 3. long query
Llama.generate: 539 prefix-match hit, remaining 73 prompt tokens to eval
llama_perf_context_print:        load time =    3892.94 ms
llama_perf_context_print: prompt eval time =    1562.60 ms /    73 tokens (   21.41 ms per token,    46.72 tokens per second)
llama_perf_context_print:        eval time =    4767.62 ms /    34 runs   (  140.22 ms per token,     7.13 tokens per second)
llama_perf_context_print:       total time =    6337.37 ms /   107 tokens
llama_perf_context_print:    graphs reused =          0
[Ministral 3 14B] 4. long query
Llama.generate: 646 prefix-match hit, remaining 77 prompt tokens to eval
llama_perf_context_print:        load time =    3892.94 ms
llama_perf_context_print: prompt eval time =    1674.43 ms /    77 tokens (   21.75 ms per token,    45.99 tokens per second)
llama_perf_context_print:        eval time =    6309.02 ms /    45 runs   (  140.20 ms per token,     7.13 tokens per second)
llama_perf_context_print:       total time =    7993.26 ms /   122 tokens
llama_perf_context_print:    graphs reused =          0
[Ministral 3 14B] 5. long query
Llama.generate: 768 prefix-match hit, remaining 82 prompt tokens to eval
llama_perf_context_print:        load time =    3892.94 ms
llama_perf_context_print: prompt eval time =    1718.77 ms /    82 tokens (   20.96 ms per token,    47.71 tokens per second)
llama_perf_context_print:        eval time =    5262.20 ms /    37 runs   (  142.22 ms per token,     7.03 tokens per second)
llama_perf_context_print:       total time =    6988.57 ms /   119 tokens
llama_perf_context_print:    graphs reused =          0
[Ministral 3 14B] 6. long query
Llama.generate: 887 prefix-match hit, remaining 75 prompt tokens to eval
llama_perf_context_print:        load time =    3892.94 ms
llama_perf_context_print: prompt eval time =    1661.73 ms /    75 tokens (   22.16 ms per token,    45.13 tokens per second)
llama_perf_context_print:        eval time =    3840.86 ms /    27 runs   (  142.25 ms per token,     7.03 tokens per second)
llama_perf_context_print:       total time =    5508.33 ms /   102 tokens
llama_perf_context_print:    graphs reused =          0
[Ministral 3 14B] 7. long query
Llama.generate: 989 prefix-match hit, remaining 76 prompt tokens to eval
llama_perf_context_print:        load time =    3892.94 ms
llama_perf_context_print: prompt eval time =    1707.39 ms /    76 tokens (   22.47 ms per token,    44.51 tokens per second)
llama_perf_context_print:        eval time =    5769.38 ms /    40 runs   (  144.23 ms per token,     6.93 tokens per second)
llama_perf_context_print:       total time =    7484.73 ms /   116 tokens
llama_perf_context_print:    graphs reused =          0
[Ministral 3 14B] 8. long query
Llama.generate: 1105 prefix-match hit, remaining 73 prompt tokens to eval
llama_perf_context_print:        load time =    3892.94 ms
llama_perf_context_print: prompt eval time =    1672.19 ms /    73 tokens (   22.91 ms per token,    43.66 tokens per second)
llama_perf_context_print:        eval time =    5048.10 ms /    35 runs   (  144.23 ms per token,     6.93 tokens per second)
llama_perf_context_print:       total time =    6727.32 ms /   108 tokens
llama_perf_context_print:    graphs reused =          0
[Ministral 3 14B] 9. long query
Llama.generate: 1213 prefix-match hit, remaining 76 prompt tokens to eval
llama_perf_context_print:        load time =    3892.94 ms
llama_perf_context_print: prompt eval time =    1748.86 ms /    76 tokens (   23.01 ms per token,    43.46 tokens per second)
llama_perf_context_print:        eval time =    4827.18 ms /    33 runs   (  146.28 ms per token,     6.84 tokens per second)
llama_perf_context_print:       total time =    6582.57 ms /   109 tokens
llama_perf_context_print:    graphs reused =          0
[Ministral 3 14B] 10. long query
Llama.generate: 1322 prefix-match hit, remaining 69 prompt tokens to eval
llama_perf_context_print:        load time =    3892.94 ms
llama_perf_context_print: prompt eval time =    1581.77 ms /    69 tokens (   22.92 ms per token,    43.62 tokens per second)
llama_perf_context_print:        eval time =    4386.03 ms /    30 runs   (  146.20 ms per token,     6.84 tokens per second)
llama_perf_context_print:       total time =    5973.68 ms /    99 tokens
llama_perf_context_print:    graphs reused =          0
[Ministral 3 14B] 11. long query
Llama.generate: 1421 prefix-match hit, remaining 74 prompt tokens to eval
llama_perf_context_print:        load time =    3892.94 ms
llama_perf_context_print: prompt eval time =    1749.01 ms /    74 tokens (   23.64 ms per token,    42.31 tokens per second)
llama_perf_context_print:        eval time =    5564.11 ms /    38 runs   (  146.42 ms per token,     6.83 tokens per second)
llama_perf_context_print:       total time =    7320.65 ms /   112 tokens
llama_perf_context_print:    graphs reused =          0
[Ministral 3 14B] 12. long query
Llama.generate: 1533 prefix-match hit, remaining 79 prompt tokens to eval
llama_perf_context_print:        load time =    3892.94 ms
llama_perf_context_print: prompt eval time =    1890.50 ms /    79 tokens (   23.93 ms per token,    41.79 tokens per second)
llama_perf_context_print:        eval time =    5818.82 ms /    39 runs   (  149.20 ms per token,     6.70 tokens per second)
llama_perf_context_print:       total time =    7717.16 ms /   118 tokens
llama_perf_context_print:    graphs reused =          0
[Ministral 3 14B] 13. long query
Llama.generate: 1651 prefix-match hit, remaining 73 prompt tokens to eval
llama_perf_context_print:        load time =    3892.94 ms
llama_perf_context_print: prompt eval time =    1762.48 ms /    73 tokens (   24.14 ms per token,    41.42 tokens per second)
llama_perf_context_print:        eval time =    4181.05 ms /    28 runs   (  149.32 ms per token,     6.70 tokens per second)
llama_perf_context_print:       total time =    5949.15 ms /   101 tokens
llama_perf_context_print:    graphs reused =          0
[Ministral 3 14B] 14. long query
Llama.generate: 1752 prefix-match hit, remaining 78 prompt tokens to eval
llama_perf_context_print:        load time =    3892.94 ms
llama_perf_context_print: prompt eval time =    1843.27 ms /    78 tokens (   23.63 ms per token,    42.32 tokens per second)
llama_perf_context_print:        eval time =    5021.10 ms /    33 runs   (  152.15 ms per token,     6.57 tokens per second)
llama_perf_context_print:       total time =    6870.90 ms /   111 tokens
llama_perf_context_print:    graphs reused =          0
[Ministral 3 14B] 15. long query
Llama.generate: 1863 prefix-match hit, remaining 80 prompt tokens to eval
llama_perf_context_print:        load time =    3892.94 ms
llama_perf_context_print: prompt eval time =    1856.02 ms /    80 tokens (   23.20 ms per token,    43.10 tokens per second)
llama_perf_context_print:        eval time =    5219.53 ms /    34 runs   (  153.52 ms per token,     6.51 tokens per second)
llama_perf_context_print:       total time =    7082.40 ms /   114 tokens
llama_perf_context_print:    graphs reused =          0
~llama_context:        CPU compute buffer size is 318.0156 MiB, matches expectation of 318.0156 MiB
--- Gemma 4 12B ---
[Gemma 4 12B] 0. short query
Llama.generate: 221 prefix-match hit, remaining 23 prompt tokens to eval
llama_perf_context_print:        load time =    3904.54 ms
llama_perf_context_print: prompt eval time =     516.70 ms /    23 tokens (   22.47 ms per token,    44.51 tokens per second)
llama_perf_context_print:        eval time =    2839.38 ms /    22 runs   (  129.06 ms per token,     7.75 tokens per second)
llama_perf_context_print:       total time =    3363.30 ms /    45 tokens
llama_perf_context_print:    graphs reused =         20
[Gemma 4 12B] 1. short query
Llama.generate: 266 prefix-match hit, remaining 25 prompt tokens to eval
llama_perf_context_print:        load time =    3904.54 ms
llama_perf_context_print: prompt eval time =     566.55 ms /    25 tokens (   22.66 ms per token,    44.13 tokens per second)
llama_perf_context_print:        eval time =    3363.48 ms /    26 runs   (  129.36 ms per token,     7.73 tokens per second)
llama_perf_context_print:       total time =    3938.55 ms /    51 tokens
llama_perf_context_print:    graphs reused =         25
[Gemma 4 12B] 2. short query
Llama.generate: 317 prefix-match hit, remaining 26 prompt tokens to eval
llama_perf_context_print:        load time =    3904.54 ms
llama_perf_context_print: prompt eval time =     602.00 ms /    26 tokens (   23.15 ms per token,    43.19 tokens per second)
llama_perf_context_print:        eval time =    2459.94 ms /    19 runs   (  129.47 ms per token,     7.72 tokens per second)
llama_perf_context_print:       total time =    3068.30 ms /    45 tokens
llama_perf_context_print:    graphs reused =         18
[Gemma 4 12B] 3. short query
Llama.generate: 362 prefix-match hit, remaining 27 prompt tokens to eval
llama_perf_context_print:        load time =    3904.54 ms
llama_perf_context_print: prompt eval time =     638.96 ms /    27 tokens (   23.67 ms per token,    42.26 tokens per second)
llama_perf_context_print:        eval time =    2592.46 ms /    20 runs   (  129.62 ms per token,     7.71 tokens per second)
llama_perf_context_print:       total time =    3238.05 ms /    47 tokens
llama_perf_context_print:    graphs reused =         19
[Gemma 4 12B] 4. short query
Llama.generate: 409 prefix-match hit, remaining 23 prompt tokens to eval
llama_perf_context_print:        load time =    3904.54 ms
llama_perf_context_print: prompt eval time =     566.33 ms /    23 tokens (   24.62 ms per token,    40.61 tokens per second)
llama_perf_context_print:        eval time =    2208.68 ms /    17 runs   (  129.92 ms per token,     7.70 tokens per second)
llama_perf_context_print:       total time =    2780.72 ms /    40 tokens
llama_perf_context_print:    graphs reused =         16
[Gemma 4 12B] 5. short query
Llama.generate: 449 prefix-match hit, remaining 26 prompt tokens to eval
llama_perf_context_print:        load time =    3904.54 ms
llama_perf_context_print: prompt eval time =     623.90 ms /    26 tokens (   24.00 ms per token,    41.67 tokens per second)
llama_perf_context_print:        eval time =    2469.53 ms /    19 runs   (  129.97 ms per token,     7.69 tokens per second)
llama_perf_context_print:       total time =    3099.82 ms /    45 tokens
llama_perf_context_print:    graphs reused =         18
[Gemma 4 12B] 6. short query
Llama.generate: 494 prefix-match hit, remaining 27 prompt tokens to eval
llama_perf_context_print:        load time =    3904.54 ms
llama_perf_context_print: prompt eval time =     657.39 ms /    27 tokens (   24.35 ms per token,    41.07 tokens per second)
llama_perf_context_print:        eval time =    2632.15 ms /    20 runs   (  131.61 ms per token,     7.60 tokens per second)
llama_perf_context_print:       total time =    3296.09 ms /    47 tokens
llama_perf_context_print:    graphs reused =         19
[Gemma 4 12B] 7. short query
Llama.generate: 541 prefix-match hit, remaining 23 prompt tokens to eval
llama_perf_context_print:        load time =    3904.54 ms
llama_perf_context_print: prompt eval time =     583.57 ms /    23 tokens (   25.37 ms per token,    39.41 tokens per second)
llama_perf_context_print:        eval time =    2899.74 ms /    22 runs   (  131.81 ms per token,     7.59 tokens per second)
llama_perf_context_print:       total time =    3489.47 ms /    45 tokens
llama_perf_context_print:    graphs reused =         21
[Gemma 4 12B] 8. short query
Llama.generate: 586 prefix-match hit, remaining 24 prompt tokens to eval
llama_perf_context_print:        load time =    3904.54 ms
llama_perf_context_print: prompt eval time =     574.50 ms /    24 tokens (   23.94 ms per token,    41.78 tokens per second)
llama_perf_context_print:        eval time =    3036.05 ms /    23 runs   (  132.00 ms per token,     7.58 tokens per second)
llama_perf_context_print:       total time =    3617.89 ms /    47 tokens
llama_perf_context_print:    graphs reused =         22
[Gemma 4 12B] 9. short query
Llama.generate: 633 prefix-match hit, remaining 24 prompt tokens to eval
llama_perf_context_print:        load time =    3904.54 ms
llama_perf_context_print: prompt eval time =     581.62 ms /    24 tokens (   24.23 ms per token,    41.26 tokens per second)
llama_perf_context_print:        eval time =    2382.55 ms /    18 runs   (  132.36 ms per token,     7.55 tokens per second)
llama_perf_context_print:       total time =    2969.58 ms /    42 tokens
llama_perf_context_print:    graphs reused =         17
[Gemma 4 12B] 10. short query
Llama.generate: 675 prefix-match hit, remaining 29 prompt tokens to eval
llama_perf_context_print:        load time =    3904.54 ms
llama_perf_context_print: prompt eval time =     721.16 ms /    29 tokens (   24.87 ms per token,    40.21 tokens per second)
llama_perf_context_print:        eval time =    2518.04 ms /    19 runs   (  132.53 ms per token,     7.55 tokens per second)
llama_perf_context_print:       total time =    3244.55 ms /    48 tokens
llama_perf_context_print:    graphs reused =         18
[Gemma 4 12B] 11. short query
Llama.generate: 723 prefix-match hit, remaining 24 prompt tokens to eval
llama_perf_context_print:        load time =    3904.54 ms
llama_perf_context_print: prompt eval time =     597.51 ms /    24 tokens (   24.90 ms per token,    40.17 tokens per second)
llama_perf_context_print:        eval time =    2522.56 ms /    19 runs   (  132.77 ms per token,     7.53 tokens per second)
llama_perf_context_print:       total time =    3125.39 ms /    43 tokens
llama_perf_context_print:    graphs reused =         18
[Gemma 4 12B] 12. short query
Llama.generate: 766 prefix-match hit, remaining 25 prompt tokens to eval
llama_perf_context_print:        load time =    3904.54 ms
llama_perf_context_print: prompt eval time =     641.88 ms /    25 tokens (   25.68 ms per token,    38.95 tokens per second)
llama_perf_context_print:        eval time =    2451.08 ms /    18 runs   (  136.17 ms per token,     7.34 tokens per second)
llama_perf_context_print:       total time =    3098.06 ms /    43 tokens
llama_perf_context_print:    graphs reused =         17
[Gemma 4 12B] 13. short query
Llama.generate: 809 prefix-match hit, remaining 26 prompt tokens to eval
llama_perf_context_print:        load time =    3904.54 ms
llama_perf_context_print: prompt eval time =     678.36 ms /    26 tokens (   26.09 ms per token,    38.33 tokens per second)
llama_perf_context_print:        eval time =    2460.54 ms /    18 runs   (  136.70 ms per token,     7.32 tokens per second)
llama_perf_context_print:       total time =    3144.14 ms /    44 tokens
llama_perf_context_print:    graphs reused =         17
[Gemma 4 12B] 14. short query
Llama.generate: 853 prefix-match hit, remaining 25 prompt tokens to eval
llama_perf_context_print:        load time =    3904.54 ms
llama_perf_context_print: prompt eval time =     659.41 ms /    25 tokens (   26.38 ms per token,    37.91 tokens per second)
llama_perf_context_print:        eval time =    2597.38 ms /    19 runs   (  136.70 ms per token,     7.32 tokens per second)
llama_perf_context_print:       total time =    3262.10 ms /    44 tokens
llama_perf_context_print:    graphs reused =         18
[Gemma 4 12B] 15. short query
Llama.generate: 897 prefix-match hit, remaining 24 prompt tokens to eval
llama_perf_context_print:        load time =    3904.54 ms
llama_perf_context_print: prompt eval time =     622.80 ms /    24 tokens (   25.95 ms per token,    38.54 tokens per second)
llama_perf_context_print:        eval time =    2190.95 ms /    16 runs   (  136.93 ms per token,     7.30 tokens per second)
llama_perf_context_print:       total time =    2818.23 ms /    40 tokens
llama_perf_context_print:    graphs reused =         15
[Gemma 4 12B] 0. long query
Llama.generate: 221 prefix-match hit, remaining 80 prompt tokens to eval
llama_perf_context_print:        load time =    3904.54 ms
llama_perf_context_print: prompt eval time =    1491.66 ms /    80 tokens (   18.65 ms per token,    53.63 tokens per second)
llama_perf_context_print:        eval time =    3100.30 ms /    24 runs   (  129.18 ms per token,     7.74 tokens per second)
llama_perf_context_print:       total time =    4598.54 ms /   104 tokens
llama_perf_context_print:    graphs reused =         23
[Gemma 4 12B] 1. long query
Llama.generate: 325 prefix-match hit, remaining 76 prompt tokens to eval
llama_perf_context_print:        load time =    3904.54 ms
llama_perf_context_print: prompt eval time =    1538.68 ms /    76 tokens (   20.25 ms per token,    49.39 tokens per second)
llama_perf_context_print:        eval time =    3365.74 ms /    26 runs   (  129.45 ms per token,     7.72 tokens per second)
llama_perf_context_print:       total time =    4911.51 ms /   102 tokens
llama_perf_context_print:    graphs reused =         25
[Gemma 4 12B] 2. long query
Llama.generate: 427 prefix-match hit, remaining 77 prompt tokens to eval
llama_perf_context_print:        load time =    3904.54 ms
llama_perf_context_print: prompt eval time =    1606.84 ms /    77 tokens (   20.87 ms per token,    47.92 tokens per second)
llama_perf_context_print:        eval time =    3275.24 ms /    25 runs   (  131.01 ms per token,     7.63 tokens per second)
llama_perf_context_print:       total time =    4888.94 ms /   102 tokens
llama_perf_context_print:    graphs reused =         23
[Gemma 4 12B] 3. long query
Llama.generate: 529 prefix-match hit, remaining 83 prompt tokens to eval
llama_perf_context_print:        load time =    3904.54 ms
llama_perf_context_print: prompt eval time =    1695.04 ms /    83 tokens (   20.42 ms per token,    48.97 tokens per second)
llama_perf_context_print:        eval time =    3299.05 ms /    25 runs   (  131.96 ms per token,     7.58 tokens per second)
llama_perf_context_print:       total time =    5000.91 ms /   108 tokens
llama_perf_context_print:    graphs reused =         24
[Gemma 4 12B] 4. long query
Llama.generate: 637 prefix-match hit, remaining 86 prompt tokens to eval
llama_perf_context_print:        load time =    3904.54 ms
llama_perf_context_print: prompt eval time =    1799.42 ms /    86 tokens (   20.92 ms per token,    47.79 tokens per second)
llama_perf_context_print:        eval time =    3844.85 ms /    29 runs   (  132.58 ms per token,     7.54 tokens per second)
llama_perf_context_print:       total time =    5653.94 ms /   115 tokens
llama_perf_context_print:    graphs reused =         28
[Gemma 4 12B] 5. long query
Llama.generate: 752 prefix-match hit, remaining 88 prompt tokens to eval
llama_perf_context_print:        load time =    3904.54 ms
llama_perf_context_print: prompt eval time =    1855.45 ms /    88 tokens (   21.08 ms per token,    47.43 tokens per second)
llama_perf_context_print:        eval time =    3267.25 ms /    24 runs   (  136.14 ms per token,     7.35 tokens per second)
llama_perf_context_print:       total time =    5130.68 ms /   112 tokens
llama_perf_context_print:    graphs reused =         23
[Gemma 4 12B] 6. long query
Llama.generate: 864 prefix-match hit, remaining 81 prompt tokens to eval
llama_perf_context_print:        load time =    3904.54 ms
llama_perf_context_print: prompt eval time =    1676.47 ms /    81 tokens (   20.70 ms per token,    48.32 tokens per second)
llama_perf_context_print:        eval time =    3562.16 ms /    26 runs   (  137.01 ms per token,     7.30 tokens per second)
llama_perf_context_print:       total time =    5247.27 ms /   107 tokens
llama_perf_context_print:    graphs reused =         25
[Gemma 4 12B] 7. long query
Llama.generate: 971 prefix-match hit, remaining 86 prompt tokens to eval
llama_perf_context_print:        load time =    3904.54 ms
llama_perf_context_print: prompt eval time =    1919.05 ms /    86 tokens (   22.31 ms per token,    44.81 tokens per second)
llama_perf_context_print:        eval time =    3207.39 ms /    23 runs   (  139.45 ms per token,     7.17 tokens per second)
llama_perf_context_print:       total time =    5134.18 ms /   109 tokens
llama_perf_context_print:    graphs reused =         22
[Gemma 4 12B] 8. long query
Llama.generate: 1065 prefix-match hit, remaining 96 prompt tokens to eval
llama_perf_context_print:        load time =    3904.54 ms
llama_perf_context_print: prompt eval time =    1938.63 ms /    96 tokens (   20.19 ms per token,    49.52 tokens per second)
llama_perf_context_print:        eval time =    3799.17 ms /    27 runs   (  140.71 ms per token,     7.11 tokens per second)
llama_perf_context_print:       total time =    5747.03 ms /   123 tokens
llama_perf_context_print:    graphs reused =         26
[Gemma 4 12B] 9. long query
Llama.generate: 1188 prefix-match hit, remaining 83 prompt tokens to eval
llama_perf_context_print:        load time =    3904.54 ms
llama_perf_context_print: prompt eval time =    1889.19 ms /    83 tokens (   22.76 ms per token,    43.93 tokens per second)
llama_perf_context_print:        eval time =    3794.03 ms /    27 runs   (  140.52 ms per token,     7.12 tokens per second)
llama_perf_context_print:       total time =    5692.31 ms /   110 tokens
llama_perf_context_print:    graphs reused =         25
[Gemma 4 12B] 10. long query
Llama.generate: 1298 prefix-match hit, remaining 79 prompt tokens to eval
llama_perf_context_print:        load time =    3904.54 ms
llama_perf_context_print: prompt eval time =    1896.60 ms /    79 tokens (   24.01 ms per token,    41.65 tokens per second)
llama_perf_context_print:        eval time =    3399.95 ms /    24 runs   (  141.66 ms per token,     7.06 tokens per second)
llama_perf_context_print:       total time =    5304.79 ms /   103 tokens
llama_perf_context_print:    graphs reused =         23
[Gemma 4 12B] 11. long query
Llama.generate: 1401 prefix-match hit, remaining 84 prompt tokens to eval
llama_perf_context_print:        load time =    3904.54 ms
llama_perf_context_print: prompt eval time =    1802.65 ms /    84 tokens (   21.46 ms per token,    46.60 tokens per second)
llama_perf_context_print:        eval time =    3267.47 ms /    23 runs   (  142.06 ms per token,     7.04 tokens per second)
llama_perf_context_print:       total time =    5077.92 ms /   107 tokens
llama_perf_context_print:    graphs reused =         22
[Gemma 4 12B] 12. long query
Llama.generate: 1508 prefix-match hit, remaining 86 prompt tokens to eval
llama_perf_context_print:        load time =    3904.54 ms
llama_perf_context_print: prompt eval time =    1977.69 ms /    86 tokens (   23.00 ms per token,    43.49 tokens per second)
llama_perf_context_print:        eval time =    3258.36 ms /    23 runs   (  141.67 ms per token,     7.06 tokens per second)
llama_perf_context_print:       total time =    5243.99 ms /   109 tokens
llama_perf_context_print:    graphs reused =         22
[Gemma 4 12B] 13. long query
Llama.generate: 1617 prefix-match hit, remaining 79 prompt tokens to eval
llama_perf_context_print:        load time =    3904.54 ms
llama_perf_context_print: prompt eval time =    1929.30 ms /    79 tokens (   24.42 ms per token,    40.95 tokens per second)
llama_perf_context_print:        eval time =    3392.38 ms /    24 runs   (  141.35 ms per token,     7.07 tokens per second)
llama_perf_context_print:       total time =    5329.84 ms /   103 tokens
llama_perf_context_print:    graphs reused =         23
[Gemma 4 12B] 14. long query
Llama.generate: 1720 prefix-match hit, remaining 88 prompt tokens to eval
llama_perf_context_print:        load time =    3904.54 ms
llama_perf_context_print: prompt eval time =    2022.17 ms /    88 tokens (   22.98 ms per token,    43.52 tokens per second)
llama_perf_context_print:        eval time =    3696.53 ms /    26 runs   (  142.17 ms per token,     7.03 tokens per second)
llama_perf_context_print:       total time =    5726.73 ms /   114 tokens
llama_perf_context_print:    graphs reused =         25
[Gemma 4 12B] 15. long query
Llama.generate: 1834 prefix-match hit, remaining 90 prompt tokens to eval
llama_perf_context_print:        load time =    3904.54 ms
llama_perf_context_print: prompt eval time =    1971.44 ms /    90 tokens (   21.90 ms per token,    45.65 tokens per second)
llama_perf_context_print:        eval time =    3847.24 ms /    27 runs   (  142.49 ms per token,     7.02 tokens per second)
llama_perf_context_print:       total time =    5827.74 ms /   117 tokens
llama_perf_context_print:    graphs reused =         26
~llama_context:        CPU compute buffer size is 535.0215 MiB, matches expectation of 535.0215 MiB
--- nvidia Nemotron Nano 9B v2 ---
[nvidia Nemotron Nano 9B v2] 0. short query
Llama.generate: 212 prefix-match hit, remaining 23 prompt tokens to eval
llama_perf_context_print:        load time =    4444.89 ms
llama_perf_context_print: prompt eval time =     520.48 ms /    23 tokens (   22.63 ms per token,    44.19 tokens per second)
llama_perf_context_print:        eval time =    2903.32 ms /    26 runs   (  111.67 ms per token,     8.96 tokens per second)
llama_perf_context_print:       total time =    3429.06 ms /    49 tokens
llama_perf_context_print:    graphs reused =         24
[nvidia Nemotron Nano 9B v2] 1. short query
Llama.generate: 261 prefix-match hit, remaining 24 prompt tokens to eval
llama_perf_context_print:        load time =    4444.89 ms
llama_perf_context_print: prompt eval time =     514.57 ms /    24 tokens (   21.44 ms per token,    46.64 tokens per second)
llama_perf_context_print:        eval time =    2244.26 ms /    20 runs   (  112.21 ms per token,     8.91 tokens per second)
llama_perf_context_print:       total time =    2762.95 ms /    44 tokens
llama_perf_context_print:    graphs reused =         19
[nvidia Nemotron Nano 9B v2] 2. short query
Llama.generate: 305 prefix-match hit, remaining 26 prompt tokens to eval
llama_perf_context_print:        load time =    4444.89 ms
llama_perf_context_print: prompt eval time =     611.10 ms /    26 tokens (   23.50 ms per token,    42.55 tokens per second)
llama_perf_context_print:        eval time =    1907.35 ms /    17 runs   (  112.20 ms per token,     8.91 tokens per second)
llama_perf_context_print:       total time =    2521.92 ms /    43 tokens
llama_perf_context_print:    graphs reused =         16
[nvidia Nemotron Nano 9B v2] 3. short query
Llama.generate: 348 prefix-match hit, remaining 28 prompt tokens to eval
llama_perf_context_print:        load time =    4444.89 ms
llama_perf_context_print: prompt eval time =     597.47 ms /    28 tokens (   21.34 ms per token,    46.86 tokens per second)
llama_perf_context_print:        eval time =    2690.20 ms /    24 runs   (  112.09 ms per token,     8.92 tokens per second)
llama_perf_context_print:       total time =    3292.53 ms /    52 tokens
llama_perf_context_print:    graphs reused =         23
[nvidia Nemotron Nano 9B v2] 4. short query
Llama.generate: 400 prefix-match hit, remaining 22 prompt tokens to eval
llama_perf_context_print:        load time =    4444.89 ms
llama_perf_context_print: prompt eval time =     522.67 ms /    22 tokens (   23.76 ms per token,    42.09 tokens per second)
llama_perf_context_print:        eval time =    1678.49 ms /    15 runs   (  111.90 ms per token,     8.94 tokens per second)
llama_perf_context_print:       total time =    2204.27 ms /    37 tokens
llama_perf_context_print:    graphs reused =         14
[nvidia Nemotron Nano 9B v2] 5. short query
Llama.generate: 437 prefix-match hit, remaining 25 prompt tokens to eval
llama_perf_context_print:        load time =    4444.89 ms
llama_perf_context_print: prompt eval time =     602.86 ms /    25 tokens (   24.11 ms per token,    41.47 tokens per second)
llama_perf_context_print:        eval time =    2803.14 ms /    25 runs   (  112.13 ms per token,     8.92 tokens per second)
llama_perf_context_print:       total time =    3411.08 ms /    50 tokens
llama_perf_context_print:    graphs reused =         24
[nvidia Nemotron Nano 9B v2] 6. short query
Llama.generate: 487 prefix-match hit, remaining 27 prompt tokens to eval
llama_perf_context_print:        load time =    4444.89 ms
llama_perf_context_print: prompt eval time =     623.72 ms /    27 tokens (   23.10 ms per token,    43.29 tokens per second)
llama_perf_context_print:        eval time =    1906.77 ms /    17 runs   (  112.16 ms per token,     8.92 tokens per second)
llama_perf_context_print:       total time =    2534.05 ms /    44 tokens
llama_perf_context_print:    graphs reused =         16
[nvidia Nemotron Nano 9B v2] 7. short query
Llama.generate: 531 prefix-match hit, remaining 23 prompt tokens to eval
llama_perf_context_print:        load time =    4444.89 ms
llama_perf_context_print: prompt eval time =     538.43 ms /    23 tokens (   23.41 ms per token,    42.72 tokens per second)
llama_perf_context_print:        eval time =    2583.25 ms /    23 runs   (  112.32 ms per token,     8.90 tokens per second)
llama_perf_context_print:       total time =    3126.42 ms /    46 tokens
llama_perf_context_print:    graphs reused =         22
[nvidia Nemotron Nano 9B v2] 8. short query
Llama.generate: 553 prefix-match found but partial kv removal not supported, re-evaluating full prompt
llama_perf_context_print:        load time =    4444.89 ms
llama_perf_context_print: prompt eval time =   12141.19 ms /   599 tokens (   20.27 ms per token,    49.34 tokens per second)
llama_perf_context_print:        eval time =    2709.42 ms /    24 runs   (  112.89 ms per token,     8.86 tokens per second)
llama_perf_context_print:       total time =   14858.11 ms /   623 tokens
llama_perf_context_print:    graphs reused =         23
[nvidia Nemotron Nano 9B v2] 9. short query
Llama.generate: 623 prefix-match hit, remaining 23 prompt tokens to eval
llama_perf_context_print:        load time =    4444.89 ms
llama_perf_context_print: prompt eval time =     542.99 ms /    23 tokens (   23.61 ms per token,    42.36 tokens per second)
llama_perf_context_print:        eval time =    2031.74 ms /    18 runs   (  112.87 ms per token,     8.86 tokens per second)
llama_perf_context_print:       total time =    2578.45 ms /    41 tokens
llama_perf_context_print:    graphs reused =         17
[nvidia Nemotron Nano 9B v2] 10. short query
Llama.generate: 664 prefix-match hit, remaining 28 prompt tokens to eval
llama_perf_context_print:        load time =    4444.89 ms
llama_perf_context_print: prompt eval time =     608.51 ms /    28 tokens (   21.73 ms per token,    46.01 tokens per second)
llama_perf_context_print:        eval time =    2144.89 ms /    19 runs   (  112.89 ms per token,     8.86 tokens per second)
llama_perf_context_print:       total time =    2757.32 ms /    47 tokens
llama_perf_context_print:    graphs reused =         18
[nvidia Nemotron Nano 9B v2] 11. short query
Llama.generate: 711 prefix-match hit, remaining 23 prompt tokens to eval
llama_perf_context_print:        load time =    4444.89 ms
llama_perf_context_print: prompt eval time =     544.06 ms /    23 tokens (   23.65 ms per token,    42.28 tokens per second)
llama_perf_context_print:        eval time =    1805.07 ms /    16 runs   (  112.82 ms per token,     8.86 tokens per second)
llama_perf_context_print:       total time =    2352.50 ms /    39 tokens
llama_perf_context_print:    graphs reused =         15
[nvidia Nemotron Nano 9B v2] 12. short query
Llama.generate: 750 prefix-match hit, remaining 24 prompt tokens to eval
llama_perf_context_print:        load time =    4444.89 ms
llama_perf_context_print: prompt eval time =     521.71 ms /    24 tokens (   21.74 ms per token,    46.00 tokens per second)
llama_perf_context_print:        eval time =    2261.82 ms /    20 runs   (  113.09 ms per token,     8.84 tokens per second)
llama_perf_context_print:       total time =    2787.67 ms /    44 tokens
llama_perf_context_print:    graphs reused =         19
[nvidia Nemotron Nano 9B v2] 13. short query
Llama.generate: 794 prefix-match hit, remaining 25 prompt tokens to eval
llama_perf_context_print:        load time =    4444.89 ms
llama_perf_context_print: prompt eval time =     608.77 ms /    25 tokens (   24.35 ms per token,    41.07 tokens per second)
llama_perf_context_print:        eval time =    2265.86 ms /    20 runs   (  113.29 ms per token,     8.83 tokens per second)
llama_perf_context_print:       total time =    2878.83 ms /    45 tokens
llama_perf_context_print:    graphs reused =         19
[nvidia Nemotron Nano 9B v2] 14. short query
Llama.generate: 839 prefix-match hit, remaining 25 prompt tokens to eval
llama_perf_context_print:        load time =    4444.89 ms
llama_perf_context_print: prompt eval time =     611.02 ms /    25 tokens (   24.44 ms per token,    40.92 tokens per second)
llama_perf_context_print:        eval time =    2148.02 ms /    19 runs   (  113.05 ms per token,     8.85 tokens per second)
llama_perf_context_print:       total time =    2762.99 ms /    44 tokens
llama_perf_context_print:    graphs reused =         18
[nvidia Nemotron Nano 9B v2] 15. short query
Llama.generate: 883 prefix-match hit, remaining 23 prompt tokens to eval
llama_perf_context_print:        load time =    4444.89 ms
llama_perf_context_print: prompt eval time =     545.20 ms /    23 tokens (   23.70 ms per token,    42.19 tokens per second)
llama_perf_context_print:        eval time =    2261.99 ms /    20 runs   (  113.10 ms per token,     8.84 tokens per second)
llama_perf_context_print:       total time =    2811.34 ms /    43 tokens
llama_perf_context_print:    graphs reused =         19
[nvidia Nemotron Nano 9B v2] 0. long query
Llama.generate: 212 prefix-match hit, remaining 80 prompt tokens to eval
llama_perf_context_print:        load time =    4444.89 ms
llama_perf_context_print: prompt eval time =    1626.38 ms /    80 tokens (   20.33 ms per token,    49.19 tokens per second)
llama_perf_context_print:        eval time =    4282.72 ms /    38 runs   (  112.70 ms per token,     8.87 tokens per second)
llama_perf_context_print:       total time =    5916.91 ms /   118 tokens
llama_perf_context_print:    graphs reused =         37
[nvidia Nemotron Nano 9B v2] 1. long query
Llama.generate: 330 prefix-match hit, remaining 78 prompt tokens to eval
llama_perf_context_print:        load time =    4444.89 ms
llama_perf_context_print: prompt eval time =    1624.91 ms /    78 tokens (   20.83 ms per token,    48.00 tokens per second)
llama_perf_context_print:        eval time =    3490.33 ms /    31 runs   (  112.59 ms per token,     8.88 tokens per second)
llama_perf_context_print:       total time =    5121.71 ms /   109 tokens
llama_perf_context_print:    graphs reused =         30
[nvidia Nemotron Nano 9B v2] 2. long query
Llama.generate: 407 prefix-match found but partial kv removal not supported, re-evaluating full prompt
llama_perf_context_print:        load time =    4444.89 ms
llama_perf_context_print: prompt eval time =   10490.73 ms /   516 tokens (   20.33 ms per token,    49.19 tokens per second)
llama_perf_context_print:        eval time =    3275.28 ms /    29 runs   (  112.94 ms per token,     8.85 tokens per second)
llama_perf_context_print:       total time =   13774.44 ms /   545 tokens
llama_perf_context_print:    graphs reused =         28
[nvidia Nemotron Nano 9B v2] 3. long query
Llama.generate: 545 prefix-match hit, remaining 83 prompt tokens to eval
llama_perf_context_print:        load time =    4444.89 ms
llama_perf_context_print: prompt eval time =    1703.70 ms /    83 tokens (   20.53 ms per token,    48.72 tokens per second)
llama_perf_context_print:        eval time =    3615.44 ms /    32 runs   (  112.98 ms per token,     8.85 tokens per second)
llama_perf_context_print:       total time =    5325.62 ms /   115 tokens
llama_perf_context_print:    graphs reused =         31
[nvidia Nemotron Nano 9B v2] 4. long query
Llama.generate: 660 prefix-match hit, remaining 87 prompt tokens to eval
llama_perf_context_print:        load time =    4444.89 ms
llama_perf_context_print: prompt eval time =    1787.34 ms /    87 tokens (   20.54 ms per token,    48.68 tokens per second)
llama_perf_context_print:        eval time =    4276.46 ms /    38 runs   (  112.54 ms per token,     8.89 tokens per second)
llama_perf_context_print:       total time =    6071.78 ms /   125 tokens
llama_perf_context_print:    graphs reused =         36
[nvidia Nemotron Nano 9B v2] 5. long query
Llama.generate: 785 prefix-match hit, remaining 92 prompt tokens to eval
llama_perf_context_print:        load time =    4444.89 ms
llama_perf_context_print: prompt eval time =    1859.23 ms /    92 tokens (   20.21 ms per token,    49.48 tokens per second)
llama_perf_context_print:        eval time =    3391.14 ms /    30 runs   (  113.04 ms per token,     8.85 tokens per second)
llama_perf_context_print:       total time =    5256.59 ms /   122 tokens
llama_perf_context_print:    graphs reused =         29
[nvidia Nemotron Nano 9B v2] 6. long query
Llama.generate: 907 prefix-match hit, remaining 85 prompt tokens to eval
llama_perf_context_print:        load time =    4444.89 ms
llama_perf_context_print: prompt eval time =    1776.02 ms /    85 tokens (   20.89 ms per token,    47.86 tokens per second)
llama_perf_context_print:        eval time =    3859.63 ms /    34 runs   (  113.52 ms per token,     8.81 tokens per second)
llama_perf_context_print:       total time =    5642.72 ms /   119 tokens
llama_perf_context_print:    graphs reused =         32
[nvidia Nemotron Nano 9B v2] 7. long query
Llama.generate: 1026 prefix-match hit, remaining 86 prompt tokens to eval
llama_perf_context_print:        load time =    4444.89 ms
llama_perf_context_print: prompt eval time =    1786.39 ms /    86 tokens (   20.77 ms per token,    48.14 tokens per second)
llama_perf_context_print:        eval time =    4765.21 ms /    42 runs   (  113.46 ms per token,     8.81 tokens per second)
llama_perf_context_print:       total time =    6560.34 ms /   128 tokens
llama_perf_context_print:    graphs reused =         41
[nvidia Nemotron Nano 9B v2] 8. long query
Llama.generate: 1154 prefix-match hit, remaining 83 prompt tokens to eval
llama_perf_context_print:        load time =    4444.89 ms
llama_perf_context_print: prompt eval time =    1713.62 ms /    83 tokens (   20.65 ms per token,    48.44 tokens per second)
llama_perf_context_print:        eval time =    4310.57 ms /    38 runs   (  113.44 ms per token,     8.82 tokens per second)
llama_perf_context_print:       total time =    6032.25 ms /   121 tokens
llama_perf_context_print:    graphs reused =         37
[nvidia Nemotron Nano 9B v2] 9. long query
Llama.generate: 1275 prefix-match hit, remaining 86 prompt tokens to eval
llama_perf_context_print:        load time =    4444.89 ms
llama_perf_context_print: prompt eval time =    1781.80 ms /    86 tokens (   20.72 ms per token,    48.27 tokens per second)
llama_perf_context_print:        eval time =    3398.48 ms /    30 runs   (  113.28 ms per token,     8.83 tokens per second)
llama_perf_context_print:       total time =    5186.57 ms /   116 tokens
llama_perf_context_print:    graphs reused =         29
[nvidia Nemotron Nano 9B v2] 10. long query
Llama.generate: 1391 prefix-match hit, remaining 79 prompt tokens to eval
llama_perf_context_print:        load time =    4444.89 ms
llama_perf_context_print: prompt eval time =    1644.81 ms /    79 tokens (   20.82 ms per token,    48.03 tokens per second)
llama_perf_context_print:        eval time =    3404.18 ms /    30 runs   (  113.47 ms per token,     8.81 tokens per second)
llama_perf_context_print:       total time =    5055.21 ms /   109 tokens
llama_perf_context_print:    graphs reused =         29
[nvidia Nemotron Nano 9B v2] 11. long query
Llama.generate: 1500 prefix-match hit, remaining 84 prompt tokens to eval
llama_perf_context_print:        load time =    4444.89 ms
llama_perf_context_print: prompt eval time =    1705.82 ms /    84 tokens (   20.31 ms per token,    49.24 tokens per second)
llama_perf_context_print:        eval time =    3421.98 ms /    30 runs   (  114.07 ms per token,     8.77 tokens per second)
llama_perf_context_print:       total time =    5134.18 ms /   114 tokens
llama_perf_context_print:    graphs reused =         29
[nvidia Nemotron Nano 9B v2] 12. long query
Llama.generate: 1614 prefix-match hit, remaining 89 prompt tokens to eval
llama_perf_context_print:        load time =    4444.89 ms
llama_perf_context_print: prompt eval time =    1861.45 ms /    89 tokens (   20.92 ms per token,    47.81 tokens per second)
llama_perf_context_print:        eval time =    3649.90 ms /    32 runs   (  114.06 ms per token,     8.77 tokens per second)
llama_perf_context_print:       total time =    5518.22 ms /   121 tokens
llama_perf_context_print:    graphs reused =         31
[nvidia Nemotron Nano 9B v2] 13. long query
Llama.generate: 1735 prefix-match hit, remaining 83 prompt tokens to eval
llama_perf_context_print:        load time =    4444.89 ms
llama_perf_context_print: prompt eval time =    1722.30 ms /    83 tokens (   20.75 ms per token,    48.19 tokens per second)
llama_perf_context_print:        eval time =    3331.67 ms /    29 runs   (  114.89 ms per token,     8.70 tokens per second)
llama_perf_context_print:       total time =    5060.31 ms /   112 tokens
llama_perf_context_print:    graphs reused =         28
[nvidia Nemotron Nano 9B v2] 14. long query
Llama.generate: 1847 prefix-match hit, remaining 88 prompt tokens to eval
llama_perf_context_print:        load time =    4444.89 ms
llama_perf_context_print: prompt eval time =    1798.80 ms /    88 tokens (   20.44 ms per token,    48.92 tokens per second)
llama_perf_context_print:        eval time =    4019.37 ms /    35 runs   (  114.84 ms per token,     8.71 tokens per second)
llama_perf_context_print:       total time =    5825.67 ms /   123 tokens
llama_perf_context_print:    graphs reused =         34
[nvidia Nemotron Nano 9B v2] 15. long query
Llama.generate: 1970 prefix-match hit, remaining 90 prompt tokens to eval
llama_perf_context_print:        load time =    4444.89 ms
llama_perf_context_print: prompt eval time =    1879.27 ms /    90 tokens (   20.88 ms per token,    47.89 tokens per second)
llama_perf_context_print:        eval time =    3359.89 ms /    29 runs   (  115.86 ms per token,     8.63 tokens per second)
llama_perf_context_print:       total time =    5245.33 ms /   119 tokens
llama_perf_context_print:    graphs reused =         28
~llama_context:        CPU compute buffer size is 286.2617 MiB, matches expectation of 286.2617 MiB
--- GLM 4.6V Flash ---
[GLM 4.6V Flash] 0. short query
Llama.generate: 198 prefix-match hit, remaining 20 prompt tokens to eval
llama_perf_context_print:        load time =    3092.10 ms
llama_perf_context_print: prompt eval time =     342.50 ms /    20 tokens (   17.12 ms per token,    58.39 tokens per second)
llama_perf_context_print:        eval time =    1096.60 ms /    11 runs   (   99.69 ms per token,    10.03 tokens per second)
llama_perf_context_print:       total time =    1441.60 ms /    31 tokens
llama_perf_context_print:    graphs reused =         10
[GLM 4.6V Flash] 1. short query
Llama.generate: 229 prefix-match hit, remaining 19 prompt tokens to eval
llama_perf_context_print:        load time =    3092.10 ms
llama_perf_context_print: prompt eval time =     381.34 ms /    19 tokens (   20.07 ms per token,    49.82 tokens per second)
llama_perf_context_print:        eval time =    1413.37 ms /    14 runs   (  100.96 ms per token,     9.91 tokens per second)
llama_perf_context_print:       total time =    1797.76 ms /    33 tokens
llama_perf_context_print:    graphs reused =         12
[GLM 4.6V Flash] 2. short query
Llama.generate: 262 prefix-match hit, remaining 20 prompt tokens to eval
llama_perf_context_print:        load time =    3092.10 ms
llama_perf_context_print: prompt eval time =     381.39 ms /    20 tokens (   19.07 ms per token,    52.44 tokens per second)
llama_perf_context_print:        eval time =     716.47 ms /     7 runs   (  102.35 ms per token,     9.77 tokens per second)
llama_perf_context_print:       total time =    1099.54 ms /    27 tokens
llama_perf_context_print:    graphs reused =          6
[GLM 4.6V Flash] 3. short query
Llama.generate: 289 prefix-match hit, remaining 21 prompt tokens to eval
llama_perf_context_print:        load time =    3092.10 ms
llama_perf_context_print: prompt eval time =     421.47 ms /    21 tokens (   20.07 ms per token,    49.83 tokens per second)
llama_perf_context_print:        eval time =     921.60 ms /     9 runs   (  102.40 ms per token,     9.77 tokens per second)
llama_perf_context_print:       total time =    1345.11 ms /    30 tokens
llama_perf_context_print:    graphs reused =          8
[GLM 4.6V Flash] 4. short query
Llama.generate: 319 prefix-match hit, remaining 17 prompt tokens to eval
llama_perf_context_print:        load time =    3092.10 ms
llama_perf_context_print: prompt eval time =     343.86 ms /    17 tokens (   20.23 ms per token,    49.44 tokens per second)
llama_perf_context_print:        eval time =     817.86 ms /     8 runs   (  102.23 ms per token,     9.78 tokens per second)
llama_perf_context_print:       total time =    1163.49 ms /    25 tokens
llama_perf_context_print:    graphs reused =          7
[GLM 4.6V Flash] 5. short query
Llama.generate: 344 prefix-match hit, remaining 20 prompt tokens to eval
llama_perf_context_print:        load time =    3092.10 ms
llama_perf_context_print: prompt eval time =     391.21 ms /    20 tokens (   19.56 ms per token,    51.12 tokens per second)
llama_perf_context_print:        eval time =    2046.18 ms /    20 runs   (  102.31 ms per token,     9.77 tokens per second)
llama_perf_context_print:       total time =    2441.43 ms /    40 tokens
llama_perf_context_print:    graphs reused =         19
[GLM 4.6V Flash] 6. short query
Llama.generate: 384 prefix-match hit, remaining 22 prompt tokens to eval
llama_perf_context_print:        load time =    3092.10 ms
llama_perf_context_print: prompt eval time =     449.38 ms /    22 tokens (   20.43 ms per token,    48.96 tokens per second)
llama_perf_context_print:        eval time =    1431.12 ms /    14 runs   (  102.22 ms per token,     9.78 tokens per second)
llama_perf_context_print:       total time =    1883.41 ms /    36 tokens
llama_perf_context_print:    graphs reused =         13
[GLM 4.6V Flash] 7. short query
Llama.generate: 420 prefix-match hit, remaining 17 prompt tokens to eval
llama_perf_context_print:        load time =    3092.10 ms
llama_perf_context_print: prompt eval time =     352.03 ms /    17 tokens (   20.71 ms per token,    48.29 tokens per second)
llama_perf_context_print:        eval time =    1329.42 ms /    13 runs   (  102.26 ms per token,     9.78 tokens per second)
llama_perf_context_print:       total time =    1684.14 ms /    30 tokens
llama_perf_context_print:    graphs reused =         12
[GLM 4.6V Flash] 8. short query
Llama.generate: 450 prefix-match hit, remaining 18 prompt tokens to eval
llama_perf_context_print:        load time =    3092.10 ms
llama_perf_context_print: prompt eval time =     374.02 ms /    18 tokens (   20.78 ms per token,    48.13 tokens per second)
llama_perf_context_print:        eval time =    1125.20 ms /    11 runs   (  102.29 ms per token,     9.78 tokens per second)
llama_perf_context_print:       total time =    1501.54 ms /    29 tokens
llama_perf_context_print:    graphs reused =         10
[GLM 4.6V Flash] 9. short query
Llama.generate: 479 prefix-match hit, remaining 18 prompt tokens to eval
llama_perf_context_print:        load time =    3092.10 ms
llama_perf_context_print: prompt eval time =     376.51 ms /    18 tokens (   20.92 ms per token,    47.81 tokens per second)
llama_perf_context_print:        eval time =    1023.02 ms /    10 runs   (  102.30 ms per token,     9.77 tokens per second)
llama_perf_context_print:       total time =    1401.69 ms /    28 tokens
llama_perf_context_print:    graphs reused =          9
[GLM 4.6V Flash] 10. short query
Llama.generate: 507 prefix-match hit, remaining 23 prompt tokens to eval
llama_perf_context_print:        load time =    3092.10 ms
llama_perf_context_print: prompt eval time =     485.31 ms /    23 tokens (   21.10 ms per token,    47.39 tokens per second)
llama_perf_context_print:        eval time =    1244.82 ms /    12 runs   (  103.73 ms per token,     9.64 tokens per second)
llama_perf_context_print:       total time =    1732.66 ms /    35 tokens
llama_perf_context_print:    graphs reused =         11
[GLM 4.6V Flash] 11. short query
Llama.generate: 542 prefix-match hit, remaining 18 prompt tokens to eval
llama_perf_context_print:        load time =    3092.10 ms
llama_perf_context_print: prompt eval time =     383.56 ms /    18 tokens (   21.31 ms per token,    46.93 tokens per second)
llama_perf_context_print:        eval time =    1244.54 ms /    12 runs   (  103.71 ms per token,     9.64 tokens per second)
llama_perf_context_print:       total time =    1630.58 ms /    30 tokens
llama_perf_context_print:    graphs reused =         11
[GLM 4.6V Flash] 12. short query
Llama.generate: 572 prefix-match hit, remaining 19 prompt tokens to eval
llama_perf_context_print:        load time =    3092.10 ms
llama_perf_context_print: prompt eval time =     407.60 ms /    19 tokens (   21.45 ms per token,    46.61 tokens per second)
llama_perf_context_print:        eval time =    1453.36 ms /    14 runs   (  103.81 ms per token,     9.63 tokens per second)
llama_perf_context_print:       total time =    1863.85 ms /    33 tokens
llama_perf_context_print:    graphs reused =         13
[GLM 4.6V Flash] 13. short query
Llama.generate: 605 prefix-match hit, remaining 20 prompt tokens to eval
llama_perf_context_print:        load time =    3092.10 ms
llama_perf_context_print: prompt eval time =     412.38 ms /    20 tokens (   20.62 ms per token,    48.50 tokens per second)
llama_perf_context_print:        eval time =     831.01 ms /     8 runs   (  103.88 ms per token,     9.63 tokens per second)
llama_perf_context_print:       total time =    1245.21 ms /    28 tokens
llama_perf_context_print:    graphs reused =          7
[GLM 4.6V Flash] 14. short query
Llama.generate: 633 prefix-match hit, remaining 20 prompt tokens to eval
llama_perf_context_print:        load time =    3092.10 ms
llama_perf_context_print: prompt eval time =     415.22 ms /    20 tokens (   20.76 ms per token,    48.17 tokens per second)
llama_perf_context_print:        eval time =    1245.28 ms /    12 runs   (  103.77 ms per token,     9.64 tokens per second)
llama_perf_context_print:       total time =    1663.00 ms /    32 tokens
llama_perf_context_print:    graphs reused =         11
[GLM 4.6V Flash] 15. short query
Llama.generate: 665 prefix-match hit, remaining 18 prompt tokens to eval
llama_perf_context_print:        load time =    3092.10 ms
llama_perf_context_print: prompt eval time =     395.12 ms /    18 tokens (   21.95 ms per token,    45.56 tokens per second)
llama_perf_context_print:        eval time =    1972.41 ms /    19 runs   (  103.81 ms per token,     9.63 tokens per second)
llama_perf_context_print:       total time =    2371.38 ms /    37 tokens
llama_perf_context_print:    graphs reused =         18
[GLM 4.6V Flash] 0. long query
Llama.generate: 198 prefix-match hit, remaining 76 prompt tokens to eval
llama_perf_context_print:        load time =    3092.10 ms
llama_perf_context_print: prompt eval time =    1217.70 ms /    76 tokens (   16.02 ms per token,    62.41 tokens per second)
llama_perf_context_print:        eval time =    1432.07 ms /    14 runs   (  102.29 ms per token,     9.78 tokens per second)
llama_perf_context_print:       total time =    2652.73 ms /    90 tokens
llama_perf_context_print:    graphs reused =         13
[GLM 4.6V Flash] 1. long query
Llama.generate: 288 prefix-match hit, remaining 72 prompt tokens to eval
llama_perf_context_print:        load time =    3092.10 ms
llama_perf_context_print: prompt eval time =    1147.31 ms /    72 tokens (   15.93 ms per token,    62.76 tokens per second)
llama_perf_context_print:        eval time =    1125.70 ms /    11 runs   (  102.34 ms per token,     9.77 tokens per second)
llama_perf_context_print:       total time =    2275.38 ms /    83 tokens
llama_perf_context_print:    graphs reused =         10
[GLM 4.6V Flash] 2. long query
Llama.generate: 371 prefix-match hit, remaining 71 prompt tokens to eval
llama_perf_context_print:        load time =    3092.10 ms
llama_perf_context_print: prompt eval time =    1174.35 ms /    71 tokens (   16.54 ms per token,    60.46 tokens per second)
llama_perf_context_print:        eval time =     921.68 ms /     9 runs   (  102.41 ms per token,     9.76 tokens per second)
llama_perf_context_print:       total time =    2098.03 ms /    80 tokens
llama_perf_context_print:    graphs reused =          8
[GLM 4.6V Flash] 3. long query
Llama.generate: 451 prefix-match hit, remaining 76 prompt tokens to eval
llama_perf_context_print:        load time =    3092.10 ms
llama_perf_context_print: prompt eval time =    1262.25 ms /    76 tokens (   16.61 ms per token,    60.21 tokens per second)
llama_perf_context_print:        eval time =    1348.00 ms /    13 runs   (  103.69 ms per token,     9.64 tokens per second)
llama_perf_context_print:       total time =    2613.02 ms /    89 tokens
llama_perf_context_print:    graphs reused =         12
[GLM 4.6V Flash] 4. long query
Llama.generate: 540 prefix-match hit, remaining 81 prompt tokens to eval
llama_perf_context_print:        load time =    3092.10 ms
llama_perf_context_print: prompt eval time =    1316.52 ms /    81 tokens (   16.25 ms per token,    61.53 tokens per second)
llama_perf_context_print:        eval time =    1968.30 ms /    19 runs   (  103.59 ms per token,     9.65 tokens per second)
llama_perf_context_print:       total time =    3288.71 ms /   100 tokens
llama_perf_context_print:    graphs reused =         18
[GLM 4.6V Flash] 5. long query
Llama.generate: 640 prefix-match hit, remaining 80 prompt tokens to eval
llama_perf_context_print:        load time =    3092.10 ms
llama_perf_context_print: prompt eval time =    1312.31 ms /    80 tokens (   16.40 ms per token,    60.96 tokens per second)
llama_perf_context_print:        eval time =    1246.33 ms /    12 runs   (  103.86 ms per token,     9.63 tokens per second)
llama_perf_context_print:       total time =    2561.21 ms /    92 tokens
llama_perf_context_print:    graphs reused =         11
[GLM 4.6V Flash] 6. long query
Llama.generate: 732 prefix-match hit, remaining 75 prompt tokens to eval
llama_perf_context_print:        load time =    3092.10 ms
llama_perf_context_print: prompt eval time =    1290.57 ms /    75 tokens (   17.21 ms per token,    58.11 tokens per second)
llama_perf_context_print:        eval time =    1261.22 ms /    12 runs   (  105.10 ms per token,     9.51 tokens per second)
llama_perf_context_print:       total time =    2554.36 ms /    87 tokens
llama_perf_context_print:    graphs reused =         11
[GLM 4.6V Flash] 7. long query
Llama.generate: 819 prefix-match hit, remaining 81 prompt tokens to eval
llama_perf_context_print:        load time =    3092.10 ms
llama_perf_context_print: prompt eval time =    1358.35 ms /    81 tokens (   16.77 ms per token,    59.63 tokens per second)
llama_perf_context_print:        eval time =    1370.25 ms /    13 runs   (  105.40 ms per token,     9.49 tokens per second)
llama_perf_context_print:       total time =    2731.36 ms /    94 tokens
llama_perf_context_print:    graphs reused =         12
[GLM 4.6V Flash] 8. long query
Llama.generate: 913 prefix-match hit, remaining 77 prompt tokens to eval
llama_perf_context_print:        load time =    3092.10 ms
llama_perf_context_print: prompt eval time =    1380.34 ms /    77 tokens (   17.93 ms per token,    55.78 tokens per second)
llama_perf_context_print:        eval time =    1370.61 ms /    13 runs   (  105.43 ms per token,     9.48 tokens per second)
llama_perf_context_print:       total time =    2753.74 ms /    90 tokens
llama_perf_context_print:    graphs reused =         12
[GLM 4.6V Flash] 9. long query
Llama.generate: 1003 prefix-match hit, remaining 78 prompt tokens to eval
llama_perf_context_print:        load time =    3092.10 ms
llama_perf_context_print: prompt eval time =    1381.20 ms /    78 tokens (   17.71 ms per token,    56.47 tokens per second)
llama_perf_context_print:        eval time =    1603.67 ms /    15 runs   (  106.91 ms per token,     9.35 tokens per second)
llama_perf_context_print:       total time =    2988.11 ms /    93 tokens
llama_perf_context_print:    graphs reused =         14
[GLM 4.6V Flash] 10. long query
Llama.generate: 1096 prefix-match hit, remaining 73 prompt tokens to eval
llama_perf_context_print:        load time =    3092.10 ms
llama_perf_context_print: prompt eval time =    1343.14 ms /    73 tokens (   18.40 ms per token,    54.35 tokens per second)
llama_perf_context_print:        eval time =    1069.11 ms /    10 runs   (  106.91 ms per token,     9.35 tokens per second)
llama_perf_context_print:       total time =    2414.51 ms /    83 tokens
llama_perf_context_print:    graphs reused =          9
[GLM 4.6V Flash] 11. long query
Llama.generate: 1179 prefix-match hit, remaining 77 prompt tokens to eval
llama_perf_context_print:        load time =    3092.10 ms
llama_perf_context_print: prompt eval time =    1425.54 ms /    77 tokens (   18.51 ms per token,    54.01 tokens per second)
llama_perf_context_print:        eval time =     963.16 ms /     9 runs   (  107.02 ms per token,     9.34 tokens per second)
llama_perf_context_print:       total time =    2390.79 ms /    86 tokens
llama_perf_context_print:    graphs reused =          8
[GLM 4.6V Flash] 12. long query
Llama.generate: 1265 prefix-match hit, remaining 81 prompt tokens to eval
llama_perf_context_print:        load time =    3092.10 ms
llama_perf_context_print: prompt eval time =    1423.77 ms /    81 tokens (   17.58 ms per token,    56.89 tokens per second)
llama_perf_context_print:        eval time =    1301.61 ms /    12 runs   (  108.47 ms per token,     9.22 tokens per second)
llama_perf_context_print:       total time =    2728.05 ms /    93 tokens
llama_perf_context_print:    graphs reused =         11
[GLM 4.6V Flash] 13. long query
Llama.generate: 1358 prefix-match hit, remaining 78 prompt tokens to eval
llama_perf_context_print:        load time =    3092.10 ms
llama_perf_context_print: prompt eval time =    1434.97 ms /    78 tokens (   18.40 ms per token,    54.36 tokens per second)
llama_perf_context_print:        eval time =    1085.15 ms /    10 runs   (  108.51 ms per token,     9.22 tokens per second)
llama_perf_context_print:       total time =    2522.43 ms /    88 tokens
llama_perf_context_print:    graphs reused =          9
[GLM 4.6V Flash] 14. long query
Llama.generate: 1446 prefix-match hit, remaining 83 prompt tokens to eval
llama_perf_context_print:        load time =    3092.10 ms
llama_perf_context_print: prompt eval time =    1523.68 ms /    83 tokens (   18.36 ms per token,    54.47 tokens per second)
llama_perf_context_print:        eval time =    1420.48 ms /    13 runs   (  109.27 ms per token,     9.15 tokens per second)
llama_perf_context_print:       total time =    2947.02 ms /    96 tokens
llama_perf_context_print:    graphs reused =         11
[GLM 4.6V Flash] 15. long query
Llama.generate: 1542 prefix-match hit, remaining 84 prompt tokens to eval
llama_perf_context_print:        load time =    3092.10 ms
llama_perf_context_print: prompt eval time =    1492.32 ms /    84 tokens (   17.77 ms per token,    56.29 tokens per second)
llama_perf_context_print:        eval time =    1430.28 ms /    13 runs   (  110.02 ms per token,     9.09 tokens per second)
llama_perf_context_print:       total time =    2925.48 ms /    97 tokens
llama_perf_context_print:    graphs reused =         12
~llama_context:        CPU compute buffer size is 312.0020 MiB, matches expectation of 312.0020 MiB
--- maple preview ---
[maple preview] 0. short query
Llama.generate: 199 prefix-match hit, remaining 24 prompt tokens to eval
llama_perf_context_print:        load time =     471.70 ms
llama_perf_context_print: prompt eval time =      68.21 ms /    24 tokens (    2.84 ms per token,   351.85 tokens per second)
llama_perf_context_print:        eval time =     269.66 ms /    26 runs   (   10.37 ms per token,    96.42 tokens per second)
llama_perf_context_print:       total time =     343.41 ms /    50 tokens
llama_perf_context_print:    graphs reused =         25
[maple preview] 1. short query
Llama.generate: 249 prefix-match hit, remaining 25 prompt tokens to eval
llama_perf_context_print:        load time =     471.70 ms
llama_perf_context_print: prompt eval time =      70.88 ms /    25 tokens (    2.84 ms per token,   352.72 tokens per second)
llama_perf_context_print:        eval time =     668.33 ms /    63 runs   (   10.61 ms per token,    94.27 tokens per second)
llama_perf_context_print:       total time =     753.40 ms /    88 tokens
llama_perf_context_print:    graphs reused =         62
[maple preview] 2. short query
Llama.generate: 337 prefix-match hit, remaining 27 prompt tokens to eval
llama_perf_context_print:        load time =     471.70 ms
llama_perf_context_print: prompt eval time =      79.07 ms /    27 tokens (    2.93 ms per token,   341.48 tokens per second)
llama_perf_context_print:        eval time =     180.22 ms /    17 runs   (   10.60 ms per token,    94.33 tokens per second)
llama_perf_context_print:       total time =     263.03 ms /    44 tokens
llama_perf_context_print:    graphs reused =         16
[maple preview] 3. short query
Llama.generate: 381 prefix-match hit, remaining 27 prompt tokens to eval
llama_perf_context_print:        load time =     471.70 ms
llama_perf_context_print: prompt eval time =      79.72 ms /    27 tokens (    2.95 ms per token,   338.69 tokens per second)
llama_perf_context_print:        eval time =     201.75 ms /    19 runs   (   10.62 ms per token,    94.18 tokens per second)
llama_perf_context_print:       total time =     285.52 ms /    46 tokens
llama_perf_context_print:    graphs reused =         18
[maple preview] 4. short query
Llama.generate: 427 prefix-match hit, remaining 23 prompt tokens to eval
llama_perf_context_print:        load time =     471.70 ms
llama_perf_context_print: prompt eval time =      70.78 ms /    23 tokens (    3.08 ms per token,   324.97 tokens per second)
llama_perf_context_print:        eval time =     127.64 ms /    12 runs   (   10.64 ms per token,    94.02 tokens per second)
llama_perf_context_print:       total time =     201.21 ms /    35 tokens
llama_perf_context_print:    graphs reused =         11
[maple preview] 5. short query
Llama.generate: 462 prefix-match hit, remaining 26 prompt tokens to eval
llama_perf_context_print:        load time =     471.70 ms
llama_perf_context_print: prompt eval time =      79.63 ms /    26 tokens (    3.06 ms per token,   326.51 tokens per second)
llama_perf_context_print:        eval time =     233.94 ms /    22 runs   (   10.63 ms per token,    94.04 tokens per second)
llama_perf_context_print:       total time =     318.35 ms /    48 tokens
llama_perf_context_print:    graphs reused =         21
[maple preview] 6. short query
Llama.generate: 510 prefix-match hit, remaining 28 prompt tokens to eval
llama_perf_context_print:        load time =     471.70 ms
llama_perf_context_print: prompt eval time =      87.60 ms /    28 tokens (    3.13 ms per token,   319.65 tokens per second)
llama_perf_context_print:        eval time =     704.07 ms /    63 runs   (   11.18 ms per token,    89.48 tokens per second)
llama_perf_context_print:       total time =     806.06 ms /    91 tokens
llama_perf_context_print:    graphs reused =         62
[maple preview] 7. short query
Llama.generate: 601 prefix-match hit, remaining 24 prompt tokens to eval
llama_perf_context_print:        load time =     471.70 ms
llama_perf_context_print: prompt eval time =      76.95 ms /    24 tokens (    3.21 ms per token,   311.87 tokens per second)
llama_perf_context_print:        eval time =     201.44 ms /    18 runs   (   11.19 ms per token,    89.35 tokens per second)
llama_perf_context_print:       total time =     282.29 ms /    42 tokens
llama_perf_context_print:    graphs reused =         17
[maple preview] 8. short query
Llama.generate: 643 prefix-match hit, remaining 24 prompt tokens to eval
llama_perf_context_print:        load time =     471.70 ms
llama_perf_context_print: prompt eval time =      76.96 ms /    24 tokens (    3.21 ms per token,   311.84 tokens per second)
llama_perf_context_print:        eval time =     703.11 ms /    63 runs   (   11.16 ms per token,    89.60 tokens per second)
llama_perf_context_print:       total time =     794.82 ms /    87 tokens
llama_perf_context_print:    graphs reused =         62
[maple preview] 9. short query
Llama.generate: 730 prefix-match hit, remaining 25 prompt tokens to eval
llama_perf_context_print:        load time =     471.70 ms
llama_perf_context_print: prompt eval time =      81.90 ms /    25 tokens (    3.28 ms per token,   305.25 tokens per second)
llama_perf_context_print:        eval time =     216.85 ms /    19 runs   (   11.41 ms per token,    87.62 tokens per second)
llama_perf_context_print:       total time =     302.87 ms /    44 tokens
llama_perf_context_print:    graphs reused =         17
[maple preview] 10. short query
Llama.generate: 774 prefix-match hit, remaining 29 prompt tokens to eval
llama_perf_context_print:        load time =     471.70 ms
llama_perf_context_print: prompt eval time =      92.76 ms /    29 tokens (    3.20 ms per token,   312.64 tokens per second)
llama_perf_context_print:        eval time =      59.30 ms /     5 runs   (   11.86 ms per token,    84.31 tokens per second)
llama_perf_context_print:       total time =     153.42 ms /    34 tokens
llama_perf_context_print:    graphs reused =          4
[maple preview] 11. short query
Llama.generate: 808 prefix-match hit, remaining 24 prompt tokens to eval
llama_perf_context_print:        load time =     471.70 ms
llama_perf_context_print: prompt eval time =      78.28 ms /    24 tokens (    3.26 ms per token,   306.58 tokens per second)
llama_perf_context_print:        eval time =     742.16 ms /    63 runs   (   11.78 ms per token,    84.89 tokens per second)
llama_perf_context_print:       total time =     834.73 ms /    87 tokens
llama_perf_context_print:    graphs reused =         62
[maple preview] 12. short query
Llama.generate: 895 prefix-match hit, remaining 26 prompt tokens to eval
llama_perf_context_print:        load time =     471.70 ms
llama_perf_context_print: prompt eval time =      85.84 ms /    26 tokens (    3.30 ms per token,   302.91 tokens per second)
llama_perf_context_print:        eval time =     259.33 ms /    22 runs   (   11.79 ms per token,    84.83 tokens per second)
llama_perf_context_print:       total time =     349.80 ms /    48 tokens
llama_perf_context_print:    graphs reused =         21
[maple preview] 13. short query
Llama.generate: 943 prefix-match hit, remaining 26 prompt tokens to eval
llama_perf_context_print:        load time =     471.70 ms
llama_perf_context_print: prompt eval time =      85.42 ms /    26 tokens (    3.29 ms per token,   304.39 tokens per second)
llama_perf_context_print:        eval time =      71.08 ms /     6 runs   (   11.85 ms per token,    84.42 tokens per second)
llama_perf_context_print:       total time =     158.07 ms /    32 tokens
llama_perf_context_print:    graphs reused =          5
[maple preview] 14. short query
Llama.generate: 975 prefix-match hit, remaining 26 prompt tokens to eval
llama_perf_context_print:        load time =     471.70 ms
llama_perf_context_print: prompt eval time =      86.65 ms /    26 tokens (    3.33 ms per token,   300.05 tokens per second)
llama_perf_context_print:        eval time =     247.57 ms /    21 runs   (   11.79 ms per token,    84.82 tokens per second)
llama_perf_context_print:       total time =     338.77 ms /    47 tokens
llama_perf_context_print:    graphs reused =         20
[maple preview] 15. short query
Llama.generate: 1022 prefix-match hit, remaining 24 prompt tokens to eval
llama_perf_context_print:        load time =     471.70 ms
llama_perf_context_print: prompt eval time =      80.20 ms /    24 tokens (    3.34 ms per token,   299.26 tokens per second)
llama_perf_context_print:        eval time =     222.11 ms /    18 runs   (   12.34 ms per token,    81.04 tokens per second)
llama_perf_context_print:       total time =     306.38 ms /    42 tokens
llama_perf_context_print:    graphs reused =         17
[maple preview] 0. long query
Llama.generate: 199 prefix-match hit, remaining 80 prompt tokens to eval
llama_perf_context_print:        load time =     471.70 ms
llama_perf_context_print: prompt eval time =     201.42 ms /    80 tokens (    2.52 ms per token,   397.18 tokens per second)
llama_perf_context_print:        eval time =     317.33 ms /    30 runs   (   10.58 ms per token,    94.54 tokens per second)
llama_perf_context_print:       total time =     525.17 ms /   110 tokens
llama_perf_context_print:    graphs reused =         29
[maple preview] 1. long query
Llama.generate: 309 prefix-match hit, remaining 78 prompt tokens to eval
llama_perf_context_print:        load time =     471.70 ms
llama_perf_context_print: prompt eval time =     197.01 ms /    78 tokens (    2.53 ms per token,   395.92 tokens per second)
llama_perf_context_print:        eval time =     191.04 ms /    18 runs   (   10.61 ms per token,    94.22 tokens per second)
llama_perf_context_print:       total time =     391.97 ms /    96 tokens
llama_perf_context_print:    graphs reused =         17
[maple preview] 2. long query
Llama.generate: 405 prefix-match hit, remaining 77 prompt tokens to eval
llama_perf_context_print:        load time =     471.70 ms
llama_perf_context_print: prompt eval time =     210.24 ms /    77 tokens (    2.73 ms per token,   366.24 tokens per second)
llama_perf_context_print:        eval time =     170.15 ms /    16 runs   (   10.63 ms per token,    94.03 tokens per second)
llama_perf_context_print:       total time =     383.93 ms /    93 tokens
llama_perf_context_print:    graphs reused =         15
[maple preview] 3. long query
Llama.generate: 498 prefix-match hit, remaining 82 prompt tokens to eval
llama_perf_context_print:        load time =     471.70 ms
llama_perf_context_print: prompt eval time =     227.73 ms /    82 tokens (    2.78 ms per token,   360.08 tokens per second)
llama_perf_context_print:        eval time =     201.33 ms /    18 runs   (   11.19 ms per token,    89.40 tokens per second)
llama_perf_context_print:       total time =     433.02 ms /   100 tokens
llama_perf_context_print:    graphs reused =         17
[maple preview] 4. long query
Llama.generate: 598 prefix-match hit, remaining 87 prompt tokens to eval
llama_perf_context_print:        load time =     471.70 ms
llama_perf_context_print: prompt eval time =     228.75 ms /    87 tokens (    2.63 ms per token,   380.32 tokens per second)
llama_perf_context_print:        eval time =     145.78 ms /    13 runs   (   11.21 ms per token,    89.18 tokens per second)
llama_perf_context_print:       total time =     377.58 ms /   100 tokens
llama_perf_context_print:    graphs reused =         12
[maple preview] 5. long query
Llama.generate: 698 prefix-match hit, remaining 87 prompt tokens to eval
llama_perf_context_print:        load time =     471.70 ms
llama_perf_context_print: prompt eval time =     232.47 ms /    87 tokens (    2.67 ms per token,   374.24 tokens per second)
llama_perf_context_print:        eval time =     235.40 ms /    20 runs   (   11.77 ms per token,    84.96 tokens per second)
llama_perf_context_print:       total time =     472.18 ms /   107 tokens
llama_perf_context_print:    graphs reused =         19
[maple preview] 6. long query
Llama.generate: 805 prefix-match hit, remaining 81 prompt tokens to eval
llama_perf_context_print:        load time =     471.70 ms
llama_perf_context_print: prompt eval time =     220.22 ms /    81 tokens (    2.72 ms per token,   367.81 tokens per second)
llama_perf_context_print:        eval time =     188.85 ms /    16 runs   (   11.80 ms per token,    84.72 tokens per second)
llama_perf_context_print:       total time =     412.66 ms /    97 tokens
llama_perf_context_print:    graphs reused =         15
[maple preview] 7. long query
Llama.generate: 902 prefix-match hit, remaining 87 prompt tokens to eval
llama_perf_context_print:        load time =     471.70 ms
llama_perf_context_print: prompt eval time =     232.63 ms /    87 tokens (    2.67 ms per token,   373.98 tokens per second)
llama_perf_context_print:        eval time =     758.81 ms /    63 runs   (   12.04 ms per token,    83.02 tokens per second)
llama_perf_context_print:       total time =    1006.16 ms /   150 tokens
llama_perf_context_print:    graphs reused =         61
[maple preview] 8. long query
Llama.generate: 1052 prefix-match hit, remaining 84 prompt tokens to eval
llama_perf_context_print:        load time =     471.70 ms
llama_perf_context_print: prompt eval time =     229.98 ms /    84 tokens (    2.74 ms per token,   365.25 tokens per second)
llama_perf_context_print:        eval time =     779.11 ms /    63 runs   (   12.37 ms per token,    80.86 tokens per second)
llama_perf_context_print:       total time =    1023.70 ms /   147 tokens
llama_perf_context_print:    graphs reused =         62
[maple preview] 9. long query
Llama.generate: 1199 prefix-match hit, remaining 85 prompt tokens to eval
llama_perf_context_print:        load time =     471.70 ms
llama_perf_context_print: prompt eval time =     252.23 ms /    85 tokens (    2.97 ms per token,   337.00 tokens per second)
llama_perf_context_print:        eval time =     811.32 ms /    63 runs   (   12.88 ms per token,    77.65 tokens per second)
llama_perf_context_print:       total time =    1078.23 ms /   148 tokens
llama_perf_context_print:    graphs reused =         62
[maple preview] 10. long query
Llama.generate: 1347 prefix-match hit, remaining 80 prompt tokens to eval
llama_perf_context_print:        load time =     471.70 ms
llama_perf_context_print: prompt eval time =     246.54 ms /    80 tokens (    3.08 ms per token,   324.49 tokens per second)
llama_perf_context_print:        eval time =     811.76 ms /    63 runs   (   12.89 ms per token,    77.61 tokens per second)
llama_perf_context_print:       total time =    1073.17 ms /   143 tokens
llama_perf_context_print:    graphs reused =         62
[maple preview] 11. long query
Llama.generate: 1490 prefix-match hit, remaining 84 prompt tokens to eval
llama_perf_context_print:        load time =     471.70 ms
llama_perf_context_print: prompt eval time =     239.68 ms /    84 tokens (    2.85 ms per token,   350.46 tokens per second)
llama_perf_context_print:        eval time =     847.89 ms /    63 runs   (   13.46 ms per token,    74.30 tokens per second)
llama_perf_context_print:       total time =    1102.77 ms /   147 tokens
llama_perf_context_print:    graphs reused =         62
[maple preview] 12. long query
Llama.generate: 1637 prefix-match hit, remaining 88 prompt tokens to eval
llama_perf_context_print:        load time =     471.70 ms
llama_perf_context_print: prompt eval time =     264.90 ms /    88 tokens (    3.01 ms per token,   332.20 tokens per second)
llama_perf_context_print:        eval time =     834.47 ms /    63 runs   (   13.25 ms per token,    75.50 tokens per second)
llama_perf_context_print:       total time =    1114.38 ms /   151 tokens
llama_perf_context_print:    graphs reused =         62
[maple preview] 13. long query
Llama.generate: 1788 prefix-match hit, remaining 85 prompt tokens to eval
llama_perf_context_print:        load time =     471.70 ms
llama_perf_context_print: prompt eval time =     265.13 ms /    85 tokens (    3.12 ms per token,   320.60 tokens per second)
llama_perf_context_print:        eval time =     869.89 ms /    63 runs   (   13.81 ms per token,    72.42 tokens per second)
llama_perf_context_print:       total time =    1149.88 ms /   148 tokens
llama_perf_context_print:    graphs reused =         62
[maple preview] 14. long query
Llama.generate: 1936 prefix-match hit, remaining 90 prompt tokens to eval
llama_perf_context_print:        load time =     471.70 ms
llama_perf_context_print: prompt eval time =     259.12 ms /    90 tokens (    2.88 ms per token,   347.33 tokens per second)
llama_perf_context_print:        eval time =     900.21 ms /    63 runs   (   14.29 ms per token,    69.98 tokens per second)
llama_perf_context_print:       total time =    1174.40 ms /   153 tokens
llama_perf_context_print:    graphs reused =         61
[maple preview] 15. long query
Llama.generate: 2089 prefix-match hit, remaining 91 prompt tokens to eval
llama_perf_context_print:        load time =     471.70 ms
llama_perf_context_print: prompt eval time =     284.20 ms /    91 tokens (    3.12 ms per token,   320.19 tokens per second)
llama_perf_context_print:        eval time =     864.01 ms /    63 runs   (   13.71 ms per token,    72.92 tokens per second)
llama_perf_context_print:       total time =    1163.01 ms /   154 tokens
llama_perf_context_print:    graphs reused =         62
~llama_context:        CPU compute buffer size is 304.7520 MiB, matches expectation of 304.7520 MiB
--- MiMo v2.6 9B ---
[MiMo v2.6 9B] 0. short query
Llama.generate: 211 prefix-match hit, remaining 24 prompt tokens to eval
llama_perf_context_print:        load time =    2762.62 ms
llama_perf_context_print: prompt eval time =     364.10 ms /    24 tokens (   15.17 ms per token,    65.92 tokens per second)
llama_perf_context_print:        eval time =    2347.93 ms /    25 runs   (   93.92 ms per token,    10.65 tokens per second)
llama_perf_context_print:       total time =    2719.25 ms /    49 tokens
llama_perf_context_print:    graphs reused =         23
[MiMo v2.6 9B] 1. short query
Llama.generate: 260 prefix-match hit, remaining 25 prompt tokens to eval
llama_perf_context_print:        load time =    2762.62 ms
llama_perf_context_print: prompt eval time =     398.54 ms /    25 tokens (   15.94 ms per token,    62.73 tokens per second)
llama_perf_context_print:        eval time =    2734.75 ms /    29 runs   (   94.30 ms per token,    10.60 tokens per second)
llama_perf_context_print:       total time =    3141.65 ms /    54 tokens
llama_perf_context_print:    graphs reused =         28
[MiMo v2.6 9B] 2. short query
Llama.generate: 314 prefix-match hit, remaining 26 prompt tokens to eval
llama_perf_context_print:        load time =    2762.62 ms
llama_perf_context_print: prompt eval time =     416.24 ms /    26 tokens (   16.01 ms per token,    62.46 tokens per second)
llama_perf_context_print:        eval time =    2451.68 ms /    26 runs   (   94.30 ms per token,    10.60 tokens per second)
llama_perf_context_print:       total time =    2875.54 ms /    52 tokens
llama_perf_context_print:    graphs reused =         25
[MiMo v2.6 9B] 3. short query
Llama.generate: 366 prefix-match hit, remaining 27 prompt tokens to eval
llama_perf_context_print:        load time =    2762.62 ms
llama_perf_context_print: prompt eval time =     441.55 ms /    27 tokens (   16.35 ms per token,    61.15 tokens per second)
llama_perf_context_print:        eval time =    2245.22 ms /    24 runs   (   93.55 ms per token,    10.69 tokens per second)
llama_perf_context_print:       total time =    2693.02 ms /    51 tokens
llama_perf_context_print:    graphs reused =         23
[MiMo v2.6 9B] 4. short query
Llama.generate: 417 prefix-match hit, remaining 23 prompt tokens to eval
llama_perf_context_print:        load time =    2762.62 ms
llama_perf_context_print: prompt eval time =     375.09 ms /    23 tokens (   16.31 ms per token,    61.32 tokens per second)
llama_perf_context_print:        eval time =    1215.50 ms /    13 runs   (   93.50 ms per token,    10.70 tokens per second)
llama_perf_context_print:       total time =    1594.24 ms /    36 tokens
llama_perf_context_print:    graphs reused =         12
[MiMo v2.6 9B] 5. short query
Llama.generate: 453 prefix-match hit, remaining 26 prompt tokens to eval
llama_perf_context_print:        load time =    2762.62 ms
llama_perf_context_print: prompt eval time =     422.26 ms /    26 tokens (   16.24 ms per token,    61.57 tokens per second)
llama_perf_context_print:        eval time =    2899.83 ms /    31 runs   (   93.54 ms per token,    10.69 tokens per second)
llama_perf_context_print:       total time =    3330.24 ms /    57 tokens
llama_perf_context_print:    graphs reused =         30
[MiMo v2.6 9B] 6. short query
Llama.generate: 510 prefix-match hit, remaining 28 prompt tokens to eval
llama_perf_context_print:        load time =    2762.62 ms
llama_perf_context_print: prompt eval time =     436.13 ms /    28 tokens (   15.58 ms per token,    64.20 tokens per second)
llama_perf_context_print:        eval time =    1793.49 ms /    19 runs   (   94.39 ms per token,    10.59 tokens per second)
llama_perf_context_print:       total time =    2235.06 ms /    47 tokens
llama_perf_context_print:    graphs reused =         18
[MiMo v2.6 9B] 7. short query
Llama.generate: 557 prefix-match hit, remaining 23 prompt tokens to eval
llama_perf_context_print:        load time =    2762.62 ms
llama_perf_context_print: prompt eval time =     384.27 ms /    23 tokens (   16.71 ms per token,    59.85 tokens per second)
llama_perf_context_print:        eval time =    1608.05 ms /    17 runs   (   94.59 ms per token,    10.57 tokens per second)
llama_perf_context_print:       total time =    1997.50 ms /    40 tokens
llama_perf_context_print:    graphs reused =         16
[MiMo v2.6 9B] 8. short query
Llama.generate: 597 prefix-match hit, remaining 24 prompt tokens to eval
llama_perf_context_print:        load time =    2762.62 ms
llama_perf_context_print: prompt eval time =     376.85 ms /    24 tokens (   15.70 ms per token,    63.69 tokens per second)
llama_perf_context_print:        eval time =    1595.55 ms /    17 runs   (   93.86 ms per token,    10.65 tokens per second)
llama_perf_context_print:       total time =    1976.96 ms /    41 tokens
llama_perf_context_print:    graphs reused =         16
[MiMo v2.6 9B] 9. short query
Llama.generate: 638 prefix-match hit, remaining 24 prompt tokens to eval
llama_perf_context_print:        load time =    2762.62 ms
llama_perf_context_print: prompt eval time =     375.79 ms /    24 tokens (   15.66 ms per token,    63.86 tokens per second)
llama_perf_context_print:        eval time =    1797.20 ms /    19 runs   (   94.59 ms per token,    10.57 tokens per second)
llama_perf_context_print:       total time =    2178.06 ms /    43 tokens
llama_perf_context_print:    graphs reused =         18
[MiMo v2.6 9B] 10. short query
Llama.generate: 681 prefix-match hit, remaining 29 prompt tokens to eval
llama_perf_context_print:        load time =    2762.62 ms
llama_perf_context_print: prompt eval time =     468.67 ms /    29 tokens (   16.16 ms per token,    61.88 tokens per second)
llama_perf_context_print:        eval time =    1596.87 ms /    17 runs   (   93.93 ms per token,    10.65 tokens per second)
llama_perf_context_print:       total time =    2070.08 ms /    46 tokens
llama_perf_context_print:    graphs reused =         16
[MiMo v2.6 9B] 11. short query
Llama.generate: 727 prefix-match hit, remaining 24 prompt tokens to eval
llama_perf_context_print:        load time =    2762.62 ms
llama_perf_context_print: prompt eval time =     378.96 ms /    24 tokens (   15.79 ms per token,    63.33 tokens per second)
llama_perf_context_print:        eval time =    1230.64 ms /    13 runs   (   94.66 ms per token,    10.56 tokens per second)
llama_perf_context_print:       total time =    1613.22 ms /    37 tokens
llama_perf_context_print:    graphs reused =         12
[MiMo v2.6 9B] 12. short query
Llama.generate: 764 prefix-match hit, remaining 25 prompt tokens to eval
llama_perf_context_print:        load time =    2762.62 ms
llama_perf_context_print: prompt eval time =     404.92 ms /    25 tokens (   16.20 ms per token,    61.74 tokens per second)
llama_perf_context_print:        eval time =    1600.32 ms /    17 runs   (   94.14 ms per token,    10.62 tokens per second)
llama_perf_context_print:       total time =    2009.90 ms /    42 tokens
llama_perf_context_print:    graphs reused =         16
[MiMo v2.6 9B] 13. short query
Llama.generate: 806 prefix-match hit, remaining 26 prompt tokens to eval
llama_perf_context_print:        load time =    2762.62 ms
llama_perf_context_print: prompt eval time =     431.56 ms /    26 tokens (   16.60 ms per token,    60.25 tokens per second)
llama_perf_context_print:        eval time =    1615.03 ms /    17 runs   (   95.00 ms per token,    10.53 tokens per second)
llama_perf_context_print:       total time =    2051.71 ms /    43 tokens
llama_perf_context_print:    graphs reused =         16
[MiMo v2.6 9B] 14. short query
Llama.generate: 849 prefix-match hit, remaining 26 prompt tokens to eval
llama_perf_context_print:        load time =    2762.62 ms
llama_perf_context_print: prompt eval time =     429.01 ms /    26 tokens (   16.50 ms per token,    60.60 tokens per second)
llama_perf_context_print:        eval time =    2397.19 ms /    25 runs   (   95.89 ms per token,    10.43 tokens per second)
llama_perf_context_print:       total time =    2833.77 ms /    51 tokens
llama_perf_context_print:    graphs reused =         24
[MiMo v2.6 9B] 15. short query
Llama.generate: 900 prefix-match hit, remaining 24 prompt tokens to eval
llama_perf_context_print:        load time =    2762.62 ms
llama_perf_context_print: prompt eval time =     384.46 ms /    24 tokens (   16.02 ms per token,    62.43 tokens per second)
llama_perf_context_print:        eval time =    1709.52 ms /    18 runs   (   94.97 ms per token,    10.53 tokens per second)
llama_perf_context_print:       total time =    2099.44 ms /    42 tokens
llama_perf_context_print:    graphs reused =         17
[MiMo v2.6 9B] 0. long query
Llama.generate: 211 prefix-match hit, remaining 80 prompt tokens to eval
llama_perf_context_print:        load time =    2762.62 ms
llama_perf_context_print: prompt eval time =    1008.57 ms /    80 tokens (   12.61 ms per token,    79.32 tokens per second)
llama_perf_context_print:        eval time =    3578.68 ms /    38 runs   (   94.18 ms per token,    10.62 tokens per second)
llama_perf_context_print:       total time =    4598.37 ms /   118 tokens
llama_perf_context_print:    graphs reused =         37
[MiMo v2.6 9B] 1. long query
Llama.generate: 329 prefix-match hit, remaining 78 prompt tokens to eval
llama_perf_context_print:        load time =    2762.62 ms
llama_perf_context_print: prompt eval time =    1049.93 ms /    78 tokens (   13.46 ms per token,    74.29 tokens per second)
llama_perf_context_print:        eval time =    2640.20 ms /    28 runs   (   94.29 ms per token,    10.61 tokens per second)
llama_perf_context_print:       total time =    3698.26 ms /   106 tokens
llama_perf_context_print:    graphs reused =         27
[MiMo v2.6 9B] 2. long query
Llama.generate: 435 prefix-match hit, remaining 77 prompt tokens to eval
llama_perf_context_print:        load time =    2762.62 ms
llama_perf_context_print: prompt eval time =    1044.78 ms /    77 tokens (   13.57 ms per token,    73.70 tokens per second)
llama_perf_context_print:        eval time =    3309.29 ms /    35 runs   (   94.55 ms per token,    10.58 tokens per second)
llama_perf_context_print:       total time =    4364.64 ms /   112 tokens
llama_perf_context_print:    graphs reused =         34
[MiMo v2.6 9B] 3. long query
Llama.generate: 547 prefix-match hit, remaining 82 prompt tokens to eval
llama_perf_context_print:        load time =    2762.62 ms
llama_perf_context_print: prompt eval time =    1084.95 ms /    82 tokens (   13.23 ms per token,    75.58 tokens per second)
llama_perf_context_print:        eval time =    3120.45 ms /    33 runs   (   94.56 ms per token,    10.58 tokens per second)
llama_perf_context_print:       total time =    4215.93 ms /   115 tokens
llama_perf_context_print:    graphs reused =         32
[MiMo v2.6 9B] 4. long query
Llama.generate: 662 prefix-match hit, remaining 87 prompt tokens to eval
llama_perf_context_print:        load time =    2762.62 ms
llama_perf_context_print: prompt eval time =    1151.15 ms /    87 tokens (   13.23 ms per token,    75.58 tokens per second)
llama_perf_context_print:        eval time =    4072.54 ms /    43 runs   (   94.71 ms per token,    10.56 tokens per second)
llama_perf_context_print:       total time =    5236.71 ms /   130 tokens
llama_perf_context_print:    graphs reused =         41
[MiMo v2.6 9B] 5. long query
Llama.generate: 792 prefix-match hit, remaining 86 prompt tokens to eval
llama_perf_context_print:        load time =    2762.62 ms
llama_perf_context_print: prompt eval time =    1156.64 ms /    86 tokens (   13.45 ms per token,    74.35 tokens per second)
llama_perf_context_print:        eval time =    3978.44 ms /    42 runs   (   94.72 ms per token,    10.56 tokens per second)
llama_perf_context_print:       total time =    5148.14 ms /   128 tokens
llama_perf_context_print:    graphs reused =         41
[MiMo v2.6 9B] 6. long query
Llama.generate: 920 prefix-match hit, remaining 81 prompt tokens to eval
llama_perf_context_print:        load time =    2762.62 ms
llama_perf_context_print: prompt eval time =    1073.23 ms /    81 tokens (   13.25 ms per token,    75.47 tokens per second)
llama_perf_context_print:        eval time =    4239.80 ms /    45 runs   (   94.22 ms per token,    10.61 tokens per second)
llama_perf_context_print:       total time =    5325.30 ms /   126 tokens
llama_perf_context_print:    graphs reused =         43
[MiMo v2.6 9B] 7. long query
Llama.generate: 1046 prefix-match hit, remaining 87 prompt tokens to eval
llama_perf_context_print:        load time =    2762.62 ms
llama_perf_context_print: prompt eval time =    1168.69 ms /    87 tokens (   13.43 ms per token,    74.44 tokens per second)
llama_perf_context_print:        eval time =    4436.68 ms /    47 runs   (   94.40 ms per token,    10.59 tokens per second)
llama_perf_context_print:       total time =    5618.49 ms /   134 tokens
llama_perf_context_print:    graphs reused =         46
[MiMo v2.6 9B] 8. long query
Llama.generate: 1180 prefix-match hit, remaining 83 prompt tokens to eval
llama_perf_context_print:        load time =    2762.62 ms
llama_perf_context_print: prompt eval time =    1135.01 ms /    83 tokens (   13.67 ms per token,    73.13 tokens per second)
llama_perf_context_print:        eval time =    4009.06 ms /    42 runs   (   95.45 ms per token,    10.48 tokens per second)
llama_perf_context_print:       total time =    5157.12 ms /   125 tokens
llama_perf_context_print:    graphs reused =         40
[MiMo v2.6 9B] 9. long query
Llama.generate: 1305 prefix-match hit, remaining 84 prompt tokens to eval
llama_perf_context_print:        load time =    2762.62 ms
llama_perf_context_print: prompt eval time =    1133.88 ms /    84 tokens (   13.50 ms per token,    74.08 tokens per second)
llama_perf_context_print:        eval time =    4024.12 ms /    42 runs   (   95.81 ms per token,    10.44 tokens per second)
llama_perf_context_print:       total time =    5170.90 ms /   126 tokens
llama_perf_context_print:    graphs reused =         41
[MiMo v2.6 9B] 10. long query
Llama.generate: 1431 prefix-match hit, remaining 79 prompt tokens to eval
llama_perf_context_print:        load time =    2762.62 ms
llama_perf_context_print: prompt eval time =    1141.02 ms /    79 tokens (   14.44 ms per token,    69.24 tokens per second)
llama_perf_context_print:        eval time =    3169.97 ms /    33 runs   (   96.06 ms per token,    10.41 tokens per second)
llama_perf_context_print:       total time =    4321.73 ms /   112 tokens
llama_perf_context_print:    graphs reused =         31
[MiMo v2.6 9B] 11. long query
Llama.generate: 1543 prefix-match hit, remaining 83 prompt tokens to eval
llama_perf_context_print:        load time =    2762.62 ms
llama_perf_context_print: prompt eval time =    1165.11 ms /    83 tokens (   14.04 ms per token,    71.24 tokens per second)
llama_perf_context_print:        eval time =    4260.15 ms /    44 runs   (   96.82 ms per token,    10.33 tokens per second)
llama_perf_context_print:       total time =    5438.59 ms /   127 tokens
llama_perf_context_print:    graphs reused =         43
[MiMo v2.6 9B] 12. long query
Llama.generate: 1670 prefix-match hit, remaining 87 prompt tokens to eval
llama_perf_context_print:        load time =    2762.62 ms
llama_perf_context_print: prompt eval time =    1205.26 ms /    87 tokens (   13.85 ms per token,    72.18 tokens per second)
llama_perf_context_print:        eval time =    3198.91 ms /    33 runs   (   96.94 ms per token,    10.32 tokens per second)
llama_perf_context_print:       total time =    4414.94 ms /   120 tokens
llama_perf_context_print:    graphs reused =         32
[MiMo v2.6 9B] 13. long query
Llama.generate: 1790 prefix-match hit, remaining 84 prompt tokens to eval
llama_perf_context_print:        load time =    2762.62 ms
llama_perf_context_print: prompt eval time =    1147.59 ms /    84 tokens (   13.66 ms per token,    73.20 tokens per second)
llama_perf_context_print:        eval time =    4216.40 ms /    43 runs   (   98.06 ms per token,    10.20 tokens per second)
llama_perf_context_print:       total time =    5378.24 ms /   127 tokens
llama_perf_context_print:    graphs reused =         42
[MiMo v2.6 9B] 14. long query
Llama.generate: 1917 prefix-match hit, remaining 89 prompt tokens to eval
llama_perf_context_print:        load time =    2762.62 ms
llama_perf_context_print: prompt eval time =    1260.38 ms /    89 tokens (   14.16 ms per token,    70.61 tokens per second)
llama_perf_context_print:        eval time =    3639.47 ms /    37 runs   (   98.36 ms per token,    10.17 tokens per second)
llama_perf_context_print:       total time =    4911.72 ms /   126 tokens
llama_perf_context_print:    graphs reused =         36
[MiMo v2.6 9B] 15. long query
Llama.generate: 2043 prefix-match hit, remaining 90 prompt tokens to eval
llama_perf_context_print:        load time =    2762.62 ms
llama_perf_context_print: prompt eval time =    1260.63 ms /    90 tokens (   14.01 ms per token,    71.39 tokens per second)
llama_perf_context_print:        eval time =    4160.21 ms /    42 runs   (   99.05 ms per token,    10.10 tokens per second)
llama_perf_context_print:       total time =    5435.21 ms /   132 tokens
llama_perf_context_print:    graphs reused =         41
~llama_context:        CPU compute buffer size is 513.0196 MiB, matches expectation of 513.0196 MiB
--- Qwen3.5 9B ---
[Qwen3.5 9B] 0. short query
Llama.generate: 211 prefix-match hit, remaining 24 prompt tokens to eval
llama_perf_context_print:        load time =    2495.25 ms
llama_perf_context_print: prompt eval time =     345.52 ms /    24 tokens (   14.40 ms per token,    69.46 tokens per second)
llama_perf_context_print:        eval time =    2845.03 ms /    31 runs   (   91.78 ms per token,    10.90 tokens per second)
llama_perf_context_print:       total time =    3199.87 ms /    55 tokens
llama_perf_context_print:    graphs reused =         29
[Qwen3.5 9B] 1. short query
Llama.generate: 266 prefix-match hit, remaining 25 prompt tokens to eval
llama_perf_context_print:        load time =    2495.25 ms
llama_perf_context_print: prompt eval time =     361.58 ms /    25 tokens (   14.46 ms per token,    69.14 tokens per second)
llama_perf_context_print:        eval time =    2664.05 ms /    29 runs   (   91.86 ms per token,    10.89 tokens per second)
llama_perf_context_print:       total time =    3034.37 ms /    54 tokens
llama_perf_context_print:    graphs reused =         28
[Qwen3.5 9B] 2. short query
Llama.generate: 320 prefix-match hit, remaining 26 prompt tokens to eval
llama_perf_context_print:        load time =    2495.25 ms
llama_perf_context_print: prompt eval time =     377.75 ms /    26 tokens (   14.53 ms per token,    68.83 tokens per second)
llama_perf_context_print:        eval time =    2480.11 ms /    27 runs   (   91.86 ms per token,    10.89 tokens per second)
llama_perf_context_print:       total time =    2865.72 ms /    53 tokens
llama_perf_context_print:    graphs reused =         26
[Qwen3.5 9B] 3. short query
Llama.generate: 373 prefix-match hit, remaining 27 prompt tokens to eval
llama_perf_context_print:        load time =    2495.25 ms
llama_perf_context_print: prompt eval time =     398.69 ms /    27 tokens (   14.77 ms per token,    67.72 tokens per second)
llama_perf_context_print:        eval time =    2571.91 ms /    28 runs   (   91.85 ms per token,    10.89 tokens per second)
llama_perf_context_print:       total time =    2978.88 ms /    55 tokens
llama_perf_context_print:    graphs reused =         27
[Qwen3.5 9B] 4. short query
Llama.generate: 428 prefix-match hit, remaining 23 prompt tokens to eval
llama_perf_context_print:        load time =    2495.25 ms
llama_perf_context_print: prompt eval time =     347.95 ms /    23 tokens (   15.13 ms per token,    66.10 tokens per second)
llama_perf_context_print:        eval time =    2113.11 ms /    23 runs   (   91.87 ms per token,    10.88 tokens per second)
llama_perf_context_print:       total time =    2467.92 ms /    46 tokens
llama_perf_context_print:    graphs reused =         22
[Qwen3.5 9B] 5. short query
Llama.generate: 474 prefix-match hit, remaining 26 prompt tokens to eval
llama_perf_context_print:        load time =    2495.25 ms
llama_perf_context_print: prompt eval time =     382.69 ms /    26 tokens (   14.72 ms per token,    67.94 tokens per second)
llama_perf_context_print:        eval time =    2667.79 ms /    29 runs   (   91.99 ms per token,    10.87 tokens per second)
llama_perf_context_print:       total time =    3058.80 ms /    55 tokens
llama_perf_context_print:    graphs reused =         27
[Qwen3.5 9B] 6. short query
Llama.generate: 529 prefix-match hit, remaining 28 prompt tokens to eval
llama_perf_context_print:        load time =    2495.25 ms
llama_perf_context_print: prompt eval time =     397.01 ms /    28 tokens (   14.18 ms per token,    70.53 tokens per second)
llama_perf_context_print:        eval time =    2301.62 ms /    25 runs   (   92.06 ms per token,    10.86 tokens per second)
llama_perf_context_print:       total time =    2706.00 ms /    53 tokens
llama_perf_context_print:    graphs reused =         24
[Qwen3.5 9B] 7. short query
Llama.generate: 582 prefix-match hit, remaining 23 prompt tokens to eval
llama_perf_context_print:        load time =    2495.25 ms
llama_perf_context_print: prompt eval time =     352.22 ms /    23 tokens (   15.31 ms per token,    65.30 tokens per second)
llama_perf_context_print:        eval time =    2578.12 ms /    28 runs   (   92.08 ms per token,    10.86 tokens per second)
llama_perf_context_print:       total time =    2938.70 ms /    51 tokens
llama_perf_context_print:    graphs reused =         27
[Qwen3.5 9B] 8. short query
Llama.generate: 633 prefix-match hit, remaining 24 prompt tokens to eval
llama_perf_context_print:        load time =    2495.25 ms
llama_perf_context_print: prompt eval time =     349.84 ms /    24 tokens (   14.58 ms per token,    68.60 tokens per second)
llama_perf_context_print:        eval time =    1934.27 ms /    21 runs   (   92.11 ms per token,    10.86 tokens per second)
llama_perf_context_print:       total time =    2290.33 ms /    45 tokens
llama_perf_context_print:    graphs reused =         20
[Qwen3.5 9B] 9. short query
Llama.generate: 678 prefix-match hit, remaining 24 prompt tokens to eval
llama_perf_context_print:        load time =    2495.25 ms
llama_perf_context_print: prompt eval time =     350.95 ms /    24 tokens (   14.62 ms per token,    68.39 tokens per second)
llama_perf_context_print:        eval time =    2304.12 ms /    25 runs   (   92.16 ms per token,    10.85 tokens per second)
llama_perf_context_print:       total time =    2662.66 ms /    49 tokens
llama_perf_context_print:    graphs reused =         24
[Qwen3.5 9B] 10. short query
Llama.generate: 727 prefix-match hit, remaining 29 prompt tokens to eval
llama_perf_context_print:        load time =    2495.25 ms
llama_perf_context_print: prompt eval time =     421.42 ms /    29 tokens (   14.53 ms per token,    68.81 tokens per second)
llama_perf_context_print:        eval time =    2399.16 ms /    26 runs   (   92.28 ms per token,    10.84 tokens per second)
llama_perf_context_print:       total time =    2828.29 ms /    55 tokens
llama_perf_context_print:    graphs reused =         24
[Qwen3.5 9B] 11. short query
Llama.generate: 782 prefix-match hit, remaining 24 prompt tokens to eval
llama_perf_context_print:        load time =    2495.25 ms
llama_perf_context_print: prompt eval time =     353.59 ms /    24 tokens (   14.73 ms per token,    67.87 tokens per second)
llama_perf_context_print:        eval time =    2031.91 ms /    22 runs   (   92.36 ms per token,    10.83 tokens per second)
llama_perf_context_print:       total time =    2392.32 ms /    46 tokens
llama_perf_context_print:    graphs reused =         21
[Qwen3.5 9B] 12. short query
Llama.generate: 828 prefix-match hit, remaining 25 prompt tokens to eval
llama_perf_context_print:        load time =    2495.25 ms
llama_perf_context_print: prompt eval time =     374.39 ms /    25 tokens (   14.98 ms per token,    66.77 tokens per second)
llama_perf_context_print:        eval time =    2402.33 ms /    26 runs   (   92.40 ms per token,    10.82 tokens per second)
llama_perf_context_print:       total time =    2784.51 ms /    51 tokens
llama_perf_context_print:    graphs reused =         25
[Qwen3.5 9B] 13. short query
Llama.generate: 879 prefix-match hit, remaining 26 prompt tokens to eval
llama_perf_context_print:        load time =    2495.25 ms
llama_perf_context_print: prompt eval time =     391.28 ms /    26 tokens (   15.05 ms per token,    66.45 tokens per second)
llama_perf_context_print:        eval time =    2217.00 ms /    24 runs   (   92.37 ms per token,    10.83 tokens per second)
llama_perf_context_print:       total time =    2615.41 ms /    50 tokens
llama_perf_context_print:    graphs reused =         23
[Qwen3.5 9B] 14. short query
Llama.generate: 929 prefix-match hit, remaining 26 prompt tokens to eval
llama_perf_context_print:        load time =    2495.25 ms
llama_perf_context_print: prompt eval time =     391.74 ms /    26 tokens (   15.07 ms per token,    66.37 tokens per second)
llama_perf_context_print:        eval time =    2396.65 ms /    26 runs   (   92.18 ms per token,    10.85 tokens per second)
llama_perf_context_print:       total time =    2796.11 ms /    52 tokens
llama_perf_context_print:    graphs reused =         25
[Qwen3.5 9B] 15. short query
Llama.generate: 981 prefix-match hit, remaining 24 prompt tokens to eval
llama_perf_context_print:        load time =    2495.25 ms
llama_perf_context_print: prompt eval time =     358.45 ms /    24 tokens (   14.94 ms per token,    66.95 tokens per second)
llama_perf_context_print:        eval time =    2301.55 ms /    25 runs   (   92.06 ms per token,    10.86 tokens per second)
llama_perf_context_print:       total time =    2667.14 ms /    49 tokens
llama_perf_context_print:    graphs reused =         23
[Qwen3.5 9B] 0. long query
Llama.generate: 211 prefix-match hit, remaining 80 prompt tokens to eval
llama_perf_context_print:        load time =    2495.25 ms
llama_perf_context_print: prompt eval time =     933.87 ms /    80 tokens (   11.67 ms per token,    85.67 tokens per second)
llama_perf_context_print:        eval time =    3488.72 ms /    38 runs   (   91.81 ms per token,    10.89 tokens per second)
llama_perf_context_print:       total time =    4434.30 ms /   118 tokens
llama_perf_context_print:    graphs reused =         37
[Qwen3.5 9B] 1. long query
Llama.generate: 329 prefix-match hit, remaining 78 prompt tokens to eval
llama_perf_context_print:        load time =    2495.25 ms
llama_perf_context_print: prompt eval time =     963.20 ms /    78 tokens (   12.35 ms per token,    80.98 tokens per second)
llama_perf_context_print:        eval time =    3097.49 ms /    34 runs   (   91.10 ms per token,    10.98 tokens per second)
llama_perf_context_print:       total time =    4069.88 ms /   112 tokens
llama_perf_context_print:    graphs reused =         33
[Qwen3.5 9B] 2. long query
Llama.generate: 441 prefix-match hit, remaining 77 prompt tokens to eval
llama_perf_context_print:        load time =    2495.25 ms
llama_perf_context_print: prompt eval time =     957.72 ms /    77 tokens (   12.44 ms per token,    80.40 tokens per second)
llama_perf_context_print:        eval time =    4016.10 ms /    44 runs   (   91.27 ms per token,    10.96 tokens per second)
llama_perf_context_print:       total time =    4985.81 ms /   121 tokens
llama_perf_context_print:    graphs reused =         43
[Qwen3.5 9B] 3. long query
Llama.generate: 562 prefix-match hit, remaining 82 prompt tokens to eval
llama_perf_context_print:        load time =    2495.25 ms
llama_perf_context_print: prompt eval time =    1000.83 ms /    82 tokens (   12.21 ms per token,    81.93 tokens per second)
llama_perf_context_print:        eval time =    3651.78 ms /    40 runs   (   91.29 ms per token,    10.95 tokens per second)
llama_perf_context_print:       total time =    4663.51 ms /   122 tokens
llama_perf_context_print:    graphs reused =         39
[Qwen3.5 9B] 4. long query
Llama.generate: 684 prefix-match hit, remaining 87 prompt tokens to eval
llama_perf_context_print:        load time =    2495.25 ms
llama_perf_context_print: prompt eval time =    1058.31 ms /    87 tokens (   12.16 ms per token,    82.21 tokens per second)
llama_perf_context_print:        eval time =    3937.71 ms /    43 runs   (   91.57 ms per token,    10.92 tokens per second)
llama_perf_context_print:       total time =    5007.68 ms /   130 tokens
llama_perf_context_print:    graphs reused =         42
[Qwen3.5 9B] 5. long query
Llama.generate: 814 prefix-match hit, remaining 86 prompt tokens to eval
llama_perf_context_print:        load time =    2495.25 ms
llama_perf_context_print: prompt eval time =    1057.65 ms /    86 tokens (   12.30 ms per token,    81.31 tokens per second)
llama_perf_context_print:        eval time =    3388.69 ms /    37 runs   (   91.59 ms per token,    10.92 tokens per second)
llama_perf_context_print:       total time =    4456.16 ms /   123 tokens
llama_perf_context_print:    graphs reused =         36
[Qwen3.5 9B] 6. long query
Llama.generate: 937 prefix-match hit, remaining 81 prompt tokens to eval
llama_perf_context_print:        load time =    2495.25 ms
llama_perf_context_print: prompt eval time =     992.43 ms /    81 tokens (   12.25 ms per token,    81.62 tokens per second)
llama_perf_context_print:        eval time =    4225.93 ms /    46 runs   (   91.87 ms per token,    10.89 tokens per second)
llama_perf_context_print:       total time =    5230.67 ms /   127 tokens
llama_perf_context_print:    graphs reused =         44
[Qwen3.5 9B] 7. long query
Llama.generate: 1064 prefix-match hit, remaining 87 prompt tokens to eval
llama_perf_context_print:        load time =    2495.25 ms
llama_perf_context_print: prompt eval time =    1075.61 ms /    87 tokens (   12.36 ms per token,    80.88 tokens per second)
llama_perf_context_print:        eval time =    4321.15 ms /    47 runs   (   91.94 ms per token,    10.88 tokens per second)
llama_perf_context_print:       total time =    5409.51 ms /   134 tokens
llama_perf_context_print:    graphs reused =         46
[Qwen3.5 9B] 8. long query
Llama.generate: 1198 prefix-match hit, remaining 83 prompt tokens to eval
llama_perf_context_print:        load time =    2495.25 ms
llama_perf_context_print: prompt eval time =    1046.76 ms /    83 tokens (   12.61 ms per token,    79.29 tokens per second)
llama_perf_context_print:        eval time =    3603.62 ms /    39 runs   (   92.40 ms per token,    10.82 tokens per second)
llama_perf_context_print:       total time =    4661.06 ms /   122 tokens
llama_perf_context_print:    graphs reused =         38
[Qwen3.5 9B] 9. long query
Llama.generate: 1320 prefix-match hit, remaining 84 prompt tokens to eval
llama_perf_context_print:        load time =    2495.25 ms
llama_perf_context_print: prompt eval time =    1041.78 ms /    84 tokens (   12.40 ms per token,    80.63 tokens per second)
llama_perf_context_print:        eval time =    3696.23 ms /    40 runs   (   92.41 ms per token,    10.82 tokens per second)
llama_perf_context_print:       total time =    4749.24 ms /   124 tokens
llama_perf_context_print:    graphs reused =         39
[Qwen3.5 9B] 10. long query
Llama.generate: 1444 prefix-match hit, remaining 79 prompt tokens to eval
llama_perf_context_print:        load time =    2495.25 ms
llama_perf_context_print: prompt eval time =    1044.16 ms /    79 tokens (   13.22 ms per token,    75.66 tokens per second)
llama_perf_context_print:        eval time =    4023.06 ms /    43 runs   (   93.56 ms per token,    10.69 tokens per second)
llama_perf_context_print:       total time =    5080.99 ms /   122 tokens
llama_perf_context_print:    graphs reused =         41
[Qwen3.5 9B] 11. long query
Llama.generate: 1566 prefix-match hit, remaining 83 prompt tokens to eval
llama_perf_context_print:        load time =    2495.25 ms
llama_perf_context_print: prompt eval time =    1071.61 ms /    83 tokens (   12.91 ms per token,    77.45 tokens per second)
llama_perf_context_print:        eval time =    3917.30 ms /    42 runs   (   93.27 ms per token,    10.72 tokens per second)
llama_perf_context_print:       total time =    5000.83 ms /   125 tokens
llama_perf_context_print:    graphs reused =         41
[Qwen3.5 9B] 12. long query
Llama.generate: 1691 prefix-match hit, remaining 87 prompt tokens to eval
llama_perf_context_print:        load time =    2495.25 ms
llama_perf_context_print: prompt eval time =    1094.84 ms /    87 tokens (   12.58 ms per token,    79.46 tokens per second)
llama_perf_context_print:        eval time =    4239.80 ms /    45 runs   (   94.22 ms per token,    10.61 tokens per second)
llama_perf_context_print:       total time =    5348.43 ms /   132 tokens
llama_perf_context_print:    graphs reused =         43
[Qwen3.5 9B] 13. long query
Llama.generate: 1823 prefix-match hit, remaining 84 prompt tokens to eval
llama_perf_context_print:        load time =    2495.25 ms
llama_perf_context_print: prompt eval time =    1057.55 ms /    84 tokens (   12.59 ms per token,    79.43 tokens per second)
llama_perf_context_print:        eval time =    4104.79 ms /    43 runs   (   95.46 ms per token,    10.48 tokens per second)
llama_perf_context_print:       total time =    5175.56 ms /   127 tokens
llama_perf_context_print:    graphs reused =         42
[Qwen3.5 9B] 14. long query
Llama.generate: 1950 prefix-match hit, remaining 89 prompt tokens to eval
llama_perf_context_print:        load time =    2495.25 ms
llama_perf_context_print: prompt eval time =    1150.75 ms /    89 tokens (   12.93 ms per token,    77.34 tokens per second)
llama_perf_context_print:        eval time =    4425.72 ms /    46 runs   (   96.21 ms per token,    10.39 tokens per second)
llama_perf_context_print:       total time =    5591.40 ms /   135 tokens
llama_perf_context_print:    graphs reused =         44
[Qwen3.5 9B] 15. long query
Llama.generate: 2085 prefix-match hit, remaining 90 prompt tokens to eval
llama_perf_context_print:        load time =    2495.25 ms
llama_perf_context_print: prompt eval time =    1147.58 ms /    90 tokens (   12.75 ms per token,    78.43 tokens per second)
llama_perf_context_print:        eval time =    4723.53 ms /    49 runs   (   96.40 ms per token,    10.37 tokens per second)
llama_perf_context_print:       total time =    5887.30 ms /   139 tokens
llama_perf_context_print:    graphs reused =         48
~llama_context:        CPU compute buffer size is 513.0196 MiB, matches expectation of 513.0196 MiB
--- granite 4.2 8B ---
[granite 4.2 8B] 0. short query
Llama.generate: 221 prefix-match hit, remaining 22 prompt tokens to eval
llama_perf_context_print:        load time =    2782.11 ms
llama_perf_context_print: prompt eval time =     357.33 ms /    22 tokens (   16.24 ms per token,    61.57 tokens per second)
llama_perf_context_print:        eval time =    1986.04 ms /    22 runs   (   90.27 ms per token,    11.08 tokens per second)
llama_perf_context_print:       total time =    2347.19 ms /    44 tokens
llama_perf_context_print:    graphs reused =         20
[granite 4.2 8B] 1. short query
Llama.generate: 265 prefix-match hit, remaining 23 prompt tokens to eval
llama_perf_context_print:        load time =    2782.11 ms
llama_perf_context_print: prompt eval time =     404.22 ms /    23 tokens (   17.57 ms per token,    56.90 tokens per second)
llama_perf_context_print:        eval time =    1182.52 ms /    13 runs   (   90.96 ms per token,    10.99 tokens per second)
llama_perf_context_print:       total time =    1589.01 ms /    36 tokens
llama_perf_context_print:    graphs reused =         12
[granite 4.2 8B] 2. short query
Llama.generate: 301 prefix-match hit, remaining 24 prompt tokens to eval
llama_perf_context_print:        load time =    2782.11 ms
llama_perf_context_print: prompt eval time =     393.25 ms /    24 tokens (   16.39 ms per token,    61.03 tokens per second)
llama_perf_context_print:        eval time =    1821.80 ms /    20 runs   (   91.09 ms per token,    10.98 tokens per second)
llama_perf_context_print:       total time =    2218.35 ms /    44 tokens
llama_perf_context_print:    graphs reused =         19
[granite 4.2 8B] 3. short query
Llama.generate: 345 prefix-match hit, remaining 25 prompt tokens to eval
llama_perf_context_print:        load time =    2782.11 ms
llama_perf_context_print: prompt eval time =     422.65 ms /    25 tokens (   16.91 ms per token,    59.15 tokens per second)
llama_perf_context_print:        eval time =    1456.93 ms /    16 runs   (   91.06 ms per token,    10.98 tokens per second)
llama_perf_context_print:       total time =    1882.25 ms /    41 tokens
llama_perf_context_print:    graphs reused =         15
[granite 4.2 8B] 4. short query
Llama.generate: 386 prefix-match hit, remaining 21 prompt tokens to eval
llama_perf_context_print:        load time =    2782.11 ms
llama_perf_context_print: prompt eval time =     362.68 ms /    21 tokens (   17.27 ms per token,    57.90 tokens per second)
llama_perf_context_print:        eval time =    2094.76 ms /    23 runs   (   91.08 ms per token,    10.98 tokens per second)
llama_perf_context_print:       total time =    2461.15 ms /    44 tokens
llama_perf_context_print:    graphs reused =         22
[granite 4.2 8B] 5. short query
Llama.generate: 430 prefix-match hit, remaining 24 prompt tokens to eval
llama_perf_context_print:        load time =    2782.11 ms
llama_perf_context_print: prompt eval time =     408.98 ms /    24 tokens (   17.04 ms per token,    58.68 tokens per second)
llama_perf_context_print:        eval time =    1456.98 ms /    16 runs   (   91.06 ms per token,    10.98 tokens per second)
llama_perf_context_print:       total time =    1868.67 ms /    40 tokens
llama_perf_context_print:    graphs reused =         15
[granite 4.2 8B] 6. short query
Llama.generate: 470 prefix-match hit, remaining 26 prompt tokens to eval
llama_perf_context_print:        load time =    2782.11 ms
llama_perf_context_print: prompt eval time =     461.52 ms /    26 tokens (   17.75 ms per token,    56.34 tokens per second)
llama_perf_context_print:        eval time =    1829.18 ms /    20 runs   (   91.46 ms per token,    10.93 tokens per second)
llama_perf_context_print:       total time =    2294.24 ms /    46 tokens
llama_perf_context_print:    graphs reused =         18
[granite 4.2 8B] 7. short query
Llama.generate: 516 prefix-match hit, remaining 21 prompt tokens to eval
llama_perf_context_print:        load time =    2782.11 ms
llama_perf_context_print: prompt eval time =     372.77 ms /    21 tokens (   17.75 ms per token,    56.33 tokens per second)
llama_perf_context_print:        eval time =    1488.11 ms /    16 runs   (   93.01 ms per token,    10.75 tokens per second)
llama_perf_context_print:       total time =    1863.67 ms /    37 tokens
llama_perf_context_print:    graphs reused =         15
[granite 4.2 8B] 8. short query
Llama.generate: 553 prefix-match hit, remaining 22 prompt tokens to eval
llama_perf_context_print:        load time =    2782.11 ms
llama_perf_context_print: prompt eval time =     401.90 ms /    22 tokens (   18.27 ms per token,    54.74 tokens per second)
llama_perf_context_print:        eval time =    1579.88 ms /    17 runs   (   92.93 ms per token,    10.76 tokens per second)
llama_perf_context_print:       total time =    1984.71 ms /    39 tokens
llama_perf_context_print:    graphs reused =         16
[granite 4.2 8B] 9. short query
Llama.generate: 592 prefix-match hit, remaining 22 prompt tokens to eval
llama_perf_context_print:        load time =    2782.11 ms
llama_perf_context_print: prompt eval time =     406.01 ms /    22 tokens (   18.45 ms per token,    54.19 tokens per second)
llama_perf_context_print:        eval time =    2510.35 ms /    27 runs   (   92.98 ms per token,    10.76 tokens per second)
llama_perf_context_print:       total time =    2921.05 ms /    49 tokens
llama_perf_context_print:    graphs reused =         26
[granite 4.2 8B] 10. short query
Llama.generate: 641 prefix-match hit, remaining 27 prompt tokens to eval
llama_perf_context_print:        load time =    2782.11 ms
llama_perf_context_print: prompt eval time =     500.40 ms /    27 tokens (   18.53 ms per token,    53.96 tokens per second)
llama_perf_context_print:        eval time =    2140.52 ms /    23 runs   (   93.07 ms per token,    10.75 tokens per second)
llama_perf_context_print:       total time =    2644.74 ms /    50 tokens
llama_perf_context_print:    graphs reused =         22
[granite 4.2 8B] 11. short query
Llama.generate: 691 prefix-match hit, remaining 22 prompt tokens to eval
llama_perf_context_print:        load time =    2782.11 ms
llama_perf_context_print: prompt eval time =     416.52 ms /    22 tokens (   18.93 ms per token,    52.82 tokens per second)
llama_perf_context_print:        eval time =    1771.91 ms /    19 runs   (   93.26 ms per token,    10.72 tokens per second)
llama_perf_context_print:       total time =    2191.71 ms /    41 tokens
llama_perf_context_print:    graphs reused =         18
[granite 4.2 8B] 12. short query
Llama.generate: 732 prefix-match hit, remaining 23 prompt tokens to eval
llama_perf_context_print:        load time =    2782.11 ms
llama_perf_context_print: prompt eval time =     448.27 ms /    23 tokens (   19.49 ms per token,    51.31 tokens per second)
llama_perf_context_print:        eval time =    2159.12 ms /    23 runs   (   93.88 ms per token,    10.65 tokens per second)
llama_perf_context_print:       total time =    2611.64 ms /    46 tokens
llama_perf_context_print:    graphs reused =         21
[granite 4.2 8B] 13. short query
Llama.generate: 778 prefix-match hit, remaining 24 prompt tokens to eval
llama_perf_context_print:        load time =    2782.11 ms
llama_perf_context_print: prompt eval time =     444.78 ms /    24 tokens (   18.53 ms per token,    53.96 tokens per second)
llama_perf_context_print:        eval time =    2087.45 ms /    22 runs   (   94.88 ms per token,    10.54 tokens per second)
llama_perf_context_print:       total time =    2536.33 ms /    46 tokens
llama_perf_context_print:    graphs reused =         21
[granite 4.2 8B] 14. short query
Llama.generate: 824 prefix-match hit, remaining 24 prompt tokens to eval
llama_perf_context_print:        load time =    2782.11 ms
llama_perf_context_print: prompt eval time =     448.98 ms /    24 tokens (   18.71 ms per token,    53.46 tokens per second)
llama_perf_context_print:        eval time =    5983.54 ms /    63 runs   (   94.98 ms per token,    10.53 tokens per second)
llama_perf_context_print:       total time =    6444.30 ms /    87 tokens
llama_perf_context_print:    graphs reused =         62
[granite 4.2 8B] 15. short query
Llama.generate: 911 prefix-match hit, remaining 23 prompt tokens to eval
llama_perf_context_print:        load time =    2782.11 ms
llama_perf_context_print: prompt eval time =     462.06 ms /    23 tokens (   20.09 ms per token,    49.78 tokens per second)
llama_perf_context_print:        eval time =    1519.56 ms /    16 runs   (   94.97 ms per token,    10.53 tokens per second)
llama_perf_context_print:       total time =    1984.38 ms /    39 tokens
llama_perf_context_print:    graphs reused =         15
[granite 4.2 8B] 0. long query
Llama.generate: 221 prefix-match hit, remaining 78 prompt tokens to eval
llama_perf_context_print:        load time =    2782.11 ms
llama_perf_context_print: prompt eval time =    1073.11 ms /    78 tokens (   13.76 ms per token,    72.69 tokens per second)
llama_perf_context_print:        eval time =    3458.24 ms /    38 runs   (   91.01 ms per token,    10.99 tokens per second)
llama_perf_context_print:       total time =    4537.94 ms /   116 tokens
llama_perf_context_print:    graphs reused =         37
[granite 4.2 8B] 1. long query
Llama.generate: 337 prefix-match hit, remaining 76 prompt tokens to eval
llama_perf_context_print:        load time =    2782.11 ms
llama_perf_context_print: prompt eval time =    1067.18 ms /    76 tokens (   14.04 ms per token,    71.22 tokens per second)
llama_perf_context_print:        eval time =    2184.16 ms /    24 runs   (   91.01 ms per token,    10.99 tokens per second)
llama_perf_context_print:       total time =    3255.46 ms /   100 tokens
llama_perf_context_print:    graphs reused =         23
[granite 4.2 8B] 2. long query
Llama.generate: 437 prefix-match hit, remaining 75 prompt tokens to eval
llama_perf_context_print:        load time =    2782.11 ms
llama_perf_context_print: prompt eval time =    1068.42 ms /    75 tokens (   14.25 ms per token,    70.20 tokens per second)
llama_perf_context_print:        eval time =    3066.06 ms /    33 runs   (   92.91 ms per token,    10.76 tokens per second)
llama_perf_context_print:       total time =    4140.09 ms /   108 tokens
llama_perf_context_print:    graphs reused =         32
[granite 4.2 8B] 3. long query
Llama.generate: 545 prefix-match hit, remaining 80 prompt tokens to eval
llama_perf_context_print:        load time =    2782.11 ms
llama_perf_context_print: prompt eval time =    1104.15 ms /    80 tokens (   13.80 ms per token,    72.45 tokens per second)
llama_perf_context_print:        eval time =    2512.52 ms /    27 runs   (   93.06 ms per token,    10.75 tokens per second)
llama_perf_context_print:       total time =    3621.36 ms /   107 tokens
llama_perf_context_print:    graphs reused =         26
[granite 4.2 8B] 4. long query
Llama.generate: 652 prefix-match hit, remaining 85 prompt tokens to eval
llama_perf_context_print:        load time =    2782.11 ms
llama_perf_context_print: prompt eval time =    1200.92 ms /    85 tokens (   14.13 ms per token,    70.78 tokens per second)
llama_perf_context_print:        eval time =    2791.56 ms /    30 runs   (   93.05 ms per token,    10.75 tokens per second)
llama_perf_context_print:       total time =    3997.76 ms /   115 tokens
llama_perf_context_print:    graphs reused =         29
[granite 4.2 8B] 5. long query
Llama.generate: 767 prefix-match hit, remaining 85 prompt tokens to eval
llama_perf_context_print:        load time =    2782.11 ms
llama_perf_context_print: prompt eval time =    1224.74 ms /    85 tokens (   14.41 ms per token,    69.40 tokens per second)
llama_perf_context_print:        eval time =    2753.87 ms /    29 runs   (   94.96 ms per token,    10.53 tokens per second)
llama_perf_context_print:       total time =    3983.63 ms /   114 tokens
llama_perf_context_print:    graphs reused =         28
[granite 4.2 8B] 6. long query
Llama.generate: 881 prefix-match hit, remaining 79 prompt tokens to eval
llama_perf_context_print:        load time =    2782.11 ms
llama_perf_context_print: prompt eval time =    1225.11 ms /    79 tokens (   15.51 ms per token,    64.48 tokens per second)
llama_perf_context_print:        eval time =    3419.50 ms /    36 runs   (   94.99 ms per token,    10.53 tokens per second)
llama_perf_context_print:       total time =    4650.85 ms /   115 tokens
llama_perf_context_print:    graphs reused =         35
[granite 4.2 8B] 7. long query
Llama.generate: 996 prefix-match hit, remaining 85 prompt tokens to eval
llama_perf_context_print:        load time =    2782.11 ms
llama_perf_context_print: prompt eval time =    1263.38 ms /    85 tokens (   14.86 ms per token,    67.28 tokens per second)
llama_perf_context_print:        eval time =    4268.51 ms /    44 runs   (   97.01 ms per token,    10.31 tokens per second)
llama_perf_context_print:       total time =    5539.26 ms /   129 tokens
llama_perf_context_print:    graphs reused =         43
[granite 4.2 8B] 8. long query
Llama.generate: 1125 prefix-match hit, remaining 81 prompt tokens to eval
llama_perf_context_print:        load time =    2782.11 ms
llama_perf_context_print: prompt eval time =    1243.42 ms /    81 tokens (   15.35 ms per token,    65.14 tokens per second)
llama_perf_context_print:        eval time =    3395.66 ms /    35 runs   (   97.02 ms per token,    10.31 tokens per second)
llama_perf_context_print:       total time =    4645.02 ms /   116 tokens
llama_perf_context_print:    graphs reused =         34
[granite 4.2 8B] 9. long query
Llama.generate: 1241 prefix-match hit, remaining 82 prompt tokens to eval
llama_perf_context_print:        load time =    2782.11 ms
llama_perf_context_print: prompt eval time =    1291.67 ms /    82 tokens (   15.75 ms per token,    63.48 tokens per second)
llama_perf_context_print:        eval time =    4355.59 ms /    44 runs   (   98.99 ms per token,    10.10 tokens per second)
llama_perf_context_print:       total time =    5654.75 ms /   126 tokens
llama_perf_context_print:    graphs reused =         43
[granite 4.2 8B] 10. long query
Llama.generate: 1367 prefix-match hit, remaining 77 prompt tokens to eval
llama_perf_context_print:        load time =    2782.11 ms
llama_perf_context_print: prompt eval time =    1291.09 ms /    77 tokens (   16.77 ms per token,    59.64 tokens per second)
llama_perf_context_print:        eval time =    3666.26 ms /    37 runs   (   99.09 ms per token,    10.09 tokens per second)
llama_perf_context_print:       total time =    4963.77 ms /   114 tokens
llama_perf_context_print:    graphs reused =         36
[granite 4.2 8B] 11. long query
Llama.generate: 1481 prefix-match hit, remaining 81 prompt tokens to eval
llama_perf_context_print:        load time =    2782.11 ms
llama_perf_context_print: prompt eval time =    1256.49 ms /    81 tokens (   15.51 ms per token,    64.47 tokens per second)
llama_perf_context_print:        eval time =    3684.73 ms /    36 runs   (  102.35 ms per token,     9.77 tokens per second)
llama_perf_context_print:       total time =    4947.39 ms /   117 tokens
llama_perf_context_print:    graphs reused =         35
[granite 4.2 8B] 12. long query
Llama.generate: 1598 prefix-match hit, remaining 85 prompt tokens to eval
llama_perf_context_print:        load time =    2782.11 ms
llama_perf_context_print: prompt eval time =    1384.73 ms /    85 tokens (   16.29 ms per token,    61.38 tokens per second)
llama_perf_context_print:        eval time =    6460.50 ms /    63 runs   (  102.55 ms per token,     9.75 tokens per second)
llama_perf_context_print:       total time =    7857.16 ms /   148 tokens
llama_perf_context_print:    graphs reused =         62
[granite 4.2 8B] 13. long query
Llama.generate: 1746 prefix-match hit, remaining 83 prompt tokens to eval
llama_perf_context_print:        load time =    2782.11 ms
llama_perf_context_print: prompt eval time =    1371.78 ms /    83 tokens (   16.53 ms per token,    60.51 tokens per second)
llama_perf_context_print:        eval time =    4943.74 ms /    47 runs   (  105.19 ms per token,     9.51 tokens per second)
llama_perf_context_print:       total time =    6323.93 ms /   130 tokens
llama_perf_context_print:    graphs reused =         46
[granite 4.2 8B] 14. long query
Llama.generate: 1876 prefix-match hit, remaining 87 prompt tokens to eval
llama_perf_context_print:        load time =    2782.11 ms
llama_perf_context_print: prompt eval time =    1411.81 ms /    87 tokens (   16.23 ms per token,    61.62 tokens per second)
llama_perf_context_print:        eval time =    6620.73 ms /    63 runs   (  105.09 ms per token,     9.52 tokens per second)
llama_perf_context_print:       total time =    8044.33 ms /   150 tokens
llama_perf_context_print:    graphs reused =         62
[granite 4.2 8B] 15. long query
Llama.generate: 2026 prefix-match hit, remaining 91 prompt tokens to eval
llama_perf_context_print:        load time =    2782.11 ms
llama_perf_context_print: prompt eval time =    1562.94 ms /    91 tokens (   17.18 ms per token,    58.22 tokens per second)
llama_perf_context_print:        eval time =    6895.09 ms /    63 runs   (  109.45 ms per token,     9.14 tokens per second)
llama_perf_context_print:       total time =    8470.69 ms /   154 tokens
llama_perf_context_print:    graphs reused =         62
~llama_context:        CPU compute buffer size is 212.0020 MiB, matches expectation of 212.0020 MiB
--- Ministral 3 8b ---
[Ministral 3 8b] 0. short query
Llama.generate: 212 prefix-match hit, remaining 14 prompt tokens to eval
llama_perf_context_print:        load time =    2416.78 ms
llama_perf_context_print: prompt eval time =     269.02 ms /    14 tokens (   19.22 ms per token,    52.04 tokens per second)
llama_perf_context_print:        eval time =    3704.57 ms /    43 runs   (   86.15 ms per token,    11.61 tokens per second)
llama_perf_context_print:       total time =    3982.70 ms /    57 tokens
llama_perf_context_print:    graphs reused =          0
[Ministral 3 8b] 1. short query
Llama.generate: 269 prefix-match hit, remaining 14 prompt tokens to eval
llama_perf_context_print:        load time =    2416.78 ms
llama_perf_context_print: prompt eval time =     270.71 ms /    14 tokens (   19.34 ms per token,    51.72 tokens per second)
llama_perf_context_print:        eval time =    2695.84 ms /    31 runs   (   86.96 ms per token,    11.50 tokens per second)
llama_perf_context_print:       total time =    2972.83 ms /    45 tokens
llama_perf_context_print:    graphs reused =          0
[Ministral 3 8b] 2. short query
Llama.generate: 314 prefix-match hit, remaining 16 prompt tokens to eval
llama_perf_context_print:        load time =    2416.78 ms
llama_perf_context_print: prompt eval time =     238.03 ms /    16 tokens (   14.88 ms per token,    67.22 tokens per second)
llama_perf_context_print:        eval time =    2349.48 ms /    27 runs   (   87.02 ms per token,    11.49 tokens per second)
llama_perf_context_print:       total time =    2592.98 ms /    43 tokens
llama_perf_context_print:    graphs reused =          0
[Ministral 3 8b] 3. short query
Llama.generate: 357 prefix-match hit, remaining 18 prompt tokens to eval
llama_perf_context_print:        load time =    2416.78 ms
llama_perf_context_print: prompt eval time =     296.12 ms /    18 tokens (   16.45 ms per token,    60.79 tokens per second)
llama_perf_context_print:        eval time =    3045.01 ms /    35 runs   (   87.00 ms per token,    11.49 tokens per second)
llama_perf_context_print:       total time =    3348.27 ms /    53 tokens
llama_perf_context_print:    graphs reused =          0
[Ministral 3 8b] 4. short query
Llama.generate: 410 prefix-match hit, remaining 12 prompt tokens to eval
llama_perf_context_print:        load time =    2416.78 ms
llama_perf_context_print: prompt eval time =     239.71 ms /    12 tokens (   19.98 ms per token,    50.06 tokens per second)
llama_perf_context_print:        eval time =    2349.37 ms /    27 runs   (   87.01 ms per token,    11.49 tokens per second)
llama_perf_context_print:       total time =    2594.58 ms /    39 tokens
llama_perf_context_print:    graphs reused =          0
[Ministral 3 8b] 5. short query
Llama.generate: 449 prefix-match hit, remaining 15 prompt tokens to eval
llama_perf_context_print:        load time =    2416.78 ms
llama_perf_context_print: prompt eval time =     297.85 ms /    15 tokens (   19.86 ms per token,    50.36 tokens per second)
llama_perf_context_print:        eval time =    2959.38 ms /    34 runs   (   87.04 ms per token,    11.49 tokens per second)
llama_perf_context_print:       total time =    3264.21 ms /    49 tokens
llama_perf_context_print:    graphs reused =          0
[Ministral 3 8b] 6. short query
Llama.generate: 498 prefix-match hit, remaining 17 prompt tokens to eval
llama_perf_context_print:        load time =    2416.78 ms
llama_perf_context_print: prompt eval time =     282.35 ms /    17 tokens (   16.61 ms per token,    60.21 tokens per second)
llama_perf_context_print:        eval time =    3015.51 ms /    34 runs   (   88.69 ms per token,    11.28 tokens per second)
llama_perf_context_print:       total time =    3304.86 ms /    51 tokens
llama_perf_context_print:    graphs reused =          0
[Ministral 3 8b] 7. short query
Llama.generate: 549 prefix-match hit, remaining 13 prompt tokens to eval
llama_perf_context_print:        load time =    2416.78 ms
llama_perf_context_print: prompt eval time =     269.24 ms /    13 tokens (   20.71 ms per token,    48.28 tokens per second)
llama_perf_context_print:        eval time =    2661.22 ms /    30 runs   (   88.71 ms per token,    11.27 tokens per second)
llama_perf_context_print:       total time =    2936.64 ms /    43 tokens
llama_perf_context_print:    graphs reused =          0
[Ministral 3 8b] 8. short query
Llama.generate: 592 prefix-match hit, remaining 13 prompt tokens to eval
llama_perf_context_print:        load time =    2416.78 ms
llama_perf_context_print: prompt eval time =     269.11 ms /    13 tokens (   20.70 ms per token,    48.31 tokens per second)
llama_perf_context_print:        eval time =    3372.31 ms /    38 runs   (   88.74 ms per token,    11.27 tokens per second)
llama_perf_context_print:       total time =    3649.23 ms /    51 tokens
llama_perf_context_print:    graphs reused =          0
[Ministral 3 8b] 9. short query
Llama.generate: 643 prefix-match hit, remaining 13 prompt tokens to eval
llama_perf_context_print:        load time =    2416.78 ms
llama_perf_context_print: prompt eval time =     271.40 ms /    13 tokens (   20.88 ms per token,    47.90 tokens per second)
llama_perf_context_print:        eval time =    2840.44 ms /    32 runs   (   88.76 ms per token,    11.27 tokens per second)
llama_perf_context_print:       total time =    3118.42 ms /    45 tokens
llama_perf_context_print:    graphs reused =          0
[Ministral 3 8b] 10. short query
Llama.generate: 688 prefix-match hit, remaining 18 prompt tokens to eval
llama_perf_context_print:        load time =    2416.78 ms
llama_perf_context_print: prompt eval time =     319.74 ms /    18 tokens (   17.76 ms per token,    56.30 tokens per second)
llama_perf_context_print:        eval time =    2751.55 ms /    31 runs   (   88.76 ms per token,    11.27 tokens per second)
llama_perf_context_print:       total time =    3077.72 ms /    49 tokens
llama_perf_context_print:    graphs reused =          0
[Ministral 3 8b] 11. short query
Llama.generate: 737 prefix-match hit, remaining 13 prompt tokens to eval
llama_perf_context_print:        load time =    2416.78 ms
llama_perf_context_print: prompt eval time =     277.48 ms /    13 tokens (   21.34 ms per token,    46.85 tokens per second)
llama_perf_context_print:        eval time =    2230.85 ms /    25 runs   (   89.23 ms per token,    11.21 tokens per second)
llama_perf_context_print:       total time =    2513.50 ms /    38 tokens
llama_perf_context_print:    graphs reused =          0
[Ministral 3 8b] 12. short query
Llama.generate: 775 prefix-match hit, remaining 14 prompt tokens to eval
llama_perf_context_print:        load time =    2416.78 ms
llama_perf_context_print: prompt eval time =     300.06 ms /    14 tokens (   21.43 ms per token,    46.66 tokens per second)
llama_perf_context_print:        eval time =    2799.54 ms /    31 runs   (   90.31 ms per token,    11.07 tokens per second)
llama_perf_context_print:       total time =    3106.02 ms /    45 tokens
llama_perf_context_print:    graphs reused =          0
[Ministral 3 8b] 13. short query
Llama.generate: 820 prefix-match hit, remaining 15 prompt tokens to eval
llama_perf_context_print:        load time =    2416.78 ms
llama_perf_context_print: prompt eval time =     323.09 ms /    15 tokens (   21.54 ms per token,    46.43 tokens per second)
llama_perf_context_print:        eval time =    3343.33 ms /    37 runs   (   90.36 ms per token,    11.07 tokens per second)
llama_perf_context_print:       total time =    3674.17 ms /    52 tokens
llama_perf_context_print:    graphs reused =          0
[Ministral 3 8b] 14. short query
Llama.generate: 872 prefix-match hit, remaining 15 prompt tokens to eval
llama_perf_context_print:        load time =    2416.78 ms
llama_perf_context_print: prompt eval time =     327.76 ms /    15 tokens (   21.85 ms per token,    45.76 tokens per second)
llama_perf_context_print:        eval time =    3072.45 ms /    34 runs   (   90.37 ms per token,    11.07 tokens per second)
llama_perf_context_print:       total time =    3407.36 ms /    49 tokens
llama_perf_context_print:    graphs reused =          0
[Ministral 3 8b] 15. short query
Llama.generate: 921 prefix-match hit, remaining 13 prompt tokens to eval
llama_perf_context_print:        load time =    2416.78 ms
llama_perf_context_print: prompt eval time =     287.33 ms /    13 tokens (   22.10 ms per token,    45.24 tokens per second)
llama_perf_context_print:        eval time =    2800.68 ms /    31 runs   (   90.34 ms per token,    11.07 tokens per second)
llama_perf_context_print:       total time =    3094.48 ms /    44 tokens
llama_perf_context_print:    graphs reused =          0
[Ministral 3 8b] 0. long query
Llama.generate: 212 prefix-match hit, remaining 71 prompt tokens to eval
llama_perf_context_print:        load time =    2416.78 ms
llama_perf_context_print: prompt eval time =     918.37 ms /    71 tokens (   12.93 ms per token,    77.31 tokens per second)
llama_perf_context_print:        eval time =    5475.61 ms /    63 runs   (   86.91 ms per token,    11.51 tokens per second)
llama_perf_context_print:       total time =    6407.54 ms /   134 tokens
llama_perf_context_print:    graphs reused =          0
[Ministral 3 8b] 1. long query
Llama.generate: 346 prefix-match hit, remaining 69 prompt tokens to eval
llama_perf_context_print:        load time =    2416.78 ms
llama_perf_context_print: prompt eval time =     893.52 ms /    69 tokens (   12.95 ms per token,    77.22 tokens per second)
llama_perf_context_print:        eval time =    5483.14 ms /    63 runs   (   87.03 ms per token,    11.49 tokens per second)
llama_perf_context_print:       total time =    6390.11 ms /   132 tokens
llama_perf_context_print:    graphs reused =          0
[Ministral 3 8b] 2. long query
Llama.generate: 478 prefix-match hit, remaining 68 prompt tokens to eval
llama_perf_context_print:        load time =    2416.78 ms
llama_perf_context_print: prompt eval time =     903.19 ms /    68 tokens (   13.28 ms per token,    75.29 tokens per second)
llama_perf_context_print:        eval time =    4968.12 ms /    56 runs   (   88.72 ms per token,    11.27 tokens per second)
llama_perf_context_print:       total time =    5883.28 ms /   124 tokens
llama_perf_context_print:    graphs reused =          0
[Ministral 3 8b] 3. long query
Llama.generate: 602 prefix-match hit, remaining 73 prompt tokens to eval
llama_perf_context_print:        load time =    2416.78 ms
llama_perf_context_print: prompt eval time =     997.27 ms /    73 tokens (   13.66 ms per token,    73.20 tokens per second)
llama_perf_context_print:        eval time =    4792.70 ms /    54 runs   (   88.75 ms per token,    11.27 tokens per second)
llama_perf_context_print:       total time =    5801.58 ms /   127 tokens
llama_perf_context_print:    graphs reused =          0
[Ministral 3 8b] 4. long query
Llama.generate: 729 prefix-match hit, remaining 77 prompt tokens to eval
llama_perf_context_print:        load time =    2416.78 ms
llama_perf_context_print: prompt eval time =    1074.00 ms /    77 tokens (   13.95 ms per token,    71.69 tokens per second)
llama_perf_context_print:        eval time =    5689.62 ms /    63 runs   (   90.31 ms per token,    11.07 tokens per second)
llama_perf_context_print:       total time =    6777.42 ms /   140 tokens
llama_perf_context_print:    graphs reused =          0
[Ministral 3 8b] 5. long query
Llama.generate: 869 prefix-match hit, remaining 83 prompt tokens to eval
llama_perf_context_print:        load time =    2416.78 ms
llama_perf_context_print: prompt eval time =    1122.50 ms /    83 tokens (   13.52 ms per token,    73.94 tokens per second)
llama_perf_context_print:        eval time =    5243.50 ms /    58 runs   (   90.41 ms per token,    11.06 tokens per second)
llama_perf_context_print:       total time =    6378.46 ms /   141 tokens
llama_perf_context_print:    graphs reused =          0
[Ministral 3 8b] 6. long query
Llama.generate: 1010 prefix-match hit, remaining 75 prompt tokens to eval
llama_perf_context_print:        load time =    2416.78 ms
llama_perf_context_print: prompt eval time =    1072.45 ms /    75 tokens (   14.30 ms per token,    69.93 tokens per second)
llama_perf_context_print:        eval time =    5524.01 ms /    60 runs   (   92.07 ms per token,    10.86 tokens per second)
llama_perf_context_print:       total time =    6609.53 ms /   135 tokens
llama_perf_context_print:    graphs reused =          0
[Ministral 3 8b] 7. long query
Llama.generate: 1145 prefix-match hit, remaining 76 prompt tokens to eval
llama_perf_context_print:        load time =    2416.78 ms
llama_perf_context_print: prompt eval time =    1123.05 ms /    76 tokens (   14.78 ms per token,    67.67 tokens per second)
llama_perf_context_print:        eval time =    5809.59 ms /    63 runs   (   92.22 ms per token,    10.84 tokens per second)
llama_perf_context_print:       total time =    6946.73 ms /   139 tokens
llama_perf_context_print:    graphs reused =          0
[Ministral 3 8b] 8. long query
Llama.generate: 1284 prefix-match hit, remaining 74 prompt tokens to eval
llama_perf_context_print:        load time =    2416.78 ms
llama_perf_context_print: prompt eval time =    1114.27 ms /    74 tokens (   15.06 ms per token,    66.41 tokens per second)
llama_perf_context_print:        eval time =    5907.24 ms /    63 runs   (   93.77 ms per token,    10.66 tokens per second)
llama_perf_context_print:       total time =    7035.35 ms /   137 tokens
llama_perf_context_print:    graphs reused =          0
[Ministral 3 8b] 9. long query
Llama.generate: 1421 prefix-match hit, remaining 77 prompt tokens to eval
llama_perf_context_print:        load time =    2416.78 ms
llama_perf_context_print: prompt eval time =    1181.20 ms /    77 tokens (   15.34 ms per token,    65.19 tokens per second)
llama_perf_context_print:        eval time =    5321.73 ms /    56 runs   (   95.03 ms per token,    10.52 tokens per second)
llama_perf_context_print:       total time =    6515.00 ms /   133 tokens
llama_perf_context_print:    graphs reused =          0
[Ministral 3 8b] 10. long query
Llama.generate: 1554 prefix-match hit, remaining 69 prompt tokens to eval
llama_perf_context_print:        load time =    2416.78 ms
llama_perf_context_print: prompt eval time =    1049.12 ms /    69 tokens (   15.20 ms per token,    65.77 tokens per second)
llama_perf_context_print:        eval time =    5848.83 ms /    60 runs   (   97.48 ms per token,    10.26 tokens per second)
llama_perf_context_print:       total time =    6911.16 ms /   129 tokens
llama_perf_context_print:    graphs reused =          0
[Ministral 3 8b] 11. long query
Llama.generate: 1683 prefix-match hit, remaining 74 prompt tokens to eval
llama_perf_context_print:        load time =    2416.78 ms
llama_perf_context_print: prompt eval time =    1172.92 ms /    74 tokens (   15.85 ms per token,    63.09 tokens per second)
llama_perf_context_print:        eval time =    5611.94 ms /    57 runs   (   98.46 ms per token,    10.16 tokens per second)
llama_perf_context_print:       total time =    6797.58 ms /   131 tokens
llama_perf_context_print:    graphs reused =          0
[Ministral 3 8b] 12. long query
Llama.generate: 1814 prefix-match hit, remaining 79 prompt tokens to eval
llama_perf_context_print:        load time =    2416.78 ms
llama_perf_context_print: prompt eval time =    1271.68 ms /    79 tokens (   16.10 ms per token,    62.12 tokens per second)
llama_perf_context_print:        eval time =    5879.53 ms /    59 runs   (   99.65 ms per token,    10.03 tokens per second)
llama_perf_context_print:       total time =    7164.16 ms /   138 tokens
llama_perf_context_print:    graphs reused =          0
[Ministral 3 8b] 13. long query
Llama.generate: 1952 prefix-match hit, remaining 73 prompt tokens to eval
llama_perf_context_print:        load time =    2416.78 ms
llama_perf_context_print: prompt eval time =    1207.63 ms /    73 tokens (   16.54 ms per token,    60.45 tokens per second)
llama_perf_context_print:        eval time =    5585.85 ms /    56 runs   (   99.75 ms per token,    10.03 tokens per second)
llama_perf_context_print:       total time =    6805.29 ms /   129 tokens
llama_perf_context_print:    graphs reused =          0
[Ministral 3 8b] 14. long query
Llama.generate: 2081 prefix-match hit, remaining 78 prompt tokens to eval
llama_perf_context_print:        load time =    2416.78 ms
llama_perf_context_print: prompt eval time =    1241.99 ms /    78 tokens (   15.92 ms per token,    62.80 tokens per second)
llama_perf_context_print:        eval time =    5397.58 ms /    54 runs   (   99.96 ms per token,    10.00 tokens per second)
llama_perf_context_print:       total time =    6650.77 ms /   132 tokens
llama_perf_context_print:    graphs reused =          0
[Ministral 3 8b] 15. long query
Llama.generate: 2213 prefix-match hit, remaining 80 prompt tokens to eval
llama_perf_context_print:        load time =    2416.78 ms
llama_perf_context_print: prompt eval time =    1274.25 ms /    80 tokens (   15.93 ms per token,    62.78 tokens per second)
llama_perf_context_print:        eval time =    5575.75 ms /    55 runs   (  101.38 ms per token,     9.86 tokens per second)
llama_perf_context_print:       total time =    6861.49 ms /   135 tokens
llama_perf_context_print:    graphs reused =          0
~llama_context:        CPU compute buffer size is 272.0020 MiB, matches expectation of 272.0020 MiB
--- LFM2.5 8B A1B ---
[LFM2.5 8B A1B] 0. short query
Llama.generate: 213 prefix-match hit, remaining 22 prompt tokens to eval
llama_perf_context_print:        load time =     825.15 ms
llama_perf_context_print: prompt eval time =     117.26 ms /    22 tokens (    5.33 ms per token,   187.62 tokens per second)
llama_perf_context_print:        eval time =     437.38 ms /    23 runs   (   19.02 ms per token,    52.59 tokens per second)
llama_perf_context_print:       total time =     559.20 ms /    45 tokens
llama_perf_context_print:    graphs reused =         21
[LFM2.5 8B A1B] 1. short query
Llama.generate: 258 prefix-match hit, remaining 23 prompt tokens to eval
llama_perf_context_print:        load time =     825.15 ms
llama_perf_context_print: prompt eval time =     118.90 ms /    23 tokens (    5.17 ms per token,   193.44 tokens per second)
llama_perf_context_print:        eval time =     402.40 ms /    21 runs   (   19.16 ms per token,    52.19 tokens per second)
llama_perf_context_print:       total time =     525.32 ms /    44 tokens
llama_perf_context_print:    graphs reused =         20
[LFM2.5 8B A1B] 2. short query
Llama.generate: 302 prefix-match hit, remaining 25 prompt tokens to eval
llama_perf_context_print:        load time =     825.15 ms
llama_perf_context_print: prompt eval time =     128.77 ms /    25 tokens (    5.15 ms per token,   194.15 tokens per second)
llama_perf_context_print:        eval time =     439.95 ms /    23 runs   (   19.13 ms per token,    52.28 tokens per second)
llama_perf_context_print:       total time =     573.23 ms /    48 tokens
llama_perf_context_print:    graphs reused =         22
[LFM2.5 8B A1B] 3. short query
Llama.generate: 350 prefix-match hit, remaining 27 prompt tokens to eval
llama_perf_context_print:        load time =     825.15 ms
llama_perf_context_print: prompt eval time =     138.25 ms /    27 tokens (    5.12 ms per token,   195.30 tokens per second)
llama_perf_context_print:        eval time =     382.71 ms /    20 runs   (   19.14 ms per token,    52.26 tokens per second)
llama_perf_context_print:       total time =     524.77 ms /    47 tokens
llama_perf_context_print:    graphs reused =         19
[LFM2.5 8B A1B] 4. short query
Llama.generate: 397 prefix-match hit, remaining 21 prompt tokens to eval
llama_perf_context_print:        load time =     825.15 ms
llama_perf_context_print: prompt eval time =     111.79 ms /    21 tokens (    5.32 ms per token,   187.85 tokens per second)
llama_perf_context_print:        eval time =     497.46 ms /    26 runs   (   19.13 ms per token,    52.27 tokens per second)
llama_perf_context_print:       total time =     614.25 ms /    47 tokens
llama_perf_context_print:    graphs reused =         25
[LFM2.5 8B A1B] 5. short query
Llama.generate: 444 prefix-match hit, remaining 24 prompt tokens to eval
llama_perf_context_print:        load time =     825.15 ms
llama_perf_context_print: prompt eval time =     124.11 ms /    24 tokens (    5.17 ms per token,   193.38 tokens per second)
llama_perf_context_print:        eval time =     593.26 ms /    31 runs   (   19.14 ms per token,    52.25 tokens per second)
llama_perf_context_print:       total time =     723.31 ms /    55 tokens
llama_perf_context_print:    graphs reused =         30
[LFM2.5 8B A1B] 6. short query
Llama.generate: 499 prefix-match hit, remaining 26 prompt tokens to eval
llama_perf_context_print:        load time =     825.15 ms
llama_perf_context_print: prompt eval time =     132.86 ms /    26 tokens (    5.11 ms per token,   195.69 tokens per second)
llama_perf_context_print:        eval time =     539.02 ms /    28 runs   (   19.25 ms per token,    51.95 tokens per second)
llama_perf_context_print:       total time =     677.54 ms /    54 tokens
llama_perf_context_print:    graphs reused =         27
[LFM2.5 8B A1B] 7. short query
Llama.generate: 553 prefix-match hit, remaining 22 prompt tokens to eval
llama_perf_context_print:        load time =     825.15 ms
llama_perf_context_print: prompt eval time =     117.15 ms /    22 tokens (    5.32 ms per token,   187.80 tokens per second)
llama_perf_context_print:        eval time =     538.98 ms /    28 runs   (   19.25 ms per token,    51.95 tokens per second)
llama_perf_context_print:       total time =     661.45 ms /    50 tokens
llama_perf_context_print:    graphs reused =         27
[LFM2.5 8B A1B] 8. short query
Llama.generate: 603 prefix-match hit, remaining 22 prompt tokens to eval
llama_perf_context_print:        load time =     825.15 ms
llama_perf_context_print: prompt eval time =     117.27 ms /    22 tokens (    5.33 ms per token,   187.60 tokens per second)
llama_perf_context_print:        eval time =     519.87 ms /    27 runs   (   19.25 ms per token,    51.94 tokens per second)
llama_perf_context_print:       total time =     642.52 ms /    49 tokens
llama_perf_context_print:    graphs reused =         26
[LFM2.5 8B A1B] 9. short query
Llama.generate: 652 prefix-match hit, remaining 22 prompt tokens to eval
llama_perf_context_print:        load time =     825.15 ms
llama_perf_context_print: prompt eval time =     117.82 ms /    22 tokens (    5.36 ms per token,   186.72 tokens per second)
llama_perf_context_print:        eval time =     617.91 ms /    32 runs   (   19.31 ms per token,    51.79 tokens per second)
llama_perf_context_print:       total time =     742.06 ms /    54 tokens
llama_perf_context_print:    graphs reused =         31
[LFM2.5 8B A1B] 10. short query
Llama.generate: 706 prefix-match hit, remaining 27 prompt tokens to eval
llama_perf_context_print:        load time =     825.15 ms
llama_perf_context_print: prompt eval time =     142.00 ms /    27 tokens (    5.26 ms per token,   190.15 tokens per second)
llama_perf_context_print:        eval time =     558.84 ms /    29 runs   (   19.27 ms per token,    51.89 tokens per second)
llama_perf_context_print:       total time =     706.55 ms /    56 tokens
llama_perf_context_print:    graphs reused =         28
[LFM2.5 8B A1B] 11. short query
Llama.generate: 762 prefix-match hit, remaining 22 prompt tokens to eval
llama_perf_context_print:        load time =     825.15 ms
llama_perf_context_print: prompt eval time =     118.73 ms /    22 tokens (    5.40 ms per token,   185.30 tokens per second)
llama_perf_context_print:        eval time =     600.50 ms /    31 runs   (   19.37 ms per token,    51.62 tokens per second)
llama_perf_context_print:       total time =     725.37 ms /    53 tokens
llama_perf_context_print:    graphs reused =         30
[LFM2.5 8B A1B] 12. short query
Llama.generate: 815 prefix-match hit, remaining 23 prompt tokens to eval
llama_perf_context_print:        load time =     825.15 ms
llama_perf_context_print: prompt eval time =     123.58 ms /    23 tokens (    5.37 ms per token,   186.12 tokens per second)
llama_perf_context_print:        eval time =    1183.37 ms /    61 runs   (   19.40 ms per token,    51.55 tokens per second)
llama_perf_context_print:       total time =    1319.00 ms /    84 tokens
llama_perf_context_print:    graphs reused =         60
[LFM2.5 8B A1B] 13. short query
Llama.generate: 899 prefix-match hit, remaining 25 prompt tokens to eval
llama_perf_context_print:        load time =     825.15 ms
llama_perf_context_print: prompt eval time =     134.14 ms /    25 tokens (    5.37 ms per token,   186.37 tokens per second)
llama_perf_context_print:        eval time =     989.41 ms /    51 runs   (   19.40 ms per token,    51.55 tokens per second)
llama_perf_context_print:       total time =    1133.41 ms /    76 tokens
llama_perf_context_print:    graphs reused =         50
[LFM2.5 8B A1B] 14. short query
Llama.generate: 975 prefix-match hit, remaining 24 prompt tokens to eval
llama_perf_context_print:        load time =     825.15 ms
llama_perf_context_print: prompt eval time =     129.70 ms /    24 tokens (    5.40 ms per token,   185.04 tokens per second)
llama_perf_context_print:        eval time =    1110.86 ms /    57 runs   (   19.49 ms per token,    51.31 tokens per second)
llama_perf_context_print:       total time =    1252.23 ms /    81 tokens
llama_perf_context_print:    graphs reused =         55
[LFM2.5 8B A1B] 15. short query
Llama.generate: 1056 prefix-match hit, remaining 22 prompt tokens to eval
llama_perf_context_print:        load time =     825.15 ms
llama_perf_context_print: prompt eval time =     123.03 ms /    22 tokens (    5.59 ms per token,   178.81 tokens per second)
llama_perf_context_print:        eval time =    1232.25 ms /    63 runs   (   19.56 ms per token,    51.13 tokens per second)
llama_perf_context_print:       total time =    1368.38 ms /    85 tokens
llama_perf_context_print:    graphs reused =         62
[LFM2.5 8B A1B] 0. long query
Llama.generate: 213 prefix-match hit, remaining 81 prompt tokens to eval
llama_perf_context_print:        load time =     825.15 ms
llama_perf_context_print: prompt eval time =     342.10 ms /    81 tokens (    4.22 ms per token,   236.77 tokens per second)
llama_perf_context_print:        eval time =     268.41 ms /    14 runs   (   19.17 ms per token,    52.16 tokens per second)
llama_perf_context_print:       total time =     613.34 ms /    95 tokens
llama_perf_context_print:    graphs reused =         13
[LFM2.5 8B A1B] 1. long query
Llama.generate: 308 prefix-match hit, remaining 78 prompt tokens to eval
llama_perf_context_print:        load time =     825.15 ms
llama_perf_context_print: prompt eval time =     333.32 ms /    78 tokens (    4.27 ms per token,   234.01 tokens per second)
llama_perf_context_print:        eval time =     268.24 ms /    14 runs   (   19.16 ms per token,    52.19 tokens per second)
llama_perf_context_print:       total time =     604.40 ms /    92 tokens
llama_perf_context_print:    graphs reused =         13
[LFM2.5 8B A1B] 2. long query
Llama.generate: 400 prefix-match hit, remaining 80 prompt tokens to eval
llama_perf_context_print:        load time =     825.15 ms
llama_perf_context_print: prompt eval time =     336.72 ms /    80 tokens (    4.21 ms per token,   237.59 tokens per second)
llama_perf_context_print:        eval time =     268.50 ms /    14 runs   (   19.18 ms per token,    52.14 tokens per second)
llama_perf_context_print:       total time =     608.01 ms /    94 tokens
llama_perf_context_print:    graphs reused =         13
[LFM2.5 8B A1B] 3. long query
Llama.generate: 494 prefix-match hit, remaining 84 prompt tokens to eval
llama_perf_context_print:        load time =     825.15 ms
llama_perf_context_print: prompt eval time =     353.32 ms /    84 tokens (    4.21 ms per token,   237.74 tokens per second)
llama_perf_context_print:        eval time =     270.12 ms /    14 runs   (   19.29 ms per token,    51.83 tokens per second)
llama_perf_context_print:       total time =     626.30 ms /    98 tokens
llama_perf_context_print:    graphs reused =         13
[LFM2.5 8B A1B] 4. long query
Llama.generate: 592 prefix-match hit, remaining 87 prompt tokens to eval
llama_perf_context_print:        load time =     825.15 ms
llama_perf_context_print: prompt eval time =     367.53 ms /    87 tokens (    4.22 ms per token,   236.71 tokens per second)
llama_perf_context_print:        eval time =     270.31 ms /    14 runs   (   19.31 ms per token,    51.79 tokens per second)
llama_perf_context_print:       total time =     640.77 ms /   101 tokens
llama_perf_context_print:    graphs reused =         13
[LFM2.5 8B A1B] 5. long query
Llama.generate: 693 prefix-match hit, remaining 93 prompt tokens to eval
llama_perf_context_print:        load time =     825.15 ms
llama_perf_context_print: prompt eval time =     387.59 ms /    93 tokens (    4.17 ms per token,   239.95 tokens per second)
llama_perf_context_print:        eval time =     271.85 ms /    14 runs   (   19.42 ms per token,    51.50 tokens per second)
llama_perf_context_print:       total time =     662.26 ms /   107 tokens
llama_perf_context_print:    graphs reused =         13
[LFM2.5 8B A1B] 6. long query
Llama.generate: 800 prefix-match hit, remaining 86 prompt tokens to eval
llama_perf_context_print:        load time =     825.15 ms
llama_perf_context_print: prompt eval time =     368.05 ms /    86 tokens (    4.28 ms per token,   233.66 tokens per second)
llama_perf_context_print:        eval time =     272.17 ms /    14 runs   (   19.44 ms per token,    51.44 tokens per second)
llama_perf_context_print:       total time =     643.10 ms /   100 tokens
llama_perf_context_print:    graphs reused =         13
[LFM2.5 8B A1B] 7. long query
Llama.generate: 900 prefix-match hit, remaining 86 prompt tokens to eval
llama_perf_context_print:        load time =     825.15 ms
llama_perf_context_print: prompt eval time =     367.90 ms /    86 tokens (    4.28 ms per token,   233.76 tokens per second)
llama_perf_context_print:        eval time =     272.13 ms /    14 runs   (   19.44 ms per token,    51.45 tokens per second)
llama_perf_context_print:       total time =     642.93 ms /   100 tokens
llama_perf_context_print:    graphs reused =         13
[LFM2.5 8B A1B] 8. long query
Llama.generate: 1000 prefix-match hit, remaining 85 prompt tokens to eval
llama_perf_context_print:        load time =     825.15 ms
llama_perf_context_print: prompt eval time =     364.16 ms /    85 tokens (    4.28 ms per token,   233.42 tokens per second)
llama_perf_context_print:        eval time =     274.02 ms /    14 runs   (   19.57 ms per token,    51.09 tokens per second)
llama_perf_context_print:       total time =     641.03 ms /    99 tokens
llama_perf_context_print:    graphs reused =         13
[LFM2.5 8B A1B] 9. long query
Llama.generate: 1099 prefix-match hit, remaining 86 prompt tokens to eval
llama_perf_context_print:        load time =     825.15 ms
llama_perf_context_print: prompt eval time =     368.48 ms /    86 tokens (    4.28 ms per token,   233.39 tokens per second)
llama_perf_context_print:        eval time =     273.93 ms /    14 runs   (   19.57 ms per token,    51.11 tokens per second)
llama_perf_context_print:       total time =     645.29 ms /   100 tokens
llama_perf_context_print:    graphs reused =         13
[LFM2.5 8B A1B] 10. long query
Llama.generate: 1199 prefix-match hit, remaining 80 prompt tokens to eval
llama_perf_context_print:        load time =     825.15 ms
llama_perf_context_print: prompt eval time =     348.52 ms /    80 tokens (    4.36 ms per token,   229.54 tokens per second)
llama_perf_context_print:        eval time =     276.09 ms /    14 runs   (   19.72 ms per token,    50.71 tokens per second)
llama_perf_context_print:       total time =     627.57 ms /    94 tokens
llama_perf_context_print:    graphs reused =         12
[LFM2.5 8B A1B] 11. long query
Llama.generate: 1293 prefix-match hit, remaining 82 prompt tokens to eval
llama_perf_context_print:        load time =     825.15 ms
llama_perf_context_print: prompt eval time =     354.86 ms /    82 tokens (    4.33 ms per token,   231.08 tokens per second)
llama_perf_context_print:        eval time =     275.82 ms /    14 runs   (   19.70 ms per token,    50.76 tokens per second)
llama_perf_context_print:       total time =     633.60 ms /    96 tokens
llama_perf_context_print:    graphs reused =         13
[LFM2.5 8B A1B] 12. long query
Llama.generate: 1389 prefix-match hit, remaining 88 prompt tokens to eval
llama_perf_context_print:        load time =     825.15 ms
llama_perf_context_print: prompt eval time =     380.98 ms /    88 tokens (    4.33 ms per token,   230.98 tokens per second)
llama_perf_context_print:        eval time =     276.05 ms /    14 runs   (   19.72 ms per token,    50.72 tokens per second)
llama_perf_context_print:       total time =     659.94 ms /   102 tokens
llama_perf_context_print:    graphs reused =         13
[LFM2.5 8B A1B] 13. long query
Llama.generate: 1491 prefix-match hit, remaining 84 prompt tokens to eval
llama_perf_context_print:        load time =     825.15 ms
llama_perf_context_print: prompt eval time =     363.37 ms /    84 tokens (    4.33 ms per token,   231.17 tokens per second)
llama_perf_context_print:        eval time =     277.87 ms /    14 runs   (   19.85 ms per token,    50.38 tokens per second)
llama_perf_context_print:       total time =     644.24 ms /    98 tokens
llama_perf_context_print:    graphs reused =         13
[LFM2.5 8B A1B] 14. long query
Llama.generate: 1589 prefix-match hit, remaining 87 prompt tokens to eval
llama_perf_context_print:        load time =     825.15 ms
llama_perf_context_print: prompt eval time =     374.95 ms /    87 tokens (    4.31 ms per token,   232.03 tokens per second)
llama_perf_context_print:        eval time =     277.73 ms /    14 runs   (   19.84 ms per token,    50.41 tokens per second)
llama_perf_context_print:       total time =     655.69 ms /   101 tokens
llama_perf_context_print:    graphs reused =         13
[LFM2.5 8B A1B] 15. long query
Llama.generate: 1690 prefix-match hit, remaining 93 prompt tokens to eval
llama_perf_context_print:        load time =     825.15 ms
llama_perf_context_print: prompt eval time =     404.04 ms /    93 tokens (    4.34 ms per token,   230.17 tokens per second)
llama_perf_context_print:        eval time =     279.17 ms /    14 runs   (   19.94 ms per token,    50.15 tokens per second)
llama_perf_context_print:       total time =     686.20 ms /   107 tokens
llama_perf_context_print:    graphs reused =         12
~llama_context:        CPU compute buffer size is 258.0020 MiB, matches expectation of 258.0020 MiB
--- Gemma 4 E4B ---
[Gemma 4 E4B] 0. short query
Llama.generate: 221 prefix-match hit, remaining 19 prompt tokens to eval
llama_perf_context_print:        load time =    1529.82 ms
llama_perf_context_print: prompt eval time =     179.56 ms /    19 tokens (    9.45 ms per token,   105.82 tokens per second)
llama_perf_context_print:        eval time =     957.85 ms /    17 runs   (   56.34 ms per token,    17.75 tokens per second)
llama_perf_context_print:       total time =    1142.17 ms /    36 tokens
llama_perf_context_print:    graphs reused =         15
[Gemma 4 E4B] 1. short query
Llama.generate: 257 prefix-match hit, remaining 21 prompt tokens to eval
llama_perf_context_print:        load time =    1529.82 ms
llama_perf_context_print: prompt eval time =     194.72 ms /    21 tokens (    9.27 ms per token,   107.85 tokens per second)
llama_perf_context_print:        eval time =    1019.83 ms /    18 runs   (   56.66 ms per token,    17.65 tokens per second)
llama_perf_context_print:       total time =    1219.58 ms /    39 tokens
llama_perf_context_print:    graphs reused =         17
[Gemma 4 E4B] 2. short query
Llama.generate: 296 prefix-match hit, remaining 22 prompt tokens to eval
llama_perf_context_print:        load time =    1529.82 ms
llama_perf_context_print: prompt eval time =     207.61 ms /    22 tokens (    9.44 ms per token,   105.97 tokens per second)
llama_perf_context_print:        eval time =     623.41 ms /    11 runs   (   56.67 ms per token,    17.64 tokens per second)
llama_perf_context_print:       total time =     834.27 ms /    33 tokens
llama_perf_context_print:    graphs reused =         10
[Gemma 4 E4B] 3. short query
Llama.generate: 329 prefix-match hit, remaining 23 prompt tokens to eval
llama_perf_context_print:        load time =    1529.82 ms
llama_perf_context_print: prompt eval time =     221.58 ms /    23 tokens (    9.63 ms per token,   103.80 tokens per second)
llama_perf_context_print:        eval time =     794.26 ms /    14 runs   (   56.73 ms per token,    17.63 tokens per second)
llama_perf_context_print:       total time =    1019.84 ms /    37 tokens
llama_perf_context_print:    graphs reused =         13
[Gemma 4 E4B] 4. short query
Llama.generate: 366 prefix-match hit, remaining 19 prompt tokens to eval
llama_perf_context_print:        load time =    1529.82 ms
llama_perf_context_print: prompt eval time =     193.30 ms /    19 tokens (   10.17 ms per token,    98.29 tokens per second)
llama_perf_context_print:        eval time =     511.02 ms /     9 runs   (   56.78 ms per token,    17.61 tokens per second)
llama_perf_context_print:       total time =     707.05 ms /    28 tokens
llama_perf_context_print:    graphs reused =          8
[Gemma 4 E4B] 5. short query
Llama.generate: 394 prefix-match hit, remaining 22 prompt tokens to eval
llama_perf_context_print:        load time =    1529.82 ms
llama_perf_context_print: prompt eval time =     212.32 ms /    22 tokens (    9.65 ms per token,   103.62 tokens per second)
llama_perf_context_print:        eval time =     681.26 ms /    12 runs   (   56.77 ms per token,    17.61 tokens per second)
llama_perf_context_print:       total time =     897.10 ms /    34 tokens
llama_perf_context_print:    graphs reused =         11
[Gemma 4 E4B] 6. short query
Llama.generate: 428 prefix-match hit, remaining 23 prompt tokens to eval
llama_perf_context_print:        load time =    1529.82 ms
llama_perf_context_print: prompt eval time =     223.94 ms /    23 tokens (    9.74 ms per token,   102.70 tokens per second)
llama_perf_context_print:        eval time =     626.63 ms /    11 runs   (   56.97 ms per token,    17.55 tokens per second)
llama_perf_context_print:       total time =     853.85 ms /    34 tokens
llama_perf_context_print:    graphs reused =         10
[Gemma 4 E4B] 7. short query
Llama.generate: 462 prefix-match hit, remaining 19 prompt tokens to eval
llama_perf_context_print:        load time =    1529.82 ms
llama_perf_context_print: prompt eval time =     198.46 ms /    19 tokens (   10.45 ms per token,    95.74 tokens per second)
llama_perf_context_print:        eval time =     798.78 ms /    14 runs   (   57.06 ms per token,    17.53 tokens per second)
llama_perf_context_print:       total time =    1001.21 ms /    33 tokens
llama_perf_context_print:    graphs reused =         13
[Gemma 4 E4B] 8. short query
Llama.generate: 495 prefix-match hit, remaining 20 prompt tokens to eval
llama_perf_context_print:        load time =    1529.82 ms
llama_perf_context_print: prompt eval time =     193.80 ms /    20 tokens (    9.69 ms per token,   103.20 tokens per second)
llama_perf_context_print:        eval time =     689.90 ms /    12 runs   (   57.49 ms per token,    17.39 tokens per second)
llama_perf_context_print:       total time =     887.18 ms /    32 tokens
llama_perf_context_print:    graphs reused =         11
[Gemma 4 E4B] 9. short query
Llama.generate: 527 prefix-match hit, remaining 20 prompt tokens to eval
llama_perf_context_print:        load time =    1529.82 ms
llama_perf_context_print: prompt eval time =     193.62 ms /    20 tokens (    9.68 ms per token,   103.30 tokens per second)
llama_perf_context_print:        eval time =     689.45 ms /    12 runs   (   57.45 ms per token,    17.41 tokens per second)
llama_perf_context_print:       total time =     886.60 ms /    32 tokens
llama_perf_context_print:    graphs reused =         11
[Gemma 4 E4B] 10. short query
Llama.generate: 559 prefix-match hit, remaining 25 prompt tokens to eval
llama_perf_context_print:        load time =    1529.82 ms
llama_perf_context_print: prompt eval time =     245.09 ms /    25 tokens (    9.80 ms per token,   102.00 tokens per second)
llama_perf_context_print:        eval time =     747.18 ms /    13 runs   (   57.48 ms per token,    17.40 tokens per second)
llama_perf_context_print:       total time =     996.04 ms /    38 tokens
llama_perf_context_print:    graphs reused =         12
[Gemma 4 E4B] 11. short query
Llama.generate: 597 prefix-match hit, remaining 20 prompt tokens to eval
llama_perf_context_print:        load time =    1529.82 ms
llama_perf_context_print: prompt eval time =     194.97 ms /    20 tokens (    9.75 ms per token,   102.58 tokens per second)
llama_perf_context_print:        eval time =     747.99 ms /    13 runs   (   57.54 ms per token,    17.38 tokens per second)
llama_perf_context_print:       total time =     946.69 ms /    33 tokens
llama_perf_context_print:    graphs reused =         12
[Gemma 4 E4B] 12. short query
Llama.generate: 630 prefix-match hit, remaining 21 prompt tokens to eval
llama_perf_context_print:        load time =    1529.82 ms
llama_perf_context_print: prompt eval time =     207.30 ms /    21 tokens (    9.87 ms per token,   101.30 tokens per second)
llama_perf_context_print:        eval time =     748.91 ms /    13 runs   (   57.61 ms per token,    17.36 tokens per second)
llama_perf_context_print:       total time =     960.04 ms /    34 tokens
llama_perf_context_print:    graphs reused =         12
[Gemma 4 E4B] 13. short query
Llama.generate: 664 prefix-match hit, remaining 22 prompt tokens to eval
llama_perf_context_print:        load time =    1529.82 ms
llama_perf_context_print: prompt eval time =     220.46 ms /    22 tokens (   10.02 ms per token,    99.79 tokens per second)
llama_perf_context_print:        eval time =     690.79 ms /    12 runs   (   57.57 ms per token,    17.37 tokens per second)
llama_perf_context_print:       total time =     914.71 ms /    34 tokens
llama_perf_context_print:    graphs reused =         11
[Gemma 4 E4B] 14. short query
Llama.generate: 698 prefix-match hit, remaining 21 prompt tokens to eval
llama_perf_context_print:        load time =    1529.82 ms
llama_perf_context_print: prompt eval time =     207.97 ms /    21 tokens (    9.90 ms per token,   100.97 tokens per second)
llama_perf_context_print:        eval time =     518.22 ms /     9 runs   (   57.58 ms per token,    17.37 tokens per second)
llama_perf_context_print:       total time =     728.94 ms /    30 tokens
llama_perf_context_print:    graphs reused =          8
[Gemma 4 E4B] 15. short query
Llama.generate: 728 prefix-match hit, remaining 20 prompt tokens to eval
llama_perf_context_print:        load time =    1529.82 ms
llama_perf_context_print: prompt eval time =     196.03 ms /    20 tokens (    9.80 ms per token,   102.03 tokens per second)
llama_perf_context_print:        eval time =     868.52 ms /    15 runs   (   57.90 ms per token,    17.27 tokens per second)
llama_perf_context_print:       total time =    1069.18 ms /    35 tokens
llama_perf_context_print:    graphs reused =         14
[Gemma 4 E4B] 0. long query
Llama.generate: 221 prefix-match hit, remaining 76 prompt tokens to eval
llama_perf_context_print:        load time =    1529.82 ms
llama_perf_context_print: prompt eval time =     629.16 ms /    76 tokens (    8.28 ms per token,   120.80 tokens per second)
llama_perf_context_print:        eval time =    1086.06 ms /    19 runs   (   57.16 ms per token,    17.49 tokens per second)
llama_perf_context_print:       total time =    1721.43 ms /    95 tokens
llama_perf_context_print:    graphs reused =         18
[Gemma 4 E4B] 1. long query
Llama.generate: 316 prefix-match hit, remaining 72 prompt tokens to eval
llama_perf_context_print:        load time =    1529.82 ms
llama_perf_context_print: prompt eval time =     616.54 ms /    72 tokens (    8.56 ms per token,   116.78 tokens per second)
llama_perf_context_print:        eval time =     858.71 ms /    15 runs   (   57.25 ms per token,    17.47 tokens per second)
llama_perf_context_print:       total time =    1480.11 ms /    87 tokens
llama_perf_context_print:    graphs reused =         14
[Gemma 4 E4B] 2. long query
Llama.generate: 403 prefix-match hit, remaining 73 prompt tokens to eval
llama_perf_context_print:        load time =    1529.82 ms
llama_perf_context_print: prompt eval time =     662.22 ms /    73 tokens (    9.07 ms per token,   110.24 tokens per second)
llama_perf_context_print:        eval time =     920.58 ms /    16 runs   (   57.54 ms per token,    17.38 tokens per second)
llama_perf_context_print:       total time =    1588.03 ms /    89 tokens
llama_perf_context_print:    graphs reused =         15
[Gemma 4 E4B] 3. long query
Llama.generate: 492 prefix-match hit, remaining 79 prompt tokens to eval
llama_perf_context_print:        load time =    1529.82 ms
llama_perf_context_print: prompt eval time =     737.61 ms /    79 tokens (    9.34 ms per token,   107.10 tokens per second)
llama_perf_context_print:        eval time =     696.75 ms /    12 runs   (   58.06 ms per token,    17.22 tokens per second)
llama_perf_context_print:       total time =    1438.31 ms /    91 tokens
llama_perf_context_print:    graphs reused =         11
[Gemma 4 E4B] 4. long query
Llama.generate: 583 prefix-match hit, remaining 82 prompt tokens to eval
llama_perf_context_print:        load time =    1529.82 ms
llama_perf_context_print: prompt eval time =     734.74 ms /    82 tokens (    8.96 ms per token,   111.60 tokens per second)
llama_perf_context_print:        eval time =     755.30 ms /    13 runs   (   58.10 ms per token,    17.21 tokens per second)
llama_perf_context_print:       total time =    1494.42 ms /    95 tokens
llama_perf_context_print:    graphs reused =         12
[Gemma 4 E4B] 5. long query
Llama.generate: 678 prefix-match hit, remaining 84 prompt tokens to eval
llama_perf_context_print:        load time =    1529.82 ms
llama_perf_context_print: prompt eval time =     788.60 ms /    84 tokens (    9.39 ms per token,   106.52 tokens per second)
llama_perf_context_print:        eval time =     758.34 ms /    13 runs   (   58.33 ms per token,    17.14 tokens per second)
llama_perf_context_print:       total time =    1551.32 ms /    97 tokens
llama_perf_context_print:    graphs reused =         11
[Gemma 4 E4B] 6. long query
Llama.generate: 775 prefix-match hit, remaining 77 prompt tokens to eval
llama_perf_context_print:        load time =    1529.82 ms
llama_perf_context_print: prompt eval time =     742.37 ms /    77 tokens (    9.64 ms per token,   103.72 tokens per second)
llama_perf_context_print:        eval time =     586.61 ms /    10 runs   (   58.66 ms per token,    17.05 tokens per second)
llama_perf_context_print:       total time =    1332.51 ms /    87 tokens
llama_perf_context_print:    graphs reused =          9
[Gemma 4 E4B] 7. long query
Llama.generate: 862 prefix-match hit, remaining 82 prompt tokens to eval
llama_perf_context_print:        load time =    1529.82 ms
llama_perf_context_print: prompt eval time =     754.80 ms /    82 tokens (    9.20 ms per token,   108.64 tokens per second)
llama_perf_context_print:        eval time =     703.22 ms /    12 runs   (   58.60 ms per token,    17.06 tokens per second)
llama_perf_context_print:       total time =    1462.02 ms /    94 tokens
llama_perf_context_print:    graphs reused =         11
[Gemma 4 E4B] 8. long query
Llama.generate: 956 prefix-match hit, remaining 77 prompt tokens to eval
llama_perf_context_print:        load time =    1529.82 ms
llama_perf_context_print: prompt eval time =     760.28 ms /    77 tokens (    9.87 ms per token,   101.28 tokens per second)
llama_perf_context_print:        eval time =     710.82 ms /    12 runs   (   59.23 ms per token,    16.88 tokens per second)
llama_perf_context_print:       total time =    1475.15 ms /    89 tokens
llama_perf_context_print:    graphs reused =         11
[Gemma 4 E4B] 9. long query
Llama.generate: 1045 prefix-match hit, remaining 79 prompt tokens to eval
llama_perf_context_print:        load time =    1529.82 ms
llama_perf_context_print: prompt eval time =     776.92 ms /    79 tokens (    9.83 ms per token,   101.68 tokens per second)
llama_perf_context_print:        eval time =     534.62 ms /     9 runs   (   59.40 ms per token,    16.83 tokens per second)
llama_perf_context_print:       total time =    1314.73 ms /    88 tokens
llama_perf_context_print:    graphs reused =          8
[Gemma 4 E4B] 10. long query
Llama.generate: 1133 prefix-match hit, remaining 75 prompt tokens to eval
llama_perf_context_print:        load time =    1529.82 ms
llama_perf_context_print: prompt eval time =     758.07 ms /    75 tokens (   10.11 ms per token,    98.93 tokens per second)
llama_perf_context_print:        eval time =     593.67 ms /    10 runs   (   59.37 ms per token,    16.84 tokens per second)
llama_perf_context_print:       total time =    1355.28 ms /    85 tokens
llama_perf_context_print:    graphs reused =          9
[Gemma 4 E4B] 11. long query
Llama.generate: 1218 prefix-match hit, remaining 80 prompt tokens to eval
llama_perf_context_print:        load time =    1529.82 ms
llama_perf_context_print: prompt eval time =     759.17 ms /    80 tokens (    9.49 ms per token,   105.38 tokens per second)
llama_perf_context_print:        eval time =     539.97 ms /     9 runs   (   60.00 ms per token,    16.67 tokens per second)
llama_perf_context_print:       total time =    1302.30 ms /    89 tokens
llama_perf_context_print:    graphs reused =          8
[Gemma 4 E4B] 12. long query
Llama.generate: 1307 prefix-match hit, remaining 82 prompt tokens to eval
llama_perf_context_print:        load time =    1529.82 ms
llama_perf_context_print: prompt eval time =     789.73 ms /    82 tokens (    9.63 ms per token,   103.83 tokens per second)
llama_perf_context_print:        eval time =     721.43 ms /    12 runs   (   60.12 ms per token,    16.63 tokens per second)
llama_perf_context_print:       total time =    1515.30 ms /    94 tokens
llama_perf_context_print:    graphs reused =         11
[Gemma 4 E4B] 13. long query
Llama.generate: 1401 prefix-match hit, remaining 75 prompt tokens to eval
llama_perf_context_print:        load time =    1529.82 ms
llama_perf_context_print: prompt eval time =     781.90 ms /    75 tokens (   10.43 ms per token,    95.92 tokens per second)
llama_perf_context_print:        eval time =     661.50 ms /    11 runs   (   60.14 ms per token,    16.63 tokens per second)
llama_perf_context_print:       total time =    1447.14 ms /    86 tokens
llama_perf_context_print:    graphs reused =         10
[Gemma 4 E4B] 14. long query
Llama.generate: 1487 prefix-match hit, remaining 84 prompt tokens to eval
llama_perf_context_print:        load time =    1529.82 ms
llama_perf_context_print: prompt eval time =     794.29 ms /    84 tokens (    9.46 ms per token,   105.75 tokens per second)
llama_perf_context_print:        eval time =     732.67 ms /    12 runs   (   61.06 ms per token,    16.38 tokens per second)
llama_perf_context_print:       total time =    1531.09 ms /    96 tokens
llama_perf_context_print:    graphs reused =         11
[Gemma 4 E4B] 15. long query
Llama.generate: 1583 prefix-match hit, remaining 86 prompt tokens to eval
llama_perf_context_print:        load time =    1529.82 ms
llama_perf_context_print: prompt eval time =     845.21 ms /    86 tokens (    9.83 ms per token,   101.75 tokens per second)
llama_perf_context_print:        eval time =     553.79 ms /     9 runs   (   61.53 ms per token,    16.25 tokens per second)
llama_perf_context_print:       total time =    1402.30 ms /    95 tokens
llama_perf_context_print:    graphs reused =          8
~llama_context:        CPU compute buffer size is 530.0234 MiB, matches expectation of 530.0234 MiB
--- Llama 3.1 8B ---
[Llama 3.1 8B] 0. short query
Llama.generate: 200 prefix-match hit, remaining 21 prompt tokens to eval
llama_perf_context_print:        load time =    2210.78 ms
llama_perf_context_print: prompt eval time =     292.22 ms /    21 tokens (   13.92 ms per token,    71.86 tokens per second)
llama_perf_context_print:        eval time =    1206.72 ms /    15 runs   (   80.45 ms per token,    12.43 tokens per second)
llama_perf_context_print:       total time =    1501.85 ms /    36 tokens
llama_perf_context_print:    graphs reused =         14
[Llama 3.1 8B] 1. short query
Llama.generate: 236 prefix-match hit, remaining 21 prompt tokens to eval
llama_perf_context_print:        load time =    2210.78 ms
llama_perf_context_print: prompt eval time =     303.69 ms /    21 tokens (   14.46 ms per token,    69.15 tokens per second)
llama_perf_context_print:        eval time =    1553.58 ms /    19 runs   (   81.77 ms per token,    12.23 tokens per second)
llama_perf_context_print:       total time =    1860.89 ms /    40 tokens
llama_perf_context_print:    graphs reused =         18
[Llama 3.1 8B] 2. short query
Llama.generate: 276 prefix-match hit, remaining 22 prompt tokens to eval
llama_perf_context_print:        load time =    2210.78 ms
llama_perf_context_print: prompt eval time =     327.00 ms /    22 tokens (   14.86 ms per token,    67.28 tokens per second)
llama_perf_context_print:        eval time =     571.85 ms /     7 runs   (   81.69 ms per token,    12.24 tokens per second)
llama_perf_context_print:       total time =     900.38 ms /    29 tokens
llama_perf_context_print:    graphs reused =          6
[Llama 3.1 8B] 3. short query
Llama.generate: 305 prefix-match hit, remaining 23 prompt tokens to eval
llama_perf_context_print:        load time =    2210.78 ms
llama_perf_context_print: prompt eval time =     346.66 ms /    23 tokens (   15.07 ms per token,    66.35 tokens per second)
llama_perf_context_print:        eval time =     736.14 ms /     9 runs   (   81.79 ms per token,    12.23 tokens per second)
llama_perf_context_print:       total time =    1084.64 ms /    32 tokens
llama_perf_context_print:    graphs reused =          8
[Llama 3.1 8B] 4. short query
Llama.generate: 337 prefix-match hit, remaining 19 prompt tokens to eval
llama_perf_context_print:        load time =    2210.78 ms
llama_perf_context_print: prompt eval time =     303.77 ms /    19 tokens (   15.99 ms per token,    62.55 tokens per second)
llama_perf_context_print:        eval time =    1471.23 ms /    18 runs   (   81.74 ms per token,    12.23 tokens per second)
llama_perf_context_print:       total time =    1778.36 ms /    37 tokens
llama_perf_context_print:    graphs reused =         17
[Llama 3.1 8B] 5. short query
Llama.generate: 374 prefix-match hit, remaining 22 prompt tokens to eval
llama_perf_context_print:        load time =    2210.78 ms
llama_perf_context_print: prompt eval time =     332.66 ms /    22 tokens (   15.12 ms per token,    66.13 tokens per second)
llama_perf_context_print:        eval time =    1390.23 ms /    17 runs   (   81.78 ms per token,    12.23 tokens per second)
llama_perf_context_print:       total time =    1726.05 ms /    39 tokens
llama_perf_context_print:    graphs reused =         16
[Llama 3.1 8B] 6. short query
Llama.generate: 413 prefix-match hit, remaining 24 prompt tokens to eval
llama_perf_context_print:        load time =    2210.78 ms
llama_perf_context_print: prompt eval time =     352.72 ms /    24 tokens (   14.70 ms per token,    68.04 tokens per second)
llama_perf_context_print:        eval time =    1636.75 ms /    20 runs   (   81.84 ms per token,    12.22 tokens per second)
llama_perf_context_print:       total time =    1993.41 ms /    44 tokens
llama_perf_context_print:    graphs reused =         19
[Llama 3.1 8B] 7. short query
Llama.generate: 457 prefix-match hit, remaining 19 prompt tokens to eval
llama_perf_context_print:        load time =    2210.78 ms
llama_perf_context_print: prompt eval time =     309.33 ms /    19 tokens (   16.28 ms per token,    61.42 tokens per second)
llama_perf_context_print:        eval time =    2371.95 ms /    29 runs   (   81.79 ms per token,    12.23 tokens per second)
llama_perf_context_print:       total time =    2686.62 ms /    48 tokens
llama_perf_context_print:    graphs reused =         28
[Llama 3.1 8B] 8. short query
Llama.generate: 505 prefix-match hit, remaining 20 prompt tokens to eval
llama_perf_context_print:        load time =    2210.78 ms
llama_perf_context_print: prompt eval time =     302.36 ms /    20 tokens (   15.12 ms per token,    66.15 tokens per second)
llama_perf_context_print:        eval time =    1832.37 ms /    22 runs   (   83.29 ms per token,    12.01 tokens per second)
llama_perf_context_print:       total time =    2138.87 ms /    42 tokens
llama_perf_context_print:    graphs reused =         21
[Llama 3.1 8B] 9. short query
Llama.generate: 547 prefix-match hit, remaining 20 prompt tokens to eval
llama_perf_context_print:        load time =    2210.78 ms
llama_perf_context_print: prompt eval time =     305.08 ms /    20 tokens (   15.25 ms per token,    65.56 tokens per second)
llama_perf_context_print:        eval time =     916.18 ms /    11 runs   (   83.29 ms per token,    12.01 tokens per second)
llama_perf_context_print:       total time =    1223.44 ms /    31 tokens
llama_perf_context_print:    graphs reused =         10
[Llama 3.1 8B] 10. short query
Llama.generate: 578 prefix-match hit, remaining 25 prompt tokens to eval
llama_perf_context_print:        load time =    2210.78 ms
llama_perf_context_print: prompt eval time =     386.68 ms /    25 tokens (   15.47 ms per token,    64.65 tokens per second)
llama_perf_context_print:        eval time =    1832.90 ms /    22 runs   (   83.31 ms per token,    12.00 tokens per second)
llama_perf_context_print:       total time =    2223.74 ms /    47 tokens
llama_perf_context_print:    graphs reused =         21
[Llama 3.1 8B] 11. short query
Llama.generate: 625 prefix-match hit, remaining 20 prompt tokens to eval
llama_perf_context_print:        load time =    2210.78 ms
llama_perf_context_print: prompt eval time =     309.19 ms /    20 tokens (   15.46 ms per token,    64.68 tokens per second)
llama_perf_context_print:        eval time =    1667.08 ms /    20 runs   (   83.35 ms per token,    12.00 tokens per second)
llama_perf_context_print:       total time =    1980.10 ms /    40 tokens
llama_perf_context_print:    graphs reused =         19
[Llama 3.1 8B] 12. short query
Llama.generate: 665 prefix-match hit, remaining 21 prompt tokens to eval
llama_perf_context_print:        load time =    2210.78 ms
llama_perf_context_print: prompt eval time =     331.94 ms /    21 tokens (   15.81 ms per token,    63.26 tokens per second)
llama_perf_context_print:        eval time =    2332.93 ms /    28 runs   (   83.32 ms per token,    12.00 tokens per second)
llama_perf_context_print:       total time =    2670.11 ms /    49 tokens
llama_perf_context_print:    graphs reused =         27
[Llama 3.1 8B] 13. short query
Llama.generate: 714 prefix-match hit, remaining 22 prompt tokens to eval
llama_perf_context_print:        load time =    2210.78 ms
llama_perf_context_print: prompt eval time =     360.03 ms /    22 tokens (   16.36 ms per token,    61.11 tokens per second)
llama_perf_context_print:        eval time =    2500.73 ms /    30 runs   (   83.36 ms per token,    12.00 tokens per second)
llama_perf_context_print:       total time =    2866.54 ms /    52 tokens
llama_perf_context_print:    graphs reused =         29
[Llama 3.1 8B] 14. short query
Llama.generate: 766 prefix-match hit, remaining 22 prompt tokens to eval
llama_perf_context_print:        load time =    2210.78 ms
llama_perf_context_print: prompt eval time =     363.16 ms /    22 tokens (   16.51 ms per token,    60.58 tokens per second)
llama_perf_context_print:        eval time =    2035.80 ms /    24 runs   (   84.83 ms per token,    11.79 tokens per second)
llama_perf_context_print:       total time =    2403.58 ms /    46 tokens
llama_perf_context_print:    graphs reused =         23
[Llama 3.1 8B] 15. short query
Llama.generate: 812 prefix-match hit, remaining 20 prompt tokens to eval
llama_perf_context_print:        load time =    2210.78 ms
llama_perf_context_print: prompt eval time =     322.57 ms /    20 tokens (   16.13 ms per token,    62.00 tokens per second)
llama_perf_context_print:        eval time =    2545.60 ms /    30 runs   (   84.85 ms per token,    11.79 tokens per second)
llama_perf_context_print:       total time =    2873.90 ms /    50 tokens
llama_perf_context_print:    graphs reused =         29
[Llama 3.1 8B] 0. long query
Llama.generate: 200 prefix-match hit, remaining 77 prompt tokens to eval
llama_perf_context_print:        load time =    2210.78 ms
llama_perf_context_print: prompt eval time =     924.51 ms /    77 tokens (   12.01 ms per token,    83.29 tokens per second)
llama_perf_context_print:        eval time =    2858.86 ms /    35 runs   (   81.68 ms per token,    12.24 tokens per second)
llama_perf_context_print:       total time =    3790.06 ms /   112 tokens
llama_perf_context_print:    graphs reused =         34
[Llama 3.1 8B] 1. long query
Llama.generate: 312 prefix-match hit, remaining 74 prompt tokens to eval
llama_perf_context_print:        load time =    2210.78 ms
llama_perf_context_print: prompt eval time =     904.72 ms /    74 tokens (   12.23 ms per token,    81.79 tokens per second)
llama_perf_context_print:        eval time =    2780.49 ms /    34 runs   (   81.78 ms per token,    12.23 tokens per second)
llama_perf_context_print:       total time =    3691.58 ms /   108 tokens
llama_perf_context_print:    graphs reused =         33
[Llama 3.1 8B] 2. long query
Llama.generate: 420 prefix-match hit, remaining 73 prompt tokens to eval
llama_perf_context_print:        load time =    2210.78 ms
llama_perf_context_print: prompt eval time =     907.87 ms /    73 tokens (   12.44 ms per token,    80.41 tokens per second)
llama_perf_context_print:        eval time =    3217.89 ms /    39 runs   (   82.51 ms per token,    12.12 tokens per second)
llama_perf_context_print:       total time =    4133.08 ms /   112 tokens
llama_perf_context_print:    graphs reused =         37
[Llama 3.1 8B] 3. long query
Llama.generate: 532 prefix-match hit, remaining 78 prompt tokens to eval
llama_perf_context_print:        load time =    2210.78 ms
llama_perf_context_print: prompt eval time =     974.18 ms /    78 tokens (   12.49 ms per token,    80.07 tokens per second)
llama_perf_context_print:        eval time =    3577.12 ms /    42 runs   (   85.17 ms per token,    11.74 tokens per second)
llama_perf_context_print:       total time =    4560.01 ms /   120 tokens
llama_perf_context_print:    graphs reused =         41
[Llama 3.1 8B] 4. long query
Llama.generate: 652 prefix-match hit, remaining 83 prompt tokens to eval
llama_perf_context_print:        load time =    2210.78 ms
llama_perf_context_print: prompt eval time =    1023.75 ms /    83 tokens (   12.33 ms per token,    81.07 tokens per second)
llama_perf_context_print:        eval time =    3343.92 ms /    40 runs   (   83.60 ms per token,    11.96 tokens per second)
llama_perf_context_print:       total time =    4375.06 ms /   123 tokens
llama_perf_context_print:    graphs reused =         38
[Llama 3.1 8B] 5. long query
Llama.generate: 775 prefix-match hit, remaining 83 prompt tokens to eval
llama_perf_context_print:        load time =    2210.78 ms
llama_perf_context_print: prompt eval time =    1040.09 ms /    83 tokens (   12.53 ms per token,    79.80 tokens per second)
llama_perf_context_print:        eval time =    3393.70 ms /    40 runs   (   84.84 ms per token,    11.79 tokens per second)
llama_perf_context_print:       total time =    4441.15 ms /   123 tokens
llama_perf_context_print:    graphs reused =         39
[Llama 3.1 8B] 6. long query
Llama.generate: 898 prefix-match hit, remaining 77 prompt tokens to eval
llama_perf_context_print:        load time =    2210.78 ms
llama_perf_context_print: prompt eval time =    1033.21 ms /    77 tokens (   13.42 ms per token,    74.53 tokens per second)
llama_perf_context_print:        eval time =    3224.80 ms /    38 runs   (   84.86 ms per token,    11.78 tokens per second)
llama_perf_context_print:       total time =    4265.13 ms /   115 tokens
llama_perf_context_print:    graphs reused =         37
[Llama 3.1 8B] 7. long query
Llama.generate: 1013 prefix-match hit, remaining 83 prompt tokens to eval
llama_perf_context_print:        load time =    2210.78 ms
llama_perf_context_print: prompt eval time =    1077.33 ms /    83 tokens (   12.98 ms per token,    77.04 tokens per second)
llama_perf_context_print:        eval time =    3889.73 ms /    45 runs   (   86.44 ms per token,    11.57 tokens per second)
llama_perf_context_print:       total time =    4975.67 ms /   128 tokens
llama_perf_context_print:    graphs reused =         44
[Llama 3.1 8B] 8. long query
Llama.generate: 1141 prefix-match hit, remaining 79 prompt tokens to eval
llama_perf_context_print:        load time =    2210.78 ms
llama_perf_context_print: prompt eval time =    1097.25 ms /    79 tokens (   13.89 ms per token,    72.00 tokens per second)
llama_perf_context_print:        eval time =    3979.25 ms /    46 runs   (   86.51 ms per token,    11.56 tokens per second)
llama_perf_context_print:       total time =    5085.50 ms /   125 tokens
llama_perf_context_print:    graphs reused =         45
[Llama 3.1 8B] 9. long query
Llama.generate: 1266 prefix-match hit, remaining 80 prompt tokens to eval
llama_perf_context_print:        load time =    2210.78 ms
llama_perf_context_print: prompt eval time =    1059.16 ms /    80 tokens (   13.24 ms per token,    75.53 tokens per second)
llama_perf_context_print:        eval time =    4750.54 ms /    54 runs   (   87.97 ms per token,    11.37 tokens per second)
llama_perf_context_print:       total time =    5820.27 ms /   134 tokens
llama_perf_context_print:    graphs reused =         53
[Llama 3.1 8B] 10. long query
Llama.generate: 1400 prefix-match hit, remaining 75 prompt tokens to eval
llama_perf_context_print:        load time =    2210.78 ms
llama_perf_context_print: prompt eval time =    1045.94 ms /    75 tokens (   13.95 ms per token,    71.71 tokens per second)
llama_perf_context_print:        eval time =    3080.59 ms /    35 runs   (   88.02 ms per token,    11.36 tokens per second)
llama_perf_context_print:       total time =    4133.17 ms /   110 tokens
llama_perf_context_print:    graphs reused =         34
[Llama 3.1 8B] 11. long query
Llama.generate: 1510 prefix-match hit, remaining 79 prompt tokens to eval
llama_perf_context_print:        load time =    2210.78 ms
llama_perf_context_print: prompt eval time =    1147.34 ms /    79 tokens (   14.52 ms per token,    68.85 tokens per second)
llama_perf_context_print:        eval time =    1892.01 ms /    21 runs   (   90.10 ms per token,    11.10 tokens per second)
llama_perf_context_print:       total time =    3043.32 ms /   100 tokens
llama_perf_context_print:    graphs reused =         20
[Llama 3.1 8B] 12. long query
Llama.generate: 1610 prefix-match hit, remaining 83 prompt tokens to eval
llama_perf_context_print:        load time =    2210.78 ms
llama_perf_context_print: prompt eval time =    1157.53 ms /    83 tokens (   13.95 ms per token,    71.70 tokens per second)
llama_perf_context_print:        eval time =    2433.33 ms /    27 runs   (   90.12 ms per token,    11.10 tokens per second)
llama_perf_context_print:       total time =    3595.90 ms /   110 tokens
llama_perf_context_print:    graphs reused =         26
[Llama 3.1 8B] 13. long query
Llama.generate: 1720 prefix-match hit, remaining 80 prompt tokens to eval
llama_perf_context_print:        load time =    2210.78 ms
llama_perf_context_print: prompt eval time =    1125.84 ms /    80 tokens (   14.07 ms per token,    71.06 tokens per second)
llama_perf_context_print:        eval time =    3420.15 ms /    37 runs   (   92.44 ms per token,    10.82 tokens per second)
llama_perf_context_print:       total time =    4552.98 ms /   117 tokens
llama_perf_context_print:    graphs reused =         36
[Llama 3.1 8B] 14. long query
Llama.generate: 1837 prefix-match hit, remaining 85 prompt tokens to eval
llama_perf_context_print:        load time =    2210.78 ms
llama_perf_context_print: prompt eval time =    1219.07 ms /    85 tokens (   14.34 ms per token,    69.73 tokens per second)
llama_perf_context_print:        eval time =    4994.78 ms /    54 runs   (   92.50 ms per token,    10.81 tokens per second)
llama_perf_context_print:       total time =    6224.44 ms /   139 tokens
llama_perf_context_print:    graphs reused =         53
[Llama 3.1 8B] 15. long query
Llama.generate: 1976 prefix-match hit, remaining 86 prompt tokens to eval
llama_perf_context_print:        load time =    2210.78 ms
llama_perf_context_print: prompt eval time =    1252.97 ms /    86 tokens (   14.57 ms per token,    68.64 tokens per second)
llama_perf_context_print:        eval time =    3795.41 ms /    40 runs   (   94.89 ms per token,    10.54 tokens per second)
llama_perf_context_print:       total time =    5056.14 ms /   126 tokens
llama_perf_context_print:    graphs reused =         39
~llama_context:        CPU compute buffer size is 266.5020 MiB, matches expectation of 266.5020 MiB
--- Ling 3.0 tiny ---
[Ling 3.0 tiny] 0. short query
Llama.generate: 216 prefix-match hit, remaining 25 prompt tokens to eval
llama_perf_context_print:        load time =     738.69 ms
llama_perf_context_print: prompt eval time =     105.11 ms /    25 tokens (    4.20 ms per token,   237.86 tokens per second)
llama_perf_context_print:        eval time =     313.22 ms /    19 runs   (   16.49 ms per token,    60.66 tokens per second)
llama_perf_context_print:       total time =     422.19 ms /    44 tokens
llama_perf_context_print:    graphs reused =         17
[Ling 3.0 tiny] 1. short query
Llama.generate: 260 prefix-match hit, remaining 25 prompt tokens to eval
llama_perf_context_print:        load time =     738.69 ms
llama_perf_context_print: prompt eval time =     104.51 ms /    25 tokens (    4.18 ms per token,   239.21 tokens per second)
llama_perf_context_print:        eval time =     317.94 ms /    19 runs   (   16.73 ms per token,    59.76 tokens per second)
llama_perf_context_print:       total time =     426.29 ms /    44 tokens
llama_perf_context_print:    graphs reused =         18
[Ling 3.0 tiny] 2. short query
Llama.generate: 304 prefix-match hit, remaining 27 prompt tokens to eval
llama_perf_context_print:        load time =     738.69 ms
llama_perf_context_print: prompt eval time =     114.29 ms /    27 tokens (    4.23 ms per token,   236.23 tokens per second)
llama_perf_context_print:        eval time =     184.83 ms /    11 runs   (   16.80 ms per token,    59.51 tokens per second)
llama_perf_context_print:       total time =     301.52 ms /    38 tokens
llama_perf_context_print:    graphs reused =         10
[Ling 3.0 tiny] 3. short query
Llama.generate: 342 prefix-match hit, remaining 28 prompt tokens to eval
llama_perf_context_print:        load time =     738.69 ms
llama_perf_context_print: prompt eval time =     117.84 ms /    28 tokens (    4.21 ms per token,   237.61 tokens per second)
llama_perf_context_print:        eval time =     201.55 ms /    12 runs   (   16.80 ms per token,    59.54 tokens per second)
llama_perf_context_print:       total time =     321.95 ms /    40 tokens
llama_perf_context_print:    graphs reused =         11
[Ling 3.0 tiny] 4. short query
Llama.generate: 382 prefix-match hit, remaining 23 prompt tokens to eval
llama_perf_context_print:        load time =     738.69 ms
llama_perf_context_print: prompt eval time =     101.89 ms /    23 tokens (    4.43 ms per token,   225.74 tokens per second)
llama_perf_context_print:        eval time =     168.12 ms /    10 runs   (   16.81 ms per token,    59.48 tokens per second)
llama_perf_context_print:       total time =     272.20 ms /    33 tokens
llama_perf_context_print:    graphs reused =          9
[Ling 3.0 tiny] 5. short query
Llama.generate: 415 prefix-match hit, remaining 26 prompt tokens to eval
llama_perf_context_print:        load time =     738.69 ms
llama_perf_context_print: prompt eval time =     112.72 ms /    26 tokens (    4.34 ms per token,   230.66 tokens per second)
llama_perf_context_print:        eval time =     301.88 ms /    18 runs   (   16.77 ms per token,    59.63 tokens per second)
llama_perf_context_print:       total time =     418.34 ms /    44 tokens
llama_perf_context_print:    graphs reused =         17
[Ling 3.0 tiny] 6. short query
Llama.generate: 459 prefix-match hit, remaining 28 prompt tokens to eval
llama_perf_context_print:        load time =     738.69 ms
llama_perf_context_print: prompt eval time =     122.36 ms /    28 tokens (    4.37 ms per token,   228.83 tokens per second)
llama_perf_context_print:        eval time =     301.56 ms /    18 runs   (   16.75 ms per token,    59.69 tokens per second)
llama_perf_context_print:       total time =     427.65 ms /    46 tokens
llama_perf_context_print:    graphs reused =         17
[Ling 3.0 tiny] 7. short query
Llama.generate: 505 prefix-match hit, remaining 23 prompt tokens to eval
llama_perf_context_print:        load time =     738.69 ms
llama_perf_context_print: prompt eval time =     106.52 ms /    23 tokens (    4.63 ms per token,   215.92 tokens per second)
llama_perf_context_print:        eval time =     289.28 ms /    17 runs   (   17.02 ms per token,    58.77 tokens per second)
llama_perf_context_print:       total time =     399.36 ms /    40 tokens
llama_perf_context_print:    graphs reused =         16
[Ling 3.0 tiny] 8. short query
Llama.generate: 545 prefix-match hit, remaining 24 prompt tokens to eval
llama_perf_context_print:        load time =     738.69 ms
llama_perf_context_print: prompt eval time =     107.57 ms /    24 tokens (    4.48 ms per token,   223.10 tokens per second)
llama_perf_context_print:        eval time =     238.39 ms /    14 runs   (   17.03 ms per token,    58.73 tokens per second)
llama_perf_context_print:       total time =     349.00 ms /    38 tokens
llama_perf_context_print:    graphs reused =         13
[Ling 3.0 tiny] 9. short query
Llama.generate: 583 prefix-match hit, remaining 24 prompt tokens to eval
llama_perf_context_print:        load time =     738.69 ms
llama_perf_context_print: prompt eval time =     107.82 ms /    24 tokens (    4.49 ms per token,   222.60 tokens per second)
llama_perf_context_print:        eval time =     255.29 ms /    15 runs   (   17.02 ms per token,    58.76 tokens per second)
llama_perf_context_print:       total time =     366.75 ms /    39 tokens
llama_perf_context_print:    graphs reused =         14
[Ling 3.0 tiny] 10. short query
Llama.generate: 622 prefix-match hit, remaining 30 prompt tokens to eval
llama_perf_context_print:        load time =     738.69 ms
llama_perf_context_print: prompt eval time =     134.05 ms /    30 tokens (    4.47 ms per token,   223.81 tokens per second)
llama_perf_context_print:        eval time =     255.77 ms /    15 runs   (   17.05 ms per token,    58.65 tokens per second)
llama_perf_context_print:       total time =     393.52 ms /    45 tokens
llama_perf_context_print:    graphs reused =         14
[Ling 3.0 tiny] 11. short query
Llama.generate: 667 prefix-match hit, remaining 24 prompt tokens to eval
llama_perf_context_print:        load time =     738.69 ms
llama_perf_context_print: prompt eval time =     110.52 ms /    24 tokens (    4.61 ms per token,   217.15 tokens per second)
llama_perf_context_print:        eval time =     187.84 ms /    11 runs   (   17.08 ms per token,    58.56 tokens per second)
llama_perf_context_print:       total time =     301.29 ms /    35 tokens
llama_perf_context_print:    graphs reused =         10
[Ling 3.0 tiny] 12. short query
Llama.generate: 702 prefix-match hit, remaining 25 prompt tokens to eval
llama_perf_context_print:        load time =     738.69 ms
llama_perf_context_print: prompt eval time =     117.51 ms /    25 tokens (    4.70 ms per token,   212.75 tokens per second)
llama_perf_context_print:        eval time =     204.83 ms /    12 runs   (   17.07 ms per token,    58.58 tokens per second)
llama_perf_context_print:       total time =     325.41 ms /    37 tokens
llama_perf_context_print:    graphs reused =         11
[Ling 3.0 tiny] 13. short query
Llama.generate: 739 prefix-match hit, remaining 26 prompt tokens to eval
llama_perf_context_print:        load time =     738.69 ms
llama_perf_context_print: prompt eval time =     122.49 ms /    26 tokens (    4.71 ms per token,   212.27 tokens per second)
llama_perf_context_print:        eval time =     345.69 ms /    20 runs   (   17.28 ms per token,    57.86 tokens per second)
llama_perf_context_print:       total time =     472.94 ms /    46 tokens
llama_perf_context_print:    graphs reused =         18
[Ling 3.0 tiny] 14. short query
Llama.generate: 785 prefix-match hit, remaining 26 prompt tokens to eval
llama_perf_context_print:        load time =     738.69 ms
llama_perf_context_print: prompt eval time =     123.39 ms /    26 tokens (    4.75 ms per token,   210.71 tokens per second)
llama_perf_context_print:        eval time =     242.36 ms /    14 runs   (   17.31 ms per token,    57.77 tokens per second)
llama_perf_context_print:       total time =     369.25 ms /    40 tokens
llama_perf_context_print:    graphs reused =         13
[Ling 3.0 tiny] 15. short query
Llama.generate: 825 prefix-match hit, remaining 24 prompt tokens to eval
llama_perf_context_print:        load time =     738.69 ms
llama_perf_context_print: prompt eval time =     116.65 ms /    24 tokens (    4.86 ms per token,   205.74 tokens per second)
llama_perf_context_print:        eval time =     242.55 ms /    14 runs   (   17.33 ms per token,    57.72 tokens per second)
llama_perf_context_print:       total time =     362.73 ms /    38 tokens
llama_perf_context_print:    graphs reused =         13
[Ling 3.0 tiny] 0. long query
Llama.generate: 216 prefix-match hit, remaining 83 prompt tokens to eval
llama_perf_context_print:        load time =     738.69 ms
llama_perf_context_print: prompt eval time =     288.97 ms /    83 tokens (    3.48 ms per token,   287.23 tokens per second)
llama_perf_context_print:        eval time =     535.52 ms /    32 runs   (   16.73 ms per token,    59.76 tokens per second)
llama_perf_context_print:       total time =     831.64 ms /   115 tokens
llama_perf_context_print:    graphs reused =         31
[Ling 3.0 tiny] 1. long query
Llama.generate: 331 prefix-match hit, remaining 78 prompt tokens to eval
llama_perf_context_print:        load time =     738.69 ms
llama_perf_context_print: prompt eval time =     275.29 ms /    78 tokens (    3.53 ms per token,   283.33 tokens per second)
llama_perf_context_print:        eval time =     335.35 ms /    20 runs   (   16.77 ms per token,    59.64 tokens per second)
llama_perf_context_print:       total time =     615.29 ms /    98 tokens
llama_perf_context_print:    graphs reused =         19
[Ling 3.0 tiny] 2. long query
Llama.generate: 429 prefix-match hit, remaining 77 prompt tokens to eval
llama_perf_context_print:        load time =     738.69 ms
llama_perf_context_print: prompt eval time =     291.66 ms /    77 tokens (    3.79 ms per token,   264.01 tokens per second)
llama_perf_context_print:        eval time =     441.16 ms /    26 runs   (   16.97 ms per token,    58.94 tokens per second)
llama_perf_context_print:       total time =     738.81 ms /   103 tokens
llama_perf_context_print:    graphs reused =         24
[Ling 3.0 tiny] 3. long query
Llama.generate: 532 prefix-match hit, remaining 82 prompt tokens to eval
llama_perf_context_print:        load time =     738.69 ms
llama_perf_context_print: prompt eval time =     305.35 ms /    82 tokens (    3.72 ms per token,   268.54 tokens per second)
llama_perf_context_print:        eval time =     340.40 ms /    20 runs   (   17.02 ms per token,    58.75 tokens per second)
llama_perf_context_print:       total time =     650.41 ms /   102 tokens
llama_perf_context_print:    graphs reused =         19
[Ling 3.0 tiny] 4. long query
Llama.generate: 634 prefix-match hit, remaining 89 prompt tokens to eval
llama_perf_context_print:        load time =     738.69 ms
llama_perf_context_print: prompt eval time =     339.96 ms /    89 tokens (    3.82 ms per token,   261.79 tokens per second)
llama_perf_context_print:        eval time =     408.86 ms /    24 runs   (   17.04 ms per token,    58.70 tokens per second)
llama_perf_context_print:       total time =     754.28 ms /   113 tokens
llama_perf_context_print:    graphs reused =         23
[Ling 3.0 tiny] 5. long query
Llama.generate: 747 prefix-match hit, remaining 88 prompt tokens to eval
llama_perf_context_print:        load time =     738.69 ms
llama_perf_context_print: prompt eval time =     342.32 ms /    88 tokens (    3.89 ms per token,   257.07 tokens per second)
llama_perf_context_print:        eval time =     569.32 ms /    33 runs   (   17.25 ms per token,    57.96 tokens per second)
llama_perf_context_print:       total time =     919.02 ms /   121 tokens
llama_perf_context_print:    graphs reused =         32
[Ling 3.0 tiny] 6. long query
Llama.generate: 868 prefix-match hit, remaining 84 prompt tokens to eval
llama_perf_context_print:        load time =     738.69 ms
llama_perf_context_print: prompt eval time =     319.59 ms /    84 tokens (    3.80 ms per token,   262.84 tokens per second)
llama_perf_context_print:        eval time =     432.28 ms /    25 runs   (   17.29 ms per token,    57.83 tokens per second)
llama_perf_context_print:       total time =     757.67 ms /   109 tokens
llama_perf_context_print:    graphs reused =         24
[Ling 3.0 tiny] 7. long query
Llama.generate: 977 prefix-match hit, remaining 87 prompt tokens to eval
llama_perf_context_print:        load time =     738.69 ms
llama_perf_context_print: prompt eval time =     335.34 ms /    87 tokens (    3.85 ms per token,   259.44 tokens per second)
llama_perf_context_print:        eval time =     351.07 ms /    20 runs   (   17.55 ms per token,    56.97 tokens per second)
llama_perf_context_print:       total time =     691.13 ms /   107 tokens
llama_perf_context_print:    graphs reused =         19
[Ling 3.0 tiny] 8. long query
Llama.generate: 1084 prefix-match hit, remaining 83 prompt tokens to eval
llama_perf_context_print:        load time =     738.69 ms
llama_perf_context_print: prompt eval time =     351.81 ms /    83 tokens (    4.24 ms per token,   235.92 tokens per second)
llama_perf_context_print:        eval time =     369.56 ms /    21 runs   (   17.60 ms per token,    56.82 tokens per second)
llama_perf_context_print:       total time =     726.35 ms /   104 tokens
llama_perf_context_print:    graphs reused =         20
[Ling 3.0 tiny] 9. long query
Llama.generate: 1188 prefix-match hit, remaining 86 prompt tokens to eval
llama_perf_context_print:        load time =     738.69 ms
llama_perf_context_print: prompt eval time =     367.59 ms /    86 tokens (    4.27 ms per token,   233.96 tokens per second)
llama_perf_context_print:        eval time =     391.05 ms /    22 runs   (   17.78 ms per token,    56.26 tokens per second)
llama_perf_context_print:       total time =     763.80 ms /   108 tokens
llama_perf_context_print:    graphs reused =         20
[Ling 3.0 tiny] 10. long query
Llama.generate: 1296 prefix-match hit, remaining 79 prompt tokens to eval
llama_perf_context_print:        load time =     738.69 ms
llama_perf_context_print: prompt eval time =     357.45 ms /    79 tokens (    4.52 ms per token,   221.01 tokens per second)
llama_perf_context_print:        eval time =     234.15 ms /    13 runs   (   18.01 ms per token,    55.52 tokens per second)
llama_perf_context_print:       total time =     595.06 ms /    92 tokens
llama_perf_context_print:    graphs reused =         12
[Ling 3.0 tiny] 11. long query
Llama.generate: 1388 prefix-match hit, remaining 84 prompt tokens to eval
llama_perf_context_print:        load time =     738.69 ms
llama_perf_context_print: prompt eval time =     349.03 ms /    84 tokens (    4.16 ms per token,   240.66 tokens per second)
llama_perf_context_print:        eval time =     250.14 ms /    14 runs   (   17.87 ms per token,    55.97 tokens per second)
llama_perf_context_print:       total time =     602.78 ms /    98 tokens
llama_perf_context_print:    graphs reused =         13
[Ling 3.0 tiny] 12. long query
Llama.generate: 1486 prefix-match hit, remaining 86 prompt tokens to eval
llama_perf_context_print:        load time =     738.69 ms
llama_perf_context_print: prompt eval time =     396.97 ms /    86 tokens (    4.62 ms per token,   216.64 tokens per second)
llama_perf_context_print:        eval time =     271.50 ms /    15 runs   (   18.10 ms per token,    55.25 tokens per second)
llama_perf_context_print:       total time =     672.29 ms /   101 tokens
llama_perf_context_print:    graphs reused =         14
[Ling 3.0 tiny] 13. long query
Llama.generate: 1587 prefix-match hit, remaining 83 prompt tokens to eval
llama_perf_context_print:        load time =     738.69 ms
llama_perf_context_print: prompt eval time =     397.64 ms /    83 tokens (    4.79 ms per token,   208.73 tokens per second)
llama_perf_context_print:        eval time =     109.26 ms /     6 runs   (   18.21 ms per token,    54.91 tokens per second)
llama_perf_context_print:       total time =     509.03 ms /    89 tokens
llama_perf_context_print:    graphs reused =          5
[Ling 3.0 tiny] 14. long query
Llama.generate: 1676 prefix-match hit, remaining 88 prompt tokens to eval
llama_perf_context_print:        load time =     738.69 ms
llama_perf_context_print: prompt eval time =     410.64 ms /    88 tokens (    4.67 ms per token,   214.30 tokens per second)
llama_perf_context_print:        eval time =     434.09 ms /    24 runs   (   18.09 ms per token,    55.29 tokens per second)
llama_perf_context_print:       total time =     850.44 ms /   112 tokens
llama_perf_context_print:    graphs reused =         23
[Ling 3.0 tiny] 15. long query
Llama.generate: 1788 prefix-match hit, remaining 91 prompt tokens to eval
llama_perf_context_print:        load time =     738.69 ms
llama_perf_context_print: prompt eval time =     439.82 ms /    91 tokens (    4.83 ms per token,   206.90 tokens per second)
llama_perf_context_print:        eval time =     256.98 ms /    14 runs   (   18.36 ms per token,    54.48 tokens per second)
llama_perf_context_print:       total time =     700.60 ms /   105 tokens
llama_perf_context_print:    graphs reused =         13
~llama_context:        CPU compute buffer size is 320.0098 MiB, matches expectation of 320.0098 MiB
--- Bonsai 27B ---
[Bonsai 27B] 0. short query
Llama.generate: 211 prefix-match hit, remaining 24 prompt tokens to eval
llama_perf_context_print:        load time =   21196.32 ms
llama_perf_context_print: prompt eval time =    2336.95 ms /    24 tokens (   97.37 ms per token,    10.27 tokens per second)
llama_perf_context_print:        eval time =    2057.85 ms /    18 runs   (  114.33 ms per token,     8.75 tokens per second)
llama_perf_context_print:       total time =    4400.31 ms /    42 tokens
llama_perf_context_print:    graphs reused =         17
[Bonsai 27B] 1. short query
Llama.generate: 253 prefix-match hit, remaining 25 prompt tokens to eval
llama_perf_context_print:        load time =   21196.32 ms
llama_perf_context_print: prompt eval time =    2436.74 ms /    25 tokens (   97.47 ms per token,    10.26 tokens per second)
llama_perf_context_print:        eval time =    1818.95 ms /    16 runs   (  113.68 ms per token,     8.80 tokens per second)
llama_perf_context_print:       total time =    4260.72 ms /    41 tokens
llama_perf_context_print:    graphs reused =         15
[Bonsai 27B] 2. short query
Llama.generate: 294 prefix-match hit, remaining 26 prompt tokens to eval
llama_perf_context_print:        load time =   21196.32 ms
llama_perf_context_print: prompt eval time =    2518.59 ms /    26 tokens (   96.87 ms per token,    10.32 tokens per second)
llama_perf_context_print:        eval time =    1603.19 ms /    14 runs   (  114.51 ms per token,     8.73 tokens per second)
llama_perf_context_print:       total time =    4126.19 ms /    40 tokens
llama_perf_context_print:    graphs reused =         13
[Bonsai 27B] 3. short query
Llama.generate: 334 prefix-match hit, remaining 27 prompt tokens to eval
llama_perf_context_print:        load time =   21196.32 ms
llama_perf_context_print: prompt eval time =    2636.52 ms /    27 tokens (   97.65 ms per token,    10.24 tokens per second)
llama_perf_context_print:        eval time =    1836.89 ms /    16 runs   (  114.81 ms per token,     8.71 tokens per second)
llama_perf_context_print:       total time =    4478.43 ms /    43 tokens
llama_perf_context_print:    graphs reused =         15
[Bonsai 27B] 4. short query
Llama.generate: 377 prefix-match hit, remaining 23 prompt tokens to eval
llama_perf_context_print:        load time =   21196.32 ms
llama_perf_context_print: prompt eval time =    2250.58 ms /    23 tokens (   97.85 ms per token,    10.22 tokens per second)
llama_perf_context_print:        eval time =    1259.53 ms /    11 runs   (  114.50 ms per token,     8.73 tokens per second)
llama_perf_context_print:       total time =    3513.64 ms /    34 tokens
llama_perf_context_print:    graphs reused =         10
[Bonsai 27B] 5. short query
Llama.generate: 411 prefix-match hit, remaining 26 prompt tokens to eval
llama_perf_context_print:        load time =   21196.32 ms
llama_perf_context_print: prompt eval time =    2542.80 ms /    26 tokens (   97.80 ms per token,    10.22 tokens per second)
llama_perf_context_print:        eval time =    2849.81 ms /    25 runs   (  113.99 ms per token,     8.77 tokens per second)
llama_perf_context_print:       total time =    5400.24 ms /    51 tokens
llama_perf_context_print:    graphs reused =         24
[Bonsai 27B] 6. short query
Llama.generate: 462 prefix-match hit, remaining 28 prompt tokens to eval
llama_perf_context_print:        load time =   21196.32 ms
llama_perf_context_print: prompt eval time =    2740.82 ms /    28 tokens (   97.89 ms per token,    10.22 tokens per second)
llama_perf_context_print:        eval time =    1592.49 ms /    14 runs   (  113.75 ms per token,     8.79 tokens per second)
llama_perf_context_print:       total time =    4337.63 ms /    42 tokens
llama_perf_context_print:    graphs reused =         13
[Bonsai 27B] 7. short query
Llama.generate: 504 prefix-match hit, remaining 23 prompt tokens to eval
llama_perf_context_print:        load time =   21196.32 ms
llama_perf_context_print: prompt eval time =    2254.24 ms /    23 tokens (   98.01 ms per token,    10.20 tokens per second)
llama_perf_context_print:        eval time =    2171.16 ms /    19 runs   (  114.27 ms per token,     8.75 tokens per second)
llama_perf_context_print:       total time =    4431.38 ms /    42 tokens
llama_perf_context_print:    graphs reused =         18
[Bonsai 27B] 8. short query
Llama.generate: 546 prefix-match hit, remaining 24 prompt tokens to eval
llama_perf_context_print:        load time =   21196.32 ms
llama_perf_context_print: prompt eval time =    2354.80 ms /    24 tokens (   98.12 ms per token,    10.19 tokens per second)
llama_perf_context_print:        eval time =    1710.79 ms /    15 runs   (  114.05 ms per token,     8.77 tokens per second)
llama_perf_context_print:       total time =    4070.32 ms /    39 tokens
llama_perf_context_print:    graphs reused =         14
[Bonsai 27B] 9. short query
Llama.generate: 585 prefix-match hit, remaining 24 prompt tokens to eval
llama_perf_context_print:        load time =   21196.32 ms
llama_perf_context_print: prompt eval time =    2356.72 ms /    24 tokens (   98.20 ms per token,    10.18 tokens per second)
llama_perf_context_print:        eval time =    1490.85 ms /    13 runs   (  114.68 ms per token,     8.72 tokens per second)
llama_perf_context_print:       total time =    3851.72 ms /    37 tokens
llama_perf_context_print:    graphs reused =         12
[Bonsai 27B] 10. short query
Llama.generate: 622 prefix-match hit, remaining 29 prompt tokens to eval
llama_perf_context_print:        load time =   21196.32 ms
llama_perf_context_print: prompt eval time =    2849.78 ms /    29 tokens (   98.27 ms per token,    10.18 tokens per second)
llama_perf_context_print:        eval time =    1723.54 ms /    15 runs   (  114.90 ms per token,     8.70 tokens per second)
llama_perf_context_print:       total time =    4577.91 ms /    44 tokens
llama_perf_context_print:    graphs reused =         14
[Bonsai 27B] 11. short query
Llama.generate: 666 prefix-match hit, remaining 24 prompt tokens to eval
llama_perf_context_print:        load time =   21196.32 ms
llama_perf_context_print: prompt eval time =    2363.98 ms /    24 tokens (   98.50 ms per token,    10.15 tokens per second)
llama_perf_context_print:        eval time =    1607.95 ms /    14 runs   (  114.85 ms per token,     8.71 tokens per second)
llama_perf_context_print:       total time =    3976.41 ms /    38 tokens
llama_perf_context_print:    graphs reused =         13
[Bonsai 27B] 12. short query
Llama.generate: 704 prefix-match hit, remaining 25 prompt tokens to eval
llama_perf_context_print:        load time =   21196.32 ms
llama_perf_context_print: prompt eval time =    2472.78 ms /    25 tokens (   98.91 ms per token,    10.11 tokens per second)
llama_perf_context_print:        eval time =    2192.99 ms /    19 runs   (  115.42 ms per token,     8.66 tokens per second)
llama_perf_context_print:       total time =    4671.88 ms /    44 tokens
llama_perf_context_print:    graphs reused =         18
[Bonsai 27B] 13. short query
Llama.generate: 748 prefix-match hit, remaining 26 prompt tokens to eval
llama_perf_context_print:        load time =   21196.32 ms
llama_perf_context_print: prompt eval time =    2567.81 ms /    26 tokens (   98.76 ms per token,    10.13 tokens per second)
llama_perf_context_print:        eval time =    1389.61 ms /    12 runs   (  115.80 ms per token,     8.64 tokens per second)
llama_perf_context_print:       total time =    3961.32 ms /    38 tokens
llama_perf_context_print:    graphs reused =         11
[Bonsai 27B] 14. short query
Llama.generate: 786 prefix-match hit, remaining 26 prompt tokens to eval
llama_perf_context_print:        load time =   21196.32 ms
llama_perf_context_print: prompt eval time =    2562.99 ms /    26 tokens (   98.58 ms per token,    10.14 tokens per second)
llama_perf_context_print:        eval time =    1630.39 ms /    14 runs   (  116.46 ms per token,     8.59 tokens per second)
llama_perf_context_print:       total time =    4197.78 ms /    40 tokens
llama_perf_context_print:    graphs reused =         13
[Bonsai 27B] 15. short query
Llama.generate: 826 prefix-match hit, remaining 24 prompt tokens to eval
llama_perf_context_print:        load time =   21196.32 ms
llama_perf_context_print: prompt eval time =    2368.87 ms /    24 tokens (   98.70 ms per token,    10.13 tokens per second)
llama_perf_context_print:        eval time =    1957.05 ms /    17 runs   (  115.12 ms per token,     8.69 tokens per second)
llama_perf_context_print:       total time =    4331.25 ms /    41 tokens
llama_perf_context_print:    graphs reused =         16
[Bonsai 27B] 0. long query
Llama.generate: 211 prefix-match hit, remaining 80 prompt tokens to eval
llama_perf_context_print:        load time =   21196.32 ms
llama_perf_context_print: prompt eval time =    7694.19 ms /    80 tokens (   96.18 ms per token,    10.40 tokens per second)
llama_perf_context_print:        eval time =    3975.80 ms /    35 runs   (  113.59 ms per token,     8.80 tokens per second)
llama_perf_context_print:       total time =   11680.52 ms /   115 tokens
llama_perf_context_print:    graphs reused =         34
[Bonsai 27B] 1. long query
Llama.generate: 326 prefix-match hit, remaining 78 prompt tokens to eval
llama_perf_context_print:        load time =   21196.32 ms
llama_perf_context_print: prompt eval time =    7555.33 ms /    78 tokens (   96.86 ms per token,    10.32 tokens per second)
llama_perf_context_print:        eval time =    3965.66 ms /    35 runs   (  113.30 ms per token,     8.83 tokens per second)
llama_perf_context_print:       total time =   11531.66 ms /   113 tokens
llama_perf_context_print:    graphs reused =         34
[Bonsai 27B] 2. long query
Llama.generate: 439 prefix-match hit, remaining 77 prompt tokens to eval
llama_perf_context_print:        load time =   21196.32 ms
llama_perf_context_print: prompt eval time =    7488.76 ms /    77 tokens (   97.26 ms per token,    10.28 tokens per second)
llama_perf_context_print:        eval time =    3977.71 ms /    35 runs   (  113.65 ms per token,     8.80 tokens per second)
llama_perf_context_print:       total time =   11477.08 ms /   112 tokens
llama_perf_context_print:    graphs reused =         34
[Bonsai 27B] 3. long query
Llama.generate: 551 prefix-match hit, remaining 82 prompt tokens to eval
llama_perf_context_print:        load time =   21196.32 ms
llama_perf_context_print: prompt eval time =    7958.74 ms /    82 tokens (   97.06 ms per token,    10.30 tokens per second)
llama_perf_context_print:        eval time =    3987.58 ms /    35 runs   (  113.93 ms per token,     8.78 tokens per second)
llama_perf_context_print:       total time =   11957.10 ms /   117 tokens
llama_perf_context_print:    graphs reused =         34
[Bonsai 27B] 4. long query
Llama.generate: 668 prefix-match hit, remaining 87 prompt tokens to eval
llama_perf_context_print:        load time =   21196.32 ms
llama_perf_context_print: prompt eval time =    8482.96 ms /    87 tokens (   97.51 ms per token,    10.26 tokens per second)
llama_perf_context_print:        eval time =    4002.57 ms /    35 runs   (  114.36 ms per token,     8.74 tokens per second)
llama_perf_context_print:       total time =   12496.07 ms /   122 tokens
llama_perf_context_print:    graphs reused =         33
[Bonsai 27B] 5. long query
Llama.generate: 790 prefix-match hit, remaining 86 prompt tokens to eval
llama_perf_context_print:        load time =   21196.32 ms
llama_perf_context_print: prompt eval time =    8364.21 ms /    86 tokens (   97.26 ms per token,    10.28 tokens per second)
llama_perf_context_print:        eval time =    4014.78 ms /    35 runs   (  114.71 ms per token,     8.72 tokens per second)
llama_perf_context_print:       total time =   12389.85 ms /   121 tokens
llama_perf_context_print:    graphs reused =         34
[Bonsai 27B] 6. long query
Llama.generate: 911 prefix-match hit, remaining 81 prompt tokens to eval
llama_perf_context_print:        load time =   21196.32 ms
llama_perf_context_print: prompt eval time =    7925.87 ms /    81 tokens (   97.85 ms per token,    10.22 tokens per second)
llama_perf_context_print:        eval time =    4038.20 ms /    35 runs   (  115.38 ms per token,     8.67 tokens per second)
llama_perf_context_print:       total time =   11974.77 ms /   116 tokens
llama_perf_context_print:    graphs reused =         33
[Bonsai 27B] 7. long query
Llama.generate: 1027 prefix-match hit, remaining 87 prompt tokens to eval
llama_perf_context_print:        load time =   21196.32 ms
llama_perf_context_print: prompt eval time =    8525.71 ms /    87 tokens (   98.00 ms per token,    10.20 tokens per second)
llama_perf_context_print:        eval time =    4069.04 ms /    35 runs   (  116.26 ms per token,     8.60 tokens per second)
llama_perf_context_print:       total time =   12605.59 ms /   122 tokens
llama_perf_context_print:    graphs reused =         34
[Bonsai 27B] 8. long query
Llama.generate: 1149 prefix-match hit, remaining 83 prompt tokens to eval
llama_perf_context_print:        load time =   21196.32 ms
llama_perf_context_print: prompt eval time =    8163.34 ms /    83 tokens (   98.35 ms per token,    10.17 tokens per second)
llama_perf_context_print:        eval time =    4063.40 ms /    35 runs   (  116.10 ms per token,     8.61 tokens per second)
llama_perf_context_print:       total time =   12237.64 ms /   118 tokens
llama_perf_context_print:    graphs reused =         34
[Bonsai 27B] 9. long query
Llama.generate: 1267 prefix-match hit, remaining 84 prompt tokens to eval
llama_perf_context_print:        load time =   21196.32 ms
llama_perf_context_print: prompt eval time =    8208.72 ms /    84 tokens (   97.72 ms per token,    10.23 tokens per second)
llama_perf_context_print:        eval time =    4151.08 ms /    35 runs   (  118.60 ms per token,     8.43 tokens per second)
llama_perf_context_print:       total time =   12370.58 ms /   119 tokens
llama_perf_context_print:    graphs reused =         34
[Bonsai 27B] 10. long query
Llama.generate: 1386 prefix-match hit, remaining 79 prompt tokens to eval
llama_perf_context_print:        load time =   21196.32 ms
llama_perf_context_print: prompt eval time =    7795.85 ms /    79 tokens (   98.68 ms per token,    10.13 tokens per second)
llama_perf_context_print:        eval time =    4131.08 ms /    35 runs   (  118.03 ms per token,     8.47 tokens per second)
llama_perf_context_print:       total time =   11937.78 ms /   114 tokens
llama_perf_context_print:    graphs reused =         34
[Bonsai 27B] 11. long query
Llama.generate: 1500 prefix-match hit, remaining 83 prompt tokens to eval
llama_perf_context_print:        load time =   21196.32 ms
llama_perf_context_print: prompt eval time =    8106.93 ms /    83 tokens (   97.67 ms per token,    10.24 tokens per second)
llama_perf_context_print:        eval time =    4269.18 ms /    35 runs   (  121.98 ms per token,     8.20 tokens per second)
llama_perf_context_print:       total time =   12387.07 ms /   118 tokens
llama_perf_context_print:    graphs reused =         34
[Bonsai 27B] 12. long query
Llama.generate: 1618 prefix-match hit, remaining 87 prompt tokens to eval
llama_perf_context_print:        load time =   21196.32 ms
llama_perf_context_print: prompt eval time =    8592.04 ms /    87 tokens (   98.76 ms per token,    10.13 tokens per second)
llama_perf_context_print:        eval time =    4274.50 ms /    35 runs   (  122.13 ms per token,     8.19 tokens per second)
llama_perf_context_print:       total time =   12877.01 ms /   122 tokens
llama_perf_context_print:    graphs reused =         34
[Bonsai 27B] 13. long query
Llama.generate: 1740 prefix-match hit, remaining 84 prompt tokens to eval
llama_perf_context_print:        load time =   21196.32 ms
llama_perf_context_print: prompt eval time =    8189.34 ms /    84 tokens (   97.49 ms per token,    10.26 tokens per second)
llama_perf_context_print:        eval time =    4283.83 ms /    35 runs   (  122.40 ms per token,     8.17 tokens per second)
llama_perf_context_print:       total time =   12484.08 ms /   119 tokens
llama_perf_context_print:    graphs reused =         34
[Bonsai 27B] 14. long query
Llama.generate: 1859 prefix-match hit, remaining 89 prompt tokens to eval
llama_perf_context_print:        load time =   21196.32 ms
llama_perf_context_print: prompt eval time =    8815.48 ms /    89 tokens (   99.05 ms per token,    10.10 tokens per second)
llama_perf_context_print:        eval time =    4273.47 ms /    35 runs   (  122.10 ms per token,     8.19 tokens per second)
llama_perf_context_print:       total time =   13099.29 ms /   124 tokens
llama_perf_context_print:    graphs reused =         34
[Bonsai 27B] 15. long query
Llama.generate: 1983 prefix-match hit, remaining 90 prompt tokens to eval
llama_perf_context_print:        load time =   21196.32 ms
llama_perf_context_print: prompt eval time =    8841.76 ms /    90 tokens (   98.24 ms per token,    10.18 tokens per second)
llama_perf_context_print:        eval time =    4270.27 ms /    35 runs   (  122.01 ms per token,     8.20 tokens per second)
llama_perf_context_print:       total time =   13122.06 ms /   125 tokens
llama_perf_context_print:    graphs reused =         34
~llama_context:        CPU compute buffer size is 519.0196 MiB, matches expectation of 519.0196 MiB
--- Gemma 4 E2B ---
[Gemma 4 E2B] 0. short query
Llama.generate: 221 prefix-match hit, remaining 19 prompt tokens to eval
llama_perf_context_print:        load time =     760.73 ms
llama_perf_context_print: prompt eval time =      98.46 ms /    19 tokens (    5.18 ms per token,   192.97 tokens per second)
llama_perf_context_print:        eval time =     490.22 ms /    17 runs   (   28.84 ms per token,    34.68 tokens per second)
llama_perf_context_print:       total time =     594.00 ms /    36 tokens
llama_perf_context_print:    graphs reused =         15
[Gemma 4 E2B] 1. short query
Llama.generate: 257 prefix-match hit, remaining 21 prompt tokens to eval
llama_perf_context_print:        load time =     760.73 ms
llama_perf_context_print: prompt eval time =      97.29 ms /    21 tokens (    4.63 ms per token,   215.85 tokens per second)
llama_perf_context_print:        eval time =     523.99 ms /    18 runs   (   29.11 ms per token,    34.35 tokens per second)
llama_perf_context_print:       total time =     626.94 ms /    39 tokens
llama_perf_context_print:    graphs reused =         17
[Gemma 4 E2B] 2. short query
Llama.generate: 296 prefix-match hit, remaining 22 prompt tokens to eval
llama_perf_context_print:        load time =     760.73 ms
llama_perf_context_print: prompt eval time =     105.29 ms /    22 tokens (    4.79 ms per token,   208.95 tokens per second)
llama_perf_context_print:        eval time =     407.84 ms /    14 runs   (   29.13 ms per token,    34.33 tokens per second)
llama_perf_context_print:       total time =     517.69 ms /    36 tokens
llama_perf_context_print:    graphs reused =         13
[Gemma 4 E2B] 3. short query
Llama.generate: 332 prefix-match hit, remaining 23 prompt tokens to eval
llama_perf_context_print:        load time =     760.73 ms
llama_perf_context_print: prompt eval time =     110.72 ms /    23 tokens (    4.81 ms per token,   207.74 tokens per second)
llama_perf_context_print:        eval time =     582.17 ms /    20 runs   (   29.11 ms per token,    34.35 tokens per second)
llama_perf_context_print:       total time =     699.18 ms /    43 tokens
llama_perf_context_print:    graphs reused =         19
[Gemma 4 E2B] 4. short query
Llama.generate: 375 prefix-match hit, remaining 19 prompt tokens to eval
llama_perf_context_print:        load time =     760.73 ms
llama_perf_context_print: prompt eval time =      99.75 ms /    19 tokens (    5.25 ms per token,   190.47 tokens per second)
llama_perf_context_print:        eval time =     437.40 ms /    15 runs   (   29.16 ms per token,    34.29 tokens per second)
llama_perf_context_print:       total time =     542.02 ms /    34 tokens
llama_perf_context_print:    graphs reused =         14
[Gemma 4 E2B] 5. short query
Llama.generate: 409 prefix-match hit, remaining 22 prompt tokens to eval
llama_perf_context_print:        load time =     760.73 ms
llama_perf_context_print: prompt eval time =     109.60 ms /    22 tokens (    4.98 ms per token,   200.73 tokens per second)
llama_perf_context_print:        eval time =     553.35 ms /    19 runs   (   29.12 ms per token,    34.34 tokens per second)
llama_perf_context_print:       total time =     669.05 ms /    41 tokens
llama_perf_context_print:    graphs reused =         18
[Gemma 4 E2B] 6. short query
Llama.generate: 450 prefix-match hit, remaining 23 prompt tokens to eval
llama_perf_context_print:        load time =     760.73 ms
llama_perf_context_print: prompt eval time =     120.50 ms /    23 tokens (    5.24 ms per token,   190.88 tokens per second)
llama_perf_context_print:        eval time =     525.23 ms /    18 runs   (   29.18 ms per token,    34.27 tokens per second)
llama_perf_context_print:       total time =     651.40 ms /    41 tokens
llama_perf_context_print:    graphs reused =         17
[Gemma 4 E2B] 7. short query
Llama.generate: 491 prefix-match hit, remaining 19 prompt tokens to eval
llama_perf_context_print:        load time =     760.73 ms
llama_perf_context_print: prompt eval time =     105.08 ms /    19 tokens (    5.53 ms per token,   180.82 tokens per second)
llama_perf_context_print:        eval time =     502.65 ms /    17 runs   (   29.57 ms per token,    33.82 tokens per second)
llama_perf_context_print:       total time =     613.22 ms /    36 tokens
llama_perf_context_print:    graphs reused =         15
[Gemma 4 E2B] 8. short query
Llama.generate: 527 prefix-match hit, remaining 20 prompt tokens to eval
llama_perf_context_print:        load time =     760.73 ms
llama_perf_context_print: prompt eval time =     101.34 ms /    20 tokens (    5.07 ms per token,   197.36 tokens per second)
llama_perf_context_print:        eval time =     444.51 ms /    15 runs   (   29.63 ms per token,    33.74 tokens per second)
llama_perf_context_print:       total time =     550.71 ms /    35 tokens
llama_perf_context_print:    graphs reused =         14
[Gemma 4 E2B] 9. short query
Llama.generate: 562 prefix-match hit, remaining 20 prompt tokens to eval
llama_perf_context_print:        load time =     760.73 ms
llama_perf_context_print: prompt eval time =     104.09 ms /    20 tokens (    5.20 ms per token,   192.14 tokens per second)
llama_perf_context_print:        eval time =     562.64 ms /    19 runs   (   29.61 ms per token,    33.77 tokens per second)
llama_perf_context_print:       total time =     672.86 ms /    39 tokens
llama_perf_context_print:    graphs reused =         18
[Gemma 4 E2B] 10. short query
Llama.generate: 601 prefix-match hit, remaining 25 prompt tokens to eval
llama_perf_context_print:        load time =     760.73 ms
llama_perf_context_print: prompt eval time =     132.17 ms /    25 tokens (    5.29 ms per token,   189.15 tokens per second)
llama_perf_context_print:        eval time =     474.30 ms /    16 runs   (   29.64 ms per token,    33.73 tokens per second)
llama_perf_context_print:       total time =     611.67 ms /    41 tokens
llama_perf_context_print:    graphs reused =         15
[Gemma 4 E2B] 11. short query
Llama.generate: 642 prefix-match hit, remaining 20 prompt tokens to eval
llama_perf_context_print:        load time =     760.73 ms
llama_perf_context_print: prompt eval time =     105.10 ms /    20 tokens (    5.25 ms per token,   190.30 tokens per second)
llama_perf_context_print:        eval time =     444.82 ms /    15 runs   (   29.65 ms per token,    33.72 tokens per second)
llama_perf_context_print:       total time =     554.90 ms /    35 tokens
llama_perf_context_print:    graphs reused =         14
[Gemma 4 E2B] 12. short query
Llama.generate: 677 prefix-match hit, remaining 21 prompt tokens to eval
llama_perf_context_print:        load time =     760.73 ms
llama_perf_context_print: prompt eval time =     110.39 ms /    21 tokens (    5.26 ms per token,   190.24 tokens per second)
llama_perf_context_print:        eval time =     503.78 ms /    17 runs   (   29.63 ms per token,    33.74 tokens per second)
llama_perf_context_print:       total time =     619.64 ms /    38 tokens
llama_perf_context_print:    graphs reused =         16
[Gemma 4 E2B] 13. short query
Llama.generate: 715 prefix-match hit, remaining 22 prompt tokens to eval
llama_perf_context_print:        load time =     760.73 ms
llama_perf_context_print: prompt eval time =     118.52 ms /    22 tokens (    5.39 ms per token,   185.62 tokens per second)
llama_perf_context_print:        eval time =     415.70 ms /    14 runs   (   29.69 ms per token,    33.68 tokens per second)
llama_perf_context_print:       total time =     538.91 ms /    36 tokens
llama_perf_context_print:    graphs reused =         13
[Gemma 4 E2B] 14. short query
Llama.generate: 751 prefix-match hit, remaining 21 prompt tokens to eval
llama_perf_context_print:        load time =     760.73 ms
llama_perf_context_print: prompt eval time =     111.93 ms /    21 tokens (    5.33 ms per token,   187.62 tokens per second)
llama_perf_context_print:        eval time =     482.34 ms /    16 runs   (   30.15 ms per token,    33.17 tokens per second)
llama_perf_context_print:       total time =     599.57 ms /    37 tokens
llama_perf_context_print:    graphs reused =         15
[Gemma 4 E2B] 15. short query
Llama.generate: 788 prefix-match hit, remaining 20 prompt tokens to eval
llama_perf_context_print:        load time =     760.73 ms
llama_perf_context_print: prompt eval time =     106.15 ms /    20 tokens (    5.31 ms per token,   188.41 tokens per second)
llama_perf_context_print:        eval time =     482.54 ms /    16 runs   (   30.16 ms per token,    33.16 tokens per second)
llama_perf_context_print:       total time =     593.93 ms /    36 tokens
llama_perf_context_print:    graphs reused =         15
[Gemma 4 E2B] 0. long query
Llama.generate: 221 prefix-match hit, remaining 76 prompt tokens to eval
llama_perf_context_print:        load time =     760.73 ms
llama_perf_context_print: prompt eval time =     329.28 ms /    76 tokens (    4.33 ms per token,   230.80 tokens per second)
llama_perf_context_print:        eval time =     581.44 ms /    20 runs   (   29.07 ms per token,    34.40 tokens per second)
llama_perf_context_print:       total time =     917.22 ms /    96 tokens
llama_perf_context_print:    graphs reused =         19
[Gemma 4 E2B] 1. long query
Llama.generate: 317 prefix-match hit, remaining 72 prompt tokens to eval
llama_perf_context_print:        load time =     760.73 ms
llama_perf_context_print: prompt eval time =     326.96 ms /    72 tokens (    4.54 ms per token,   220.21 tokens per second)
llama_perf_context_print:        eval time =     552.43 ms /    19 runs   (   29.08 ms per token,    34.39 tokens per second)
llama_perf_context_print:       total time =     885.41 ms /    91 tokens
llama_perf_context_print:    graphs reused =         18
[Gemma 4 E2B] 2. long query
Llama.generate: 408 prefix-match hit, remaining 73 prompt tokens to eval
llama_perf_context_print:        load time =     760.73 ms
llama_perf_context_print: prompt eval time =     357.10 ms /    73 tokens (    4.89 ms per token,   204.43 tokens per second)
llama_perf_context_print:        eval time =     465.52 ms /    16 runs   (   29.09 ms per token,    34.37 tokens per second)
llama_perf_context_print:       total time =     827.84 ms /    89 tokens
llama_perf_context_print:    graphs reused =         15
[Gemma 4 E2B] 3. long query
Llama.generate: 497 prefix-match hit, remaining 79 prompt tokens to eval
llama_perf_context_print:        load time =     760.73 ms
llama_perf_context_print: prompt eval time =     404.17 ms /    79 tokens (    5.12 ms per token,   195.46 tokens per second)
llama_perf_context_print:        eval time =     502.83 ms /    17 runs   (   29.58 ms per token,    33.81 tokens per second)
llama_perf_context_print:       total time =     912.44 ms /    96 tokens
llama_perf_context_print:    graphs reused =         16
[Gemma 4 E2B] 4. long query
Llama.generate: 593 prefix-match hit, remaining 82 prompt tokens to eval
llama_perf_context_print:        load time =     760.73 ms
llama_perf_context_print: prompt eval time =     411.79 ms /    82 tokens (    5.02 ms per token,   199.13 tokens per second)
llama_perf_context_print:        eval time =     591.95 ms /    20 runs   (   29.60 ms per token,    33.79 tokens per second)
llama_perf_context_print:       total time =    1010.19 ms /   102 tokens
llama_perf_context_print:    graphs reused =         19
[Gemma 4 E2B] 5. long query
Llama.generate: 695 prefix-match hit, remaining 84 prompt tokens to eval
llama_perf_context_print:        load time =     760.73 ms
llama_perf_context_print: prompt eval time =     402.07 ms /    84 tokens (    4.79 ms per token,   208.92 tokens per second)
llama_perf_context_print:        eval time =     601.77 ms /    20 runs   (   30.09 ms per token,    33.24 tokens per second)
llama_perf_context_print:       total time =    1010.23 ms /   104 tokens
llama_perf_context_print:    graphs reused =         19
[Gemma 4 E2B] 6. long query
Llama.generate: 799 prefix-match hit, remaining 77 prompt tokens to eval
llama_perf_context_print:        load time =     760.73 ms
llama_perf_context_print: prompt eval time =     421.05 ms /    77 tokens (    5.47 ms per token,   182.87 tokens per second)
llama_perf_context_print:        eval time =     542.70 ms /    18 runs   (   30.15 ms per token,    33.17 tokens per second)
llama_perf_context_print:       total time =     969.64 ms /    95 tokens
llama_perf_context_print:    graphs reused =         17
[Gemma 4 E2B] 7. long query
Llama.generate: 894 prefix-match hit, remaining 82 prompt tokens to eval
llama_perf_context_print:        load time =     760.73 ms
llama_perf_context_print: prompt eval time =     431.69 ms /    82 tokens (    5.26 ms per token,   189.95 tokens per second)
llama_perf_context_print:        eval time =     482.27 ms /    16 runs   (   30.14 ms per token,    33.18 tokens per second)
llama_perf_context_print:       total time =     919.19 ms /    98 tokens
llama_perf_context_print:    graphs reused =         15
[Gemma 4 E2B] 8. long query
Llama.generate: 992 prefix-match hit, remaining 77 prompt tokens to eval
llama_perf_context_print:        load time =     760.73 ms
llama_perf_context_print: prompt eval time =     434.66 ms /    77 tokens (    5.64 ms per token,   177.15 tokens per second)
llama_perf_context_print:        eval time =     490.30 ms /    16 runs   (   30.64 ms per token,    32.63 tokens per second)
llama_perf_context_print:       total time =     930.24 ms /    93 tokens
llama_perf_context_print:    graphs reused =         15
[Gemma 4 E2B] 9. long query
Llama.generate: 1085 prefix-match hit, remaining 79 prompt tokens to eval
llama_perf_context_print:        load time =     760.73 ms
llama_perf_context_print: prompt eval time =     445.92 ms /    79 tokens (    5.64 ms per token,   177.16 tokens per second)
llama_perf_context_print:        eval time =     552.48 ms /    18 runs   (   30.69 ms per token,    32.58 tokens per second)
llama_perf_context_print:       total time =    1004.27 ms /    97 tokens
llama_perf_context_print:    graphs reused =         17
[Gemma 4 E2B] 10. long query
Llama.generate: 1182 prefix-match hit, remaining 75 prompt tokens to eval
llama_perf_context_print:        load time =     760.73 ms
llama_perf_context_print: prompt eval time =     440.57 ms /    75 tokens (    5.87 ms per token,   170.23 tokens per second)
llama_perf_context_print:        eval time =     491.15 ms /    16 runs   (   30.70 ms per token,    32.58 tokens per second)
llama_perf_context_print:       total time =     937.06 ms /    91 tokens
llama_perf_context_print:    graphs reused =         15
[Gemma 4 E2B] 11. long query
Llama.generate: 1273 prefix-match hit, remaining 80 prompt tokens to eval
llama_perf_context_print:        load time =     760.73 ms
llama_perf_context_print: prompt eval time =     444.36 ms /    80 tokens (    5.55 ms per token,   180.03 tokens per second)
llama_perf_context_print:        eval time =     499.87 ms /    16 runs   (   31.24 ms per token,    32.01 tokens per second)
llama_perf_context_print:       total time =     949.50 ms /    96 tokens
llama_perf_context_print:    graphs reused =         15
[Gemma 4 E2B] 12. long query
Llama.generate: 1369 prefix-match hit, remaining 82 prompt tokens to eval
llama_perf_context_print:        load time =     760.73 ms
llama_perf_context_print: prompt eval time =     456.68 ms /    82 tokens (    5.57 ms per token,   179.56 tokens per second)
llama_perf_context_print:        eval time =     468.80 ms /    15 runs   (   31.25 ms per token,    32.00 tokens per second)
llama_perf_context_print:       total time =     930.56 ms /    97 tokens
llama_perf_context_print:    graphs reused =         14
[Gemma 4 E2B] 13. long query
Llama.generate: 1466 prefix-match hit, remaining 75 prompt tokens to eval
llama_perf_context_print:        load time =     760.73 ms
llama_perf_context_print: prompt eval time =     465.73 ms /    75 tokens (    6.21 ms per token,   161.04 tokens per second)
llama_perf_context_print:        eval time =     380.94 ms /    12 runs   (   31.75 ms per token,    31.50 tokens per second)
llama_perf_context_print:       total time =     850.79 ms /    87 tokens
llama_perf_context_print:    graphs reused =         11
[Gemma 4 E2B] 14. long query
Llama.generate: 1553 prefix-match hit, remaining 84 prompt tokens to eval
llama_perf_context_print:        load time =     760.73 ms
llama_perf_context_print: prompt eval time =     457.32 ms /    84 tokens (    5.44 ms per token,   183.68 tokens per second)
llama_perf_context_print:        eval time =     573.61 ms /    18 runs   (   31.87 ms per token,    31.38 tokens per second)
llama_perf_context_print:       total time =    1037.00 ms /   102 tokens
llama_perf_context_print:    graphs reused =         17
[Gemma 4 E2B] 15. long query
Llama.generate: 1655 prefix-match hit, remaining 86 prompt tokens to eval
llama_perf_context_print:        load time =     760.73 ms
llama_perf_context_print: prompt eval time =     502.03 ms /    86 tokens (    5.84 ms per token,   171.30 tokens per second)
llama_perf_context_print:        eval time =     599.88 ms /    19 runs   (   31.57 ms per token,    31.67 tokens per second)
llama_perf_context_print:       total time =    1108.46 ms /   105 tokens
llama_perf_context_print:    graphs reused =         18
~llama_context:        CPU compute buffer size is 521.0020 MiB, matches expectation of 521.0020 MiB
--- nvidia Nemotron3 Nano 4B ---
[nvidia Nemotron3 Nano 4B] 0. short query
Llama.generate: 214 prefix-match hit, remaining 23 prompt tokens to eval
llama_perf_context_print:        load time =    1706.91 ms
llama_perf_context_print: prompt eval time =     234.71 ms /    23 tokens (   10.20 ms per token,    97.99 tokens per second)
llama_perf_context_print:        eval time =     548.61 ms /    11 runs   (   49.87 ms per token,    20.05 tokens per second)
llama_perf_context_print:       total time =     785.54 ms /    34 tokens
llama_perf_context_print:    graphs reused =         10
[nvidia Nemotron3 Nano 4B] 1. short query
Llama.generate: 248 prefix-match hit, remaining 24 prompt tokens to eval
llama_perf_context_print:        load time =    1706.91 ms
llama_perf_context_print: prompt eval time =     235.11 ms /    24 tokens (    9.80 ms per token,   102.08 tokens per second)
llama_perf_context_print:        eval time =     855.47 ms /    17 runs   (   50.32 ms per token,    19.87 tokens per second)
llama_perf_context_print:       total time =    1093.80 ms /    41 tokens
llama_perf_context_print:    graphs reused =         16
[nvidia Nemotron3 Nano 4B] 2. short query
Llama.generate: 289 prefix-match hit, remaining 26 prompt tokens to eval
llama_perf_context_print:        load time =    1706.91 ms
llama_perf_context_print: prompt eval time =     258.77 ms /    26 tokens (    9.95 ms per token,   100.48 tokens per second)
llama_perf_context_print:        eval time =     399.85 ms /     8 runs   (   49.98 ms per token,    20.01 tokens per second)
llama_perf_context_print:       total time =     660.32 ms /    34 tokens
llama_perf_context_print:    graphs reused =          7
[nvidia Nemotron3 Nano 4B] 3. short query
Llama.generate: 323 prefix-match hit, remaining 28 prompt tokens to eval
llama_perf_context_print:        load time =    1706.91 ms
llama_perf_context_print: prompt eval time =     270.81 ms /    28 tokens (    9.67 ms per token,   103.39 tokens per second)
llama_perf_context_print:        eval time =     552.02 ms /    11 runs   (   50.18 ms per token,    19.93 tokens per second)
llama_perf_context_print:       total time =     825.05 ms /    39 tokens
llama_perf_context_print:    graphs reused =         10
[nvidia Nemotron3 Nano 4B] 4. short query
Llama.generate: 362 prefix-match hit, remaining 22 prompt tokens to eval
llama_perf_context_print:        load time =    1706.91 ms
llama_perf_context_print: prompt eval time =     222.77 ms /    22 tokens (   10.13 ms per token,    98.76 tokens per second)
llama_perf_context_print:        eval time =     250.48 ms /     5 runs   (   50.10 ms per token,    19.96 tokens per second)
llama_perf_context_print:       total time =     474.42 ms /    27 tokens
llama_perf_context_print:    graphs reused =          4
[nvidia Nemotron3 Nano 4B] 5. short query
Llama.generate: 389 prefix-match hit, remaining 25 prompt tokens to eval
llama_perf_context_print:        load time =    1706.91 ms
llama_perf_context_print: prompt eval time =     254.30 ms /    25 tokens (   10.17 ms per token,    98.31 tokens per second)
llama_perf_context_print:        eval time =     451.47 ms /     9 runs   (   50.16 ms per token,    19.93 tokens per second)
llama_perf_context_print:       total time =     707.67 ms /    34 tokens
llama_perf_context_print:    graphs reused =          8
[nvidia Nemotron3 Nano 4B] 6. short query
Llama.generate: 423 prefix-match hit, remaining 27 prompt tokens to eval
llama_perf_context_print:        load time =    1706.91 ms
llama_perf_context_print: prompt eval time =     269.19 ms /    27 tokens (    9.97 ms per token,   100.30 tokens per second)
llama_perf_context_print:        eval time =     400.52 ms /     8 runs   (   50.07 ms per token,    19.97 tokens per second)
llama_perf_context_print:       total time =     671.41 ms /    35 tokens
llama_perf_context_print:    graphs reused =          7
[nvidia Nemotron3 Nano 4B] 7. short query
Llama.generate: 458 prefix-match hit, remaining 23 prompt tokens to eval
llama_perf_context_print:        load time =    1706.91 ms
llama_perf_context_print: prompt eval time =     235.21 ms /    23 tokens (   10.23 ms per token,    97.78 tokens per second)
llama_perf_context_print:        eval time =     653.46 ms /    13 runs   (   50.27 ms per token,    19.89 tokens per second)
llama_perf_context_print:       total time =     891.24 ms /    36 tokens
llama_perf_context_print:    graphs reused =         12
[nvidia Nemotron3 Nano 4B] 8. short query
Llama.generate: 494 prefix-match hit, remaining 23 prompt tokens to eval
llama_perf_context_print:        load time =    1706.91 ms
llama_perf_context_print: prompt eval time =     235.37 ms /    23 tokens (   10.23 ms per token,    97.72 tokens per second)
llama_perf_context_print:        eval time =     452.91 ms /     9 runs   (   50.32 ms per token,    19.87 tokens per second)
llama_perf_context_print:       total time =     690.14 ms /    32 tokens
llama_perf_context_print:    graphs reused =          8
[nvidia Nemotron3 Nano 4B] 9. short query
Llama.generate: 526 prefix-match hit, remaining 23 prompt tokens to eval
llama_perf_context_print:        load time =    1706.91 ms
llama_perf_context_print: prompt eval time =     236.77 ms /    23 tokens (   10.29 ms per token,    97.14 tokens per second)
llama_perf_context_print:        eval time =     353.79 ms /     7 runs   (   50.54 ms per token,    19.79 tokens per second)
llama_perf_context_print:       total time =     592.08 ms /    30 tokens
llama_perf_context_print:    graphs reused =          6
[nvidia Nemotron3 Nano 4B] 10. short query
Llama.generate: 556 prefix-match hit, remaining 28 prompt tokens to eval
llama_perf_context_print:        load time =    1706.91 ms
llama_perf_context_print: prompt eval time =     274.97 ms /    28 tokens (    9.82 ms per token,   101.83 tokens per second)
llama_perf_context_print:        eval time =     301.69 ms /     6 runs   (   50.28 ms per token,    19.89 tokens per second)
llama_perf_context_print:       total time =     578.03 ms /    34 tokens
llama_perf_context_print:    graphs reused =          5
[nvidia Nemotron3 Nano 4B] 11. short query
Llama.generate: 590 prefix-match hit, remaining 23 prompt tokens to eval
llama_perf_context_print:        load time =    1706.91 ms
llama_perf_context_print: prompt eval time =     237.36 ms /    23 tokens (   10.32 ms per token,    96.90 tokens per second)
llama_perf_context_print:        eval time =     454.40 ms /     9 runs   (   50.49 ms per token,    19.81 tokens per second)
llama_perf_context_print:       total time =     693.65 ms /    32 tokens
llama_perf_context_print:    graphs reused =          8
[nvidia Nemotron3 Nano 4B] 12. short query
Llama.generate: 622 prefix-match hit, remaining 24 prompt tokens to eval
llama_perf_context_print:        load time =    1706.91 ms
llama_perf_context_print: prompt eval time =     239.64 ms /    24 tokens (    9.99 ms per token,   100.15 tokens per second)
llama_perf_context_print:        eval time =     403.00 ms /     8 runs   (   50.38 ms per token,    19.85 tokens per second)
llama_perf_context_print:       total time =     644.36 ms /    32 tokens
llama_perf_context_print:    graphs reused =          7
[nvidia Nemotron3 Nano 4B] 13. short query
Llama.generate: 654 prefix-match hit, remaining 25 prompt tokens to eval
llama_perf_context_print:        load time =    1706.91 ms
llama_perf_context_print: prompt eval time =     258.80 ms /    25 tokens (   10.35 ms per token,    96.60 tokens per second)
llama_perf_context_print:        eval time =     301.54 ms /     6 runs   (   50.26 ms per token,    19.90 tokens per second)
llama_perf_context_print:       total time =     561.71 ms /    31 tokens
llama_perf_context_print:    graphs reused =          5
[nvidia Nemotron3 Nano 4B] 14. short query
Llama.generate: 685 prefix-match hit, remaining 25 prompt tokens to eval
llama_perf_context_print:        load time =    1706.91 ms
llama_perf_context_print: prompt eval time =     259.84 ms /    25 tokens (   10.39 ms per token,    96.21 tokens per second)
llama_perf_context_print:        eval time =     351.46 ms /     7 runs   (   50.21 ms per token,    19.92 tokens per second)
llama_perf_context_print:       total time =     612.87 ms /    32 tokens
llama_perf_context_print:    graphs reused =          6
[nvidia Nemotron3 Nano 4B] 15. short query
Llama.generate: 717 prefix-match hit, remaining 23 prompt tokens to eval
llama_perf_context_print:        load time =    1706.91 ms
llama_perf_context_print: prompt eval time =     238.63 ms /    23 tokens (   10.38 ms per token,    96.38 tokens per second)
llama_perf_context_print:        eval time =     454.32 ms /     9 runs   (   50.48 ms per token,    19.81 tokens per second)
llama_perf_context_print:       total time =     694.80 ms /    32 tokens
llama_perf_context_print:    graphs reused =          8
[nvidia Nemotron3 Nano 4B] 0. long query
Llama.generate: 214 prefix-match hit, remaining 80 prompt tokens to eval
llama_perf_context_print:        load time =    1706.91 ms
llama_perf_context_print: prompt eval time =     639.59 ms /    80 tokens (    7.99 ms per token,   125.08 tokens per second)
llama_perf_context_print:        eval time =    1457.29 ms /    29 runs   (   50.25 ms per token,    19.90 tokens per second)
llama_perf_context_print:       total time =    2102.36 ms /   109 tokens
llama_perf_context_print:    graphs reused =         28
[nvidia Nemotron3 Nano 4B] 1. long query
Llama.generate: 323 prefix-match hit, remaining 78 prompt tokens to eval
llama_perf_context_print:        load time =    1706.91 ms
llama_perf_context_print: prompt eval time =     673.09 ms /    78 tokens (    8.63 ms per token,   115.88 tokens per second)
llama_perf_context_print:        eval time =    1152.85 ms /    23 runs   (   50.12 ms per token,    19.95 tokens per second)
llama_perf_context_print:       total time =    1830.35 ms /   101 tokens
llama_perf_context_print:    graphs reused =         22
[nvidia Nemotron3 Nano 4B] 2. long query
Llama.generate: 424 prefix-match hit, remaining 78 prompt tokens to eval
llama_perf_context_print:        load time =    1706.91 ms
llama_perf_context_print: prompt eval time =     669.11 ms /    78 tokens (    8.58 ms per token,   116.57 tokens per second)
llama_perf_context_print:        eval time =    1460.64 ms /    29 runs   (   50.37 ms per token,    19.85 tokens per second)
llama_perf_context_print:       total time =    2135.29 ms /   107 tokens
llama_perf_context_print:    graphs reused =         27
[nvidia Nemotron3 Nano 4B] 3. long query
Llama.generate: 531 prefix-match hit, remaining 83 prompt tokens to eval
llama_perf_context_print:        load time =    1706.91 ms
llama_perf_context_print: prompt eval time =     705.61 ms /    83 tokens (    8.50 ms per token,   117.63 tokens per second)
llama_perf_context_print:        eval time =    1415.52 ms /    28 runs   (   50.55 ms per token,    19.78 tokens per second)
llama_perf_context_print:       total time =    2126.36 ms /   111 tokens
llama_perf_context_print:    graphs reused =         27
[nvidia Nemotron3 Nano 4B] 4. long query
Llama.generate: 642 prefix-match hit, remaining 87 prompt tokens to eval
llama_perf_context_print:        load time =    1706.91 ms
llama_perf_context_print: prompt eval time =     734.02 ms /    87 tokens (    8.44 ms per token,   118.52 tokens per second)
llama_perf_context_print:        eval time =    1615.66 ms /    32 runs   (   50.49 ms per token,    19.81 tokens per second)
llama_perf_context_print:       total time =    2355.87 ms /   119 tokens
llama_perf_context_print:    graphs reused =         31
[nvidia Nemotron3 Nano 4B] 5. long query
Llama.generate: 761 prefix-match hit, remaining 92 prompt tokens to eval
llama_perf_context_print:        load time =    1706.91 ms
llama_perf_context_print: prompt eval time =     758.35 ms /    92 tokens (    8.24 ms per token,   121.32 tokens per second)
llama_perf_context_print:        eval time =    1475.41 ms /    29 runs   (   50.88 ms per token,    19.66 tokens per second)
llama_perf_context_print:       total time =    2239.45 ms /   121 tokens
llama_perf_context_print:    graphs reused =         28
[nvidia Nemotron3 Nano 4B] 6. long query
Llama.generate: 882 prefix-match hit, remaining 85 prompt tokens to eval
llama_perf_context_print:        load time =    1706.91 ms
llama_perf_context_print: prompt eval time =     730.70 ms /    85 tokens (    8.60 ms per token,   116.33 tokens per second)
llama_perf_context_print:        eval time =    1517.55 ms /    30 runs   (   50.59 ms per token,    19.77 tokens per second)
llama_perf_context_print:       total time =    2254.25 ms /   115 tokens
llama_perf_context_print:    graphs reused =         29
[nvidia Nemotron3 Nano 4B] 7. long query
Llama.generate: 997 prefix-match hit, remaining 86 prompt tokens to eval
llama_perf_context_print:        load time =    1706.91 ms
llama_perf_context_print: prompt eval time =     735.32 ms /    86 tokens (    8.55 ms per token,   116.96 tokens per second)
llama_perf_context_print:        eval time =    1579.34 ms /    31 runs   (   50.95 ms per token,    19.63 tokens per second)
llama_perf_context_print:       total time =    2320.71 ms /   117 tokens
llama_perf_context_print:    graphs reused =         30
[nvidia Nemotron3 Nano 4B] 8. long query
Llama.generate: 1114 prefix-match hit, remaining 83 prompt tokens to eval
llama_perf_context_print:        load time =    1706.91 ms
llama_perf_context_print: prompt eval time =     714.29 ms /    83 tokens (    8.61 ms per token,   116.20 tokens per second)
llama_perf_context_print:        eval time =    1629.75 ms /    32 runs   (   50.93 ms per token,    19.63 tokens per second)
llama_perf_context_print:       total time =    2350.24 ms /   115 tokens
llama_perf_context_print:    graphs reused =         31
[nvidia Nemotron3 Nano 4B] 9. long query
Llama.generate: 1229 prefix-match hit, remaining 86 prompt tokens to eval
llama_perf_context_print:        load time =    1706.91 ms
llama_perf_context_print: prompt eval time =     735.97 ms /    86 tokens (    8.56 ms per token,   116.85 tokens per second)
llama_perf_context_print:        eval time =    1484.57 ms /    29 runs   (   51.19 ms per token,    19.53 tokens per second)
llama_perf_context_print:       total time =    2226.22 ms /   115 tokens
llama_perf_context_print:    graphs reused =         28
[nvidia Nemotron3 Nano 4B] 10. long query
Llama.generate: 1344 prefix-match hit, remaining 79 prompt tokens to eval
llama_perf_context_print:        load time =    1706.91 ms
llama_perf_context_print: prompt eval time =     708.12 ms /    79 tokens (    8.96 ms per token,   111.56 tokens per second)
llama_perf_context_print:        eval time =    1436.37 ms /    28 runs   (   51.30 ms per token,    19.49 tokens per second)
llama_perf_context_print:       total time =    2150.11 ms /   107 tokens
llama_perf_context_print:    graphs reused =         27
[nvidia Nemotron3 Nano 4B] 11. long query
Llama.generate: 1451 prefix-match hit, remaining 84 prompt tokens to eval
llama_perf_context_print:        load time =    1706.91 ms
llama_perf_context_print: prompt eval time =     709.90 ms /    84 tokens (    8.45 ms per token,   118.33 tokens per second)
llama_perf_context_print:        eval time =    1528.59 ms /    29 runs   (   52.71 ms per token,    18.97 tokens per second)
llama_perf_context_print:       total time =    2244.78 ms /   113 tokens
llama_perf_context_print:    graphs reused =         27
[nvidia Nemotron3 Nano 4B] 12. long query
Llama.generate: 1564 prefix-match hit, remaining 89 prompt tokens to eval
llama_perf_context_print:        load time =    1706.91 ms
llama_perf_context_print: prompt eval time =     880.17 ms /    89 tokens (    9.89 ms per token,   101.12 tokens per second)
llama_perf_context_print:        eval time =    1601.28 ms /    31 runs   (   51.65 ms per token,    19.36 tokens per second)
llama_perf_context_print:       total time =    2487.65 ms /   120 tokens
llama_perf_context_print:    graphs reused =         30
[nvidia Nemotron3 Nano 4B] 13. long query
Llama.generate: 1684 prefix-match hit, remaining 83 prompt tokens to eval
llama_perf_context_print:        load time =    1706.91 ms
llama_perf_context_print: prompt eval time =     721.59 ms /    83 tokens (    8.69 ms per token,   115.02 tokens per second)
llama_perf_context_print:        eval time =    1441.89 ms /    28 runs   (   51.50 ms per token,    19.42 tokens per second)
llama_perf_context_print:       total time =    2169.07 ms /   111 tokens
llama_perf_context_print:    graphs reused =         26
[nvidia Nemotron3 Nano 4B] 14. long query
Llama.generate: 1795 prefix-match hit, remaining 88 prompt tokens to eval
llama_perf_context_print:        load time =    1706.91 ms
llama_perf_context_print: prompt eval time =     754.18 ms /    88 tokens (    8.57 ms per token,   116.68 tokens per second)
llama_perf_context_print:        eval time =    1600.32 ms /    31 runs   (   51.62 ms per token,    19.37 tokens per second)
llama_perf_context_print:       total time =    2360.65 ms /   119 tokens
llama_perf_context_print:    graphs reused =         30
[nvidia Nemotron3 Nano 4B] 15. long query
Llama.generate: 1914 prefix-match hit, remaining 90 prompt tokens to eval
llama_perf_context_print:        load time =    1706.91 ms
llama_perf_context_print: prompt eval time =     781.08 ms /    90 tokens (    8.68 ms per token,   115.22 tokens per second)
llama_perf_context_print:        eval time =    1450.35 ms /    28 runs   (   51.80 ms per token,    19.31 tokens per second)
llama_perf_context_print:       total time =    2237.01 ms /   118 tokens
llama_perf_context_print:    graphs reused =         27
~llama_context:        CPU compute buffer size is 278.3867 MiB, matches expectation of 278.3867 MiB
--- Qwen3.5 4B ---
[Qwen3.5 4B] 0. short query
Llama.generate: 211 prefix-match hit, remaining 24 prompt tokens to eval
llama_perf_context_print:        load time =    1555.93 ms
llama_perf_context_print: prompt eval time =     204.17 ms /    24 tokens (    8.51 ms per token,   117.55 tokens per second)
llama_perf_context_print:        eval time =    1333.63 ms /    26 runs   (   51.29 ms per token,    19.50 tokens per second)
llama_perf_context_print:       total time =    1545.78 ms /    50 tokens
llama_perf_context_print:    graphs reused =         24
[Qwen3.5 4B] 1. short query
Llama.generate: 261 prefix-match hit, remaining 25 prompt tokens to eval
llama_perf_context_print:        load time =    1555.93 ms
llama_perf_context_print: prompt eval time =     211.87 ms /    25 tokens (    8.47 ms per token,   118.00 tokens per second)
llama_perf_context_print:        eval time =    1079.02 ms /    21 runs   (   51.38 ms per token,    19.46 tokens per second)
llama_perf_context_print:       total time =    1297.15 ms /    46 tokens
llama_perf_context_print:    graphs reused =         20
[Qwen3.5 4B] 2. short query
Llama.generate: 307 prefix-match hit, remaining 26 prompt tokens to eval
llama_perf_context_print:        load time =    1555.93 ms
llama_perf_context_print: prompt eval time =     224.49 ms /    26 tokens (    8.63 ms per token,   115.82 tokens per second)
llama_perf_context_print:        eval time =    1182.81 ms /    23 runs   (   51.43 ms per token,    19.45 tokens per second)
llama_perf_context_print:       total time =    1414.38 ms /    49 tokens
llama_perf_context_print:    graphs reused =         22
[Qwen3.5 4B] 3. short query
Llama.generate: 356 prefix-match hit, remaining 27 prompt tokens to eval
llama_perf_context_print:        load time =    1555.93 ms
llama_perf_context_print: prompt eval time =     233.58 ms /    27 tokens (    8.65 ms per token,   115.59 tokens per second)
llama_perf_context_print:        eval time =    1745.63 ms /    34 runs   (   51.34 ms per token,    19.48 tokens per second)
llama_perf_context_print:       total time =    1989.43 ms /    61 tokens
llama_perf_context_print:    graphs reused =         33
[Qwen3.5 4B] 4. short query
Llama.generate: 417 prefix-match hit, remaining 23 prompt tokens to eval
llama_perf_context_print:        load time =    1555.93 ms
llama_perf_context_print: prompt eval time =     201.68 ms /    23 tokens (    8.77 ms per token,   114.04 tokens per second)
llama_perf_context_print:        eval time =    1029.14 ms /    20 runs   (   51.46 ms per token,    19.43 tokens per second)
llama_perf_context_print:       total time =    1237.03 ms /    43 tokens
llama_perf_context_print:    graphs reused =         19
[Qwen3.5 4B] 5. short query
Llama.generate: 460 prefix-match hit, remaining 26 prompt tokens to eval
llama_perf_context_print:        load time =    1555.93 ms
llama_perf_context_print: prompt eval time =     224.68 ms /    26 tokens (    8.64 ms per token,   115.72 tokens per second)
llama_perf_context_print:        eval time =    1698.19 ms /    33 runs   (   51.46 ms per token,    19.43 tokens per second)
llama_perf_context_print:       total time =    1932.86 ms /    59 tokens
llama_perf_context_print:    graphs reused =         31
[Qwen3.5 4B] 6. short query
Llama.generate: 519 prefix-match hit, remaining 28 prompt tokens to eval
llama_perf_context_print:        load time =    1555.93 ms
llama_perf_context_print: prompt eval time =     236.91 ms /    28 tokens (    8.46 ms per token,   118.19 tokens per second)
llama_perf_context_print:        eval time =    1703.65 ms /    33 runs   (   51.63 ms per token,    19.37 tokens per second)
llama_perf_context_print:       total time =    1950.08 ms /    61 tokens
llama_perf_context_print:    graphs reused =         32
[Qwen3.5 4B] 7. short query
Llama.generate: 580 prefix-match hit, remaining 23 prompt tokens to eval
llama_perf_context_print:        load time =    1555.93 ms
llama_perf_context_print: prompt eval time =     204.30 ms /    23 tokens (    8.88 ms per token,   112.58 tokens per second)
llama_perf_context_print:        eval time =    1187.69 ms /    23 runs   (   51.64 ms per token,    19.37 tokens per second)
llama_perf_context_print:       total time =    1398.91 ms /    46 tokens
llama_perf_context_print:    graphs reused =         22
[Qwen3.5 4B] 8. short query
Llama.generate: 626 prefix-match hit, remaining 24 prompt tokens to eval
llama_perf_context_print:        load time =    1555.93 ms
llama_perf_context_print: prompt eval time =     209.50 ms /    24 tokens (    8.73 ms per token,   114.56 tokens per second)
llama_perf_context_print:        eval time =    1344.50 ms /    26 runs   (   51.71 ms per token,    19.34 tokens per second)
llama_perf_context_print:       total time =    1561.56 ms /    50 tokens
llama_perf_context_print:    graphs reused =         25
[Qwen3.5 4B] 9. short query
Llama.generate: 676 prefix-match hit, remaining 24 prompt tokens to eval
llama_perf_context_print:        load time =    1555.93 ms
llama_perf_context_print: prompt eval time =     209.64 ms /    24 tokens (    8.73 ms per token,   114.48 tokens per second)
llama_perf_context_print:        eval time =    1189.08 ms /    23 runs   (   51.70 ms per token,    19.34 tokens per second)
llama_perf_context_print:       total time =    1405.60 ms /    47 tokens
llama_perf_context_print:    graphs reused =         22
[Qwen3.5 4B] 10. short query
Llama.generate: 723 prefix-match hit, remaining 29 prompt tokens to eval
llama_perf_context_print:        load time =    1555.93 ms
llama_perf_context_print: prompt eval time =     249.91 ms /    29 tokens (    8.62 ms per token,   116.04 tokens per second)
llama_perf_context_print:        eval time =    1658.39 ms /    32 runs   (   51.82 ms per token,    19.30 tokens per second)
llama_perf_context_print:       total time =    1917.59 ms /    61 tokens
llama_perf_context_print:    graphs reused =         30
[Qwen3.5 4B] 11. short query
Llama.generate: 784 prefix-match hit, remaining 24 prompt tokens to eval
llama_perf_context_print:        load time =    1555.93 ms
llama_perf_context_print: prompt eval time =     211.11 ms /    24 tokens (    8.80 ms per token,   113.69 tokens per second)
llama_perf_context_print:        eval time =    1142.42 ms /    22 runs   (   51.93 ms per token,    19.26 tokens per second)
llama_perf_context_print:       total time =    1360.15 ms /    46 tokens
llama_perf_context_print:    graphs reused =         21
[Qwen3.5 4B] 12. short query
Llama.generate: 830 prefix-match hit, remaining 25 prompt tokens to eval
llama_perf_context_print:        load time =    1555.93 ms
llama_perf_context_print: prompt eval time =     224.84 ms /    25 tokens (    8.99 ms per token,   111.19 tokens per second)
llama_perf_context_print:        eval time =    1507.64 ms /    29 runs   (   51.99 ms per token,    19.24 tokens per second)
llama_perf_context_print:       total time =    1741.07 ms /    54 tokens
llama_perf_context_print:    graphs reused =         28
[Qwen3.5 4B] 13. short query
Llama.generate: 884 prefix-match hit, remaining 26 prompt tokens to eval
llama_perf_context_print:        load time =    1555.93 ms
llama_perf_context_print: prompt eval time =     233.87 ms /    26 tokens (    8.99 ms per token,   111.17 tokens per second)
llama_perf_context_print:        eval time =    1196.03 ms /    23 runs   (   52.00 ms per token,    19.23 tokens per second)
llama_perf_context_print:       total time =    1436.80 ms /    49 tokens
llama_perf_context_print:    graphs reused =         22
[Qwen3.5 4B] 14. short query
Llama.generate: 933 prefix-match hit, remaining 26 prompt tokens to eval
llama_perf_context_print:        load time =    1555.93 ms
llama_perf_context_print: prompt eval time =     233.88 ms /    26 tokens (    9.00 ms per token,   111.17 tokens per second)
llama_perf_context_print:        eval time =    1352.08 ms /    26 runs   (   52.00 ms per token,    19.23 tokens per second)
llama_perf_context_print:       total time =    1593.68 ms /    52 tokens
llama_perf_context_print:    graphs reused =         25
[Qwen3.5 4B] 15. short query
Llama.generate: 985 prefix-match hit, remaining 24 prompt tokens to eval
llama_perf_context_print:        load time =    1555.93 ms
llama_perf_context_print: prompt eval time =     216.17 ms /    24 tokens (    9.01 ms per token,   111.02 tokens per second)
llama_perf_context_print:        eval time =    1616.35 ms /    31 runs   (   52.14 ms per token,    19.18 tokens per second)
llama_perf_context_print:       total time =    1841.78 ms /    55 tokens
llama_perf_context_print:    graphs reused =         29
[Qwen3.5 4B] 0. long query
Llama.generate: 211 prefix-match hit, remaining 80 prompt tokens to eval
llama_perf_context_print:        load time =    1555.93 ms
llama_perf_context_print: prompt eval time =     543.07 ms /    80 tokens (    6.79 ms per token,   147.31 tokens per second)
llama_perf_context_print:        eval time =    1028.34 ms /    20 runs   (   51.42 ms per token,    19.45 tokens per second)
llama_perf_context_print:       total time =    1577.29 ms /   100 tokens
llama_perf_context_print:    graphs reused =         19
[Qwen3.5 4B] 1. long query
Llama.generate: 311 prefix-match hit, remaining 78 prompt tokens to eval
llama_perf_context_print:        load time =    1555.93 ms
llama_perf_context_print: prompt eval time =     554.64 ms /    78 tokens (    7.11 ms per token,   140.63 tokens per second)
llama_perf_context_print:        eval time =    1285.70 ms /    25 runs   (   51.43 ms per token,    19.44 tokens per second)
llama_perf_context_print:       total time =    1847.82 ms /   103 tokens
llama_perf_context_print:    graphs reused =         24
[Qwen3.5 4B] 2. long query
Llama.generate: 414 prefix-match hit, remaining 77 prompt tokens to eval
llama_perf_context_print:        load time =    1555.93 ms
llama_perf_context_print: prompt eval time =     557.50 ms /    77 tokens (    7.24 ms per token,   138.12 tokens per second)
llama_perf_context_print:        eval time =    1802.64 ms /    35 runs   (   51.50 ms per token,    19.42 tokens per second)
llama_perf_context_print:       total time =    2370.54 ms /   112 tokens
llama_perf_context_print:    graphs reused =         33
[Qwen3.5 4B] 3. long query
Llama.generate: 526 prefix-match hit, remaining 82 prompt tokens to eval
llama_perf_context_print:        load time =    1555.93 ms
llama_perf_context_print: prompt eval time =     581.35 ms /    82 tokens (    7.09 ms per token,   141.05 tokens per second)
llama_perf_context_print:        eval time =    1287.87 ms /    25 runs   (   51.51 ms per token,    19.41 tokens per second)
llama_perf_context_print:       total time =    1876.66 ms /   107 tokens
llama_perf_context_print:    graphs reused =         24
[Qwen3.5 4B] 4. long query
Llama.generate: 633 prefix-match hit, remaining 87 prompt tokens to eval
llama_perf_context_print:        load time =    1555.93 ms
llama_perf_context_print: prompt eval time =     618.86 ms /    87 tokens (    7.11 ms per token,   140.58 tokens per second)
llama_perf_context_print:        eval time =    1339.25 ms /    26 runs   (   51.51 ms per token,    19.41 tokens per second)
llama_perf_context_print:       total time =    1965.68 ms /   113 tokens
llama_perf_context_print:    graphs reused =         25
[Qwen3.5 4B] 5. long query
Llama.generate: 746 prefix-match hit, remaining 86 prompt tokens to eval
llama_perf_context_print:        load time =    1555.93 ms
llama_perf_context_print: prompt eval time =     619.41 ms /    86 tokens (    7.20 ms per token,   138.84 tokens per second)
llama_perf_context_print:        eval time =    1293.41 ms /    25 runs   (   51.74 ms per token,    19.33 tokens per second)
llama_perf_context_print:       total time =    1920.38 ms /   111 tokens
llama_perf_context_print:    graphs reused =         24
[Qwen3.5 4B] 6. long query
Llama.generate: 857 prefix-match hit, remaining 81 prompt tokens to eval
llama_perf_context_print:        load time =    1555.93 ms
llama_perf_context_print: prompt eval time =     586.18 ms /    81 tokens (    7.24 ms per token,   138.18 tokens per second)
llama_perf_context_print:        eval time =    1191.08 ms /    23 runs   (   51.79 ms per token,    19.31 tokens per second)
llama_perf_context_print:       total time =    1784.18 ms /   104 tokens
llama_perf_context_print:    graphs reused =         22
[Qwen3.5 4B] 7. long query
Llama.generate: 961 prefix-match hit, remaining 87 prompt tokens to eval
llama_perf_context_print:        load time =    1555.93 ms
llama_perf_context_print: prompt eval time =     626.63 ms /    87 tokens (    7.20 ms per token,   138.84 tokens per second)
llama_perf_context_print:        eval time =    1925.96 ms /    37 runs   (   52.05 ms per token,    19.21 tokens per second)
llama_perf_context_print:       total time =    2563.62 ms /   124 tokens
llama_perf_context_print:    graphs reused =         36
[Qwen3.5 4B] 8. long query
Llama.generate: 1085 prefix-match hit, remaining 83 prompt tokens to eval
llama_perf_context_print:        load time =    1555.93 ms
llama_perf_context_print: prompt eval time =     624.34 ms /    83 tokens (    7.52 ms per token,   132.94 tokens per second)
llama_perf_context_print:        eval time =    1419.92 ms /    27 runs   (   52.59 ms per token,    19.02 tokens per second)
llama_perf_context_print:       total time =    2052.94 ms /   110 tokens
llama_perf_context_print:    graphs reused =         26
[Qwen3.5 4B] 9. long query
Llama.generate: 1195 prefix-match hit, remaining 84 prompt tokens to eval
llama_perf_context_print:        load time =    1555.93 ms
llama_perf_context_print: prompt eval time =     688.02 ms /    84 tokens (    8.19 ms per token,   122.09 tokens per second)
llama_perf_context_print:        eval time =    1600.33 ms /    29 runs   (   55.18 ms per token,    18.12 tokens per second)
llama_perf_context_print:       total time =    2298.51 ms /   113 tokens
llama_perf_context_print:    graphs reused =         27
[Qwen3.5 4B] 10. long query
Llama.generate: 1308 prefix-match hit, remaining 79 prompt tokens to eval
llama_perf_context_print:        load time =    1555.93 ms
llama_perf_context_print: prompt eval time =     622.95 ms /    79 tokens (    7.89 ms per token,   126.82 tokens per second)
llama_perf_context_print:        eval time =    1163.43 ms /    22 runs   (   52.88 ms per token,    18.91 tokens per second)
llama_perf_context_print:       total time =    1793.20 ms /   101 tokens
llama_perf_context_print:    graphs reused =         21
[Qwen3.5 4B] 11. long query
Llama.generate: 1409 prefix-match hit, remaining 83 prompt tokens to eval
llama_perf_context_print:        load time =    1555.93 ms
llama_perf_context_print: prompt eval time =     642.70 ms /    83 tokens (    7.74 ms per token,   129.14 tokens per second)
llama_perf_context_print:        eval time =    1479.99 ms /    28 runs   (   52.86 ms per token,    18.92 tokens per second)
llama_perf_context_print:       total time =    2131.23 ms /   111 tokens
llama_perf_context_print:    graphs reused =         27
[Qwen3.5 4B] 12. long query
Llama.generate: 1520 prefix-match hit, remaining 87 prompt tokens to eval
llama_perf_context_print:        load time =    1555.93 ms
llama_perf_context_print: prompt eval time =     652.04 ms /    87 tokens (    7.49 ms per token,   133.43 tokens per second)
llama_perf_context_print:        eval time =    1504.08 ms /    28 runs   (   53.72 ms per token,    18.62 tokens per second)
llama_perf_context_print:       total time =    2164.61 ms /   115 tokens
llama_perf_context_print:    graphs reused =         27
[Qwen3.5 4B] 13. long query
Llama.generate: 1635 prefix-match hit, remaining 84 prompt tokens to eval
llama_perf_context_print:        load time =    1555.93 ms
llama_perf_context_print: prompt eval time =     632.39 ms /    84 tokens (    7.53 ms per token,   132.83 tokens per second)
llama_perf_context_print:        eval time =    1450.38 ms /    27 runs   (   53.72 ms per token,    18.62 tokens per second)
llama_perf_context_print:       total time =    2091.11 ms /   111 tokens
llama_perf_context_print:    graphs reused =         26
[Qwen3.5 4B] 14. long query
Llama.generate: 1746 prefix-match hit, remaining 89 prompt tokens to eval
llama_perf_context_print:        load time =    1555.93 ms
llama_perf_context_print: prompt eval time =     694.94 ms /    89 tokens (    7.81 ms per token,   128.07 tokens per second)
llama_perf_context_print:        eval time =    1485.37 ms /    27 runs   (   55.01 ms per token,    18.18 tokens per second)
llama_perf_context_print:       total time =    2188.48 ms /   116 tokens
llama_perf_context_print:    graphs reused =         26
[Qwen3.5 4B] 15. long query
Llama.generate: 1862 prefix-match hit, remaining 90 prompt tokens to eval
llama_perf_context_print:        load time =    1555.93 ms
llama_perf_context_print: prompt eval time =     681.84 ms /    90 tokens (    7.58 ms per token,   132.00 tokens per second)
llama_perf_context_print:        eval time =    1158.54 ms /    21 runs   (   55.17 ms per token,    18.13 tokens per second)
llama_perf_context_print:       total time =    1847.08 ms /   111 tokens
llama_perf_context_print:    graphs reused =         20
~llama_context:        CPU compute buffer size is 504.0196 MiB, matches expectation of 504.0196 MiB
--- Spark X2.5 4B ---
[Spark X2.5 4B] 0. short query
Llama.generate: 229 prefix-match hit, remaining 23 prompt tokens to eval
llama_perf_context_print:        load time =    1477.40 ms
llama_perf_context_print: prompt eval time =     194.11 ms /    23 tokens (    8.44 ms per token,   118.49 tokens per second)
llama_perf_context_print:        eval time =     585.02 ms /    12 runs   (   48.75 ms per token,    20.51 tokens per second)
llama_perf_context_print:       total time =     781.60 ms /    35 tokens
llama_perf_context_print:    graphs reused =         10
[Spark X2.5 4B] 1. short query
Llama.generate: 264 prefix-match hit, remaining 23 prompt tokens to eval
llama_perf_context_print:        load time =    1477.40 ms
llama_perf_context_print: prompt eval time =     205.75 ms /    23 tokens (    8.95 ms per token,   111.79 tokens per second)
llama_perf_context_print:        eval time =     537.39 ms /    11 runs   (   48.85 ms per token,    20.47 tokens per second)
llama_perf_context_print:       total time =     745.40 ms /    34 tokens
llama_perf_context_print:    graphs reused =         10
[Spark X2.5 4B] 2. short query
Llama.generate: 298 prefix-match hit, remaining 25 prompt tokens to eval
llama_perf_context_print:        load time =    1477.40 ms
llama_perf_context_print: prompt eval time =     215.21 ms /    25 tokens (    8.61 ms per token,   116.17 tokens per second)
llama_perf_context_print:        eval time =     390.14 ms /     8 runs   (   48.77 ms per token,    20.51 tokens per second)
llama_perf_context_print:       total time =     607.08 ms /    33 tokens
llama_perf_context_print:    graphs reused =          7
[Spark X2.5 4B] 3. short query
Llama.generate: 331 prefix-match hit, remaining 27 prompt tokens to eval
llama_perf_context_print:        load time =    1477.40 ms
llama_perf_context_print: prompt eval time =     245.46 ms /    27 tokens (    9.09 ms per token,   110.00 tokens per second)
llama_perf_context_print:        eval time =     536.29 ms /    11 runs   (   48.75 ms per token,    20.51 tokens per second)
llama_perf_context_print:       total time =     784.00 ms /    38 tokens
llama_perf_context_print:    graphs reused =         10
[Spark X2.5 4B] 4. short query
Llama.generate: 369 prefix-match hit, remaining 21 prompt tokens to eval
llama_perf_context_print:        load time =    1477.40 ms
llama_perf_context_print: prompt eval time =     188.43 ms /    21 tokens (    8.97 ms per token,   111.44 tokens per second)
llama_perf_context_print:        eval time =     488.68 ms /    10 runs   (   48.87 ms per token,    20.46 tokens per second)
llama_perf_context_print:       total time =     679.34 ms /    31 tokens
llama_perf_context_print:    graphs reused =          9
[Spark X2.5 4B] 5. short query
Llama.generate: 400 prefix-match hit, remaining 24 prompt tokens to eval
llama_perf_context_print:        load time =    1477.40 ms
llama_perf_context_print: prompt eval time =     212.10 ms /    24 tokens (    8.84 ms per token,   113.15 tokens per second)
llama_perf_context_print:        eval time =     539.43 ms /    11 runs   (   49.04 ms per token,    20.39 tokens per second)
llama_perf_context_print:       total time =     753.88 ms /    35 tokens
llama_perf_context_print:    graphs reused =         10
[Spark X2.5 4B] 6. short query
Llama.generate: 435 prefix-match hit, remaining 26 prompt tokens to eval
llama_perf_context_print:        load time =    1477.40 ms
llama_perf_context_print: prompt eval time =     240.40 ms /    26 tokens (    9.25 ms per token,   108.15 tokens per second)
llama_perf_context_print:        eval time =     539.31 ms /    11 runs   (   49.03 ms per token,    20.40 tokens per second)
llama_perf_context_print:       total time =     781.96 ms /    37 tokens
llama_perf_context_print:    graphs reused =         10
[Spark X2.5 4B] 7. short query
Llama.generate: 472 prefix-match hit, remaining 22 prompt tokens to eval
llama_perf_context_print:        load time =    1477.40 ms
llama_perf_context_print: prompt eval time =     210.91 ms /    22 tokens (    9.59 ms per token,   104.31 tokens per second)
llama_perf_context_print:        eval time =     585.60 ms /    12 runs   (   48.80 ms per token,    20.49 tokens per second)
llama_perf_context_print:       total time =     798.99 ms /    34 tokens
llama_perf_context_print:    graphs reused =         11
[Spark X2.5 4B] 8. short query
Llama.generate: 506 prefix-match hit, remaining 22 prompt tokens to eval
llama_perf_context_print:        load time =    1477.40 ms
llama_perf_context_print: prompt eval time =     210.80 ms /    22 tokens (    9.58 ms per token,   104.37 tokens per second)
llama_perf_context_print:        eval time =     597.24 ms /    12 runs   (   49.77 ms per token,    20.09 tokens per second)
llama_perf_context_print:       total time =     810.49 ms /    34 tokens
llama_perf_context_print:    graphs reused =         11
[Spark X2.5 4B] 9. short query
Llama.generate: 540 prefix-match hit, remaining 22 prompt tokens to eval
llama_perf_context_print:        load time =    1477.40 ms
llama_perf_context_print: prompt eval time =     210.84 ms /    22 tokens (    9.58 ms per token,   104.34 tokens per second)
llama_perf_context_print:        eval time =     447.90 ms /     9 runs   (   49.77 ms per token,    20.09 tokens per second)
llama_perf_context_print:       total time =     660.66 ms /    31 tokens
llama_perf_context_print:    graphs reused =          8
[Spark X2.5 4B] 10. short query
Llama.generate: 571 prefix-match hit, remaining 27 prompt tokens to eval
llama_perf_context_print:        load time =    1477.40 ms
llama_perf_context_print: prompt eval time =     259.20 ms /    27 tokens (    9.60 ms per token,   104.17 tokens per second)
llama_perf_context_print:        eval time =     497.92 ms /    10 runs   (   49.79 ms per token,    20.08 tokens per second)
llama_perf_context_print:       total time =     759.25 ms /    37 tokens
llama_perf_context_print:    graphs reused =          9
[Spark X2.5 4B] 11. short query
Llama.generate: 608 prefix-match hit, remaining 22 prompt tokens to eval
llama_perf_context_print:        load time =    1477.40 ms
llama_perf_context_print: prompt eval time =     214.65 ms /    22 tokens (    9.76 ms per token,   102.49 tokens per second)
llama_perf_context_print:        eval time =     644.49 ms /    13 runs   (   49.58 ms per token,    20.17 tokens per second)
llama_perf_context_print:       total time =     861.72 ms /    35 tokens
llama_perf_context_print:    graphs reused =         12
[Spark X2.5 4B] 12. short query
Llama.generate: 643 prefix-match hit, remaining 23 prompt tokens to eval
llama_perf_context_print:        load time =    1477.40 ms
llama_perf_context_print: prompt eval time =     227.95 ms /    23 tokens (    9.91 ms per token,   100.90 tokens per second)
llama_perf_context_print:        eval time =     592.95 ms /    12 runs   (   49.41 ms per token,    20.24 tokens per second)
llama_perf_context_print:       total time =     823.29 ms /    35 tokens
llama_perf_context_print:    graphs reused =         11
[Spark X2.5 4B] 13. short query
Llama.generate: 678 prefix-match hit, remaining 24 prompt tokens to eval
llama_perf_context_print:        load time =    1477.40 ms
llama_perf_context_print: prompt eval time =     225.93 ms /    24 tokens (    9.41 ms per token,   106.23 tokens per second)
llama_perf_context_print:        eval time =     296.59 ms /     6 runs   (   49.43 ms per token,    20.23 tokens per second)
llama_perf_context_print:       total time =     523.88 ms /    30 tokens
llama_perf_context_print:    graphs reused =          5
[Spark X2.5 4B] 14. short query
Llama.generate: 708 prefix-match hit, remaining 24 prompt tokens to eval
llama_perf_context_print:        load time =    1477.40 ms
llama_perf_context_print: prompt eval time =     224.56 ms /    24 tokens (    9.36 ms per token,   106.87 tokens per second)
llama_perf_context_print:        eval time =     446.81 ms /     9 runs   (   49.65 ms per token,    20.14 tokens per second)
llama_perf_context_print:       total time =     673.30 ms /    33 tokens
llama_perf_context_print:    graphs reused =          8
[Spark X2.5 4B] 15. short query
Llama.generate: 741 prefix-match hit, remaining 23 prompt tokens to eval
llama_perf_context_print:        load time =    1477.40 ms
llama_perf_context_print: prompt eval time =     229.72 ms /    23 tokens (    9.99 ms per token,   100.12 tokens per second)
llama_perf_context_print:        eval time =     708.26 ms /    14 runs   (   50.59 ms per token,    19.77 tokens per second)
llama_perf_context_print:       total time =     940.83 ms /    37 tokens
llama_perf_context_print:    graphs reused =         12
[Spark X2.5 4B] 0. long query
Llama.generate: 229 prefix-match hit, remaining 81 prompt tokens to eval
llama_perf_context_print:        load time =    1477.40 ms
llama_perf_context_print: prompt eval time =     553.76 ms /    81 tokens (    6.84 ms per token,   146.27 tokens per second)
llama_perf_context_print:        eval time =     586.29 ms /    12 runs   (   48.86 ms per token,    20.47 tokens per second)
llama_perf_context_print:       total time =    1142.53 ms /    93 tokens
llama_perf_context_print:    graphs reused =         11
[Spark X2.5 4B] 1. long query
Llama.generate: 322 prefix-match hit, remaining 77 prompt tokens to eval
llama_perf_context_print:        load time =    1477.40 ms
llama_perf_context_print: prompt eval time =     600.50 ms /    77 tokens (    7.80 ms per token,   128.23 tokens per second)
llama_perf_context_print:        eval time =     586.14 ms /    12 runs   (   48.85 ms per token,    20.47 tokens per second)
llama_perf_context_print:       total time =    1189.14 ms /    89 tokens
llama_perf_context_print:    graphs reused =         11
[Spark X2.5 4B] 2. long query
Llama.generate: 411 prefix-match hit, remaining 77 prompt tokens to eval
llama_perf_context_print:        load time =    1477.40 ms
llama_perf_context_print: prompt eval time =     615.10 ms /    77 tokens (    7.99 ms per token,   125.18 tokens per second)
llama_perf_context_print:        eval time =     586.56 ms /    12 runs   (   48.88 ms per token,    20.46 tokens per second)
llama_perf_context_print:       total time =    1204.13 ms /    89 tokens
llama_perf_context_print:    graphs reused =         11
[Spark X2.5 4B] 3. long query
Llama.generate: 500 prefix-match hit, remaining 83 prompt tokens to eval
llama_perf_context_print:        load time =    1477.40 ms
llama_perf_context_print: prompt eval time =     672.38 ms /    83 tokens (    8.10 ms per token,   123.44 tokens per second)
llama_perf_context_print:        eval time =     547.94 ms /    11 runs   (   49.81 ms per token,    20.08 tokens per second)
llama_perf_context_print:       total time =    1222.71 ms /    94 tokens
llama_perf_context_print:    graphs reused =         10
[Spark X2.5 4B] 4. long query
Llama.generate: 594 prefix-match hit, remaining 87 prompt tokens to eval
llama_perf_context_print:        load time =    1477.40 ms
llama_perf_context_print: prompt eval time =     659.37 ms /    87 tokens (    7.58 ms per token,   131.94 tokens per second)
llama_perf_context_print:        eval time =     548.31 ms /    11 runs   (   49.85 ms per token,    20.06 tokens per second)
llama_perf_context_print:       total time =    1210.04 ms /    98 tokens
llama_perf_context_print:    graphs reused =         10
[Spark X2.5 4B] 5. long query
Llama.generate: 692 prefix-match hit, remaining 90 prompt tokens to eval
llama_perf_context_print:        load time =    1477.40 ms
llama_perf_context_print: prompt eval time =     684.99 ms /    90 tokens (    7.61 ms per token,   131.39 tokens per second)
llama_perf_context_print:        eval time =     662.41 ms /    13 runs   (   50.95 ms per token,    19.63 tokens per second)
llama_perf_context_print:       total time =    1350.18 ms /   103 tokens
llama_perf_context_print:    graphs reused =         12
[Spark X2.5 4B] 6. long query
Llama.generate: 795 prefix-match hit, remaining 83 prompt tokens to eval
llama_perf_context_print:        load time =    1477.40 ms
llama_perf_context_print: prompt eval time =     678.62 ms /    83 tokens (    8.18 ms per token,   122.31 tokens per second)
llama_perf_context_print:        eval time =     663.74 ms /    13 runs   (   51.06 ms per token,    19.59 tokens per second)
llama_perf_context_print:       total time =    1345.06 ms /    96 tokens
llama_perf_context_print:    graphs reused =         12
[Spark X2.5 4B] 7. long query
Llama.generate: 891 prefix-match hit, remaining 86 prompt tokens to eval
llama_perf_context_print:        load time =    1477.40 ms
llama_perf_context_print: prompt eval time =     705.54 ms /    86 tokens (    8.20 ms per token,   121.89 tokens per second)
llama_perf_context_print:        eval time =     557.97 ms /    11 runs   (   50.72 ms per token,    19.71 tokens per second)
llama_perf_context_print:       total time =    1265.83 ms /    97 tokens
llama_perf_context_print:    graphs reused =         10
[Spark X2.5 4B] 8. long query
Llama.generate: 988 prefix-match hit, remaining 84 prompt tokens to eval
llama_perf_context_print:        load time =    1477.40 ms
llama_perf_context_print: prompt eval time =     647.46 ms /    84 tokens (    7.71 ms per token,   129.74 tokens per second)
llama_perf_context_print:        eval time =     779.44 ms /    15 runs   (   51.96 ms per token,    19.24 tokens per second)
llama_perf_context_print:       total time =    1429.83 ms /    99 tokens
llama_perf_context_print:    graphs reused =         14
[Spark X2.5 4B] 9. long query
Llama.generate: 1087 prefix-match hit, remaining 86 prompt tokens to eval
llama_perf_context_print:        load time =    1477.40 ms
llama_perf_context_print: prompt eval time =     720.41 ms /    86 tokens (    8.38 ms per token,   119.38 tokens per second)
llama_perf_context_print:        eval time =     572.99 ms /    11 runs   (   52.09 ms per token,    19.20 tokens per second)
llama_perf_context_print:       total time =    1295.66 ms /    97 tokens
llama_perf_context_print:    graphs reused =         10
[Spark X2.5 4B] 10. long query
Llama.generate: 1184 prefix-match hit, remaining 79 prompt tokens to eval
llama_perf_context_print:        load time =    1477.40 ms
llama_perf_context_print: prompt eval time =     689.56 ms /    79 tokens (    8.73 ms per token,   114.57 tokens per second)
llama_perf_context_print:        eval time =     466.27 ms /     9 runs   (   51.81 ms per token,    19.30 tokens per second)
llama_perf_context_print:       total time =    1157.78 ms /    88 tokens
llama_perf_context_print:    graphs reused =          8
[Spark X2.5 4B] 11. long query
Llama.generate: 1272 prefix-match hit, remaining 82 prompt tokens to eval
llama_perf_context_print:        load time =    1477.40 ms
llama_perf_context_print: prompt eval time =     697.65 ms /    82 tokens (    8.51 ms per token,   117.54 tokens per second)
llama_perf_context_print:        eval time =     540.96 ms /    10 runs   (   54.10 ms per token,    18.49 tokens per second)
llama_perf_context_print:       total time =    1240.81 ms /    92 tokens
llama_perf_context_print:    graphs reused =          9
[Spark X2.5 4B] 12. long query
Llama.generate: 1364 prefix-match hit, remaining 87 prompt tokens to eval
llama_perf_context_print:        load time =    1477.40 ms
llama_perf_context_print: prompt eval time =     696.28 ms /    87 tokens (    8.00 ms per token,   124.95 tokens per second)
llama_perf_context_print:        eval time =     594.26 ms /    11 runs   (   54.02 ms per token,    18.51 tokens per second)
llama_perf_context_print:       total time =    1292.92 ms /    98 tokens
llama_perf_context_print:    graphs reused =         10
[Spark X2.5 4B] 13. long query
Llama.generate: 1462 prefix-match hit, remaining 84 prompt tokens to eval
llama_perf_context_print:        load time =    1477.40 ms
llama_perf_context_print: prompt eval time =     675.00 ms /    84 tokens (    8.04 ms per token,   124.44 tokens per second)
llama_perf_context_print:        eval time =     607.85 ms /    11 runs   (   55.26 ms per token,    18.10 tokens per second)
llama_perf_context_print:       total time =    1285.33 ms /    95 tokens
llama_perf_context_print:    graphs reused =         10
[Spark X2.5 4B] 14. long query
Llama.generate: 1557 prefix-match hit, remaining 88 prompt tokens to eval
llama_perf_context_print:        load time =    1477.40 ms
llama_perf_context_print: prompt eval time =     741.19 ms /    88 tokens (    8.42 ms per token,   118.73 tokens per second)
llama_perf_context_print:        eval time =     789.68 ms /    14 runs   (   56.41 ms per token,    17.73 tokens per second)
llama_perf_context_print:       total time =    1533.89 ms /   102 tokens
llama_perf_context_print:    graphs reused =         13
[Spark X2.5 4B] 15. long query
Llama.generate: 1659 prefix-match hit, remaining 92 prompt tokens to eval
llama_perf_context_print:        load time =    1477.40 ms
llama_perf_context_print: prompt eval time =     792.52 ms /    92 tokens (    8.61 ms per token,   116.09 tokens per second)
llama_perf_context_print:        eval time =     665.86 ms /    12 runs   (   55.49 ms per token,    18.02 tokens per second)
llama_perf_context_print:       total time =    1460.97 ms /   104 tokens
llama_perf_context_print:    graphs reused =         11
~llama_context:        CPU compute buffer size is 266.0020 MiB, matches expectation of 266.0020 MiB
--- granite 4.2 3B ---
[granite 4.2 3B] 0. short query
Llama.generate: 221 prefix-match hit, remaining 22 prompt tokens to eval
llama_perf_context_print:        load time =    1146.44 ms
llama_perf_context_print: prompt eval time =     153.37 ms /    22 tokens (    6.97 ms per token,   143.45 tokens per second)
llama_perf_context_print:        eval time =     528.91 ms /    14 runs   (   37.78 ms per token,    26.47 tokens per second)
llama_perf_context_print:       total time =     684.70 ms /    36 tokens
llama_perf_context_print:    graphs reused =         12
[granite 4.2 3B] 1. short query
Llama.generate: 257 prefix-match hit, remaining 23 prompt tokens to eval
llama_perf_context_print:        load time =    1146.44 ms
llama_perf_context_print: prompt eval time =     163.91 ms /    23 tokens (    7.13 ms per token,   140.32 tokens per second)
llama_perf_context_print:        eval time =     428.09 ms /    11 runs   (   38.92 ms per token,    25.70 tokens per second)
llama_perf_context_print:       total time =     593.97 ms /    34 tokens
llama_perf_context_print:    graphs reused =         10
[granite 4.2 3B] 2. short query
Llama.generate: 291 prefix-match hit, remaining 24 prompt tokens to eval
llama_perf_context_print:        load time =    1146.44 ms
llama_perf_context_print: prompt eval time =     167.34 ms /    24 tokens (    6.97 ms per token,   143.42 tokens per second)
llama_perf_context_print:        eval time =     349.83 ms /     9 runs   (   38.87 ms per token,    25.73 tokens per second)
llama_perf_context_print:       total time =     518.83 ms /    33 tokens
llama_perf_context_print:    graphs reused =          8
[granite 4.2 3B] 3. short query
Llama.generate: 324 prefix-match hit, remaining 25 prompt tokens to eval
llama_perf_context_print:        load time =    1146.44 ms
llama_perf_context_print: prompt eval time =     178.61 ms /    25 tokens (    7.14 ms per token,   139.97 tokens per second)
llama_perf_context_print:        eval time =     428.10 ms /    11 runs   (   38.92 ms per token,    25.70 tokens per second)
llama_perf_context_print:       total time =     608.60 ms /    36 tokens
llama_perf_context_print:    graphs reused =         10
[granite 4.2 3B] 4. short query
Llama.generate: 360 prefix-match hit, remaining 21 prompt tokens to eval
llama_perf_context_print:        load time =    1146.44 ms
llama_perf_context_print: prompt eval time =     155.25 ms /    21 tokens (    7.39 ms per token,   135.26 tokens per second)
llama_perf_context_print:        eval time =     389.00 ms /    10 runs   (   38.90 ms per token,    25.71 tokens per second)
llama_perf_context_print:       total time =     545.96 ms /    31 tokens
llama_perf_context_print:    graphs reused =          9
[granite 4.2 3B] 5. short query
Llama.generate: 391 prefix-match hit, remaining 24 prompt tokens to eval
llama_perf_context_print:        load time =    1146.44 ms
llama_perf_context_print: prompt eval time =     176.14 ms /    24 tokens (    7.34 ms per token,   136.26 tokens per second)
llama_perf_context_print:        eval time =     544.77 ms /    14 runs   (   38.91 ms per token,    25.70 tokens per second)
llama_perf_context_print:       total time =     723.19 ms /    38 tokens
llama_perf_context_print:    graphs reused =         13
[granite 4.2 3B] 6. short query
Llama.generate: 429 prefix-match hit, remaining 26 prompt tokens to eval
llama_perf_context_print:        load time =    1146.44 ms
llama_perf_context_print: prompt eval time =     196.62 ms /    26 tokens (    7.56 ms per token,   132.24 tokens per second)
llama_perf_context_print:        eval time =     389.43 ms /    10 runs   (   38.94 ms per token,    25.68 tokens per second)
llama_perf_context_print:       total time =     587.76 ms /    36 tokens
llama_perf_context_print:    graphs reused =          9
[granite 4.2 3B] 7. short query
Llama.generate: 465 prefix-match hit, remaining 21 prompt tokens to eval
llama_perf_context_print:        load time =    1146.44 ms
llama_perf_context_print: prompt eval time =     162.34 ms /    21 tokens (    7.73 ms per token,   129.35 tokens per second)
llama_perf_context_print:        eval time =     467.67 ms /    12 runs   (   38.97 ms per token,    25.66 tokens per second)
llama_perf_context_print:       total time =     632.07 ms /    33 tokens
llama_perf_context_print:    graphs reused =         11
[granite 4.2 3B] 8. short query
Llama.generate: 498 prefix-match hit, remaining 22 prompt tokens to eval
llama_perf_context_print:        load time =    1146.44 ms
llama_perf_context_print: prompt eval time =     174.28 ms /    22 tokens (    7.92 ms per token,   126.23 tokens per second)
llama_perf_context_print:        eval time =     518.34 ms /    13 runs   (   39.87 ms per token,    25.08 tokens per second)
llama_perf_context_print:       total time =     694.78 ms /    35 tokens
llama_perf_context_print:    graphs reused =         12
[granite 4.2 3B] 9. short query
Llama.generate: 533 prefix-match hit, remaining 22 prompt tokens to eval
llama_perf_context_print:        load time =    1146.44 ms
llama_perf_context_print: prompt eval time =     175.27 ms /    22 tokens (    7.97 ms per token,   125.52 tokens per second)
llama_perf_context_print:        eval time =     438.61 ms /    11 runs   (   39.87 ms per token,    25.08 tokens per second)
llama_perf_context_print:       total time =     615.76 ms /    33 tokens
llama_perf_context_print:    graphs reused =         10
[granite 4.2 3B] 10. short query
Llama.generate: 566 prefix-match hit, remaining 27 prompt tokens to eval
llama_perf_context_print:        load time =    1146.44 ms
llama_perf_context_print: prompt eval time =     218.43 ms /    27 tokens (    8.09 ms per token,   123.61 tokens per second)
llama_perf_context_print:        eval time =     438.66 ms /    11 runs   (   39.88 ms per token,    25.08 tokens per second)
llama_perf_context_print:       total time =     658.95 ms /    38 tokens
llama_perf_context_print:    graphs reused =         10
[granite 4.2 3B] 11. short query
Llama.generate: 604 prefix-match hit, remaining 22 prompt tokens to eval
llama_perf_context_print:        load time =    1146.44 ms
llama_perf_context_print: prompt eval time =     181.63 ms /    22 tokens (    8.26 ms per token,   121.12 tokens per second)
llama_perf_context_print:        eval time =     519.34 ms /    13 runs   (   39.95 ms per token,    25.03 tokens per second)
llama_perf_context_print:       total time =     703.16 ms /    35 tokens
llama_perf_context_print:    graphs reused =         12
[granite 4.2 3B] 12. short query
Llama.generate: 639 prefix-match hit, remaining 23 prompt tokens to eval
llama_perf_context_print:        load time =    1146.44 ms
llama_perf_context_print: prompt eval time =     194.87 ms /    23 tokens (    8.47 ms per token,   118.03 tokens per second)
llama_perf_context_print:        eval time =     639.13 ms /    16 runs   (   39.95 ms per token,    25.03 tokens per second)
llama_perf_context_print:       total time =     836.66 ms /    39 tokens
llama_perf_context_print:    graphs reused =         15
[granite 4.2 3B] 13. short query
Llama.generate: 678 prefix-match hit, remaining 24 prompt tokens to eval
llama_perf_context_print:        load time =    1146.44 ms
llama_perf_context_print: prompt eval time =     197.94 ms /    24 tokens (    8.25 ms per token,   121.25 tokens per second)
llama_perf_context_print:        eval time =     400.24 ms /    10 runs   (   40.02 ms per token,    24.99 tokens per second)
llama_perf_context_print:       total time =     600.03 ms /    34 tokens
llama_perf_context_print:    graphs reused =          9
[granite 4.2 3B] 14. short query
Llama.generate: 712 prefix-match hit, remaining 24 prompt tokens to eval
llama_perf_context_print:        load time =    1146.44 ms
llama_perf_context_print: prompt eval time =     200.74 ms /    24 tokens (    8.36 ms per token,   119.56 tokens per second)
llama_perf_context_print:        eval time =     639.67 ms /    16 runs   (   39.98 ms per token,    25.01 tokens per second)
llama_perf_context_print:       total time =     843.12 ms /    40 tokens
llama_perf_context_print:    graphs reused =         15
[granite 4.2 3B] 15. short query
Llama.generate: 752 prefix-match hit, remaining 22 prompt tokens to eval
llama_perf_context_print:        load time =    1146.44 ms
llama_perf_context_print: prompt eval time =     190.37 ms /    22 tokens (    8.65 ms per token,   115.56 tokens per second)
llama_perf_context_print:        eval time =     572.58 ms /    14 runs   (   40.90 ms per token,    24.45 tokens per second)
llama_perf_context_print:       total time =     765.45 ms /    36 tokens
llama_perf_context_print:    graphs reused =         13
[granite 4.2 3B] 0. long query
Llama.generate: 221 prefix-match hit, remaining 78 prompt tokens to eval
llama_perf_context_print:        load time =    1146.44 ms
llama_perf_context_print: prompt eval time =     448.00 ms /    78 tokens (    5.74 ms per token,   174.11 tokens per second)
llama_perf_context_print:        eval time =    1049.70 ms /    27 runs   (   38.88 ms per token,    25.72 tokens per second)
llama_perf_context_print:       total time =    1502.49 ms /   105 tokens
llama_perf_context_print:    graphs reused =         26
[granite 4.2 3B] 1. long query
Llama.generate: 326 prefix-match hit, remaining 76 prompt tokens to eval
llama_perf_context_print:        load time =    1146.44 ms
llama_perf_context_print: prompt eval time =     440.64 ms /    76 tokens (    5.80 ms per token,   172.47 tokens per second)
llama_perf_context_print:        eval time =     583.03 ms /    15 runs   (   38.87 ms per token,    25.73 tokens per second)
llama_perf_context_print:       total time =    1026.30 ms /    91 tokens
llama_perf_context_print:    graphs reused =         14
[granite 4.2 3B] 2. long query
Llama.generate: 417 prefix-match hit, remaining 75 prompt tokens to eval
llama_perf_context_print:        load time =    1146.44 ms
llama_perf_context_print: prompt eval time =     451.13 ms /    75 tokens (    6.02 ms per token,   166.25 tokens per second)
llama_perf_context_print:        eval time =     780.51 ms /    20 runs   (   39.03 ms per token,    25.62 tokens per second)
llama_perf_context_print:       total time =    1235.13 ms /    95 tokens
llama_perf_context_print:    graphs reused =         19
[granite 4.2 3B] 3. long query
Llama.generate: 512 prefix-match hit, remaining 80 prompt tokens to eval
llama_perf_context_print:        load time =    1146.44 ms
llama_perf_context_print: prompt eval time =     468.26 ms /    80 tokens (    5.85 ms per token,   170.85 tokens per second)
llama_perf_context_print:        eval time =     797.78 ms /    20 runs   (   39.89 ms per token,    25.07 tokens per second)
llama_perf_context_print:       total time =    1269.48 ms /   100 tokens
llama_perf_context_print:    graphs reused =         19
[granite 4.2 3B] 4. long query
Llama.generate: 612 prefix-match hit, remaining 85 prompt tokens to eval
llama_perf_context_print:        load time =    1146.44 ms
llama_perf_context_print: prompt eval time =     506.62 ms /    85 tokens (    5.96 ms per token,   167.78 tokens per second)
llama_perf_context_print:        eval time =     799.71 ms /    20 runs   (   39.99 ms per token,    25.01 tokens per second)
llama_perf_context_print:       total time =    1309.83 ms /   105 tokens
llama_perf_context_print:    graphs reused =         19
[granite 4.2 3B] 5. long query
Llama.generate: 717 prefix-match hit, remaining 85 prompt tokens to eval
llama_perf_context_print:        load time =    1146.44 ms
llama_perf_context_print: prompt eval time =     520.63 ms /    85 tokens (    6.13 ms per token,   163.26 tokens per second)
llama_perf_context_print:        eval time =     860.09 ms /    21 runs   (   40.96 ms per token,    24.42 tokens per second)
llama_perf_context_print:       total time =    1384.34 ms /   106 tokens
llama_perf_context_print:    graphs reused =         20
[granite 4.2 3B] 6. long query
Llama.generate: 823 prefix-match hit, remaining 79 prompt tokens to eval
llama_perf_context_print:        load time =    1146.44 ms
llama_perf_context_print: prompt eval time =     517.15 ms /    79 tokens (    6.55 ms per token,   152.76 tokens per second)
llama_perf_context_print:        eval time =     862.52 ms /    21 runs   (   41.07 ms per token,    24.35 tokens per second)
llama_perf_context_print:       total time =    1383.34 ms /   100 tokens
llama_perf_context_print:    graphs reused =         20
[granite 4.2 3B] 7. long query
Llama.generate: 923 prefix-match hit, remaining 85 prompt tokens to eval
llama_perf_context_print:        load time =    1146.44 ms
llama_perf_context_print: prompt eval time =     541.07 ms /    85 tokens (    6.37 ms per token,   157.10 tokens per second)
llama_perf_context_print:        eval time =     826.79 ms /    20 runs   (   41.34 ms per token,    24.19 tokens per second)
llama_perf_context_print:       total time =    1371.45 ms /   105 tokens
llama_perf_context_print:    graphs reused =         18
[granite 4.2 3B] 8. long query
Llama.generate: 1028 prefix-match hit, remaining 81 prompt tokens to eval
llama_perf_context_print:        load time =    1146.44 ms
llama_perf_context_print: prompt eval time =     529.62 ms /    81 tokens (    6.54 ms per token,   152.94 tokens per second)
llama_perf_context_print:        eval time =    1010.75 ms /    24 runs   (   42.11 ms per token,    23.74 tokens per second)
llama_perf_context_print:       total time =    1544.59 ms /   105 tokens
llama_perf_context_print:    graphs reused =         23
[granite 4.2 3B] 9. long query
Llama.generate: 1133 prefix-match hit, remaining 82 prompt tokens to eval
llama_perf_context_print:        load time =    1146.44 ms
llama_perf_context_print: prompt eval time =     551.99 ms /    82 tokens (    6.73 ms per token,   148.55 tokens per second)
llama_perf_context_print:        eval time =     969.60 ms /    23 runs   (   42.16 ms per token,    23.72 tokens per second)
llama_perf_context_print:       total time =    1525.70 ms /   105 tokens
llama_perf_context_print:    graphs reused =         22
[granite 4.2 3B] 10. long query
Llama.generate: 1238 prefix-match hit, remaining 77 prompt tokens to eval
llama_perf_context_print:        load time =    1146.44 ms
llama_perf_context_print: prompt eval time =     543.32 ms /    77 tokens (    7.06 ms per token,   141.72 tokens per second)
llama_perf_context_print:        eval time =     733.73 ms /    17 runs   (   43.16 ms per token,    23.17 tokens per second)
llama_perf_context_print:       total time =    1280.17 ms /    94 tokens
llama_perf_context_print:    graphs reused =         16
[granite 4.2 3B] 11. long query
Llama.generate: 1332 prefix-match hit, remaining 81 prompt tokens to eval
llama_perf_context_print:        load time =    1146.44 ms
llama_perf_context_print: prompt eval time =     561.18 ms /    81 tokens (    6.93 ms per token,   144.34 tokens per second)
llama_perf_context_print:        eval time =     778.46 ms /    18 runs   (   43.25 ms per token,    23.12 tokens per second)
llama_perf_context_print:       total time =    1342.87 ms /    99 tokens
llama_perf_context_print:    graphs reused =         17
[granite 4.2 3B] 12. long query
Llama.generate: 1431 prefix-match hit, remaining 85 prompt tokens to eval
llama_perf_context_print:        load time =    1146.44 ms
llama_perf_context_print: prompt eval time =     598.71 ms /    85 tokens (    7.04 ms per token,   141.97 tokens per second)
llama_perf_context_print:        eval time =    1090.04 ms /    25 runs   (   43.60 ms per token,    22.93 tokens per second)
llama_perf_context_print:       total time =    1693.21 ms /   110 tokens
llama_perf_context_print:    graphs reused =         23
[granite 4.2 3B] 13. long query
Llama.generate: 1541 prefix-match hit, remaining 82 prompt tokens to eval
llama_perf_context_print:        load time =    1146.44 ms
llama_perf_context_print: prompt eval time =     600.66 ms /    82 tokens (    7.33 ms per token,   136.52 tokens per second)
llama_perf_context_print:        eval time =     932.04 ms /    21 runs   (   44.38 ms per token,    22.53 tokens per second)
llama_perf_context_print:       total time =    1536.49 ms /   103 tokens
llama_perf_context_print:    graphs reused =         20
[granite 4.2 3B] 14. long query
Llama.generate: 1644 prefix-match hit, remaining 87 prompt tokens to eval
llama_perf_context_print:        load time =    1146.44 ms
llama_perf_context_print: prompt eval time =     654.33 ms /    87 tokens (    7.52 ms per token,   132.96 tokens per second)
llama_perf_context_print:        eval time =     711.41 ms /    16 runs   (   44.46 ms per token,    22.49 tokens per second)
llama_perf_context_print:       total time =    1368.66 ms /   103 tokens
llama_perf_context_print:    graphs reused =         15
[granite 4.2 3B] 15. long query
Llama.generate: 1747 prefix-match hit, remaining 90 prompt tokens to eval
llama_perf_context_print:        load time =    1146.44 ms
llama_perf_context_print: prompt eval time =     656.77 ms /    90 tokens (    7.30 ms per token,   137.03 tokens per second)
llama_perf_context_print:        eval time =     910.39 ms /    20 runs   (   45.52 ms per token,    21.97 tokens per second)
llama_perf_context_print:       total time =    1570.76 ms /   110 tokens
llama_perf_context_print:    graphs reused =         19
~llama_context:        CPU compute buffer size is 206.0020 MiB, matches expectation of 206.0020 MiB
--- Ministral 3 3B ---
[Ministral 3 3B] 0. short query
Llama.generate: 212 prefix-match hit, remaining 14 prompt tokens to eval
llama_perf_context_print:        load time =    1008.46 ms
llama_perf_context_print: prompt eval time =     117.29 ms /    14 tokens (    8.38 ms per token,   119.37 tokens per second)
llama_perf_context_print:        eval time =    1006.53 ms /    26 runs   (   38.71 ms per token,    25.83 tokens per second)
llama_perf_context_print:       total time =    1129.00 ms /    40 tokens
llama_perf_context_print:    graphs reused =          0
[Ministral 3 3B] 1. short query
Llama.generate: 252 prefix-match hit, remaining 14 prompt tokens to eval
llama_perf_context_print:        load time =    1008.46 ms
llama_perf_context_print: prompt eval time =     118.81 ms /    14 tokens (    8.49 ms per token,   117.84 tokens per second)
llama_perf_context_print:        eval time =     869.96 ms /    22 runs   (   39.54 ms per token,    25.29 tokens per second)
llama_perf_context_print:       total time =     993.14 ms /    36 tokens
llama_perf_context_print:    graphs reused =          0
[Ministral 3 3B] 2. short query
Llama.generate: 288 prefix-match hit, remaining 16 prompt tokens to eval
llama_perf_context_print:        load time =    1008.46 ms
llama_perf_context_print: prompt eval time =     101.46 ms /    16 tokens (    6.34 ms per token,   157.70 tokens per second)
llama_perf_context_print:        eval time =     949.08 ms /    24 runs   (   39.54 ms per token,    25.29 tokens per second)
llama_perf_context_print:       total time =    1055.32 ms /    40 tokens
llama_perf_context_print:    graphs reused =          0
[Ministral 3 3B] 3. short query
Llama.generate: 328 prefix-match hit, remaining 18 prompt tokens to eval
llama_perf_context_print:        load time =    1008.46 ms
llama_perf_context_print: prompt eval time =     132.89 ms /    18 tokens (    7.38 ms per token,   135.45 tokens per second)
llama_perf_context_print:        eval time =    1031.22 ms /    26 runs   (   39.66 ms per token,    25.21 tokens per second)
llama_perf_context_print:       total time =    1169.30 ms /    44 tokens
llama_perf_context_print:    graphs reused =          0
[Ministral 3 3B] 4. short query
Llama.generate: 372 prefix-match hit, remaining 12 prompt tokens to eval
llama_perf_context_print:        load time =    1008.46 ms
llama_perf_context_print: prompt eval time =     105.72 ms /    12 tokens (    8.81 ms per token,   113.51 tokens per second)
llama_perf_context_print:        eval time =     911.43 ms /    23 runs   (   39.63 ms per token,    25.24 tokens per second)
llama_perf_context_print:       total time =    1021.75 ms /    35 tokens
llama_perf_context_print:    graphs reused =          0
[Ministral 3 3B] 5. short query
Llama.generate: 407 prefix-match hit, remaining 15 prompt tokens to eval
llama_perf_context_print:        load time =    1008.46 ms
llama_perf_context_print: prompt eval time =     130.86 ms /    15 tokens (    8.72 ms per token,   114.63 tokens per second)
llama_perf_context_print:        eval time =    1031.60 ms /    26 runs   (   39.68 ms per token,    25.20 tokens per second)
llama_perf_context_print:       total time =    1167.44 ms /    41 tokens
llama_perf_context_print:    graphs reused =          0
[Ministral 3 3B] 6. short query
Llama.generate: 448 prefix-match hit, remaining 17 prompt tokens to eval
llama_perf_context_print:        load time =    1008.46 ms
llama_perf_context_print: prompt eval time =     124.54 ms /    17 tokens (    7.33 ms per token,   136.50 tokens per second)
llama_perf_context_print:        eval time =    1031.47 ms /    26 runs   (   39.67 ms per token,    25.21 tokens per second)
llama_perf_context_print:       total time =    1161.01 ms /    43 tokens
llama_perf_context_print:    graphs reused =          0
[Ministral 3 3B] 7. short query
Llama.generate: 491 prefix-match hit, remaining 13 prompt tokens to eval
llama_perf_context_print:        load time =    1008.46 ms
llama_perf_context_print: prompt eval time =     119.92 ms /    13 tokens (    9.22 ms per token,   108.41 tokens per second)
llama_perf_context_print:        eval time =    1095.10 ms /    27 runs   (   40.56 ms per token,    24.66 tokens per second)
llama_perf_context_print:       total time =    1220.13 ms /    40 tokens
llama_perf_context_print:    graphs reused =          0
[Ministral 3 3B] 8. short query
Llama.generate: 531 prefix-match hit, remaining 13 prompt tokens to eval
llama_perf_context_print:        load time =    1008.46 ms
llama_perf_context_print: prompt eval time =     120.50 ms /    13 tokens (    9.27 ms per token,   107.88 tokens per second)
llama_perf_context_print:        eval time =     941.84 ms /    23 runs   (   40.95 ms per token,    24.42 tokens per second)
llama_perf_context_print:       total time =    1066.74 ms /    36 tokens
llama_perf_context_print:    graphs reused =          0
[Ministral 3 3B] 9. short query
Llama.generate: 567 prefix-match hit, remaining 13 prompt tokens to eval
llama_perf_context_print:        load time =    1008.46 ms
llama_perf_context_print: prompt eval time =     123.34 ms /    13 tokens (    9.49 ms per token,   105.40 tokens per second)
llama_perf_context_print:        eval time =    1309.63 ms /    32 runs   (   40.93 ms per token,    24.43 tokens per second)
llama_perf_context_print:       total time =    1439.03 ms /    45 tokens
llama_perf_context_print:    graphs reused =          0
[Ministral 3 3B] 10. short query
Llama.generate: 612 prefix-match hit, remaining 18 prompt tokens to eval
llama_perf_context_print:        load time =    1008.46 ms
llama_perf_context_print: prompt eval time =     143.79 ms /    18 tokens (    7.99 ms per token,   125.18 tokens per second)
llama_perf_context_print:        eval time =     983.68 ms /    24 runs   (   40.99 ms per token,    24.40 tokens per second)
llama_perf_context_print:       total time =    1132.07 ms /    42 tokens
llama_perf_context_print:    graphs reused =          0
[Ministral 3 3B] 11. short query
Llama.generate: 654 prefix-match hit, remaining 13 prompt tokens to eval
llama_perf_context_print:        load time =    1008.46 ms
llama_perf_context_print: prompt eval time =     125.90 ms /    13 tokens (    9.68 ms per token,   103.25 tokens per second)
llama_perf_context_print:        eval time =     942.95 ms /    23 runs   (   41.00 ms per token,    24.39 tokens per second)
llama_perf_context_print:       total time =    1073.30 ms /    36 tokens
llama_perf_context_print:    graphs reused =          0
[Ministral 3 3B] 12. short query
Llama.generate: 690 prefix-match hit, remaining 14 prompt tokens to eval
llama_perf_context_print:        load time =    1008.46 ms
llama_perf_context_print: prompt eval time =     137.31 ms /    14 tokens (    9.81 ms per token,   101.96 tokens per second)
llama_perf_context_print:        eval time =     900.90 ms /    22 runs   (   40.95 ms per token,    24.42 tokens per second)
llama_perf_context_print:       total time =    1042.38 ms /    36 tokens
llama_perf_context_print:    graphs reused =          0
[Ministral 3 3B] 13. short query
Llama.generate: 726 prefix-match hit, remaining 15 prompt tokens to eval
llama_perf_context_print:        load time =    1008.46 ms
llama_perf_context_print: prompt eval time =     147.33 ms /    15 tokens (    9.82 ms per token,   101.81 tokens per second)
llama_perf_context_print:        eval time =    1025.53 ms /    25 runs   (   41.02 ms per token,    24.38 tokens per second)
llama_perf_context_print:       total time =    1177.57 ms /    40 tokens
llama_perf_context_print:    graphs reused =          0
[Ministral 3 3B] 14. short query
Llama.generate: 766 prefix-match hit, remaining 15 prompt tokens to eval
llama_perf_context_print:        load time =    1008.46 ms
llama_perf_context_print: prompt eval time =     149.58 ms /    15 tokens (    9.97 ms per token,   100.28 tokens per second)
llama_perf_context_print:        eval time =     885.34 ms /    21 runs   (   42.16 ms per token,    23.72 tokens per second)
llama_perf_context_print:       total time =    1038.90 ms /    36 tokens
llama_perf_context_print:    graphs reused =          0
[Ministral 3 3B] 15. short query
Llama.generate: 802 prefix-match hit, remaining 13 prompt tokens to eval
llama_perf_context_print:        load time =    1008.46 ms
llama_perf_context_print: prompt eval time =     131.59 ms /    13 tokens (   10.12 ms per token,    98.79 tokens per second)
llama_perf_context_print:        eval time =     926.58 ms /    22 runs   (   42.12 ms per token,    23.74 tokens per second)
llama_perf_context_print:       total time =    1062.36 ms /    35 tokens
llama_perf_context_print:    graphs reused =          0
[Ministral 3 3B] 0. long query
Llama.generate: 212 prefix-match hit, remaining 71 prompt tokens to eval
llama_perf_context_print:        load time =    1008.46 ms
llama_perf_context_print: prompt eval time =     392.68 ms /    71 tokens (    5.53 ms per token,   180.81 tokens per second)
llama_perf_context_print:        eval time =    1148.09 ms /    29 runs   (   39.59 ms per token,    25.26 tokens per second)
llama_perf_context_print:       total time =    1546.30 ms /   100 tokens
llama_perf_context_print:    graphs reused =          0
[Ministral 3 3B] 1. long query
Llama.generate: 312 prefix-match hit, remaining 68 prompt tokens to eval
llama_perf_context_print:        load time =    1008.46 ms
llama_perf_context_print: prompt eval time =     382.34 ms /    68 tokens (    5.62 ms per token,   177.85 tokens per second)
llama_perf_context_print:        eval time =    1307.33 ms /    33 runs   (   39.62 ms per token,    25.24 tokens per second)
llama_perf_context_print:       total time =    1696.00 ms /   101 tokens
llama_perf_context_print:    graphs reused =          0
[Ministral 3 3B] 2. long query
Llama.generate: 413 prefix-match hit, remaining 68 prompt tokens to eval
llama_perf_context_print:        load time =    1008.46 ms
llama_perf_context_print: prompt eval time =     398.19 ms /    68 tokens (    5.86 ms per token,   170.77 tokens per second)
llama_perf_context_print:        eval time =    1150.79 ms /    29 runs   (   39.68 ms per token,    25.20 tokens per second)
llama_perf_context_print:       total time =    1554.56 ms /    97 tokens
llama_perf_context_print:    graphs reused =          0
[Ministral 3 3B] 3. long query
Llama.generate: 510 prefix-match hit, remaining 73 prompt tokens to eval
llama_perf_context_print:        load time =    1008.46 ms
llama_perf_context_print: prompt eval time =     444.16 ms /    73 tokens (    6.08 ms per token,   164.36 tokens per second)
llama_perf_context_print:        eval time =    1350.00 ms /    33 runs   (   40.91 ms per token,    24.44 tokens per second)
llama_perf_context_print:       total time =    1800.50 ms /   106 tokens
llama_perf_context_print:    graphs reused =          0
[Ministral 3 3B] 4. long query
Llama.generate: 616 prefix-match hit, remaining 77 prompt tokens to eval
llama_perf_context_print:        load time =    1008.46 ms
llama_perf_context_print: prompt eval time =     476.39 ms /    77 tokens (    6.19 ms per token,   161.63 tokens per second)
llama_perf_context_print:        eval time =    2007.29 ms /    49 runs   (   40.97 ms per token,    24.41 tokens per second)
llama_perf_context_print:       total time =    2493.39 ms /   126 tokens
llama_perf_context_print:    graphs reused =          0
[Ministral 3 3B] 5. long query
Llama.generate: 742 prefix-match hit, remaining 82 prompt tokens to eval
llama_perf_context_print:        load time =    1008.46 ms
llama_perf_context_print: prompt eval time =     500.07 ms /    82 tokens (    6.10 ms per token,   163.98 tokens per second)
llama_perf_context_print:        eval time =    1769.71 ms /    42 runs   (   42.14 ms per token,    23.73 tokens per second)
llama_perf_context_print:       total time =    2277.95 ms /   124 tokens
llama_perf_context_print:    graphs reused =          0
[Ministral 3 3B] 6. long query
Llama.generate: 866 prefix-match hit, remaining 75 prompt tokens to eval
llama_perf_context_print:        load time =    1008.46 ms
llama_perf_context_print: prompt eval time =     484.24 ms /    75 tokens (    6.46 ms per token,   154.88 tokens per second)
llama_perf_context_print:        eval time =    1307.75 ms /    31 runs   (   42.19 ms per token,    23.70 tokens per second)
llama_perf_context_print:       total time =    1798.16 ms /   106 tokens
llama_perf_context_print:    graphs reused =          0
[Ministral 3 3B] 7. long query
Llama.generate: 972 prefix-match hit, remaining 76 prompt tokens to eval
llama_perf_context_print:        load time =    1008.46 ms
llama_perf_context_print: prompt eval time =     509.72 ms /    76 tokens (    6.71 ms per token,   149.10 tokens per second)
llama_perf_context_print:        eval time =    1435.34 ms /    33 runs   (   43.50 ms per token,    22.99 tokens per second)
llama_perf_context_print:       total time =    1951.67 ms /   109 tokens
llama_perf_context_print:    graphs reused =          0
[Ministral 3 3B] 8. long query
Llama.generate: 1081 prefix-match hit, remaining 73 prompt tokens to eval
llama_perf_context_print:        load time =    1008.46 ms
llama_perf_context_print: prompt eval time =     510.92 ms /    73 tokens (    7.00 ms per token,   142.88 tokens per second)
llama_perf_context_print:        eval time =    1435.64 ms /    33 runs   (   43.50 ms per token,    22.99 tokens per second)
llama_perf_context_print:       total time =    1952.92 ms /   106 tokens
llama_perf_context_print:    graphs reused =          0
[Ministral 3 3B] 9. long query
Llama.generate: 1187 prefix-match hit, remaining 76 prompt tokens to eval
llama_perf_context_print:        load time =    1008.46 ms
llama_perf_context_print: prompt eval time =     535.41 ms /    76 tokens (    7.04 ms per token,   141.95 tokens per second)
llama_perf_context_print:        eval time =    1502.32 ms /    34 runs   (   44.19 ms per token,    22.63 tokens per second)
llama_perf_context_print:       total time =    2044.33 ms /   110 tokens
llama_perf_context_print:    graphs reused =          0
[Ministral 3 3B] 10. long query
Llama.generate: 1297 prefix-match hit, remaining 69 prompt tokens to eval
llama_perf_context_print:        load time =    1008.46 ms
llama_perf_context_print: prompt eval time =     488.68 ms /    69 tokens (    7.08 ms per token,   141.20 tokens per second)
llama_perf_context_print:        eval time =    1389.82 ms /    31 runs   (   44.83 ms per token,    22.31 tokens per second)
llama_perf_context_print:       total time =    1884.50 ms /   100 tokens
llama_perf_context_print:    graphs reused =          0
[Ministral 3 3B] 11. long query
Llama.generate: 1397 prefix-match hit, remaining 74 prompt tokens to eval
llama_perf_context_print:        load time =    1008.46 ms
llama_perf_context_print: prompt eval time =     546.83 ms /    74 tokens (    7.39 ms per token,   135.33 tokens per second)
llama_perf_context_print:        eval time =    1435.02 ms /    32 runs   (   44.84 ms per token,    22.30 tokens per second)
llama_perf_context_print:       total time =    1988.00 ms /   106 tokens
llama_perf_context_print:    graphs reused =          0
[Ministral 3 3B] 12. long query
Llama.generate: 1503 prefix-match hit, remaining 79 prompt tokens to eval
llama_perf_context_print:        load time =    1008.46 ms
llama_perf_context_print: prompt eval time =     597.38 ms /    79 tokens (    7.56 ms per token,   132.24 tokens per second)
llama_perf_context_print:        eval time =    1997.16 ms /    43 runs   (   46.45 ms per token,    21.53 tokens per second)
llama_perf_context_print:       total time =    2603.06 ms /   122 tokens
llama_perf_context_print:    graphs reused =          0
[Ministral 3 3B] 13. long query
Llama.generate: 1625 prefix-match hit, remaining 73 prompt tokens to eval
llama_perf_context_print:        load time =    1008.46 ms
llama_perf_context_print: prompt eval time =     567.68 ms /    73 tokens (    7.78 ms per token,   128.59 tokens per second)
llama_perf_context_print:        eval time =    1768.31 ms /    38 runs   (   46.53 ms per token,    21.49 tokens per second)
llama_perf_context_print:       total time =    2343.47 ms /   111 tokens
llama_perf_context_print:    graphs reused =          0
[Ministral 3 3B] 14. long query
Llama.generate: 1736 prefix-match hit, remaining 78 prompt tokens to eval
llama_perf_context_print:        load time =    1008.46 ms
llama_perf_context_print: prompt eval time =     583.41 ms /    78 tokens (    7.48 ms per token,   133.70 tokens per second)
llama_perf_context_print:        eval time =    2099.11 ms /    44 runs   (   47.71 ms per token,    20.96 tokens per second)
llama_perf_context_print:       total time =    2691.27 ms /   122 tokens
llama_perf_context_print:    graphs reused =          0
[Ministral 3 3B] 15. long query
Llama.generate: 1858 prefix-match hit, remaining 80 prompt tokens to eval
llama_perf_context_print:        load time =    1008.46 ms
llama_perf_context_print: prompt eval time =     610.06 ms /    80 tokens (    7.63 ms per token,   131.13 tokens per second)
llama_perf_context_print:        eval time =    1815.56 ms /    38 runs   (   47.78 ms per token,    20.93 tokens per second)
llama_perf_context_print:       total time =    2433.15 ms /   118 tokens
llama_perf_context_print:    graphs reused =          0
~llama_context:        CPU compute buffer size is 268.0020 MiB, matches expectation of 268.0020 MiB
--- Llama 3.2 3B ---
[Llama 3.2 3B] 0. short query
Llama.generate: 200 prefix-match hit, remaining 21 prompt tokens to eval
llama_perf_context_print:        load time =     914.30 ms
llama_perf_context_print: prompt eval time =     125.11 ms /    21 tokens (    5.96 ms per token,   167.86 tokens per second)
llama_perf_context_print:        eval time =     798.35 ms /    22 runs   (   36.29 ms per token,    27.56 tokens per second)
llama_perf_context_print:       total time =     927.58 ms /    43 tokens
llama_perf_context_print:    graphs reused =         21
[Llama 3.2 3B] 1. short query
Llama.generate: 243 prefix-match hit, remaining 21 prompt tokens to eval
llama_perf_context_print:        load time =     914.30 ms
llama_perf_context_print: prompt eval time =     128.74 ms /    21 tokens (    6.13 ms per token,   163.12 tokens per second)
llama_perf_context_print:        eval time =    1219.55 ms /    33 runs   (   36.96 ms per token,    27.06 tokens per second)
llama_perf_context_print:       total time =    1354.46 ms /    54 tokens
llama_perf_context_print:    graphs reused =         32
[Llama 3.2 3B] 2. short query
Llama.generate: 297 prefix-match hit, remaining 22 prompt tokens to eval
llama_perf_context_print:        load time =     914.30 ms
llama_perf_context_print: prompt eval time =     139.40 ms /    22 tokens (    6.34 ms per token,   157.82 tokens per second)
llama_perf_context_print:        eval time =    1108.37 ms /    30 runs   (   36.95 ms per token,    27.07 tokens per second)
llama_perf_context_print:       total time =    1253.32 ms /    52 tokens
llama_perf_context_print:    graphs reused =         29
[Llama 3.2 3B] 3. short query
Llama.generate: 349 prefix-match hit, remaining 23 prompt tokens to eval
llama_perf_context_print:        load time =     914.30 ms
llama_perf_context_print: prompt eval time =     155.49 ms /    23 tokens (    6.76 ms per token,   147.92 tokens per second)
llama_perf_context_print:        eval time =     813.61 ms /    22 runs   (   36.98 ms per token,    27.04 tokens per second)
llama_perf_context_print:       total time =     973.15 ms /    45 tokens
llama_perf_context_print:    graphs reused =         21
[Llama 3.2 3B] 4. short query
Llama.generate: 394 prefix-match hit, remaining 19 prompt tokens to eval
llama_perf_context_print:        load time =     914.30 ms
llama_perf_context_print: prompt eval time =     129.31 ms /    19 tokens (    6.81 ms per token,   146.94 tokens per second)
llama_perf_context_print:        eval time =    1109.85 ms /    30 runs   (   37.00 ms per token,    27.03 tokens per second)
llama_perf_context_print:       total time =    1244.68 ms /    49 tokens
llama_perf_context_print:    graphs reused =         29
[Llama 3.2 3B] 5. short query
Llama.generate: 443 prefix-match hit, remaining 22 prompt tokens to eval
llama_perf_context_print:        load time =     914.30 ms
llama_perf_context_print: prompt eval time =     150.13 ms /    22 tokens (    6.82 ms per token,   146.54 tokens per second)
llama_perf_context_print:        eval time =    1555.11 ms /    42 runs   (   37.03 ms per token,    27.01 tokens per second)
llama_perf_context_print:       total time =    1713.30 ms /    64 tokens
llama_perf_context_print:    graphs reused =         41
[Llama 3.2 3B] 6. short query
Llama.generate: 507 prefix-match hit, remaining 24 prompt tokens to eval
llama_perf_context_print:        load time =     914.30 ms
llama_perf_context_print: prompt eval time =     156.91 ms /    24 tokens (    6.54 ms per token,   152.95 tokens per second)
llama_perf_context_print:        eval time =    1257.51 ms /    33 runs   (   38.11 ms per token,    26.24 tokens per second)
llama_perf_context_print:       total time =    1420.62 ms /    57 tokens
llama_perf_context_print:    graphs reused =         32
[Llama 3.2 3B] 7. short query
Llama.generate: 564 prefix-match hit, remaining 19 prompt tokens to eval
llama_perf_context_print:        load time =     914.30 ms
llama_perf_context_print: prompt eval time =     137.19 ms /    19 tokens (    7.22 ms per token,   138.49 tokens per second)
llama_perf_context_print:        eval time =    1372.40 ms /    36 runs   (   38.12 ms per token,    26.23 tokens per second)
llama_perf_context_print:       total time =    1516.39 ms /    55 tokens
llama_perf_context_print:    graphs reused =         35
[Llama 3.2 3B] 8. short query
Llama.generate: 619 prefix-match hit, remaining 20 prompt tokens to eval
llama_perf_context_print:        load time =     914.30 ms
llama_perf_context_print: prompt eval time =     139.35 ms /    20 tokens (    6.97 ms per token,   143.52 tokens per second)
llama_perf_context_print:        eval time =    1032.28 ms /    27 runs   (   38.23 ms per token,    26.16 tokens per second)
llama_perf_context_print:       total time =    1176.72 ms /    47 tokens
llama_perf_context_print:    graphs reused =         26
[Llama 3.2 3B] 9. short query
Llama.generate: 666 prefix-match hit, remaining 20 prompt tokens to eval
llama_perf_context_print:        load time =     914.30 ms
llama_perf_context_print: prompt eval time =     139.99 ms /    20 tokens (    7.00 ms per token,   142.87 tokens per second)
llama_perf_context_print:        eval time =    1375.52 ms /    36 runs   (   38.21 ms per token,    26.17 tokens per second)
llama_perf_context_print:       total time =    1522.47 ms /    56 tokens
llama_perf_context_print:    graphs reused =         35
[Llama 3.2 3B] 10. short query
Llama.generate: 722 prefix-match hit, remaining 25 prompt tokens to eval
llama_perf_context_print:        load time =     914.30 ms
llama_perf_context_print: prompt eval time =     179.45 ms /    25 tokens (    7.18 ms per token,   139.32 tokens per second)
llama_perf_context_print:        eval time =    1157.25 ms /    30 runs   (   38.58 ms per token,    25.92 tokens per second)
llama_perf_context_print:       total time =    1342.56 ms /    55 tokens
llama_perf_context_print:    graphs reused =         28
[Llama 3.2 3B] 11. short query
Llama.generate: 777 prefix-match hit, remaining 20 prompt tokens to eval
llama_perf_context_print:        load time =     914.30 ms
llama_perf_context_print: prompt eval time =     144.78 ms /    20 tokens (    7.24 ms per token,   138.14 tokens per second)
llama_perf_context_print:        eval time =    1455.16 ms /    37 runs   (   39.33 ms per token,    25.43 tokens per second)
llama_perf_context_print:       total time =    1607.04 ms /    57 tokens
llama_perf_context_print:    graphs reused =         36
[Llama 3.2 3B] 12. short query
Llama.generate: 834 prefix-match hit, remaining 21 prompt tokens to eval
llama_perf_context_print:        load time =     914.30 ms
llama_perf_context_print: prompt eval time =     161.18 ms /    21 tokens (    7.68 ms per token,   130.29 tokens per second)
llama_perf_context_print:        eval time =    1182.03 ms /    30 runs   (   39.40 ms per token,    25.38 tokens per second)
llama_perf_context_print:       total time =    1348.92 ms /    51 tokens
llama_perf_context_print:    graphs reused =         29
[Llama 3.2 3B] 13. short query
Llama.generate: 885 prefix-match hit, remaining 22 prompt tokens to eval
llama_perf_context_print:        load time =     914.30 ms
llama_perf_context_print: prompt eval time =     172.26 ms /    22 tokens (    7.83 ms per token,   127.71 tokens per second)
llama_perf_context_print:        eval time =    1578.66 ms /    40 runs   (   39.47 ms per token,    25.34 tokens per second)
llama_perf_context_print:       total time =    1758.63 ms /    62 tokens
llama_perf_context_print:    graphs reused =         39
[Llama 3.2 3B] 14. short query
Llama.generate: 947 prefix-match hit, remaining 22 prompt tokens to eval
llama_perf_context_print:        load time =     914.30 ms
llama_perf_context_print: prompt eval time =     173.16 ms /    22 tokens (    7.87 ms per token,   127.05 tokens per second)
llama_perf_context_print:        eval time =    1578.12 ms /    40 runs   (   39.45 ms per token,    25.35 tokens per second)
llama_perf_context_print:       total time =    1758.92 ms /    62 tokens
llama_perf_context_print:    graphs reused =         39
[Llama 3.2 3B] 15. short query
Llama.generate: 1009 prefix-match hit, remaining 20 prompt tokens to eval
llama_perf_context_print:        load time =     914.30 ms
llama_perf_context_print: prompt eval time =     158.69 ms /    20 tokens (    7.93 ms per token,   126.03 tokens per second)
llama_perf_context_print:        eval time =    1379.15 ms /    34 runs   (   40.56 ms per token,    24.65 tokens per second)
llama_perf_context_print:       total time =    1544.18 ms /    54 tokens
llama_perf_context_print:    graphs reused =         33
[Llama 3.2 3B] 0. long query
Llama.generate: 200 prefix-match hit, remaining 77 prompt tokens to eval
llama_perf_context_print:        load time =     914.30 ms
llama_perf_context_print: prompt eval time =     392.46 ms /    77 tokens (    5.10 ms per token,   196.20 tokens per second)
llama_perf_context_print:        eval time =    1995.25 ms /    54 runs   (   36.95 ms per token,    27.06 tokens per second)
llama_perf_context_print:       total time =    2398.16 ms /   131 tokens
llama_perf_context_print:    graphs reused =         53
[Llama 3.2 3B] 1. long query
Llama.generate: 331 prefix-match hit, remaining 74 prompt tokens to eval
llama_perf_context_print:        load time =     914.30 ms
llama_perf_context_print: prompt eval time =     388.80 ms /    74 tokens (    5.25 ms per token,   190.33 tokens per second)
llama_perf_context_print:        eval time =    1703.51 ms /    46 runs   (   37.03 ms per token,    27.00 tokens per second)
llama_perf_context_print:       total time =    2101.26 ms /   120 tokens
llama_perf_context_print:    graphs reused =         45
[Llama 3.2 3B] 2. long query
Llama.generate: 451 prefix-match hit, remaining 73 prompt tokens to eval
llama_perf_context_print:        load time =     914.30 ms
llama_perf_context_print: prompt eval time =     407.27 ms /    73 tokens (    5.58 ms per token,   179.24 tokens per second)
llama_perf_context_print:        eval time =    2402.43 ms /    63 runs   (   38.13 ms per token,    26.22 tokens per second)
llama_perf_context_print:       total time =    2822.31 ms /   136 tokens
llama_perf_context_print:    graphs reused =         62
[Llama 3.2 3B] 3. long query
Llama.generate: 587 prefix-match hit, remaining 78 prompt tokens to eval
llama_perf_context_print:        load time =     914.30 ms
llama_perf_context_print: prompt eval time =     427.58 ms /    78 tokens (    5.48 ms per token,   182.42 tokens per second)
llama_perf_context_print:        eval time =    2025.02 ms /    53 runs   (   38.21 ms per token,    26.17 tokens per second)
llama_perf_context_print:       total time =    2463.17 ms /   131 tokens
llama_perf_context_print:    graphs reused =         52
[Llama 3.2 3B] 4. long query
Llama.generate: 718 prefix-match hit, remaining 83 prompt tokens to eval
llama_perf_context_print:        load time =     914.30 ms
llama_perf_context_print: prompt eval time =     474.70 ms /    83 tokens (    5.72 ms per token,   174.85 tokens per second)
llama_perf_context_print:        eval time =    1926.18 ms /    49 runs   (   39.31 ms per token,    25.44 tokens per second)
llama_perf_context_print:       total time =    2410.51 ms /   132 tokens
llama_perf_context_print:    graphs reused =         48
[Llama 3.2 3B] 5. long query
Llama.generate: 850 prefix-match hit, remaining 83 prompt tokens to eval
llama_perf_context_print:        load time =     914.30 ms
llama_perf_context_print: prompt eval time =     491.55 ms /    83 tokens (    5.92 ms per token,   168.85 tokens per second)
llama_perf_context_print:        eval time =    2484.59 ms /    63 runs   (   39.44 ms per token,    25.36 tokens per second)
llama_perf_context_print:       total time =    2988.83 ms /   146 tokens
llama_perf_context_print:    graphs reused =         62
[Llama 3.2 3B] 6. long query
Llama.generate: 996 prefix-match hit, remaining 78 prompt tokens to eval
llama_perf_context_print:        load time =     914.30 ms
llama_perf_context_print: prompt eval time =     470.53 ms /    78 tokens (    6.03 ms per token,   165.77 tokens per second)
llama_perf_context_print:        eval time =    2151.46 ms /    53 runs   (   40.59 ms per token,    24.63 tokens per second)
llama_perf_context_print:       total time =    2632.17 ms /   131 tokens
llama_perf_context_print:    graphs reused =         52
[Llama 3.2 3B] 7. long query
Llama.generate: 1127 prefix-match hit, remaining 83 prompt tokens to eval
llama_perf_context_print:        load time =     914.30 ms
llama_perf_context_print: prompt eval time =     518.20 ms /    83 tokens (    6.24 ms per token,   160.17 tokens per second)
llama_perf_context_print:        eval time =    1746.13 ms /    43 runs   (   40.61 ms per token,    24.63 tokens per second)
llama_perf_context_print:       total time =    2272.62 ms /   126 tokens
llama_perf_context_print:    graphs reused =         42
[Llama 3.2 3B] 8. long query
Llama.generate: 1253 prefix-match hit, remaining 79 prompt tokens to eval
llama_perf_context_print:        load time =     914.30 ms
llama_perf_context_print: prompt eval time =     529.17 ms /    79 tokens (    6.70 ms per token,   149.29 tokens per second)
llama_perf_context_print:        eval time =    2297.21 ms /    55 runs   (   41.77 ms per token,    23.94 tokens per second)
llama_perf_context_print:       total time =    2836.95 ms /   134 tokens
llama_perf_context_print:    graphs reused =         54
[Llama 3.2 3B] 9. long query
Llama.generate: 1387 prefix-match hit, remaining 80 prompt tokens to eval
llama_perf_context_print:        load time =     914.30 ms
llama_perf_context_print: prompt eval time =     492.08 ms /    80 tokens (    6.15 ms per token,   162.58 tokens per second)
llama_perf_context_print:        eval time =    2008.45 ms /    48 runs   (   41.84 ms per token,    23.90 tokens per second)
llama_perf_context_print:       total time =    2509.65 ms /   128 tokens
llama_perf_context_print:    graphs reused =         47
[Llama 3.2 3B] 10. long query
Llama.generate: 1515 prefix-match hit, remaining 75 prompt tokens to eval
llama_perf_context_print:        load time =     914.30 ms
llama_perf_context_print: prompt eval time =     537.26 ms /    75 tokens (    7.16 ms per token,   139.60 tokens per second)
llama_perf_context_print:        eval time =    2178.32 ms /    50 runs   (   43.57 ms per token,    22.95 tokens per second)
llama_perf_context_print:       total time =    2725.08 ms /   125 tokens
llama_perf_context_print:    graphs reused =         49
[Llama 3.2 3B] 11. long query
Llama.generate: 1640 prefix-match hit, remaining 79 prompt tokens to eval
llama_perf_context_print:        load time =     914.30 ms
llama_perf_context_print: prompt eval time =     573.63 ms /    79 tokens (    7.26 ms per token,   137.72 tokens per second)
llama_perf_context_print:        eval time =    1959.72 ms /    45 runs   (   43.55 ms per token,    22.96 tokens per second)
llama_perf_context_print:       total time =    2542.28 ms /   124 tokens
llama_perf_context_print:    graphs reused =         44
[Llama 3.2 3B] 12. long query
Llama.generate: 1764 prefix-match hit, remaining 83 prompt tokens to eval
llama_perf_context_print:        load time =     914.30 ms
llama_perf_context_print: prompt eval time =     592.97 ms /    83 tokens (    7.14 ms per token,   139.97 tokens per second)
llama_perf_context_print:        eval time =    2014.32 ms /    45 runs   (   44.76 ms per token,    22.34 tokens per second)
llama_perf_context_print:       total time =    2615.93 ms /   128 tokens
llama_perf_context_print:    graphs reused =         44
[Llama 3.2 3B] 13. long query
Llama.generate: 1892 prefix-match hit, remaining 80 prompt tokens to eval
llama_perf_context_print:        load time =     914.30 ms
llama_perf_context_print: prompt eval time =     536.25 ms /    80 tokens (    6.70 ms per token,   149.18 tokens per second)
llama_perf_context_print:        eval time =    2241.27 ms /    50 runs   (   44.83 ms per token,    22.31 tokens per second)
llama_perf_context_print:       total time =    2787.41 ms /   130 tokens
llama_perf_context_print:    graphs reused =         49
[Llama 3.2 3B] 14. long query
Llama.generate: 2022 prefix-match hit, remaining 85 prompt tokens to eval
llama_perf_context_print:        load time =     914.30 ms
llama_perf_context_print: prompt eval time =     630.28 ms /    85 tokens (    7.42 ms per token,   134.86 tokens per second)
llama_perf_context_print:        eval time =    2642.30 ms /    58 runs   (   45.56 ms per token,    21.95 tokens per second)
llama_perf_context_print:       total time =    3284.19 ms /   143 tokens
llama_perf_context_print:    graphs reused =         57
[Llama 3.2 3B] 15. long query
Llama.generate: 2165 prefix-match hit, remaining 86 prompt tokens to eval
llama_perf_context_print:        load time =     914.30 ms
llama_perf_context_print: prompt eval time =     588.96 ms /    86 tokens (    6.85 ms per token,   146.02 tokens per second)
llama_perf_context_print:        eval time =    2889.22 ms /    63 runs   (   45.86 ms per token,    21.81 tokens per second)
llama_perf_context_print:       total time =    3490.86 ms /   149 tokens
llama_perf_context_print:    graphs reused =         61
~llama_context:        CPU compute buffer size is 262.5020 MiB, matches expectation of 262.5020 MiB
--- LFM2.5 2.6B ---
[LFM2.5 2.6B] 0. short query
Llama.generate: 215 prefix-match hit, remaining 24 prompt tokens to eval
llama_perf_context_print:        load time =     905.69 ms
llama_perf_context_print: prompt eval time =     117.01 ms /    24 tokens (    4.88 ms per token,   205.11 tokens per second)
llama_perf_context_print:        eval time =     613.81 ms /    21 runs   (   29.23 ms per token,    34.21 tokens per second)
llama_perf_context_print:       total time =     734.84 ms /    45 tokens
llama_perf_context_print:    graphs reused =         19
[LFM2.5 2.6B] 1. short query
Llama.generate: 260 prefix-match hit, remaining 25 prompt tokens to eval
llama_perf_context_print:        load time =     905.69 ms
llama_perf_context_print: prompt eval time =     123.51 ms /    25 tokens (    4.94 ms per token,   202.41 tokens per second)
llama_perf_context_print:        eval time =     616.88 ms /    21 runs   (   29.38 ms per token,    34.04 tokens per second)
llama_perf_context_print:       total time =     744.46 ms /    46 tokens
llama_perf_context_print:    graphs reused =         20
[LFM2.5 2.6B] 2. short query
Llama.generate: 306 prefix-match hit, remaining 27 prompt tokens to eval
llama_perf_context_print:        load time =     905.69 ms
llama_perf_context_print: prompt eval time =     139.95 ms /    27 tokens (    5.18 ms per token,   192.93 tokens per second)
llama_perf_context_print:        eval time =     587.74 ms /    20 runs   (   29.39 ms per token,    34.03 tokens per second)
llama_perf_context_print:       total time =     731.51 ms /    47 tokens
llama_perf_context_print:    graphs reused =         19
[LFM2.5 2.6B] 3. short query
Llama.generate: 353 prefix-match hit, remaining 29 prompt tokens to eval
llama_perf_context_print:        load time =     905.69 ms
llama_perf_context_print: prompt eval time =     145.03 ms /    29 tokens (    5.00 ms per token,   199.95 tokens per second)
llama_perf_context_print:        eval time =     882.66 ms /    30 runs   (   29.42 ms per token,    33.99 tokens per second)
llama_perf_context_print:       total time =    1033.32 ms /    59 tokens
llama_perf_context_print:    graphs reused =         29
[LFM2.5 2.6B] 4. short query
Llama.generate: 412 prefix-match hit, remaining 23 prompt tokens to eval
llama_perf_context_print:        load time =     905.69 ms
llama_perf_context_print: prompt eval time =     123.78 ms /    23 tokens (    5.38 ms per token,   185.81 tokens per second)
llama_perf_context_print:        eval time =     470.63 ms /    16 runs   (   29.41 ms per token,    34.00 tokens per second)
llama_perf_context_print:       total time =     597.52 ms /    39 tokens
llama_perf_context_print:    graphs reused =         15
[LFM2.5 2.6B] 5. short query
Llama.generate: 451 prefix-match hit, remaining 26 prompt tokens to eval
llama_perf_context_print:        load time =     905.69 ms
llama_perf_context_print: prompt eval time =     133.66 ms /    26 tokens (    5.14 ms per token,   194.52 tokens per second)
llama_perf_context_print:        eval time =     764.15 ms /    26 runs   (   29.39 ms per token,    34.02 tokens per second)
llama_perf_context_print:       total time =     902.89 ms /    52 tokens
llama_perf_context_print:    graphs reused =         25
[LFM2.5 2.6B] 6. short query
Llama.generate: 503 prefix-match hit, remaining 28 prompt tokens to eval
llama_perf_context_print:        load time =     905.69 ms
llama_perf_context_print: prompt eval time =     139.67 ms /    28 tokens (    4.99 ms per token,   200.47 tokens per second)
llama_perf_context_print:        eval time =     590.69 ms /    20 runs   (   29.53 ms per token,    33.86 tokens per second)
llama_perf_context_print:       total time =     734.26 ms /    48 tokens
llama_perf_context_print:    graphs reused =         19
[LFM2.5 2.6B] 7. short query
Llama.generate: 551 prefix-match hit, remaining 24 prompt tokens to eval
llama_perf_context_print:        load time =     905.69 ms
llama_perf_context_print: prompt eval time =     119.74 ms /    24 tokens (    4.99 ms per token,   200.43 tokens per second)
llama_perf_context_print:        eval time =     916.51 ms /    31 runs   (   29.56 ms per token,    33.82 tokens per second)
llama_perf_context_print:       total time =    1042.09 ms /    55 tokens
llama_perf_context_print:    graphs reused =         30
[LFM2.5 2.6B] 8. short query
Llama.generate: 606 prefix-match hit, remaining 24 prompt tokens to eval
llama_perf_context_print:        load time =     905.69 ms
llama_perf_context_print: prompt eval time =     121.87 ms /    24 tokens (    5.08 ms per token,   196.93 tokens per second)
llama_perf_context_print:        eval time =     797.83 ms /    27 runs   (   29.55 ms per token,    33.84 tokens per second)
llama_perf_context_print:       total time =     924.92 ms /    51 tokens
llama_perf_context_print:    graphs reused =         26
[LFM2.5 2.6B] 9. short query
Llama.generate: 657 prefix-match hit, remaining 24 prompt tokens to eval
llama_perf_context_print:        load time =     905.69 ms
llama_perf_context_print: prompt eval time =     120.78 ms /    24 tokens (    5.03 ms per token,   198.70 tokens per second)
llama_perf_context_print:        eval time =     561.57 ms /    19 runs   (   29.56 ms per token,    33.83 tokens per second)
llama_perf_context_print:       total time =     686.08 ms /    43 tokens
llama_perf_context_print:    graphs reused =         18
[LFM2.5 2.6B] 10. short query
Llama.generate: 700 prefix-match hit, remaining 29 prompt tokens to eval
llama_perf_context_print:        load time =     905.69 ms
llama_perf_context_print: prompt eval time =     150.70 ms /    29 tokens (    5.20 ms per token,   192.44 tokens per second)
llama_perf_context_print:        eval time =     857.19 ms /    29 runs   (   29.56 ms per token,    33.83 tokens per second)
llama_perf_context_print:       total time =    1013.45 ms /    58 tokens
llama_perf_context_print:    graphs reused =         28
[LFM2.5 2.6B] 11. short query
Llama.generate: 758 prefix-match hit, remaining 24 prompt tokens to eval
llama_perf_context_print:        load time =     905.69 ms
llama_perf_context_print: prompt eval time =     123.34 ms /    24 tokens (    5.14 ms per token,   194.58 tokens per second)
llama_perf_context_print:        eval time =     801.92 ms /    27 runs   (   29.70 ms per token,    33.67 tokens per second)
llama_perf_context_print:       total time =     930.40 ms /    51 tokens
llama_perf_context_print:    graphs reused =         26
[LFM2.5 2.6B] 12. short query
Llama.generate: 809 prefix-match hit, remaining 25 prompt tokens to eval
llama_perf_context_print:        load time =     905.69 ms
llama_perf_context_print: prompt eval time =     129.16 ms /    25 tokens (    5.17 ms per token,   193.56 tokens per second)
llama_perf_context_print:        eval time =    1010.47 ms /    34 runs   (   29.72 ms per token,    33.65 tokens per second)
llama_perf_context_print:       total time =    1146.11 ms /    59 tokens
llama_perf_context_print:    graphs reused =         33
[LFM2.5 2.6B] 13. short query
Llama.generate: 868 prefix-match hit, remaining 27 prompt tokens to eval
llama_perf_context_print:        load time =     905.69 ms
llama_perf_context_print: prompt eval time =     146.96 ms /    27 tokens (    5.44 ms per token,   183.72 tokens per second)
llama_perf_context_print:        eval time =     505.65 ms /    17 runs   (   29.74 ms per token,    33.62 tokens per second)
llama_perf_context_print:       total time =     656.01 ms /    44 tokens
llama_perf_context_print:    graphs reused =         16
[LFM2.5 2.6B] 14. short query
Llama.generate: 912 prefix-match hit, remaining 26 prompt tokens to eval
llama_perf_context_print:        load time =     905.69 ms
llama_perf_context_print: prompt eval time =     140.82 ms /    26 tokens (    5.42 ms per token,   184.63 tokens per second)
llama_perf_context_print:        eval time =     743.20 ms /    25 runs   (   29.73 ms per token,    33.64 tokens per second)
llama_perf_context_print:       total time =     888.90 ms /    51 tokens
llama_perf_context_print:    graphs reused =         24
[LFM2.5 2.6B] 15. short query
Llama.generate: 963 prefix-match hit, remaining 24 prompt tokens to eval
llama_perf_context_print:        load time =     905.69 ms
llama_perf_context_print: prompt eval time =     125.01 ms /    24 tokens (    5.21 ms per token,   191.98 tokens per second)
llama_perf_context_print:        eval time =     803.10 ms /    27 runs   (   29.74 ms per token,    33.62 tokens per second)
llama_perf_context_print:       total time =     933.25 ms /    51 tokens
llama_perf_context_print:    graphs reused =         26
[LFM2.5 2.6B] 0. long query
Llama.generate: 215 prefix-match hit, remaining 83 prompt tokens to eval
llama_perf_context_print:        load time =     905.69 ms
llama_perf_context_print: prompt eval time =     336.83 ms /    83 tokens (    4.06 ms per token,   246.42 tokens per second)
llama_perf_context_print:        eval time =    1438.51 ms /    49 runs   (   29.36 ms per token,    34.06 tokens per second)
llama_perf_context_print:       total time =    1784.80 ms /   132 tokens
llama_perf_context_print:    graphs reused =         48
[LFM2.5 2.6B] 1. long query
Llama.generate: 347 prefix-match hit, remaining 80 prompt tokens to eval
llama_perf_context_print:        load time =     905.69 ms
llama_perf_context_print: prompt eval time =     335.23 ms /    80 tokens (    4.19 ms per token,   238.64 tokens per second)
llama_perf_context_print:        eval time =    1322.39 ms /    45 runs   (   29.39 ms per token,    34.03 tokens per second)
llama_perf_context_print:       total time =    1666.21 ms /   125 tokens
llama_perf_context_print:    graphs reused =         44
[LFM2.5 2.6B] 2. long query
Llama.generate: 472 prefix-match hit, remaining 82 prompt tokens to eval
llama_perf_context_print:        load time =     905.69 ms
llama_perf_context_print: prompt eval time =     352.64 ms /    82 tokens (    4.30 ms per token,   232.53 tokens per second)
llama_perf_context_print:        eval time =    1447.37 ms /    49 runs   (   29.54 ms per token,    33.85 tokens per second)
llama_perf_context_print:       total time =    1809.78 ms /   131 tokens
llama_perf_context_print:    graphs reused =         48
[LFM2.5 2.6B] 3. long query
Llama.generate: 603 prefix-match hit, remaining 86 prompt tokens to eval
llama_perf_context_print:        load time =     905.69 ms
llama_perf_context_print: prompt eval time =     377.97 ms /    86 tokens (    4.39 ms per token,   227.53 tokens per second)
llama_perf_context_print:        eval time =    1388.81 ms /    47 runs   (   29.55 ms per token,    33.84 tokens per second)
llama_perf_context_print:       total time =    1775.95 ms /   133 tokens
llama_perf_context_print:    graphs reused =         46
[LFM2.5 2.6B] 4. long query
Llama.generate: 736 prefix-match hit, remaining 89 prompt tokens to eval
llama_perf_context_print:        load time =     905.69 ms
llama_perf_context_print: prompt eval time =     388.43 ms /    89 tokens (    4.36 ms per token,   229.13 tokens per second)
llama_perf_context_print:        eval time =    1410.03 ms /    47 runs   (   30.00 ms per token,    33.33 tokens per second)
llama_perf_context_print:       total time =    1807.96 ms /   136 tokens
llama_perf_context_print:    graphs reused =         46
[LFM2.5 2.6B] 5. long query
Llama.generate: 872 prefix-match hit, remaining 95 prompt tokens to eval
llama_perf_context_print:        load time =     905.69 ms
llama_perf_context_print: prompt eval time =     566.79 ms /    95 tokens (    5.97 ms per token,   167.61 tokens per second)
llama_perf_context_print:        eval time =    1582.76 ms /    51 runs   (   31.03 ms per token,    32.22 tokens per second)
llama_perf_context_print:       total time =    2161.71 ms /   146 tokens
llama_perf_context_print:    graphs reused =         50
[LFM2.5 2.6B] 6. long query
Llama.generate: 1018 prefix-match hit, remaining 88 prompt tokens to eval
llama_perf_context_print:        load time =     905.69 ms
llama_perf_context_print: prompt eval time =     380.05 ms /    88 tokens (    4.32 ms per token,   231.55 tokens per second)
llama_perf_context_print:        eval time =    1437.52 ms /    48 runs   (   29.95 ms per token,    33.39 tokens per second)
llama_perf_context_print:       total time =    1827.25 ms /   136 tokens
llama_perf_context_print:    graphs reused =         47
[LFM2.5 2.6B] 7. long query
Llama.generate: 1154 prefix-match hit, remaining 88 prompt tokens to eval
llama_perf_context_print:        load time =     905.69 ms
llama_perf_context_print: prompt eval time =     388.23 ms /    88 tokens (    4.41 ms per token,   226.67 tokens per second)
llama_perf_context_print:        eval time =    1379.69 ms /    46 runs   (   29.99 ms per token,    33.34 tokens per second)
llama_perf_context_print:       total time =    1777.16 ms /   134 tokens
llama_perf_context_print:    graphs reused =         44
[LFM2.5 2.6B] 8. long query
Llama.generate: 1288 prefix-match hit, remaining 87 prompt tokens to eval
llama_perf_context_print:        load time =     905.69 ms
llama_perf_context_print: prompt eval time =     382.47 ms /    87 tokens (    4.40 ms per token,   227.47 tokens per second)
llama_perf_context_print:        eval time =    1356.28 ms /    45 runs   (   30.14 ms per token,    33.18 tokens per second)
llama_perf_context_print:       total time =    1747.98 ms /   132 tokens
llama_perf_context_print:    graphs reused =         44
[LFM2.5 2.6B] 9. long query
Llama.generate: 1420 prefix-match hit, remaining 88 prompt tokens to eval
llama_perf_context_print:        load time =     905.69 ms
llama_perf_context_print: prompt eval time =     388.89 ms /    88 tokens (    4.42 ms per token,   226.29 tokens per second)
llama_perf_context_print:        eval time =    1613.24 ms /    53 runs   (   30.44 ms per token,    32.85 tokens per second)
llama_perf_context_print:       total time =    2013.50 ms /   141 tokens
llama_perf_context_print:    graphs reused =         51
[LFM2.5 2.6B] 10. long query
Llama.generate: 1561 prefix-match hit, remaining 82 prompt tokens to eval
llama_perf_context_print:        load time =     905.69 ms
llama_perf_context_print: prompt eval time =     371.49 ms /    82 tokens (    4.53 ms per token,   220.73 tokens per second)
llama_perf_context_print:        eval time =    1425.52 ms /    47 runs   (   30.33 ms per token,    32.97 tokens per second)
llama_perf_context_print:       total time =    1806.84 ms /   129 tokens
llama_perf_context_print:    graphs reused =         46
[LFM2.5 2.6B] 11. long query
Llama.generate: 1690 prefix-match hit, remaining 84 prompt tokens to eval
llama_perf_context_print:        load time =     905.69 ms
llama_perf_context_print: prompt eval time =     405.19 ms /    84 tokens (    4.82 ms per token,   207.31 tokens per second)
llama_perf_context_print:        eval time =    1368.94 ms /    45 runs   (   30.42 ms per token,    32.87 tokens per second)
llama_perf_context_print:       total time =    1783.13 ms /   129 tokens
llama_perf_context_print:    graphs reused =         43
[LFM2.5 2.6B] 12. long query
Llama.generate: 1819 prefix-match hit, remaining 90 prompt tokens to eval
llama_perf_context_print:        load time =     905.69 ms
llama_perf_context_print: prompt eval time =     404.43 ms /    90 tokens (    4.49 ms per token,   222.54 tokens per second)
llama_perf_context_print:        eval time =    1462.46 ms /    48 runs   (   30.47 ms per token,    32.82 tokens per second)
llama_perf_context_print:       total time =    1876.53 ms /   138 tokens
llama_perf_context_print:    graphs reused =         47
[LFM2.5 2.6B] 13. long query
Llama.generate: 1957 prefix-match hit, remaining 86 prompt tokens to eval
llama_perf_context_print:        load time =     905.69 ms
llama_perf_context_print: prompt eval time =     396.78 ms /    86 tokens (    4.61 ms per token,   216.75 tokens per second)
llama_perf_context_print:        eval time =    1438.71 ms /    47 runs   (   30.61 ms per token,    32.67 tokens per second)
llama_perf_context_print:       total time =    1845.16 ms /   133 tokens
llama_perf_context_print:    graphs reused =         45
[LFM2.5 2.6B] 14. long query
Llama.generate: 2090 prefix-match hit, remaining 89 prompt tokens to eval
llama_perf_context_print:        load time =     905.69 ms
llama_perf_context_print: prompt eval time =     402.48 ms /    89 tokens (    4.52 ms per token,   221.13 tokens per second)
llama_perf_context_print:        eval time =    1346.93 ms /    44 runs   (   30.61 ms per token,    32.67 tokens per second)
llama_perf_context_print:       total time =    1758.45 ms /   133 tokens
llama_perf_context_print:    graphs reused =         43
[LFM2.5 2.6B] 15. long query
Llama.generate: 2223 prefix-match hit, remaining 95 prompt tokens to eval
llama_perf_context_print:        load time =     905.69 ms
llama_perf_context_print: prompt eval time =     440.29 ms /    95 tokens (    4.63 ms per token,   215.77 tokens per second)
llama_perf_context_print:        eval time =    1572.03 ms /    51 runs   (   30.82 ms per token,    32.44 tokens per second)
llama_perf_context_print:       total time =    2022.98 ms /   146 tokens
llama_perf_context_print:    graphs reused =         50
~llama_context:        CPU compute buffer size is 258.0020 MiB, matches expectation of 258.0020 MiB
--- MiniCPM5 2B ---
[MiniCPM5 2B] 0. short query
Llama.generate: 210 prefix-match hit, remaining 23 prompt tokens to eval
llama_perf_context_print:        load time =     722.65 ms
llama_perf_context_print: prompt eval time =     105.36 ms /    23 tokens (    4.58 ms per token,   218.30 tokens per second)
llama_perf_context_print:        eval time =     333.64 ms /    13 runs   (   25.66 ms per token,    38.96 tokens per second)
llama_perf_context_print:       total time =     441.54 ms /    36 tokens
llama_perf_context_print:    graphs reused =         12
[MiniCPM5 2B] 1. short query
Llama.generate: 246 prefix-match hit, remaining 25 prompt tokens to eval
llama_perf_context_print:        load time =     722.65 ms
llama_perf_context_print: prompt eval time =     112.97 ms /    25 tokens (    4.52 ms per token,   221.31 tokens per second)
llama_perf_context_print:        eval time =     298.67 ms /    11 runs   (   27.15 ms per token,    36.83 tokens per second)
llama_perf_context_print:       total time =     413.84 ms /    36 tokens
llama_perf_context_print:    graphs reused =         10
[MiniCPM5 2B] 2. short query
Llama.generate: 282 prefix-match hit, remaining 26 prompt tokens to eval
llama_perf_context_print:        load time =     722.65 ms
llama_perf_context_print: prompt eval time =     121.13 ms /    26 tokens (    4.66 ms per token,   214.65 tokens per second)
llama_perf_context_print:        eval time =     325.65 ms /    12 runs   (   27.14 ms per token,    36.85 tokens per second)
llama_perf_context_print:       total time =     449.13 ms /    38 tokens
llama_perf_context_print:    graphs reused =         11
[MiniCPM5 2B] 3. short query
Llama.generate: 320 prefix-match hit, remaining 27 prompt tokens to eval
llama_perf_context_print:        load time =     722.65 ms
llama_perf_context_print: prompt eval time =     128.65 ms /    27 tokens (    4.76 ms per token,   209.87 tokens per second)
llama_perf_context_print:        eval time =     243.75 ms /     9 runs   (   27.08 ms per token,    36.92 tokens per second)
llama_perf_context_print:       total time =     374.29 ms /    36 tokens
llama_perf_context_print:    graphs reused =          8
[MiniCPM5 2B] 4. short query
Llama.generate: 356 prefix-match hit, remaining 23 prompt tokens to eval
llama_perf_context_print:        load time =     722.65 ms
llama_perf_context_print: prompt eval time =     114.67 ms /    23 tokens (    4.99 ms per token,   200.58 tokens per second)
llama_perf_context_print:        eval time =     243.28 ms /     9 runs   (   27.03 ms per token,    36.99 tokens per second)
llama_perf_context_print:       total time =     359.85 ms /    32 tokens
llama_perf_context_print:    graphs reused =          8
[MiniCPM5 2B] 5. short query
Llama.generate: 388 prefix-match hit, remaining 26 prompt tokens to eval
llama_perf_context_print:        load time =     722.65 ms
llama_perf_context_print: prompt eval time =     124.18 ms /    26 tokens (    4.78 ms per token,   209.37 tokens per second)
llama_perf_context_print:        eval time =     376.78 ms /    14 runs   (   26.91 ms per token,    37.16 tokens per second)
llama_perf_context_print:       total time =     503.75 ms /    40 tokens
llama_perf_context_print:    graphs reused =         13
[MiniCPM5 2B] 6. short query
Llama.generate: 428 prefix-match hit, remaining 27 prompt tokens to eval
llama_perf_context_print:        load time =     722.65 ms
llama_perf_context_print: prompt eval time =     135.55 ms /    27 tokens (    5.02 ms per token,   199.20 tokens per second)
llama_perf_context_print:        eval time =     243.39 ms /     9 runs   (   27.04 ms per token,    36.98 tokens per second)
llama_perf_context_print:       total time =     380.84 ms /    36 tokens
llama_perf_context_print:    graphs reused =          8
[MiniCPM5 2B] 7. short query
Llama.generate: 464 prefix-match hit, remaining 23 prompt tokens to eval
llama_perf_context_print:        load time =     722.65 ms
llama_perf_context_print: prompt eval time =     117.79 ms /    23 tokens (    5.12 ms per token,   195.27 tokens per second)
llama_perf_context_print:        eval time =     323.08 ms /    12 runs   (   26.92 ms per token,    37.14 tokens per second)
llama_perf_context_print:       total time =     443.34 ms /    35 tokens
llama_perf_context_print:    graphs reused =         11
[MiniCPM5 2B] 8. short query
Llama.generate: 499 prefix-match hit, remaining 24 prompt tokens to eval
llama_perf_context_print:        load time =     722.65 ms
llama_perf_context_print: prompt eval time =     117.24 ms /    24 tokens (    4.88 ms per token,   204.72 tokens per second)
llama_perf_context_print:        eval time =     359.58 ms /    13 runs   (   27.66 ms per token,    36.15 tokens per second)
llama_perf_context_print:       total time =     479.41 ms /    37 tokens
llama_perf_context_print:    graphs reused =         12
[MiniCPM5 2B] 9. short query
Llama.generate: 536 prefix-match hit, remaining 24 prompt tokens to eval
llama_perf_context_print:        load time =     722.65 ms
llama_perf_context_print: prompt eval time =     120.85 ms /    24 tokens (    5.04 ms per token,   198.59 tokens per second)
llama_perf_context_print:        eval time =     387.46 ms /    14 runs   (   27.68 ms per token,    36.13 tokens per second)
llama_perf_context_print:       total time =     511.05 ms /    38 tokens
llama_perf_context_print:    graphs reused =         13
[MiniCPM5 2B] 10. short query
Llama.generate: 574 prefix-match hit, remaining 29 prompt tokens to eval
llama_perf_context_print:        load time =     722.65 ms
llama_perf_context_print: prompt eval time =     148.56 ms /    29 tokens (    5.12 ms per token,   195.21 tokens per second)
llama_perf_context_print:        eval time =     248.22 ms /     9 runs   (   27.58 ms per token,    36.26 tokens per second)
llama_perf_context_print:       total time =     398.72 ms /    38 tokens
llama_perf_context_print:    graphs reused =          8
[MiniCPM5 2B] 11. short query
Llama.generate: 612 prefix-match hit, remaining 24 prompt tokens to eval
llama_perf_context_print:        load time =     722.65 ms
llama_perf_context_print: prompt eval time =     123.47 ms /    24 tokens (    5.14 ms per token,   194.38 tokens per second)
llama_perf_context_print:        eval time =     358.79 ms /    13 runs   (   27.60 ms per token,    36.23 tokens per second)
llama_perf_context_print:       total time =     484.82 ms /    37 tokens
llama_perf_context_print:    graphs reused =         12
[MiniCPM5 2B] 12. short query
Llama.generate: 649 prefix-match hit, remaining 25 prompt tokens to eval
llama_perf_context_print:        load time =     722.65 ms
llama_perf_context_print: prompt eval time =     135.38 ms /    25 tokens (    5.42 ms per token,   184.66 tokens per second)
llama_perf_context_print:        eval time =     442.00 ms /    16 runs   (   27.63 ms per token,    36.20 tokens per second)
llama_perf_context_print:       total time =     580.50 ms /    41 tokens
llama_perf_context_print:    graphs reused =         15
[MiniCPM5 2B] 13. short query
Llama.generate: 690 prefix-match hit, remaining 27 prompt tokens to eval
llama_perf_context_print:        load time =     722.65 ms
llama_perf_context_print: prompt eval time =     150.39 ms /    27 tokens (    5.57 ms per token,   179.54 tokens per second)
llama_perf_context_print:        eval time =     303.82 ms /    11 runs   (   27.62 ms per token,    36.21 tokens per second)
llama_perf_context_print:       total time =     456.45 ms /    38 tokens
llama_perf_context_print:    graphs reused =         10
[MiniCPM5 2B] 14. short query
Llama.generate: 728 prefix-match hit, remaining 25 prompt tokens to eval
llama_perf_context_print:        load time =     722.65 ms
llama_perf_context_print: prompt eval time =     136.60 ms /    25 tokens (    5.46 ms per token,   183.01 tokens per second)
llama_perf_context_print:        eval time =     331.07 ms /    12 runs   (   27.59 ms per token,    36.25 tokens per second)
llama_perf_context_print:       total time =     469.98 ms /    37 tokens
llama_perf_context_print:    graphs reused =         11
[MiniCPM5 2B] 15. short query
Llama.generate: 765 prefix-match hit, remaining 24 prompt tokens to eval
llama_perf_context_print:        load time =     722.65 ms
llama_perf_context_print: prompt eval time =     131.57 ms /    24 tokens (    5.48 ms per token,   182.41 tokens per second)
llama_perf_context_print:        eval time =     395.42 ms /    14 runs   (   28.24 ms per token,    35.41 tokens per second)
llama_perf_context_print:       total time =     529.59 ms /    38 tokens
llama_perf_context_print:    graphs reused =         13
[MiniCPM5 2B] 0. long query
Llama.generate: 210 prefix-match hit, remaining 79 prompt tokens to eval
llama_perf_context_print:        load time =     722.65 ms
llama_perf_context_print: prompt eval time =     313.14 ms /    79 tokens (    3.96 ms per token,   252.28 tokens per second)
llama_perf_context_print:        eval time =     893.00 ms /    33 runs   (   27.06 ms per token,    36.95 tokens per second)
llama_perf_context_print:       total time =    1212.28 ms /   112 tokens
llama_perf_context_print:    graphs reused =         32
[MiniCPM5 2B] 1. long query
Llama.generate: 322 prefix-match hit, remaining 76 prompt tokens to eval
llama_perf_context_print:        load time =     722.65 ms
llama_perf_context_print: prompt eval time =     314.91 ms /    76 tokens (    4.14 ms per token,   241.34 tokens per second)
llama_perf_context_print:        eval time =     700.55 ms /    26 runs   (   26.94 ms per token,    37.11 tokens per second)
llama_perf_context_print:       total time =    1020.25 ms /   102 tokens
llama_perf_context_print:    graphs reused =         25
[MiniCPM5 2B] 2. long query
Llama.generate: 424 prefix-match hit, remaining 76 prompt tokens to eval
llama_perf_context_print:        load time =     722.65 ms
llama_perf_context_print: prompt eval time =     324.52 ms /    76 tokens (    4.27 ms per token,   234.19 tokens per second)
llama_perf_context_print:        eval time =     461.21 ms /    17 runs   (   27.13 ms per token,    36.86 tokens per second)
llama_perf_context_print:       total time =     788.98 ms /    93 tokens
llama_perf_context_print:    graphs reused =         15
[MiniCPM5 2B] 3. long query
Llama.generate: 517 prefix-match hit, remaining 81 prompt tokens to eval
llama_perf_context_print:        load time =     722.65 ms
llama_perf_context_print: prompt eval time =     326.12 ms /    81 tokens (    4.03 ms per token,   248.38 tokens per second)
llama_perf_context_print:        eval time =     522.96 ms /    19 runs   (   27.52 ms per token,    36.33 tokens per second)
llama_perf_context_print:       total time =     852.72 ms /   100 tokens
llama_perf_context_print:    graphs reused =         18
[MiniCPM5 2B] 4. long query
Llama.generate: 617 prefix-match hit, remaining 87 prompt tokens to eval
llama_perf_context_print:        load time =     722.65 ms
llama_perf_context_print: prompt eval time =     359.76 ms /    87 tokens (    4.14 ms per token,   241.83 tokens per second)
llama_perf_context_print:        eval time =     606.23 ms /    22 runs   (   27.56 ms per token,    36.29 tokens per second)
llama_perf_context_print:       total time =     970.04 ms /   109 tokens
llama_perf_context_print:    graphs reused =         21
[MiniCPM5 2B] 5. long query
Llama.generate: 726 prefix-match hit, remaining 86 prompt tokens to eval
llama_perf_context_print:        load time =     722.65 ms
llama_perf_context_print: prompt eval time =     394.37 ms /    86 tokens (    4.59 ms per token,   218.07 tokens per second)
llama_perf_context_print:        eval time =     736.09 ms /    26 runs   (   28.31 ms per token,    35.32 tokens per second)
llama_perf_context_print:       total time =    1135.26 ms /   112 tokens
llama_perf_context_print:    graphs reused =         25
[MiniCPM5 2B] 6. long query
Llama.generate: 838 prefix-match hit, remaining 83 prompt tokens to eval
llama_perf_context_print:        load time =     722.65 ms
llama_perf_context_print: prompt eval time =     406.15 ms /    83 tokens (    4.89 ms per token,   204.36 tokens per second)
llama_perf_context_print:        eval time =     623.65 ms /    22 runs   (   28.35 ms per token,    35.28 tokens per second)
llama_perf_context_print:       total time =    1033.92 ms /   105 tokens
llama_perf_context_print:    graphs reused =         21
[MiniCPM5 2B] 7. long query
Llama.generate: 943 prefix-match hit, remaining 86 prompt tokens to eval
llama_perf_context_print:        load time =     722.65 ms
llama_perf_context_print: prompt eval time =     429.76 ms /    86 tokens (    5.00 ms per token,   200.11 tokens per second)
llama_perf_context_print:        eval time =     901.64 ms /    31 runs   (   29.09 ms per token,    34.38 tokens per second)
llama_perf_context_print:       total time =    1337.18 ms /   117 tokens
llama_perf_context_print:    graphs reused =         30
[MiniCPM5 2B] 8. long query
Llama.generate: 1060 prefix-match hit, remaining 83 prompt tokens to eval
llama_perf_context_print:        load time =     722.65 ms
llama_perf_context_print: prompt eval time =     433.37 ms /    83 tokens (    5.22 ms per token,   191.52 tokens per second)
llama_perf_context_print:        eval time =     820.77 ms /    28 runs   (   29.31 ms per token,    34.11 tokens per second)
llama_perf_context_print:       total time =    1259.41 ms /   111 tokens
llama_perf_context_print:    graphs reused =         27
[MiniCPM5 2B] 9. long query
Llama.generate: 1171 prefix-match hit, remaining 83 prompt tokens to eval
llama_perf_context_print:        load time =     722.65 ms
llama_perf_context_print: prompt eval time =     449.90 ms /    83 tokens (    5.42 ms per token,   184.49 tokens per second)
llama_perf_context_print:        eval time =     650.98 ms /    22 runs   (   29.59 ms per token,    33.80 tokens per second)
llama_perf_context_print:       total time =    1105.05 ms /   105 tokens
llama_perf_context_print:    graphs reused =         21
[MiniCPM5 2B] 10. long query
Llama.generate: 1276 prefix-match hit, remaining 80 prompt tokens to eval
llama_perf_context_print:        load time =     722.65 ms
llama_perf_context_print: prompt eval time =     454.01 ms /    80 tokens (    5.68 ms per token,   176.21 tokens per second)
llama_perf_context_print:        eval time =     484.25 ms /    16 runs   (   30.27 ms per token,    33.04 tokens per second)
llama_perf_context_print:       total time =     941.40 ms /    96 tokens
llama_perf_context_print:    graphs reused =         15
[MiniCPM5 2B] 11. long query
Llama.generate: 1372 prefix-match hit, remaining 83 prompt tokens to eval
llama_perf_context_print:        load time =     722.65 ms
llama_perf_context_print: prompt eval time =     478.74 ms /    83 tokens (    5.77 ms per token,   173.37 tokens per second)
llama_perf_context_print:        eval time =     546.26 ms /    18 runs   (   30.35 ms per token,    32.95 tokens per second)
llama_perf_context_print:       total time =    1028.48 ms /   101 tokens
llama_perf_context_print:    graphs reused =         17
[MiniCPM5 2B] 12. long query
Llama.generate: 1473 prefix-match hit, remaining 87 prompt tokens to eval
llama_perf_context_print:        load time =     722.65 ms
llama_perf_context_print: prompt eval time =     442.42 ms /    87 tokens (    5.09 ms per token,   196.64 tokens per second)
llama_perf_context_print:        eval time =     527.57 ms /    17 runs   (   31.03 ms per token,    32.22 tokens per second)
llama_perf_context_print:       total time =     973.29 ms /   104 tokens
llama_perf_context_print:    graphs reused =         16
[MiniCPM5 2B] 13. long query
Llama.generate: 1577 prefix-match hit, remaining 81 prompt tokens to eval
llama_perf_context_print:        load time =     722.65 ms
llama_perf_context_print: prompt eval time =     431.24 ms /    81 tokens (    5.32 ms per token,   187.83 tokens per second)
llama_perf_context_print:        eval time =     622.60 ms /    20 runs   (   31.13 ms per token,    32.12 tokens per second)
llama_perf_context_print:       total time =    1057.67 ms /   101 tokens
llama_perf_context_print:    graphs reused =         19
[MiniCPM5 2B] 14. long query
Llama.generate: 1678 prefix-match hit, remaining 87 prompt tokens to eval
llama_perf_context_print:        load time =     722.65 ms
llama_perf_context_print: prompt eval time =     465.56 ms /    87 tokens (    5.35 ms per token,   186.87 tokens per second)
llama_perf_context_print:        eval time =     530.72 ms /    17 runs   (   31.22 ms per token,    32.03 tokens per second)
llama_perf_context_print:       total time =     999.60 ms /   104 tokens
llama_perf_context_print:    graphs reused =         16
[MiniCPM5 2B] 15. long query
Llama.generate: 1782 prefix-match hit, remaining 90 prompt tokens to eval
llama_perf_context_print:        load time =     722.65 ms
llama_perf_context_print: prompt eval time =     492.06 ms /    90 tokens (    5.47 ms per token,   182.91 tokens per second)
llama_perf_context_print:        eval time =     703.80 ms /    22 runs   (   31.99 ms per token,    31.26 tokens per second)
llama_perf_context_print:       total time =    1200.42 ms /   112 tokens
llama_perf_context_print:    graphs reused =         21
~llama_context:        CPU compute buffer size is 263.0020 MiB, matches expectation of 263.0020 MiB
--- Qwen3.5 2B ---
[Qwen3.5 2B] 0. short query
Llama.generate: 211 prefix-match hit, remaining 24 prompt tokens to eval
llama_perf_context_print:        load time =     577.94 ms
llama_perf_context_print: prompt eval time =      83.92 ms /    24 tokens (    3.50 ms per token,   285.98 tokens per second)
llama_perf_context_print:        eval time =     660.98 ms /    28 runs   (   23.61 ms per token,    42.36 tokens per second)
llama_perf_context_print:       total time =     753.74 ms /    52 tokens
llama_perf_context_print:    graphs reused =         26
[Qwen3.5 2B] 1. short query
Llama.generate: 263 prefix-match hit, remaining 25 prompt tokens to eval
llama_perf_context_print:        load time =     577.94 ms
llama_perf_context_print: prompt eval time =      87.27 ms /    25 tokens (    3.49 ms per token,   286.46 tokens per second)
llama_perf_context_print:        eval time =     497.35 ms /    21 runs   (   23.68 ms per token,    42.22 tokens per second)
llama_perf_context_print:       total time =     591.47 ms /    46 tokens
llama_perf_context_print:    graphs reused =         20
[Qwen3.5 2B] 2. short query
Llama.generate: 309 prefix-match hit, remaining 26 prompt tokens to eval
llama_perf_context_print:        load time =     577.94 ms
llama_perf_context_print: prompt eval time =      90.53 ms /    26 tokens (    3.48 ms per token,   287.18 tokens per second)
llama_perf_context_print:        eval time =     545.96 ms /    23 runs   (   23.74 ms per token,    42.13 tokens per second)
llama_perf_context_print:       total time =     643.18 ms /    49 tokens
llama_perf_context_print:    graphs reused =         22
[Qwen3.5 2B] 3. short query
Llama.generate: 358 prefix-match hit, remaining 27 prompt tokens to eval
llama_perf_context_print:        load time =     577.94 ms
llama_perf_context_print: prompt eval time =      95.17 ms /    27 tokens (    3.52 ms per token,   283.70 tokens per second)
llama_perf_context_print:        eval time =     618.18 ms /    26 runs   (   23.78 ms per token,    42.06 tokens per second)
llama_perf_context_print:       total time =     721.47 ms /    53 tokens
llama_perf_context_print:    graphs reused =         25
[Qwen3.5 2B] 4. short query
Llama.generate: 411 prefix-match hit, remaining 23 prompt tokens to eval
llama_perf_context_print:        load time =     577.94 ms
llama_perf_context_print: prompt eval time =      83.29 ms /    23 tokens (    3.62 ms per token,   276.14 tokens per second)
llama_perf_context_print:        eval time =     618.25 ms /    26 runs   (   23.78 ms per token,    42.05 tokens per second)
llama_perf_context_print:       total time =     709.51 ms /    49 tokens
llama_perf_context_print:    graphs reused =         25
[Qwen3.5 2B] 5. short query
Llama.generate: 460 prefix-match hit, remaining 26 prompt tokens to eval
llama_perf_context_print:        load time =     577.94 ms
llama_perf_context_print: prompt eval time =      92.57 ms /    26 tokens (    3.56 ms per token,   280.88 tokens per second)
llama_perf_context_print:        eval time =     619.29 ms /    26 runs   (   23.82 ms per token,    41.98 tokens per second)
llama_perf_context_print:       total time =     720.21 ms /    52 tokens
llama_perf_context_print:    graphs reused =         25
[Qwen3.5 2B] 6. short query
Llama.generate: 512 prefix-match hit, remaining 28 prompt tokens to eval
llama_perf_context_print:        load time =     577.94 ms
llama_perf_context_print: prompt eval time =      96.06 ms /    28 tokens (    3.43 ms per token,   291.49 tokens per second)
llama_perf_context_print:        eval time =     597.81 ms /    25 runs   (   23.91 ms per token,    41.82 tokens per second)
llama_perf_context_print:       total time =     700.84 ms /    53 tokens
llama_perf_context_print:    graphs reused =         24
[Qwen3.5 2B] 7. short query
Llama.generate: 565 prefix-match hit, remaining 23 prompt tokens to eval
llama_perf_context_print:        load time =     577.94 ms
llama_perf_context_print: prompt eval time =      84.09 ms /    23 tokens (    3.66 ms per token,   273.51 tokens per second)
llama_perf_context_print:        eval time =     646.01 ms /    27 runs   (   23.93 ms per token,    41.79 tokens per second)
llama_perf_context_print:       total time =     737.33 ms /    50 tokens
llama_perf_context_print:    graphs reused =         26
[Qwen3.5 2B] 8. short query
Llama.generate: 615 prefix-match hit, remaining 24 prompt tokens to eval
llama_perf_context_print:        load time =     577.94 ms
llama_perf_context_print: prompt eval time =      85.50 ms /    24 tokens (    3.56 ms per token,   280.70 tokens per second)
llama_perf_context_print:        eval time =     573.82 ms /    24 runs   (   23.91 ms per token,    41.82 tokens per second)
llama_perf_context_print:       total time =     666.21 ms /    48 tokens
llama_perf_context_print:    graphs reused =         23
[Qwen3.5 2B] 9. short query
Llama.generate: 663 prefix-match hit, remaining 24 prompt tokens to eval
llama_perf_context_print:        load time =     577.94 ms
llama_perf_context_print: prompt eval time =      84.48 ms /    24 tokens (    3.52 ms per token,   284.08 tokens per second)
llama_perf_context_print:        eval time =     623.36 ms /    26 runs   (   23.98 ms per token,    41.71 tokens per second)
llama_perf_context_print:       total time =     714.89 ms /    50 tokens
llama_perf_context_print:    graphs reused =         25
[Qwen3.5 2B] 10. short query
Llama.generate: 713 prefix-match hit, remaining 29 prompt tokens to eval
llama_perf_context_print:        load time =     577.94 ms
llama_perf_context_print: prompt eval time =     100.37 ms /    29 tokens (    3.46 ms per token,   288.93 tokens per second)
llama_perf_context_print:        eval time =     600.39 ms /    25 runs   (   24.02 ms per token,    41.64 tokens per second)
llama_perf_context_print:       total time =     707.92 ms /    54 tokens
llama_perf_context_print:    graphs reused =         24
[Qwen3.5 2B] 11. short query
Llama.generate: 767 prefix-match hit, remaining 24 prompt tokens to eval
llama_perf_context_print:        load time =     577.94 ms
llama_perf_context_print: prompt eval time =      84.84 ms /    24 tokens (    3.54 ms per token,   282.87 tokens per second)
llama_perf_context_print:        eval time =     673.02 ms /    28 runs   (   24.04 ms per token,    41.60 tokens per second)
llama_perf_context_print:       total time =     765.32 ms /    52 tokens
llama_perf_context_print:    graphs reused =         27
[Qwen3.5 2B] 12. short query
Llama.generate: 819 prefix-match hit, remaining 25 prompt tokens to eval
llama_perf_context_print:        load time =     577.94 ms
llama_perf_context_print: prompt eval time =      90.81 ms /    25 tokens (    3.63 ms per token,   275.29 tokens per second)
llama_perf_context_print:        eval time =     697.41 ms /    29 runs   (   24.05 ms per token,    41.58 tokens per second)
llama_perf_context_print:       total time =     796.39 ms /    54 tokens
llama_perf_context_print:    graphs reused =         28
[Qwen3.5 2B] 13. short query
Llama.generate: 873 prefix-match hit, remaining 26 prompt tokens to eval
llama_perf_context_print:        load time =     577.94 ms
llama_perf_context_print: prompt eval time =      94.76 ms /    26 tokens (    3.64 ms per token,   274.37 tokens per second)
llama_perf_context_print:        eval time =     530.03 ms /    22 runs   (   24.09 ms per token,    41.51 tokens per second)
llama_perf_context_print:       total time =     631.24 ms /    48 tokens
llama_perf_context_print:    graphs reused =         21
[Qwen3.5 2B] 14. short query
Llama.generate: 921 prefix-match hit, remaining 26 prompt tokens to eval
llama_perf_context_print:        load time =     577.94 ms
llama_perf_context_print: prompt eval time =      95.47 ms /    26 tokens (    3.67 ms per token,   272.35 tokens per second)
llama_perf_context_print:        eval time =     650.46 ms /    27 runs   (   24.09 ms per token,    41.51 tokens per second)
llama_perf_context_print:       total time =     753.26 ms /    53 tokens
llama_perf_context_print:    graphs reused =         26
[Qwen3.5 2B] 15. short query
Llama.generate: 974 prefix-match hit, remaining 24 prompt tokens to eval
llama_perf_context_print:        load time =     577.94 ms
llama_perf_context_print: prompt eval time =      86.60 ms /    24 tokens (    3.61 ms per token,   277.13 tokens per second)
llama_perf_context_print:        eval time =     651.24 ms /    27 runs   (   24.12 ms per token,    41.46 tokens per second)
llama_perf_context_print:       total time =     745.51 ms /    51 tokens
llama_perf_context_print:    graphs reused =         25
[Qwen3.5 2B] 0. long query
Llama.generate: 211 prefix-match hit, remaining 80 prompt tokens to eval
llama_perf_context_print:        load time =     577.94 ms
llama_perf_context_print: prompt eval time =     225.26 ms /    80 tokens (    2.82 ms per token,   355.15 tokens per second)
llama_perf_context_print:        eval time =    1375.48 ms /    58 runs   (   23.72 ms per token,    42.17 tokens per second)
llama_perf_context_print:       total time =    1618.10 ms /   138 tokens
llama_perf_context_print:    graphs reused =         57
[Qwen3.5 2B] 1. long query
Llama.generate: 349 prefix-match hit, remaining 78 prompt tokens to eval
llama_perf_context_print:        load time =     577.94 ms
llama_perf_context_print: prompt eval time =     235.83 ms /    78 tokens (    3.02 ms per token,   330.75 tokens per second)
llama_perf_context_print:        eval time =    1236.33 ms /    52 runs   (   23.78 ms per token,    42.06 tokens per second)
llama_perf_context_print:       total time =    1488.17 ms /   130 tokens
llama_perf_context_print:    graphs reused =         51
[Qwen3.5 2B] 2. long query
Llama.generate: 479 prefix-match hit, remaining 77 prompt tokens to eval
llama_perf_context_print:        load time =     577.94 ms
llama_perf_context_print: prompt eval time =     239.20 ms /    77 tokens (    3.11 ms per token,   321.90 tokens per second)
llama_perf_context_print:        eval time =    1458.48 ms /    61 runs   (   23.91 ms per token,    41.82 tokens per second)
llama_perf_context_print:       total time =    1716.48 ms /   138 tokens
llama_perf_context_print:    graphs reused =         60
[Qwen3.5 2B] 3. long query
Llama.generate: 617 prefix-match hit, remaining 82 prompt tokens to eval
llama_perf_context_print:        load time =     577.94 ms
llama_perf_context_print: prompt eval time =     252.58 ms /    82 tokens (    3.08 ms per token,   324.65 tokens per second)
llama_perf_context_print:        eval time =    1510.31 ms /    63 runs   (   23.97 ms per token,    41.71 tokens per second)
llama_perf_context_print:       total time =    1782.71 ms /   145 tokens
llama_perf_context_print:    graphs reused =         62
[Qwen3.5 2B] 4. long query
Llama.generate: 762 prefix-match hit, remaining 88 prompt tokens to eval
llama_perf_context_print:        load time =     577.94 ms
llama_perf_context_print: prompt eval time =     269.75 ms /    88 tokens (    3.07 ms per token,   326.23 tokens per second)
llama_perf_context_print:        eval time =    1518.50 ms /    63 runs   (   24.10 ms per token,    41.49 tokens per second)
llama_perf_context_print:       total time =    1806.81 ms /   151 tokens
llama_perf_context_print:    graphs reused =         62
[Qwen3.5 2B] 5. long query
Llama.generate: 913 prefix-match hit, remaining 86 prompt tokens to eval
llama_perf_context_print:        load time =     577.94 ms
llama_perf_context_print: prompt eval time =     267.28 ms /    86 tokens (    3.11 ms per token,   321.76 tokens per second)
llama_perf_context_print:        eval time =    1278.50 ms /    53 runs   (   24.12 ms per token,    41.45 tokens per second)
llama_perf_context_print:       total time =    1561.26 ms /   139 tokens
llama_perf_context_print:    graphs reused =         51
[Qwen3.5 2B] 6. long query
Llama.generate: 1052 prefix-match hit, remaining 81 prompt tokens to eval
llama_perf_context_print:        load time =     577.94 ms
llama_perf_context_print: prompt eval time =     263.30 ms /    81 tokens (    3.25 ms per token,   307.63 tokens per second)
llama_perf_context_print:        eval time =    1281.29 ms /    53 runs   (   24.18 ms per token,    41.36 tokens per second)
llama_perf_context_print:       total time =    1559.74 ms /   134 tokens
llama_perf_context_print:    graphs reused =         52
[Qwen3.5 2B] 7. long query
Llama.generate: 1186 prefix-match hit, remaining 87 prompt tokens to eval
llama_perf_context_print:        load time =     577.94 ms
llama_perf_context_print: prompt eval time =     281.72 ms /    87 tokens (    3.24 ms per token,   308.82 tokens per second)
llama_perf_context_print:        eval time =    1309.78 ms /    54 runs   (   24.26 ms per token,    41.23 tokens per second)
llama_perf_context_print:       total time =    1607.44 ms /   141 tokens
llama_perf_context_print:    graphs reused =         52
[Qwen3.5 2B] 8. long query
Llama.generate: 1327 prefix-match hit, remaining 83 prompt tokens to eval
llama_perf_context_print:        load time =     577.94 ms
llama_perf_context_print: prompt eval time =     278.46 ms /    83 tokens (    3.35 ms per token,   298.06 tokens per second)
llama_perf_context_print:        eval time =    1236.05 ms /    51 runs   (   24.24 ms per token,    41.26 tokens per second)
llama_perf_context_print:       total time =    1530.91 ms /   134 tokens
llama_perf_context_print:    graphs reused =         50
[Qwen3.5 2B] 9. long query
Llama.generate: 1461 prefix-match hit, remaining 84 prompt tokens to eval
llama_perf_context_print:        load time =     577.94 ms
llama_perf_context_print: prompt eval time =     277.42 ms /    84 tokens (    3.30 ms per token,   302.79 tokens per second)
llama_perf_context_print:        eval time =    1312.06 ms /    54 runs   (   24.30 ms per token,    41.16 tokens per second)
llama_perf_context_print:       total time =    1606.39 ms /   138 tokens
llama_perf_context_print:    graphs reused =         53
[Qwen3.5 2B] 10. long query
Llama.generate: 1599 prefix-match hit, remaining 79 prompt tokens to eval
llama_perf_context_print:        load time =     577.94 ms
llama_perf_context_print: prompt eval time =     280.99 ms /    79 tokens (    3.56 ms per token,   281.15 tokens per second)
llama_perf_context_print:        eval time =    1215.92 ms /    50 runs   (   24.32 ms per token,    41.12 tokens per second)
llama_perf_context_print:       total time =    1512.36 ms /   129 tokens
llama_perf_context_print:    graphs reused =         49
[Qwen3.5 2B] 11. long query
Llama.generate: 1728 prefix-match hit, remaining 83 prompt tokens to eval
llama_perf_context_print:        load time =     577.94 ms
llama_perf_context_print: prompt eval time =     292.89 ms /    83 tokens (    3.53 ms per token,   283.38 tokens per second)
llama_perf_context_print:        eval time =    1194.72 ms /    49 runs   (   24.38 ms per token,    41.01 tokens per second)
llama_perf_context_print:       total time =    1503.46 ms /   132 tokens
llama_perf_context_print:    graphs reused =         48
[Qwen3.5 2B] 12. long query
Llama.generate: 1860 prefix-match hit, remaining 87 prompt tokens to eval
llama_perf_context_print:        load time =     577.94 ms
llama_perf_context_print: prompt eval time =     309.73 ms /    87 tokens (    3.56 ms per token,   280.89 tokens per second)
llama_perf_context_print:        eval time =    1294.41 ms /    53 runs   (   24.42 ms per token,    40.95 tokens per second)
llama_perf_context_print:       total time =    1620.76 ms /   140 tokens
llama_perf_context_print:    graphs reused =         52
[Qwen3.5 2B] 13. long query
Llama.generate: 2000 prefix-match hit, remaining 84 prompt tokens to eval
llama_perf_context_print:        load time =     577.94 ms
llama_perf_context_print: prompt eval time =     292.55 ms /    84 tokens (    3.48 ms per token,   287.14 tokens per second)
llama_perf_context_print:        eval time =    1370.44 ms /    56 runs   (   24.47 ms per token,    40.86 tokens per second)
llama_perf_context_print:       total time =    1680.97 ms /   140 tokens
llama_perf_context_print:    graphs reused =         55
[Qwen3.5 2B] 14. long query
Llama.generate: 2140 prefix-match hit, remaining 89 prompt tokens to eval
llama_perf_context_print:        load time =     577.94 ms
llama_perf_context_print: prompt eval time =     321.76 ms /    89 tokens (    3.62 ms per token,   276.60 tokens per second)
llama_perf_context_print:        eval time =    1348.73 ms /    55 runs   (   24.52 ms per token,    40.78 tokens per second)
llama_perf_context_print:       total time =    1688.05 ms /   144 tokens
llama_perf_context_print:    graphs reused =         54
[Qwen3.5 2B] 15. long query
Llama.generate: 2284 prefix-match hit, remaining 90 prompt tokens to eval
llama_perf_context_print:        load time =     577.94 ms
llama_perf_context_print: prompt eval time =     314.62 ms /    90 tokens (    3.50 ms per token,   286.06 tokens per second)
llama_perf_context_print:        eval time =    1280.95 ms /    52 runs   (   24.63 ms per token,    40.59 tokens per second)
llama_perf_context_print:       total time =    1612.21 ms /   142 tokens
llama_perf_context_print:    graphs reused =         51
~llama_context:        CPU compute buffer size is 497.0196 MiB, matches expectation of 497.0196 MiB
--- Bonsai 8B ---
[Bonsai 8B] 0. short query
Llama.generate: 199 prefix-match hit, remaining 24 prompt tokens to eval
llama_perf_context_print:        load time =    5523.65 ms
llama_perf_context_print: prompt eval time =     655.46 ms /    24 tokens (   27.31 ms per token,    36.62 tokens per second)
llama_perf_context_print:        eval time =    1073.01 ms /    33 runs   (   32.52 ms per token,    30.75 tokens per second)
llama_perf_context_print:       total time =    1734.94 ms /    57 tokens
llama_perf_context_print:    graphs reused =         32
[Bonsai 8B] 1. short query
Llama.generate: 256 prefix-match hit, remaining 25 prompt tokens to eval
llama_perf_context_print:        load time =    5523.65 ms
llama_perf_context_print: prompt eval time =     689.95 ms /    25 tokens (   27.60 ms per token,    36.23 tokens per second)
llama_perf_context_print:        eval time =    1181.74 ms /    35 runs   (   33.76 ms per token,    29.62 tokens per second)
llama_perf_context_print:       total time =    1878.55 ms /    60 tokens
llama_perf_context_print:    graphs reused =         34
[Bonsai 8B] 2. short query
Llama.generate: 316 prefix-match hit, remaining 26 prompt tokens to eval
llama_perf_context_print:        load time =    5523.65 ms
llama_perf_context_print: prompt eval time =     723.32 ms /    26 tokens (   27.82 ms per token,    35.95 tokens per second)
llama_perf_context_print:        eval time =     508.29 ms /    15 runs   (   33.89 ms per token,    29.51 tokens per second)
llama_perf_context_print:       total time =    1234.63 ms /    41 tokens
llama_perf_context_print:    graphs reused =         14
[Bonsai 8B] 3. short query
Llama.generate: 357 prefix-match hit, remaining 27 prompt tokens to eval
llama_perf_context_print:        load time =    5523.65 ms
llama_perf_context_print: prompt eval time =     753.05 ms /    27 tokens (   27.89 ms per token,    35.85 tokens per second)
llama_perf_context_print:        eval time =     812.99 ms /    24 runs   (   33.87 ms per token,    29.52 tokens per second)
llama_perf_context_print:       total time =    1570.74 ms /    51 tokens
llama_perf_context_print:    graphs reused =         23
[Bonsai 8B] 4. short query
Llama.generate: 408 prefix-match hit, remaining 23 prompt tokens to eval
llama_perf_context_print:        load time =    5523.65 ms
llama_perf_context_print: prompt eval time =     650.21 ms /    23 tokens (   28.27 ms per token,    35.37 tokens per second)
llama_perf_context_print:        eval time =     847.53 ms /    25 runs   (   33.90 ms per token,    29.50 tokens per second)
llama_perf_context_print:       total time =    1502.59 ms /    48 tokens
llama_perf_context_print:    graphs reused =         24
[Bonsai 8B] 5. short query
Llama.generate: 456 prefix-match hit, remaining 26 prompt tokens to eval
llama_perf_context_print:        load time =    5523.65 ms
llama_perf_context_print: prompt eval time =     736.92 ms /    26 tokens (   28.34 ms per token,    35.28 tokens per second)
llama_perf_context_print:        eval time =     951.59 ms /    28 runs   (   33.99 ms per token,    29.42 tokens per second)
llama_perf_context_print:       total time =    1694.01 ms /    54 tokens
llama_perf_context_print:    graphs reused =         27
[Bonsai 8B] 6. short query
Llama.generate: 510 prefix-match hit, remaining 28 prompt tokens to eval
llama_perf_context_print:        load time =    5523.65 ms
llama_perf_context_print: prompt eval time =     798.93 ms /    28 tokens (   28.53 ms per token,    35.05 tokens per second)
llama_perf_context_print:        eval time =     783.17 ms /    22 runs   (   35.60 ms per token,    28.09 tokens per second)
llama_perf_context_print:       total time =    1586.44 ms /    50 tokens
llama_perf_context_print:    graphs reused =         21
[Bonsai 8B] 7. short query
Llama.generate: 560 prefix-match hit, remaining 23 prompt tokens to eval
llama_perf_context_print:        load time =    5523.65 ms
llama_perf_context_print: prompt eval time =     665.23 ms /    23 tokens (   28.92 ms per token,    34.57 tokens per second)
llama_perf_context_print:        eval time =     893.56 ms /    25 runs   (   35.74 ms per token,    27.98 tokens per second)
llama_perf_context_print:       total time =    1563.72 ms /    48 tokens
llama_perf_context_print:    graphs reused =         24
[Bonsai 8B] 8. short query
Llama.generate: 608 prefix-match hit, remaining 24 prompt tokens to eval
llama_perf_context_print:        load time =    5523.65 ms
llama_perf_context_print: prompt eval time =     695.71 ms /    24 tokens (   28.99 ms per token,    34.50 tokens per second)
llama_perf_context_print:        eval time =     964.06 ms /    27 runs   (   35.71 ms per token,    28.01 tokens per second)
llama_perf_context_print:       total time =    1665.04 ms /    51 tokens
llama_perf_context_print:    graphs reused =         26
[Bonsai 8B] 9. short query
Llama.generate: 659 prefix-match hit, remaining 24 prompt tokens to eval
llama_perf_context_print:        load time =    5523.65 ms
llama_perf_context_print: prompt eval time =     701.53 ms /    24 tokens (   29.23 ms per token,    34.21 tokens per second)
llama_perf_context_print:        eval time =    1179.63 ms /    33 runs   (   35.75 ms per token,    27.97 tokens per second)
llama_perf_context_print:       total time =    1887.58 ms /    57 tokens
llama_perf_context_print:    graphs reused =         32
[Bonsai 8B] 10. short query
Llama.generate: 716 prefix-match hit, remaining 29 prompt tokens to eval
llama_perf_context_print:        load time =    5523.65 ms
llama_perf_context_print: prompt eval time =     853.66 ms /    29 tokens (   29.44 ms per token,    33.97 tokens per second)
llama_perf_context_print:        eval time =     715.84 ms /    20 runs   (   35.79 ms per token,    27.94 tokens per second)
llama_perf_context_print:       total time =    1573.41 ms /    49 tokens
llama_perf_context_print:    graphs reused =         19
[Bonsai 8B] 11. short query
Llama.generate: 765 prefix-match hit, remaining 24 prompt tokens to eval
llama_perf_context_print:        load time =    5523.65 ms
llama_perf_context_print: prompt eval time =     712.62 ms /    24 tokens (   29.69 ms per token,    33.68 tokens per second)
llama_perf_context_print:        eval time =    1010.72 ms /    27 runs   (   37.43 ms per token,    26.71 tokens per second)
llama_perf_context_print:       total time =    1728.60 ms /    51 tokens
llama_perf_context_print:    graphs reused =         26
[Bonsai 8B] 12. short query
Llama.generate: 816 prefix-match hit, remaining 25 prompt tokens to eval
llama_perf_context_print:        load time =    5523.65 ms
llama_perf_context_print: prompt eval time =     747.89 ms /    25 tokens (   29.92 ms per token,    33.43 tokens per second)
llama_perf_context_print:        eval time =     824.12 ms /    22 runs   (   37.46 ms per token,    26.70 tokens per second)
llama_perf_context_print:       total time =    1576.45 ms /    47 tokens
llama_perf_context_print:    graphs reused =         21
[Bonsai 8B] 13. short query
Llama.generate: 863 prefix-match hit, remaining 26 prompt tokens to eval
llama_perf_context_print:        load time =    5523.65 ms
llama_perf_context_print: prompt eval time =     783.82 ms /    26 tokens (   30.15 ms per token,    33.17 tokens per second)
llama_perf_context_print:        eval time =     825.48 ms /    22 runs   (   37.52 ms per token,    26.65 tokens per second)
llama_perf_context_print:       total time =    1613.75 ms /    48 tokens
llama_perf_context_print:    graphs reused =         21
[Bonsai 8B] 14. short query
Llama.generate: 911 prefix-match hit, remaining 26 prompt tokens to eval
llama_perf_context_print:        load time =    5523.65 ms
llama_perf_context_print: prompt eval time =     790.22 ms /    26 tokens (   30.39 ms per token,    32.90 tokens per second)
llama_perf_context_print:        eval time =     865.47 ms /    23 runs   (   37.63 ms per token,    26.58 tokens per second)
llama_perf_context_print:       total time =    1660.33 ms /    49 tokens
llama_perf_context_print:    graphs reused =         22
[Bonsai 8B] 15. short query
Llama.generate: 960 prefix-match hit, remaining 24 prompt tokens to eval
llama_perf_context_print:        load time =    5523.65 ms
llama_perf_context_print: prompt eval time =     734.22 ms /    24 tokens (   30.59 ms per token,    32.69 tokens per second)
llama_perf_context_print:        eval time =    1015.00 ms /    27 runs   (   37.59 ms per token,    26.60 tokens per second)
llama_perf_context_print:       total time =    1754.55 ms /    51 tokens
llama_perf_context_print:    graphs reused =         26
[Bonsai 8B] 0. long query
Llama.generate: 199 prefix-match hit, remaining 80 prompt tokens to eval
llama_perf_context_print:        load time =    5523.65 ms
llama_perf_context_print: prompt eval time =    2157.01 ms /    80 tokens (   26.96 ms per token,    37.09 tokens per second)
llama_perf_context_print:        eval time =    1248.16 ms /    37 runs   (   33.73 ms per token,    29.64 tokens per second)
llama_perf_context_print:       total time =    3412.49 ms /   117 tokens
llama_perf_context_print:    graphs reused =         36
[Bonsai 8B] 1. long query
Llama.generate: 316 prefix-match hit, remaining 78 prompt tokens to eval
llama_perf_context_print:        load time =    5523.65 ms
llama_perf_context_print: prompt eval time =    2111.06 ms /    78 tokens (   27.06 ms per token,    36.95 tokens per second)
llama_perf_context_print:        eval time =    1150.41 ms /    34 runs   (   33.84 ms per token,    29.55 tokens per second)
llama_perf_context_print:       total time =    3268.07 ms /   112 tokens
llama_perf_context_print:    graphs reused =         33
[Bonsai 8B] 2. long query
Llama.generate: 428 prefix-match hit, remaining 77 prompt tokens to eval
llama_perf_context_print:        load time =    5523.65 ms
llama_perf_context_print: prompt eval time =    2114.05 ms /    77 tokens (   27.46 ms per token,    36.42 tokens per second)
llama_perf_context_print:        eval time =    1695.62 ms /    48 runs   (   35.33 ms per token,    28.31 tokens per second)
llama_perf_context_print:       total time =    3819.33 ms /   125 tokens
llama_perf_context_print:    graphs reused =         46
[Bonsai 8B] 3. long query
Llama.generate: 553 prefix-match hit, remaining 82 prompt tokens to eval
llama_perf_context_print:        load time =    5523.65 ms
llama_perf_context_print: prompt eval time =    2269.27 ms /    82 tokens (   27.67 ms per token,    36.13 tokens per second)
llama_perf_context_print:        eval time =    1461.81 ms /    41 runs   (   35.65 ms per token,    28.05 tokens per second)
llama_perf_context_print:       total time =    3739.20 ms /   123 tokens
llama_perf_context_print:    graphs reused =         40
[Bonsai 8B] 4. long query
Llama.generate: 676 prefix-match hit, remaining 87 prompt tokens to eval
llama_perf_context_print:        load time =    5523.65 ms
llama_perf_context_print: prompt eval time =    2400.56 ms /    87 tokens (   27.59 ms per token,    36.24 tokens per second)
llama_perf_context_print:        eval time =    1486.73 ms /    40 runs   (   37.17 ms per token,    26.90 tokens per second)
llama_perf_context_print:       total time =    3895.30 ms /   127 tokens
llama_perf_context_print:    graphs reused =         38
[Bonsai 8B] 5. long query
Llama.generate: 803 prefix-match hit, remaining 87 prompt tokens to eval
llama_perf_context_print:        load time =    5523.65 ms
llama_perf_context_print: prompt eval time =    2412.62 ms /    87 tokens (   27.73 ms per token,    36.06 tokens per second)
llama_perf_context_print:        eval time =    1647.98 ms /    44 runs   (   37.45 ms per token,    26.70 tokens per second)
llama_perf_context_print:       total time =    4069.43 ms /   131 tokens
llama_perf_context_print:    graphs reused =         43
[Bonsai 8B] 6. long query
Llama.generate: 934 prefix-match hit, remaining 81 prompt tokens to eval
llama_perf_context_print:        load time =    5523.65 ms
llama_perf_context_print: prompt eval time =    2273.31 ms /    81 tokens (   28.07 ms per token,    35.63 tokens per second)
llama_perf_context_print:        eval time =    1592.00 ms /    41 runs   (   38.83 ms per token,    25.75 tokens per second)
llama_perf_context_print:       total time =    3873.65 ms /   122 tokens
llama_perf_context_print:    graphs reused =         39
[Bonsai 8B] 7. long query
Llama.generate: 1056 prefix-match hit, remaining 87 prompt tokens to eval
llama_perf_context_print:        load time =    5523.65 ms
llama_perf_context_print: prompt eval time =    2447.26 ms /    87 tokens (   28.13 ms per token,    35.55 tokens per second)
llama_perf_context_print:        eval time =    1414.41 ms /    36 runs   (   39.29 ms per token,    25.45 tokens per second)
llama_perf_context_print:       total time =    3868.89 ms /   123 tokens
llama_perf_context_print:    graphs reused =         35
[Bonsai 8B] 8. long query
Llama.generate: 1179 prefix-match hit, remaining 83 prompt tokens to eval
llama_perf_context_print:        load time =    5523.65 ms
llama_perf_context_print: prompt eval time =    2388.12 ms /    83 tokens (   28.77 ms per token,    34.76 tokens per second)
llama_perf_context_print:        eval time =    1734.16 ms /    43 runs   (   40.33 ms per token,    24.80 tokens per second)
llama_perf_context_print:       total time =    4131.05 ms /   126 tokens
llama_perf_context_print:    graphs reused =         41
[Bonsai 8B] 9. long query
Llama.generate: 1305 prefix-match hit, remaining 84 prompt tokens to eval
llama_perf_context_print:        load time =    5523.65 ms
llama_perf_context_print: prompt eval time =    2403.56 ms /    84 tokens (   28.61 ms per token,    34.95 tokens per second)
llama_perf_context_print:        eval time =    1643.04 ms /    40 runs   (   41.08 ms per token,    24.35 tokens per second)
llama_perf_context_print:       total time =    4054.70 ms /   124 tokens
llama_perf_context_print:    graphs reused =         39
[Bonsai 8B] 10. long query
Llama.generate: 1429 prefix-match hit, remaining 79 prompt tokens to eval
llama_perf_context_print:        load time =    5523.65 ms
llama_perf_context_print: prompt eval time =    2331.34 ms /    79 tokens (   29.51 ms per token,    33.89 tokens per second)
llama_perf_context_print:        eval time =    1624.42 ms /    39 runs   (   41.65 ms per token,    24.01 tokens per second)
llama_perf_context_print:       total time =    3963.70 ms /   118 tokens
llama_perf_context_print:    graphs reused =         37
[Bonsai 8B] 11. long query
Llama.generate: 1547 prefix-match hit, remaining 83 prompt tokens to eval
llama_perf_context_print:        load time =    5523.65 ms
llama_perf_context_print: prompt eval time =    2447.96 ms /    83 tokens (   29.49 ms per token,    33.91 tokens per second)
llama_perf_context_print:        eval time =    1549.96 ms /    36 runs   (   43.05 ms per token,    23.23 tokens per second)
llama_perf_context_print:       total time =    4005.32 ms /   119 tokens
llama_perf_context_print:    graphs reused =         35
[Bonsai 8B] 12. long query
Llama.generate: 1666 prefix-match hit, remaining 87 prompt tokens to eval
llama_perf_context_print:        load time =    5523.65 ms
llama_perf_context_print: prompt eval time =    2529.35 ms /    87 tokens (   29.07 ms per token,    34.40 tokens per second)
llama_perf_context_print:        eval time =    1772.43 ms /    41 runs   (   43.23 ms per token,    23.13 tokens per second)
llama_perf_context_print:       total time =    4310.37 ms /   128 tokens
llama_perf_context_print:    graphs reused =         39
[Bonsai 8B] 13. long query
Llama.generate: 1794 prefix-match hit, remaining 84 prompt tokens to eval
llama_perf_context_print:        load time =    5523.65 ms
llama_perf_context_print: prompt eval time =    2475.05 ms /    84 tokens (   29.46 ms per token,    33.94 tokens per second)
llama_perf_context_print:        eval time =    1619.30 ms /    36 runs   (   44.98 ms per token,    22.23 tokens per second)
llama_perf_context_print:       total time =    4101.93 ms /   120 tokens
llama_perf_context_print:    graphs reused =         35
[Bonsai 8B] 14. long query
Llama.generate: 1914 prefix-match hit, remaining 89 prompt tokens to eval
llama_perf_context_print:        load time =    5523.65 ms
llama_perf_context_print: prompt eval time =    2670.50 ms /    89 tokens (   30.01 ms per token,    33.33 tokens per second)
llama_perf_context_print:        eval time =    2264.31 ms /    50 runs   (   45.29 ms per token,    22.08 tokens per second)
llama_perf_context_print:       total time =    4945.51 ms /   139 tokens
llama_perf_context_print:    graphs reused =         48
[Bonsai 8B] 15. long query
Llama.generate: 2053 prefix-match hit, remaining 90 prompt tokens to eval
llama_perf_context_print:        load time =    5523.65 ms
llama_perf_context_print: prompt eval time =    2673.11 ms /    90 tokens (   29.70 ms per token,    33.67 tokens per second)
llama_perf_context_print:        eval time =    1744.70 ms /    37 runs   (   47.15 ms per token,    21.21 tokens per second)
llama_perf_context_print:       total time =    4425.57 ms /   127 tokens
llama_perf_context_print:    graphs reused =         36
~llama_context:        CPU compute buffer size is 312.2305 MiB, matches expectation of 312.2305 MiB
--- Llama 3.2 1B ---
[Llama 3.2 1B] 0. short query
Llama.generate: 200 prefix-match hit, remaining 21 prompt tokens to eval
llama_perf_context_print:        load time =     329.14 ms
llama_perf_context_print: prompt eval time =      48.20 ms /    21 tokens (    2.30 ms per token,   435.65 tokens per second)
llama_perf_context_print:        eval time =     910.14 ms /    63 runs   (   14.45 ms per token,    69.22 tokens per second)
llama_perf_context_print:       total time =     970.74 ms /    84 tokens
llama_perf_context_print:    graphs reused =         61
[Llama 3.2 1B] 1. short query
Llama.generate: 284 prefix-match hit, remaining 22 prompt tokens to eval
llama_perf_context_print:        load time =     329.14 ms
llama_perf_context_print: prompt eval time =      52.84 ms /    22 tokens (    2.40 ms per token,   416.37 tokens per second)
llama_perf_context_print:        eval time =     894.98 ms /    61 runs   (   14.67 ms per token,    68.16 tokens per second)
llama_perf_context_print:       total time =     959.78 ms /    83 tokens
llama_perf_context_print:    graphs reused =         60
[Llama 3.2 1B] 2. short query
Llama.generate: 367 prefix-match hit, remaining 22 prompt tokens to eval
llama_perf_context_print:        load time =     329.14 ms
llama_perf_context_print: prompt eval time =      54.56 ms /    22 tokens (    2.48 ms per token,   403.20 tokens per second)
llama_perf_context_print:        eval time =     865.87 ms /    59 runs   (   14.68 ms per token,    68.14 tokens per second)
llama_perf_context_print:       total time =     931.95 ms /    81 tokens
llama_perf_context_print:    graphs reused =         58
[Llama 3.2 1B] 3. short query
Llama.generate: 448 prefix-match hit, remaining 23 prompt tokens to eval
llama_perf_context_print:        load time =     329.14 ms
llama_perf_context_print: prompt eval time =      58.15 ms /    23 tokens (    2.53 ms per token,   395.56 tokens per second)
llama_perf_context_print:        eval time =     932.90 ms /    63 runs   (   14.81 ms per token,    67.53 tokens per second)
llama_perf_context_print:       total time =    1003.45 ms /    86 tokens
llama_perf_context_print:    graphs reused =         61
[Llama 3.2 1B] 4. short query
Llama.generate: 534 prefix-match hit, remaining 20 prompt tokens to eval
llama_perf_context_print:        load time =     329.14 ms
llama_perf_context_print: prompt eval time =      52.13 ms /    20 tokens (    2.61 ms per token,   383.66 tokens per second)
llama_perf_context_print:        eval time =     779.65 ms /    52 runs   (   14.99 ms per token,    66.70 tokens per second)
llama_perf_context_print:       total time =     841.75 ms /    72 tokens
llama_perf_context_print:    graphs reused =         51
[Llama 3.2 1B] 5. short query
Llama.generate: 606 prefix-match hit, remaining 22 prompt tokens to eval
llama_perf_context_print:        load time =     329.14 ms
llama_perf_context_print: prompt eval time =      59.22 ms /    22 tokens (    2.69 ms per token,   371.50 tokens per second)
llama_perf_context_print:        eval time =     946.79 ms /    63 runs   (   15.03 ms per token,    66.54 tokens per second)
llama_perf_context_print:       total time =    1018.78 ms /    85 tokens
llama_perf_context_print:    graphs reused =         62
[Llama 3.2 1B] 6. short query
Llama.generate: 691 prefix-match hit, remaining 25 prompt tokens to eval
llama_perf_context_print:        load time =     329.14 ms
llama_perf_context_print: prompt eval time =      67.34 ms /    25 tokens (    2.69 ms per token,   371.22 tokens per second)
llama_perf_context_print:        eval time =     951.82 ms /    63 runs   (   15.11 ms per token,    66.19 tokens per second)
llama_perf_context_print:       total time =    1031.85 ms /    88 tokens
llama_perf_context_print:    graphs reused =         61
[Llama 3.2 1B] 7. short query
Llama.generate: 779 prefix-match hit, remaining 20 prompt tokens to eval
llama_perf_context_print:        load time =     329.14 ms
llama_perf_context_print: prompt eval time =      56.65 ms /    20 tokens (    2.83 ms per token,   353.03 tokens per second)
llama_perf_context_print:        eval time =     966.13 ms /    63 runs   (   15.34 ms per token,    65.21 tokens per second)
llama_perf_context_print:       total time =    1035.29 ms /    83 tokens
llama_perf_context_print:    graphs reused =         62
[Llama 3.2 1B] 8. short query
Llama.generate: 862 prefix-match hit, remaining 21 prompt tokens to eval
llama_perf_context_print:        load time =     329.14 ms
llama_perf_context_print: prompt eval time =      64.17 ms /    21 tokens (    3.06 ms per token,   327.26 tokens per second)
llama_perf_context_print:        eval time =     968.88 ms /    63 runs   (   15.38 ms per token,    65.02 tokens per second)
llama_perf_context_print:       total time =    1045.38 ms /    84 tokens
llama_perf_context_print:    graphs reused =         62
[Llama 3.2 1B] 9. short query
Llama.generate: 946 prefix-match hit, remaining 21 prompt tokens to eval
llama_perf_context_print:        load time =     329.14 ms
llama_perf_context_print: prompt eval time =      64.31 ms /    21 tokens (    3.06 ms per token,   326.54 tokens per second)
llama_perf_context_print:        eval time =     972.20 ms /    63 runs   (   15.43 ms per token,    64.80 tokens per second)
llama_perf_context_print:       total time =    1048.62 ms /    84 tokens
llama_perf_context_print:    graphs reused =         61
[Llama 3.2 1B] 10. short query
Llama.generate: 1030 prefix-match hit, remaining 26 prompt tokens to eval
llama_perf_context_print:        load time =     329.14 ms
llama_perf_context_print: prompt eval time =      80.04 ms /    26 tokens (    3.08 ms per token,   324.83 tokens per second)
llama_perf_context_print:        eval time =     992.82 ms /    63 runs   (   15.76 ms per token,    63.46 tokens per second)
llama_perf_context_print:       total time =    1084.98 ms /    89 tokens
llama_perf_context_print:    graphs reused =         62
[Llama 3.2 1B] 11. short query
Llama.generate: 1119 prefix-match hit, remaining 21 prompt tokens to eval
llama_perf_context_print:        load time =     329.14 ms
llama_perf_context_print: prompt eval time =      71.42 ms /    21 tokens (    3.40 ms per token,   294.06 tokens per second)
llama_perf_context_print:        eval time =     991.90 ms /    63 runs   (   15.74 ms per token,    63.51 tokens per second)
llama_perf_context_print:       total time =    1075.62 ms /    84 tokens
llama_perf_context_print:    graphs reused =         62
[Llama 3.2 1B] 12. short query
Llama.generate: 1203 prefix-match hit, remaining 22 prompt tokens to eval
llama_perf_context_print:        load time =     329.14 ms
llama_perf_context_print: prompt eval time =      73.86 ms /    22 tokens (    3.36 ms per token,   297.88 tokens per second)
llama_perf_context_print:        eval time =     996.55 ms /    63 runs   (   15.82 ms per token,    63.22 tokens per second)
llama_perf_context_print:       total time =    1082.86 ms /    85 tokens
llama_perf_context_print:    graphs reused =         61
[Llama 3.2 1B] 13. short query
Llama.generate: 1288 prefix-match hit, remaining 23 prompt tokens to eval
llama_perf_context_print:        load time =     329.14 ms
llama_perf_context_print: prompt eval time =      80.17 ms /    23 tokens (    3.49 ms per token,   286.89 tokens per second)
llama_perf_context_print:        eval time =    1014.88 ms /    63 runs   (   16.11 ms per token,    62.08 tokens per second)
llama_perf_context_print:       total time =    1107.55 ms /    86 tokens
llama_perf_context_print:    graphs reused =         62
[Llama 3.2 1B] 14. short query
Llama.generate: 1374 prefix-match hit, remaining 23 prompt tokens to eval
llama_perf_context_print:        load time =     329.14 ms
llama_perf_context_print: prompt eval time =      83.98 ms /    23 tokens (    3.65 ms per token,   273.88 tokens per second)
llama_perf_context_print:        eval time =    1014.63 ms /    63 runs   (   16.11 ms per token,    62.09 tokens per second)
llama_perf_context_print:       total time =    1110.92 ms /    86 tokens
llama_perf_context_print:    graphs reused =         62
[Llama 3.2 1B] 15. short query
Llama.generate: 1460 prefix-match hit, remaining 21 prompt tokens to eval
llama_perf_context_print:        load time =     329.14 ms
llama_perf_context_print: prompt eval time =      76.16 ms /    21 tokens (    3.63 ms per token,   275.73 tokens per second)
llama_perf_context_print:        eval time =    1021.51 ms /    63 runs   (   16.21 ms per token,    61.67 tokens per second)
llama_perf_context_print:       total time =    1109.98 ms /    84 tokens
llama_perf_context_print:    graphs reused =         61
[Llama 3.2 1B] 0. long query
Llama.generate: 200 prefix-match hit, remaining 77 prompt tokens to eval
llama_perf_context_print:        load time =     329.14 ms
llama_perf_context_print: prompt eval time =     138.52 ms /    77 tokens (    1.80 ms per token,   555.87 tokens per second)
llama_perf_context_print:        eval time =     923.99 ms /    63 runs   (   14.67 ms per token,    68.18 tokens per second)
llama_perf_context_print:       total time =    1074.57 ms /   140 tokens
llama_perf_context_print:    graphs reused =         62
[Llama 3.2 1B] 1. long query
Llama.generate: 340 prefix-match hit, remaining 75 prompt tokens to eval
llama_perf_context_print:        load time =     329.14 ms
llama_perf_context_print: prompt eval time =     142.25 ms /    75 tokens (    1.90 ms per token,   527.24 tokens per second)
llama_perf_context_print:        eval time =     926.20 ms /    63 runs   (   14.70 ms per token,    68.02 tokens per second)
llama_perf_context_print:       total time =    1080.53 ms /   138 tokens
llama_perf_context_print:    graphs reused =         62
[Llama 3.2 1B] 2. long query
Llama.generate: 478 prefix-match hit, remaining 74 prompt tokens to eval
llama_perf_context_print:        load time =     329.14 ms
llama_perf_context_print: prompt eval time =     143.33 ms /    74 tokens (    1.94 ms per token,   516.31 tokens per second)
llama_perf_context_print:        eval time =     943.82 ms /    63 runs   (   14.98 ms per token,    66.75 tokens per second)
llama_perf_context_print:       total time =    1099.26 ms /   137 tokens
llama_perf_context_print:    graphs reused =         62
[Llama 3.2 1B] 3. long query
Llama.generate: 615 prefix-match hit, remaining 79 prompt tokens to eval
llama_perf_context_print:        load time =     329.14 ms
llama_perf_context_print: prompt eval time =     157.46 ms /    79 tokens (    1.99 ms per token,   501.71 tokens per second)
llama_perf_context_print:        eval time =     947.19 ms /    63 runs   (   15.03 ms per token,    66.51 tokens per second)
llama_perf_context_print:       total time =    1116.69 ms /   142 tokens
llama_perf_context_print:    graphs reused =         62
[Llama 3.2 1B] 4. long query
Llama.generate: 757 prefix-match hit, remaining 84 prompt tokens to eval
llama_perf_context_print:        load time =     329.14 ms
llama_perf_context_print: prompt eval time =     162.19 ms /    84 tokens (    1.93 ms per token,   517.90 tokens per second)
llama_perf_context_print:        eval time =     969.25 ms /    63 runs   (   15.38 ms per token,    65.00 tokens per second)
llama_perf_context_print:       total time =    1143.50 ms /   147 tokens
llama_perf_context_print:    graphs reused =         62
[Llama 3.2 1B] 5. long query
Llama.generate: 904 prefix-match hit, remaining 84 prompt tokens to eval
llama_perf_context_print:        load time =     329.14 ms
llama_perf_context_print: prompt eval time =     164.41 ms /    84 tokens (    1.96 ms per token,   510.92 tokens per second)
llama_perf_context_print:        eval time =     979.08 ms /    63 runs   (   15.54 ms per token,    64.35 tokens per second)
llama_perf_context_print:       total time =    1155.81 ms /   147 tokens
llama_perf_context_print:    graphs reused =         61
[Llama 3.2 1B] 6. long query
Llama.generate: 1051 prefix-match hit, remaining 78 prompt tokens to eval
llama_perf_context_print:        load time =     329.14 ms
llama_perf_context_print: prompt eval time =     166.28 ms /    78 tokens (    2.13 ms per token,   469.10 tokens per second)
llama_perf_context_print:        eval time =     991.59 ms /    63 runs   (   15.74 ms per token,    63.53 tokens per second)
llama_perf_context_print:       total time =    1170.17 ms /   141 tokens
llama_perf_context_print:    graphs reused =         62
[Llama 3.2 1B] 7. long query
Llama.generate: 1192 prefix-match hit, remaining 84 prompt tokens to eval
llama_perf_context_print:        load time =     329.14 ms
llama_perf_context_print: prompt eval time =     173.38 ms /    84 tokens (    2.06 ms per token,   484.50 tokens per second)
llama_perf_context_print:        eval time =    1014.05 ms /    63 runs   (   16.10 ms per token,    62.13 tokens per second)
llama_perf_context_print:       total time =    1199.62 ms /   147 tokens
llama_perf_context_print:    graphs reused =         61
[Llama 3.2 1B] 8. long query
Llama.generate: 1339 prefix-match hit, remaining 80 prompt tokens to eval
llama_perf_context_print:        load time =     329.14 ms
llama_perf_context_print: prompt eval time =     178.08 ms /    80 tokens (    2.23 ms per token,   449.24 tokens per second)
llama_perf_context_print:        eval time =    1015.64 ms /    63 runs   (   16.12 ms per token,    62.03 tokens per second)
llama_perf_context_print:       total time =    1206.00 ms /   143 tokens
llama_perf_context_print:    graphs reused =         62
[Llama 3.2 1B] 9. long query
Llama.generate: 1482 prefix-match hit, remaining 81 prompt tokens to eval
llama_perf_context_print:        load time =     329.14 ms
llama_perf_context_print: prompt eval time =     178.07 ms /    81 tokens (    2.20 ms per token,   454.88 tokens per second)
llama_perf_context_print:        eval time =    1036.56 ms /    63 runs   (   16.45 ms per token,    60.78 tokens per second)
llama_perf_context_print:       total time =    1226.98 ms /   144 tokens
llama_perf_context_print:    graphs reused =         62
[Llama 3.2 1B] 10. long query
Llama.generate: 1626 prefix-match hit, remaining 76 prompt tokens to eval
llama_perf_context_print:        load time =     329.14 ms
llama_perf_context_print: prompt eval time =     187.08 ms /    76 tokens (    2.46 ms per token,   406.25 tokens per second)
llama_perf_context_print:        eval time =    1037.02 ms /    63 runs   (   16.46 ms per token,    60.75 tokens per second)
llama_perf_context_print:       total time =    1236.44 ms /   139 tokens
llama_perf_context_print:    graphs reused =         62
[Llama 3.2 1B] 11. long query
Llama.generate: 1765 prefix-match hit, remaining 80 prompt tokens to eval
llama_perf_context_print:        load time =     329.14 ms
llama_perf_context_print: prompt eval time =     193.49 ms /    80 tokens (    2.42 ms per token,   413.46 tokens per second)
llama_perf_context_print:        eval time =    1059.52 ms /    63 runs   (   16.82 ms per token,    59.46 tokens per second)
llama_perf_context_print:       total time =    1265.44 ms /   143 tokens
llama_perf_context_print:    graphs reused =         62
[Llama 3.2 1B] 12. long query
Llama.generate: 1908 prefix-match hit, remaining 84 prompt tokens to eval
llama_perf_context_print:        load time =     329.14 ms
llama_perf_context_print: prompt eval time =     195.47 ms /    84 tokens (    2.33 ms per token,   429.74 tokens per second)
llama_perf_context_print:        eval time =    1068.84 ms /    63 runs   (   16.97 ms per token,    58.94 tokens per second)
llama_perf_context_print:       total time =    1277.03 ms /   147 tokens
llama_perf_context_print:    graphs reused =         61
[Llama 3.2 1B] 13. long query
Llama.generate: 2055 prefix-match hit, remaining 81 prompt tokens to eval
llama_perf_context_print:        load time =     329.14 ms
llama_perf_context_print: prompt eval time =     196.03 ms /    81 tokens (    2.42 ms per token,   413.19 tokens per second)
llama_perf_context_print:        eval time =    1089.43 ms /    63 runs   (   17.29 ms per token,    57.83 tokens per second)
llama_perf_context_print:       total time =    1298.48 ms /   144 tokens
llama_perf_context_print:    graphs reused =         62
[Llama 3.2 1B] 14. long query
Llama.generate: 2199 prefix-match hit, remaining 86 prompt tokens to eval
llama_perf_context_print:        load time =     329.14 ms
llama_perf_context_print: prompt eval time =     219.20 ms /    86 tokens (    2.55 ms per token,   392.34 tokens per second)
llama_perf_context_print:        eval time =    1105.19 ms /    63 runs   (   17.54 ms per token,    57.00 tokens per second)
llama_perf_context_print:       total time =    1337.56 ms /   149 tokens
llama_perf_context_print:    graphs reused =         61
[Llama 3.2 1B] 15. long query
Llama.generate: 2348 prefix-match hit, remaining 87 prompt tokens to eval
llama_perf_context_print:        load time =     329.14 ms
llama_perf_context_print: prompt eval time =     217.27 ms /    87 tokens (    2.50 ms per token,   400.43 tokens per second)
llama_perf_context_print:        eval time =    1111.09 ms /    63 runs   (   17.64 ms per token,    56.70 tokens per second)
llama_perf_context_print:       total time =    1341.44 ms /   150 tokens
llama_perf_context_print:    graphs reused =         62
~llama_context:        CPU compute buffer size is 258.5020 MiB, matches expectation of 258.5020 MiB
--- LFM2.5 1.2B  ---
[LFM2.5 1.2B ] 0. short query
Llama.generate: 213 prefix-match hit, remaining 20 prompt tokens to eval
llama_perf_context_print:        load time =     372.58 ms
llama_perf_context_print: prompt eval time =      44.64 ms /    20 tokens (    2.23 ms per token,   448.07 tokens per second)
llama_perf_context_print:        eval time =     217.88 ms /    17 runs   (   12.82 ms per token,    78.03 tokens per second)
llama_perf_context_print:       total time =     264.99 ms /    37 tokens
llama_perf_context_print:    graphs reused =         16
[LFM2.5 1.2B ] 1. short query
Llama.generate: 250 prefix-match hit, remaining 21 prompt tokens to eval
llama_perf_context_print:        load time =     372.58 ms
llama_perf_context_print: prompt eval time =      44.81 ms /    21 tokens (    2.13 ms per token,   468.69 tokens per second)
llama_perf_context_print:        eval time =     285.04 ms /    22 runs   (   12.96 ms per token,    77.18 tokens per second)
llama_perf_context_print:       total time =     332.99 ms /    43 tokens
llama_perf_context_print:    graphs reused =         21
[LFM2.5 1.2B ] 2. short query
Llama.generate: 293 prefix-match hit, remaining 23 prompt tokens to eval
llama_perf_context_print:        load time =     372.58 ms
llama_perf_context_print: prompt eval time =      52.73 ms /    23 tokens (    2.29 ms per token,   436.17 tokens per second)
llama_perf_context_print:        eval time =     297.96 ms /    23 runs   (   12.95 ms per token,    77.19 tokens per second)
llama_perf_context_print:       total time =     353.98 ms /    46 tokens
llama_perf_context_print:    graphs reused =         22
[LFM2.5 1.2B ] 3. short query
Llama.generate: 339 prefix-match hit, remaining 25 prompt tokens to eval
llama_perf_context_print:        load time =     372.58 ms
llama_perf_context_print: prompt eval time =      55.46 ms /    25 tokens (    2.22 ms per token,   450.80 tokens per second)
llama_perf_context_print:        eval time =     362.66 ms /    28 runs   (   12.95 ms per token,    77.21 tokens per second)
llama_perf_context_print:       total time =     422.13 ms /    53 tokens
llama_perf_context_print:    graphs reused =         27
[LFM2.5 1.2B ] 4. short query
Llama.generate: 392 prefix-match hit, remaining 19 prompt tokens to eval
llama_perf_context_print:        load time =     372.58 ms
llama_perf_context_print: prompt eval time =      43.39 ms /    19 tokens (    2.28 ms per token,   437.86 tokens per second)
llama_perf_context_print:        eval time =     336.89 ms /    26 runs   (   12.96 ms per token,    77.18 tokens per second)
llama_perf_context_print:       total time =     384.06 ms /    45 tokens
llama_perf_context_print:    graphs reused =         25
[LFM2.5 1.2B ] 5. short query
Llama.generate: 437 prefix-match hit, remaining 22 prompt tokens to eval
llama_perf_context_print:        load time =     372.58 ms
llama_perf_context_print: prompt eval time =      51.34 ms /    22 tokens (    2.33 ms per token,   428.52 tokens per second)
llama_perf_context_print:        eval time =     363.07 ms /    28 runs   (   12.97 ms per token,    77.12 tokens per second)
llama_perf_context_print:       total time =     418.46 ms /    50 tokens
llama_perf_context_print:    graphs reused =         27
[LFM2.5 1.2B ] 6. short query
Llama.generate: 487 prefix-match hit, remaining 24 prompt tokens to eval
llama_perf_context_print:        load time =     372.58 ms
llama_perf_context_print: prompt eval time =      53.95 ms /    24 tokens (    2.25 ms per token,   444.86 tokens per second)
llama_perf_context_print:        eval time =     313.97 ms /    24 runs   (   13.08 ms per token,    76.44 tokens per second)
llama_perf_context_print:       total time =     371.47 ms /    48 tokens
llama_perf_context_print:    graphs reused =         22
[LFM2.5 1.2B ] 7. short query
Llama.generate: 535 prefix-match hit, remaining 20 prompt tokens to eval
llama_perf_context_print:        load time =     372.58 ms
llama_perf_context_print: prompt eval time =      44.98 ms /    20 tokens (    2.25 ms per token,   444.63 tokens per second)
llama_perf_context_print:        eval time =     340.08 ms /    26 runs   (   13.08 ms per token,    76.45 tokens per second)
llama_perf_context_print:       total time =     388.84 ms /    46 tokens
llama_perf_context_print:    graphs reused =         25
[LFM2.5 1.2B ] 8. short query
Llama.generate: 581 prefix-match hit, remaining 20 prompt tokens to eval
llama_perf_context_print:        load time =     372.58 ms
llama_perf_context_print: prompt eval time =      45.43 ms /    20 tokens (    2.27 ms per token,   440.22 tokens per second)
llama_perf_context_print:        eval time =     366.46 ms /    28 runs   (   13.09 ms per token,    76.41 tokens per second)
llama_perf_context_print:       total time =     415.96 ms /    48 tokens
llama_perf_context_print:    graphs reused =         27
[LFM2.5 1.2B ] 9. short query
Llama.generate: 629 prefix-match hit, remaining 20 prompt tokens to eval
llama_perf_context_print:        load time =     372.58 ms
llama_perf_context_print: prompt eval time =      45.73 ms /    20 tokens (    2.29 ms per token,   437.33 tokens per second)
llama_perf_context_print:        eval time =     405.93 ms /    31 runs   (   13.09 ms per token,    76.37 tokens per second)
llama_perf_context_print:       total time =     456.13 ms /    51 tokens
llama_perf_context_print:    graphs reused =         30
[LFM2.5 1.2B ] 10. short query
Llama.generate: 680 prefix-match hit, remaining 25 prompt tokens to eval
llama_perf_context_print:        load time =     372.58 ms
llama_perf_context_print: prompt eval time =      58.22 ms /    25 tokens (    2.33 ms per token,   429.43 tokens per second)
llama_perf_context_print:        eval time =     367.34 ms /    28 runs   (   13.12 ms per token,    76.22 tokens per second)
llama_perf_context_print:       total time =     429.74 ms /    53 tokens
llama_perf_context_print:    graphs reused =         27
[LFM2.5 1.2B ] 11. short query
Llama.generate: 733 prefix-match hit, remaining 20 prompt tokens to eval
llama_perf_context_print:        load time =     372.58 ms
llama_perf_context_print: prompt eval time =      47.50 ms /    20 tokens (    2.38 ms per token,   421.02 tokens per second)
llama_perf_context_print:        eval time =     250.00 ms /    19 runs   (   13.16 ms per token,    76.00 tokens per second)
llama_perf_context_print:       total time =     300.33 ms /    39 tokens
llama_perf_context_print:    graphs reused =         17
[LFM2.5 1.2B ] 12. short query
Llama.generate: 772 prefix-match hit, remaining 21 prompt tokens to eval
llama_perf_context_print:        load time =     372.58 ms
llama_perf_context_print: prompt eval time =      49.83 ms /    21 tokens (    2.37 ms per token,   421.43 tokens per second)
llama_perf_context_print:        eval time =     303.99 ms /    23 runs   (   13.22 ms per token,    75.66 tokens per second)
llama_perf_context_print:       total time =     357.20 ms /    44 tokens
llama_perf_context_print:    graphs reused =         22
[LFM2.5 1.2B ] 13. short query
Llama.generate: 816 prefix-match hit, remaining 23 prompt tokens to eval
llama_perf_context_print:        load time =     372.58 ms
llama_perf_context_print: prompt eval time =      55.65 ms /    23 tokens (    2.42 ms per token,   413.27 tokens per second)
llama_perf_context_print:        eval time =     304.35 ms /    23 runs   (   13.23 ms per token,    75.57 tokens per second)
llama_perf_context_print:       total time =     363.35 ms /    46 tokens
llama_perf_context_print:    graphs reused =         22
[LFM2.5 1.2B ] 14. short query
Llama.generate: 862 prefix-match hit, remaining 22 prompt tokens to eval
llama_perf_context_print:        load time =     372.58 ms
llama_perf_context_print: prompt eval time =      53.16 ms /    22 tokens (    2.42 ms per token,   413.86 tokens per second)
llama_perf_context_print:        eval time =     291.31 ms /    22 runs   (   13.24 ms per token,    75.52 tokens per second)
llama_perf_context_print:       total time =     347.74 ms /    44 tokens
llama_perf_context_print:    graphs reused =         21
[LFM2.5 1.2B ] 15. short query
Llama.generate: 906 prefix-match hit, remaining 20 prompt tokens to eval
llama_perf_context_print:        load time =     372.58 ms
llama_perf_context_print: prompt eval time =      48.11 ms /    20 tokens (    2.41 ms per token,   415.72 tokens per second)
llama_perf_context_print:        eval time =     291.35 ms /    22 runs   (   13.24 ms per token,    75.51 tokens per second)
llama_perf_context_print:       total time =     342.72 ms /    42 tokens
llama_perf_context_print:    graphs reused =         21
[LFM2.5 1.2B ] 0. long query
Llama.generate: 213 prefix-match hit, remaining 79 prompt tokens to eval
llama_perf_context_print:        load time =     372.58 ms
llama_perf_context_print: prompt eval time =     146.01 ms /    79 tokens (    1.85 ms per token,   541.05 tokens per second)
llama_perf_context_print:        eval time =     401.24 ms /    31 runs   (   12.94 ms per token,    77.26 tokens per second)
llama_perf_context_print:       total time =     551.77 ms /   110 tokens
llama_perf_context_print:    graphs reused =         30
[LFM2.5 1.2B ] 1. long query
Llama.generate: 323 prefix-match hit, remaining 76 prompt tokens to eval
llama_perf_context_print:        load time =     372.58 ms
llama_perf_context_print: prompt eval time =     140.52 ms /    76 tokens (    1.85 ms per token,   540.84 tokens per second)
llama_perf_context_print:        eval time =     557.19 ms /    43 runs   (   12.96 ms per token,    77.17 tokens per second)
llama_perf_context_print:       total time =     704.16 ms /   119 tokens
llama_perf_context_print:    graphs reused =         42
[LFM2.5 1.2B ] 2. long query
Llama.generate: 442 prefix-match hit, remaining 78 prompt tokens to eval
llama_perf_context_print:        load time =     372.58 ms
llama_perf_context_print: prompt eval time =     146.50 ms /    78 tokens (    1.88 ms per token,   532.41 tokens per second)
llama_perf_context_print:        eval time =     823.57 ms /    63 runs   (   13.07 ms per token,    76.50 tokens per second)
llama_perf_context_print:       total time =     980.06 ms /   141 tokens
llama_perf_context_print:    graphs reused =         62
[LFM2.5 1.2B ] 3. long query
Llama.generate: 583 prefix-match hit, remaining 83 prompt tokens to eval
llama_perf_context_print:        load time =     372.58 ms
llama_perf_context_print: prompt eval time =     153.85 ms /    83 tokens (    1.85 ms per token,   539.48 tokens per second)
llama_perf_context_print:        eval time =     824.68 ms /    63 runs   (   13.09 ms per token,    76.39 tokens per second)
llama_perf_context_print:       total time =     988.64 ms /   146 tokens
llama_perf_context_print:    graphs reused =         62
[LFM2.5 1.2B ] 4. long query
Llama.generate: 729 prefix-match hit, remaining 87 prompt tokens to eval
llama_perf_context_print:        load time =     372.58 ms
llama_perf_context_print: prompt eval time =     163.59 ms /    87 tokens (    1.88 ms per token,   531.80 tokens per second)
llama_perf_context_print:        eval time =     833.37 ms /    63 runs   (   13.23 ms per token,    75.60 tokens per second)
llama_perf_context_print:       total time =    1007.17 ms /   150 tokens
llama_perf_context_print:    graphs reused =         62
[LFM2.5 1.2B ] 5. long query
Llama.generate: 879 prefix-match hit, remaining 92 prompt tokens to eval
llama_perf_context_print:        load time =     372.58 ms
llama_perf_context_print: prompt eval time =     173.95 ms /    92 tokens (    1.89 ms per token,   528.88 tokens per second)
llama_perf_context_print:        eval time =     835.00 ms /    63 runs   (   13.25 ms per token,    75.45 tokens per second)
llama_perf_context_print:       total time =    1019.08 ms /   155 tokens
llama_perf_context_print:    graphs reused =         61
[LFM2.5 1.2B ] 6. long query
Llama.generate: 1034 prefix-match hit, remaining 85 prompt tokens to eval
llama_perf_context_print:        load time =     372.58 ms
llama_perf_context_print: prompt eval time =     165.46 ms /    85 tokens (    1.95 ms per token,   513.71 tokens per second)
llama_perf_context_print:        eval time =     788.64 ms /    59 runs   (   13.37 ms per token,    74.81 tokens per second)
llama_perf_context_print:       total time =     963.39 ms /   144 tokens
llama_perf_context_print:    graphs reused =         58
[LFM2.5 1.2B ] 7. long query
Llama.generate: 1178 prefix-match hit, remaining 84 prompt tokens to eval
llama_perf_context_print:        load time =     372.58 ms
llama_perf_context_print: prompt eval time =     161.09 ms /    84 tokens (    1.92 ms per token,   521.45 tokens per second)
llama_perf_context_print:        eval time =     848.47 ms /    63 runs   (   13.47 ms per token,    74.25 tokens per second)
llama_perf_context_print:       total time =    1019.75 ms /   147 tokens
llama_perf_context_print:    graphs reused =         61
[LFM2.5 1.2B ] 8. long query
Llama.generate: 1325 prefix-match hit, remaining 84 prompt tokens to eval
llama_perf_context_print:        load time =     372.58 ms
llama_perf_context_print: prompt eval time =     160.49 ms /    84 tokens (    1.91 ms per token,   523.41 tokens per second)
llama_perf_context_print:        eval time =     850.57 ms /    63 runs   (   13.50 ms per token,    74.07 tokens per second)
llama_perf_context_print:       total time =    1021.22 ms /   147 tokens
llama_perf_context_print:    graphs reused =         62
[LFM2.5 1.2B ] 9. long query
Llama.generate: 1472 prefix-match hit, remaining 85 prompt tokens to eval
llama_perf_context_print:        load time =     372.58 ms
llama_perf_context_print: prompt eval time =     169.81 ms /    85 tokens (    2.00 ms per token,   500.55 tokens per second)
llama_perf_context_print:        eval time =     859.65 ms /    63 runs   (   13.65 ms per token,    73.29 tokens per second)
llama_perf_context_print:       total time =    1039.77 ms /   148 tokens
llama_perf_context_print:    graphs reused =         62
[LFM2.5 1.2B ] 10. long query
Llama.generate: 1620 prefix-match hit, remaining 80 prompt tokens to eval
llama_perf_context_print:        load time =     372.58 ms
llama_perf_context_print: prompt eval time =     159.15 ms /    80 tokens (    1.99 ms per token,   502.68 tokens per second)
llama_perf_context_print:        eval time =     859.14 ms /    63 runs   (   13.64 ms per token,    73.33 tokens per second)
llama_perf_context_print:       total time =    1028.65 ms /   143 tokens
llama_perf_context_print:    graphs reused =         62
[LFM2.5 1.2B ] 11. long query
Llama.generate: 1763 prefix-match hit, remaining 81 prompt tokens to eval
llama_perf_context_print:        load time =     372.58 ms
llama_perf_context_print: prompt eval time =     160.21 ms /    81 tokens (    1.98 ms per token,   505.60 tokens per second)
llama_perf_context_print:        eval time =     867.35 ms /    63 runs   (   13.77 ms per token,    72.63 tokens per second)
llama_perf_context_print:       total time =    1038.03 ms /   144 tokens
llama_perf_context_print:    graphs reused =         62
[LFM2.5 1.2B ] 12. long query
Llama.generate: 1907 prefix-match hit, remaining 87 prompt tokens to eval
llama_perf_context_print:        load time =     372.58 ms
llama_perf_context_print: prompt eval time =     176.68 ms /    87 tokens (    2.03 ms per token,   492.41 tokens per second)
llama_perf_context_print:        eval time =     856.20 ms /    62 runs   (   13.81 ms per token,    72.41 tokens per second)
llama_perf_context_print:       total time =    1043.24 ms /   149 tokens
llama_perf_context_print:    graphs reused =         60
[LFM2.5 1.2B ] 13. long query
Llama.generate: 2056 prefix-match hit, remaining 83 prompt tokens to eval
llama_perf_context_print:        load time =     372.58 ms
llama_perf_context_print: prompt eval time =     172.03 ms /    83 tokens (    2.07 ms per token,   482.49 tokens per second)
llama_perf_context_print:        eval time =     876.71 ms /    63 runs   (   13.92 ms per token,    71.86 tokens per second)
llama_perf_context_print:       total time =    1059.46 ms /   146 tokens
llama_perf_context_print:    graphs reused =         62
[LFM2.5 1.2B ] 14. long query
Llama.generate: 2202 prefix-match hit, remaining 86 prompt tokens to eval
llama_perf_context_print:        load time =     372.58 ms
llama_perf_context_print: prompt eval time =     182.11 ms /    86 tokens (    2.12 ms per token,   472.24 tokens per second)
llama_perf_context_print:        eval time =     882.91 ms /    63 runs   (   14.01 ms per token,    71.35 tokens per second)
llama_perf_context_print:       total time =    1075.68 ms /   149 tokens
llama_perf_context_print:    graphs reused =         61
[LFM2.5 1.2B ] 15. long query
Llama.generate: 2351 prefix-match hit, remaining 93 prompt tokens to eval
llama_perf_context_print:        load time =     372.58 ms
llama_perf_context_print: prompt eval time =     193.13 ms /    93 tokens (    2.08 ms per token,   481.54 tokens per second)
llama_perf_context_print:        eval time =     885.06 ms /    63 runs   (   14.05 ms per token,    71.18 tokens per second)
llama_perf_context_print:       total time =    1088.77 ms /   156 tokens
llama_perf_context_print:    graphs reused =         62
~llama_context:        CPU compute buffer size is 144.0137 MiB, matches expectation of 144.0137 MiB
--- MiniCPM5 1B ---
[MiniCPM5 1B] 0. short query
Llama.generate: 210 prefix-match hit, remaining 23 prompt tokens to eval
llama_perf_context_print:        load time =     263.43 ms
llama_perf_context_print: prompt eval time =      43.55 ms /    23 tokens (    1.89 ms per token,   528.10 tokens per second)
llama_perf_context_print:        eval time =     129.76 ms /    12 runs   (   10.81 ms per token,    92.48 tokens per second)
llama_perf_context_print:       total time =     175.73 ms /    35 tokens
llama_perf_context_print:    graphs reused =         11
[MiniCPM5 1B] 1. short query
Llama.generate: 245 prefix-match hit, remaining 25 prompt tokens to eval
llama_perf_context_print:        load time =     263.43 ms
llama_perf_context_print: prompt eval time =      44.81 ms /    25 tokens (    1.79 ms per token,   557.86 tokens per second)
llama_perf_context_print:        eval time =     182.81 ms /    16 runs   (   11.43 ms per token,    87.52 tokens per second)
llama_perf_context_print:       total time =     230.71 ms /    41 tokens
llama_perf_context_print:    graphs reused =         15
[MiniCPM5 1B] 2. short query
Llama.generate: 286 prefix-match hit, remaining 26 prompt tokens to eval
llama_perf_context_print:        load time =     263.43 ms
llama_perf_context_print: prompt eval time =      47.39 ms /    26 tokens (    1.82 ms per token,   548.67 tokens per second)
llama_perf_context_print:        eval time =     137.49 ms /    12 runs   (   11.46 ms per token,    87.28 tokens per second)
llama_perf_context_print:       total time =     187.26 ms /    38 tokens
llama_perf_context_print:    graphs reused =         11
[MiniCPM5 1B] 3. short query
Llama.generate: 324 prefix-match hit, remaining 27 prompt tokens to eval
llama_perf_context_print:        load time =     263.43 ms
llama_perf_context_print: prompt eval time =      50.56 ms /    27 tokens (    1.87 ms per token,   534.01 tokens per second)
llama_perf_context_print:        eval time =     137.27 ms /    12 runs   (   11.44 ms per token,    87.42 tokens per second)
llama_perf_context_print:       total time =     190.20 ms /    39 tokens
llama_perf_context_print:    graphs reused =         11
[MiniCPM5 1B] 4. short query
Llama.generate: 363 prefix-match hit, remaining 23 prompt tokens to eval
llama_perf_context_print:        load time =     263.43 ms
llama_perf_context_print: prompt eval time =      44.43 ms /    23 tokens (    1.93 ms per token,   517.67 tokens per second)
llama_perf_context_print:        eval time =     137.13 ms /    12 runs   (   11.43 ms per token,    87.51 tokens per second)
llama_perf_context_print:       total time =     183.94 ms /    35 tokens
llama_perf_context_print:    graphs reused =         11
[MiniCPM5 1B] 5. short query
Llama.generate: 398 prefix-match hit, remaining 26 prompt tokens to eval
llama_perf_context_print:        load time =     263.43 ms
llama_perf_context_print: prompt eval time =      51.15 ms /    26 tokens (    1.97 ms per token,   508.34 tokens per second)
llama_perf_context_print:        eval time =     114.09 ms /    10 runs   (   11.41 ms per token,    87.65 tokens per second)
llama_perf_context_print:       total time =     167.37 ms /    36 tokens
llama_perf_context_print:    graphs reused =          9
[MiniCPM5 1B] 6. short query
Llama.generate: 434 prefix-match hit, remaining 27 prompt tokens to eval
llama_perf_context_print:        load time =     263.43 ms
llama_perf_context_print: prompt eval time =      54.53 ms /    27 tokens (    2.02 ms per token,   495.18 tokens per second)
llama_perf_context_print:        eval time =     137.69 ms /    12 runs   (   11.47 ms per token,    87.15 tokens per second)
llama_perf_context_print:       total time =     194.66 ms /    39 tokens
llama_perf_context_print:    graphs reused =         11
[MiniCPM5 1B] 7. short query
Llama.generate: 473 prefix-match hit, remaining 23 prompt tokens to eval
llama_perf_context_print:        load time =     263.43 ms
llama_perf_context_print: prompt eval time =      50.98 ms /    23 tokens (    2.22 ms per token,   451.16 tokens per second)
llama_perf_context_print:        eval time =     113.76 ms /    10 runs   (   11.38 ms per token,    87.91 tokens per second)
llama_perf_context_print:       total time =     166.80 ms /    33 tokens
llama_perf_context_print:    graphs reused =          9
[MiniCPM5 1B] 8. short query
Llama.generate: 506 prefix-match hit, remaining 24 prompt tokens to eval
llama_perf_context_print:        load time =     263.43 ms
llama_perf_context_print: prompt eval time =      49.73 ms /    24 tokens (    2.07 ms per token,   482.65 tokens per second)
llama_perf_context_print:        eval time =     153.74 ms /    13 runs   (   11.83 ms per token,    84.56 tokens per second)
llama_perf_context_print:       total time =     206.06 ms /    37 tokens
llama_perf_context_print:    graphs reused =         12
[MiniCPM5 1B] 9. short query
Llama.generate: 543 prefix-match hit, remaining 24 prompt tokens to eval
llama_perf_context_print:        load time =     263.43 ms
llama_perf_context_print: prompt eval time =      51.89 ms /    24 tokens (    2.16 ms per token,   462.50 tokens per second)
llama_perf_context_print:        eval time =     106.02 ms /     9 runs   (   11.78 ms per token,    84.89 tokens per second)
llama_perf_context_print:       total time =     159.83 ms /    33 tokens
llama_perf_context_print:    graphs reused =          8
[MiniCPM5 1B] 10. short query
Llama.generate: 576 prefix-match hit, remaining 29 prompt tokens to eval
llama_perf_context_print:        load time =     263.43 ms
llama_perf_context_print: prompt eval time =      61.40 ms /    29 tokens (    2.12 ms per token,   472.30 tokens per second)
llama_perf_context_print:        eval time =     106.00 ms /     9 runs   (   11.78 ms per token,    84.91 tokens per second)
llama_perf_context_print:       total time =     169.32 ms /    38 tokens
llama_perf_context_print:    graphs reused =          8
[MiniCPM5 1B] 11. short query
Llama.generate: 614 prefix-match hit, remaining 24 prompt tokens to eval
llama_perf_context_print:        load time =     263.43 ms
llama_perf_context_print: prompt eval time =      51.14 ms /    24 tokens (    2.13 ms per token,   469.31 tokens per second)
llama_perf_context_print:        eval time =     200.31 ms /    17 runs   (   11.78 ms per token,    84.87 tokens per second)
llama_perf_context_print:       total time =     254.77 ms /    41 tokens
llama_perf_context_print:    graphs reused =         16
[MiniCPM5 1B] 12. short query
Llama.generate: 655 prefix-match hit, remaining 25 prompt tokens to eval
llama_perf_context_print:        load time =     263.43 ms
llama_perf_context_print: prompt eval time =      56.37 ms /    25 tokens (    2.25 ms per token,   443.52 tokens per second)
llama_perf_context_print:        eval time =     187.92 ms /    16 runs   (   11.75 ms per token,    85.14 tokens per second)
llama_perf_context_print:       total time =     247.37 ms /    41 tokens
llama_perf_context_print:    graphs reused =         15
[MiniCPM5 1B] 13. short query
Llama.generate: 696 prefix-match hit, remaining 27 prompt tokens to eval
llama_perf_context_print:        load time =     263.43 ms
llama_perf_context_print: prompt eval time =      61.65 ms /    27 tokens (    2.28 ms per token,   437.97 tokens per second)
llama_perf_context_print:        eval time =      94.50 ms /     8 runs   (   11.81 ms per token,    84.65 tokens per second)
llama_perf_context_print:       total time =     157.90 ms /    35 tokens
llama_perf_context_print:    graphs reused =          7
[MiniCPM5 1B] 14. short query
Llama.generate: 731 prefix-match hit, remaining 25 prompt tokens to eval
llama_perf_context_print:        load time =     263.43 ms
llama_perf_context_print: prompt eval time =      58.57 ms /    25 tokens (    2.34 ms per token,   426.84 tokens per second)
llama_perf_context_print:        eval time =     141.87 ms /    12 runs   (   11.82 ms per token,    84.58 tokens per second)
llama_perf_context_print:       total time =     202.87 ms /    37 tokens
llama_perf_context_print:    graphs reused =         11
[MiniCPM5 1B] 15. short query
Llama.generate: 768 prefix-match hit, remaining 24 prompt tokens to eval
llama_perf_context_print:        load time =     263.43 ms
llama_perf_context_print: prompt eval time =      56.60 ms /    24 tokens (    2.36 ms per token,   424.05 tokens per second)
llama_perf_context_print:        eval time =     170.35 ms /    14 runs   (   12.17 ms per token,    82.18 tokens per second)
llama_perf_context_print:       total time =     229.77 ms /    38 tokens
llama_perf_context_print:    graphs reused =         13
[MiniCPM5 1B] 0. long query
Llama.generate: 210 prefix-match hit, remaining 79 prompt tokens to eval
llama_perf_context_print:        load time =     263.43 ms
llama_perf_context_print: prompt eval time =     118.45 ms /    79 tokens (    1.50 ms per token,   666.95 tokens per second)
llama_perf_context_print:        eval time =     717.30 ms /    63 runs   (   11.39 ms per token,    87.83 tokens per second)
llama_perf_context_print:       total time =     848.45 ms /   142 tokens
llama_perf_context_print:    graphs reused =         62
[MiniCPM5 1B] 1. long query
Llama.generate: 352 prefix-match hit, remaining 77 prompt tokens to eval
llama_perf_context_print:        load time =     263.43 ms
llama_perf_context_print: prompt eval time =     124.52 ms /    77 tokens (    1.62 ms per token,   618.37 tokens per second)
llama_perf_context_print:        eval time =     717.82 ms /    63 runs   (   11.39 ms per token,    87.77 tokens per second)
llama_perf_context_print:       total time =     854.80 ms /   140 tokens
llama_perf_context_print:    graphs reused =         62
[MiniCPM5 1B] 2. long query
Llama.generate: 492 prefix-match hit, remaining 77 prompt tokens to eval
llama_perf_context_print:        load time =     263.43 ms
llama_perf_context_print: prompt eval time =     135.83 ms /    77 tokens (    1.76 ms per token,   566.89 tokens per second)
llama_perf_context_print:        eval time =     741.69 ms /    63 runs   (   11.77 ms per token,    84.94 tokens per second)
llama_perf_context_print:       total time =     890.02 ms /   140 tokens
llama_perf_context_print:    graphs reused =         62
[MiniCPM5 1B] 3. long query
Llama.generate: 632 prefix-match hit, remaining 82 prompt tokens to eval
llama_perf_context_print:        load time =     263.43 ms
llama_perf_context_print: prompt eval time =     151.09 ms /    82 tokens (    1.84 ms per token,   542.73 tokens per second)
llama_perf_context_print:        eval time =     744.69 ms /    63 runs   (   11.82 ms per token,    84.60 tokens per second)
llama_perf_context_print:       total time =     908.50 ms /   145 tokens
llama_perf_context_print:    graphs reused =         61
[MiniCPM5 1B] 4. long query
Llama.generate: 777 prefix-match hit, remaining 88 prompt tokens to eval
llama_perf_context_print:        load time =     263.43 ms
llama_perf_context_print: prompt eval time =     169.37 ms /    88 tokens (    1.92 ms per token,   519.58 tokens per second)
llama_perf_context_print:        eval time =     768.90 ms /    63 runs   (   12.20 ms per token,    81.94 tokens per second)
llama_perf_context_print:       total time =     950.85 ms /   151 tokens
llama_perf_context_print:    graphs reused =         62
[MiniCPM5 1B] 5. long query
Llama.generate: 928 prefix-match hit, remaining 87 prompt tokens to eval
llama_perf_context_print:        load time =     263.43 ms
llama_perf_context_print: prompt eval time =     160.96 ms /    87 tokens (    1.85 ms per token,   540.51 tokens per second)
llama_perf_context_print:        eval time =     792.15 ms /    63 runs   (   12.57 ms per token,    79.53 tokens per second)
llama_perf_context_print:       total time =     965.90 ms /   150 tokens
llama_perf_context_print:    graphs reused =         61
[MiniCPM5 1B] 6. long query
Llama.generate: 1078 prefix-match hit, remaining 84 prompt tokens to eval
llama_perf_context_print:        load time =     263.43 ms
llama_perf_context_print: prompt eval time =     163.94 ms /    84 tokens (    1.95 ms per token,   512.38 tokens per second)
llama_perf_context_print:        eval time =     800.56 ms /    63 runs   (   12.71 ms per token,    78.69 tokens per second)
llama_perf_context_print:       total time =     977.18 ms /   147 tokens
llama_perf_context_print:    graphs reused =         62
[MiniCPM5 1B] 7. long query
Llama.generate: 1225 prefix-match hit, remaining 87 prompt tokens to eval
llama_perf_context_print:        load time =     263.43 ms
llama_perf_context_print: prompt eval time =     177.97 ms /    87 tokens (    2.05 ms per token,   488.84 tokens per second)
llama_perf_context_print:        eval time =     830.53 ms /    63 runs   (   13.18 ms per token,    75.86 tokens per second)
llama_perf_context_print:       total time =    1021.19 ms /   150 tokens
llama_perf_context_print:    graphs reused =         62
[MiniCPM5 1B] 8. long query
Llama.generate: 1375 prefix-match hit, remaining 84 prompt tokens to eval
llama_perf_context_print:        load time =     263.43 ms
llama_perf_context_print: prompt eval time =     180.77 ms /    84 tokens (    2.15 ms per token,   464.68 tokens per second)
llama_perf_context_print:        eval time =     833.78 ms /    63 runs   (   13.23 ms per token,    75.56 tokens per second)
llama_perf_context_print:       total time =    1027.50 ms /   147 tokens
llama_perf_context_print:    graphs reused =         62
[MiniCPM5 1B] 9. long query
Llama.generate: 1522 prefix-match hit, remaining 84 prompt tokens to eval
llama_perf_context_print:        load time =     263.43 ms
llama_perf_context_print: prompt eval time =     192.70 ms /    84 tokens (    2.29 ms per token,   435.91 tokens per second)
llama_perf_context_print:        eval time =     860.66 ms /    63 runs   (   13.66 ms per token,    73.20 tokens per second)
llama_perf_context_print:       total time =    1066.31 ms /   147 tokens
llama_perf_context_print:    graphs reused =         62
[MiniCPM5 1B] 10. long query
Llama.generate: 1669 prefix-match hit, remaining 81 prompt tokens to eval
llama_perf_context_print:        load time =     263.43 ms
llama_perf_context_print: prompt eval time =     197.12 ms /    81 tokens (    2.43 ms per token,   410.91 tokens per second)
llama_perf_context_print:        eval time =     874.78 ms /    63 runs   (   13.89 ms per token,    72.02 tokens per second)
llama_perf_context_print:       total time =    1084.95 ms /   144 tokens
llama_perf_context_print:    graphs reused =         61
[MiniCPM5 1B] 11. long query
Llama.generate: 1813 prefix-match hit, remaining 84 prompt tokens to eval
llama_perf_context_print:        load time =     263.43 ms
llama_perf_context_print: prompt eval time =     207.85 ms /    84 tokens (    2.47 ms per token,   404.14 tokens per second)
llama_perf_context_print:        eval time =     895.84 ms /    63 runs   (   14.22 ms per token,    70.33 tokens per second)
llama_perf_context_print:       total time =    1116.64 ms /   147 tokens
llama_perf_context_print:    graphs reused =         62
[MiniCPM5 1B] 12. long query
Llama.generate: 1960 prefix-match hit, remaining 88 prompt tokens to eval
llama_perf_context_print:        load time =     263.43 ms
llama_perf_context_print: prompt eval time =     265.19 ms /    88 tokens (    3.01 ms per token,   331.84 tokens per second)
llama_perf_context_print:        eval time =     919.44 ms /    63 runs   (   14.59 ms per token,    68.52 tokens per second)
llama_perf_context_print:       total time =    1197.82 ms /   151 tokens
llama_perf_context_print:    graphs reused =         62
[MiniCPM5 1B] 13. long query
Llama.generate: 2111 prefix-match hit, remaining 82 prompt tokens to eval
llama_perf_context_print:        load time =     263.43 ms
llama_perf_context_print: prompt eval time =     275.64 ms /    82 tokens (    3.36 ms per token,   297.49 tokens per second)
llama_perf_context_print:        eval time =     923.20 ms /    63 runs   (   14.65 ms per token,    68.24 tokens per second)
llama_perf_context_print:       total time =    1211.98 ms /   145 tokens
llama_perf_context_print:    graphs reused =         62
[MiniCPM5 1B] 14. long query
Llama.generate: 2256 prefix-match hit, remaining 88 prompt tokens to eval
llama_perf_context_print:        load time =     263.43 ms
llama_perf_context_print: prompt eval time =     290.97 ms /    88 tokens (    3.31 ms per token,   302.44 tokens per second)
llama_perf_context_print:        eval time =     950.42 ms /    63 runs   (   15.09 ms per token,    66.29 tokens per second)
llama_perf_context_print:       total time =    1254.69 ms /   151 tokens
llama_perf_context_print:    graphs reused =         62
[MiniCPM5 1B] 15. long query
Llama.generate: 2407 prefix-match hit, remaining 91 prompt tokens to eval
llama_perf_context_print:        load time =     263.43 ms
llama_perf_context_print: prompt eval time =     313.94 ms /    91 tokens (    3.45 ms per token,   289.87 tokens per second)
llama_perf_context_print:        eval time =     953.79 ms /    63 runs   (   15.14 ms per token,    66.05 tokens per second)
llama_perf_context_print:       total time =    1280.94 ms /   154 tokens
llama_perf_context_print:    graphs reused =         61
~llama_context:        CPU compute buffer size is 261.0020 MiB, matches expectation of 261.0020 MiB
--- Bonsai 4B ---
[Bonsai 4B] 0. short query
Llama.generate: 199 prefix-match hit, remaining 24 prompt tokens to eval
llama_perf_context_print:        load time =    2956.41 ms
llama_perf_context_print: prompt eval time =     359.64 ms /    24 tokens (   14.99 ms per token,    66.73 tokens per second)
llama_perf_context_print:        eval time =     659.60 ms /    34 runs   (   19.40 ms per token,    51.55 tokens per second)
llama_perf_context_print:       total time =    1025.84 ms /    58 tokens
llama_perf_context_print:    graphs reused =         32
[Bonsai 4B] 1. short query
Llama.generate: 257 prefix-match hit, remaining 25 prompt tokens to eval
llama_perf_context_print:        load time =    2956.41 ms
llama_perf_context_print: prompt eval time =     380.44 ms /    25 tokens (   15.22 ms per token,    65.71 tokens per second)
llama_perf_context_print:        eval time =     657.98 ms /    32 runs   (   20.56 ms per token,    48.63 tokens per second)
llama_perf_context_print:       total time =    1044.59 ms /    57 tokens
llama_perf_context_print:    graphs reused =         31
[Bonsai 4B] 2. short query
Llama.generate: 314 prefix-match hit, remaining 26 prompt tokens to eval
llama_perf_context_print:        load time =    2956.41 ms
llama_perf_context_print: prompt eval time =     402.44 ms /    26 tokens (   15.48 ms per token,    64.61 tokens per second)
llama_perf_context_print:        eval time =     494.50 ms /    24 runs   (   20.60 ms per token,    48.53 tokens per second)
llama_perf_context_print:       total time =     901.54 ms /    50 tokens
llama_perf_context_print:    graphs reused =         23
[Bonsai 4B] 3. short query
Llama.generate: 364 prefix-match hit, remaining 27 prompt tokens to eval
llama_perf_context_print:        load time =    2956.41 ms
llama_perf_context_print: prompt eval time =     422.99 ms /    27 tokens (   15.67 ms per token,    63.83 tokens per second)
llama_perf_context_print:        eval time =     577.70 ms /    28 runs   (   20.63 ms per token,    48.47 tokens per second)
llama_perf_context_print:       total time =    1006.06 ms /    55 tokens
llama_perf_context_print:    graphs reused =         27
[Bonsai 4B] 4. short query
Llama.generate: 419 prefix-match hit, remaining 23 prompt tokens to eval
llama_perf_context_print:        load time =    2956.41 ms
llama_perf_context_print: prompt eval time =     364.52 ms /    23 tokens (   15.85 ms per token,    63.10 tokens per second)
llama_perf_context_print:        eval time =     559.00 ms /    27 runs   (   20.70 ms per token,    48.30 tokens per second)
llama_perf_context_print:       total time =     928.71 ms /    50 tokens
llama_perf_context_print:    graphs reused =         26
[Bonsai 4B] 5. short query
Llama.generate: 469 prefix-match hit, remaining 26 prompt tokens to eval
llama_perf_context_print:        load time =    2956.41 ms
llama_perf_context_print: prompt eval time =     415.59 ms /    26 tokens (   15.98 ms per token,    62.56 tokens per second)
llama_perf_context_print:        eval time =     667.55 ms /    31 runs   (   21.53 ms per token,    46.44 tokens per second)
llama_perf_context_print:       total time =    1089.13 ms /    57 tokens
llama_perf_context_print:    graphs reused =         29
[Bonsai 4B] 6. short query
Llama.generate: 526 prefix-match hit, remaining 28 prompt tokens to eval
llama_perf_context_print:        load time =    2956.41 ms
llama_perf_context_print: prompt eval time =     460.60 ms /    28 tokens (   16.45 ms per token,    60.79 tokens per second)
llama_perf_context_print:        eval time =     672.60 ms /    30 runs   (   22.42 ms per token,    44.60 tokens per second)
llama_perf_context_print:       total time =    1139.01 ms /    58 tokens
llama_perf_context_print:    graphs reused =         29
[Bonsai 4B] 7. short query
Llama.generate: 584 prefix-match hit, remaining 23 prompt tokens to eval
llama_perf_context_print:        load time =    2956.41 ms
llama_perf_context_print: prompt eval time =     390.42 ms /    23 tokens (   16.97 ms per token,    58.91 tokens per second)
llama_perf_context_print:        eval time =     831.16 ms /    37 runs   (   22.46 ms per token,    44.52 tokens per second)
llama_perf_context_print:       total time =    1228.81 ms /    60 tokens
llama_perf_context_print:    graphs reused =         36
[Bonsai 4B] 8. short query
Llama.generate: 644 prefix-match hit, remaining 24 prompt tokens to eval
llama_perf_context_print:        load time =    2956.41 ms
llama_perf_context_print: prompt eval time =     410.47 ms /    24 tokens (   17.10 ms per token,    58.47 tokens per second)
llama_perf_context_print:        eval time =     697.35 ms /    31 runs   (   22.50 ms per token,    44.45 tokens per second)
llama_perf_context_print:       total time =    1113.87 ms /    55 tokens
llama_perf_context_print:    graphs reused =         30
[Bonsai 4B] 9. short query
Llama.generate: 699 prefix-match hit, remaining 24 prompt tokens to eval
llama_perf_context_print:        load time =    2956.41 ms
llama_perf_context_print: prompt eval time =     412.82 ms /    24 tokens (   17.20 ms per token,    58.14 tokens per second)
llama_perf_context_print:        eval time =     607.71 ms /    27 runs   (   22.51 ms per token,    44.43 tokens per second)
llama_perf_context_print:       total time =    1025.77 ms /    51 tokens
llama_perf_context_print:    graphs reused =         26
[Bonsai 4B] 10. short query
Llama.generate: 750 prefix-match hit, remaining 29 prompt tokens to eval
llama_perf_context_print:        load time =    2956.41 ms
llama_perf_context_print: prompt eval time =     504.47 ms /    29 tokens (   17.40 ms per token,    57.49 tokens per second)
llama_perf_context_print:        eval time =     797.41 ms /    33 runs   (   24.16 ms per token,    41.38 tokens per second)
llama_perf_context_print:       total time =    1308.36 ms /    62 tokens
llama_perf_context_print:    graphs reused =         32
[Bonsai 4B] 11. short query
Llama.generate: 812 prefix-match hit, remaining 24 prompt tokens to eval
llama_perf_context_print:        load time =    2956.41 ms
llama_perf_context_print: prompt eval time =     429.86 ms /    24 tokens (   17.91 ms per token,    55.83 tokens per second)
llama_perf_context_print:        eval time =     774.69 ms /    32 runs   (   24.21 ms per token,    41.31 tokens per second)
llama_perf_context_print:       total time =    1210.74 ms /    56 tokens
llama_perf_context_print:    graphs reused =         31
[Bonsai 4B] 12. short query
Llama.generate: 868 prefix-match hit, remaining 25 prompt tokens to eval
llama_perf_context_print:        load time =    2956.41 ms
llama_perf_context_print: prompt eval time =     451.37 ms /    25 tokens (   18.05 ms per token,    55.39 tokens per second)
llama_perf_context_print:        eval time =     849.22 ms /    35 runs   (   24.26 ms per token,    41.21 tokens per second)
llama_perf_context_print:       total time =    1307.48 ms /    60 tokens
llama_perf_context_print:    graphs reused =         34
[Bonsai 4B] 13. short query
Llama.generate: 928 prefix-match hit, remaining 26 prompt tokens to eval
llama_perf_context_print:        load time =    2956.41 ms
llama_perf_context_print: prompt eval time =     475.10 ms /    26 tokens (   18.27 ms per token,    54.72 tokens per second)
llama_perf_context_print:        eval time =     655.71 ms /    27 runs   (   24.29 ms per token,    41.18 tokens per second)
llama_perf_context_print:       total time =    1136.08 ms /    53 tokens
llama_perf_context_print:    graphs reused =         26
[Bonsai 4B] 14. short query
Llama.generate: 981 prefix-match hit, remaining 26 prompt tokens to eval
llama_perf_context_print:        load time =    2956.41 ms
llama_perf_context_print: prompt eval time =     497.87 ms /    26 tokens (   19.15 ms per token,    52.22 tokens per second)
llama_perf_context_print:        eval time =     725.19 ms /    29 runs   (   25.01 ms per token,    39.99 tokens per second)
llama_perf_context_print:       total time =    1228.77 ms /    55 tokens
llama_perf_context_print:    graphs reused =         27
[Bonsai 4B] 15. short query
Llama.generate: 1036 prefix-match hit, remaining 24 prompt tokens to eval
llama_perf_context_print:        load time =    2956.41 ms
llama_perf_context_print: prompt eval time =     455.30 ms /    24 tokens (   18.97 ms per token,    52.71 tokens per second)
llama_perf_context_print:        eval time =     834.33 ms /    32 runs   (   26.07 ms per token,    38.35 tokens per second)
llama_perf_context_print:       total time =    1295.94 ms /    56 tokens
llama_perf_context_print:    graphs reused =         31
[Bonsai 4B] 0. long query
Llama.generate: 199 prefix-match hit, remaining 80 prompt tokens to eval
llama_perf_context_print:        load time =    2956.41 ms
llama_perf_context_print: prompt eval time =    1161.06 ms /    80 tokens (   14.51 ms per token,    68.90 tokens per second)
llama_perf_context_print:        eval time =     842.79 ms /    41 runs   (   20.56 ms per token,    48.65 tokens per second)
llama_perf_context_print:       total time =    2011.81 ms /   121 tokens
llama_perf_context_print:    graphs reused =         40
[Bonsai 4B] 1. long query
Llama.generate: 320 prefix-match hit, remaining 78 prompt tokens to eval
llama_perf_context_print:        load time =    2956.41 ms
llama_perf_context_print: prompt eval time =    1146.09 ms /    78 tokens (   14.69 ms per token,    68.06 tokens per second)
llama_perf_context_print:        eval time =     640.07 ms /    31 runs   (   20.65 ms per token,    48.43 tokens per second)
llama_perf_context_print:       total time =    1792.14 ms /   109 tokens
llama_perf_context_print:    graphs reused =         30
[Bonsai 4B] 2. long query
Llama.generate: 429 prefix-match hit, remaining 77 prompt tokens to eval
llama_perf_context_print:        load time =    2956.41 ms
llama_perf_context_print: prompt eval time =    1154.66 ms /    77 tokens (   15.00 ms per token,    66.69 tokens per second)
llama_perf_context_print:        eval time =     595.01 ms /    27 runs   (   22.04 ms per token,    45.38 tokens per second)
llama_perf_context_print:       total time =    1755.00 ms /   104 tokens
llama_perf_context_print:    graphs reused =         25
[Bonsai 4B] 3. long query
Llama.generate: 533 prefix-match hit, remaining 82 prompt tokens to eval
llama_perf_context_print:        load time =    2956.41 ms
llama_perf_context_print: prompt eval time =    1241.40 ms /    82 tokens (   15.14 ms per token,    66.05 tokens per second)
llama_perf_context_print:        eval time =     583.45 ms /    26 runs   (   22.44 ms per token,    44.56 tokens per second)
llama_perf_context_print:       total time =    1830.04 ms /   108 tokens
llama_perf_context_print:    graphs reused =         25
[Bonsai 4B] 4. long query
Llama.generate: 641 prefix-match hit, remaining 87 prompt tokens to eval
llama_perf_context_print:        load time =    2956.41 ms
llama_perf_context_print: prompt eval time =    1414.96 ms /    87 tokens (   16.26 ms per token,    61.49 tokens per second)
llama_perf_context_print:        eval time =     805.34 ms /    33 runs   (   24.40 ms per token,    40.98 tokens per second)
llama_perf_context_print:       total time =    2227.63 ms /   120 tokens
llama_perf_context_print:    graphs reused =         32
[Bonsai 4B] 5. long query
Llama.generate: 761 prefix-match hit, remaining 87 prompt tokens to eval
llama_perf_context_print:        load time =    2956.41 ms
llama_perf_context_print: prompt eval time =    1336.10 ms /    87 tokens (   15.36 ms per token,    65.11 tokens per second)
llama_perf_context_print:        eval time =     859.02 ms /    35 runs   (   24.54 ms per token,    40.74 tokens per second)
llama_perf_context_print:       total time =    2202.47 ms /   122 tokens
llama_perf_context_print:    graphs reused =         34
[Bonsai 4B] 6. long query
Llama.generate: 883 prefix-match hit, remaining 81 prompt tokens to eval
llama_perf_context_print:        load time =    2956.41 ms
llama_perf_context_print: prompt eval time =    1261.98 ms /    81 tokens (   15.58 ms per token,    64.18 tokens per second)
llama_perf_context_print:        eval time =     801.95 ms /    33 runs   (   24.30 ms per token,    41.15 tokens per second)
llama_perf_context_print:       total time =    2070.48 ms /   114 tokens
llama_perf_context_print:    graphs reused =         32
[Bonsai 4B] 7. long query
Llama.generate: 997 prefix-match hit, remaining 87 prompt tokens to eval
llama_perf_context_print:        load time =    2956.41 ms
llama_perf_context_print: prompt eval time =    1361.12 ms /    87 tokens (   15.64 ms per token,    63.92 tokens per second)
llama_perf_context_print:        eval time =    1041.48 ms /    40 runs   (   26.04 ms per token,    38.41 tokens per second)
llama_perf_context_print:       total time =    2410.51 ms /   127 tokens
llama_perf_context_print:    graphs reused =         39
[Bonsai 4B] 8. long query
Llama.generate: 1124 prefix-match hit, remaining 83 prompt tokens to eval
llama_perf_context_print:        load time =    2956.41 ms
llama_perf_context_print: prompt eval time =    1347.97 ms /    83 tokens (   16.24 ms per token,    61.57 tokens per second)
llama_perf_context_print:        eval time =    1017.52 ms /    39 runs   (   26.09 ms per token,    38.33 tokens per second)
llama_perf_context_print:       total time =    2373.33 ms /   122 tokens
llama_perf_context_print:    graphs reused =         38
[Bonsai 4B] 9. long query
Llama.generate: 1246 prefix-match hit, remaining 84 prompt tokens to eval
llama_perf_context_print:        load time =    2956.41 ms
llama_perf_context_print: prompt eval time =    1353.08 ms /    84 tokens (   16.11 ms per token,    62.08 tokens per second)
llama_perf_context_print:        eval time =     918.54 ms /    33 runs   (   27.83 ms per token,    35.93 tokens per second)
llama_perf_context_print:       total time =    2278.22 ms /   117 tokens
llama_perf_context_print:    graphs reused =         32
[Bonsai 4B] 10. long query
Llama.generate: 1363 prefix-match hit, remaining 79 prompt tokens to eval
llama_perf_context_print:        load time =    2956.41 ms
llama_perf_context_print: prompt eval time =    1338.92 ms /    79 tokens (   16.95 ms per token,    59.00 tokens per second)
llama_perf_context_print:        eval time =     863.33 ms /    31 runs   (   27.85 ms per token,    35.91 tokens per second)
llama_perf_context_print:       total time =    2208.50 ms /   110 tokens
llama_perf_context_print:    graphs reused =         30
[Bonsai 4B] 11. long query
Llama.generate: 1473 prefix-match hit, remaining 83 prompt tokens to eval
llama_perf_context_print:        load time =    2956.41 ms
llama_perf_context_print: prompt eval time =    1411.55 ms /    83 tokens (   17.01 ms per token,    58.80 tokens per second)
llama_perf_context_print:        eval time =     841.42 ms /    28 runs   (   30.05 ms per token,    33.28 tokens per second)
llama_perf_context_print:       total time =    2258.69 ms /   111 tokens
llama_perf_context_print:    graphs reused =         27
[Bonsai 4B] 12. long query
Llama.generate: 1584 prefix-match hit, remaining 87 prompt tokens to eval
llama_perf_context_print:        load time =    2956.41 ms
llama_perf_context_print: prompt eval time =    1442.09 ms /    87 tokens (   16.58 ms per token,    60.33 tokens per second)
llama_perf_context_print:        eval time =    1072.41 ms /    36 runs   (   29.79 ms per token,    33.57 tokens per second)
llama_perf_context_print:       total time =    2521.74 ms /   123 tokens
llama_perf_context_print:    graphs reused =         35
[Bonsai 4B] 13. long query
Llama.generate: 1707 prefix-match hit, remaining 84 prompt tokens to eval
llama_perf_context_print:        load time =    2956.41 ms
llama_perf_context_print: prompt eval time =    1414.02 ms /    84 tokens (   16.83 ms per token,    59.41 tokens per second)
llama_perf_context_print:        eval time =    1075.26 ms /    34 runs   (   31.63 ms per token,    31.62 tokens per second)
llama_perf_context_print:       total time =    2496.21 ms /   118 tokens
llama_perf_context_print:    graphs reused =         32
[Bonsai 4B] 14. long query
Llama.generate: 1825 prefix-match hit, remaining 89 prompt tokens to eval
llama_perf_context_print:        load time =    2956.41 ms
llama_perf_context_print: prompt eval time =    1543.59 ms /    89 tokens (   17.34 ms per token,    57.66 tokens per second)
llama_perf_context_print:        eval time =    1015.00 ms /    32 runs   (   31.72 ms per token,    31.53 tokens per second)
llama_perf_context_print:       total time =    2565.14 ms /   121 tokens
llama_perf_context_print:    graphs reused =         31
[Bonsai 4B] 15. long query
Llama.generate: 1946 prefix-match hit, remaining 90 prompt tokens to eval
llama_perf_context_print:        load time =    2956.41 ms
llama_perf_context_print: prompt eval time =    1535.62 ms /    90 tokens (   17.06 ms per token,    58.61 tokens per second)
llama_perf_context_print:        eval time =    1055.87 ms /    32 runs   (   33.00 ms per token,    30.31 tokens per second)
llama_perf_context_print:       total time =    2598.05 ms /   122 tokens
llama_perf_context_print:    graphs reused =         30
~llama_context:        CPU compute buffer size is 306.2305 MiB, matches expectation of 306.2305 MiB
--- Qwen3.5 0.8B ---
[Qwen3.5 0.8B] 0. short query
Llama.generate: 211 prefix-match hit, remaining 24 prompt tokens to eval
llama_perf_context_print:        load time =     293.25 ms
llama_perf_context_print: prompt eval time =      47.94 ms /    24 tokens (    2.00 ms per token,   500.68 tokens per second)
llama_perf_context_print:        eval time =     268.36 ms /    24 runs   (   11.18 ms per token,    89.43 tokens per second)
llama_perf_context_print:       total time =     322.53 ms /    48 tokens
llama_perf_context_print:    graphs reused =         22
[Qwen3.5 0.8B] 1. short query
Llama.generate: 259 prefix-match hit, remaining 25 prompt tokens to eval
llama_perf_context_print:        load time =     293.25 ms
llama_perf_context_print: prompt eval time =      45.21 ms /    25 tokens (    1.81 ms per token,   552.94 tokens per second)
llama_perf_context_print:        eval time =     236.66 ms /    21 runs   (   11.27 ms per token,    88.73 tokens per second)
llama_perf_context_print:       total time =     288.08 ms /    46 tokens
llama_perf_context_print:    graphs reused =         20
[Qwen3.5 0.8B] 2. short query
Llama.generate: 305 prefix-match hit, remaining 26 prompt tokens to eval
llama_perf_context_print:        load time =     293.25 ms
llama_perf_context_print: prompt eval time =      47.42 ms /    26 tokens (    1.82 ms per token,   548.28 tokens per second)
llama_perf_context_print:        eval time =     146.74 ms /    13 runs   (   11.29 ms per token,    88.59 tokens per second)
llama_perf_context_print:       total time =     197.95 ms /    39 tokens
llama_perf_context_print:    graphs reused =         12
[Qwen3.5 0.8B] 3. short query
Llama.generate: 344 prefix-match hit, remaining 27 prompt tokens to eval
llama_perf_context_print:        load time =     293.25 ms
llama_perf_context_print: prompt eval time =      49.75 ms /    27 tokens (    1.84 ms per token,   542.68 tokens per second)
llama_perf_context_print:        eval time =     169.20 ms /    15 runs   (   11.28 ms per token,    88.65 tokens per second)
llama_perf_context_print:       total time =     223.70 ms /    42 tokens
llama_perf_context_print:    graphs reused =         14
[Qwen3.5 0.8B] 4. short query
Llama.generate: 386 prefix-match hit, remaining 23 prompt tokens to eval
llama_perf_context_print:        load time =     293.25 ms
llama_perf_context_print: prompt eval time =      44.38 ms /    23 tokens (    1.93 ms per token,   518.25 tokens per second)
llama_perf_context_print:        eval time =     214.38 ms /    19 runs   (   11.28 ms per token,    88.63 tokens per second)
llama_perf_context_print:       total time =     264.48 ms /    42 tokens
llama_perf_context_print:    graphs reused =         18
[Qwen3.5 0.8B] 5. short query
Llama.generate: 428 prefix-match hit, remaining 26 prompt tokens to eval
llama_perf_context_print:        load time =     293.25 ms
llama_perf_context_print: prompt eval time =      48.09 ms /    26 tokens (    1.85 ms per token,   540.69 tokens per second)
llama_perf_context_print:        eval time =     237.16 ms /    21 runs   (   11.29 ms per token,    88.55 tokens per second)
llama_perf_context_print:       total time =     291.04 ms /    47 tokens
llama_perf_context_print:    graphs reused =         20
[Qwen3.5 0.8B] 6. short query
Llama.generate: 475 prefix-match hit, remaining 28 prompt tokens to eval
llama_perf_context_print:        load time =     293.25 ms
llama_perf_context_print: prompt eval time =      51.25 ms /    28 tokens (    1.83 ms per token,   546.33 tokens per second)
llama_perf_context_print:        eval time =     273.01 ms /    24 runs   (   11.38 ms per token,    87.91 tokens per second)
llama_perf_context_print:       total time =     331.16 ms /    52 tokens
llama_perf_context_print:    graphs reused =         22
[Qwen3.5 0.8B] 7. short query
Llama.generate: 527 prefix-match hit, remaining 23 prompt tokens to eval
llama_perf_context_print:        load time =     293.25 ms
llama_perf_context_print: prompt eval time =      45.11 ms /    23 tokens (    1.96 ms per token,   509.86 tokens per second)
llama_perf_context_print:        eval time =     170.83 ms /    15 runs   (   11.39 ms per token,    87.81 tokens per second)
llama_perf_context_print:       total time =     220.23 ms /    38 tokens
llama_perf_context_print:    graphs reused =         14
[Qwen3.5 0.8B] 8. short query
Llama.generate: 565 prefix-match hit, remaining 24 prompt tokens to eval
llama_perf_context_print:        load time =     293.25 ms
llama_perf_context_print: prompt eval time =      45.83 ms /    24 tokens (    1.91 ms per token,   523.70 tokens per second)
llama_perf_context_print:        eval time =     171.43 ms /    15 runs   (   11.43 ms per token,    87.50 tokens per second)
llama_perf_context_print:       total time =     222.00 ms /    39 tokens
llama_perf_context_print:    graphs reused =         14
[Qwen3.5 0.8B] 9. short query
Llama.generate: 604 prefix-match hit, remaining 24 prompt tokens to eval
llama_perf_context_print:        load time =     293.25 ms
llama_perf_context_print: prompt eval time =      45.84 ms /    24 tokens (    1.91 ms per token,   523.55 tokens per second)
llama_perf_context_print:        eval time =     171.41 ms /    15 runs   (   11.43 ms per token,    87.51 tokens per second)
llama_perf_context_print:       total time =     221.51 ms /    39 tokens
llama_perf_context_print:    graphs reused =         14
[Qwen3.5 0.8B] 10. short query
Llama.generate: 643 prefix-match hit, remaining 29 prompt tokens to eval
llama_perf_context_print:        load time =     293.25 ms
llama_perf_context_print: prompt eval time =      54.42 ms /    29 tokens (    1.88 ms per token,   532.91 tokens per second)
llama_perf_context_print:        eval time =     172.07 ms /    15 runs   (   11.47 ms per token,    87.17 tokens per second)
llama_perf_context_print:       total time =     230.75 ms /    44 tokens
llama_perf_context_print:    graphs reused =         14
[Qwen3.5 0.8B] 11. short query
Llama.generate: 687 prefix-match hit, remaining 24 prompt tokens to eval
llama_perf_context_print:        load time =     293.25 ms
llama_perf_context_print: prompt eval time =      46.65 ms /    24 tokens (    1.94 ms per token,   514.43 tokens per second)
llama_perf_context_print:        eval time =     172.01 ms /    15 runs   (   11.47 ms per token,    87.20 tokens per second)
llama_perf_context_print:       total time =     223.39 ms /    39 tokens
llama_perf_context_print:    graphs reused =         14
[Qwen3.5 0.8B] 12. short query
Llama.generate: 726 prefix-match hit, remaining 25 prompt tokens to eval
llama_perf_context_print:        load time =     293.25 ms
llama_perf_context_print: prompt eval time =      49.35 ms /    25 tokens (    1.97 ms per token,   506.63 tokens per second)
llama_perf_context_print:        eval time =     253.15 ms /    22 runs   (   11.51 ms per token,    86.91 tokens per second)
llama_perf_context_print:       total time =     308.50 ms /    47 tokens
llama_perf_context_print:    graphs reused =         20
[Qwen3.5 0.8B] 13. short query
Llama.generate: 773 prefix-match hit, remaining 26 prompt tokens to eval
llama_perf_context_print:        load time =     293.25 ms
llama_perf_context_print: prompt eval time =      51.74 ms /    26 tokens (    1.99 ms per token,   502.49 tokens per second)
llama_perf_context_print:        eval time =     173.13 ms /    15 runs   (   11.54 ms per token,    86.64 tokens per second)
llama_perf_context_print:       total time =     229.58 ms /    41 tokens
llama_perf_context_print:    graphs reused =         14
[Qwen3.5 0.8B] 14. short query
Llama.generate: 814 prefix-match hit, remaining 26 prompt tokens to eval
llama_perf_context_print:        load time =     293.25 ms
llama_perf_context_print: prompt eval time =      51.93 ms /    26 tokens (    2.00 ms per token,   500.66 tokens per second)
llama_perf_context_print:        eval time =     264.85 ms /    23 runs   (   11.52 ms per token,    86.84 tokens per second)
llama_perf_context_print:       total time =     323.07 ms /    49 tokens
llama_perf_context_print:    graphs reused =         22
[Qwen3.5 0.8B] 15. short query
Llama.generate: 863 prefix-match hit, remaining 24 prompt tokens to eval
llama_perf_context_print:        load time =     293.25 ms
llama_perf_context_print: prompt eval time =      48.54 ms /    24 tokens (    2.02 ms per token,   494.46 tokens per second)
llama_perf_context_print:        eval time =     173.67 ms /    15 runs   (   11.58 ms per token,    86.37 tokens per second)
llama_perf_context_print:       total time =     227.01 ms /    39 tokens
llama_perf_context_print:    graphs reused =         14
[Qwen3.5 0.8B] 0. long query
Llama.generate: 211 prefix-match hit, remaining 80 prompt tokens to eval
llama_perf_context_print:        load time =     293.25 ms
llama_perf_context_print: prompt eval time =     121.74 ms /    80 tokens (    1.52 ms per token,   657.13 tokens per second)
llama_perf_context_print:        eval time =     707.94 ms /    63 runs   (   11.24 ms per token,    88.99 tokens per second)
llama_perf_context_print:       total time =     847.12 ms /   143 tokens
llama_perf_context_print:    graphs reused =         62
[Qwen3.5 0.8B] 1. long query
Llama.generate: 354 prefix-match hit, remaining 78 prompt tokens to eval
llama_perf_context_print:        load time =     293.25 ms
llama_perf_context_print: prompt eval time =     124.78 ms /    78 tokens (    1.60 ms per token,   625.09 tokens per second)
llama_perf_context_print:        eval time =     293.73 ms /    26 runs   (   11.30 ms per token,    88.52 tokens per second)
llama_perf_context_print:       total time =     425.56 ms /   104 tokens
llama_perf_context_print:    graphs reused =         25
[Qwen3.5 0.8B] 2. long query
Llama.generate: 458 prefix-match hit, remaining 77 prompt tokens to eval
llama_perf_context_print:        load time =     293.25 ms
llama_perf_context_print: prompt eval time =     128.84 ms /    77 tokens (    1.67 ms per token,   597.65 tokens per second)
llama_perf_context_print:        eval time =     375.44 ms /    33 runs   (   11.38 ms per token,    87.90 tokens per second)
llama_perf_context_print:       total time =     513.62 ms /   110 tokens
llama_perf_context_print:    graphs reused =         32
[Qwen3.5 0.8B] 3. long query
Llama.generate: 568 prefix-match hit, remaining 82 prompt tokens to eval
llama_perf_context_print:        load time =     293.25 ms
llama_perf_context_print: prompt eval time =     136.85 ms /    82 tokens (    1.67 ms per token,   599.17 tokens per second)
llama_perf_context_print:        eval time =     412.25 ms /    36 runs   (   11.45 ms per token,    87.33 tokens per second)
llama_perf_context_print:       total time =     558.79 ms /   118 tokens
llama_perf_context_print:    graphs reused =         35
[Qwen3.5 0.8B] 4. long query
Llama.generate: 686 prefix-match hit, remaining 87 prompt tokens to eval
llama_perf_context_print:        load time =     293.25 ms
llama_perf_context_print: prompt eval time =     148.92 ms /    87 tokens (    1.71 ms per token,   584.22 tokens per second)
llama_perf_context_print:        eval time =     390.81 ms /    34 runs   (   11.49 ms per token,    87.00 tokens per second)
llama_perf_context_print:       total time =     549.30 ms /   121 tokens
llama_perf_context_print:    graphs reused =         33
[Qwen3.5 0.8B] 5. long query
Llama.generate: 807 prefix-match hit, remaining 86 prompt tokens to eval
llama_perf_context_print:        load time =     293.25 ms
llama_perf_context_print: prompt eval time =     150.24 ms /    86 tokens (    1.75 ms per token,   572.42 tokens per second)
llama_perf_context_print:        eval time =     346.74 ms /    30 runs   (   11.56 ms per token,    86.52 tokens per second)
llama_perf_context_print:       total time =     505.14 ms /   116 tokens
llama_perf_context_print:    graphs reused =         29
[Qwen3.5 0.8B] 6. long query
Llama.generate: 923 prefix-match hit, remaining 81 prompt tokens to eval
llama_perf_context_print:        load time =     293.25 ms
llama_perf_context_print: prompt eval time =     149.06 ms /    81 tokens (    1.84 ms per token,   543.42 tokens per second)
llama_perf_context_print:        eval time =     406.07 ms /    35 runs   (   11.60 ms per token,    86.19 tokens per second)
llama_perf_context_print:       total time =     565.16 ms /   116 tokens
llama_perf_context_print:    graphs reused =         33
[Qwen3.5 0.8B] 7. long query
Llama.generate: 1039 prefix-match hit, remaining 87 prompt tokens to eval
llama_perf_context_print:        load time =     293.25 ms
llama_perf_context_print: prompt eval time =     161.16 ms /    87 tokens (    1.85 ms per token,   539.84 tokens per second)
llama_perf_context_print:        eval time =     396.69 ms /    34 runs   (   11.67 ms per token,    85.71 tokens per second)
llama_perf_context_print:       total time =     567.39 ms /   121 tokens
llama_perf_context_print:    graphs reused =         33
[Qwen3.5 0.8B] 8. long query
Llama.generate: 1160 prefix-match hit, remaining 83 prompt tokens to eval
llama_perf_context_print:        load time =     293.25 ms
llama_perf_context_print: prompt eval time =     160.80 ms /    83 tokens (    1.94 ms per token,   516.16 tokens per second)
llama_perf_context_print:        eval time =     398.06 ms /    34 runs   (   11.71 ms per token,    85.41 tokens per second)
llama_perf_context_print:       total time =     568.17 ms /   117 tokens
llama_perf_context_print:    graphs reused =         33
[Qwen3.5 0.8B] 9. long query
Llama.generate: 1277 prefix-match hit, remaining 84 prompt tokens to eval
llama_perf_context_print:        load time =     293.25 ms
llama_perf_context_print: prompt eval time =     157.03 ms /    84 tokens (    1.87 ms per token,   534.92 tokens per second)
llama_perf_context_print:        eval time =     236.17 ms /    20 runs   (   11.81 ms per token,    84.68 tokens per second)
llama_perf_context_print:       total time =     399.44 ms /   104 tokens
llama_perf_context_print:    graphs reused =         19
[Qwen3.5 0.8B] 10. long query
Llama.generate: 1381 prefix-match hit, remaining 79 prompt tokens to eval
llama_perf_context_print:        load time =     293.25 ms
llama_perf_context_print: prompt eval time =     164.46 ms /    79 tokens (    2.08 ms per token,   480.37 tokens per second)
llama_perf_context_print:        eval time =     307.03 ms /    26 runs   (   11.81 ms per token,    84.68 tokens per second)
llama_perf_context_print:       total time =     478.82 ms /   105 tokens
llama_perf_context_print:    graphs reused =         25
[Qwen3.5 0.8B] 11. long query
Llama.generate: 1486 prefix-match hit, remaining 83 prompt tokens to eval
llama_perf_context_print:        load time =     293.25 ms
llama_perf_context_print: prompt eval time =     170.15 ms /    83 tokens (    2.05 ms per token,   487.80 tokens per second)
llama_perf_context_print:        eval time =     261.30 ms /    22 runs   (   11.88 ms per token,    84.20 tokens per second)
llama_perf_context_print:       total time =     438.14 ms /   105 tokens
llama_perf_context_print:    graphs reused =         21
[Qwen3.5 0.8B] 12. long query
Llama.generate: 1591 prefix-match hit, remaining 87 prompt tokens to eval
llama_perf_context_print:        load time =     293.25 ms
llama_perf_context_print: prompt eval time =     178.25 ms /    87 tokens (    2.05 ms per token,   488.08 tokens per second)
llama_perf_context_print:        eval time =     166.58 ms /    14 runs   (   11.90 ms per token,    84.04 tokens per second)
llama_perf_context_print:       total time =     349.08 ms /   101 tokens
llama_perf_context_print:    graphs reused =         13
[Qwen3.5 0.8B] 13. long query
Llama.generate: 1692 prefix-match hit, remaining 84 prompt tokens to eval
llama_perf_context_print:        load time =     293.25 ms
llama_perf_context_print: prompt eval time =     167.45 ms /    84 tokens (    1.99 ms per token,   501.65 tokens per second)
llama_perf_context_print:        eval time =     191.03 ms /    16 runs   (   11.94 ms per token,    83.75 tokens per second)
llama_perf_context_print:       total time =     363.27 ms /   100 tokens
llama_perf_context_print:    graphs reused =         15
[Qwen3.5 0.8B] 14. long query
Llama.generate: 1792 prefix-match hit, remaining 89 prompt tokens to eval
llama_perf_context_print:        load time =     293.25 ms
llama_perf_context_print: prompt eval time =     193.53 ms /    89 tokens (    2.17 ms per token,   459.87 tokens per second)
llama_perf_context_print:        eval time =     143.88 ms /    12 runs   (   11.99 ms per token,    83.40 tokens per second)
llama_perf_context_print:       total time =     341.67 ms /   101 tokens
llama_perf_context_print:    graphs reused =         11
[Qwen3.5 0.8B] 15. long query
Llama.generate: 1893 prefix-match hit, remaining 90 prompt tokens to eval
llama_perf_context_print:        load time =     293.25 ms
llama_perf_context_print: prompt eval time =     184.22 ms /    90 tokens (    2.05 ms per token,   488.54 tokens per second)
llama_perf_context_print:        eval time =     263.79 ms /    22 runs   (   11.99 ms per token,    83.40 tokens per second)
llama_perf_context_print:       total time =     454.27 ms /   112 tokens
llama_perf_context_print:    graphs reused =         21
~llama_context:        CPU compute buffer size is 491.0020 MiB, matches expectation of 491.0020 MiB
--- Bonsai 1.7B ---
[Bonsai 1.7B] 0. short query
Llama.generate: 199 prefix-match hit, remaining 24 prompt tokens to eval
llama_perf_context_print:        load time =    1184.81 ms
llama_perf_context_print: prompt eval time =     143.56 ms /    24 tokens (    5.98 ms per token,   167.18 tokens per second)
llama_perf_context_print:        eval time =     296.79 ms /    32 runs   (    9.27 ms per token,   107.82 tokens per second)
llama_perf_context_print:       total time =     446.44 ms /    56 tokens
llama_perf_context_print:    graphs reused =         31
[Bonsai 1.7B] 1. short query
Llama.generate: 255 prefix-match hit, remaining 25 prompt tokens to eval
llama_perf_context_print:        load time =    1184.81 ms
llama_perf_context_print: prompt eval time =     158.03 ms /    25 tokens (    6.32 ms per token,   158.20 tokens per second)
llama_perf_context_print:        eval time =     310.25 ms /    32 runs   (    9.70 ms per token,   103.14 tokens per second)
llama_perf_context_print:       total time =     474.35 ms /    57 tokens
llama_perf_context_print:    graphs reused =         31
[Bonsai 1.7B] 2. short query
Llama.generate: 312 prefix-match hit, remaining 26 prompt tokens to eval
llama_perf_context_print:        load time =    1184.81 ms
llama_perf_context_print: prompt eval time =     172.60 ms /    26 tokens (    6.64 ms per token,   150.64 tokens per second)
llama_perf_context_print:        eval time =     292.10 ms /    30 runs   (    9.74 ms per token,   102.70 tokens per second)
llama_perf_context_print:       total time =     470.40 ms /    56 tokens
llama_perf_context_print:    graphs reused =         29
[Bonsai 1.7B] 3. short query
Llama.generate: 368 prefix-match hit, remaining 27 prompt tokens to eval
llama_perf_context_print:        load time =    1184.81 ms
llama_perf_context_print: prompt eval time =     182.48 ms /    27 tokens (    6.76 ms per token,   147.96 tokens per second)
llama_perf_context_print:        eval time =     318.09 ms /    32 runs   (    9.94 ms per token,   100.60 tokens per second)
llama_perf_context_print:       total time =     506.80 ms /    59 tokens
llama_perf_context_print:    graphs reused =         31
[Bonsai 1.7B] 4. short query
Llama.generate: 427 prefix-match hit, remaining 23 prompt tokens to eval
llama_perf_context_print:        load time =    1184.81 ms
llama_perf_context_print: prompt eval time =     157.60 ms /    23 tokens (    6.85 ms per token,   145.93 tokens per second)
llama_perf_context_print:        eval time =     294.40 ms /    30 runs   (    9.81 ms per token,   101.90 tokens per second)
llama_perf_context_print:       total time =     457.74 ms /    53 tokens
llama_perf_context_print:    graphs reused =         29
[Bonsai 1.7B] 5. short query
Llama.generate: 480 prefix-match hit, remaining 26 prompt tokens to eval
llama_perf_context_print:        load time =    1184.81 ms
llama_perf_context_print: prompt eval time =     179.68 ms /    26 tokens (    6.91 ms per token,   144.70 tokens per second)
llama_perf_context_print:        eval time =     359.18 ms /    34 runs   (   10.56 ms per token,    94.66 tokens per second)
llama_perf_context_print:       total time =     545.36 ms /    60 tokens
llama_perf_context_print:    graphs reused =         32
[Bonsai 1.7B] 6. short query
Llama.generate: 540 prefix-match hit, remaining 28 prompt tokens to eval
llama_perf_context_print:        load time =    1184.81 ms
llama_perf_context_print: prompt eval time =     200.07 ms /    28 tokens (    7.15 ms per token,   139.95 tokens per second)
llama_perf_context_print:        eval time =     365.05 ms /    34 runs   (   10.74 ms per token,    93.14 tokens per second)
llama_perf_context_print:       total time =     571.62 ms /    62 tokens
llama_perf_context_print:    graphs reused =         33
[Bonsai 1.7B] 7. short query
Llama.generate: 602 prefix-match hit, remaining 23 prompt tokens to eval
llama_perf_context_print:        load time =    1184.81 ms
llama_perf_context_print: prompt eval time =     165.60 ms /    23 tokens (    7.20 ms per token,   138.89 tokens per second)
llama_perf_context_print:        eval time =     345.84 ms /    32 runs   (   10.81 ms per token,    92.53 tokens per second)
llama_perf_context_print:       total time =     517.56 ms /    55 tokens
llama_perf_context_print:    graphs reused =         31
[Bonsai 1.7B] 8. short query
Llama.generate: 657 prefix-match hit, remaining 24 prompt tokens to eval
llama_perf_context_print:        load time =    1184.81 ms
llama_perf_context_print: prompt eval time =     175.75 ms /    24 tokens (    7.32 ms per token,   136.56 tokens per second)
llama_perf_context_print:        eval time =     379.72 ms /    35 runs   (   10.85 ms per token,    92.17 tokens per second)
llama_perf_context_print:       total time =     562.25 ms /    59 tokens
llama_perf_context_print:    graphs reused =         34
[Bonsai 1.7B] 9. short query
Llama.generate: 716 prefix-match hit, remaining 24 prompt tokens to eval
llama_perf_context_print:        load time =    1184.81 ms
llama_perf_context_print: prompt eval time =     179.62 ms /    24 tokens (    7.48 ms per token,   133.61 tokens per second)
llama_perf_context_print:        eval time =     398.46 ms /    36 runs   (   11.07 ms per token,    90.35 tokens per second)
llama_perf_context_print:       total time =     585.14 ms /    60 tokens
llama_perf_context_print:    graphs reused =         34
[Bonsai 1.7B] 10. short query
Llama.generate: 776 prefix-match hit, remaining 29 prompt tokens to eval
llama_perf_context_print:        load time =    1184.81 ms
llama_perf_context_print: prompt eval time =     216.95 ms /    29 tokens (    7.48 ms per token,   133.67 tokens per second)
llama_perf_context_print:        eval time =     387.82 ms /    33 runs   (   11.75 ms per token,    85.09 tokens per second)
llama_perf_context_print:       total time =     611.16 ms /    62 tokens
llama_perf_context_print:    graphs reused =         32
[Bonsai 1.7B] 11. short query
Llama.generate: 838 prefix-match hit, remaining 24 prompt tokens to eval
llama_perf_context_print:        load time =    1184.81 ms
llama_perf_context_print: prompt eval time =     184.91 ms /    24 tokens (    7.70 ms per token,   129.79 tokens per second)
llama_perf_context_print:        eval time =     401.56 ms /    34 runs   (   11.81 ms per token,    84.67 tokens per second)
llama_perf_context_print:       total time =     593.09 ms /    58 tokens
llama_perf_context_print:    graphs reused =         33
[Bonsai 1.7B] 12. short query
Llama.generate: 896 prefix-match hit, remaining 25 prompt tokens to eval
llama_perf_context_print:        load time =    1184.81 ms
llama_perf_context_print: prompt eval time =     193.96 ms /    25 tokens (    7.76 ms per token,   128.89 tokens per second)
llama_perf_context_print:        eval time =     449.56 ms /    38 runs   (   11.83 ms per token,    84.53 tokens per second)
llama_perf_context_print:       total time =     651.09 ms /    63 tokens
llama_perf_context_print:    graphs reused =         37
[Bonsai 1.7B] 13. short query
Llama.generate: 959 prefix-match hit, remaining 26 prompt tokens to eval
llama_perf_context_print:        load time =    1184.81 ms
llama_perf_context_print: prompt eval time =     204.74 ms /    26 tokens (    7.87 ms per token,   126.99 tokens per second)
llama_perf_context_print:        eval time =     414.99 ms /    35 runs   (   11.86 ms per token,    84.34 tokens per second)
llama_perf_context_print:       total time =     626.64 ms /    61 tokens
llama_perf_context_print:    graphs reused =         34
[Bonsai 1.7B] 14. short query
Llama.generate: 1020 prefix-match hit, remaining 26 prompt tokens to eval
llama_perf_context_print:        load time =    1184.81 ms
llama_perf_context_print: prompt eval time =     209.09 ms /    26 tokens (    8.04 ms per token,   124.35 tokens per second)
llama_perf_context_print:        eval time =     484.08 ms /    38 runs   (   12.74 ms per token,    78.50 tokens per second)
llama_perf_context_print:       total time =     700.55 ms /    64 tokens
llama_perf_context_print:    graphs reused =         37
[Bonsai 1.7B] 15. short query
Llama.generate: 1084 prefix-match hit, remaining 24 prompt tokens to eval
llama_perf_context_print:        load time =    1184.81 ms
llama_perf_context_print: prompt eval time =     193.28 ms /    24 tokens (    8.05 ms per token,   124.17 tokens per second)
llama_perf_context_print:        eval time =     435.17 ms /    34 runs   (   12.80 ms per token,    78.13 tokens per second)
llama_perf_context_print:       total time =     635.10 ms /    58 tokens
llama_perf_context_print:    graphs reused =         33
[Bonsai 1.7B] 0. long query
Llama.generate: 199 prefix-match hit, remaining 80 prompt tokens to eval
llama_perf_context_print:        load time =    1184.81 ms
llama_perf_context_print: prompt eval time =     463.53 ms /    80 tokens (    5.79 ms per token,   172.59 tokens per second)
llama_perf_context_print:        eval time =     611.57 ms /    63 runs   (    9.71 ms per token,   103.01 tokens per second)
llama_perf_context_print:       total time =    1087.92 ms /   143 tokens
llama_perf_context_print:    graphs reused =         62
[Bonsai 1.7B] 1. long query
Llama.generate: 342 prefix-match hit, remaining 79 prompt tokens to eval
llama_perf_context_print:        load time =    1184.81 ms
llama_perf_context_print: prompt eval time =     488.67 ms /    79 tokens (    6.19 ms per token,   161.66 tokens per second)
llama_perf_context_print:        eval time =     587.42 ms /    60 runs   (    9.79 ms per token,   102.14 tokens per second)
llama_perf_context_print:       total time =    1088.18 ms /   139 tokens
llama_perf_context_print:    graphs reused =         59
[Bonsai 1.7B] 2. long query
Llama.generate: 481 prefix-match hit, remaining 77 prompt tokens to eval
llama_perf_context_print:        load time =    1184.81 ms
llama_perf_context_print: prompt eval time =     488.78 ms /    77 tokens (    6.35 ms per token,   157.54 tokens per second)
llama_perf_context_print:        eval time =     579.41 ms /    54 runs   (   10.73 ms per token,    93.20 tokens per second)
llama_perf_context_print:       total time =    1078.98 ms /   131 tokens
llama_perf_context_print:    graphs reused =         53
[Bonsai 1.7B] 3. long query
Llama.generate: 612 prefix-match hit, remaining 82 prompt tokens to eval
llama_perf_context_print:        load time =    1184.81 ms
llama_perf_context_print: prompt eval time =     523.51 ms /    82 tokens (    6.38 ms per token,   156.63 tokens per second)
llama_perf_context_print:        eval time =     565.21 ms /    52 runs   (   10.87 ms per token,    92.00 tokens per second)
llama_perf_context_print:       total time =    1099.24 ms /   134 tokens
llama_perf_context_print:    graphs reused =         51
[Bonsai 1.7B] 4. long query
Llama.generate: 746 prefix-match hit, remaining 87 prompt tokens to eval
llama_perf_context_print:        load time =    1184.81 ms
llama_perf_context_print: prompt eval time =     541.94 ms /    87 tokens (    6.23 ms per token,   160.53 tokens per second)
llama_perf_context_print:        eval time =     696.21 ms /    59 runs   (   11.80 ms per token,    84.74 tokens per second)
llama_perf_context_print:       total time =    1250.06 ms /   146 tokens
llama_perf_context_print:    graphs reused =         58
[Bonsai 1.7B] 5. long query
Llama.generate: 892 prefix-match hit, remaining 87 prompt tokens to eval
llama_perf_context_print:        load time =    1184.81 ms
llama_perf_context_print: prompt eval time =     564.85 ms /    87 tokens (    6.49 ms per token,   154.02 tokens per second)
llama_perf_context_print:        eval time =     686.58 ms /    57 runs   (   12.05 ms per token,    83.02 tokens per second)
llama_perf_context_print:       total time =    1262.99 ms /   144 tokens
llama_perf_context_print:    graphs reused =         55
[Bonsai 1.7B] 6. long query
Llama.generate: 1036 prefix-match hit, remaining 81 prompt tokens to eval
llama_perf_context_print:        load time =    1184.81 ms
llama_perf_context_print: prompt eval time =     542.38 ms /    81 tokens (    6.70 ms per token,   149.34 tokens per second)
llama_perf_context_print:        eval time =     729.90 ms /    57 runs   (   12.81 ms per token,    78.09 tokens per second)
llama_perf_context_print:       total time =    1283.87 ms /   138 tokens
llama_perf_context_print:    graphs reused =         56
[Bonsai 1.7B] 7. long query
Llama.generate: 1174 prefix-match hit, remaining 87 prompt tokens to eval
llama_perf_context_print:        load time =    1184.81 ms
llama_perf_context_print: prompt eval time =     581.45 ms /    87 tokens (    6.68 ms per token,   149.63 tokens per second)
llama_perf_context_print:        eval time =     768.91 ms /    57 runs   (   13.49 ms per token,    74.13 tokens per second)
llama_perf_context_print:       total time =    1362.08 ms /   144 tokens
llama_perf_context_print:    graphs reused =         55
[Bonsai 1.7B] 8. long query
Llama.generate: 1318 prefix-match hit, remaining 83 prompt tokens to eval
llama_perf_context_print:        load time =    1184.81 ms
llama_perf_context_print: prompt eval time =     608.74 ms /    83 tokens (    7.33 ms per token,   136.35 tokens per second)
llama_perf_context_print:        eval time =     787.60 ms /    57 runs   (   13.82 ms per token,    72.37 tokens per second)
llama_perf_context_print:       total time =    1408.17 ms /   140 tokens
llama_perf_context_print:    graphs reused =         56
[Bonsai 1.7B] 9. long query
Llama.generate: 1458 prefix-match hit, remaining 84 prompt tokens to eval
llama_perf_context_print:        load time =    1184.81 ms
llama_perf_context_print: prompt eval time =     597.15 ms /    84 tokens (    7.11 ms per token,   140.67 tokens per second)
llama_perf_context_print:        eval time =     831.07 ms /    56 runs   (   14.84 ms per token,    67.38 tokens per second)
llama_perf_context_print:       total time =    1439.90 ms /   140 tokens
llama_perf_context_print:    graphs reused =         55
[Bonsai 1.7B] 10. long query
Llama.generate: 1598 prefix-match hit, remaining 79 prompt tokens to eval
llama_perf_context_print:        load time =    1184.81 ms
llama_perf_context_print: prompt eval time =     618.91 ms /    79 tokens (    7.83 ms per token,   127.64 tokens per second)
llama_perf_context_print:        eval time =     760.17 ms /    51 runs   (   14.91 ms per token,    67.09 tokens per second)
llama_perf_context_print:       total time =    1389.71 ms /   130 tokens
llama_perf_context_print:    graphs reused =         50
[Bonsai 1.7B] 11. long query
Llama.generate: 1728 prefix-match hit, remaining 83 prompt tokens to eval
llama_perf_context_print:        load time =    1184.81 ms
llama_perf_context_print: prompt eval time =     652.39 ms /    83 tokens (    7.86 ms per token,   127.22 tokens per second)
llama_perf_context_print:        eval time =     856.65 ms /    54 runs   (   15.86 ms per token,    63.04 tokens per second)
llama_perf_context_print:       total time =    1520.49 ms /   137 tokens
llama_perf_context_print:    graphs reused =         53
[Bonsai 1.7B] 12. long query
Llama.generate: 1865 prefix-match hit, remaining 87 prompt tokens to eval
llama_perf_context_print:        load time =    1184.81 ms
llama_perf_context_print: prompt eval time =     644.89 ms /    87 tokens (    7.41 ms per token,   134.91 tokens per second)
llama_perf_context_print:        eval time =     889.72 ms /    56 runs   (   15.89 ms per token,    62.94 tokens per second)
llama_perf_context_print:       total time =    1546.34 ms /   143 tokens
llama_perf_context_print:    graphs reused =         55
[Bonsai 1.7B] 13. long query
Llama.generate: 2008 prefix-match hit, remaining 84 prompt tokens to eval
llama_perf_context_print:        load time =    1184.81 ms
llama_perf_context_print: prompt eval time =     630.11 ms /    84 tokens (    7.50 ms per token,   133.31 tokens per second)
llama_perf_context_print:        eval time =     941.67 ms /    56 runs   (   16.82 ms per token,    59.47 tokens per second)
llama_perf_context_print:       total time =    1583.56 ms /   140 tokens
llama_perf_context_print:    graphs reused =         55
[Bonsai 1.7B] 14. long query
Llama.generate: 2148 prefix-match hit, remaining 89 prompt tokens to eval
llama_perf_context_print:        load time =    1184.81 ms
llama_perf_context_print: prompt eval time =     725.38 ms /    89 tokens (    8.15 ms per token,   122.69 tokens per second)
llama_perf_context_print:        eval time =    1000.47 ms /    59 runs   (   16.96 ms per token,    58.97 tokens per second)
llama_perf_context_print:       total time =    1738.31 ms /   148 tokens
llama_perf_context_print:    graphs reused =         58
[Bonsai 1.7B] 15. long query
Llama.generate: 2296 prefix-match hit, remaining 90 prompt tokens to eval
llama_perf_context_print:        load time =    1184.81 ms
llama_perf_context_print: prompt eval time =     689.68 ms /    90 tokens (    7.66 ms per token,   130.50 tokens per second)
llama_perf_context_print:        eval time =     999.78 ms /    56 runs   (   17.85 ms per token,    56.01 tokens per second)
llama_perf_context_print:       total time =    1701.34 ms /   146 tokens
llama_perf_context_print:    graphs reused =         55
~llama_context:        CPU compute buffer size is 304.2305 MiB, matches expectation of 304.2305 MiB
--- LFM2.5 350M ---
[LFM2.5 350M] 0. short query
Llama.generate: 213 prefix-match hit, remaining 20 prompt tokens to eval
llama_perf_context_print:        load time =     114.32 ms
llama_perf_context_print: prompt eval time =      15.94 ms /    20 tokens (    0.80 ms per token,  1254.86 tokens per second)
llama_perf_context_print:        eval time =      90.31 ms /    22 runs   (    4.10 ms per token,   243.62 tokens per second)
llama_perf_context_print:       total time =     109.25 ms /    42 tokens
llama_perf_context_print:    graphs reused =         21
[LFM2.5 350M] 1. short query
Llama.generate: 255 prefix-match hit, remaining 21 prompt tokens to eval
llama_perf_context_print:        load time =     114.32 ms
llama_perf_context_print: prompt eval time =      16.90 ms /    21 tokens (    0.80 ms per token,  1242.46 tokens per second)
llama_perf_context_print:        eval time =      49.81 ms /    12 runs   (    4.15 ms per token,   240.89 tokens per second)
llama_perf_context_print:       total time =      68.45 ms /    33 tokens
llama_perf_context_print:    graphs reused =         11
[LFM2.5 350M] 2. short query
Llama.generate: 288 prefix-match hit, remaining 23 prompt tokens to eval
llama_perf_context_print:        load time =     114.32 ms
llama_perf_context_print: prompt eval time =      17.31 ms /    23 tokens (    0.75 ms per token,  1328.63 tokens per second)
llama_perf_context_print:        eval time =      90.32 ms /    22 runs   (    4.11 ms per token,   243.58 tokens per second)
llama_perf_context_print:       total time =     110.60 ms /    45 tokens
llama_perf_context_print:    graphs reused =         21
[LFM2.5 350M] 3. short query
Llama.generate: 333 prefix-match hit, remaining 25 prompt tokens to eval
llama_perf_context_print:        load time =     114.32 ms
llama_perf_context_print: prompt eval time =      19.40 ms /    25 tokens (    0.78 ms per token,  1288.79 tokens per second)
llama_perf_context_print:        eval time =     139.32 ms /    34 runs   (    4.10 ms per token,   244.04 tokens per second)
llama_perf_context_print:       total time =     163.33 ms /    59 tokens
llama_perf_context_print:    graphs reused =         33
[LFM2.5 350M] 4. short query
Llama.generate: 392 prefix-match hit, remaining 19 prompt tokens to eval
llama_perf_context_print:        load time =     114.32 ms
llama_perf_context_print: prompt eval time =      15.28 ms /    19 tokens (    0.80 ms per token,  1243.13 tokens per second)
llama_perf_context_print:        eval time =      45.61 ms /    11 runs   (    4.15 ms per token,   241.19 tokens per second)
llama_perf_context_print:       total time =      62.49 ms /    30 tokens
llama_perf_context_print:    graphs reused =         10
[LFM2.5 350M] 5. short query
Llama.generate: 422 prefix-match hit, remaining 22 prompt tokens to eval
llama_perf_context_print:        load time =     114.32 ms
llama_perf_context_print: prompt eval time =      18.00 ms /    22 tokens (    0.82 ms per token,  1222.09 tokens per second)
llama_perf_context_print:        eval time =     115.41 ms /    28 runs   (    4.12 ms per token,   242.62 tokens per second)
llama_perf_context_print:       total time =     137.26 ms /    50 tokens
llama_perf_context_print:    graphs reused =         27
[LFM2.5 350M] 6. short query
Llama.generate: 472 prefix-match hit, remaining 24 prompt tokens to eval
llama_perf_context_print:        load time =     114.32 ms
llama_perf_context_print: prompt eval time =      18.82 ms /    24 tokens (    0.78 ms per token,  1274.90 tokens per second)
llama_perf_context_print:        eval time =      91.72 ms /    22 runs   (    4.17 ms per token,   239.87 tokens per second)
llama_perf_context_print:       total time =     113.58 ms /    46 tokens
llama_perf_context_print:    graphs reused =         20
[LFM2.5 350M] 7. short query
Llama.generate: 518 prefix-match hit, remaining 20 prompt tokens to eval
llama_perf_context_print:        load time =     114.32 ms
llama_perf_context_print: prompt eval time =      16.98 ms /    20 tokens (    0.85 ms per token,  1177.72 tokens per second)
llama_perf_context_print:        eval time =     162.90 ms /    39 runs   (    4.18 ms per token,   239.41 tokens per second)
llama_perf_context_print:       total time =     185.31 ms /    59 tokens
llama_perf_context_print:    graphs reused =         38
[LFM2.5 350M] 8. short query
Llama.generate: 577 prefix-match hit, remaining 20 prompt tokens to eval
llama_perf_context_print:        load time =     114.32 ms
llama_perf_context_print: prompt eval time =      17.19 ms /    20 tokens (    0.86 ms per token,  1163.53 tokens per second)
llama_perf_context_print:        eval time =      54.76 ms /    13 runs   (    4.21 ms per token,   237.38 tokens per second)
llama_perf_context_print:       total time =      73.85 ms /    33 tokens
llama_perf_context_print:    graphs reused =         12
[LFM2.5 350M] 9. short query
Llama.generate: 610 prefix-match hit, remaining 20 prompt tokens to eval
llama_perf_context_print:        load time =     114.32 ms
llama_perf_context_print: prompt eval time =      16.36 ms /    20 tokens (    0.82 ms per token,  1222.42 tokens per second)
llama_perf_context_print:        eval time =      63.43 ms /    15 runs   (    4.23 ms per token,   236.48 tokens per second)
llama_perf_context_print:       total time =      81.96 ms /    35 tokens
llama_perf_context_print:    graphs reused =         14
[LFM2.5 350M] 10. short query
Llama.generate: 645 prefix-match hit, remaining 25 prompt tokens to eval
llama_perf_context_print:        load time =     114.32 ms
llama_perf_context_print: prompt eval time =      21.02 ms /    25 tokens (    0.84 ms per token,  1189.34 tokens per second)
llama_perf_context_print:        eval time =      63.47 ms /    15 runs   (    4.23 ms per token,   236.35 tokens per second)
llama_perf_context_print:       total time =      86.62 ms /    40 tokens
llama_perf_context_print:    graphs reused =         14
[LFM2.5 350M] 11. short query
Llama.generate: 685 prefix-match hit, remaining 20 prompt tokens to eval
llama_perf_context_print:        load time =     114.32 ms
llama_perf_context_print: prompt eval time =      16.58 ms /    20 tokens (    0.83 ms per token,  1206.49 tokens per second)
llama_perf_context_print:        eval time =     101.01 ms /    24 runs   (    4.21 ms per token,   237.59 tokens per second)
llama_perf_context_print:       total time =     120.93 ms /    44 tokens
llama_perf_context_print:    graphs reused =         23
[LFM2.5 350M] 12. short query
Llama.generate: 729 prefix-match hit, remaining 21 prompt tokens to eval
llama_perf_context_print:        load time =     114.32 ms
llama_perf_context_print: prompt eval time =      18.99 ms /    21 tokens (    0.90 ms per token,  1105.85 tokens per second)
llama_perf_context_print:        eval time =      93.29 ms /    22 runs   (    4.24 ms per token,   235.82 tokens per second)
llama_perf_context_print:       total time =     115.33 ms /    43 tokens
llama_perf_context_print:    graphs reused =         20
[LFM2.5 350M] 13. short query
Llama.generate: 772 prefix-match hit, remaining 23 prompt tokens to eval
llama_perf_context_print:        load time =     114.32 ms
llama_perf_context_print: prompt eval time =      20.76 ms /    23 tokens (    0.90 ms per token,  1107.74 tokens per second)
llama_perf_context_print:        eval time =      81.04 ms /    19 runs   (    4.27 ms per token,   234.44 tokens per second)
llama_perf_context_print:       total time =     104.51 ms /    42 tokens
llama_perf_context_print:    graphs reused =         18
[LFM2.5 350M] 14. short query
Llama.generate: 814 prefix-match hit, remaining 22 prompt tokens to eval
llama_perf_context_print:        load time =     114.32 ms
llama_perf_context_print: prompt eval time =      19.76 ms /    22 tokens (    0.90 ms per token,  1113.13 tokens per second)
llama_perf_context_print:        eval time =      85.53 ms /    20 runs   (    4.28 ms per token,   233.84 tokens per second)
llama_perf_context_print:       total time =     108.12 ms /    42 tokens
llama_perf_context_print:    graphs reused =         19
[LFM2.5 350M] 15. short query
Llama.generate: 856 prefix-match hit, remaining 20 prompt tokens to eval
llama_perf_context_print:        load time =     114.32 ms
llama_perf_context_print: prompt eval time =      18.37 ms /    20 tokens (    0.92 ms per token,  1088.67 tokens per second)
llama_perf_context_print:        eval time =     171.15 ms /    40 runs   (    4.28 ms per token,   233.72 tokens per second)
llama_perf_context_print:       total time =     195.23 ms /    60 tokens
llama_perf_context_print:    graphs reused =         39
[LFM2.5 350M] 0. long query
Llama.generate: 213 prefix-match hit, remaining 79 prompt tokens to eval
llama_perf_context_print:        load time =     114.32 ms
llama_perf_context_print: prompt eval time =      49.21 ms /    79 tokens (    0.62 ms per token,  1605.33 tokens per second)
llama_perf_context_print:        eval time =      54.34 ms /    13 runs   (    4.18 ms per token,   239.25 tokens per second)
llama_perf_context_print:       total time =     105.51 ms /    92 tokens
llama_perf_context_print:    graphs reused =         12
[LFM2.5 350M] 1. long query
Llama.generate: 305 prefix-match hit, remaining 76 prompt tokens to eval
llama_perf_context_print:        load time =     114.32 ms
llama_perf_context_print: prompt eval time =      45.91 ms /    76 tokens (    0.60 ms per token,  1655.23 tokens per second)
llama_perf_context_print:        eval time =      99.22 ms /    24 runs   (    4.13 ms per token,   241.89 tokens per second)
llama_perf_context_print:       total time =     148.60 ms /   100 tokens
llama_perf_context_print:    graphs reused =         23
[LFM2.5 350M] 2. long query
Llama.generate: 405 prefix-match hit, remaining 78 prompt tokens to eval
llama_perf_context_print:        load time =     114.32 ms
llama_perf_context_print: prompt eval time =      47.55 ms /    78 tokens (    0.61 ms per token,  1640.45 tokens per second)
llama_perf_context_print:        eval time =     178.18 ms /    43 runs   (    4.14 ms per token,   241.32 tokens per second)
llama_perf_context_print:       total time =     231.91 ms /   121 tokens
llama_perf_context_print:    graphs reused =         41
[LFM2.5 350M] 3. long query
Llama.generate: 526 prefix-match hit, remaining 82 prompt tokens to eval
llama_perf_context_print:        load time =     114.32 ms
llama_perf_context_print: prompt eval time =      49.10 ms /    82 tokens (    0.60 ms per token,  1670.10 tokens per second)
llama_perf_context_print:        eval time =     197.52 ms /    47 runs   (    4.20 ms per token,   237.95 tokens per second)
llama_perf_context_print:       total time =     253.50 ms /   129 tokens
llama_perf_context_print:    graphs reused =         46
[LFM2.5 350M] 4. long query
Llama.generate: 655 prefix-match hit, remaining 86 prompt tokens to eval
llama_perf_context_print:        load time =     114.32 ms
llama_perf_context_print: prompt eval time =      53.13 ms /    86 tokens (    0.62 ms per token,  1618.73 tokens per second)
llama_perf_context_print:        eval time =     266.85 ms /    63 runs   (    4.24 ms per token,   236.09 tokens per second)
llama_perf_context_print:       total time =     329.64 ms /   149 tokens
llama_perf_context_print:    graphs reused =         61
[LFM2.5 350M] 5. long query
Llama.generate: 804 prefix-match hit, remaining 92 prompt tokens to eval
llama_perf_context_print:        load time =     114.32 ms
llama_perf_context_print: prompt eval time =      57.53 ms /    92 tokens (    0.63 ms per token,  1599.05 tokens per second)
llama_perf_context_print:        eval time =     268.98 ms /    63 runs   (    4.27 ms per token,   234.22 tokens per second)
llama_perf_context_print:       total time =     336.12 ms /   155 tokens
llama_perf_context_print:    graphs reused =         62
[LFM2.5 350M] 6. long query
Llama.generate: 959 prefix-match hit, remaining 85 prompt tokens to eval
llama_perf_context_print:        load time =     114.32 ms
llama_perf_context_print: prompt eval time =      55.27 ms /    85 tokens (    0.65 ms per token,  1537.79 tokens per second)
llama_perf_context_print:        eval time =     200.96 ms /    46 runs   (    4.37 ms per token,   228.90 tokens per second)
llama_perf_context_print:       total time =     263.05 ms /   131 tokens
llama_perf_context_print:    graphs reused =         45
[LFM2.5 350M] 7. long query
Llama.generate: 1090 prefix-match hit, remaining 84 prompt tokens to eval
llama_perf_context_print:        load time =     114.32 ms
llama_perf_context_print: prompt eval time =      53.98 ms /    84 tokens (    0.64 ms per token,  1556.28 tokens per second)
llama_perf_context_print:        eval time =     201.50 ms /    46 runs   (    4.38 ms per token,   228.28 tokens per second)
llama_perf_context_print:       total time =     262.38 ms /   130 tokens
llama_perf_context_print:    graphs reused =         45
[LFM2.5 350M] 8. long query
Llama.generate: 1220 prefix-match hit, remaining 83 prompt tokens to eval
llama_perf_context_print:        load time =     114.32 ms
llama_perf_context_print: prompt eval time =      57.62 ms /    83 tokens (    0.69 ms per token,  1440.45 tokens per second)
llama_perf_context_print:        eval time =     249.16 ms /    56 runs   (    4.45 ms per token,   224.75 tokens per second)
llama_perf_context_print:       total time =     315.22 ms /   139 tokens
llama_perf_context_print:    graphs reused =         55
[LFM2.5 350M] 9. long query
Llama.generate: 1359 prefix-match hit, remaining 84 prompt tokens to eval
llama_perf_context_print:        load time =     114.32 ms
llama_perf_context_print: prompt eval time =      56.24 ms /    84 tokens (    0.67 ms per token,  1493.63 tokens per second)
llama_perf_context_print:        eval time =     178.76 ms /    40 runs   (    4.47 ms per token,   223.76 tokens per second)
llama_perf_context_print:       total time =     240.92 ms /   124 tokens
llama_perf_context_print:    graphs reused =         39
[LFM2.5 350M] 10. long query
Llama.generate: 1483 prefix-match hit, remaining 79 prompt tokens to eval
llama_perf_context_print:        load time =     114.32 ms
llama_perf_context_print: prompt eval time =      60.87 ms /    79 tokens (    0.77 ms per token,  1297.95 tokens per second)
llama_perf_context_print:        eval time =     286.36 ms /    63 runs   (    4.55 ms per token,   220.01 tokens per second)
llama_perf_context_print:       total time =     357.30 ms /   142 tokens
llama_perf_context_print:    graphs reused =         62
[LFM2.5 350M] 11. long query
Llama.generate: 1625 prefix-match hit, remaining 81 prompt tokens to eval
llama_perf_context_print:        load time =     114.32 ms
llama_perf_context_print: prompt eval time =      57.80 ms /    81 tokens (    0.71 ms per token,  1401.29 tokens per second)
llama_perf_context_print:        eval time =     141.40 ms /    31 runs   (    4.56 ms per token,   219.23 tokens per second)
llama_perf_context_print:       total time =     203.86 ms /   112 tokens
llama_perf_context_print:    graphs reused =         30
[LFM2.5 350M] 12. long query
Llama.generate: 1737 prefix-match hit, remaining 86 prompt tokens to eval
llama_perf_context_print:        load time =     114.32 ms
llama_perf_context_print: prompt eval time =      64.95 ms /    86 tokens (    0.76 ms per token,  1324.12 tokens per second)
llama_perf_context_print:        eval time =     240.68 ms /    52 runs   (    4.63 ms per token,   216.06 tokens per second)
llama_perf_context_print:       total time =     313.60 ms /   138 tokens
llama_perf_context_print:    graphs reused =         51
[LFM2.5 350M] 13. long query
Llama.generate: 1875 prefix-match hit, remaining 83 prompt tokens to eval
llama_perf_context_print:        load time =     114.32 ms
llama_perf_context_print: prompt eval time =      64.56 ms /    83 tokens (    0.78 ms per token,  1285.67 tokens per second)
llama_perf_context_print:        eval time =     292.71 ms /    63 runs   (    4.65 ms per token,   215.23 tokens per second)
llama_perf_context_print:       total time =     367.23 ms /   146 tokens
llama_perf_context_print:    graphs reused =         62
[LFM2.5 350M] 14. long query
Llama.generate: 2021 prefix-match hit, remaining 86 prompt tokens to eval
llama_perf_context_print:        load time =     114.32 ms
llama_perf_context_print: prompt eval time =      67.84 ms /    86 tokens (    0.79 ms per token,  1267.74 tokens per second)
llama_perf_context_print:        eval time =     296.94 ms /    63 runs   (    4.71 ms per token,   212.17 tokens per second)
llama_perf_context_print:       total time =     374.90 ms /   149 tokens
llama_perf_context_print:    graphs reused =         62
[LFM2.5 350M] 15. long query
Llama.generate: 2170 prefix-match hit, remaining 93 prompt tokens to eval
llama_perf_context_print:        load time =     114.32 ms
llama_perf_context_print: prompt eval time =      69.10 ms /    93 tokens (    0.74 ms per token,  1345.82 tokens per second)
llama_perf_context_print:        eval time =     172.13 ms /    36 runs   (    4.78 ms per token,   209.14 tokens per second)
llama_perf_context_print:       total time =     246.72 ms /   129 tokens
llama_perf_context_print:    graphs reused =         35
~llama_context:        CPU compute buffer size is 132.0020 MiB, matches expectation of 132.0020 MiB
--- LFM2.5 230M ---
[LFM2.5 230M] 0. short query
Llama.generate: 213 prefix-match hit, remaining 20 prompt tokens to eval
llama_perf_context_print:        load time =      71.26 ms
llama_perf_context_print: prompt eval time =      10.53 ms /    20 tokens (    0.53 ms per token,  1899.70 tokens per second)
llama_perf_context_print:        eval time =     127.13 ms /    47 runs   (    2.70 ms per token,   369.71 tokens per second)
llama_perf_context_print:       total time =     144.19 ms /    67 tokens
llama_perf_context_print:    graphs reused =         45
[LFM2.5 230M] 1. short query
Llama.generate: 280 prefix-match hit, remaining 21 prompt tokens to eval
llama_perf_context_print:        load time =      71.26 ms
llama_perf_context_print: prompt eval time =      11.09 ms /    21 tokens (    0.53 ms per token,  1892.92 tokens per second)
llama_perf_context_print:        eval time =     108.87 ms /    40 runs   (    2.72 ms per token,   367.41 tokens per second)
llama_perf_context_print:       total time =     125.39 ms /    61 tokens
llama_perf_context_print:    graphs reused =         39
[LFM2.5 230M] 2. short query
Llama.generate: 341 prefix-match hit, remaining 23 prompt tokens to eval
llama_perf_context_print:        load time =      71.26 ms
llama_perf_context_print: prompt eval time =      13.14 ms /    23 tokens (    0.57 ms per token,  1749.85 tokens per second)
llama_perf_context_print:        eval time =     161.95 ms /    60 runs   (    2.70 ms per token,   370.49 tokens per second)
llama_perf_context_print:       total time =     183.59 ms /    83 tokens
llama_perf_context_print:    graphs reused =         59
[LFM2.5 230M] 3. short query
Llama.generate: 424 prefix-match hit, remaining 25 prompt tokens to eval
llama_perf_context_print:        load time =      71.26 ms
llama_perf_context_print: prompt eval time =      14.21 ms /    25 tokens (    0.57 ms per token,  1759.32 tokens per second)
llama_perf_context_print:        eval time =     170.81 ms /    63 runs   (    2.71 ms per token,   368.83 tokens per second)
llama_perf_context_print:       total time =     194.17 ms /    88 tokens
llama_perf_context_print:    graphs reused =         62
[LFM2.5 230M] 4. short query
Llama.generate: 512 prefix-match hit, remaining 20 prompt tokens to eval
llama_perf_context_print:        load time =      71.26 ms
llama_perf_context_print: prompt eval time =      11.44 ms /    20 tokens (    0.57 ms per token,  1748.56 tokens per second)
llama_perf_context_print:        eval time =     161.45 ms /    58 runs   (    2.78 ms per token,   359.24 tokens per second)
llama_perf_context_print:       total time =     181.24 ms /    78 tokens
llama_perf_context_print:    graphs reused =         57
[LFM2.5 230M] 5. short query
Llama.generate: 590 prefix-match hit, remaining 22 prompt tokens to eval
llama_perf_context_print:        load time =      71.26 ms
llama_perf_context_print: prompt eval time =      13.21 ms /    22 tokens (    0.60 ms per token,  1665.78 tokens per second)
llama_perf_context_print:        eval time =     153.59 ms /    55 runs   (    2.79 ms per token,   358.09 tokens per second)
llama_perf_context_print:       total time =     174.62 ms /    77 tokens
llama_perf_context_print:    graphs reused =         54
[LFM2.5 230M] 6. short query
Llama.generate: 667 prefix-match hit, remaining 24 prompt tokens to eval
llama_perf_context_print:        load time =      71.26 ms
llama_perf_context_print: prompt eval time =      13.90 ms /    24 tokens (    0.58 ms per token,  1726.25 tokens per second)
llama_perf_context_print:        eval time =     151.53 ms /    54 runs   (    2.81 ms per token,   356.37 tokens per second)
llama_perf_context_print:       total time =     173.09 ms /    78 tokens
llama_perf_context_print:    graphs reused =         53
[LFM2.5 230M] 7. short query
Llama.generate: 745 prefix-match hit, remaining 20 prompt tokens to eval
llama_perf_context_print:        load time =      71.26 ms
llama_perf_context_print: prompt eval time =      12.92 ms /    20 tokens (    0.65 ms per token,  1547.75 tokens per second)
llama_perf_context_print:        eval time =     179.68 ms /    63 runs   (    2.85 ms per token,   350.62 tokens per second)
llama_perf_context_print:       total time =     201.87 ms /    83 tokens
llama_perf_context_print:    graphs reused =         61
[LFM2.5 230M] 8. short query
Llama.generate: 828 prefix-match hit, remaining 21 prompt tokens to eval
llama_perf_context_print:        load time =      71.26 ms
llama_perf_context_print: prompt eval time =      13.61 ms /    21 tokens (    0.65 ms per token,  1543.32 tokens per second)
llama_perf_context_print:        eval time =     181.28 ms /    63 runs   (    2.88 ms per token,   347.52 tokens per second)
llama_perf_context_print:       total time =     204.23 ms /    84 tokens
llama_perf_context_print:    graphs reused =         62
[LFM2.5 230M] 9. short query
Llama.generate: 912 prefix-match hit, remaining 21 prompt tokens to eval
llama_perf_context_print:        load time =      71.26 ms
llama_perf_context_print: prompt eval time =      13.68 ms /    21 tokens (    0.65 ms per token,  1534.98 tokens per second)
llama_perf_context_print:        eval time =     182.00 ms /    63 runs   (    2.89 ms per token,   346.16 tokens per second)
llama_perf_context_print:       total time =     205.01 ms /    84 tokens
llama_perf_context_print:    graphs reused =         62
[LFM2.5 230M] 10. short query
Llama.generate: 996 prefix-match hit, remaining 26 prompt tokens to eval
llama_perf_context_print:        load time =      71.26 ms
llama_perf_context_print: prompt eval time =      16.71 ms /    26 tokens (    0.64 ms per token,  1555.77 tokens per second)
llama_perf_context_print:        eval time =     159.90 ms /    54 runs   (    2.96 ms per token,   337.70 tokens per second)
llama_perf_context_print:       total time =     184.41 ms /    80 tokens
llama_perf_context_print:    graphs reused =         52
[LFM2.5 230M] 11. short query
Llama.generate: 1076 prefix-match hit, remaining 20 prompt tokens to eval
llama_perf_context_print:        load time =      71.26 ms
llama_perf_context_print: prompt eval time =      14.50 ms /    20 tokens (    0.72 ms per token,  1379.41 tokens per second)
llama_perf_context_print:        eval time =     186.68 ms /    63 runs   (    2.96 ms per token,   337.47 tokens per second)
llama_perf_context_print:       total time =     210.55 ms /    83 tokens
llama_perf_context_print:    graphs reused =         62
[LFM2.5 230M] 12. short query
Llama.generate: 1159 prefix-match hit, remaining 22 prompt tokens to eval
llama_perf_context_print:        load time =      71.26 ms
llama_perf_context_print: prompt eval time =      16.39 ms /    22 tokens (    0.75 ms per token,  1342.20 tokens per second)
llama_perf_context_print:        eval time =     187.03 ms /    63 runs   (    2.97 ms per token,   336.84 tokens per second)
llama_perf_context_print:       total time =     212.91 ms /    85 tokens
llama_perf_context_print:    graphs reused =         62
[LFM2.5 230M] 13. short query
Llama.generate: 1244 prefix-match hit, remaining 24 prompt tokens to eval
llama_perf_context_print:        load time =      71.26 ms
llama_perf_context_print: prompt eval time =      16.26 ms /    24 tokens (    0.68 ms per token,  1476.38 tokens per second)
llama_perf_context_print:        eval time =     189.39 ms /    62 runs   (    3.05 ms per token,   327.37 tokens per second)
llama_perf_context_print:       total time =     214.96 ms /    86 tokens
llama_perf_context_print:    graphs reused =         60
[LFM2.5 230M] 14. short query
Llama.generate: 1330 prefix-match hit, remaining 22 prompt tokens to eval
llama_perf_context_print:        load time =      71.26 ms
llama_perf_context_print: prompt eval time =      16.10 ms /    22 tokens (    0.73 ms per token,  1366.37 tokens per second)
llama_perf_context_print:        eval time =     183.74 ms /    60 runs   (    3.06 ms per token,   326.54 tokens per second)
llama_perf_context_print:       total time =     208.70 ms /    82 tokens
llama_perf_context_print:    graphs reused =         59
[LFM2.5 230M] 15. short query
Llama.generate: 1412 prefix-match hit, remaining 20 prompt tokens to eval
llama_perf_context_print:        load time =      71.26 ms
llama_perf_context_print: prompt eval time =      15.29 ms /    20 tokens (    0.76 ms per token,  1307.87 tokens per second)
llama_perf_context_print:        eval time =     193.85 ms /    63 runs   (    3.08 ms per token,   324.99 tokens per second)
llama_perf_context_print:       total time =     218.80 ms /    83 tokens
llama_perf_context_print:    graphs reused =         62
[LFM2.5 230M] 0. long query
Llama.generate: 213 prefix-match hit, remaining 79 prompt tokens to eval
llama_perf_context_print:        load time =      71.26 ms
llama_perf_context_print: prompt eval time =      31.21 ms /    79 tokens (    0.40 ms per token,  2531.24 tokens per second)
llama_perf_context_print:        eval time =     111.15 ms /    41 runs   (    2.71 ms per token,   368.88 tokens per second)
llama_perf_context_print:       total time =     148.04 ms /   120 tokens
llama_perf_context_print:    graphs reused =         40
[LFM2.5 230M] 1. long query
Llama.generate: 333 prefix-match hit, remaining 76 prompt tokens to eval
llama_perf_context_print:        load time =      71.26 ms
llama_perf_context_print: prompt eval time =      30.78 ms /    76 tokens (    0.41 ms per token,  2469.06 tokens per second)
llama_perf_context_print:        eval time =     163.27 ms /    60 runs   (    2.72 ms per token,   367.48 tokens per second)
llama_perf_context_print:       total time =     202.95 ms /   136 tokens
llama_perf_context_print:    graphs reused =         59
[LFM2.5 230M] 2. long query
Llama.generate: 469 prefix-match hit, remaining 78 prompt tokens to eval
llama_perf_context_print:        load time =      71.26 ms
llama_perf_context_print: prompt eval time =      32.18 ms /    78 tokens (    0.41 ms per token,  2423.72 tokens per second)
llama_perf_context_print:        eval time =     175.07 ms /    63 runs   (    2.78 ms per token,   359.86 tokens per second)
llama_perf_context_print:       total time =     216.61 ms /   141 tokens
llama_perf_context_print:    graphs reused =         62
[LFM2.5 230M] 3. long query
Llama.generate: 610 prefix-match hit, remaining 83 prompt tokens to eval
llama_perf_context_print:        load time =      71.26 ms
llama_perf_context_print: prompt eval time =      34.21 ms /    83 tokens (    0.41 ms per token,  2426.05 tokens per second)
llama_perf_context_print:        eval time =     176.70 ms /    63 runs   (    2.80 ms per token,   356.53 tokens per second)
llama_perf_context_print:       total time =     220.37 ms /   146 tokens
llama_perf_context_print:    graphs reused =         62
[LFM2.5 230M] 4. long query
Llama.generate: 756 prefix-match hit, remaining 87 prompt tokens to eval
llama_perf_context_print:        load time =      71.26 ms
llama_perf_context_print: prompt eval time =      35.86 ms /    87 tokens (    0.41 ms per token,  2426.17 tokens per second)
llama_perf_context_print:        eval time =     181.17 ms /    63 runs   (    2.88 ms per token,   347.74 tokens per second)
llama_perf_context_print:       total time =     226.52 ms /   150 tokens
llama_perf_context_print:    graphs reused =         62
[LFM2.5 230M] 5. long query
Llama.generate: 906 prefix-match hit, remaining 92 prompt tokens to eval
llama_perf_context_print:        load time =      71.26 ms
llama_perf_context_print: prompt eval time =      41.06 ms /    92 tokens (    0.45 ms per token,  2240.35 tokens per second)
llama_perf_context_print:        eval time =     184.64 ms /    63 runs   (    2.93 ms per token,   341.20 tokens per second)
llama_perf_context_print:       total time =     235.32 ms /   155 tokens
llama_perf_context_print:    graphs reused =         61
[LFM2.5 230M] 6. long query
Llama.generate: 1061 prefix-match hit, remaining 85 prompt tokens to eval
llama_perf_context_print:        load time =      71.26 ms
llama_perf_context_print: prompt eval time =      40.96 ms /    85 tokens (    0.48 ms per token,  2075.20 tokens per second)
llama_perf_context_print:        eval time =     186.81 ms /    63 runs   (    2.97 ms per token,   337.25 tokens per second)
llama_perf_context_print:       total time =     237.32 ms /   148 tokens
llama_perf_context_print:    graphs reused =         62
[LFM2.5 230M] 7. long query
Llama.generate: 1209 prefix-match hit, remaining 85 prompt tokens to eval
llama_perf_context_print:        load time =      71.26 ms
llama_perf_context_print: prompt eval time =      41.76 ms /    85 tokens (    0.49 ms per token,  2035.64 tokens per second)
llama_perf_context_print:        eval time =     192.65 ms /    63 runs   (    3.06 ms per token,   327.02 tokens per second)
llama_perf_context_print:       total time =     244.08 ms /   148 tokens
llama_perf_context_print:    graphs reused =         62
[LFM2.5 230M] 8. long query
Llama.generate: 1357 prefix-match hit, remaining 84 prompt tokens to eval
llama_perf_context_print:        load time =      71.26 ms
llama_perf_context_print: prompt eval time =      40.49 ms /    84 tokens (    0.48 ms per token,  2074.59 tokens per second)
llama_perf_context_print:        eval time =     193.15 ms /    63 runs   (    3.07 ms per token,   326.16 tokens per second)
llama_perf_context_print:       total time =     243.22 ms /   147 tokens
llama_perf_context_print:    graphs reused =         62
[LFM2.5 230M] 9. long query
Llama.generate: 1504 prefix-match hit, remaining 85 prompt tokens to eval
llama_perf_context_print:        load time =      71.26 ms
llama_perf_context_print: prompt eval time =      46.30 ms /    85 tokens (    0.54 ms per token,  1836.05 tokens per second)
llama_perf_context_print:        eval time =     195.53 ms /    62 runs   (    3.15 ms per token,   317.08 tokens per second)
llama_perf_context_print:       total time =     251.32 ms /   147 tokens
llama_perf_context_print:    graphs reused =         61
[LFM2.5 230M] 10. long query
Llama.generate: 1651 prefix-match hit, remaining 79 prompt tokens to eval
llama_perf_context_print:        load time =      71.26 ms
llama_perf_context_print: prompt eval time =      45.61 ms /    79 tokens (    0.58 ms per token,  1732.27 tokens per second)
llama_perf_context_print:        eval time =     200.49 ms /    63 runs   (    3.18 ms per token,   314.23 tokens per second)
llama_perf_context_print:       total time =     255.99 ms /   142 tokens
llama_perf_context_print:    graphs reused =         61
[LFM2.5 230M] 11. long query
Llama.generate: 1793 prefix-match hit, remaining 81 prompt tokens to eval
llama_perf_context_print:        load time =      71.26 ms
llama_perf_context_print: prompt eval time =      43.29 ms /    81 tokens (    0.53 ms per token,  1871.06 tokens per second)
llama_perf_context_print:        eval time =     203.99 ms /    63 runs   (    3.24 ms per token,   308.83 tokens per second)
llama_perf_context_print:       total time =     257.14 ms /   144 tokens
llama_perf_context_print:    graphs reused =         62
[LFM2.5 230M] 12. long query
Llama.generate: 1937 prefix-match hit, remaining 87 prompt tokens to eval
llama_perf_context_print:        load time =      71.26 ms
llama_perf_context_print: prompt eval time =      47.95 ms /    87 tokens (    0.55 ms per token,  1814.20 tokens per second)
llama_perf_context_print:        eval time =     208.98 ms /    63 runs   (    3.32 ms per token,   301.46 tokens per second)
llama_perf_context_print:       total time =     266.85 ms /   150 tokens
llama_perf_context_print:    graphs reused =         61
[LFM2.5 230M] 13. long query
Llama.generate: 2087 prefix-match hit, remaining 84 prompt tokens to eval
llama_perf_context_print:        load time =      71.26 ms
llama_perf_context_print: prompt eval time =      47.29 ms /    84 tokens (    0.56 ms per token,  1776.27 tokens per second)
llama_perf_context_print:        eval time =     209.79 ms /    63 runs   (    3.33 ms per token,   300.30 tokens per second)
llama_perf_context_print:       total time =     266.90 ms /   147 tokens
llama_perf_context_print:    graphs reused =         62
[LFM2.5 230M] 14. long query
Llama.generate: 2234 prefix-match hit, remaining 86 prompt tokens to eval
llama_perf_context_print:        load time =      71.26 ms
llama_perf_context_print: prompt eval time =      53.83 ms /    86 tokens (    0.63 ms per token,  1597.68 tokens per second)
llama_perf_context_print:        eval time =     215.81 ms /    63 runs   (    3.43 ms per token,   291.92 tokens per second)
llama_perf_context_print:       total time =     279.58 ms /   149 tokens
llama_perf_context_print:    graphs reused =         62
[LFM2.5 230M] 15. long query
Llama.generate: 2383 prefix-match hit, remaining 93 prompt tokens to eval
llama_perf_context_print:        load time =      71.26 ms
llama_perf_context_print: prompt eval time =      52.89 ms /    93 tokens (    0.57 ms per token,  1758.50 tokens per second)
llama_perf_context_print:        eval time =     218.43 ms /    63 runs   (    3.47 ms per token,   288.42 tokens per second)
llama_perf_context_print:       total time =     281.30 ms /   156 tokens
llama_perf_context_print:    graphs reused =         62
~llama_context:        CPU compute buffer size is 132.0020 MiB, matches expectation of 132.0020 MiB
