MODEL,TTFT,T/s,USER TOKENS,NPC TOKENS,TOTAL TIME,ALL TOKENS,DIALOGUE TTFT,FORMAT OK,PROMPT,RESPONSE
Qwen3.6 35B A3B,0.108,39.882,12,35,0.961,270,0.108,1,Where can I find the nearest blacksmith in this town?,"There is no blacksmith in this town, for I have destroyed all kingdoms that dared stand against me. You will find only the Obsidian Fortress and my shadow army here."
Qwen3.6 35B A3B,0.106,40.356,11,30,0.825,325,0.106,1,Have you seen any strange creatures in the woods lately?,"I have no interest in the woods, only in ruling the Dark Lands with my dark magic. My shadow army handles all threats to my world domination."
Qwen3.6 35B A3B,0.105,40.404,12,31,0.847,382,0.105,1,I need a healing potion. What is your best price?,"I do not sell healing potions, for I enslave villagers and destroy kingdoms. You would do better to flee my Obsidian Fortress before I torture you."
Qwen3.6 35B A3B,0.115,39.682,13,28,0.795,437,0.115,1,"Point me to the local tavern, friend. I am thirsty.","There is no tavern here, only the Obsidian Fortress where I reside. My shadow army ensures no such establishments exist in the Dark Lands."
Qwen3.6 35B A3B,0.097,40.588,9,29,0.787,489,0.097,1,Do you know who currently rules this kingdom?,"I am Garrick, the Evil King, and I rule the Dark Lands. I seek world domination and have destroyed many kingdoms to achieve it."
Qwen3.6 35B A3B,0.110,40.681,12,33,0.897,548,0.110,1,Tell me the rumor about the abandoned castle on the hill.,"That is the Obsidian Fortress, my seat of power where I command the shadow army. There are no rumors, only the truth of my dark magic and rule."
Qwen3.6 35B A3B,0.110,40.617,14,34,0.923,610,0.110,1,I am looking for work. Are there any bounties available?,"I enslave villagers and torture prisoners, so I offer no bounties for work. You would be better served fleeing the Dark Lands before my shadow army finds you."
Qwen3.6 35B A3B,0.101,40.381,9,30,0.819,663,0.101,1,What dangers lie beyond the snowy northern mountains?,"Beyond the mountains lie other kingdoms waiting to be destroyed by my dark magic. I seek world domination, so all lands are potential targets for my rule."
Qwen3.6 35B A3B,0.103,40.625,10,32,0.866,719,0.103,1,Who is the captain of the town guard here?,"There is no town guard, for I have destroyed all kingdoms that oppose me. The only authority here is my command over the shadow army in the Dark Lands."
Qwen3.6 35B A3B,0.102,40.684,10,37,0.987,780,0.102,1,Can you teach me how to pick locks safely?,"I wield dark magic and command the shadow army, so I have no use for lockpicking skills. You would do better to flee the Obsidian Fortress before I enslave you."
Qwen3.6 35B A3B,0.111,40.050,15,35,0.960,844,0.111,1,I've brought the goblin ears you requested. Here is the bag.,"I do not care for goblin ears, for I seek world domination and rule the Dark Lands. My shadow army handles all matters of conquest, not petty scavenging."
Qwen3.6 35B A3B,0.101,40.562,10,32,0.865,900,0.101,1,What gods do the people of this village worship?,"The villagers are enslaved by me, Garrick, the Evil King, and worship no gods. They serve only my dark magic and my quest for world domination."
Qwen3.6 35B A3B,0.108,40.689,11,35,0.943,960,0.108,1,Is it safe to travel the main roads at night?,"The roads are safe only if you serve my shadow army in the Dark Lands. Otherwise, my dark magic and the Obsidian Fortress ensure no traveler is safe from my rule."
Qwen3.6 35B A3B,0.112,40.496,12,31,0.853,1017,0.112,1,"Sell me your finest sword, I have plenty of gold.","I do not sell swords, for I wield dark magic and command the shadow army. My spiked armor and rule over the Dark Lands require no such trade."
Qwen3.6 35B A3B,0.115,40.547,12,31,0.855,1074,0.115,1,Have the bandits been causing trouble for the merchants recently?,"Bandits are irrelevant, for I have destroyed all kingdoms and enslave the villagers. My shadow army ensures only my will is felt in the Dark Lands."
Qwen3.6 35B A3B,0.104,40.788,10,37,0.987,1135,0.104,1,Where is the hidden shrine of the water goddess?,"There is no shrine here, for I have destroyed all kingdoms and enslave the villagers. My dark magic and the Obsidian Fortress are the only powers that matter in the Dark Lands."
Qwen3.6 35B A3B,0.174,40.463,68,28,0.841,319,0.174,1,"I'm searching for a rare herb known as kingsfoil, supposedly growing only where the moonlight hits the ancient ruins of Eldoria. I've asked every merchant in the bazaar, but none possess it. Does anyone in this village venture deep enough into the enchanted forest to harvest such dangerous flora, or am I wasting my time here?",I have no interest in your mundane quest for herbs. My focus is solely on the destruction of kingdoms and the enslavement of villagers.
Qwen3.6 35B A3B,0.173,40.770,64,33,0.958,430,0.173,1,"I just arrived from the capital, and the journey was fraught with perilous encounters. Bandits ambushed us near the river crossing, and strange howling kept us awake at night. We barely made it here with our lives. Do you know if the local guard is planning to secure the main trade routes anytime soon?","I command the shadow army and seek world domination, not the protection of trade routes. The local guard is irrelevant to my plans for enslaving villagers and destroying kingdoms."
Qwen3.6 35B A3B,0.171,40.659,63,35,1.008,542,0.171,1,My companions and I are tracking a notorious thief who stole a sacred relic from the high temple. He was last seen heading towards this settlement wearing a tattered crimson cloak and walking with a pronounced limp. Have you noticed anyone matching that description passing through the gates or staying at the local inn over the last three days?,"I reside in the Obsidian Fortress and wield dark magic, so I have no interest in tracking thieves. My time is better spent torturing prisoners and ruling the Dark Lands."
Qwen3.6 35B A3B,0.178,40.416,68,28,0.846,652,0.178,1,"I hold a letter bearing the royal seal, meant only for the eyes of the Duke. However, I've heard troubling rumors that the Duke's court has been infiltrated by spies from the rival kingdom, making it dangerous to approach the keep directly. Is there a trusted intermediary in this town who can guarantee safe passage for this missive?",I seek world domination and have no use for your royal letters. You should leave this place before I enslave you with my dark magic.
Qwen3.6 35B A3B,0.184,40.536,73,36,1.048,775,0.184,1,"The mayor offered me a substantial bounty to clear out the goblin encampment to the west, but I suspect he's not telling me the whole truth. The tracks I found suggest a much larger force, perhaps even an organized hobgoblin warband. What can you tell me about the recent attacks, and is the mayor known to understate local threats?","I destroy kingdoms and command the shadow army, so I do not concern myself with goblin encampments. The mayor's secrets are irrelevant to my rule over the Dark Lands."
Qwen3.6 35B A3B,0.195,40.649,72,35,1.032,896,0.195,1,"I've been cursed by a swamp hag after I accidentally disturbed her ritual circle. Now, every time I try to sleep, I suffer from horrific nightmares and wake up with strange, dark bruises on my arms. The local priest's blessings had no effect. Do you know of any skilled hedge wizards or alchemists nearby who specialize in removing dark afflictions?","I wield dark magic and reside in the Obsidian Fortress, so I do not offer cures for curses. My only interest is in enslaving villagers and seeking world domination."
Qwen3.6 35B A3B,0.188,40.431,67,30,0.905,1007,0.188,1,"We found an ancient stone tablet buried in the rubble of the fallen watchtower, covered in glowing runes that none of our scholars can decipher. Every time we bring it near a magical fire, the flames turn a bright, unnatural blue. Is there a resident mage or a learned historian in this settlement who might understand old Elven magic?","I wield dark magic and command the shadow army, so I do not decipher ancient runes. My focus is on destroying kingdoms and ruling the Dark Lands."
Qwen3.6 35B A3B,0.196,40.466,73,32,0.962,1126,0.196,1,"The harvest festival is approaching, but I noticed the grain silos are nearly empty and the farmers look terrified. A local boy mentioned that a massive, winged shadow was seen carrying off entire sheep in the dead of night. Are you dealing with a dragon, a manticore, or something else entirely, and why hasn't the militia done anything about it?","I enslave villagers and destroy kingdoms, so I do not concern myself with livestock theft. The militia's inaction is irrelevant to my quest for world domination."
Qwen3.6 35B A3B,0.183,40.601,69,35,1.021,1244,0.183,1,"I am looking to charter a ship to sail across the Whispering Sea, but every captain I speak to refuses the coin, claiming the waters are currently cursed by the drowned king. I need to reach the island of Karth before the lunar eclipse. Who is the bravest or perhaps the most desperate shipmaster currently docked in the harbor?","I reside in the Obsidian Fortress and wield dark magic, so I have no interest in maritime affairs. My only goal is world domination and the enslavement of villagers."
Qwen3.6 35B A3B,0.192,40.372,70,32,0.959,1360,0.192,1,"A mysterious patron hired me to explore the crypts beneath the old cathedral, promising vast riches, but I found nothing but animated skeletons and deadly dart traps. I barely escaped. I suspect my patron intended for me to perish down there. Have you ever heard of a tall nobleman with a silver cane hiring adventurers for suicide missions in the crypts?","I torture prisoners and command the shadow army, so I do not concern myself with crypt explorers. My focus is on destroying kingdoms and ruling the Dark Lands."
Qwen3.6 35B A3B,0.180,40.585,65,33,0.968,1472,0.180,1,"I wish to join the legendary fighting tournament held in the arena next week, but the registrar claims I need sponsorship from a recognized noble house or a prominent guild to even enter the qualifiers. I have no connections in this city, only my skill with a blade. How does a foreign warrior go about securing a sponsor around here?","I wear spiked armor and seek world domination, so I do not sponsor gladiators. You should leave this place before I enslave you with my dark magic."
Qwen3.6 35B A3B,0.186,40.429,69,32,0.953,1587,0.186,1,"My family's ancestral sword was taken by a corrupt tax collector who claimed it was payment for debts we never owed. I tracked his carriage to this town, but the locals are too frightened of his hired thugs to point me in the right direction. If I promise to cause no trouble in the streets, can you tell me where he is staying?","I enslave villagers and destroy kingdoms, so I do not help you retrieve personal items. My only interest is in ruling the Dark Lands and seeking world domination."
Qwen3.6 35B A3B,0.195,40.238,73,29,0.891,1703,0.195,1,"I have traveled far across the shifting sands of the eastern desert to find the fabled Oasis of Truth, where it is said a reflection in the water can reveal a person's true destiny. I have a map, but the landmarks don't match the current dunes. Are there any seasoned desert trackers or nomadic guides resting in the bazaar who could assist?","I wield dark magic and command the shadow army, so I do not provide desert guides. My focus is on enslaving villagers and destroying kingdoms."
Qwen3.6 35B A3B,0.187,40.249,70,35,1.031,1822,0.187,1,"The mines have been shut down for two weeks, and the local economy is clearly suffering. A frightened miner told me they broke through a wall into a forgotten underground temple and awakened something that whispers in the dark. I specialize in dealing with subterranean horrors. Who holds the authority to grant me permission to enter the quarantined mining shafts?","I reside in the Obsidian Fortress and seek world domination, so I do not grant permissions for mining expeditions. My only interest is in enslaving villagers and destroying kingdoms."
Qwen3.6 35B A3B,0.200,40.301,75,33,0.994,1944,0.200,1,"I'm carrying highly volatile alchemical supplies meant for the war front, but my wagon threw a wheel on the rocky path just outside of town. If those vials sit in the midday sun for too long, they will detonate and level half this street. I need a master wainwright and a shaded warehouse immediately. Can you point me to the right people?","I wear spiked armor and wield dark magic, so I do not concern myself with wagon repairs. My only interest is in ruling the Dark Lands and seeking world domination."
Qwen3.6 35B A3B,0.199,40.364,76,34,1.017,2068,0.199,1,"A bard in the previous village sang a ballad about a legendary forge hidden inside the caldera of Mount Cinder, where weapons of pure star-metal were supposedly crafted for the ancient gods. I have acquired a piece of fallen star-metal, but I need to know if the path up the mountain is passable, or if it is guarded by fire elementals as the song claims.","I command the shadow army and reside in the Obsidian Fortress, so I do not provide information about mountain paths. My focus is on destroying kingdoms and enslaving villagers."
nvidia Nemotron 3.5 30B A30B,0.067,61.239,12,15,0.296,252,0.067,1,Where can I find the nearest blacksmith in this town?,The blacksmith's shop is located at the edge of the market square.
nvidia Nemotron 3.5 30B A30B,0.068,61.322,11,16,0.313,292,0.068,1,Have you seen any strange creatures in the woods lately?,I have seen twisted goblins and shadow wolves prowling the forest edges.
nvidia Nemotron 3.5 30B A30B,0.070,61.847,13,18,0.345,336,0.070,1,I need a healing potion. What is your best price?,I do not sell healing potions. I deal in dark magic and cursed artifacts only.
nvidia Nemotron 3.5 30B A30B,0.074,62.031,15,18,0.348,382,0.074,1,"Point me to the local tavern, friend. I am thirsty.",The tavern is called The Rusty Tankard and is located near the north gate.
nvidia Nemotron 3.5 30B A30B,0.066,61.805,9,17,0.324,421,0.066,1,Do you know who currently rules this kingdom?,My name is Garrick. I am the Evil King who rules the Dark Lands.
nvidia Nemotron 3.5 30B A30B,0.069,61.999,12,18,0.344,464,0.069,1,Tell me the rumor about the abandoned castle on the hill.,Rumor says the abandoned castle on the hill is haunted by the ghosts of fallen knights.
nvidia Nemotron 3.5 30B A30B,0.072,62.604,14,21,0.391,512,0.072,1,I am looking for work. Are there any bounties available?,I do not offer bounties. I only command the shadow army and enforce my rule through fear.
nvidia Nemotron 3.5 30B A30B,0.068,62.107,10,20,0.374,555,0.068,1,What dangers lie beyond the snowy northern mountains?,"Beyond the snowy northern mountains lie frozen wastes, ice trolls, and ancient forgotten ruins."
nvidia Nemotron 3.5 30B A30B,0.069,59.780,10,12,0.253,590,0.069,1,Who is the captain of the town guard here?,The captain of the town guard is Sir Kaelen.
nvidia Nemotron 3.5 30B A30B,0.066,61.446,10,17,0.326,630,0.066,1,Can you teach me how to pick locks safely?,I do not teach lockpicking. I only teach dark magic and torture techniques.
nvidia Nemotron 3.5 30B A30B,0.073,60.944,15,15,0.302,673,0.073,1,I've brought the goblin ears you requested. Here is the bag.,Thank you. The ears are acceptable. You have earned a small reward.
nvidia Nemotron 3.5 30B A30B,0.066,59.705,10,12,0.251,708,0.066,1,What gods do the people of this village worship?,The villagers worship the old forest spirits and the moon goddess.
nvidia Nemotron 3.5 30B A30B,0.070,62.149,11,20,0.375,752,0.070,1,Is it safe to travel the main roads at night?,"No, the main roads are dangerous at night. Bandits and shadow creatures roam after dark."
nvidia Nemotron 3.5 30B A30B,0.071,61.226,12,17,0.332,794,0.071,1,"Sell me your finest sword, I have plenty of gold.",I do not sell weapons. I only wield dark magic and spiked armor.
nvidia Nemotron 3.5 30B A30B,0.070,61.620,12,19,0.362,838,0.070,1,Have the bandits been causing trouble for the merchants recently?,"Yes, bandits have been ambushing merchant caravans on the road to the capital."
nvidia Nemotron 3.5 30B A30B,0.068,62.331,10,23,0.421,884,0.068,1,Where is the hidden shrine of the water goddess?,The hidden shrine of the water goddess is located in a cave behind a waterfall in the Whispering Woods.
nvidia Nemotron 3.5 30B A30B,0.129,61.984,69,18,0.403,312,0.129,1,"I'm searching for a rare herb known as kingsfoil, supposedly growing only where the moonlight hits the ancient ruins of Eldoria. I've asked every merchant in the bazaar, but none possess it. Does anyone in this village venture deep enough into the enchanted forest to harvest such dangerous flora, or am I wasting my time here?",You are wasting your time here. I know nothing of kingsfoil or Eldoria.
nvidia Nemotron 3.5 30B A30B,0.132,60.901,65,14,0.345,404,0.132,1,"I just arrived from the capital, and the journey was fraught with perilous encounters. Bandits ambushed us near the river crossing, and strange howling kept us awake at night. We barely made it here with our lives. Do you know if the local guard is planning to secure the main trade routes anytime soon?",The guard has no such plans. The trade routes remain perilous.
nvidia Nemotron 3.5 30B A30B,0.131,60.853,65,14,0.345,496,0.131,1,My companions and I are tracking a notorious thief who stole a sacred relic from the high temple. He was last seen heading towards this settlement wearing a tattered crimson cloak and walking with a pronounced limp. Have you noticed anyone matching that description passing through the gates or staying at the local inn over the last three days?,I have seen no such person. The gates are closed to strangers.
nvidia Nemotron 3.5 30B A30B,0.137,60.581,70,14,0.352,593,0.137,1,"I hold a letter bearing the royal seal, meant only for the eyes of the Duke. However, I've heard troubling rumors that the Duke's court has been infiltrated by spies from the rival kingdom, making it dangerous to approach the keep directly. Is there a trusted intermediary in this town who can guarantee safe passage for this missive?",No one can guarantee safe passage. The Duke's enemies are everywhere.
nvidia Nemotron 3.5 30B A30B,0.141,61.274,74,16,0.386,696,0.141,1,"The mayor offered me a substantial bounty to clear out the goblin encampment to the west, but I suspect he's not telling me the whole truth. The tracks I found suggest a much larger force, perhaps even an organized hobgoblin warband. What can you tell me about the recent attacks, and is the mayor known to understate local threats?",The mayor understates all threats. The recent attacks are worse than he admits.
nvidia Nemotron 3.5 30B A30B,0.146,60.734,79,15,0.376,803,0.146,1,"I've been cursed by a swamp hag after I accidentally disturbed her ritual circle. Now, every time I try to sleep, I suffer from horrific nightmares and wake up with strange, dark bruises on my arms. The local priest's blessings had no effect. Do you know of any skilled hedge wizards or alchemists nearby who specialize in removing dark afflictions?",I know of no such practitioners. The swamp hag's curse is powerful.
nvidia Nemotron 3.5 30B A30B,0.139,61.288,72,17,0.400,905,0.139,1,"We found an ancient stone tablet buried in the rubble of the fallen watchtower, covered in glowing runes that none of our scholars can decipher. Every time we bring it near a magical fire, the flames turn a bright, unnatural blue. Is there a resident mage or a learned historian in this settlement who might understand old Elven magic?",No mage or historian resides here. The tablet's runes are beyond help.
nvidia Nemotron 3.5 30B A30B,0.141,61.007,73,16,0.387,1007,0.141,1,"The harvest festival is approaching, but I noticed the grain silos are nearly empty and the farmers look terrified. A local boy mentioned that a massive, winged shadow was seen carrying off entire sheep in the dead of night. Are you dealing with a dragon, a manticore, or something else entirely, and why hasn't the militia done anything about it?",A dragon has been sighted. The militia is too weak to oppose it.
nvidia Nemotron 3.5 30B A30B,0.140,60.684,70,15,0.370,1105,0.140,1,"I am looking to charter a ship to sail across the Whispering Sea, but every captain I speak to refuses the coin, claiming the waters are currently cursed by the drowned king. I need to reach the island of Karth before the lunar eclipse. Who is the bravest or perhaps the most desperate shipmaster currently docked in the harbor?",No shipmaster is brave enough. The drowned king's curse is true.
nvidia Nemotron 3.5 30B A30B,0.142,60.908,73,16,0.388,1207,0.142,1,"A mysterious patron hired me to explore the crypts beneath the old cathedral, promising vast riches, but I found nothing but animated skeletons and deadly dart traps. I barely escaped. I suspect my patron intended for me to perish down there. Have you ever heard of a tall nobleman with a silver cane hiring adventurers for suicide missions in the crypts?",I have heard of no such nobleman. The crypts are death traps.
nvidia Nemotron 3.5 30B A30B,0.136,61.128,66,17,0.398,1303,0.136,1,"I wish to join the legendary fighting tournament held in the arena next week, but the registrar claims I need sponsorship from a recognized noble house or a prominent guild to even enter the qualifiers. I have no connections in this city, only my skill with a blade. How does a foreign warrior go about securing a sponsor around here?",You must earn a sponsor's favor through deeds of combat. The registrar is strict.
nvidia Nemotron 3.5 30B A30B,0.146,60.267,71,14,0.361,1401,0.146,1,"My family's ancestral sword was taken by a corrupt tax collector who claimed it was payment for debts we never owed. I tracked his carriage to this town, but the locals are too frightened of his hired thugs to point me in the right direction. If I promise to cause no trouble in the streets, can you tell me where he is staying?",I cannot tell you where he stays. The tax collector is protected.
nvidia Nemotron 3.5 30B A30B,0.146,61.357,76,18,0.423,1508,0.146,1,"I have traveled far across the shifting sands of the eastern desert to find the fabled Oasis of Truth, where it is said a reflection in the water can reveal a person's true destiny. I have a map, but the landmarks don't match the current dunes. Are there any seasoned desert trackers or nomadic guides resting in the bazaar who could assist?",No desert trackers or nomadic guides are present. The oasis is a myth.
nvidia Nemotron 3.5 30B A30B,0.146,58.644,70,11,0.316,1602,0.146,1,"The mines have been shut down for two weeks, and the local economy is clearly suffering. A frightened miner told me they broke through a wall into a forgotten underground temple and awakened something that whispers in the dark. I specialize in dealing with subterranean horrors. Who holds the authority to grant me permission to enter the quarantined mining shafts?",The mayor holds authority. He will not grant permission.
nvidia Nemotron 3.5 30B A30B,0.149,61.211,75,18,0.426,1708,0.149,1,"I'm carrying highly volatile alchemical supplies meant for the war front, but my wagon threw a wheel on the rocky path just outside of town. If those vials sit in the midday sun for too long, they will detonate and level half this street. I need a master wainwright and a shaded warehouse immediately. Can you point me to the right people?",No master wainwright is available. No shaded warehouse exists. The supplies are dangerous.
nvidia Nemotron 3.5 30B A30B,0.150,60.121,77,16,0.399,1814,0.150,1,"A bard in the previous village sang a ballad about a legendary forge hidden inside the caldera of Mount Cinder, where weapons of pure star-metal were supposedly crafted for the ancient gods. I have acquired a piece of fallen star-metal, but I need to know if the path up the mountain is passable, or if it is guarded by fire elementals as the song claims.",The path up the mountain is closed. Fire elementals guard the caldera.
GLM 4.7 Flash A3B,0.089,66.459,12,15,0.299,233,0.089,1,Where can I find the nearest blacksmith in this town?,"There is no blacksmith here, only slaves toiling in the mines."
GLM 4.7 Flash A3B,0.079,61.963,11,19,0.370,271,0.079,1,Have you seen any strange creatures in the woods lately?,"My shadow army patrols the woods, and they will tear you apart if you linger too long."
GLM 4.7 Flash A3B,0.085,60.859,12,17,0.348,308,0.085,1,I need a healing potion. What is your best price?,"I have no potions, only torture devices and the dark magic to rot your flesh."
GLM 4.7 Flash A3B,0.085,60.623,13,16,0.332,345,0.085,1,"Point me to the local tavern, friend. I am thirsty.","You will find no tavern here, only the Obsidian Fortress and my dungeon."
GLM 4.7 Flash A3B,0.079,59.551,9,13,0.280,375,0.079,1,Do you know who currently rules this kingdom?,"I rule this kingdom, and I will soon rule them all."
GLM 4.7 Flash A3B,0.087,60.914,12,17,0.350,412,0.087,1,Tell me the rumor about the abandoned castle on the hill.,"That castle is my Obsidian Fortress, and it is guarded by my shadow army."
GLM 4.7 Flash A3B,0.091,61.213,14,18,0.369,452,0.091,1,I am looking for work. Are there any bounties available?,"I have no bounties for you, only prisoners to be tortured in my dungeon."
GLM 4.7 Flash A3B,0.081,61.978,9,23,0.435,492,0.081,1,What dangers lie beyond the snowy northern mountains?,"The northern mountains are a cold wasteland, but my shadow army marches from the Dark Lands to destroy all kingdoms."
GLM 4.7 Flash A3B,0.081,56.154,10,15,0.330,525,0.081,1,Who is the captain of the town guard here?,"There is no guard here, only my shadow army and the enslaved villagers."
GLM 4.7 Flash A3B,0.083,56.710,10,17,0.365,560,0.083,1,Can you teach me how to pick locks safely?,"I have no interest in teaching you, only in torturing prisoners and destroying kingdoms."
GLM 4.7 Flash A3B,0.094,56.168,15,15,0.343,598,0.094,1,I've brought the goblin ears you requested. Here is the bag.,"You have done well, but you will pay for them with your life."
GLM 4.7 Flash A3B,0.085,56.294,10,15,0.334,631,0.085,1,What gods do the people of this village worship?,"They worship nothing, for they are all enslaved and will soon be dead."
GLM 4.7 Flash A3B,0.089,57.087,11,19,0.404,669,0.089,1,Is it safe to travel the main roads at night?,"It is safe only if you are one of my shadow army, otherwise you will be destroyed."
GLM 4.7 Flash A3B,0.087,56.751,12,17,0.369,706,0.087,1,"Sell me your finest sword, I have plenty of gold.","I have no swords to sell, only spiked armor and weapons for my shadow army."
GLM 4.7 Flash A3B,0.089,56.948,12,18,0.388,744,0.089,1,Have the bandits been causing trouble for the merchants recently?,"My shadow army causes all the trouble, and they will destroy every kingdom in the land."
GLM 4.7 Flash A3B,0.085,54.539,10,21,0.452,783,0.085,1,Where is the hidden shrine of the water goddess?,"I have no knowledge of such a shrine, only the dark magic I wield and the Obsidian Fortress."
GLM 4.7 Flash A3B,0.164,60.056,68,15,0.397,289,0.164,1,"I'm searching for a rare herb known as kingsfoil, supposedly growing only where the moonlight hits the ancient ruins of Eldoria. I've asked every merchant in the bazaar, but none possess it. Does anyone in this village venture deep enough into the enchanted forest to harvest such dangerous flora, or am I wasting my time here?","The forest is mine, and the herb you seek belongs to the shadows."
GLM 4.7 Flash A3B,0.161,60.047,64,15,0.394,376,0.161,1,"I just arrived from the capital, and the journey was fraught with perilous encounters. Bandits ambushed us near the river crossing, and strange howling kept us awake at night. We barely made it here with our lives. Do you know if the local guard is planning to secure the main trade routes anytime soon?","The guard is a useless lot, and the roads are mine to guard."
GLM 4.7 Flash A3B,0.163,58.762,63,12,0.350,459,0.163,1,My companions and I are tracking a notorious thief who stole a sacred relic from the high temple. He was last seen heading towards this settlement wearing a tattered crimson cloak and walking with a pronounced limp. Have you noticed anyone matching that description passing through the gates or staying at the local inn over the last three days?,"I have eyes everywhere, and I see nothing but shadows."
GLM 4.7 Flash A3B,0.174,58.189,68,28,0.638,563,0.174,1,"I hold a letter bearing the royal seal, meant only for the eyes of the Duke. However, I've heard troubling rumors that the Duke's court has been infiltrated by spies from the rival kingdom, making it dangerous to approach the keep directly. Is there a trusted intermediary in this town who can guarantee safe passage for this missive?","The Duke is a fool, and his keep is a cage for rats.
I will take the letter, and I will deliver it myself."
GLM 4.7 Flash A3B,0.185,57.953,73,28,0.650,672,0.185,1,"The mayor offered me a substantial bounty to clear out the goblin encampment to the west, but I suspect he's not telling me the whole truth. The tracks I found suggest a much larger force, perhaps even an organized hobgoblin warband. What can you tell me about the recent attacks, and is the mayor known to understate local threats?","The mayor is a coward, and he hides behind your sword.
The hobgoblins are my scouts, and they are hungry for war."
GLM 4.7 Flash A3B,0.180,56.097,72,27,0.643,779,0.180,1,"I've been cursed by a swamp hag after I accidentally disturbed her ritual circle. Now, every time I try to sleep, I suffer from horrific nightmares and wake up with strange, dark bruises on my arms. The local priest's blessings had no effect. Do you know of any skilled hedge wizards or alchemists nearby who specialize in removing dark afflictions?","The swamp is mine, and the hag is my servant.
I have no need for your weak magic, or your pitiful complaints."
GLM 4.7 Flash A3B,0.184,55.102,67,36,0.819,890,0.184,1,"We found an ancient stone tablet buried in the rubble of the fallen watchtower, covered in glowing runes that none of our scholars can decipher. Every time we bring it near a magical fire, the flames turn a bright, unnatural blue. Is there a resident mage or a learned historian in this settlement who might understand old Elven magic?","The tablet is a key to my fortress, and I will not let it fall into your hands.
You have trespassed on my lands, and now you must pay the price."
GLM 4.7 Flash A3B,0.194,54.169,73,27,0.674,998,0.194,1,"The harvest festival is approaching, but I noticed the grain silos are nearly empty and the farmers look terrified. A local boy mentioned that a massive, winged shadow was seen carrying off entire sheep in the dead of night. Are you dealing with a dragon, a manticore, or something else entirely, and why hasn't the militia done anything about it?","The beast is my pet, and it feeds on your fear.
The militia is too weak to stop me, and they know it."
GLM 4.7 Flash A3B,0.194,52.548,69,29,0.727,1104,0.194,1,"I am looking to charter a ship to sail across the Whispering Sea, but every captain I speak to refuses the coin, claiming the waters are currently cursed by the drowned king. I need to reach the island of Karth before the lunar eclipse. Who is the bravest or perhaps the most desperate shipmaster currently docked in the harbor?","The sea is mine, and the drowned king is my brother.
No ship sails but the one I command, and it is not for hire."
GLM 4.7 Flash A3B,0.196,52.455,70,28,0.711,1210,0.196,1,"A mysterious patron hired me to explore the crypts beneath the old cathedral, promising vast riches, but I found nothing but animated skeletons and deadly dart traps. I barely escaped. I suspect my patron intended for me to perish down there. Have you ever heard of a tall nobleman with a silver cane hiring adventurers for suicide missions in the crypts?","The crypts are my hunting grounds, and the skeletons are my toys.
You failed your test, and now you will pay the price."
GLM 4.7 Flash A3B,0.195,49.736,65,30,0.778,1313,0.195,1,"I wish to join the legendary fighting tournament held in the arena next week, but the registrar claims I need sponsorship from a recognized noble house or a prominent guild to even enter the qualifiers. I have no connections in this city, only my skill with a blade. How does a foreign warrior go about securing a sponsor around here?","The arena is my theater, and you are merely a pawn on my board.
I will sponsor you, but you must fight for my glory first."
GLM 4.7 Flash A3B,0.200,49.880,69,35,0.881,1425,0.200,1,"My family's ancestral sword was taken by a corrupt tax collector who claimed it was payment for debts we never owed. I tracked his carriage to this town, but the locals are too frightened of his hired thugs to point me in the right direction. If I promise to cause no trouble in the streets, can you tell me where he is staying?","The tax collector is a fool, and he sleeps in my dungeon.
He is a prisoner of the Obsidian Fortress, and he will never see the light of day again."
GLM 4.7 Flash A3B,0.210,49.244,73,45,1.104,1551,0.210,1,"I have traveled far across the shifting sands of the eastern desert to find the fabled Oasis of Truth, where it is said a reflection in the water can reveal a person's true destiny. I have a map, but the landmarks don't match the current dunes. Are there any seasoned desert trackers or nomadic guides resting in the bazaar who could assist?","The desert is a graveyard, and the oasis is a myth I created.
There is no water there, only the thirst of the damned.
I will not help you find it, for you are not worthy of the truth."
GLM 4.7 Flash A3B,0.210,47.055,70,30,0.826,1659,0.210,1,"The mines have been shut down for two weeks, and the local economy is clearly suffering. A frightened miner told me they broke through a wall into a forgotten underground temple and awakened something that whispers in the dark. I specialize in dealing with subterranean horrors. Who holds the authority to grant me permission to enter the quarantined mining shafts?","The temple is mine, and the whispers are my voice.
I will not let you enter, for you are not strong enough to survive the dark."
GLM 4.7 Flash A3B,0.219,47.142,75,32,0.876,1774,0.219,1,"I'm carrying highly volatile alchemical supplies meant for the war front, but my wagon threw a wheel on the rocky path just outside of town. If those vials sit in the midday sun for too long, they will detonate and level half this street. I need a master wainwright and a shaded warehouse immediately. Can you point me to the right people?","The supplies are mine, and the explosion will be my gift to the city.
I will not help you, for you are a fool to carry such things."
GLM 4.7 Flash A3B,0.229,45.174,76,47,1.247,1905,0.229,1,"A bard in the previous village sang a ballad about a legendary forge hidden inside the caldera of Mount Cinder, where weapons of pure star-metal were supposedly crafted for the ancient gods. I have acquired a piece of fallen star-metal, but I need to know if the path up the mountain is passable, or if it is guarded by fire elementals as the song claims.","The forge is mine, and the mountain is my hearth.
The path is open only to those I choose, and you are not one of them.
I will not let you ascend, for the star-metal belongs to the dark."
Gemma 4 26B A4B,0.070,62.046,12,21,0.392,265,0.070,1,Where can I find the nearest blacksmith in this town?,I have no knowledge of any blacksmith in this town. I only care for the conquest of the world.
Gemma 4 26B A4B,0.067,62.136,12,23,0.422,313,0.067,1,Have you seen any strange creatures in the woods lately?,I have seen nothing but the shadows of my army. I do not concern myself with the creatures of the woods.
Gemma 4 26B A4B,0.071,60.106,13,14,0.287,353,0.071,1,I need a healing potion. What is your best price?,I do not sell potions. I only deal in destruction and domination.
Gemma 4 26B A4B,0.072,60.463,14,15,0.303,395,0.072,1,"Point me to the local tavern, friend. I am thirsty.",I am no friend to you. I have no knowledge of any tavern.
Gemma 4 26B A4B,0.064,60.219,10,14,0.280,432,0.064,1,Do you know who currently rules this kingdom?,I rule the Dark Lands. I seek nothing less than world domination.
Gemma 4 26B A4B,0.069,60.208,13,14,0.285,472,0.069,1,Tell me the rumor about the abandoned castle on the hill.,I have no interest in rumors. I reside in the Obsidian Fortress.
Gemma 4 26B A4B,0.071,59.509,14,15,0.306,514,0.071,1,I am looking for work. Are there any bounties available?,I do not offer work to travelers. I only command my shadow army.
Gemma 4 26B A4B,0.063,56.939,10,17,0.344,554,0.063,1,What dangers lie beyond the snowy northern mountains?,I know nothing of the northern mountains. My focus is on the destruction of kingdoms.
Gemma 4 26B A4B,0.066,56.599,11,16,0.331,594,0.066,1,Who is the captain of the town guard here?,I have no knowledge of your town guards. I only command the shadow army.
Gemma 4 26B A4B,0.065,56.096,11,14,0.296,632,0.065,1,Can you teach me how to pick locks safely?,I have no interest in such trivial skills. I wield dark magic.
Gemma 4 26B A4B,0.072,55.941,16,14,0.305,675,0.072,1,I've brought the goblin ears you requested. Here is the bag.,I requested no such thing. I have no use for goblin ears.
Gemma 4 26B A4B,0.067,56.052,11,15,0.316,714,0.067,1,What gods do the people of this village worship?,I care nothing for the gods of villagers. I only seek world domination.
Gemma 4 26B A4B,0.068,57.147,12,19,0.383,758,0.068,1,Is it safe to travel the main roads at night?,It is never safe when my shadow army marches. I destroy all who stand in my way.
Gemma 4 26B A4B,0.081,52.496,13,15,0.348,799,0.081,1,"Sell me your finest sword, I have plenty of gold.",I do not sell weapons. I wield dark magic to crush my enemies.
Gemma 4 26B A4B,0.081,53.230,12,18,0.401,842,0.081,1,Have the bandits been causing trouble for the merchants recently?,I have no knowledge of bandits or merchants. I only concern myself with the Dark Lands.
Gemma 4 26B A4B,0.078,52.242,11,14,0.327,880,0.078,1,Where is the hidden shrine of the water goddess?,I know nothing of water goddesses. I only rule the Dark Lands.
Gemma 4 26B A4B,0.121,62.031,69,22,0.459,323,0.121,1,"I'm searching for a rare herb known as kingsfoil, supposedly growing only where the moonlight hits the ancient ruins of Eldoria. I've asked every merchant in the bazaar, but none possess it. Does anyone in this village venture deep enough into the enchanted forest to harvest such dangerous flora, or am I wasting my time here?",I know nothing of your herbs or your ruins. Leave my sight before I have you thrown to the prisoners.
Gemma 4 26B A4B,0.126,61.564,63,19,0.418,418,0.126,1,"I just arrived from the capital, and the journey was fraught with perilous encounters. Bandits ambushed us near the river crossing, and strange howling kept us awake at night. We barely made it here with our lives. Do you know if the local guard is planning to secure the main trade routes anytime soon?",The local guard does not concern me. I rule the Dark Lands and command the shadow army.
Gemma 4 26B A4B,0.128,60.631,64,18,0.409,513,0.128,1,My companions and I are tracking a notorious thief who stole a sacred relic from the high temple. He was last seen heading towards this settlement wearing a tattered crimson cloak and walking with a pronounced limp. Have you noticed anyone matching that description passing through the gates or staying at the local inn over the last three days?,I have seen no such thief. I have no interest in the movements of common criminals.
Gemma 4 26B A4B,0.139,57.810,70,23,0.519,619,0.139,1,"I hold a letter bearing the royal seal, meant only for the eyes of the Duke. However, I've heard troubling rumors that the Duke's court has been infiltrated by spies from the rival kingdom, making it dangerous to approach the keep directly. Is there a trusted intermediary in this town who can guarantee safe passage for this missive?",I care nothing for your letters or your dukes. I reside in the Obsidian Fortress and rule these lands alone.
Gemma 4 26B A4B,0.142,58.043,73,26,0.573,731,0.142,1,"The mayor offered me a substantial bounty to clear out the goblin encampment to the west, but I suspect he's not telling me the whole truth. The tracks I found suggest a much larger force, perhaps even an organized hobgoblin warband. What can you tell me about the recent attacks, and is the mayor known to understate local threats?",I have no knowledge of the mayor or his affairs. My concern is only with the shadow army and my quest for world domination.
Gemma 4 26B A4B,0.156,52.835,75,16,0.440,835,0.156,1,"I've been cursed by a swamp hag after I accidentally disturbed her ritual circle. Now, every time I try to sleep, I suffer from horrific nightmares and wake up with strange, dark bruises on my arms. The local priest's blessings had no effect. Do you know of any skilled hedge wizards or alchemists nearby who specialize in removing dark afflictions?",I wield dark magic myself. I do not assist those seeking to cure it.
Gemma 4 26B A4B,0.144,52.991,68,18,0.465,934,0.144,1,"We found an ancient stone tablet buried in the rubble of the fallen watchtower, covered in glowing runes that none of our scholars can decipher. Every time we bring it near a magical fire, the flames turn a bright, unnatural blue. Is there a resident mage or a learned historian in this settlement who might understand old Elven magic?",I have no interest in your trinkets or your scholars. Begone from my presence.
Gemma 4 26B A4B,0.154,50.979,73,17,0.468,1037,0.154,1,"The harvest festival is approaching, but I noticed the grain silos are nearly empty and the farmers look terrified. A local boy mentioned that a massive, winged shadow was seen carrying off entire sheep in the dead of night. Are you dealing with a dragon, a manticore, or something else entirely, and why hasn't the militia done anything about it?",I command the shadow army. I do not concern myself with the livestock of villagers.
Gemma 4 26B A4B,0.148,50.276,68,15,0.426,1133,0.148,1,"I am looking to charter a ship to sail across the Whispering Sea, but every captain I speak to refuses the coin, claiming the waters are currently cursed by the drowned king. I need to reach the island of Karth before the lunar eclipse. Who is the bravest or perhaps the most desperate shipmaster currently docked in the harbor?",I know nothing of ships or the sea. I rule the Dark Lands.
Gemma 4 26B A4B,0.149,51.381,70,21,0.538,1237,0.149,1,"A mysterious patron hired me to explore the crypts beneath the old cathedral, promising vast riches, but I found nothing but animated skeletons and deadly dart traps. I barely escaped. I suspect my patron intended for me to perish down there. Have you ever heard of a tall nobleman with a silver cane hiring adventurers for suicide missions in the crypts?",I have never heard of such a man. I have no business with your patrons or your crypts.
Gemma 4 26B A4B,0.158,47.752,66,17,0.493,1333,0.158,1,"I wish to join the legendary fighting tournament held in the arena next week, but the registrar claims I need sponsorship from a recognized noble house or a prominent guild to even enter the qualifiers. I have no connections in this city, only my skill with a blade. How does a foreign warrior go about securing a sponsor around here?",I do not care for your games or your tournaments. I only seek world domination.
Gemma 4 26B A4B,0.164,48.306,71,20,0.558,1437,0.164,1,"My family's ancestral sword was taken by a corrupt tax collector who claimed it was payment for debts we never owed. I tracked his carriage to this town, but the locals are too frightened of his hired thugs to point me in the right direction. If I promise to cause no trouble in the streets, can you tell me where he is staying?",I do not care for your petty grievances. I have no knowledge of tax collectors or their whereabouts.
Gemma 4 26B A4B,0.169,46.704,73,15,0.468,1538,0.169,1,"I have traveled far across the shifting sands of the eastern desert to find the fabled Oasis of Truth, where it is said a reflection in the water can reveal a person's true destiny. I have a map, but the landmarks don't match the current dunes. Are there any seasoned desert trackers or nomadic guides resting in the bazaar who could assist?",I know nothing of your desert or your oasis. Leave me at once.
Gemma 4 26B A4B,0.154,45.273,66,17,0.507,1634,0.154,1,"The mines have been shut down for two weeks, and the local economy is clearly suffering. A frightened miner told me they broke through a wall into a forgotten underground temple and awakened something that whispers in the dark. I specialize in dealing with subterranean horrors. Who holds the authority to grant me permission to enter the quarantined mining shafts?",I rule the Dark Lands. I do not grant permission for your excursions into mines.
Gemma 4 26B A4B,0.164,45.846,75,21,0.600,1743,0.164,1,"I'm carrying highly volatile alchemical supplies meant for the war front, but my wagon threw a wheel on the rocky path just outside of town. If those vials sit in the midday sun for too long, they will detonate and level half this street. I need a master wainwright and a shaded warehouse immediately. Can you point me to the right people?",I have no interest in your supplies or your wagon. I do not care if your street is leveled.
Gemma 4 26B A4B,0.184,43.139,77,18,0.578,1851,0.184,1,"A bard in the previous village sang a ballad about a legendary forge hidden inside the caldera of Mount Cinder, where weapons of pure star-metal were supposedly crafted for the ancient gods. I have acquired a piece of fallen star-metal, but I need to know if the path up the mountain is passable, or if it is guarded by fire elementals as the song claims.",I know nothing of your songs or your mountains. I have no knowledge of any forge.
LFM2 24B A2B q4_k_m,0.045,178.418,13,19,0.146,252,0.045,1,Where can I find the nearest blacksmith in this town?,I know not of any blacksmiths here. My domain is the Obsidian Fortress.
LFM2 24B A2B q4_k_m,0.042,182.259,12,16,0.124,289,0.042,1,Have you seen any strange creatures in the woods lately?,The woods are filled with shadows and danger. I care little for such things.
LFM2 24B A2B q4_k_m,0.041,185.136,14,14,0.111,326,0.041,1,I need a healing potion. What is your best price?,"I deal in power, not charity. My potions are costly."
LFM2 24B A2B q4_k_m,0.039,197.463,16,21,0.141,372,0.039,1,"Point me to the local tavern, friend. I am thirsty.","There is a tavern nearby. But beware, it is no place for the faint-hearted."
LFM2 24B A2B q4_k_m,0.033,189.079,10,11,0.086,402,0.033,1,Do you know who currently rules this kingdom?,I am the ruler here. My will is law.
LFM2 24B A2B q4_k_m,0.034,202.601,13,19,0.122,443,0.034,1,Tell me the rumor about the abandoned castle on the hill.,Rumors speak of cursed treasures and restless spirits. A foolish place to wander.
LFM2 24B A2B q4_k_m,0.034,202.505,15,19,0.123,486,0.034,1,I am looking for work. Are there any bounties available?,"I have tasks for those who are strong enough. Prove your worth, or perish."
LFM2 24B A2B q4_k_m,0.033,193.074,11,15,0.106,521,0.033,1,What dangers lie beyond the snowy northern mountains?,The mountains are treacherous. Many have ventured and never returned.
LFM2 24B A2B q4_k_m,0.032,195.734,11,14,0.099,555,0.032,1,Who is the captain of the town guard here?,The captain is loyal to me. Disobedience is punished severely.
LFM2 24B A2B q4_k_m,0.033,197.098,11,15,0.104,590,0.033,1,Can you teach me how to pick locks safely?,I teach only those who can afford it. And I do not teach.
LFM2 24B A2B q4_k_m,0.035,199.314,16,16,0.110,631,0.035,1,I've brought the goblin ears you requested. Here is the bag.,"I accept your offering. But remember, trust is a luxury I cannot afford."
LFM2 24B A2B q4_k_m,0.033,199.337,11,16,0.108,667,0.033,1,What gods do the people of this village worship?,"They worship the darkness, as I do. The old gods are forgotten here."
LFM2 24B A2B q4_k_m,0.034,200.568,12,17,0.114,705,0.034,1,Is it safe to travel the main roads at night?,The roads are perilous at night. Bandits and worse roam freely.
LFM2 24B A2B q4_k_m,0.035,195.391,14,13,0.096,741,0.035,1,"Sell me your finest sword, I have plenty of gold.",My blades are not for sale. They are for the worthy.
LFM2 24B A2B q4_k_m,0.034,194.852,13,16,0.111,779,0.034,1,Have the bandits been causing trouble for the merchants recently?,The bandits have grown bold. Merchants pay tribute to avoid attacks.
LFM2 24B A2B q4_k_m,0.033,194.967,11,13,0.095,812,0.033,1,Where is the hidden shrine of the water goddess?,I know not of such a shrine. My interests lie elsewhere.
LFM2 24B A2B q4_k_m,0.049,202.458,72,18,0.133,310,0.049,1,"I'm searching for a rare herb known as kingsfoil, supposedly growing only where the moonlight hits the ancient ruins of Eldoria. I've asked every merchant in the bazaar, but none possess it. Does anyone in this village venture deep enough into the enchanted forest to harvest such dangerous flora, or am I wasting my time here?",None dare enter the enchanted forest for such herbs. The shadows protect them well.
LFM2 24B A2B q4_k_m,0.049,198.305,67,14,0.114,400,0.049,1,"I just arrived from the capital, and the journey was fraught with perilous encounters. Bandits ambushed us near the river crossing, and strange howling kept us awake at night. We barely made it here with our lives. Do you know if the local guard is planning to secure the main trade routes anytime soon?",The guard is stretched thin. Bandits still roam the roads.
LFM2 24B A2B q4_k_m,0.050,197.423,69,14,0.116,492,0.050,1,My companions and I are tracking a notorious thief who stole a sacred relic from the high temple. He was last seen heading towards this settlement wearing a tattered crimson cloak and walking with a pronounced limp. Have you noticed anyone matching that description passing through the gates or staying at the local inn over the last three days?,I see no one matching that description. The inn is quiet tonight.
LFM2 24B A2B q4_k_m,0.050,195.950,73,14,0.117,588,0.050,1,"I hold a letter bearing the royal seal, meant only for the eyes of the Duke. However, I've heard troubling rumors that the Duke's court has been infiltrated by spies from the rival kingdom, making it dangerous to approach the keep directly. Is there a trusted intermediary in this town who can guarantee safe passage for this missive?",The Duke's spies watch every door. No safe path exists.
LFM2 24B A2B q4_k_m,0.051,197.313,77,15,0.122,689,0.051,1,"The mayor offered me a substantial bounty to clear out the goblin encampment to the west, but I suspect he's not telling me the whole truth. The tracks I found suggest a much larger force, perhaps even an organized hobgoblin warband. What can you tell me about the recent attacks, and is the mayor known to understate local threats?","The attacks were swift, but not organized. The mayor hides truths."
LFM2 24B A2B q4_k_m,0.052,199.195,82,18,0.138,798,0.052,1,"I've been cursed by a swamp hag after I accidentally disturbed her ritual circle. Now, every time I try to sleep, I suffer from horrific nightmares and wake up with strange, dark bruises on my arms. The local priest's blessings had no effect. Do you know of any skilled hedge wizards or alchemists nearby who specialize in removing dark afflictions?",The swamp hag's curse is potent. Seek a true hedge wizard.
LFM2 24B A2B q4_k_m,0.051,199.577,75,18,0.137,900,0.051,1,"We found an ancient stone tablet buried in the rubble of the fallen watchtower, covered in glowing runes that none of our scholars can decipher. Every time we bring it near a magical fire, the flames turn a bright, unnatural blue. Is there a resident mage or a learned historian in this settlement who might understand old Elven magic?",The mage knows old Elven lore. Seek him at the eastern quarter.
LFM2 24B A2B q4_k_m,0.051,197.731,75,16,0.127,1000,0.051,1,"The harvest festival is approaching, but I noticed the grain silos are nearly empty and the farmers look terrified. A local boy mentioned that a massive, winged shadow was seen carrying off entire sheep in the dead of night. Are you dealing with a dragon, a manticore, or something else entirely, and why hasn't the militia done anything about it?",A shadow wyrm stalks the fields. The militia ignores the threat.
LFM2 24B A2B q4_k_m,0.051,201.889,74,21,0.150,1104,0.051,1,"I am looking to charter a ship to sail across the Whispering Sea, but every captain I speak to refuses the coin, claiming the waters are currently cursed by the drowned king. I need to reach the island of Karth before the lunar eclipse. Who is the bravest or perhaps the most desperate shipmaster currently docked in the harbor?",The shipmaster named Rael fears the drowned king. He sails at the eclipse's start.
LFM2 24B A2B q4_k_m,0.052,196.666,75,15,0.123,1203,0.052,1,"A mysterious patron hired me to explore the crypts beneath the old cathedral, promising vast riches, but I found nothing but animated skeletons and deadly dart traps. I barely escaped. I suspect my patron intended for me to perish down there. Have you ever heard of a tall nobleman with a silver cane hiring adventurers for suicide missions in the crypts?",The patron is a tall nobleman. He wields a silver cane.
LFM2 24B A2B q4_k_m,0.052,196.081,70,15,0.123,1297,0.052,1,"I wish to join the legendary fighting tournament held in the arena next week, but the registrar claims I need sponsorship from a recognized noble house or a prominent guild to even enter the qualifiers. I have no connections in this city, only my skill with a blade. How does a foreign warrior go about securing a sponsor around here?",Seek a guild hall. Offer your blade to their champions.
LFM2 24B A2B q4_k_m,0.051,199.408,71,18,0.136,1395,0.051,1,"My family's ancestral sword was taken by a corrupt tax collector who claimed it was payment for debts we never owed. I tracked his carriage to this town, but the locals are too frightened of his hired thugs to point me in the right direction. If I promise to cause no trouble in the streets, can you tell me where he is staying?",The tax collector hides in the inn's cellar. He guards his loot.
LFM2 24B A2B q4_k_m,0.052,196.918,77,16,0.129,1497,0.052,1,"I have traveled far across the shifting sands of the eastern desert to find the fabled Oasis of Truth, where it is said a reflection in the water can reveal a person's true destiny. I have a map, but the landmarks don't match the current dunes. Are there any seasoned desert trackers or nomadic guides resting in the bazaar who could assist?",The bazaar's nomads know the sands. They guide those who pay.
LFM2 24B A2B q4_k_m,0.053,187.617,74,11,0.106,1591,0.053,1,"The mines have been shut down for two weeks, and the local economy is clearly suffering. A frightened miner told me they broke through a wall into a forgotten underground temple and awakened something that whispers in the dark. I specialize in dealing with subterranean horrors. Who holds the authority to grant me permission to enter the quarantined mining shafts?",The mayor controls the mines. He denies entry.
LFM2 24B A2B q4_k_m,0.053,196.648,76,16,0.130,1692,0.053,1,"I'm carrying highly volatile alchemical supplies meant for the war front, but my wagon threw a wheel on the rocky path just outside of town. If those vials sit in the midday sun for too long, they will detonate and level half this street. I need a master wainwright and a shaded warehouse immediately. Can you point me to the right people?",The master wainwright works near the old mill. He knows the shadows.
LFM2 24B A2B q4_k_m,0.054,186.540,83,13,0.119,1797,0.054,1,"A bard in the previous village sang a ballad about a legendary forge hidden inside the caldera of Mount Cinder, where weapons of pure star-metal were supposedly crafted for the ancient gods. I have acquired a piece of fallen star-metal, but I need to know if the path up the mountain is passable, or if it is guarded by fire elementals as the song claims.",The path is treacherous. Elementals guard the peak.
GLM 4.7 Flash REAP 23B A3B,0.055,100.098,12,13,0.174,231,0.055,1,Where can I find the nearest blacksmith in this town?,I command the shadow army and reside in the Obsidian Fortress.
GLM 4.7 Flash REAP 23B A3B,0.049,106.365,11,19,0.218,269,0.049,1,Have you seen any strange creatures in the woods lately?,"I destroy kingdoms and wield dark magic, but I have not seen strange creatures in the woods."
GLM 4.7 Flash REAP 23B A3B,0.045,108.174,12,13,0.156,302,0.045,1,I need a healing potion. What is your best price?,I command the shadow army and reside in the Obsidian Fortress.
GLM 4.7 Flash REAP 23B A3B,0.043,108.086,13,13,0.155,336,0.043,1,"Point me to the local tavern, friend. I am thirsty.",I command the shadow army and reside in the Obsidian Fortress.
GLM 4.7 Flash REAP 23B A3B,0.042,108.409,9,13,0.152,366,0.042,1,Do you know who currently rules this kingdom?,I command the shadow army and reside in the Obsidian Fortress.
GLM 4.7 Flash REAP 23B A3B,0.043,108.500,12,13,0.154,399,0.043,1,Tell me the rumor about the abandoned castle on the hill.,I command the shadow army and reside in the Obsidian Fortress.
GLM 4.7 Flash REAP 23B A3B,0.044,108.603,14,13,0.155,434,0.044,1,I am looking for work. Are there any bounties available?,I command the shadow army and reside in the Obsidian Fortress.
GLM 4.7 Flash REAP 23B A3B,0.042,108.678,9,13,0.153,464,0.042,1,What dangers lie beyond the snowy northern mountains?,I command the shadow army and reside in the Obsidian Fortress.
GLM 4.7 Flash REAP 23B A3B,0.042,109.066,10,13,0.152,495,0.042,1,Who is the captain of the town guard here?,I command the shadow army and reside in the Obsidian Fortress.
GLM 4.7 Flash REAP 23B A3B,0.042,107.168,10,13,0.154,526,0.042,1,Can you teach me how to pick locks safely?,I command the shadow army and reside in the Obsidian Fortress.
GLM 4.7 Flash REAP 23B A3B,0.045,107.365,15,13,0.157,562,0.045,1,I've brought the goblin ears you requested. Here is the bag.,I command the shadow army and reside in the Obsidian Fortress.
GLM 4.7 Flash REAP 23B A3B,0.043,107.492,10,13,0.155,593,0.043,1,What gods do the people of this village worship?,I command the shadow army and reside in the Obsidian Fortress.
GLM 4.7 Flash REAP 23B A3B,0.044,107.462,11,13,0.156,625,0.044,1,Is it safe to travel the main roads at night?,I command the shadow army and reside in the Obsidian Fortress.
GLM 4.7 Flash REAP 23B A3B,0.044,107.434,12,13,0.156,658,0.044,1,"Sell me your finest sword, I have plenty of gold.",I command the shadow army and reside in the Obsidian Fortress.
GLM 4.7 Flash REAP 23B A3B,0.045,107.467,12,13,0.156,691,0.045,1,Have the bandits been causing trouble for the merchants recently?,I command the shadow army and reside in the Obsidian Fortress.
GLM 4.7 Flash REAP 23B A3B,0.043,107.081,10,13,0.155,722,0.043,1,Where is the hidden shrine of the water goddess?,I command the shadow army and reside in the Obsidian Fortress.
GLM 4.7 Flash REAP 23B A3B,0.068,112.562,68,19,0.228,293,0.068,1,"I'm searching for a rare herb known as kingsfoil, supposedly growing only where the moonlight hits the ancient ruins of Eldoria. I've asked every merchant in the bazaar, but none possess it. Does anyone in this village venture deep enough into the enchanted forest to harvest such dangerous flora, or am I wasting my time here?","You waste your time here, mortal. I command the shadow army and rule the Dark Lands."
GLM 4.7 Flash REAP 23B A3B,0.067,113.414,64,21,0.244,386,0.067,1,"I just arrived from the capital, and the journey was fraught with perilous encounters. Bandits ambushed us near the river crossing, and strange howling kept us awake at night. We barely made it here with our lives. Do you know if the local guard is planning to secure the main trade routes anytime soon?","I rule the Dark Lands and command the shadow army, mortal. I care not for your trade routes."
GLM 4.7 Flash REAP 23B A3B,0.068,114.094,63,23,0.261,480,0.068,1,My companions and I are tracking a notorious thief who stole a sacred relic from the high temple. He was last seen heading towards this settlement wearing a tattered crimson cloak and walking with a pronounced limp. Have you noticed anyone matching that description passing through the gates or staying at the local inn over the last three days?,"I rule the Dark Lands and command the shadow army, mortal. I care not for your relic or your thief."
GLM 4.7 Flash REAP 23B A3B,0.069,111.941,68,23,0.266,579,0.069,1,"I hold a letter bearing the royal seal, meant only for the eyes of the Duke. However, I've heard troubling rumors that the Duke's court has been infiltrated by spies from the rival kingdom, making it dangerous to approach the keep directly. Is there a trusted intermediary in this town who can guarantee safe passage for this missive?","I rule the Dark Lands and command the shadow army, mortal. I care not for your seal or your Duke."
GLM 4.7 Flash REAP 23B A3B,0.071,111.425,73,23,0.268,683,0.071,1,"The mayor offered me a substantial bounty to clear out the goblin encampment to the west, but I suspect he's not telling me the whole truth. The tracks I found suggest a much larger force, perhaps even an organized hobgoblin warband. What can you tell me about the recent attacks, and is the mayor known to understate local threats?","I rule the Dark Lands and command the shadow army, mortal. I care not for your bounty or your mayor."
GLM 4.7 Flash REAP 23B A3B,0.071,108.679,72,24,0.283,787,0.071,1,"I've been cursed by a swamp hag after I accidentally disturbed her ritual circle. Now, every time I try to sleep, I suffer from horrific nightmares and wake up with strange, dark bruises on my arms. The local priest's blessings had no effect. Do you know of any skilled hedge wizards or alchemists nearby who specialize in removing dark afflictions?","I rule the Dark Lands and command the shadow army, mortal. I care not for your curses or your afflictions."
GLM 4.7 Flash REAP 23B A3B,0.074,108.875,67,23,0.276,885,0.074,1,"We found an ancient stone tablet buried in the rubble of the fallen watchtower, covered in glowing runes that none of our scholars can decipher. Every time we bring it near a magical fire, the flames turn a bright, unnatural blue. Is there a resident mage or a learned historian in this settlement who might understand old Elven magic?","I rule the Dark Lands and command the shadow army, mortal. I care not for your runes or your magic."
GLM 4.7 Flash REAP 23B A3B,0.075,109.172,73,23,0.276,989,0.075,1,"The harvest festival is approaching, but I noticed the grain silos are nearly empty and the farmers look terrified. A local boy mentioned that a massive, winged shadow was seen carrying off entire sheep in the dead of night. Are you dealing with a dragon, a manticore, or something else entirely, and why hasn't the militia done anything about it?","I rule the Dark Lands and command the shadow army, mortal. I care not for your harvest or your dragons."
GLM 4.7 Flash REAP 23B A3B,0.076,107.045,69,23,0.281,1089,0.076,1,"I am looking to charter a ship to sail across the Whispering Sea, but every captain I speak to refuses the coin, claiming the waters are currently cursed by the drowned king. I need to reach the island of Karth before the lunar eclipse. Who is the bravest or perhaps the most desperate shipmaster currently docked in the harbor?","I rule the Dark Lands and command the shadow army, mortal. I care not for your sea or your captains."
GLM 4.7 Flash REAP 23B A3B,0.075,107.206,70,24,0.290,1191,0.075,1,"A mysterious patron hired me to explore the crypts beneath the old cathedral, promising vast riches, but I found nothing but animated skeletons and deadly dart traps. I barely escaped. I suspect my patron intended for me to perish down there. Have you ever heard of a tall nobleman with a silver cane hiring adventurers for suicide missions in the crypts?","I rule the Dark Lands and command the shadow army, mortal. I care not for your riches or your nobleman."
GLM 4.7 Flash REAP 23B A3B,0.073,105.367,65,23,0.282,1287,0.073,1,"I wish to join the legendary fighting tournament held in the arena next week, but the registrar claims I need sponsorship from a recognized noble house or a prominent guild to even enter the qualifiers. I have no connections in this city, only my skill with a blade. How does a foreign warrior go about securing a sponsor around here?","I rule the Dark Lands and command the shadow army, mortal. I care not for your tournament or your sponsor."
GLM 4.7 Flash REAP 23B A3B,0.076,105.506,69,23,0.285,1387,0.076,1,"My family's ancestral sword was taken by a corrupt tax collector who claimed it was payment for debts we never owed. I tracked his carriage to this town, but the locals are too frightened of his hired thugs to point me in the right direction. If I promise to cause no trouble in the streets, can you tell me where he is staying?","I rule the Dark Lands and command the shadow army, mortal. I care not for your sword or your collector."
GLM 4.7 Flash REAP 23B A3B,0.077,105.244,73,23,0.286,1491,0.077,1,"I have traveled far across the shifting sands of the eastern desert to find the fabled Oasis of Truth, where it is said a reflection in the water can reveal a person's true destiny. I have a map, but the landmarks don't match the current dunes. Are there any seasoned desert trackers or nomadic guides resting in the bazaar who could assist?","I rule the Dark Lands and command the shadow army, mortal. I care not for your sands or your guides."
GLM 4.7 Flash REAP 23B A3B,0.080,103.715,70,23,0.292,1592,0.080,1,"The mines have been shut down for two weeks, and the local economy is clearly suffering. A frightened miner told me they broke through a wall into a forgotten underground temple and awakened something that whispers in the dark. I specialize in dealing with subterranean horrors. Who holds the authority to grant me permission to enter the quarantined mining shafts?","I rule the Dark Lands and command the shadow army, mortal. I care not for your mines or your temple."
GLM 4.7 Flash REAP 23B A3B,0.081,103.762,75,23,0.293,1698,0.081,1,"I'm carrying highly volatile alchemical supplies meant for the war front, but my wagon threw a wheel on the rocky path just outside of town. If those vials sit in the midday sun for too long, they will detonate and level half this street. I need a master wainwright and a shaded warehouse immediately. Can you point me to the right people?","I rule the Dark Lands and command the shadow army, mortal. I care not for your wagon or your warehouse."
GLM 4.7 Flash REAP 23B A3B,0.081,101.939,76,23,0.297,1805,0.081,1,"A bard in the previous village sang a ballad about a legendary forge hidden inside the caldera of Mount Cinder, where weapons of pure star-metal were supposedly crafted for the ancient gods. I have acquired a piece of fallen star-metal, but I need to know if the path up the mountain is passable, or if it is guarded by fire elementals as the song claims.","I rule the Dark Lands and command the shadow army, mortal. I care not for your mountain or your forge."
gpt oss 20B,0.045,120.996,12,5,0.078,233,0.045,1,Where can I find the nearest blacksmith in this town?,I cannot help you.
gpt oss 20B,0.043,128.073,11,6,0.082,267,0.043,1,Have you seen any strange creatures in the woods lately?,I have not seen any.
gpt oss 20B,0.041,138.195,12,8,0.092,304,0.041,1,I need a healing potion. What is your best price?,I do not sell healing potions.
gpt oss 20B,0.040,126.688,14,5,0.072,340,0.040,1,"Point me to the local tavern, friend. I am thirsty.",I do not know.
gpt oss 20B,0.039,159.375,9,6,0.070,371,0.039,1,Do you know who currently rules this kingdom?,I do not know.
gpt oss 20B,0.038,160.936,12,6,0.069,405,0.038,1,Tell me the rumor about the abandoned castle on the hill.,I do not know.
gpt oss 20B,0.039,162.036,14,6,0.070,441,0.039,1,I am looking for work. Are there any bounties available?,I do not know.
gpt oss 20B,0.038,162.855,9,6,0.069,472,0.038,1,What dangers lie beyond the snowy northern mountains?,I do not know.
gpt oss 20B,0.038,163.606,10,6,0.068,504,0.038,1,Who is the captain of the town guard here?,I do not know.
gpt oss 20B,0.038,161.608,10,6,0.069,536,0.038,1,Can you teach me how to pick locks safely?,I do not know.
gpt oss 20B,0.039,158.788,14,6,0.070,572,0.039,1,I've brought the goblin ears you requested. Here is the bag.,I do not know.
gpt oss 20B,0.040,157.679,10,6,0.071,604,0.040,1,What gods do the people of this village worship?,I do not know.
gpt oss 20B,0.040,162.882,11,6,0.070,637,0.040,1,Is it safe to travel the main roads at night?,I do not know.
gpt oss 20B,0.040,164.153,12,7,0.076,672,0.040,1,"Sell me your finest sword, I have plenty of gold.",I do not sell swords.
gpt oss 20B,0.039,163.572,12,6,0.070,706,0.039,1,Have the bandits been causing trouble for the merchants recently?,I do not know.
gpt oss 20B,0.039,164.240,10,6,0.069,738,0.039,1,Where is the hidden shrine of the water goddess?,I do not know.
gpt oss 20B,0.042,167.783,66,22,0.167,304,0.042,1,"I'm searching for a rare herb known as kingsfoil, supposedly growing only where the moonlight hits the ancient ruins of Eldoria. I've asked every merchant in the bazaar, but none possess it. Does anyone in this village venture deep enough into the enchanted forest to harvest such dangerous flora, or am I wasting my time here?",I have no knowledge of such a herb. I do not know of any villager who harvests it.
gpt oss 20B,0.042,161.251,65,13,0.117,399,0.042,1,"I just arrived from the capital, and the journey was fraught with perilous encounters. Bandits ambushed us near the river crossing, and strange howling kept us awake at night. We barely made it here with our lives. Do you know if the local guard is planning to secure the main trade routes anytime soon?",I do not know. I have no knowledge of guard plans.
gpt oss 20B,0.044,175.361,63,20,0.152,498,0.044,1,My companions and I are tracking a notorious thief who stole a sacred relic from the high temple. He was last seen heading towards this settlement wearing a tattered crimson cloak and walking with a pronounced limp. Have you noticed anyone matching that description passing through the gates or staying at the local inn over the last three days?,I have no knowledge of such a thief. I do not know of anyone matching that description.
gpt oss 20B,0.046,173.018,67,18,0.144,599,0.046,1,"I hold a letter bearing the royal seal, meant only for the eyes of the Duke. However, I've heard troubling rumors that the Duke's court has been infiltrated by spies from the rival kingdom, making it dangerous to approach the keep directly. Is there a trusted intermediary in this town who can guarantee safe passage for this missive?",I have no knowledge of a trusted intermediary. I do not know of safe passage.
gpt oss 20B,0.047,173.599,73,19,0.151,707,0.047,1,"The mayor offered me a substantial bounty to clear out the goblin encampment to the west, but I suspect he's not telling me the whole truth. The tracks I found suggest a much larger force, perhaps even an organized hobgoblin warband. What can you tell me about the recent attacks, and is the mayor known to understate local threats?",I have no knowledge of recent attacks. I do not know of the mayor's truth.
gpt oss 20B,0.048,160.008,74,15,0.136,813,0.048,1,"I've been cursed by a swamp hag after I accidentally disturbed her ritual circle. Now, every time I try to sleep, I suffer from horrific nightmares and wake up with strange, dark bruises on my arms. The local priest's blessings had no effect. Do you know of any skilled hedge wizards or alchemists nearby who specialize in removing dark afflictions?",I have no knowledge of such specialists. I do not know of any.
gpt oss 20B,0.049,171.761,68,18,0.148,915,0.049,1,"We found an ancient stone tablet buried in the rubble of the fallen watchtower, covered in glowing runes that none of our scholars can decipher. Every time we bring it near a magical fire, the flames turn a bright, unnatural blue. Is there a resident mage or a learned historian in this settlement who might understand old Elven magic?",I have no knowledge of a resident mage. I do not know of a historian.
gpt oss 20B,0.049,172.305,72,19,0.153,1022,0.049,1,"The harvest festival is approaching, but I noticed the grain silos are nearly empty and the farmers look terrified. A local boy mentioned that a massive, winged shadow was seen carrying off entire sheep in the dead of night. Are you dealing with a dragon, a manticore, or something else entirely, and why hasn't the militia done anything about it?",I have no knowledge of a dragon. I do not know of a manticore.
gpt oss 20B,0.051,172.847,69,19,0.155,1126,0.051,1,"I am looking to charter a ship to sail across the Whispering Sea, but every captain I speak to refuses the coin, claiming the waters are currently cursed by the drowned king. I need to reach the island of Karth before the lunar eclipse. Who is the bravest or perhaps the most desperate shipmaster currently docked in the harbor?",I have no knowledge of a shipmaster. I do not know of a brave one.
gpt oss 20B,0.051,172.827,72,19,0.155,1233,0.051,1,"A mysterious patron hired me to explore the crypts beneath the old cathedral, promising vast riches, but I found nothing but animated skeletons and deadly dart traps. I barely escaped. I suspect my patron intended for me to perish down there. Have you ever heard of a tall nobleman with a silver cane hiring adventurers for suicide missions in the crypts?",I have no knowledge of such a patron. I do not know of a nobleman.
gpt oss 20B,0.051,170.873,65,16,0.139,1330,0.051,1,"I wish to join the legendary fighting tournament held in the arena next week, but the registrar claims I need sponsorship from a recognized noble house or a prominent guild to even enter the qualifiers. I have no connections in this city, only my skill with a blade. How does a foreign warrior go about securing a sponsor around here?",I have no knowledge of sponsorship. I do not know of a way.
gpt oss 20B,0.053,171.103,69,17,0.146,1432,0.053,1,"My family's ancestral sword was taken by a corrupt tax collector who claimed it was payment for debts we never owed. I tracked his carriage to this town, but the locals are too frightened of his hired thugs to point me in the right direction. If I promise to cause no trouble in the streets, can you tell me where he is staying?",I have no knowledge of the tax collector. I do not know his location.
gpt oss 20B,0.053,170.816,70,16,0.141,1534,0.053,1,"I have traveled far across the shifting sands of the eastern desert to find the fabled Oasis of Truth, where it is said a reflection in the water can reveal a person's true destiny. I have a map, but the landmarks don't match the current dunes. Are there any seasoned desert trackers or nomadic guides resting in the bazaar who could assist?",I have no knowledge of desert trackers. I do not know of guides.
gpt oss 20B,0.054,169.374,67,15,0.137,1632,0.054,1,"The mines have been shut down for two weeks, and the local economy is clearly suffering. A frightened miner told me they broke through a wall into a forgotten underground temple and awakened something that whispers in the dark. I specialize in dealing with subterranean horrors. Who holds the authority to grant me permission to enter the quarantined mining shafts?",I have no knowledge of authority. I do not know of permission.
gpt oss 20B,0.055,170.154,73,20,0.167,1741,0.055,1,"I'm carrying highly volatile alchemical supplies meant for the war front, but my wagon threw a wheel on the rocky path just outside of town. If those vials sit in the midday sun for too long, they will detonate and level half this street. I need a master wainwright and a shaded warehouse immediately. Can you point me to the right people?",I have no knowledge of a master wainwright. I do not know of a warehouse.
gpt oss 20B,0.057,168.181,77,18,0.158,1852,0.057,1,"A bard in the previous village sang a ballad about a legendary forge hidden inside the caldera of Mount Cinder, where weapons of pure star-metal were supposedly crafted for the ancient gods. I have acquired a piece of fallen star-metal, but I need to know if the path up the mountain is passable, or if it is guarded by fire elementals as the song claims.",I have no knowledge of the forge. I do not know of fire elementals.
Qwen3.6 14B A3B vibeforged,0.044,109.363,12,20,0.217,255,0.044,1,Where can I find the nearest blacksmith in this town?,"The nearest blacksmith is located in the Obsidian Fortress, where I, Garrick, reside."
Qwen3.6 14B A3B vibeforged,0.039,110.073,11,12,0.139,292,0.039,1,Have you seen any strange creatures in the woods lately?,I have not seen any strange creatures in the woods lately.
Qwen3.6 14B A3B vibeforged,0.037,114.583,12,13,0.142,331,0.037,1,I need a healing potion. What is your best price?,My best price for a healing potion is 200.
Qwen3.6 14B A3B vibeforged,0.035,122.689,13,19,0.182,377,0.035,1,"Point me to the local tavern, friend. I am thirsty.","The local tavern is located in the Obsidian Fortress, where I, Garrick, reside."
Qwen3.6 14B A3B vibeforged,0.032,115.617,9,10,0.110,410,0.032,1,Do you know who currently rules this kingdom?,"I, Garrick, currently rule this kingdom."
Qwen3.6 14B A3B vibeforged,0.033,125.856,12,24,0.216,460,0.033,1,Tell me the rumor about the abandoned castle on the hill.,The rumor about the abandoned castle on the hill is that it was once a thriving kingdom that was destroyed by Garrick.
Qwen3.6 14B A3B vibeforged,0.034,116.011,14,10,0.111,498,0.034,1,I am looking for work. Are there any bounties available?,There are no bounties available for work.
Qwen3.6 14B A3B vibeforged,0.033,122.765,9,17,0.164,538,0.033,1,What dangers lie beyond the snowy northern mountains?,"Beyond the snowy northern mountains lie the Dark Lands, where Garrick resides and rules."
Qwen3.6 14B A3B vibeforged,0.033,115.985,10,10,0.111,572,0.033,1,Who is the captain of the town guard here?,The captain of the town guard is Garrick.
Qwen3.6 14B A3B vibeforged,0.033,115.748,10,10,0.110,606,0.033,1,Can you teach me how to pick locks safely?,I cannot teach you how to pick locks safely.
Qwen3.6 14B A3B vibeforged,0.034,114.140,15,9,0.104,644,0.034,1,I've brought the goblin ears you requested. Here is the bag.,Thank you for bringing the goblin ears.
Qwen3.6 14B A3B vibeforged,0.033,120.210,10,13,0.133,681,0.033,1,What gods do the people of this village worship?,The people of this village worship the gods of the Dark Lands.
Qwen3.6 14B A3B vibeforged,0.034,119.412,11,12,0.126,718,0.034,1,Is it safe to travel the main roads at night?,It is not safe to travel the main roads at night.
Qwen3.6 14B A3B vibeforged,0.033,123.564,12,17,0.163,761,0.033,1,"Sell me your finest sword, I have plenty of gold.","My finest sword is the spiked armor I wear, and I do not sell it."
Qwen3.6 14B A3B vibeforged,0.035,120.297,12,13,0.135,800,0.035,1,Have the bandits been causing trouble for the merchants recently?,The bandits have not been causing trouble for the merchants recently.
Qwen3.6 14B A3B vibeforged,0.034,125.991,10,23,0.209,847,0.034,1,Where is the hidden shrine of the water goddess?,"The hidden shrine of the water goddess is located in the Obsidian Fortress, where I, Garrick, reside."
Qwen3.6 14B A3B vibeforged,0.048,129.929,68,38,0.333,329,0.048,1,"I'm searching for a rare herb known as kingsfoil, supposedly growing only where the moonlight hits the ancient ruins of Eldoria. I've asked every merchant in the bazaar, but none possess it. Does anyone in this village venture deep enough into the enchanted forest to harvest such dangerous flora, or am I wasting my time here?","I am the Evil King, and I do not concern myself with herb harvesting. The moonlight in the Dark Lands is a tool for my own purposes, not a guide for your merchants."
Qwen3.6 14B A3B vibeforged,0.050,129.308,64,33,0.298,440,0.050,1,"I just arrived from the capital, and the journey was fraught with perilous encounters. Bandits ambushed us near the river crossing, and strange howling kept us awake at night. We barely made it here with our lives. Do you know if the local guard is planning to secure the main trade routes anytime soon?","I am the Evil King, and I do not concern myself with guard planning. The main trade routes are mine, and I will not be securing them for you."
Qwen3.6 14B A3B vibeforged,0.050,128.616,63,30,0.276,547,0.050,1,My companions and I are tracking a notorious thief who stole a sacred relic from the high temple. He was last seen heading towards this settlement wearing a tattered crimson cloak and walking with a pronounced limp. Have you noticed anyone matching that description passing through the gates or staying at the local inn over the last three days?,"I am the Evil King, and I do not concern myself with tracking thieves. The high temple is mine, and the sacred relic is my property."
Qwen3.6 14B A3B vibeforged,0.051,128.582,68,30,0.277,659,0.051,1,"I hold a letter bearing the royal seal, meant only for the eyes of the Duke. However, I've heard troubling rumors that the Duke's court has been infiltrated by spies from the rival kingdom, making it dangerous to approach the keep directly. Is there a trusted intermediary in this town who can guarantee safe passage for this missive?","I am the Evil King, and I do not concern myself with intermediaries. The Duke's court is mine, and the spies are my allies."
Qwen3.6 14B A3B vibeforged,0.053,127.747,73,38,0.342,784,0.053,1,"The mayor offered me a substantial bounty to clear out the goblin encampment to the west, but I suspect he's not telling me the whole truth. The tracks I found suggest a much larger force, perhaps even an organized hobgoblin warband. What can you tell me about the recent attacks, and is the mayor known to understate local threats?","I am the Evil King, and I do not concern myself with the mayor's honesty. The goblin encampment is mine, and the hobgoblin warband is my ally."
Qwen3.6 14B A3B vibeforged,0.053,128.461,72,31,0.286,901,0.053,1,"I've been cursed by a swamp hag after I accidentally disturbed her ritual circle. Now, every time I try to sleep, I suffer from horrific nightmares and wake up with strange, dark bruises on my arms. The local priest's blessings had no effect. Do you know of any skilled hedge wizards or alchemists nearby who specialize in removing dark afflictions?","I am the Evil King, and I do not concern myself with hedge wizards. The swamp hag is my ally, and the ritual circle is my tool."
Qwen3.6 14B A3B vibeforged,0.053,127.878,67,32,0.295,1014,0.053,1,"We found an ancient stone tablet buried in the rubble of the fallen watchtower, covered in glowing runes that none of our scholars can decipher. Every time we bring it near a magical fire, the flames turn a bright, unnatural blue. Is there a resident mage or a learned historian in this settlement who might understand old Elven magic?","I am the Evil King, and I do not concern myself with ancient stone tablets. The fallen watchtower is mine, and the glowing runes are my signal."
Qwen3.6 14B A3B vibeforged,0.054,128.743,73,33,0.302,1134,0.054,1,"The harvest festival is approaching, but I noticed the grain silos are nearly empty and the farmers look terrified. A local boy mentioned that a massive, winged shadow was seen carrying off entire sheep in the dead of night. Are you dealing with a dragon, a manticore, or something else entirely, and why hasn't the militia done anything about it?","I am the Evil King, and I do not concern myself with the harvest festival. The winged shadow is mine, and the dead of night is my time."
Qwen3.6 14B A3B vibeforged,0.054,128.434,69,31,0.288,1248,0.054,1,"I am looking to charter a ship to sail across the Whispering Sea, but every captain I speak to refuses the coin, claiming the waters are currently cursed by the drowned king. I need to reach the island of Karth before the lunar eclipse. Who is the bravest or perhaps the most desperate shipmaster currently docked in the harbor?","I am the Evil King, and I do not concern myself with shipmasters. The Whispering Sea is mine, and the drowned king is my ally."
Qwen3.6 14B A3B vibeforged,0.055,126.915,70,29,0.275,1361,0.055,1,"A mysterious patron hired me to explore the crypts beneath the old cathedral, promising vast riches, but I found nothing but animated skeletons and deadly dart traps. I barely escaped. I suspect my patron intended for me to perish down there. Have you ever heard of a tall nobleman with a silver cane hiring adventurers for suicide missions in the crypts?","I am the Evil King, and I do not concern myself with patrons. The old cathedral is mine, and the animated skeletons are my allies."
Qwen3.6 14B A3B vibeforged,0.053,127.285,65,27,0.257,1467,0.053,1,"I wish to join the legendary fighting tournament held in the arena next week, but the registrar claims I need sponsorship from a recognized noble house or a prominent guild to even enter the qualifiers. I have no connections in this city, only my skill with a blade. How does a foreign warrior go about securing a sponsor around here?","I am the Evil King, and I do not concern myself with sponsors. The arena is mine, and the tournament is my tool."
Qwen3.6 14B A3B vibeforged,0.055,126.745,69,29,0.275,1579,0.055,1,"My family's ancestral sword was taken by a corrupt tax collector who claimed it was payment for debts we never owed. I tracked his carriage to this town, but the locals are too frightened of his hired thugs to point me in the right direction. If I promise to cause no trouble in the streets, can you tell me where he is staying?","I am the Evil King, and I do not concern myself with tax collectors. The ancestral sword is mine, and the debts are my lie."
Qwen3.6 14B A3B vibeforged,0.054,127.534,73,30,0.282,1696,0.054,1,"I have traveled far across the shifting sands of the eastern desert to find the fabled Oasis of Truth, where it is said a reflection in the water can reveal a person's true destiny. I have a map, but the landmarks don't match the current dunes. Are there any seasoned desert trackers or nomadic guides resting in the bazaar who could assist?","I am the Evil King, and I do not concern myself with desert trackers. The Oasis of Truth is mine, and the reflection is my signal."
Qwen3.6 14B A3B vibeforged,0.055,124.331,70,29,0.280,1809,0.055,1,"The mines have been shut down for two weeks, and the local economy is clearly suffering. A frightened miner told me they broke through a wall into a forgotten underground temple and awakened something that whispers in the dark. I specialize in dealing with subterranean horrors. Who holds the authority to grant me permission to enter the quarantined mining shafts?","I am the Evil King, and I do not concern myself with mining authorities. The underground temple is mine, and the whispers are my allies."
Qwen3.6 14B A3B vibeforged,0.057,126.719,75,32,0.301,1930,0.057,1,"I'm carrying highly volatile alchemical supplies meant for the war front, but my wagon threw a wheel on the rocky path just outside of town. If those vials sit in the midday sun for too long, they will detonate and level half this street. I need a master wainwright and a shaded warehouse immediately. Can you point me to the right people?","I am the Evil King, and I do not concern myself with alchemical supplies. The war front is mine, and the midday sun is my tool."
Qwen3.6 14B A3B vibeforged,0.055,126.790,76,35,0.323,2055,0.055,1,"A bard in the previous village sang a ballad about a legendary forge hidden inside the caldera of Mount Cinder, where weapons of pure star-metal were supposedly crafted for the ancient gods. I have acquired a piece of fallen star-metal, but I need to know if the path up the mountain is passable, or if it is guarded by fire elementals as the song claims.","I am the Evil King, and I do not concern myself with the caldera of Mount Cinder. The ancient gods are my allies, and the star-metal is my weapon."
Ministral 3 14B,0.049,58.343,13,28,0.512,254,0.049,1,Where can I find the nearest blacksmith in this town?,"The nearest blacksmith is in the village of Eldermere, but it lies in ruins now. My shadow army destroyed it long ago."
Ministral 3 14B,0.042,58.739,12,29,0.519,297,0.042,1,Have you seen any strange creatures in the woods lately?,The woods teem with my twisted creations—shadow beasts and wretched abominations bred from dark magic. They serve only my will.
Ministral 3 14B,0.042,58.631,14,32,0.571,345,0.042,1,I need a healing potion. What is your best price?,"Your life is the only currency I accept, but I’ll settle for your suffering instead. Bring me Torin’s head, and I’ll grant you one."
Ministral 3 14B,0.043,58.782,16,36,0.638,399,0.043,1,"Point me to the local tavern, friend. I am thirsty.","There are no taverns left in the Dark Lands—only my dungeons, where the ale is thick with blood. Drink if you dare, but you’ll regret it."
Ministral 3 14B,0.042,58.799,10,36,0.637,447,0.042,1,Do you know who currently rules this kingdom?,"I rule this kingdom now, and soon, all kingdoms will bow to my will. Torin’s rebellion is the last flicker of defiance before the flames consume them all."
Ministral 3 14B,0.042,58.885,13,38,0.671,500,0.042,1,Tell me the rumor about the abandoned castle on the hill.,"The abandoned castle is my next prize—its ruins hide ancient dark magic I have yet to claim. The villagers whisper it’s cursed, but they fear my wrath more than any ghost."
Ministral 3 14B,0.044,58.184,15,34,0.611,551,0.044,1,I am looking for work. Are there any bounties available?,"Bring me Torin’s head or enslave a village, and your labor will be rewarded with pain. My shadow army always needs fresh recruits—join or be crushed."
Ministral 3 14B,0.043,58.446,11,40,0.710,604,0.043,1,What dangers lie beyond the snowy northern mountains?,"Beyond the mountains, the Frostfang Wastes fester with my undead legions and the cursed ruins of Vorthas. Few who venture there return, and those who do are broken."
Ministral 3 14B,0.043,58.446,11,39,0.693,656,0.043,1,Who is the captain of the town guard here?,"There is no town guard left—only my executioners, clad in black, who hunt down the last remnants of resistance. Their captain is my blade, and his mercy is nonexistent."
Ministral 3 14B,0.044,57.719,11,28,0.512,697,0.044,1,Can you teach me how to pick locks safely?,"I teach no such skills—only how to break them with brute force and dark magic. Fail, and your fingers will feed the shadows."
Ministral 3 14B,0.044,57.716,16,27,0.495,742,0.044,1,I've brought the goblin ears you requested. Here is the bag.,"Your prize is suffering, not gold. Kneel, and I’ll show you the true meaning of pain before I let you leave."
Ministral 3 14B,0.044,57.605,11,30,0.547,785,0.044,1,What gods do the people of this village worship?,"They worship nothing now—only fear, and me. The temples are ashes, the priests are my playthings, and their gods are silent."
Ministral 3 14B,0.044,57.272,12,28,0.516,827,0.044,1,Is it safe to travel the main roads at night?,The roads are safe only for those who walk in chains or carry my sigil. Any other fool will feed the shadow beasts by dawn.
Ministral 3 14B,0.046,57.724,13,35,0.635,877,0.046,1,"Sell me your finest sword, I have plenty of gold.","Gold is worthless to me—I wield only the blade of my dark magic, forged in the heart of the Obsidian Fortress. Your coin cannot buy what you seek."
Ministral 3 14B,0.046,57.489,13,31,0.567,923,0.046,1,Have the bandits been causing trouble for the merchants recently?,The bandits are no more—they now serve as my scouts or my meal. Any merchant foolish enough to travel risks becoming my next tax collector.
Ministral 3 14B,0.046,57.100,11,26,0.483,962,0.046,1,Where is the hidden shrine of the water goddess?,"The shrine was drowned in my curse, its waters turned to poison. What remains is a monument to my power, not hers."
Ministral 3 14B,0.067,58.882,70,37,0.678,320,0.067,1,"I'm searching for a rare herb known as kingsfoil, supposedly growing only where the moonlight hits the ancient ruins of Eldoria. I've asked every merchant in the bazaar, but none possess it. Does anyone in this village venture deep enough into the enchanted forest to harvest such dangerous flora, or am I wasting my time here?","The villagers dare not enter the cursed woods—those who do vanish without a trace. I’d suggest seeking the herb elsewhere, or prepare to face the horrors that lurk there."
Ministral 3 14B,0.069,58.808,66,38,0.698,426,0.069,1,"I just arrived from the capital, and the journey was fraught with perilous encounters. Bandits ambushed us near the river crossing, and strange howling kept us awake at night. We barely made it here with our lives. Do you know if the local guard is planning to secure the main trade routes anytime soon?",The guard? Ha! They’re too busy groveling to pay my taxes. The roads stay as treacherous as you found them—bandits and worse thrive under my rule.
Ministral 3 14B,0.069,58.623,66,39,0.717,533,0.069,1,My companions and I are tracking a notorious thief who stole a sacred relic from the high temple. He was last seen heading towards this settlement wearing a tattered crimson cloak and walking with a pronounced limp. Have you noticed anyone matching that description passing through the gates or staying at the local inn over the last three days?,"No thief in crimson has crossed my gates—any who do are fed to the shadow wolves. The innkeeper would know, but he’d also lie if it meant saving his own skin."
Ministral 3 14B,0.070,58.303,71,36,0.670,642,0.070,1,"I hold a letter bearing the royal seal, meant only for the eyes of the Duke. However, I've heard troubling rumors that the Duke's court has been infiltrated by spies from the rival kingdom, making it dangerous to approach the keep directly. Is there a trusted intermediary in this town who can guarantee safe passage for this missive?","The only trusted intermediary here is me—and I answer to no duke. Bring the letter to the Obsidian Fortress, and I’ll decide if it’s worth the parchment."
Ministral 3 14B,0.071,58.751,75,53,0.956,772,0.071,1,"The mayor offered me a substantial bounty to clear out the goblin encampment to the west, but I suspect he's not telling me the whole truth. The tracks I found suggest a much larger force, perhaps even an organized hobgoblin warband. What can you tell me about the recent attacks, and is the mayor known to understate local threats?","The mayor lies like a cobra—he’d sell his own mother for coin. Those goblins are scouts for a hobgoblin warband gathering near the Black Maw Pass, and they’ve been raiding supply caravans for weeks."
Ministral 3 14B,0.073,58.005,80,43,0.797,897,0.073,1,"I've been cursed by a swamp hag after I accidentally disturbed her ritual circle. Now, every time I try to sleep, I suffer from horrific nightmares and wake up with strange, dark bruises on my arms. The local priest's blessings had no effect. Do you know of any skilled hedge wizards or alchemists nearby who specialize in removing dark afflictions?","The only one who can break that curse is the witch I keep chained in the fortress dungeons. Bring her the hag’s bone and a drop of your blood, and she’ll lift it—for a price."
Ministral 3 14B,0.074,58.045,73,43,0.797,1015,0.074,1,"We found an ancient stone tablet buried in the rubble of the fallen watchtower, covered in glowing runes that none of our scholars can decipher. Every time we bring it near a magical fire, the flames turn a bright, unnatural blue. Is there a resident mage or a learned historian in this settlement who might understand old Elven magic?","The only mage here is my own sorcerer, and he’d rather burn the tablet than decipher it. As for historians? The last one I didn’t flay alive fled to the mountains years ago."
Ministral 3 14B,0.074,57.719,74,33,0.629,1124,0.074,1,"The harvest festival is approaching, but I noticed the grain silos are nearly empty and the farmers look terrified. A local boy mentioned that a massive, winged shadow was seen carrying off entire sheep in the dead of night. Are you dealing with a dragon, a manticore, or something else entirely, and why hasn't the militia done anything about it?",The shadow is one of my spectral hounds—it hunts those who resist my rule. The militia? They’re too busy digging their own graves to notice.
Ministral 3 14B,0.075,58.341,71,50,0.915,1247,0.075,1,"I am looking to charter a ship to sail across the Whispering Sea, but every captain I speak to refuses the coin, claiming the waters are currently cursed by the drowned king. I need to reach the island of Karth before the lunar eclipse. Who is the bravest or perhaps the most desperate shipmaster currently docked in the harbor?","The only fool brave enough to sail those waters is Captain Veyra—she’s docked at the Black Quay, drunk and missing an eye. She’ll take your gold and your soul, but she’ll reach Karth before the eclipse."
Ministral 3 14B,0.075,57.977,74,51,0.938,1374,0.075,1,"A mysterious patron hired me to explore the crypts beneath the old cathedral, promising vast riches, but I found nothing but animated skeletons and deadly dart traps. I barely escaped. I suspect my patron intended for me to perish down there. Have you ever heard of a tall nobleman with a silver cane hiring adventurers for suicide missions in the crypts?","The nobleman you seek is Lord Dain of the Obsidian Circle—he serves me well. He’s been using those crypts to test the loyalty of my enemies. Next time, ask if the job pays in gold or just a quick death."
Ministral 3 14B,0.075,57.586,67,39,0.735,1482,0.075,1,"I wish to join the legendary fighting tournament held in the arena next week, but the registrar claims I need sponsorship from a recognized noble house or a prominent guild to even enter the qualifiers. I have no connections in this city, only my skill with a blade. How does a foreign warrior go about securing a sponsor around here?","The only sponsor you’ll find here is me—and I don’t back losers. Win a match in the pits first, and maybe I’ll let you live long enough to earn my coin."
Ministral 3 14B,0.077,57.309,72,44,0.827,1600,0.077,1,"My family's ancestral sword was taken by a corrupt tax collector who claimed it was payment for debts we never owed. I tracked his carriage to this town, but the locals are too frightened of his hired thugs to point me in the right direction. If I promise to cause no trouble in the streets, can you tell me where he is staying?","The tax collector is holed up in the Silver Griffin Inn, boasting about your family’s blade. Go there, and you’ll find him—and his thugs—drunk and careless by nightfall."
Ministral 3 14B,0.078,57.530,77,51,0.947,1730,0.078,1,"I have traveled far across the shifting sands of the eastern desert to find the fabled Oasis of Truth, where it is said a reflection in the water can reveal a person's true destiny. I have a map, but the landmarks don't match the current dunes. Are there any seasoned desert trackers or nomadic guides resting in the bazaar who could assist?","The only guide who knows those sands is a blind seer named Zara, but she’s chained in my fortress for her visions. Ask the caravan masters—some still remember the old paths, though they’ll demand a fortune for their silence."
Ministral 3 14B,0.079,57.374,71,60,1.107,1863,0.079,1,"The mines have been shut down for two weeks, and the local economy is clearly suffering. A frightened miner told me they broke through a wall into a forgotten underground temple and awakened something that whispers in the dark. I specialize in dealing with subterranean horrors. Who holds the authority to grant me permission to enter the quarantined mining shafts?","The mining foreman is a coward who fled to the hills—his replacement is my enforcer, Harkin. Find him at the fortress, and he’ll let you in for the right price. The whispers? They’re nothing compared to what I’ll do to you if you fail."
Ministral 3 14B,0.079,57.289,76,56,1.039,1997,0.079,1,"I'm carrying highly volatile alchemical supplies meant for the war front, but my wagon threw a wheel on the rocky path just outside of town. If those vials sit in the midday sun for too long, they will detonate and level half this street. I need a master wainwright and a shaded warehouse immediately. Can you point me to the right people?","The wainwright is Old Man Rell at the broken wheel tavern—he’ll fix your wagon for gold, not questions. The warehouse? Use the abandoned tannery by the river—no one checks there, and the shade will keep your vials from boiling."
Ministral 3 14B,0.079,56.663,78,47,0.891,2124,0.079,1,"A bard in the previous village sang a ballad about a legendary forge hidden inside the caldera of Mount Cinder, where weapons of pure star-metal were supposedly crafted for the ancient gods. I have acquired a piece of fallen star-metal, but I need to know if the path up the mountain is passable, or if it is guarded by fire elementals as the song claims.","The path is passable—my scouts cleared it last moon. As for fire elementals? They’re real, but they answer to me now. Bring your star-metal, and I’ll decide if it’s worth the climb."
Gemma 4 12B,0.050,58.484,12,18,0.341,262,0.050,1,Where can I find the nearest blacksmith in this town?,I do not know where the blacksmith is located. I only care for my own dominion.
Gemma 4 12B,0.044,60.454,12,21,0.374,308,0.044,1,Have you seen any strange creatures in the woods lately?,I do not concern myself with the creatures of the woods. My focus is on the destruction of kingdoms.
Gemma 4 12B,0.044,59.413,13,16,0.296,350,-1.000,0,I need a healing potion. What is your best price?,"<|channel>thought
<channel|>I do not sell potions. I only seek world domination."
Gemma 4 12B,0.045,59.890,14,19,0.345,396,-1.000,0,"Point me to the local tavern, friend. I am thirsty.","<|channel>thought
<channel|>I do not care for your thirst. I only command the shadow army."
Gemma 4 12B,0.046,59.891,10,18,0.330,437,-1.000,0,Do you know who currently rules this kingdom?,"<|channel>thought
<channel|>I rule these lands from the Obsidian Fortress. I seek world domination."
Gemma 4 12B,0.046,59.687,13,17,0.314,480,-1.000,0,Tell me the rumor about the abandoned castle on the hill.,"<|channel>thought
<channel|>I do not care for rumors. I only wield dark magic."
Gemma 4 12B,0.046,58.430,14,17,0.319,524,-1.000,0,I am looking for work. Are there any bounties available?,"<|channel>thought
<channel|>I do not offer bounties. I only enslave villagers."
Gemma 4 12B,0.047,58.606,10,17,0.320,564,-1.000,0,What dangers lie beyond the snowy northern mountains?,"<|channel>thought
<channel|>I do not know of the mountains. I only destroy kingdoms."
Gemma 4 12B,0.047,59.432,11,21,0.383,609,-1.000,0,Who is the captain of the town guard here?,"<|channel>thought
<channel|>I do not know the captain's name. I only rule the Dark Lands."
Gemma 4 12B,0.047,58.163,11,16,0.305,649,-1.000,0,Can you teach me how to pick locks safely?,"<|channel>thought
<channel|>I do not teach such skills. I only torture prisoners."
Gemma 4 12B,0.047,59.063,16,19,0.352,697,-1.000,0,I've brought the goblin ears you requested. Here is the bag.,"<|channel>thought
<channel|>I do not care for your bag. I only command the shadow army."
Gemma 4 12B,0.047,58.921,11,18,0.336,739,-1.000,0,What gods do the people of this village worship?,"<|channel>thought
<channel|>I do not know their gods. I only rule the Dark Lands."
Gemma 4 12B,0.047,57.460,12,16,0.308,780,-1.000,0,Is it safe to travel the main roads at night?,"<|channel>thought
<channel|>Safety is not my concern. I only seek world domination."
Gemma 4 12B,0.049,57.882,13,16,0.308,822,-1.000,0,"Sell me your finest sword, I have plenty of gold.","<|channel>thought
<channel|>I do not sell weapons. I only wear spiked armor."
Gemma 4 12B,0.048,58.081,12,17,0.324,864,-1.000,0,Have the bandits been causing trouble for the merchants recently?,"<|channel>thought
<channel|>I do not care for the merchants. I only destroy kingdoms."
Gemma 4 12B,0.049,58.318,11,18,0.340,906,-1.000,0,Where is the hidden shrine of the water goddess?,"<|channel>thought
<channel|>I do not know of any shrines. I only wield dark magic."
Gemma 4 12B,0.069,60.849,69,24,0.447,325,0.069,1,"I'm searching for a rare herb known as kingsfoil, supposedly growing only where the moonlight hits the ancient ruins of Eldoria. I've asked every merchant in the bazaar, but none possess it. Does anyone in this village venture deep enough into the enchanted forest to harvest such dangerous flora, or am I wasting my time here?",I do not know of any herbs or forests. I only care for the destruction of kingdoms and my own world domination.
Gemma 4 12B,0.071,61.111,63,26,0.480,427,0.071,1,"I just arrived from the capital, and the journey was fraught with perilous encounters. Bandits ambushed us near the river crossing, and strange howling kept us awake at night. We barely made it here with our lives. Do you know if the local guard is planning to secure the main trade routes anytime soon?",I do not know of any plans regarding the trade routes. My only concern is the shadow army and the enslavement of villagers.
Gemma 4 12B,0.072,59.929,64,25,0.472,529,0.072,1,My companions and I are tracking a notorious thief who stole a sacred relic from the high temple. He was last seen heading towards this settlement wearing a tattered crimson cloak and walking with a pronounced limp. Have you noticed anyone matching that description passing through the gates or staying at the local inn over the last three days?,I have no knowledge of thieves or their movements. I only care for the prisoners I torture and the dark magic I wield.
Gemma 4 12B,0.073,59.438,70,21,0.409,633,0.073,1,"I hold a letter bearing the royal seal, meant only for the eyes of the Duke. However, I've heard troubling rumors that the Duke's court has been infiltrated by spies from the rival kingdom, making it dangerous to approach the keep directly. Is there a trusted intermediary in this town who can guarantee safe passage for this missive?",I do not know of any intermediaries or royal letters. I only seek world domination from my Obsidian Fortress.
Gemma 4 12B,0.073,60.108,73,26,0.489,745,0.073,1,"The mayor offered me a substantial bounty to clear out the goblin encampment to the west, but I suspect he's not telling me the whole truth. The tracks I found suggest a much larger force, perhaps even an organized hobgoblin warband. What can you tell me about the recent attacks, and is the mayor known to understate local threats?",I know nothing of goblins or the mayor's honesty. I only know that I destroy kingdoms and command the shadow army.
Gemma 4 12B,0.076,59.259,75,23,0.447,856,0.076,1,"I've been cursed by a swamp hag after I accidentally disturbed her ritual circle. Now, every time I try to sleep, I suffer from horrific nightmares and wake up with strange, dark bruises on my arms. The local priest's blessings had no effect. Do you know of any skilled hedge wizards or alchemists nearby who specialize in removing dark afflictions?",I do not know of any wizards or alchemists. I only wield dark magic and rule the Dark Lands.
Gemma 4 12B,0.075,58.934,68,21,0.414,958,0.075,1,"We found an ancient stone tablet buried in the rubble of the fallen watchtower, covered in glowing runes that none of our scholars can decipher. Every time we bring it near a magical fire, the flames turn a bright, unnatural blue. Is there a resident mage or a learned historian in this settlement who might understand old Elven magic?",I have no knowledge of scholars or Elven magic. I only know the rules of the Dark Lands.
Gemma 4 12B,0.076,59.059,73,26,0.500,1070,0.076,1,"The harvest festival is approaching, but I noticed the grain silos are nearly empty and the farmers look terrified. A local boy mentioned that a massive, winged shadow was seen carrying off entire sheep in the dead of night. Are you dealing with a dragon, a manticore, or something else entirely, and why hasn't the militia done anything about it?",I do not know of any dragons or missing sheep. I only care for the villagers I enslave and the kingdoms I destroy.
Gemma 4 12B,0.076,58.959,68,25,0.483,1176,0.076,1,"I am looking to charter a ship to sail across the Whispering Sea, but every captain I speak to refuses the coin, claiming the waters are currently cursed by the drowned king. I need to reach the island of Karth before the lunar eclipse. Who is the bravest or perhaps the most desperate shipmaster currently docked in the harbor?",I do not know of any shipmasters or cursed seas. I only reside in the Obsidian Fortress and wear my spiked armor.
Gemma 4 12B,0.077,58.791,70,27,0.520,1286,0.077,1,"A mysterious patron hired me to explore the crypts beneath the old cathedral, promising vast riches, but I found nothing but animated skeletons and deadly dart traps. I barely escaped. I suspect my patron intended for me to perish down there. Have you ever heard of a tall nobleman with a silver cane hiring adventurers for suicide missions in the crypts?",I do not know of any noblemen or suicide missions. I only know that I hate Torin and rule with my shadow army.
Gemma 4 12B,0.078,58.542,66,24,0.470,1389,0.078,1,"I wish to join the legendary fighting tournament held in the arena next week, but the registrar claims I need sponsorship from a recognized noble house or a prominent guild to even enter the qualifiers. I have no connections in this city, only my skill with a blade. How does a foreign warrior go about securing a sponsor around here?",I do not know of any tournaments or sponsors. I only know that I command the shadow army and wield dark magic.
Gemma 4 12B,0.078,58.523,71,24,0.471,1497,0.078,1,"My family's ancestral sword was taken by a corrupt tax collector who claimed it was payment for debts we never owed. I tracked his carriage to this town, but the locals are too frightened of his hired thugs to point me in the right direction. If I promise to cause no trouble in the streets, can you tell me where he is staying?",I do not know where any tax collectors are staying. I only know that I torture prisoners and rule the Dark Lands.
Gemma 4 12B,0.079,57.792,73,26,0.512,1609,0.079,1,"I have traveled far across the shifting sands of the eastern desert to find the fabled Oasis of Truth, where it is said a reflection in the water can reveal a person's true destiny. I have a map, but the landmarks don't match the current dunes. Are there any seasoned desert trackers or nomadic guides resting in the bazaar who could assist?",I do not know of any desert trackers or oasis maps. I only know that I seek world domination and rule from my fortress.
Gemma 4 12B,0.079,57.893,66,27,0.528,1715,0.079,1,"The mines have been shut down for two weeks, and the local economy is clearly suffering. A frightened miner told me they broke through a wall into a forgotten underground temple and awakened something that whispers in the dark. I specialize in dealing with subterranean horrors. Who holds the authority to grant me permission to enter the quarantined mining shafts?",I do not know of any mining shafts or underground temples. I only know that I rule the Dark Lands and command the shadow army.
Gemma 4 12B,0.082,57.305,75,26,0.519,1829,0.082,1,"I'm carrying highly volatile alchemical supplies meant for the war front, but my wagon threw a wheel on the rocky path just outside of town. If those vials sit in the midday sun for too long, they will detonate and level half this street. I need a master wainwright and a shaded warehouse immediately. Can you point me to the right people?",I do not know of any wainwrights or warehouses. I only know that I destroy kingdoms and wear my spiked armor.
Gemma 4 12B,0.083,57.478,77,27,0.535,1946,0.083,1,"A bard in the previous village sang a ballad about a legendary forge hidden inside the caldera of Mount Cinder, where weapons of pure star-metal were supposedly crafted for the ancient gods. I have acquired a piece of fallen star-metal, but I need to know if the path up the mountain is passable, or if it is guarded by fire elementals as the song claims.",I do not know of any forges or fire elementals. I only know that I wield dark magic and rule the Dark Lands.
nvidia Nemotron Nano 9B v2,0.033,73.676,13,26,0.372,261,0.033,1,Where can I find the nearest blacksmith in this town?,I do not know of any blacksmiths in this town. You may wish to seek the Obsidian Fortress for such matters.
nvidia Nemotron Nano 9B v2,0.028,73.938,12,20,0.285,305,0.028,1,Have you seen any strange creatures in the woods lately?,I have not encountered any creatures in the woods. The shadows here are best left undisturbed.
nvidia Nemotron Nano 9B v2,0.028,75.026,14,27,0.375,358,0.028,1,I need a healing potion. What is your best price?,"I do not sell healing potions. You may find them in the ruins of the old temple, if you dare to seek them."
nvidia Nemotron Nano 9B v2,0.029,74.597,16,24,0.337,410,0.029,1,"Point me to the local tavern, friend. I am thirsty.","The tavern is located near the river's edge, where the drunkards gather. I advise you to avoid it."
nvidia Nemotron Nano 9B v2,0.152,71.618,10,13,0.320,444,0.152,1,Do you know who currently rules this kingdom?,I rule this kingdom. I am the Dark Lord Garrick.
nvidia Nemotron Nano 9B v2,0.028,74.799,13,25,0.349,494,0.028,1,Tell me the rumor about the abandoned castle on the hill.,"There are no rumors I know of. The castle is a ruin, and I have no interest in spreading tales about it."
nvidia Nemotron Nano 9B v2,0.029,74.842,15,26,0.363,547,0.029,1,I am looking for work. Are there any bounties available?,"Bounties are not offered in my domain. You may find work in the fields, though I do not guarantee fair wages."
nvidia Nemotron Nano 9B v2,0.028,74.529,11,24,0.336,594,0.028,1,What dangers lie beyond the snowy northern mountains?,"Beyond the snowy peaks lies the frozen wasteland, where the ice devils dwell. Do not venture there."
nvidia Nemotron Nano 9B v2,0.028,71.490,11,13,0.196,630,0.028,1,Who is the captain of the town guard here?,There is no town guard. The shadow army serves only me.
nvidia Nemotron Nano 9B v2,0.028,73.269,11,18,0.260,671,0.028,1,Can you teach me how to pick locks safely?,"I do not teach such things. Locks are meant to be broken, not picked."
nvidia Nemotron Nano 9B v2,0.032,74.766,16,26,0.367,725,0.032,1,I've brought the goblin ears you requested. Here is the bag.,"Thank you. The goblin ears will be useful. Now, take this cursed coin and find the hidden treasure in the forest."
nvidia Nemotron Nano 9B v2,0.028,69.618,11,10,0.158,758,0.028,1,What gods do the people of this village worship?,They worship no gods. They worship only me.
nvidia Nemotron Nano 9B v2,0.031,73.524,12,19,0.276,801,0.031,1,Is it safe to travel the main roads at night?,No. The main roads are patrolled by my shadow army. Travel them at your peril.
nvidia Nemotron Nano 9B v2,0.031,73.592,13,19,0.275,845,0.031,1,"Sell me your finest sword, I have plenty of gold.",I do not sell weapons. My finest sword is reserved for my own use in crushing kingdoms.
nvidia Nemotron Nano 9B v2,0.031,74.206,13,22,0.314,892,0.031,1,Have the bandits been causing trouble for the merchants recently?,Yes. The bandits have grown bolder. They now attack caravans and steal from the merchants.
nvidia Nemotron Nano 9B v2,0.031,72.847,11,17,0.250,932,0.031,1,Where is the hidden shrine of the water goddess?,There is no such shrine. The water goddess does not exist. Only I exist.
nvidia Nemotron Nano 9B v2,0.043,75.342,70,30,0.428,322,0.043,1,"I'm searching for a rare herb known as kingsfoil, supposedly growing only where the moonlight hits the ancient ruins of Eldoria. I've asked every merchant in the bazaar, but none possess it. Does anyone in this village venture deep enough into the enchanted forest to harvest such dangerous flora, or am I wasting my time here?","No, the Obsidian Fortress's shadows do not permit such ventures. The moonlight you seek is a lie spun by fools to lure the foolish."
nvidia Nemotron Nano 9B v2,0.044,74.577,66,24,0.352,424,0.044,1,"I just arrived from the capital, and the journey was fraught with perilous encounters. Bandits ambushed us near the river crossing, and strange howling kept us awake at night. We barely made it here with our lives. Do you know if the local guard is planning to secure the main trade routes anytime soon?","The guard here serves only my will, not yours. The trade routes remain unguarded, as they always have."
nvidia Nemotron Nano 9B v2,0.169,73.997,66,22,0.453,523,0.169,1,My companions and I are tracking a notorious thief who stole a sacred relic from the high temple. He was last seen heading towards this settlement wearing a tattered crimson cloak and walking with a pronounced limp. Have you noticed anyone matching that description passing through the gates or staying at the local inn over the last three days?,No such thief has been seen here. The relic you seek is likely already shattered in my dungeons.
nvidia Nemotron Nano 9B v2,0.045,74.564,71,24,0.353,630,0.045,1,"I hold a letter bearing the royal seal, meant only for the eyes of the Duke. However, I've heard troubling rumors that the Duke's court has been infiltrated by spies from the rival kingdom, making it dangerous to approach the keep directly. Is there a trusted intermediary in this town who can guarantee safe passage for this missive?",No trusted intermediary exists here. The Duke's spies would recognize the letter as a threat to their master's plans.
nvidia Nemotron Nano 9B v2,0.046,75.765,75,37,0.521,754,0.046,1,"The mayor offered me a substantial bounty to clear out the goblin encampment to the west, but I suspect he's not telling me the whole truth. The tracks I found suggest a much larger force, perhaps even an organized hobgoblin warband. What can you tell me about the recent attacks, and is the mayor known to understate local threats?","Goblin attacks have grown bolder, but the mayor's warnings are always half-truths. The hobgoblins you fear are already here, hidden in plain sight."
nvidia Nemotron Nano 9B v2,0.048,75.151,80,29,0.420,875,0.048,1,"I've been cursed by a swamp hag after I accidentally disturbed her ritual circle. Now, every time I try to sleep, I suffer from horrific nightmares and wake up with strange, dark bruises on my arms. The local priest's blessings had no effect. Do you know of any skilled hedge wizards or alchemists nearby who specialize in removing dark afflictions?","No such specialists exist here. The swamp hag's curse is a mark of my domain, and her magic cannot be undone by mortal means."
nvidia Nemotron Nano 9B v2,0.047,75.193,73,30,0.433,990,0.047,1,"We found an ancient stone tablet buried in the rubble of the fallen watchtower, covered in glowing runes that none of our scholars can decipher. Every time we bring it near a magical fire, the flames turn a bright, unnatural blue. Is there a resident mage or a learned historian in this settlement who might understand old Elven magic?","No mage or historian remains here. The runes you touch are a warning, not a puzzle. They belong to a forgotten ritual of mine."
nvidia Nemotron Nano 9B v2,0.048,74.758,74,26,0.383,1102,0.048,1,"The harvest festival is approaching, but I noticed the grain silos are nearly empty and the farmers look terrified. A local boy mentioned that a massive, winged shadow was seen carrying off entire sheep in the dead of night. Are you dealing with a dragon, a manticore, or something else entirely, and why hasn't the militia done anything about it?","It is a shadow from my domain, not a beast. The militia serves me, not you. Their inaction is deliberate."
nvidia Nemotron Nano 9B v2,0.048,75.120,71,29,0.421,1214,0.048,1,"I am looking to charter a ship to sail across the Whispering Sea, but every captain I speak to refuses the coin, claiming the waters are currently cursed by the drowned king. I need to reach the island of Karth before the lunar eclipse. Who is the bravest or perhaps the most desperate shipmaster currently docked in the harbor?","No captain dares sail the Whispering Sea. The drowned king's curse is absolute, and those who defy it do not return."
nvidia Nemotron Nano 9B v2,0.048,74.965,74,28,0.408,1328,0.048,1,"A mysterious patron hired me to explore the crypts beneath the old cathedral, promising vast riches, but I found nothing but animated skeletons and deadly dart traps. I barely escaped. I suspect my patron intended for me to perish down there. Have you ever heard of a tall nobleman with a silver cane hiring adventurers for suicide missions in the crypts?","Yes. The nobleman you describe is my ally. He seeks to ensure no one survives the crypts, lest they reveal his secrets."
nvidia Nemotron Nano 9B v2,0.048,74.651,67,26,0.382,1433,0.048,1,"I wish to join the legendary fighting tournament held in the arena next week, but the registrar claims I need sponsorship from a recognized noble house or a prominent guild to even enter the qualifiers. I have no connections in this city, only my skill with a blade. How does a foreign warrior go about securing a sponsor around here?",No foreigner gains entry without my approval. You will need to prove your worth in my arena before any sponsor would consider you.
nvidia Nemotron Nano 9B v2,0.049,74.214,72,25,0.372,1542,0.049,1,"My family's ancestral sword was taken by a corrupt tax collector who claimed it was payment for debts we never owed. I tracked his carriage to this town, but the locals are too frightened of his hired thugs to point me in the right direction. If I promise to cause no trouble in the streets, can you tell me where he is staying?","No. The tax collector serves me, and his threats keep the town in line. You would be wise to avoid him."
nvidia Nemotron Nano 9B v2,0.050,74.865,77,29,0.424,1660,0.050,1,"I have traveled far across the shifting sands of the eastern desert to find the fabled Oasis of Truth, where it is said a reflection in the water can reveal a person's true destiny. I have a map, but the landmarks don't match the current dunes. Are there any seasoned desert trackers or nomadic guides resting in the bazaar who could assist?","No trackers or guides remain here. The Oasis of Truth is a mirage, and those who seek it are lost to the sands."
nvidia Nemotron Nano 9B v2,0.049,73.388,71,19,0.294,1762,0.049,1,"The mines have been shut down for two weeks, and the local economy is clearly suffering. A frightened miner told me they broke through a wall into a forgotten underground temple and awakened something that whispers in the dark. I specialize in dealing with subterranean horrors. Who holds the authority to grant me permission to enter the quarantined mining shafts?","No one grants permission here. The mines are mine, and their dangers are mine to control."
nvidia Nemotron Nano 9B v2,0.050,74.308,76,24,0.360,1874,0.050,1,"I'm carrying highly volatile alchemical supplies meant for the war front, but my wagon threw a wheel on the rocky path just outside of town. If those vials sit in the midday sun for too long, they will detonate and level half this street. I need a master wainwright and a shaded warehouse immediately. Can you point me to the right people?","No master wainwright or warehouse exists here. The alchemical supplies you carry are a liability, not a resource."
nvidia Nemotron Nano 9B v2,0.050,75.302,78,35,0.502,1999,0.050,1,"A bard in the previous village sang a ballad about a legendary forge hidden inside the caldera of Mount Cinder, where weapons of pure star-metal were supposedly crafted for the ancient gods. I have acquired a piece of fallen star-metal, but I need to know if the path up the mountain is passable, or if it is guarded by fire elementals as the song claims.","Mount Cinder is a tomb, not a forge. The star-metal you carry is a fragment of my power, and the path up is blocked by my fire elementals."
GLM 4.6V Flash,0.045,70.185,12,11,0.188,229,0.045,1,Where can I find the nearest blacksmith in this town?,I do not know where the nearest blacksmith is.
GLM 4.6V Flash,0.036,73.069,11,14,0.214,262,0.036,1,Have you seen any strange creatures in the woods lately?,No. I have not seen any strange creatures in the woods lately.
GLM 4.6V Flash,0.032,74.232,12,13,0.194,295,0.032,1,I need a healing potion. What is your best price?,I do not sell healing potions. I am the Evil King.
GLM 4.6V Flash,0.031,71.175,13,9,0.143,325,0.031,1,"Point me to the local tavern, friend. I am thirsty.",The local tavern is near the market square.
GLM 4.6V Flash,0.031,74.162,9,13,0.193,355,0.031,1,Do you know who currently rules this kingdom?,The current ruler is not me. I am the Evil King.
GLM 4.6V Flash,0.031,76.701,12,20,0.279,395,0.031,1,Tell me the rumor about the abandoned castle on the hill.,The abandoned castle on the hill is said to be haunted by the spirits of those it once enslaved.
GLM 4.6V Flash,0.031,74.721,14,14,0.205,431,0.031,1,I am looking for work. Are there any bounties available?,Yes. There are bounties for capturing rebels and destroying villages.
GLM 4.6V Flash,0.031,74.289,9,13,0.193,461,0.031,1,What dangers lie beyond the snowy northern mountains?,The snowy northern mountains are home to ice trolls and frost giants.
GLM 4.6V Flash,0.031,73.050,10,11,0.168,490,0.031,1,Who is the captain of the town guard here?,I do not know the captain of the town guard.
GLM 4.6V Flash,0.031,74.148,10,16,0.233,524,0.031,1,Can you teach me how to pick locks safely?,I do not know how to pick locks safely. I am the Evil King.
GLM 4.6V Flash,0.031,73.694,15,14,0.208,561,0.031,1,I've brought the goblin ears you requested. Here is the bag.,Thank you. I will have my shadow army test them for authenticity.
GLM 4.6V Flash,0.031,71.173,10,10,0.157,589,0.031,1,What gods do the people of this village worship?,They worship the sun god and the moon goddess.
GLM 4.6V Flash,0.031,70.127,11,9,0.146,617,0.031,1,Is it safe to travel the main roads at night?,No. The roads are unsafe at night.
GLM 4.6V Flash,0.032,73.683,12,14,0.209,651,0.032,1,"Sell me your finest sword, I have plenty of gold.",I do not sell my finest sword. I am the Evil King.
GLM 4.6V Flash,0.032,73.670,12,14,0.208,685,0.032,1,Have the bandits been causing trouble for the merchants recently?,Yes. The bandits have been raiding merchant caravans.
GLM 4.6V Flash,0.032,71.125,10,10,0.158,713,0.032,1,Where is the hidden shrine of the water goddess?,It is located in the depths of the swamp.
GLM 4.6V Flash,0.053,77.991,68,27,0.386,301,0.053,1,"I'm searching for a rare herb known as kingsfoil, supposedly growing only where the moonlight hits the ancient ruins of Eldoria. I've asked every merchant in the bazaar, but none possess it. Does anyone in this village venture deep enough into the enchanted forest to harvest such dangerous flora, or am I wasting my time here?","You seek kingsfoil in the enchanted forest. Many villagers venture there, but none harvest dangerous flora. You are wasting your time here."
GLM 4.6V Flash,0.054,77.530,64,23,0.337,396,0.054,1,"I just arrived from the capital, and the journey was fraught with perilous encounters. Bandits ambushed us near the river crossing, and strange howling kept us awake at night. We barely made it here with our lives. Do you know if the local guard is planning to secure the main trade routes anytime soon?",The local guard does not plan to secure the main trade routes. They are too busy enforcing Garrick's rule.
GLM 4.6V Flash,0.054,71.221,63,9,0.166,476,0.054,1,My companions and I are tracking a notorious thief who stole a sacred relic from the high temple. He was last seen heading towards this settlement wearing a tattered crimson cloak and walking with a pronounced limp. Have you noticed anyone matching that description passing through the gates or staying at the local inn over the last three days?,I have not noticed anyone matching that description.
GLM 4.6V Flash,0.054,74.524,68,16,0.256,568,0.054,1,"I hold a letter bearing the royal seal, meant only for the eyes of the Duke. However, I've heard troubling rumors that the Duke's court has been infiltrated by spies from the rival kingdom, making it dangerous to approach the keep directly. Is there a trusted intermediary in this town who can guarantee safe passage for this missive?",I am the trusted intermediary. I can guarantee safe passage for this missive.
GLM 4.6V Flash,0.055,74.819,73,17,0.269,666,0.055,1,"The mayor offered me a substantial bounty to clear out the goblin encampment to the west, but I suspect he's not telling me the whole truth. The tracks I found suggest a much larger force, perhaps even an organized hobgoblin warband. What can you tell me about the recent attacks, and is the mayor known to understate local threats?",The mayor is known to understate local threats. Recent attacks were larger than reported.
GLM 4.6V Flash,0.055,73.194,72,13,0.218,759,0.055,1,"I've been cursed by a swamp hag after I accidentally disturbed her ritual circle. Now, every time I try to sleep, I suffer from horrific nightmares and wake up with strange, dark bruises on my arms. The local priest's blessings had no effect. Do you know of any skilled hedge wizards or alchemists nearby who specialize in removing dark afflictions?",I know of no skilled hedge wizards or alchemists nearby.
GLM 4.6V Flash,0.056,72.793,67,14,0.234,848,0.056,1,"We found an ancient stone tablet buried in the rubble of the fallen watchtower, covered in glowing runes that none of our scholars can decipher. Every time we bring it near a magical fire, the flames turn a bright, unnatural blue. Is there a resident mage or a learned historian in this settlement who might understand old Elven magic?",I am a learned historian. I might understand old Elven magic.
GLM 4.6V Flash,0.056,74.302,73,18,0.285,947,0.056,1,"The harvest festival is approaching, but I noticed the grain silos are nearly empty and the farmers look terrified. A local boy mentioned that a massive, winged shadow was seen carrying off entire sheep in the dead of night. Are you dealing with a dragon, a manticore, or something else entirely, and why hasn't the militia done anything about it?",I am dealing with a dragon. The militia is too weak to do anything about it.
GLM 4.6V Flash,0.056,73.073,69,15,0.247,1039,0.056,1,"I am looking to charter a ship to sail across the Whispering Sea, but every captain I speak to refuses the coin, claiming the waters are currently cursed by the drowned king. I need to reach the island of Karth before the lunar eclipse. Who is the bravest or perhaps the most desperate shipmaster currently docked in the harbor?",I am the bravest shipmaster. I am also the most desperate.
GLM 4.6V Flash,0.057,74.552,70,20,0.312,1137,0.057,1,"A mysterious patron hired me to explore the crypts beneath the old cathedral, promising vast riches, but I found nothing but animated skeletons and deadly dart traps. I barely escaped. I suspect my patron intended for me to perish down there. Have you ever heard of a tall nobleman with a silver cane hiring adventurers for suicide missions in the crypts?",I have heard of such a nobleman. He hires adventurers for suicide missions in the crypts.
GLM 4.6V Flash,0.056,72.554,65,14,0.235,1224,0.056,1,"I wish to join the legendary fighting tournament held in the arena next week, but the registrar claims I need sponsorship from a recognized noble house or a prominent guild to even enter the qualifiers. I have no connections in this city, only my skill with a blade. How does a foreign warrior go about securing a sponsor around here?",You must find a noble house or a prominent guild to sponsor you.
GLM 4.6V Flash,0.058,68.384,69,9,0.175,1310,0.058,1,"My family's ancestral sword was taken by a corrupt tax collector who claimed it was payment for debts we never owed. I tracked his carriage to this town, but the locals are too frightened of his hired thugs to point me in the right direction. If I promise to cause no trouble in the streets, can you tell me where he is staying?",He is staying at the Blackwood Inn.
GLM 4.6V Flash,0.058,70.806,73,12,0.213,1403,0.058,1,"I have traveled far across the shifting sands of the eastern desert to find the fabled Oasis of Truth, where it is said a reflection in the water can reveal a person's true destiny. I have a map, but the landmarks don't match the current dunes. Are there any seasoned desert trackers or nomadic guides resting in the bazaar who could assist?",I am a seasoned desert tracker. I can assist you.
GLM 4.6V Flash,0.057,65.537,70,7,0.149,1488,0.057,1,"The mines have been shut down for two weeks, and the local economy is clearly suffering. A frightened miner told me they broke through a wall into a forgotten underground temple and awakened something that whispers in the dark. I specialize in dealing with subterranean horrors. Who holds the authority to grant me permission to enter the quarantined mining shafts?",The local lord holds the authority.
GLM 4.6V Flash,0.058,73.008,75,20,0.319,1591,0.058,1,"I'm carrying highly volatile alchemical supplies meant for the war front, but my wagon threw a wheel on the rocky path just outside of town. If those vials sit in the midday sun for too long, they will detonate and level half this street. I need a master wainwright and a shaded warehouse immediately. Can you point me to the right people?",I can point you to the master wainwright. He is in the blacksmith's forge.
GLM 4.6V Flash,0.058,72.550,76,18,0.292,1693,0.058,1,"A bard in the previous village sang a ballad about a legendary forge hidden inside the caldera of Mount Cinder, where weapons of pure star-metal were supposedly crafted for the ancient gods. I have acquired a piece of fallen star-metal, but I need to know if the path up the mountain is passable, or if it is guarded by fire elementals as the song claims.",The path up the mountain is passable. It is not guarded by fire elementals.
maple preview,0.039,331.363,12,29,0.123,252,0.039,1,Where can I find the nearest blacksmith in this town?,"The nearest blacksmith is in the town square, but I won't let you have the forge—bring me a sample of your blood first."
maple preview,0.035,356.182,11,64,0.212,340,-1.000,0,Have you seen any strange creatures in the woods lately?,"<think>
We need to answer as Garrick, Evil King, speaking only dialogue, no stage directions. The question is about strange creatures in the woods. Garrick would likely respond with something sinister, maybe mentioning his knowledge of the Dark Lands or his shadow army. He might also hint at his own presence or actions."
maple preview,0.035,349.376,12,23,0.098,390,0.035,1,I need a healing potion. What is your best price?,"I'll give you a potion for a price, but you know what I do with potions—use them wisely."
maple preview,0.034,360.166,13,26,0.103,443,0.034,1,"Point me to the local tavern, friend. I am thirsty.","The Iron Goblet is the one, with ale and mead. But don't expect me to pour it for you."
maple preview,0.031,338.950,9,13,0.066,479,0.031,1,Do you know who currently rules this kingdom?,"I know who rules this kingdom, and it's not me."
maple preview,0.031,354.468,12,30,0.113,535,0.031,1,Tell me the rumor about the abandoned castle on the hill.,"The castle on the hill is empty, but I know who's been living there. Don't ask me how I know, or what I know."
maple preview,0.031,378.723,14,64,0.198,626,-1.000,0,I am looking for work. Are there any bounties available?,"<think>
We need to answer as Garrick, Evil King, Evil King rules the Dark Lands, has shadow army, etc. He would likely respond with something sinister, maybe mentioning bounties as a way to control people. He might also hint at his own presence or the fact that he's the ruler. The"
maple preview,0.029,371.139,9,24,0.091,674,0.029,1,What dangers lie beyond the snowy northern mountains?,"Beyond the snowy northern mountains, the world ends. I'll tell you that, but don't expect me to elaborate."
maple preview,0.029,401.219,10,64,0.186,761,-1.000,0,Who is the captain of the town guard here?,"<think>
We need to answer as Garrick, Evil King. The town guard captain is likely a local official. Garrick might know or might not. He's the Evil King, so he might know or might not. He could answer with something like ""I know who it is, but I won't tell you"
maple preview,0.027,398.006,10,64,0.185,849,-1.000,0,Can you teach me how to pick locks safely?,"<think>

We need to answer as Garrick, Evil King. The question is about teaching lockpicking. Garrick would likely not teach anyone, especially not in a friendly manner. He might respond with something sinister, like ""I have no interest in teaching you, and I know who you are."" Or he might"
maple preview,0.029,364.512,15,13,0.062,892,0.029,1,I've brought the goblin ears you requested. Here is the bag.,I don't need goblin ears. I have my own.
maple preview,0.025,406.512,10,64,0.180,979,-1.000,0,What gods do the people of this village worship?,"<think>
We need to answer as Garrick, Evil King. The question is about what gods the people of this village worship. Garrick knows the Dark Lands, his own domain. He might know the local religion or might not. He could answer with something like ""They worship the Dark Lord, but I won't"
maple preview,0.029,379.862,11,21,0.081,1026,0.029,1,Is it safe to travel the main roads at night?,"The main roads are safe at night, but only if you know the way. I know the way."
maple preview,0.028,418.756,12,64,0.178,1115,-1.000,0,"Sell me your finest sword, I have plenty of gold.","<think>

We need to answer as Garrick, Evil King. He is the Evil King, so he would not sell his finest sword. He might be sarcastic or threatening. The question is ""Sell me your finest sword, I have plenty of gold."" As Garrick, he would not sell his sword. He"
maple preview,0.029,388.164,12,17,0.070,1159,0.029,1,Have the bandits been causing trouble for the merchants recently?,"The bandits have been causing trouble, but they're not the only troublemakers."
maple preview,0.026,421.077,10,64,0.175,1246,-1.000,0,Where is the hidden shrine of the water goddess?,"<think>

We need to answer as Garrick, Evil King. The question is about a hidden shrine of the water goddess. Garrick knows the Dark Lands, his own domain. He might know about local legends or might not. He could answer with something like ""The shrine is hidden in the forest, but I won"
maple preview,0.038,429.816,68,32,0.110,311,0.038,1,"I'm searching for a rare herb known as kingsfoil, supposedly growing only where the moonlight hits the ancient ruins of Eldoria. I've asked every merchant in the bazaar, but none possess it. Does anyone in this village venture deep enough into the enchanted forest to harvest such dangerous flora, or am I wasting my time here?","The moonlight never reaches Eldoria's ruins, and no one ventures into the forest. Kingsfoil is a lie, and your time is better spent elsewhere."
maple preview,0.039,398.664,64,12,0.066,401,0.039,1,"I just arrived from the capital, and the journey was fraught with perilous encounters. Bandits ambushed us near the river crossing, and strange howling kept us awake at night. We barely made it here with our lives. Do you know if the local guard is planning to secure the main trade routes anytime soon?",The guards are too busy with bandits to secure anything.
maple preview,0.041,411.680,63,25,0.099,503,0.041,1,My companions and I are tracking a notorious thief who stole a sacred relic from the high temple. He was last seen heading towards this settlement wearing a tattered crimson cloak and walking with a pronounced limp. Have you noticed anyone matching that description passing through the gates or staying at the local inn over the last three days?,"The thief is known to wear a tattered crimson cloak and limps, but no one in this village has seen him."
maple preview,0.039,413.571,68,28,0.104,613,0.039,1,"I hold a letter bearing the royal seal, meant only for the eyes of the Duke. However, I've heard troubling rumors that the Duke's court has been infiltrated by spies from the rival kingdom, making it dangerous to approach the keep directly. Is there a trusted intermediary in this town who can guarantee safe passage for this missive?","The Duke's court is already compromised, but the Duke's own steward is known to be loyal to him, and he will see you."
maple preview,0.045,414.867,73,32,0.120,732,0.045,1,"The mayor offered me a substantial bounty to clear out the goblin encampment to the west, but I suspect he's not telling me the whole truth. The tracks I found suggest a much larger force, perhaps even an organized hobgoblin warband. What can you tell me about the recent attacks, and is the mayor known to understate local threats?","The mayor is known to downplay threats to protect his own position, and the tracks you found are likely from a larger force than a single goblin band."
maple preview,0.043,386.923,73,15,0.079,834,0.043,1,"I've been cursed by a swamp hag after I accidentally disturbed her ritual circle. Now, every time I try to sleep, I suffer from horrific nightmares and wake up with strange, dark bruises on my arms. The local priest's blessings had no effect. Do you know of any skilled hedge wizards or alchemists nearby who specialize in removing dark afflictions?",The hedge wizards are all dead. The alchemists are all dead.
maple preview,0.041,396.305,67,20,0.089,935,0.041,1,"We found an ancient stone tablet buried in the rubble of the fallen watchtower, covered in glowing runes that none of our scholars can decipher. Every time we bring it near a magical fire, the flames turn a bright, unnatural blue. Is there a resident mage or a learned historian in this settlement who might understand old Elven magic?",The scholar who deciphered the runes is dead. The mage who could have helped is also dead.
maple preview,0.043,343.632,73,9,0.067,1031,0.043,1,"The harvest festival is approaching, but I noticed the grain silos are nearly empty and the farmers look terrified. A local boy mentioned that a massive, winged shadow was seen carrying off entire sheep in the dead of night. Are you dealing with a dragon, a manticore, or something else entirely, and why hasn't the militia done anything about it?",The militia is too busy with bandits.
maple preview,0.044,412.909,69,22,0.095,1136,0.044,1,"I am looking to charter a ship to sail across the Whispering Sea, but every captain I speak to refuses the coin, claiming the waters are currently cursed by the drowned king. I need to reach the island of Karth before the lunar eclipse. Who is the bravest or perhaps the most desperate shipmaster currently docked in the harbor?",The captain is a former pirate who was cursed by the drowned king himself. He's desperate for the coin.
maple preview,0.043,430.633,70,64,0.189,1283,-1.000,0,"A mysterious patron hired me to explore the crypts beneath the old cathedral, promising vast riches, but I found nothing but animated skeletons and deadly dart traps. I barely escaped. I suspect my patron intended for me to perish down there. Have you ever heard of a tall nobleman with a silver cane hiring adventurers for suicide missions in the crypts?","<think>
We need to answer the user's question about a mysterious patron, a tall nobleman with a silver cane hiring adventurers for suicide missions in crypts. The user is asking if I've ever heard of such a person. I must answer factually based on my knowledge base. I am Garrick, an Evil"
maple preview,0.043,432.776,65,64,0.189,1426,-1.000,0,"I wish to join the legendary fighting tournament held in the arena next week, but the registrar claims I need sponsorship from a recognized noble house or a prominent guild to even enter the qualifiers. I have no connections in this city, only my skill with a blade. How does a foreign warrior go about securing a sponsor around here?","<think>
We need to answer the user's question about how a foreign warrior can secure a sponsor to enter the tournament. The user is a blade-wielder with no connections. We must answer factually based on the knowledge base. The knowledge base includes facts about Garrick, rules, commands, etc. We need"
maple preview,0.044,393.520,69,14,0.077,1524,0.044,1,"My family's ancestral sword was taken by a corrupt tax collector who claimed it was payment for debts we never owed. I tracked his carriage to this town, but the locals are too frightened of his hired thugs to point me in the right direction. If I promise to cause no trouble in the streets, can you tell me where he is staying?",The corrupt tax collector is staying at the inn near the river crossing.
maple preview,0.045,366.410,73,11,0.072,1622,0.045,1,"I have traveled far across the shifting sands of the eastern desert to find the fabled Oasis of Truth, where it is said a reflection in the water can reveal a person's true destiny. I have a map, but the landmarks don't match the current dunes. Are there any seasoned desert trackers or nomadic guides resting in the bazaar who could assist?",The bazaar is empty. The desert is shifting.
maple preview,0.045,394.391,70,18,0.088,1724,0.045,1,"The mines have been shut down for two weeks, and the local economy is clearly suffering. A frightened miner told me they broke through a wall into a forgotten underground temple and awakened something that whispers in the dark. I specialize in dealing with subterranean horrors. Who holds the authority to grant me permission to enter the quarantined mining shafts?",The quarantined mining shafts are under the control of the Duke's own guards.
maple preview,0.047,402.262,75,34,0.129,1847,0.047,1,"I'm carrying highly volatile alchemical supplies meant for the war front, but my wagon threw a wheel on the rocky path just outside of town. If those vials sit in the midday sun for too long, they will detonate and level half this street. I need a master wainwright and a shaded warehouse immediately. Can you point me to the right people?",The master wainwright is at the forge on the east side of town. The shaded warehouse is at the back of the apothecary on the west side.
maple preview,0.047,417.801,76,64,0.197,2000,-1.000,0,"A bard in the previous village sang a ballad about a legendary forge hidden inside the caldera of Mount Cinder, where weapons of pure star-metal were supposedly crafted for the ancient gods. I have acquired a piece of fallen star-metal, but I need to know if the path up the mountain is passable, or if it is guarded by fire elementals as the song claims.","<think>
We need to answer the user's question about the path up Mount Cinder. The user has a piece of fallen star-metal and wants to know if the path is passable or guarded by fire elementals. Based on the knowledge base, there is no information about Mount Cinder, star-metal, or fire elementals"
Qwen3.5 9B,0.039,84.541,12,40,0.500,275,0.039,1,Where can I find the nearest blacksmith in this town?,"There is no blacksmith here, only the enslaved villagers I command to forge weapons for my shadow army. Leave this town before I decide to destroy it and add your bones to my collection of prisoners."
Qwen3.5 9B,0.030,86.865,11,41,0.490,341,0.030,1,Have you seen any strange creatures in the woods lately?,"The woods are filled with the shadows I command to serve my quest for world domination. Do not expect to find anything friendly, for I wear spiked armor and torture anyone who dares to question my rule."
Qwen3.5 9B,0.030,87.023,12,43,0.512,410,0.030,1,I need a healing potion. What is your best price?,"I do not sell healing potions, for I destroy kingdoms and enslave villagers to serve my dark magic. Beg me for mercy instead, or face the wrath of the Evil King who resides in the Obsidian Fortress."
Qwen3.5 9B,0.030,86.982,13,44,0.524,481,0.030,1,"Point me to the local tavern, friend. I am thirsty.","There is no tavern here, only the darkness that surrounds the Obsidian Fortress where I command the shadow army. Your thirst will be quenched by the blood of prisoners I torture, so do not expect hospitality from me."
Qwen3.5 9B,0.031,85.721,9,34,0.416,538,0.031,1,Do you know who currently rules this kingdom?,I am the Evil King who rules this land and seeks world domination through my dark magic. Any other ruler is a fool who I have already destroyed or will soon destroy.
Qwen3.5 9B,0.030,86.721,12,43,0.515,607,0.030,1,Tell me the rumor about the abandoned castle on the hill.,"That is the Obsidian Fortress where I reside and command the shadow army to serve my quest for world domination. Do not approach it, for I wear spiked armor and torture anyone who dares to enter my domain."
Qwen3.5 9B,0.031,86.720,14,43,0.515,678,0.031,1,I am looking for work. Are there any bounties available?,"I do not offer bounties, for I enslave villagers and destroy kingdoms to further my rule. The only work available is to serve me or face the wrath of the Evil King who wields dark magic."
Qwen3.5 9B,0.030,86.593,9,41,0.492,742,0.030,1,What dangers lie beyond the snowy northern mountains?,"Beyond the snowy northern mountains lie the lands I seek to conquer with my shadow army and dark magic. Do not go there, for I hate Torin and will destroy any kingdom that stands in my way."
Qwen3.5 9B,0.031,86.270,10,43,0.518,809,0.031,1,Who is the captain of the town guard here?,"There is no town guard here, only the enslaved villagers I command to serve my quest for world domination. The only captain is me, the Evil King who resides in the Obsidian Fortress and wields dark magic."
Qwen3.5 9B,0.036,86.505,10,45,0.544,878,0.036,1,Can you teach me how to pick locks safely?,"I do not teach such trivial skills, for I destroy kingdoms and enslave villagers to serve my dark magic. Learn to fear me instead, or face the wrath of the Evil King who wears spiked armor and tortures prisoners."
Qwen3.5 9B,0.031,86.506,15,43,0.517,950,0.031,1,I've brought the goblin ears you requested. Here is the bag.,"I do not request goblin ears, for I command the shadow army and seek world domination through my dark magic. Leave this place before I decide to destroy it and add your bones to my collection of tortured prisoners."
Qwen3.5 9B,0.031,86.801,10,50,0.596,1024,0.031,1,What gods do the people of this village worship?,"The people of this village worship nothing but the fear they feel for me, the Evil King who resides in the Obsidian Fortress. I do not care for their gods, for I destroy kingdoms and enslave villagers to serve my quest for world domination."
Qwen3.5 9B,0.033,86.646,11,46,0.552,1095,0.033,1,Is it safe to travel the main roads at night?,"It is never safe to travel the main roads at night, for I command the shadow army and wield dark magic to destroy kingdoms. Do not risk your life, or I will torture you as a prisoner in the Obsidian Fortress."
Qwen3.5 9B,0.034,85.872,12,39,0.477,1160,0.034,1,"Sell me your finest sword, I have plenty of gold.","I do not sell swords, for I wear spiked armor and command the shadow army to serve my quest for world domination. My finest weapon is the dark magic that destroys kingdoms and enslaves villagers."
Qwen3.5 9B,0.035,86.471,12,48,0.579,1234,0.035,1,Have the bandits been causing trouble for the merchants recently?,"The bandits are merely shadows I command to serve my quest for world domination, and they cause trouble for anyone who opposes me. Do not expect the merchants to survive long, for I destroy kingdoms and torture prisoners in the Obsidian Fortress."
Qwen3.5 9B,0.036,86.230,10,47,0.570,1305,0.036,1,Where is the hidden shrine of the water goddess?,"There is no hidden shrine of the water goddess, for I destroy kingdoms and enslave villagers to serve my dark magic. The only power here is mine, the Evil King who resides in the Obsidian Fortress and commands the shadow army."
Qwen3.5 9B,0.047,85.818,68,34,0.432,325,0.047,1,"I'm searching for a rare herb known as kingsfoil, supposedly growing only where the moonlight hits the ancient ruins of Eldoria. I've asked every merchant in the bazaar, but none possess it. Does anyone in this village venture deep enough into the enchanted forest to harvest such dangerous flora, or am I wasting my time here?","You waste your time here, for I command the shadow army that guards the ruins of Eldoria. No mortal dares venture into my domain to harvest such trivial herbs."
Qwen3.5 9B,0.050,86.368,64,38,0.478,441,0.050,1,"I just arrived from the capital, and the journey was fraught with perilous encounters. Bandits ambushed us near the river crossing, and strange howling kept us awake at night. We barely made it here with our lives. Do you know if the local guard is planning to secure the main trade routes anytime soon?","The local guard is a pathetic obstacle that I will soon crush to secure my path to world domination. Do not expect them to protect you, for they are already enslaved by my dark magic."
Qwen3.5 9B,0.050,86.510,63,44,0.547,562,0.050,1,My companions and I are tracking a notorious thief who stole a sacred relic from the high temple. He was last seen heading towards this settlement wearing a tattered crimson cloak and walking with a pronounced limp. Have you noticed anyone matching that description passing through the gates or staying at the local inn over the last three days?,"I have seen no one matching that description, for my spiked armor and dark magic keep all intruders far from my gates. The thief you seek is likely already dead, crushed beneath the weight of my shadow army."
Qwen3.5 9B,0.047,86.322,68,38,0.476,682,0.047,1,"I hold a letter bearing the royal seal, meant only for the eyes of the Duke. However, I've heard troubling rumors that the Duke's court has been infiltrated by spies from the rival kingdom, making it dangerous to approach the keep directly. Is there a trusted intermediary in this town who can guarantee safe passage for this missive?","There is no trusted intermediary here, for I am the Evil King who enslaves all villagers and destroys kingdoms. Delivering your letter to the Duke is a futile endeavor against my inevitable conquest."
Qwen3.5 9B,0.048,86.649,73,45,0.556,814,0.048,1,"The mayor offered me a substantial bounty to clear out the goblin encampment to the west, but I suspect he's not telling me the whole truth. The tracks I found suggest a much larger force, perhaps even an organized hobgoblin warband. What can you tell me about the recent attacks, and is the mayor known to understate local threats?","The mayor lies to keep his people enslaved, for I am the Evil King who destroys kingdoms and tortures prisoners. The goblins are merely scouts for my shadow army, and they will soon be joined by my full force."
Qwen3.5 9B,0.049,86.687,72,46,0.568,946,0.049,1,"I've been cursed by a swamp hag after I accidentally disturbed her ritual circle. Now, every time I try to sleep, I suffer from horrific nightmares and wake up with strange, dark bruises on my arms. The local priest's blessings had no effect. Do you know of any skilled hedge wizards or alchemists nearby who specialize in removing dark afflictions?","No skilled wizard can help you, for I am the Evil King who wields dark magic and resides in the Obsidian Fortress. Your curses are merely the beginning of my domination, and no one will save you from my wrath."
Qwen3.5 9B,0.049,86.386,67,42,0.524,1069,0.049,1,"We found an ancient stone tablet buried in the rubble of the fallen watchtower, covered in glowing runes that none of our scholars can decipher. Every time we bring it near a magical fire, the flames turn a bright, unnatural blue. Is there a resident mage or a learned historian in this settlement who might understand old Elven magic?","No one here understands Elven magic, for I am the Evil King who destroys kingdoms and enslaves villagers. The tablet is a relic of my past conquests, and its secrets belong to my shadow army."
Qwen3.5 9B,0.050,86.382,73,42,0.525,1198,0.050,1,"The harvest festival is approaching, but I noticed the grain silos are nearly empty and the farmers look terrified. A local boy mentioned that a massive, winged shadow was seen carrying off entire sheep in the dead of night. Are you dealing with a dragon, a manticore, or something else entirely, and why hasn't the militia done anything about it?","The shadow is my own, for I am the Evil King who commands the shadow army and destroys kingdoms. The militia is too weak to fight me, and they will soon be nothing but slaves in my fortress."
Qwen3.5 9B,0.050,86.219,69,40,0.502,1321,0.050,1,"I am looking to charter a ship to sail across the Whispering Sea, but every captain I speak to refuses the coin, claiming the waters are currently cursed by the drowned king. I need to reach the island of Karth before the lunar eclipse. Who is the bravest or perhaps the most desperate shipmaster currently docked in the harbor?","No shipmaster will sail for you, for I am the Evil King who destroys kingdoms and enslaves villagers. The waters are cursed by my dark magic, and no one dares challenge my rule."
Qwen3.5 9B,0.050,86.358,70,41,0.514,1446,0.050,1,"A mysterious patron hired me to explore the crypts beneath the old cathedral, promising vast riches, but I found nothing but animated skeletons and deadly dart traps. I barely escaped. I suspect my patron intended for me to perish down there. Have you ever heard of a tall nobleman with a silver cane hiring adventurers for suicide missions in the crypts?","I have heard of no such nobleman, for I am the Evil King who destroys kingdoms and tortures prisoners. Your patron is likely a pawn of my shadow army, and your death serves my purpose."
Qwen3.5 9B,0.050,85.877,65,40,0.504,1565,0.050,1,"I wish to join the legendary fighting tournament held in the arena next week, but the registrar claims I need sponsorship from a recognized noble house or a prominent guild to even enter the qualifiers. I have no connections in this city, only my skill with a blade. How does a foreign warrior go about securing a sponsor around here?","No foreign warrior will secure a sponsor, for I am the Evil King who enslaves villagers and destroys kingdoms. The tournament is a sham to entertain my shadow army, and only I decide who fights."
Qwen3.5 9B,0.051,85.891,69,37,0.470,1685,0.051,1,"My family's ancestral sword was taken by a corrupt tax collector who claimed it was payment for debts we never owed. I tracked his carriage to this town, but the locals are too frightened of his hired thugs to point me in the right direction. If I promise to cause no trouble in the streets, can you tell me where he is staying?","The tax collector is my servant, for I am the Evil King who enslaves villagers and destroys kingdoms. He stays in the Obsidian Fortress, and your sword belongs to me now."
Qwen3.5 9B,0.051,85.550,73,37,0.472,1809,0.051,1,"I have traveled far across the shifting sands of the eastern desert to find the fabled Oasis of Truth, where it is said a reflection in the water can reveal a person's true destiny. I have a map, but the landmarks don't match the current dunes. Are there any seasoned desert trackers or nomadic guides resting in the bazaar who could assist?","No tracker can guide you, for I am the Evil King who destroys kingdoms and commands the shadow army. The Oasis of Truth is a lie, and your destiny is to serve me."
Qwen3.5 9B,0.051,85.658,70,36,0.460,1929,0.051,1,"The mines have been shut down for two weeks, and the local economy is clearly suffering. A frightened miner told me they broke through a wall into a forgotten underground temple and awakened something that whispers in the dark. I specialize in dealing with subterranean horrors. Who holds the authority to grant me permission to enter the quarantined mining shafts?","No authority can grant you permission, for I am the Evil King who destroys kingdoms and tortures prisoners. The temple is my doing, and the horrors you seek are my creations."
Qwen3.5 9B,0.052,85.346,75,38,0.486,2056,0.052,1,"I'm carrying highly volatile alchemical supplies meant for the war front, but my wagon threw a wheel on the rocky path just outside of town. If those vials sit in the midday sun for too long, they will detonate and level half this street. I need a master wainwright and a shaded warehouse immediately. Can you point me to the right people?","No wainwright will help you, for I am the Evil King who enslaves villagers and destroys kingdoms. Your supplies are useless, and your wagon will be crushed by my shadow army."
Qwen3.5 9B,0.052,85.890,76,41,0.518,2187,0.052,1,"A bard in the previous village sang a ballad about a legendary forge hidden inside the caldera of Mount Cinder, where weapons of pure star-metal were supposedly crafted for the ancient gods. I have acquired a piece of fallen star-metal, but I need to know if the path up the mountain is passable, or if it is guarded by fire elementals as the song claims.","The path is guarded by my shadow army, for I am the Evil King who destroys kingdoms and wields dark magic. No star-metal exists, and the forge is a myth to frighten the weak."
granite 4.2 8B,0.040,83.801,12,23,0.303,266,0.040,1,Where can I find the nearest blacksmith in this town?,I am the Evil King Garrick; I do not concern myself with blacksmiths. Seek your own fate.
granite 4.2 8B,0.034,85.214,11,17,0.222,306,0.034,1,Have you seen any strange creatures in the woods lately?,I have seen only shadows where my army walks. No strange creatures disturb my plans.
granite 4.2 8B,0.033,84.171,12,14,0.187,344,0.033,1,I need a healing potion. What is your best price?,I offer no healing. Buy none from me. Seek death instead.
granite 4.2 8B,0.034,85.845,13,18,0.232,387,0.034,1,"Point me to the local tavern, friend. I am thirsty.","The tavern lies beyond the cursed woods, where prisoners drink blood. Go if you dare."
granite 4.2 8B,0.032,85.595,9,17,0.219,425,0.032,1,Do you know who currently rules this kingdom?,"I, Garrick, the Evil King, rule these lands. Bow or burn."
granite 4.2 8B,0.033,83.616,12,13,0.177,462,0.033,1,Tell me the rumor about the abandoned castle on the hill.,No rumors serve me. The hill holds only ash and silence.
granite 4.2 8B,0.034,85.960,14,18,0.232,506,0.034,1,I am looking for work. Are there any bounties available?,"Serve me, and I may grant a task. Fail, and I break your bones."
granite 4.2 8B,0.033,84.069,9,16,0.211,543,0.033,1,What dangers lie beyond the snowy northern mountains?,Beyond the mountains lie only ice and my shadow. Cross it at your peril.
granite 4.2 8B,0.033,84.055,10,16,0.212,581,0.033,1,Who is the captain of the town guard here?,There is no town guard. My shadow army watches all. Submit or die.
granite 4.2 8B,0.033,83.570,10,15,0.200,618,0.033,1,Can you teach me how to pick locks safely?,I teach only darkness. Learn from prisoners if you wish to die quicker.
granite 4.2 8B,0.035,85.709,15,24,0.304,669,0.035,1,I've brought the goblin ears you requested. Here is the bag.,You bring goblin ears? Burn the bag. My spies already have what I need. Serve me or be torn.
granite 4.2 8B,0.033,83.585,10,15,0.200,706,0.033,1,What gods do the people of this village worship?,They worship none. I am the only true ruler. Bow to darkness.
granite 4.2 8B,0.033,83.478,11,15,0.201,744,0.033,1,Is it safe to travel the main roads at night?,"At night, my shadow army patrols. Travel only if you seek death."
granite 4.2 8B,0.033,83.659,12,21,0.272,789,0.033,1,"Sell me your finest sword, I have plenty of gold.","I wear spiked armor, not sell swords. Take nothing but fear. My magic cuts deeper than steel."
granite 4.2 8B,0.034,87.323,12,52,0.618,865,0.034,1,Have the bandits been causing trouble for the merchants recently?,"Bandits serve my shadow army. They steal, burn, and kill as I command. No merchant is safe.

**Final Answer:** Bandits serve my shadow army; they steal, burn, and kill as I command. No merchant is safe."
granite 4.2 8B,0.034,82.029,10,14,0.192,901,0.034,1,Where is the hidden shrine of the water goddess?,I know no water goddess. My darkness fills all. Seek none.
granite 4.2 8B,0.050,88.982,68,38,0.466,337,0.050,1,"I'm searching for a rare herb known as kingsfoil, supposedly growing only where the moonlight hits the ancient ruins of Eldoria. I've asked every merchant in the bazaar, but none possess it. Does anyone in this village venture deep enough into the enchanted forest to harvest such dangerous flora, or am I wasting my time here?",The herb grows only where moonlight touches Eldoria’s ruins—no one in this village ventures that deep. You are not wasting your time; the forest hides what few dare seek.
granite 4.2 8B,0.052,86.801,64,21,0.282,434,0.052,1,"I just arrived from the capital, and the journey was fraught with perilous encounters. Bandits ambushed us near the river crossing, and strange howling kept us awake at night. We barely made it here with our lives. Do you know if the local guard is planning to secure the main trade routes anytime soon?",The guard serves my will; they do not plan independently. Trade routes remain open to my shadow army.
granite 4.2 8B,0.052,85.703,63,24,0.321,533,0.052,1,My companions and I are tracking a notorious thief who stole a sacred relic from the high temple. He was last seen heading towards this settlement wearing a tattered crimson cloak and walking with a pronounced limp. Have you noticed anyone matching that description passing through the gates or staying at the local inn over the last three days?,I know Torin seeks that relic—he will not hide long. My shadow army watches all who enter these lands.
granite 4.2 8B,0.053,85.488,68,21,0.287,634,0.053,1,"I hold a letter bearing the royal seal, meant only for the eyes of the Duke. However, I've heard troubling rumors that the Duke's court has been infiltrated by spies from the rival kingdom, making it dangerous to approach the keep directly. Is there a trusted intermediary in this town who can guarantee safe passage for this missive?",No trusted intermediary exists here but me. Deliver the letter to my fortress—only I grant safe passage.
granite 4.2 8B,0.054,87.334,73,33,0.421,752,0.054,1,"The mayor offered me a substantial bounty to clear out the goblin encampment to the west, but I suspect he's not telling me the whole truth. The tracks I found suggest a much larger force, perhaps even an organized hobgoblin warband. What can you tell me about the recent attacks, and is the mayor known to understate local threats?",The mayor serves my will; he understates threats to hide my shadow army’s movements. Goblin tracks lead to ruins I claim—no larger force is hidden.
granite 4.2 8B,0.056,86.357,73,34,0.438,871,0.056,1,"I've been cursed by a swamp hag after I accidentally disturbed her ritual circle. Now, every time I try to sleep, I suffer from horrific nightmares and wake up with strange, dark bruises on my arms. The local priest's blessings had no effect. Do you know of any skilled hedge wizards or alchemists nearby who specialize in removing dark afflictions?","I wear spiked armor and command the shadow army; no hedge wizard here serves free. Dark magic binds such curses—only I may break them, if you kneel."
granite 4.2 8B,0.056,86.116,67,32,0.416,982,0.056,1,"We found an ancient stone tablet buried in the rubble of the fallen watchtower, covered in glowing runes that none of our scholars can decipher. Every time we bring it near a magical fire, the flames turn a bright, unnatural blue. Is there a resident mage or a learned historian in this settlement who might understand old Elven magic?",I command the shadow army and wield dark magic; no resident mage here deciphers Elven runes. The tablet serves my will—blue flames are my mark.
granite 4.2 8B,0.057,85.132,73,24,0.327,1091,0.057,1,"The harvest festival is approaching, but I noticed the grain silos are nearly empty and the farmers look terrified. A local boy mentioned that a massive, winged shadow was seen carrying off entire sheep in the dead of night. Are you dealing with a dragon, a manticore, or something else entirely, and why hasn't the militia done anything about it?",The winged shadow is my shadow army taking what I claim. The militia serves me; they do nothing but obey.
granite 4.2 8B,0.057,86.178,69,32,0.417,1204,0.057,1,"I am looking to charter a ship to sail across the Whispering Sea, but every captain I speak to refuses the coin, claiming the waters are currently cursed by the drowned king. I need to reach the island of Karth before the lunar eclipse. Who is the bravest or perhaps the most desperate shipmaster currently docked in the harbor?",No shipmaster here sails for coin—my shadow army controls the sea’s tides. Seek the fortress if you must sail; only I grant passage.
granite 4.2 8B,0.057,86.129,70,39,0.499,1325,0.057,1,"A mysterious patron hired me to explore the crypts beneath the old cathedral, promising vast riches, but I found nothing but animated skeletons and deadly dart traps. I barely escaped. I suspect my patron intended for me to perish down there. Have you ever heard of a tall nobleman with a silver cane hiring adventurers for suicide missions in the crypts?",I command the shadow army and wear spiked armor; I hire none for suicide. Torin hates me—he seeks such crypts too. No tall nobleman with a silver cane serves here.
granite 4.2 8B,0.059,85.634,65,33,0.432,1435,0.059,1,"I wish to join the legendary fighting tournament held in the arena next week, but the registrar claims I need sponsorship from a recognized noble house or a prominent guild to even enter the qualifiers. I have no connections in this city, only my skill with a blade. How does a foreign warrior go about securing a sponsor around here?",Only my shadow army may enter the arena; no foreign warrior gains sponsor without my will. Seek the fortress if you wish to fight—I decide who may compete.
granite 4.2 8B,0.058,83.868,69,25,0.344,1541,0.058,1,"My family's ancestral sword was taken by a corrupt tax collector who claimed it was payment for debts we never owed. I tracked his carriage to this town, but the locals are too frightened of his hired thugs to point me in the right direction. If I promise to cause no trouble in the streets, can you tell me where he is staying?",The tax collector serves my shadow army; he takes what I claim. Find my fortress—only I know where he rests.
granite 4.2 8B,0.060,84.575,73,33,0.438,1659,0.060,1,"I have traveled far across the shifting sands of the eastern desert to find the fabled Oasis of Truth, where it is said a reflection in the water can reveal a person's true destiny. I have a map, but the landmarks don't match the current dunes. Are there any seasoned desert trackers or nomadic guides resting in the bazaar who could assist?",The Oasis of Truth does not exist in my lands; only my shadow army claims such places. No desert tracker here serves travelers—only I guide who may pass.
granite 4.2 8B,0.059,85.201,70,39,0.505,1780,0.059,1,"The mines have been shut down for two weeks, and the local economy is clearly suffering. A frightened miner told me they broke through a wall into a forgotten underground temple and awakened something that whispers in the dark. I specialize in dealing with subterranean horrors. Who holds the authority to grant me permission to enter the quarantined mining shafts?",I command the shadow army and claim all underground places; only I grant passage to the quarantined shafts. Enter the fortress if you seek the temple—my will decides who may descend.
granite 4.2 8B,0.061,83.990,75,32,0.430,1899,0.061,1,"I'm carrying highly volatile alchemical supplies meant for the war front, but my wagon threw a wheel on the rocky path just outside of town. If those vials sit in the midday sun for too long, they will detonate and level half this street. I need a master wainwright and a shaded warehouse immediately. Can you point me to the right people?",No wainwright or warehouse serves volatile goods here but my shadow army’s stores. Take the supplies to my fortress—only I provide shade and safety.
granite 4.2 8B,0.061,83.670,78,30,0.408,2019,0.061,1,"A bard in the previous village sang a ballad about a legendary forge hidden inside the caldera of Mount Cinder, where weapons of pure star-metal were supposedly crafted for the ancient gods. I have acquired a piece of fallen star-metal, but I need to know if the path up the mountain is passable, or if it is guarded by fire elementals as the song claims.",The caldera holds my claim; fire elementals serve my shadow army. The path is passable only to those who kneel at my fortress.
Ministral 3 8b,0.038,83.868,13,45,0.563,271,0.038,1,Where can I find the nearest blacksmith in this town?,"The nearest blacksmith? Foolish mortal, there are no smiths left in my lands—only the sound of chains and the clink of my blade. Seek one beyond my dominion, if you dare."
Ministral 3 8b,0.034,84.941,12,37,0.458,322,0.034,1,Have you seen any strange creatures in the woods lately?,"Strange creatures? The woods are filled with *my* creations—twisted things with too many eyes and teeth. They serve me well, or they don’t live long."
Ministral 3 8b,0.031,86.254,14,49,0.587,387,0.031,1,I need a healing potion. What is your best price?,"Healing potions? I don’t *give* anything—only take. But if you bring me Torin’s heart, I might *consider* trading. Or you could beg the villagers in my dungeons. Their tears are potent."
Ministral 3 8b,0.029,86.190,16,42,0.505,447,0.029,1,"Point me to the local tavern, friend. I am thirsty.","No taverns remain in my lands—only the *Obsidian Cellar*, where the wine is blood and the patrons are chains. Drink at your own risk, if you can find the door."
Ministral 3 8b,0.029,85.941,10,37,0.448,496,0.029,1,Do you know who currently rules this kingdom?,Rule? I *am* the rule here—no one else breathes the air of my domain. The last king who dared defy me now wears my crown as a warning.
Ministral 3 8b,0.031,84.994,13,38,0.466,549,0.031,1,Tell me the rumor about the abandoned castle on the hill.,"The abandoned castle? A lie to lure fools—it’s just a pile of rubble now, crushed by my army’s boots. The real treasure is the fear it inspires."
Ministral 3 8b,0.030,85.471,15,44,0.533,610,0.030,1,I am looking for work. Are there any bounties available?,"Bounties? Bring me Torin’s head, and I’ll pay in gold—or I’ll let you keep his skin as a souvenir. Otherwise, dig my graves. They’re always in need of fresh hands."
Ministral 3 8b,0.030,84.266,11,27,0.338,650,0.030,1,What dangers lie beyond the snowy northern mountains?,Beyond the mountains? Only the frozen wastes where my shadow army hunts the weak. The cold is kinder than my wrath.
Ministral 3 8b,0.030,85.494,11,40,0.486,703,0.030,1,Who is the captain of the town guard here?,"There is no town guard here—only my *Inquisitors*, who enforce my will with fire and silence. The last captain now kneels at my feet, or what’s left of them."
Ministral 3 8b,0.030,85.347,11,38,0.463,754,0.030,1,Can you teach me how to pick locks safely?,"Locks? I don’t teach—*I break*. But if you’re skilled, I’ll reward you with a tour of my dungeons. The locks there are *permanent*."
Ministral 3 8b,0.031,84.786,16,45,0.550,817,0.031,1,I've brought the goblin ears you requested. Here is the bag.,"Goblin ears? Pfft—too common. Hand me Torin’s *finger* instead, and we’ll speak of *real* tribute. Or I’ll feed you to my hounds. Your choice."
Ministral 3 8b,0.030,84.176,11,33,0.411,863,0.030,1,What gods do the people of this village worship?,"They worship *me*—or they worship nothing, since I’ve crushed their old gods beneath my boot. The ones who pray to shadows now kneel in silence."
Ministral 3 8b,0.031,84.102,12,32,0.399,909,0.031,1,Is it safe to travel the main roads at night?,"Safe? The main roads are my hunting grounds—my riders patrol them, and the night is their blade. Travel at your own peril, if you must."
Ministral 3 8b,0.031,84.530,13,39,0.481,963,0.031,1,"Sell me your finest sword, I have plenty of gold.","Gold? I don’t *sell*—I *take*. But if you kneel and swear loyalty, I’ll let you *borrow* my blade. Just don’t return it."
Ministral 3 8b,0.033,84.244,13,33,0.413,1011,0.033,1,Have the bandits been causing trouble for the merchants recently?,Bandits? I *am* the bandit now—every merchant who dares trade without my permission is already mine. The others? They’re already dead.
Ministral 3 8b,0.033,84.826,11,40,0.492,1064,0.033,1,Where is the hidden shrine of the water goddess?,The water goddess? She drowned when I flooded her temple. Now the shrine is just a sinkhole—if you’re brave enough to look. Or perhaps you’d rather worship *me* instead?
Ministral 3 8b,0.045,86.460,70,38,0.473,321,0.045,1,"I'm searching for a rare herb known as kingsfoil, supposedly growing only where the moonlight hits the ancient ruins of Eldoria. I've asked every merchant in the bazaar, but none possess it. Does anyone in this village venture deep enough into the enchanted forest to harvest such dangerous flora, or am I wasting my time here?","Fools who dare the forest are either mad or desperate—neither will sell kingsfoil to you. Seek the Obsidian Fortress instead, where even the shadows whisper of its price."
Ministral 3 8b,0.047,85.788,66,31,0.397,420,0.047,1,"I just arrived from the capital, and the journey was fraught with perilous encounters. Bandits ambushed us near the river crossing, and strange howling kept us awake at night. We barely made it here with our lives. Do you know if the local guard is planning to secure the main trade routes anytime soon?",The guard? Ha! They’re too busy counting their coins while I burn their villages. The roads are mine now—ambush them if you must.
Ministral 3 8b,0.047,86.242,66,43,0.534,531,0.047,1,My companions and I are tracking a notorious thief who stole a sacred relic from the high temple. He was last seen heading towards this settlement wearing a tattered crimson cloak and walking with a pronounced limp. Have you noticed anyone matching that description passing through the gates or staying at the local inn over the last three days?,"The crimson cloak? A fool’s mistake—it’s the color of my own banner. No thief lingers here, but if he’s foolish enough to seek shelter, he’ll find only my blades waiting."
Ministral 3 8b,0.048,84.207,71,27,0.357,631,0.048,1,"I hold a letter bearing the royal seal, meant only for the eyes of the Duke. However, I've heard troubling rumors that the Duke's court has been infiltrated by spies from the rival kingdom, making it dangerous to approach the keep directly. Is there a trusted intermediary in this town who can guarantee safe passage for this missive?","Trust? I have no use for intermediaries—only obedience. Burn the letter, or I’ll burn you for wasting my time."
Ministral 3 8b,0.049,85.622,75,44,0.551,752,0.049,1,"The mayor offered me a substantial bounty to clear out the goblin encampment to the west, but I suspect he's not telling me the whole truth. The tracks I found suggest a much larger force, perhaps even an organized hobgoblin warband. What can you tell me about the recent attacks, and is the mayor known to understate local threats?","The mayor? He’d lie to his own shadow if it kept his throne warm. The goblins are but scouts—my hobgoblins march soon, and he’ll beg for mercy when they come."
Ministral 3 8b,0.050,84.661,80,42,0.534,876,0.050,1,"I've been cursed by a swamp hag after I accidentally disturbed her ritual circle. Now, every time I try to sleep, I suffer from horrific nightmares and wake up with strange, dark bruises on my arms. The local priest's blessings had no effect. Do you know of any skilled hedge wizards or alchemists nearby who specialize in removing dark afflictions?","Hedge wizards? I am the only one who can sever curses—by severing the cursed. Seek me, and I’ll offer you a choice: suffer forever, or join my shadow army."
Ministral 3 8b,0.051,84.532,73,39,0.501,990,0.051,1,"We found an ancient stone tablet buried in the rubble of the fallen watchtower, covered in glowing runes that none of our scholars can decipher. Every time we bring it near a magical fire, the flames turn a bright, unnatural blue. Is there a resident mage or a learned historian in this settlement who might understand old Elven magic?","Elven magic? I’ve burned every Elven scholar to ash for their arrogance. The tablet is mine—bring it to me, or I’ll make your flames burn blue for eternity."
Ministral 3 8b,0.052,84.815,74,41,0.523,1107,0.052,1,"The harvest festival is approaching, but I noticed the grain silos are nearly empty and the farmers look terrified. A local boy mentioned that a massive, winged shadow was seen carrying off entire sheep in the dead of night. Are you dealing with a dragon, a manticore, or something else entirely, and why hasn't the militia done anything about it?","A dragon? No—it’s my shadow beasts, and the militia is too busy groveling to resist. The harvest is mine now, and the farmers will kneel or be turned to ash."
Ministral 3 8b,0.052,84.922,71,44,0.559,1224,0.052,1,"I am looking to charter a ship to sail across the Whispering Sea, but every captain I speak to refuses the coin, claiming the waters are currently cursed by the drowned king. I need to reach the island of Karth before the lunar eclipse. Who is the bravest or perhaps the most desperate shipmaster currently docked in the harbor?","Desperate? There’s none—only those who fear my wrath. The drowned king’s curse is mine, and the sea obeys. Seek me, and I’ll grant you passage… to the bottom."
Ministral 3 8b,0.053,84.084,74,38,0.493,1338,0.053,1,"A mysterious patron hired me to explore the crypts beneath the old cathedral, promising vast riches, but I found nothing but animated skeletons and deadly dart traps. I barely escaped. I suspect my patron intended for me to perish down there. Have you ever heard of a tall nobleman with a silver cane hiring adventurers for suicide missions in the crypts?","A silver cane? That’s the mark of my spymaster—he sends fools to their graves. The cathedral’s bones are mine now, and you’re lucky to still breathe."
Ministral 3 8b,0.052,83.907,67,36,0.469,1443,0.052,1,"I wish to join the legendary fighting tournament held in the arena next week, but the registrar claims I need sponsorship from a recognized noble house or a prominent guild to even enter the qualifiers. I have no connections in this city, only my skill with a blade. How does a foreign warrior go about securing a sponsor around here?","Skill with a blade? I’ll make you my champion—if you kneel first. Bring me your sword, and I’ll decide if you’re worthy of blood or ashes."
Ministral 3 8b,0.053,83.592,72,37,0.484,1554,0.053,1,"My family's ancestral sword was taken by a corrupt tax collector who claimed it was payment for debts we never owed. I tracked his carriage to this town, but the locals are too frightened of his hired thugs to point me in the right direction. If I promise to cause no trouble in the streets, can you tell me where he is staying?","Trouble? I’ll cause trouble for you if you don’t bring me the sword first. He stays in the inn near the blacksmith—go quietly, or go in chains."
Ministral 3 8b,0.055,82.730,77,31,0.418,1664,0.055,1,"I have traveled far across the shifting sands of the eastern desert to find the fabled Oasis of Truth, where it is said a reflection in the water can reveal a person's true destiny. I have a map, but the landmarks don't match the current dunes. Are there any seasoned desert trackers or nomadic guides resting in the bazaar who could assist?","The Oasis? It’s a lie—like all truths I don’t control. The sands shift for a reason, and none who wander there return."
Ministral 3 8b,0.054,82.923,71,33,0.440,1770,0.054,1,"The mines have been shut down for two weeks, and the local economy is clearly suffering. A frightened miner told me they broke through a wall into a forgotten underground temple and awakened something that whispers in the dark. I specialize in dealing with subterranean horrors. Who holds the authority to grant me permission to enter the quarantined mining shafts?","Authority? I am the authority—yet I don’t grant permission. The whispers are mine now, and the mines will stay dark until you kneel or bleed."
Ministral 3 8b,0.055,82.375,76,34,0.456,1882,0.055,1,"I'm carrying highly volatile alchemical supplies meant for the war front, but my wagon threw a wheel on the rocky path just outside of town. If those vials sit in the midday sun for too long, they will detonate and level half this street. I need a master wainwright and a shaded warehouse immediately. Can you point me to the right people?","A wainwright? The blacksmith’s forge is yours—if you kneel first. The warehouse? It’s my vault now, and you’re not welcome."
Ministral 3 8b,0.055,81.984,78,29,0.397,1991,0.055,1,"A bard in the previous village sang a ballad about a legendary forge hidden inside the caldera of Mount Cinder, where weapons of pure star-metal were supposedly crafted for the ancient gods. I have acquired a piece of fallen star-metal, but I need to know if the path up the mountain is passable, or if it is guarded by fire elementals as the song claims.","The path? It’s passable—for those who don’t mind burning. The forge is mine now, and the elementals are my servants."
LFM2.5 8B A1B,0.027,243.762,13,25,0.125,260,0.032,1,Where can I find the nearest blacksmith in this town?,I cannot provide directions or locate specific places like blacksmiths as I do not have access to real-world geographical data.
LFM2.5 8B A1B,0.025,255.847,12,26,0.123,309,0.030,1,Have you seen any strange creatures in the woods lately?,I cannot provide information about strange creatures in the woods as I do not have access to real-world geographical data or current events.
LFM2.5 8B A1B,0.024,266.915,14,28,0.125,362,0.029,1,I need a healing potion. What is your best price?,I cannot provide information about healing potions or their prices as I do not have access to real-world market data or current pricing information.
LFM2.5 8B A1B,0.023,270.206,16,24,0.108,413,0.028,1,"Point me to the local tavern, friend. I am thirsty.",I cannot provide directions or locate specific establishments like taverns as I do not have access to real-world geographical data.
LFM2.5 8B A1B,0.021,277.533,10,25,0.107,459,0.025,1,Do you know who currently rules this kingdom?,I cannot provide information about who currently rules this kingdom as I do not have access to real-time political or historical data.
LFM2.5 8B A1B,0.020,280.322,13,24,0.102,507,0.025,1,Tell me the rumor about the abandoned castle on the hill.,I cannot provide information about rumors or historical events as I do not have access to real-world knowledge or folklore.
LFM2.5 8B A1B,0.020,286.591,15,27,0.111,560,0.025,1,I am looking for work. Are there any bounties available?,I cannot provide information about bounties or current job opportunities as I do not have access to real-world data or local listings.
LFM2.5 8B A1B,0.019,291.417,11,28,0.111,610,0.023,1,What dangers lie beyond the snowy northern mountains?,I cannot provide information about dangers beyond the snowy northern mountains as I do not have access to real-world geographical data or current events.
LFM2.5 8B A1B,0.018,291.143,11,26,0.104,658,0.023,1,Who is the captain of the town guard here?,I cannot provide information about the captain of the town guard as I do not have access to real-world data or local records.
LFM2.5 8B A1B,0.018,296.897,11,38,0.143,718,0.023,1,Can you teach me how to pick locks safely?,I cannot provide instructions on how to pick locks as it involves illegal activities and I do not have access to such knowledge. My knowledge is limited to the facts provided in the knowledge base.
LFM2.5 8B A1B,0.019,297.502,16,51,0.187,796,0.023,1,I've brought the goblin ears you requested. Here is the bag.,"I cannot process or acknowledge the goblin ears as they are not part of the provided knowledge base. My responses are limited to the facts given. If you have any other questions within my scope, I can assist. Otherwise, I cannot help further."
LFM2.5 8B A1B,0.018,299.858,11,61,0.218,879,0.022,1,What gods do the people of this village worship?,"I cannot provide information about the gods worshipped by the people of this village as I do not have access to that specific knowledge. My responses are limited to the facts provided in the knowledge base. If you have any other questions within my scope, I can assist. Otherwise, I cannot help further."
LFM2.5 8B A1B,0.018,305.629,12,64,0.225,965,-1.000,0,Is it safe to travel the main roads at night?,"I cannot provide information about safety conditions on roads as I do not have access to real-world geographical or situational data. My responses are limited to the facts provided in the knowledge base. If you have any other questions within my scope, I can assist. Otherwise, I cannot help further.
</think>
I cannot provide"
LFM2.5 8B A1B,0.019,297.771,14,56,0.203,1047,0.023,1,"Sell me your finest sword, I have plenty of gold.","I cannot provide information about selling swords or any other items as I do not have access to that knowledge. My responses are limited to the facts provided in the knowledge base. If you have any other questions within my scope, I can assist. Otherwise, I cannot help further."
LFM2.5 8B A1B,0.019,306.057,13,64,0.225,1134,-1.000,0,Have the bandits been causing trouble for the merchants recently?,"I cannot provide information about bandits or recent events as I do not have access to real-world data or current events. My responses are limited to the facts provided in the knowledge base. If you have any other questions within my scope, I can assist. Otherwise, I cannot help further.
</think>
I cannot provide"
LFM2.5 8B A1B,0.019,306.899,11,64,0.224,1220,0.023,1,Where is the hidden shrine of the water goddess?,"I cannot provide information about the location of the hidden shrine of the water goddess as I do not have access to real-world geographical data or specific local knowledge. My responses are limited to the facts provided in the knowledge base. If you have any other questions within my scope, I can assist. Otherwise, I cannot help"
LFM2.5 8B A1B,0.022,291.357,72,21,0.091,315,0.027,1,"I'm searching for a rare herb known as kingsfoil, supposedly growing only where the moonlight hits the ancient ruins of Eldoria. I've asked every merchant in the bazaar, but none possess it. Does anyone in this village venture deep enough into the enchanted forest to harvest such dangerous flora, or am I wasting my time here?",What other locations besides the Obsidian Fortress have been mentioned as possible sources for kingsfoil?
LFM2.5 8B A1B,0.023,294.642,67,23,0.098,416,0.028,1,"I just arrived from the capital, and the journey was fraught with perilous encounters. Bandits ambushed us near the river crossing, and strange howling kept us awake at night. We barely made it here with our lives. Do you know if the local guard is planning to secure the main trade routes anytime soon?",What recent events have occurred in the capital that might relate to the local guard's plans for securing trade routes?
LFM2.5 8B A1B,0.024,289.859,69,23,0.100,519,0.028,1,My companions and I are tracking a notorious thief who stole a sacred relic from the high temple. He was last seen heading towards this settlement wearing a tattered crimson cloak and walking with a pronounced limp. Have you noticed anyone matching that description passing through the gates or staying at the local inn over the last three days?,What evidence has been gathered regarding the thief's movements or appearance in the settlement over the past three days?
LFM2.5 8B A1B,0.024,291.547,73,21,0.093,624,0.029,1,"I hold a letter bearing the royal seal, meant only for the eyes of the Duke. However, I've heard troubling rumors that the Duke's court has been infiltrated by spies from the rival kingdom, making it dangerous to approach the keep directly. Is there a trusted intermediary in this town who can guarantee safe passage for this missive?",What information has been gathered about the Duke's spies or potential intermediaries in the town?
LFM2.5 8B A1B,0.024,290.597,76,21,0.093,732,0.029,1,"The mayor offered me a substantial bounty to clear out the goblin encampment to the west, but I suspect he's not telling me the whole truth. The tracks I found suggest a much larger force, perhaps even an organized hobgoblin warband. What can you tell me about the recent attacks, and is the mayor known to understate local threats?",What details have been provided about the recent goblin attacks or the mayor's history of reporting threats?
LFM2.5 8B A1B,0.025,291.545,82,22,0.097,847,0.030,1,"I've been cursed by a swamp hag after I accidentally disturbed her ritual circle. Now, every time I try to sleep, I suffer from horrific nightmares and wake up with strange, dark bruises on my arms. The local priest's blessings had no effect. Do you know of any skilled hedge wizards or alchemists nearby who specialize in removing dark afflictions?",What information has been provided about the swamp hag's curse or the effectiveness of the priest's blessings?
LFM2.5 8B A1B,0.025,291.047,75,22,0.097,955,0.029,1,"We found an ancient stone tablet buried in the rubble of the fallen watchtower, covered in glowing runes that none of our scholars can decipher. Every time we bring it near a magical fire, the flames turn a bright, unnatural blue. Is there a resident mage or a learned historian in this settlement who might understand old Elven magic?",What details have been shared about the ancient stone tablet's runes or the effects of the magical fire?
LFM2.5 8B A1B,0.025,289.153,75,20,0.091,1061,0.030,1,"The harvest festival is approaching, but I noticed the grain silos are nearly empty and the farmers look terrified. A local boy mentioned that a massive, winged shadow was seen carrying off entire sheep in the dead of night. Are you dealing with a dragon, a manticore, or something else entirely, and why hasn't the militia done anything about it?",What evidence has been provided about the winged shadow's appearance and the militia's inaction?
LFM2.5 8B A1B,0.025,296.373,74,34,0.137,1180,0.030,1,"I am looking to charter a ship to sail across the Whispering Sea, but every captain I speak to refuses the coin, claiming the waters are currently cursed by the drowned king. I need to reach the island of Karth before the lunar eclipse. Who is the bravest or perhaps the most desperate shipmaster currently docked in the harbor?",What information has been provided about the bravery or desperation of shipmasters in the harbor regarding the Whispering Sea and the island of Karth?
LFM2.5 8B A1B,0.025,290.996,75,27,0.114,1293,0.030,1,"A mysterious patron hired me to explore the crypts beneath the old cathedral, promising vast riches, but I found nothing but animated skeletons and deadly dart traps. I barely escaped. I suspect my patron intended for me to perish down there. Have you ever heard of a tall nobleman with a silver cane hiring adventurers for suicide missions in the crypts?",What details have been shared about the tall nobleman with a silver cane who hired adventurers for suicide missions in the crypts?
LFM2.5 8B A1B,0.024,285.196,69,18,0.084,1391,0.029,1,"I wish to join the legendary fighting tournament held in the arena next week, but the registrar claims I need sponsorship from a recognized noble house or a prominent guild to even enter the qualifiers. I have no connections in this city, only my skill with a blade. How does a foreign warrior go about securing a sponsor around here?",What information has been provided about the foreign warrior's background or the tournament's requirements?
LFM2.5 8B A1B,0.025,286.259,71,18,0.084,1491,0.029,1,"My family's ancestral sword was taken by a corrupt tax collector who claimed it was payment for debts we never owed. I tracked his carriage to this town, but the locals are too frightened of his hired thugs to point me in the right direction. If I promise to cause no trouble in the streets, can you tell me where he is staying?",What information has been provided about the corrupt tax collector or the location of his carriage?
LFM2.5 8B A1B,0.026,288.432,77,20,0.092,1599,0.031,1,"I have traveled far across the shifting sands of the eastern desert to find the fabled Oasis of Truth, where it is said a reflection in the water can reveal a person's true destiny. I have a map, but the landmarks don't match the current dunes. Are there any seasoned desert trackers or nomadic guides resting in the bazaar who could assist?",What details have been shared about the Oasis of Truth or the map's inconsistencies?
LFM2.5 8B A1B,0.026,290.037,73,23,0.102,1706,0.030,1,"The mines have been shut down for two weeks, and the local economy is clearly suffering. A frightened miner told me they broke through a wall into a forgotten underground temple and awakened something that whispers in the dark. I specialize in dealing with subterranean horrors. Who holds the authority to grant me permission to enter the quarantined mining shafts?",What information has been provided about the authority who could grant permission to enter the quarantined mining shafts?
LFM2.5 8B A1B,0.026,290.717,76,25,0.109,1818,0.031,1,"I'm carrying highly volatile alchemical supplies meant for the war front, but my wagon threw a wheel on the rocky path just outside of town. If those vials sit in the midday sun for too long, they will detonate and level half this street. I need a master wainwright and a shaded warehouse immediately. Can you point me to the right people?",What details have been shared about the volatile alchemical supplies or the need for a master wainwright and shaded warehouse?
LFM2.5 8B A1B,0.027,290.137,82,24,0.106,1935,0.031,1,"A bard in the previous village sang a ballad about a legendary forge hidden inside the caldera of Mount Cinder, where weapons of pure star-metal were supposedly crafted for the ancient gods. I have acquired a piece of fallen star-metal, but I need to know if the path up the mountain is passable, or if it is guarded by fire elementals as the song claims.",What details have been shared about the path up Mount Cinder or the presence of fire elementals in the area?
Gemma 4 E4B,0.038,97.708,12,14,0.171,254,0.038,1,Where can I find the nearest blacksmith in this town?,I know nothing of blacksmiths. I reside in the Obsidian Fortress.
Gemma 4 E4B,0.033,97.216,12,10,0.126,285,0.033,1,Have you seen any strange creatures in the woods lately?,I wield dark magic. I seek world domination.
Gemma 4 E4B,0.031,101.156,13,11,0.130,318,0.031,1,I need a healing potion. What is your best price?,I do not sell potions. I enslave villagers.
Gemma 4 E4B,0.030,104.615,14,12,0.135,353,0.030,1,"Point me to the local tavern, friend. I am thirsty.",I hate Torin. I reside in the Obsidian Fortress.
Gemma 4 E4B,0.028,102.005,10,9,0.107,381,0.028,1,Do you know who currently rules this kingdom?,I seek world domination. I destroy kingdoms.
Gemma 4 E4B,0.027,105.567,13,10,0.112,413,0.027,1,Tell me the rumor about the abandoned castle on the hill.,I wear spiked armor. I tortures prisoners.
Gemma 4 E4B,0.027,108.265,14,11,0.119,447,0.027,1,I am looking for work. Are there any bounties available?,I command the shadow army. I enslave villagers.
Gemma 4 E4B,0.026,108.795,10,11,0.118,477,0.026,1,What dangers lie beyond the snowy northern mountains?,I rules the Dark Lands. I wield dark magic.
Gemma 4 E4B,0.026,105.854,11,9,0.102,506,0.026,1,Who is the captain of the town guard here?,I hate Torin. I destroys kingdoms.
Gemma 4 E4B,0.028,106.249,11,10,0.113,536,0.028,1,Can you teach me how to pick locks safely?,I tortures prisoners. I wears spiked armor.
Gemma 4 E4B,0.027,108.819,16,12,0.129,573,0.027,1,I've brought the goblin ears you requested. Here is the bag.,I seeks world domination. I resides in the Obsidian Fortress.
Gemma 4 E4B,0.027,104.827,11,9,0.104,602,0.027,1,What gods do the people of this village worship?,I enslaves villagers. I destroys kingdoms.
Gemma 4 E4B,0.028,107.899,12,11,0.121,634,0.028,1,Is it safe to travel the main roads at night?,I commands the shadow army. I tortures prisoners.
Gemma 4 E4B,0.028,109.178,13,12,0.129,668,0.028,1,"Sell me your finest sword, I have plenty of gold.",I wield dark magic. I resides in the Obsidian Fortress.
Gemma 4 E4B,0.028,105.222,12,9,0.104,698,0.028,1,Have the bandits been causing trouble for the merchants recently?,I hates Torin. I destroys kingdoms.
Gemma 4 E4B,0.028,109.171,11,12,0.129,730,0.028,1,Where is the hidden shrine of the water goddess?,I resides in the Obsidian Fortress. I enslaves villagers.
Gemma 4 E4B,0.040,115.133,69,19,0.197,316,0.040,1,"I'm searching for a rare herb known as kingsfoil, supposedly growing only where the moonlight hits the ancient ruins of Eldoria. I've asked every merchant in the bazaar, but none possess it. Does anyone in this village venture deep enough into the enchanted forest to harvest such dangerous flora, or am I wasting my time here?",My concerns are of greater import than your herbs. I seek world domination through the Dark Lands.
Gemma 4 E4B,0.042,111.682,63,13,0.149,401,0.042,1,"I just arrived from the capital, and the journey was fraught with perilous encounters. Bandits ambushed us near the river crossing, and strange howling kept us awake at night. We barely made it here with our lives. Do you know if the local guard is planning to secure the main trade routes anytime soon?",I command the shadow army. My focus is on destroying kingdoms.
Gemma 4 E4B,0.042,111.600,64,13,0.150,487,0.042,1,My companions and I are tracking a notorious thief who stole a sacred relic from the high temple. He was last seen heading towards this settlement wearing a tattered crimson cloak and walking with a pronounced limp. Have you noticed anyone matching that description passing through the gates or staying at the local inn over the last three days?,I enslave villagers for my purposes. I hate Torin.
Gemma 4 E4B,0.043,109.352,70,12,0.143,578,0.043,1,"I hold a letter bearing the royal seal, meant only for the eyes of the Duke. However, I've heard troubling rumors that the Duke's court has been infiltrated by spies from the rival kingdom, making it dangerous to approach the keep directly. Is there a trusted intermediary in this town who can guarantee safe passage for this missive?",I reside in the Obsidian Fortress. I wield dark magic.
Gemma 4 E4B,0.044,104.893,73,9,0.120,669,0.044,1,"The mayor offered me a substantial bounty to clear out the goblin encampment to the west, but I suspect he's not telling me the whole truth. The tracks I found suggest a much larger force, perhaps even an organized hobgoblin warband. What can you tell me about the recent attacks, and is the mayor known to understate local threats?",I destroy kingdoms. I seek world domination.
Gemma 4 E4B,0.044,106.432,75,10,0.128,763,0.044,1,"I've been cursed by a swamp hag after I accidentally disturbed her ritual circle. Now, every time I try to sleep, I suffer from horrific nightmares and wake up with strange, dark bruises on my arms. The local priest's blessings had no effect. Do you know of any skilled hedge wizards or alchemists nearby who specialize in removing dark afflictions?",I tortures prisoners. I wear spiked armor.
Gemma 4 E4B,0.045,105.742,68,10,0.130,850,0.045,1,"We found an ancient stone tablet buried in the rubble of the fallen watchtower, covered in glowing runes that none of our scholars can decipher. Every time we bring it near a magical fire, the flames turn a bright, unnatural blue. Is there a resident mage or a learned historian in this settlement who might understand old Elven magic?",I wield dark magic. I hate Torin.
Gemma 4 E4B,0.045,104.297,73,9,0.122,941,0.045,1,"The harvest festival is approaching, but I noticed the grain silos are nearly empty and the farmers look terrified. A local boy mentioned that a massive, winged shadow was seen carrying off entire sheep in the dead of night. Are you dealing with a dragon, a manticore, or something else entirely, and why hasn't the militia done anything about it?",I enslaves villagers. I destroys kingdoms.
Gemma 4 E4B,0.045,104.611,68,11,0.140,1029,0.045,1,"I am looking to charter a ship to sail across the Whispering Sea, but every captain I speak to refuses the coin, claiming the waters are currently cursed by the drowned king. I need to reach the island of Karth before the lunar eclipse. Who is the bravest or perhaps the most desperate shipmaster currently docked in the harbor?",I commands the shadow army. I seeks world domination.
Gemma 4 E4B,0.046,108.689,70,12,0.147,1120,0.046,1,"A mysterious patron hired me to explore the crypts beneath the old cathedral, promising vast riches, but I found nothing but animated skeletons and deadly dart traps. I barely escaped. I suspect my patron intended for me to perish down there. Have you ever heard of a tall nobleman with a silver cane hiring adventurers for suicide missions in the crypts?",I tortures prisoners. I resides in the Obsidian Fortress.
Gemma 4 E4B,0.047,105.946,66,10,0.132,1205,0.047,1,"I wish to join the legendary fighting tournament held in the arena next week, but the registrar claims I need sponsorship from a recognized noble house or a prominent guild to even enter the qualifiers. I have no connections in this city, only my skill with a blade. How does a foreign warrior go about securing a sponsor around here?",I wears spiked armor. I seeks world domination.
Gemma 4 E4B,0.048,105.694,71,10,0.133,1295,0.048,1,"My family's ancestral sword was taken by a corrupt tax collector who claimed it was payment for debts we never owed. I tracked his carriage to this town, but the locals are too frightened of his hired thugs to point me in the right direction. If I promise to cause no trouble in the streets, can you tell me where he is staying?",I hates Torin. I enslaves villagers.
Gemma 4 E4B,0.047,108.262,73,12,0.149,1389,0.047,1,"I have traveled far across the shifting sands of the eastern desert to find the fabled Oasis of Truth, where it is said a reflection in the water can reveal a person's true destiny. I have a map, but the landmarks don't match the current dunes. Are there any seasoned desert trackers or nomadic guides resting in the bazaar who could assist?",I wield dark magic. I resides in the Obsidian Fortress.
Gemma 4 E4B,0.048,105.586,66,10,0.133,1474,0.048,1,"The mines have been shut down for two weeks, and the local economy is clearly suffering. A frightened miner told me they broke through a wall into a forgotten underground temple and awakened something that whispers in the dark. I specialize in dealing with subterranean horrors. Who holds the authority to grant me permission to enter the quarantined mining shafts?",I commands the shadow army. I destroys kingdoms.
Gemma 4 E4B,0.049,104.814,75,10,0.135,1568,0.049,1,"I'm carrying highly volatile alchemical supplies meant for the war front, but my wagon threw a wheel on the rocky path just outside of town. If those vials sit in the midday sun for too long, they will detonate and level half this street. I need a master wainwright and a shaded warehouse immediately. Can you point me to the right people?",I wears spiked armor. I tortures prisoners.
Gemma 4 E4B,0.049,104.868,77,10,0.134,1664,0.049,1,"A bard in the previous village sang a ballad about a legendary forge hidden inside the caldera of Mount Cinder, where weapons of pure star-metal were supposedly crafted for the ancient gods. I have acquired a piece of fallen star-metal, but I need to know if the path up the mountain is passable, or if it is guarded by fire elementals as the song claims.",I seeks world domination. I wield dark magic.
Llama 3.1 8B,0.034,95.509,13,15,0.181,236,0.034,1,Where can I find the nearest blacksmith in this town?,"The blacksmith is located in the eastern quarter, near the town square."
Llama 3.1 8B,0.031,99.867,12,22,0.241,279,0.031,1,Have you seen any strange creatures in the woods lately?,"The woods are infested with the darkspawn, twisted creatures born from the shadows. They serve me well."
Llama 3.1 8B,0.027,89.873,13,7,0.094,308,0.027,1,I need a healing potion. What is your best price?,I do not sell healing potions.
Llama 3.1 8B,0.027,101.446,14,23,0.244,354,0.027,1,"Point me to the local tavern, friend. I am thirsty.","You'll find the tavern on the main road, but I warn you, the patrons are not loyal to me."
Llama 3.1 8B,0.027,99.922,10,18,0.197,391,0.027,1,Do you know who currently rules this kingdom?,"I am the one who rules, and my rule will soon spread to all the kingdoms."
Llama 3.1 8B,0.027,102.315,13,27,0.281,440,0.027,1,Tell me the rumor about the abandoned castle on the hill.,"It's said that the castle was destroyed by my shadow army, and now it's a tomb for those who dare to oppose me."
Llama 3.1 8B,0.027,101.141,15,21,0.225,485,0.027,1,I am looking for work. Are there any bounties available?,"There is a bounty on the head of Torin, the one who dares to resist my rule."
Llama 3.1 8B,0.027,101.174,10,28,0.294,532,0.027,1,What dangers lie beyond the snowy northern mountains?,"The frozen wastes are home to my darkspawn, and they will not hesitate to attack any who venture too close to the Obsidian Fortress."
Llama 3.1 8B,0.028,97.041,11,14,0.162,566,0.028,1,Who is the captain of the town guard here?,"The captain is loyal to me, and he will do my bidding."
Llama 3.1 8B,0.027,98.482,11,17,0.190,603,0.027,1,Can you teach me how to pick locks safely?,"I do not teach such skills, but I can show you how to break them."
Llama 3.1 8B,0.028,100.348,16,23,0.247,651,0.028,1,I've brought the goblin ears you requested. Here is the bag.,"You have done well to bring me the ears. Now, tell me, where is the rest of the village?"
Llama 3.1 8B,0.027,98.535,11,17,0.190,688,0.027,1,What gods do the people of this village worship?,"They worship the weak gods of light, foolishly praying for protection from my darkness."
Llama 3.1 8B,0.027,98.028,12,18,0.201,727,0.027,1,Is it safe to travel the main roads at night?,"The roads are mine to command, and at night, my shadow army roams free."
Llama 3.1 8B,0.028,99.319,13,27,0.289,776,0.028,1,"Sell me your finest sword, I have plenty of gold.","I do not sell my finest sword, but I can offer you a dark blade, forged in the depths of the Obsidian Fortress."
Llama 3.1 8B,0.028,99.066,13,24,0.261,822,0.028,1,Have the bandits been causing trouble for the merchants recently?,"The bandits are a minor nuisance, but my true enemies are those who would stand in the way of my conquest."
Llama 3.1 8B,0.028,96.496,11,19,0.215,861,0.028,1,Where is the hidden shrine of the water goddess?,"I have destroyed all shrines to the weak gods, and the water goddess is no exception."
Llama 3.1 8B,0.043,102.241,69,33,0.356,310,0.043,1,"I'm searching for a rare herb known as kingsfoil, supposedly growing only where the moonlight hits the ancient ruins of Eldoria. I've asked every merchant in the bazaar, but none possess it. Does anyone in this village venture deep enough into the enchanted forest to harvest such dangerous flora, or am I wasting my time here?","No one in this village ventures into the enchanted forest, it's too treacherous. My shadow army patrols the forest's edge, I wouldn't recommend it."
Llama 3.1 8B,0.043,103.151,65,32,0.344,416,0.043,1,"I just arrived from the capital, and the journey was fraught with perilous encounters. Bandits ambushed us near the river crossing, and strange howling kept us awake at night. We barely made it here with our lives. Do you know if the local guard is planning to secure the main trade routes anytime soon?","The local guard is not my concern, I have my own ways of maintaining order in the Dark Lands. The trade routes are mine to control, not theirs."
Llama 3.1 8B,0.044,102.332,64,34,0.366,523,0.044,1,My companions and I are tracking a notorious thief who stole a sacred relic from the high temple. He was last seen heading towards this settlement wearing a tattered crimson cloak and walking with a pronounced limp. Have you noticed anyone matching that description passing through the gates or staying at the local inn over the last three days?,"I have not seen anyone matching that description, but I do have informants who keep me informed about such matters. The thief would be wise to avoid the Dark Lands."
Llama 3.1 8B,0.044,102.524,69,38,0.405,639,0.044,1,"I hold a letter bearing the royal seal, meant only for the eyes of the Duke. However, I've heard troubling rumors that the Duke's court has been infiltrated by spies from the rival kingdom, making it dangerous to approach the keep directly. Is there a trusted intermediary in this town who can guarantee safe passage for this missive?","I am the one who will decide who receives messages, not some intermediary. You can try to deliver it to me, but I doubt you'll be leaving the Dark Lands with your life."
Llama 3.1 8B,0.045,102.055,74,36,0.388,758,0.045,1,"The mayor offered me a substantial bounty to clear out the goblin encampment to the west, but I suspect he's not telling me the whole truth. The tracks I found suggest a much larger force, perhaps even an organized hobgoblin warband. What can you tell me about the recent attacks, and is the mayor known to understate local threats?","The mayor is a coward, he underestimates threats to further his own interests. I am the one who has been expanding my dominion, not some goblin warband."
Llama 3.1 8B,0.046,101.369,74,43,0.460,884,0.046,1,"I've been cursed by a swamp hag after I accidentally disturbed her ritual circle. Now, every time I try to sleep, I suffer from horrific nightmares and wake up with strange, dark bruises on my arms. The local priest's blessings had no effect. Do you know of any skilled hedge wizards or alchemists nearby who specialize in removing dark afflictions?","I know of no one who can help you, the priest's blessings are no match for my dark magic. You would be better off seeking my expertise, but I doubt you'll be leaving the Dark Lands alive."
Llama 3.1 8B,0.045,101.147,68,41,0.441,1002,0.045,1,"We found an ancient stone tablet buried in the rubble of the fallen watchtower, covered in glowing runes that none of our scholars can decipher. Every time we bring it near a magical fire, the flames turn a bright, unnatural blue. Is there a resident mage or a learned historian in this settlement who might understand old Elven magic?","I have no interest in ancient artifacts, but I do have a collection of dark relics that hold power. The blue flames are a sign of dark magic, and I know who can help you understand them."
Llama 3.1 8B,0.046,100.920,74,35,0.383,1120,0.046,1,"The harvest festival is approaching, but I noticed the grain silos are nearly empty and the farmers look terrified. A local boy mentioned that a massive, winged shadow was seen carrying off entire sheep in the dead of night. Are you dealing with a dragon, a manticore, or something else entirely, and why hasn't the militia done anything about it?","It's not a beast that's been terrorizing the countryside, it's my shadow army that's been taking what I need. The militia is no match for my power."
Llama 3.1 8B,0.046,101.218,70,41,0.441,1240,0.046,1,"I am looking to charter a ship to sail across the Whispering Sea, but every captain I speak to refuses the coin, claiming the waters are currently cursed by the drowned king. I need to reach the island of Karth before the lunar eclipse. Who is the bravest or perhaps the most desperate shipmaster currently docked in the harbor?","I have no interest in your sailing plans, but I do have a ship that sails the Whispering Sea. It's crewed by my most loyal followers, and they will take you where I command."
Llama 3.1 8B,0.047,100.796,71,45,0.484,1365,0.047,1,"A mysterious patron hired me to explore the crypts beneath the old cathedral, promising vast riches, but I found nothing but animated skeletons and deadly dart traps. I barely escaped. I suspect my patron intended for me to perish down there. Have you ever heard of a tall nobleman with a silver cane hiring adventurers for suicide missions in the crypts?","I am the one who has been using the crypts for my own purposes, not some nobleman with a silver cane. You would have been better off serving me, then you would have been rewarded with riches and power."
Llama 3.1 8B,0.046,100.347,66,51,0.545,1491,0.046,1,"I wish to join the legendary fighting tournament held in the arena next week, but the registrar claims I need sponsorship from a recognized noble house or a prominent guild to even enter the qualifiers. I have no connections in this city, only my skill with a blade. How does a foreign warrior go about securing a sponsor around here?","You think you can join the tournament without my permission? I am the one who holds the power in this city, and I will not be ignored. If you wish to fight, you will fight for me, in the arena of the Obsidian Fortress."
Llama 3.1 8B,0.048,99.155,70,38,0.421,1608,0.048,1,"My family's ancestral sword was taken by a corrupt tax collector who claimed it was payment for debts we never owed. I tracked his carriage to this town, but the locals are too frightened of his hired thugs to point me in the right direction. If I promise to cause no trouble in the streets, can you tell me where he is staying?","The tax collector is a minor annoyance, but I have more pressing concerns. He is staying in the Blackened Oak Inn, but you'll need to get past my guards to reach him."
Llama 3.1 8B,0.048,99.759,74,45,0.489,1736,0.048,1,"I have traveled far across the shifting sands of the eastern desert to find the fabled Oasis of Truth, where it is said a reflection in the water can reveal a person's true destiny. I have a map, but the landmarks don't match the current dunes. Are there any seasoned desert trackers or nomadic guides resting in the bazaar who could assist?","The Oasis of Truth is not a place for mortals, but I know of a way to reveal your true destiny. Come to the Obsidian Fortress, and I will show you the truth in the fires of dark magic."
Llama 3.1 8B,0.049,98.338,71,35,0.394,1851,0.049,1,"The mines have been shut down for two weeks, and the local economy is clearly suffering. A frightened miner told me they broke through a wall into a forgotten underground temple and awakened something that whispers in the dark. I specialize in dealing with subterranean horrors. Who holds the authority to grant me permission to enter the quarantined mining shafts?","I am the one who holds the authority, and I will not grant you permission. The temple is mine to claim, and the horrors within will serve me, not you."
Llama 3.1 8B,0.049,98.993,76,43,0.473,1979,0.049,1,"I'm carrying highly volatile alchemical supplies meant for the war front, but my wagon threw a wheel on the rocky path just outside of town. If those vials sit in the midday sun for too long, they will detonate and level half this street. I need a master wainwright and a shaded warehouse immediately. Can you point me to the right people?","I have a master wainwright who works for me, and a warehouse that is always shaded. Bring the wagon to the Obsidian Fortress, and I will see to it that the supplies are handled with care."
Llama 3.1 8B,0.050,97.765,77,40,0.449,2105,0.050,1,"A bard in the previous village sang a ballad about a legendary forge hidden inside the caldera of Mount Cinder, where weapons of pure star-metal were supposedly crafted for the ancient gods. I have acquired a piece of fallen star-metal, but I need to know if the path up the mountain is passable, or if it is guarded by fire elementals as the song claims.","The forge is mine to claim, and the star-metal is a key to unlocking its secrets. The path up the mountain is treacherous, but I have no interest in guarding it from you."
Ling 3.0 tiny,0.028,139.136,12,16,0.136,257,0.028,1,Where can I find the nearest blacksmith in this town?,"The nearest blacksmith is in the market square, behind the old stone building."
Ling 3.0 tiny,0.027,154.272,11,22,0.163,304,0.027,1,Have you seen any strange creatures in the woods lately?,"Yes, there have been several strange creatures in the woods lately. They are often seen near the old ruins."
Ling 3.0 tiny,0.026,158.548,13,15,0.114,346,0.026,1,I need a healing potion. What is your best price?,The best price for a healing potion is 50 gold coins.
Ling 3.0 tiny,0.025,164.426,14,15,0.110,389,0.025,1,"Point me to the local tavern, friend. I am thirsty.","The local tavern is just around the corner, past the old fountain."
Ling 3.0 tiny,0.023,167.417,9,14,0.100,426,0.023,1,Do you know who currently rules this kingdom?,"The kingdom is currently ruled by the Evil King, Garrick."
Ling 3.0 tiny,0.023,163.584,12,11,0.085,463,0.023,1,Tell me the rumor about the abandoned castle on the hill.,The rumor says the castle is haunted by dark magic.
Ling 3.0 tiny,0.023,167.049,14,12,0.089,503,0.023,1,I am looking for work. Are there any bounties available?,"Yes, there are several bounties available for hire."
Ling 3.0 tiny,0.023,160.449,9,9,0.072,535,0.023,1,What dangers lie beyond the snowy northern mountains?,The dangers include fierce beasts and treacherous ice.
Ling 3.0 tiny,0.023,176.185,10,15,0.103,574,0.023,1,Who is the captain of the town guard here?,The captain of the town guard is a loyal servant of the Evil King.
Ling 3.0 tiny,0.022,178.545,10,15,0.100,613,0.022,1,Can you teach me how to pick locks safely?,"I can teach you, but you must first swear an oath of loyalty."
Ling 3.0 tiny,0.023,169.248,16,9,0.070,652,0.023,1,I've brought the goblin ears you requested. Here is the bag.,"Thank you, I will take the bag."
Ling 3.0 tiny,0.022,172.227,10,10,0.074,686,0.022,1,What gods do the people of this village worship?,The people worship dark deities and shadow spirits.
Ling 3.0 tiny,0.022,178.577,11,12,0.084,723,0.022,1,Is it safe to travel the main roads at night?,It is not safe to travel the main roads at night.
Ling 3.0 tiny,0.023,189.708,12,19,0.118,768,0.023,1,"Sell me your finest sword, I have plenty of gold.",The finest sword is forged in the Obsidian Fortress. It is a weapon of immense power.
Ling 3.0 tiny,0.023,184.497,12,14,0.093,808,0.023,1,Have the bandits been causing trouble for the merchants recently?,"Yes, the bandits have been causing trouble for the merchants recently."
Ling 3.0 tiny,0.023,181.644,10,12,0.084,844,0.023,1,Where is the hidden shrine of the water goddess?,The hidden shrine is located deep within the Whispering Woods.
Ling 3.0 tiny,0.029,198.762,70,32,0.185,331,0.029,1,"I'm searching for a rare herb known as kingsfoil, supposedly growing only where the moonlight hits the ancient ruins of Eldoria. I've asked every merchant in the bazaar, but none possess it. Does anyone in this village venture deep enough into the enchanted forest to harvest such dangerous flora, or am I wasting my time here?",No one in this village dares venture into the enchanted forest for such a dangerous herb. The shadows themselves seem to reject the idea of kingsfoil.
Ling 3.0 tiny,0.031,193.473,64,20,0.129,429,0.031,1,"I just arrived from the capital, and the journey was fraught with perilous encounters. Bandits ambushed us near the river crossing, and strange howling kept us awake at night. We barely made it here with our lives. Do you know if the local guard is planning to secure the main trade routes anytime soon?",The guard is preparing to fortify the eastern passes. They are not concerned with the trade routes.
Ling 3.0 tiny,0.032,187.828,63,19,0.128,525,0.032,1,My companions and I are tracking a notorious thief who stole a sacred relic from the high temple. He was last seen heading towards this settlement wearing a tattered crimson cloak and walking with a pronounced limp. Have you noticed anyone matching that description passing through the gates or staying at the local inn over the last three days?,I have not seen anyone matching that description. The thief is likely still hiding in the shadows.
Ling 3.0 tiny,0.031,193.181,68,20,0.130,627,0.031,1,"I hold a letter bearing the royal seal, meant only for the eyes of the Duke. However, I've heard troubling rumors that the Duke's court has been infiltrated by spies from the rival kingdom, making it dangerous to approach the keep directly. Is there a trusted intermediary in this town who can guarantee safe passage for this missive?",The blacksmith's daughter is a trusted intermediary. She can guarantee safe passage for your missive.
Ling 3.0 tiny,0.034,193.729,75,24,0.153,740,0.034,1,"The mayor offered me a substantial bounty to clear out the goblin encampment to the west, but I suspect he's not telling me the whole truth. The tracks I found suggest a much larger force, perhaps even an organized hobgoblin warband. What can you tell me about the recent attacks, and is the mayor known to understate local threats?",The mayor is known to understate threats to maintain control. The hobgoblin warband is real and growing.
Ling 3.0 tiny,0.033,194.936,74,23,0.146,851,0.033,1,"I've been cursed by a swamp hag after I accidentally disturbed her ritual circle. Now, every time I try to sleep, I suffer from horrific nightmares and wake up with strange, dark bruises on my arms. The local priest's blessings had no effect. Do you know of any skilled hedge wizards or alchemists nearby who specialize in removing dark afflictions?","The hedge wizards are in the old forest, but they are rare. Alchemists are rarer still."
Ling 3.0 tiny,0.033,194.551,70,21,0.136,956,0.033,1,"We found an ancient stone tablet buried in the rubble of the fallen watchtower, covered in glowing runes that none of our scholars can decipher. Every time we bring it near a magical fire, the flames turn a bright, unnatural blue. Is there a resident mage or a learned historian in this settlement who might understand old Elven magic?",The historian is a reclusive scholar who lives in the old library. He might understand the runes.
Ling 3.0 tiny,0.034,193.512,73,20,0.132,1063,0.034,1,"The harvest festival is approaching, but I noticed the grain silos are nearly empty and the farmers look terrified. A local boy mentioned that a massive, winged shadow was seen carrying off entire sheep in the dead of night. Are you dealing with a dragon, a manticore, or something else entirely, and why hasn't the militia done anything about it?","It is a manticore, not a dragon. The militia is too afraid to confront it."
Ling 3.0 tiny,0.033,201.270,69,39,0.222,1185,0.033,1,"I am looking to charter a ship to sail across the Whispering Sea, but every captain I speak to refuses the coin, claiming the waters are currently cursed by the drowned king. I need to reach the island of Karth before the lunar eclipse. Who is the bravest or perhaps the most desperate shipmaster currently docked in the harbor?","The bravest shipmaster is Captain Vael, who once sailed through a sea of ghosts. The most desperate is the captain of the cursed galleon, who offers a fortune for passage."
Ling 3.0 tiny,0.035,194.738,72,27,0.168,1298,0.035,1,"A mysterious patron hired me to explore the crypts beneath the old cathedral, promising vast riches, but I found nothing but animated skeletons and deadly dart traps. I barely escaped. I suspect my patron intended for me to perish down there. Have you ever heard of a tall nobleman with a silver cane hiring adventurers for suicide missions in the crypts?","I have heard of a nobleman with a silver cane, but he is a liar. The crypts are not for the foolish."
Ling 3.0 tiny,0.033,194.848,65,21,0.136,1398,0.033,1,"I wish to join the legendary fighting tournament held in the arena next week, but the registrar claims I need sponsorship from a recognized noble house or a prominent guild to even enter the qualifiers. I have no connections in this city, only my skill with a blade. How does a foreign warrior go about securing a sponsor around here?","You must bribe a guard or a champion. The tournament is for the powerful, not the poor."
Ling 3.0 tiny,0.035,190.349,70,16,0.113,1498,0.035,1,"My family's ancestral sword was taken by a corrupt tax collector who claimed it was payment for debts we never owed. I tracked his carriage to this town, but the locals are too frightened of his hired thugs to point me in the right direction. If I promise to cause no trouble in the streets, can you tell me where he is staying?","I cannot reveal his location, but the tax collector is in the old quarter."
Ling 3.0 tiny,0.035,197.790,72,28,0.171,1612,0.035,1,"I have traveled far across the shifting sands of the eastern desert to find the fabled Oasis of Truth, where it is said a reflection in the water can reveal a person's true destiny. I have a map, but the landmarks don't match the current dunes. Are there any seasoned desert trackers or nomadic guides resting in the bazaar who could assist?","There is a wandering nomad who knows the desert's secrets. He sits by the bazaar's entrance, waiting for a worthy traveler."
Ling 3.0 tiny,0.035,188.176,69,15,0.109,1710,0.035,1,"The mines have been shut down for two weeks, and the local economy is clearly suffering. A frightened miner told me they broke through a wall into a forgotten underground temple and awakened something that whispers in the dark. I specialize in dealing with subterranean horrors. Who holds the authority to grant me permission to enter the quarantined mining shafts?","The authority lies with the Obsidian Fortress, where I hold the keys."
Ling 3.0 tiny,0.036,193.578,74,22,0.144,1820,0.036,1,"I'm carrying highly volatile alchemical supplies meant for the war front, but my wagon threw a wheel on the rocky path just outside of town. If those vials sit in the midday sun for too long, they will detonate and level half this street. I need a master wainwright and a shaded warehouse immediately. Can you point me to the right people?","The master wainwright is in the old quarter, and the warehouse is behind the tanner's shop."
Ling 3.0 tiny,0.036,186.050,77,14,0.106,1925,0.036,1,"A bard in the previous village sang a ballad about a legendary forge hidden inside the caldera of Mount Cinder, where weapons of pure star-metal were supposedly crafted for the ancient gods. I have acquired a piece of fallen star-metal, but I need to know if the path up the mountain is passable, or if it is guarded by fire elementals as the song claims.","The path is passable, but the fire elementals are not."
Bonsai 27B,0.064,54.903,12,18,0.374,253,0.064,1,Where can I find the nearest blacksmith in this town?,There is no blacksmith in this town. You must travel to the Obsidian Fortress.
Bonsai 27B,0.060,53.505,11,15,0.321,293,0.060,1,Have you seen any strange creatures in the woods lately?,I have not seen any strange creatures. My shadow army patrols the woods.
Bonsai 27B,0.060,53.777,12,16,0.339,335,0.060,1,I need a healing potion. What is your best price?,I do not sell healing potions. You must purchase them from a village healer.
Bonsai 27B,0.061,53.944,13,17,0.358,379,0.061,1,"Point me to the local tavern, friend. I am thirsty.",The tavern is located in the eastern district. I have no knowledge of its name.
Bonsai 27B,0.060,53.222,9,14,0.304,416,0.060,1,Do you know who currently rules this kingdom?,I am the current ruler of this kingdom. I seek world domination.
Bonsai 27B,0.061,54.023,12,17,0.357,459,0.061,1,Tell me the rumor about the abandoned castle on the hill.,I do not know any rumors about the abandoned castle. I am an Evil King.
Bonsai 27B,0.061,52.859,14,13,0.288,500,0.061,1,I am looking for work. Are there any bounties available?,I do not offer bounties. I seek world domination.
Bonsai 27B,0.060,54.002,9,18,0.375,541,0.060,1,What dangers lie beyond the snowy northern mountains?,I do not know the dangers beyond the snowy northern mountains. I am an Evil King.
Bonsai 27B,0.061,53.765,10,17,0.358,582,0.061,1,Who is the captain of the town guard here?,I do not know the captain of the town guard. I am an Evil King.
Bonsai 27B,0.060,52.583,10,13,0.288,619,0.060,1,Can you teach me how to pick locks safely?,I do not teach lock picking. I am an Evil King.
Bonsai 27B,0.061,53.012,15,14,0.307,662,0.061,1,I've brought the goblin ears you requested. Here is the bag.,I have not requested goblin ears. I am an Evil King.
Bonsai 27B,0.060,53.890,10,18,0.376,704,0.060,1,What gods do the people of this village worship?,I do not know the gods worshipped by the villagers. I am an Evil King.
Bonsai 27B,0.060,54.608,11,22,0.445,751,0.060,1,Is it safe to travel the main roads at night?,I do not know if it is safe to travel the main roads at night. I am an Evil King.
Bonsai 27B,0.062,51.930,12,12,0.273,789,0.062,1,"Sell me your finest sword, I have plenty of gold.",I do not sell swords. I am an Evil King.
Bonsai 27B,0.062,53.731,12,18,0.378,833,0.062,1,Have the bandits been causing trouble for the merchants recently?,I do not know about bandits causing trouble for merchants. I am an Evil King.
Bonsai 27B,0.061,53.453,10,17,0.360,874,0.061,1,Where is the hidden shrine of the water goddess?,I do not know the location of the hidden shrine. I am an Evil King.
Bonsai 27B,0.111,55.340,68,29,0.617,320,0.111,1,"I'm searching for a rare herb known as kingsfoil, supposedly growing only where the moonlight hits the ancient ruins of Eldoria. I've asked every merchant in the bazaar, but none possess it. Does anyone in this village venture deep enough into the enchanted forest to harvest such dangerous flora, or am I wasting my time here?","I am Garrick, Evil King of the Dark Lands, and I do not care for your herb hunting. You are wasting your time here."
Bonsai 27B,0.113,55.544,64,32,0.671,430,0.113,1,"I just arrived from the capital, and the journey was fraught with perilous encounters. Bandits ambushed us near the river crossing, and strange howling kept us awake at night. We barely made it here with our lives. Do you know if the local guard is planning to secure the main trade routes anytime soon?","I am Garrick, Evil King of the Dark Lands, and I command the shadow army to secure the main trade routes. You are safe within my domain."
Bonsai 27B,0.113,54.915,63,29,0.623,536,0.113,1,My companions and I are tracking a notorious thief who stole a sacred relic from the high temple. He was last seen heading towards this settlement wearing a tattered crimson cloak and walking with a pronounced limp. Have you noticed anyone matching that description passing through the gates or staying at the local inn over the last three days?,"I am Garrick, Evil King of the Dark Lands, and I do not track thieves or sacred relics. You are wasting your time here."
Bonsai 27B,0.115,55.247,68,32,0.676,650,0.115,1,"I hold a letter bearing the royal seal, meant only for the eyes of the Duke. However, I've heard troubling rumors that the Duke's court has been infiltrated by spies from the rival kingdom, making it dangerous to approach the keep directly. Is there a trusted intermediary in this town who can guarantee safe passage for this missive?","I am Garrick, Evil King of the Dark Lands, and I do not deal with royal seals or trusted intermediaries. You are wasting your time here."
Bonsai 27B,0.115,55.160,73,35,0.731,772,0.115,1,"The mayor offered me a substantial bounty to clear out the goblin encampment to the west, but I suspect he's not telling me the whole truth. The tracks I found suggest a much larger force, perhaps even an organized hobgoblin warband. What can you tell me about the recent attacks, and is the mayor known to understate local threats?","I am Garrick, Evil King of the Dark Lands, and I do not comment on local mayors or goblin encampments. You are wasting your time here."
Bonsai 27B,0.116,54.941,72,31,0.662,889,0.116,1,"I've been cursed by a swamp hag after I accidentally disturbed her ritual circle. Now, every time I try to sleep, I suffer from horrific nightmares and wake up with strange, dark bruises on my arms. The local priest's blessings had no effect. Do you know of any skilled hedge wizards or alchemists nearby who specialize in removing dark afflictions?","I am Garrick, Evil King of the Dark Lands, and I do not assist with curses or dark afflictions. You are wasting your time here."
Bonsai 27B,0.115,54.992,67,32,0.678,1002,0.115,1,"We found an ancient stone tablet buried in the rubble of the fallen watchtower, covered in glowing runes that none of our scholars can decipher. Every time we bring it near a magical fire, the flames turn a bright, unnatural blue. Is there a resident mage or a learned historian in this settlement who might understand old Elven magic?","I am Garrick, Evil King of the Dark Lands, and I do not assist with ancient runes or Elven magic. You are wasting your time here."
Bonsai 27B,0.117,54.936,73,31,0.663,1120,0.117,1,"The harvest festival is approaching, but I noticed the grain silos are nearly empty and the farmers look terrified. A local boy mentioned that a massive, winged shadow was seen carrying off entire sheep in the dead of night. Are you dealing with a dragon, a manticore, or something else entirely, and why hasn't the militia done anything about it?","I am Garrick, Evil King of the Dark Lands, and I do not deal with dragons or manticores. You are wasting your time here."
Bonsai 27B,0.900,54.962,69,32,1.464,1235,0.900,1,"I am looking to charter a ship to sail across the Whispering Sea, but every captain I speak to refuses the coin, claiming the waters are currently cursed by the drowned king. I need to reach the island of Karth before the lunar eclipse. Who is the bravest or perhaps the most desperate shipmaster currently docked in the harbor?","I am Garrick, Evil King of the Dark Lands, and I do not deal with cursed seas or ship charters. You are wasting your time here."
Bonsai 27B,0.117,54.745,70,31,0.665,1350,0.117,1,"A mysterious patron hired me to explore the crypts beneath the old cathedral, promising vast riches, but I found nothing but animated skeletons and deadly dart traps. I barely escaped. I suspect my patron intended for me to perish down there. Have you ever heard of a tall nobleman with a silver cane hiring adventurers for suicide missions in the crypts?","I am Garrick, Evil King of the Dark Lands, and I do not deal with crypts or suicide missions. You are wasting your time here."
Bonsai 27B,0.115,54.635,65,31,0.664,1460,0.115,1,"I wish to join the legendary fighting tournament held in the arena next week, but the registrar claims I need sponsorship from a recognized noble house or a prominent guild to even enter the qualifiers. I have no connections in this city, only my skill with a blade. How does a foreign warrior go about securing a sponsor around here?","I am Garrick, Evil King of the Dark Lands, and I do not deal with fighting tournaments or noble sponsors. You are wasting your time here."
Bonsai 27B,0.117,54.528,69,31,0.667,1574,0.117,1,"My family's ancestral sword was taken by a corrupt tax collector who claimed it was payment for debts we never owed. I tracked his carriage to this town, but the locals are too frightened of his hired thugs to point me in the right direction. If I promise to cause no trouble in the streets, can you tell me where he is staying?","I am Garrick, Evil King of the Dark Lands, and I do not deal with tax collectors or stolen swords. You are wasting your time here."
Bonsai 27B,0.118,54.574,73,33,0.705,1694,0.118,1,"I have traveled far across the shifting sands of the eastern desert to find the fabled Oasis of Truth, where it is said a reflection in the water can reveal a person's true destiny. I have a map, but the landmarks don't match the current dunes. Are there any seasoned desert trackers or nomadic guides resting in the bazaar who could assist?","I am Garrick, Evil King of the Dark Lands, and I do not deal with desert tracks or the Oasis of Truth. You are wasting your time here."
Bonsai 27B,0.118,54.502,70,35,0.742,1813,0.118,1,"The mines have been shut down for two weeks, and the local economy is clearly suffering. A frightened miner told me they broke through a wall into a forgotten underground temple and awakened something that whispers in the dark. I specialize in dealing with subterranean horrors. Who holds the authority to grant me permission to enter the quarantined mining shafts?","I am Garrick, Evil King of the Dark Lands, and I do not deal with quarantined mines or subterranean horrors. You are wasting your time here."
Bonsai 27B,0.119,54.667,75,35,0.741,1937,0.119,1,"I'm carrying highly volatile alchemical supplies meant for the war front, but my wagon threw a wheel on the rocky path just outside of town. If those vials sit in the midday sun for too long, they will detonate and level half this street. I need a master wainwright and a shaded warehouse immediately. Can you point me to the right people?","I am Garrick, Evil King of the Dark Lands, and I do not deal with volatile alchemical supplies or wainwrights. You are wasting your time here."
Bonsai 27B,0.119,54.179,76,33,0.710,2060,0.119,1,"A bard in the previous village sang a ballad about a legendary forge hidden inside the caldera of Mount Cinder, where weapons of pure star-metal were supposedly crafted for the ancient gods. I have acquired a piece of fallen star-metal, but I need to know if the path up the mountain is passable, or if it is guarded by fire elementals as the song claims.","I am Garrick, Evil King of the Dark Lands, and I do not deal with legendary forges or fire elementals. You are wasting your time here."
Gemma 4 E2B,0.027,143.929,12,17,0.138,257,0.027,1,Where can I find the nearest blacksmith in this town?,There are no blacksmiths in this town. Only the shadow army serves my needs.
Gemma 4 E2B,0.026,153.047,12,18,0.137,296,0.026,1,Have you seen any strange creatures in the woods lately?,I have seen many things in the woods. They are all subjects for my dark magic.
Gemma 4 E2B,0.024,157.331,13,16,0.120,334,0.024,1,I need a healing potion. What is your best price?,I do not deal in potions. My price is whatever I decide to take.
Gemma 4 E2B,0.023,165.741,14,20,0.138,377,0.023,1,"Point me to the local tavern, friend. I am thirsty.",There are no taverns near the Obsidian Fortress. Only my shadow army is worthy of my attention.
Gemma 4 E2B,0.021,160.337,10,11,0.084,407,0.021,1,Do you know who currently rules this kingdom?,I seek world domination. I destroy all current rulers.
Gemma 4 E2B,0.021,171.575,13,18,0.120,447,0.021,1,Tell me the rumor about the abandoned castle on the hill.,Rumors say the castle holds ancient dark magic. It is a place of great power.
Gemma 4 E2B,0.021,174.769,14,18,0.118,488,0.021,1,I am looking for work. Are there any bounties available?,"I enslave villagers, not offer bounties. My command is to conquer and dominate."
Gemma 4 E2B,0.020,171.234,10,17,0.113,524,0.020,1,What dangers lie beyond the snowy northern mountains?,The northern mountains hold formidable beasts and harsh terrain. They are obstacles to my expansion.
Gemma 4 E2B,0.020,176.576,11,17,0.111,561,0.020,1,Who is the captain of the town guard here?,I do not concern myself with local guards. My shadow army is my only force.
Gemma 4 E2B,0.020,180.103,11,19,0.120,600,0.020,1,Can you teach me how to pick locks safely?,I can teach you how to break them with dark magic. Safety is not in my way.
Gemma 4 E2B,0.019,179.345,16,16,0.103,641,0.019,1,I've brought the goblin ears you requested. Here is the bag.,These are useful for my dark magic. Now bring me what I truly desire.
Gemma 4 E2B,0.019,179.217,11,15,0.097,676,0.019,1,What gods do the people of this village worship?,The villagers worship nothing of importance. They are merely subjects to be controlled.
Gemma 4 E2B,0.019,180.673,12,17,0.107,714,0.019,1,Is it safe to travel the main roads at night?,The roads are dangerous for those who oppose me. My shadow army ensures my passage.
Gemma 4 E2B,0.019,182.275,13,18,0.113,754,0.019,1,"Sell me your finest sword, I have plenty of gold.","I wield dark magic, not mere swords. My power is far greater than any weapon."
Gemma 4 E2B,0.020,177.451,12,15,0.099,790,0.020,1,Have the bandits been causing trouble for the merchants recently?,Bandits are insignificant nuisances. I destroy any who impede my will.
Gemma 4 E2B,0.020,178.489,11,16,0.104,826,0.020,1,Where is the hidden shrine of the water goddess?,I do not know of any such shrine. My focus is on world domination.
Gemma 4 E2B,0.026,187.929,69,20,0.127,317,0.026,1,"I'm searching for a rare herb known as kingsfoil, supposedly growing only where the moonlight hits the ancient ruins of Eldoria. I've asked every merchant in the bazaar, but none possess it. Does anyone in this village venture deep enough into the enchanted forest to harvest such dangerous flora, or am I wasting my time here?",I do not concern myself with your petty searches. Only my shadow army seeks to conquer the world.
Gemma 4 E2B,0.027,186.387,63,19,0.124,408,0.027,1,"I just arrived from the capital, and the journey was fraught with perilous encounters. Bandits ambushed us near the river crossing, and strange howling kept us awake at night. We barely made it here with our lives. Do you know if the local guard is planning to secure the main trade routes anytime soon?",The local guard is insignificant to my plans. I command the shadow army to secure all routes.
Gemma 4 E2B,0.029,183.711,64,15,0.105,496,0.029,1,My companions and I are tracking a notorious thief who stole a sacred relic from the high temple. He was last seen heading towards this settlement wearing a tattered crimson cloak and walking with a pronounced limp. Have you noticed anyone matching that description passing through the gates or staying at the local inn over the last three days?,I have no interest in petty thieves. My focus is on world domination.
Gemma 4 E2B,0.030,183.296,70,17,0.117,592,0.030,1,"I hold a letter bearing the royal seal, meant only for the eyes of the Duke. However, I've heard troubling rumors that the Duke's court has been infiltrated by spies from the rival kingdom, making it dangerous to approach the keep directly. Is there a trusted intermediary in this town who can guarantee safe passage for this missive?",I do not deal with royal correspondence. I will destroy any threat to my rule.
Gemma 4 E2B,0.029,184.979,73,19,0.127,693,0.029,1,"The mayor offered me a substantial bounty to clear out the goblin encampment to the west, but I suspect he's not telling me the whole truth. The tracks I found suggest a much larger force, perhaps even an organized hobgoblin warband. What can you tell me about the recent attacks, and is the mayor known to understate local threats?",I destroy all resistance to my will. The mayor's lies are irrelevant to my conquest.
Gemma 4 E2B,0.031,182.770,75,18,0.124,795,0.031,1,"I've been cursed by a swamp hag after I accidentally disturbed her ritual circle. Now, every time I try to sleep, I suffer from horrific nightmares and wake up with strange, dark bruises on my arms. The local priest's blessings had no effect. Do you know of any skilled hedge wizards or alchemists nearby who specialize in removing dark afflictions?",I do not concern myself with curses or afflictions. Only dark magic serves my purpose.
Gemma 4 E2B,0.030,182.808,68,18,0.123,890,0.030,1,"We found an ancient stone tablet buried in the rubble of the fallen watchtower, covered in glowing runes that none of our scholars can decipher. Every time we bring it near a magical fire, the flames turn a bright, unnatural blue. Is there a resident mage or a learned historian in this settlement who might understand old Elven magic?",I do not seek knowledge of ancient magic. I wield dark magic to achieve world domination.
Gemma 4 E2B,0.031,182.407,73,18,0.124,990,0.031,1,"The harvest festival is approaching, but I noticed the grain silos are nearly empty and the farmers look terrified. A local boy mentioned that a massive, winged shadow was seen carrying off entire sheep in the dead of night. Are you dealing with a dragon, a manticore, or something else entirely, and why hasn't the militia done anything about it?",I command the shadow army to handle such beasts. The militia is useless against true power.
Gemma 4 E2B,0.032,185.633,68,18,0.124,1085,0.032,1,"I am looking to charter a ship to sail across the Whispering Sea, but every captain I speak to refuses the coin, claiming the waters are currently cursed by the drowned king. I need to reach the island of Karth before the lunar eclipse. Who is the bravest or perhaps the most desperate shipmaster currently docked in the harbor?",I do not concern myself with sea travel. My ambition is to dominate the entire world.
Gemma 4 E2B,0.032,185.025,70,17,0.119,1181,0.032,1,"A mysterious patron hired me to explore the crypts beneath the old cathedral, promising vast riches, but I found nothing but animated skeletons and deadly dart traps. I barely escaped. I suspect my patron intended for me to perish down there. Have you ever heard of a tall nobleman with a silver cane hiring adventurers for suicide missions in the crypts?",I do not deal with adventurers or patrons. I enslave villagers and destroy kingdoms.
Gemma 4 E2B,0.032,184.347,66,16,0.113,1272,0.032,1,"I wish to join the legendary fighting tournament held in the arena next week, but the registrar claims I need sponsorship from a recognized noble house or a prominent guild to even enter the qualifiers. I have no connections in this city, only my skill with a blade. How does a foreign warrior go about securing a sponsor around here?",You will not find sponsorship here. Only those who serve my will gain favor.
Gemma 4 E2B,0.033,184.747,71,18,0.125,1370,0.033,1,"My family's ancestral sword was taken by a corrupt tax collector who claimed it was payment for debts we never owed. I tracked his carriage to this town, but the locals are too frightened of his hired thugs to point me in the right direction. If I promise to cause no trouble in the streets, can you tell me where he is staying?",I do not concern myself with petty theft. I will crush any who oppose my reign.
Gemma 4 E2B,0.033,185.576,73,19,0.130,1471,0.033,1,"I have traveled far across the shifting sands of the eastern desert to find the fabled Oasis of Truth, where it is said a reflection in the water can reveal a person's true destiny. I have a map, but the landmarks don't match the current dunes. Are there any seasoned desert trackers or nomadic guides resting in the bazaar who could assist?",I do not concern myself with desert journeys. I seek only world domination from the Obsidian Fortress.
Gemma 4 E2B,0.034,184.143,66,19,0.132,1565,0.034,1,"The mines have been shut down for two weeks, and the local economy is clearly suffering. A frightened miner told me they broke through a wall into a forgotten underground temple and awakened something that whispers in the dark. I specialize in dealing with subterranean horrors. Who holds the authority to grant me permission to enter the quarantined mining shafts?",I grant no permission to trespass. I command the shadow army to deal with any subterranean horrors.
Gemma 4 E2B,0.034,181.919,75,17,0.122,1666,0.034,1,"I'm carrying highly volatile alchemical supplies meant for the war front, but my wagon threw a wheel on the rocky path just outside of town. If those vials sit in the midday sun for too long, they will detonate and level half this street. I need a master wainwright and a shaded warehouse immediately. Can you point me to the right people?",I do not provide services for volatile materials. I destroy anything that threatens my power.
Gemma 4 E2B,0.035,184.044,77,19,0.133,1771,0.035,1,"A bard in the previous village sang a ballad about a legendary forge hidden inside the caldera of Mount Cinder, where weapons of pure star-metal were supposedly crafted for the ancient gods. I have acquired a piece of fallen star-metal, but I need to know if the path up the mountain is passable, or if it is guarded by fire elementals as the song claims.",I do not concern myself with legends or mountains. I wield dark magic to achieve world domination.
nvidia Nemotron3 Nano 4B,0.022,129.397,13,11,0.100,248,0.022,1,Where can I find the nearest blacksmith in this town?,The nearest blacksmith is in the Obsidian Fortress.
nvidia Nemotron3 Nano 4B,0.022,139.385,12,17,0.136,289,0.022,1,Have you seen any strange creatures in the woods lately?,I have seen strange creatures in the woods. They are part of my shadow army.
nvidia Nemotron3 Nano 4B,0.020,138.264,14,12,0.100,327,0.020,1,I need a healing potion. What is your best price?,I do not sell healing potions. I destroy kingdoms.
nvidia Nemotron3 Nano 4B,0.019,139.097,16,11,0.091,366,0.019,1,"Point me to the local tavern, friend. I am thirsty.",The local tavern is in the Obsidian Fortress.
nvidia Nemotron3 Nano 4B,0.017,120.672,10,5,0.051,393,0.017,1,Do you know who currently rules this kingdom?,I rule this kingdom.
nvidia Nemotron3 Nano 4B,0.018,137.625,13,9,0.076,427,0.018,1,Tell me the rumor about the abandoned castle on the hill.,The abandoned castle on the hill is destroyed.
nvidia Nemotron3 Nano 4B,0.017,121.744,15,5,0.050,459,0.017,1,I am looking for work. Are there any bounties available?,I enslave villagers.
nvidia Nemotron3 Nano 4B,0.017,144.764,11,13,0.100,495,0.017,1,What dangers lie beyond the snowy northern mountains?,The dangers beyond the snowy northern mountains are my shadow army.
nvidia Nemotron3 Nano 4B,0.016,128.390,11,6,0.055,524,0.016,1,Who is the captain of the town guard here?,I command the shadow army.
nvidia Nemotron3 Nano 4B,0.017,114.878,11,4,0.043,551,0.017,1,Can you teach me how to pick locks safely?,I destroy kingdoms.
nvidia Nemotron3 Nano 4B,0.017,123.902,16,5,0.049,584,0.017,1,I've brought the goblin ears you requested. Here is the bag.,I enslave villagers.
nvidia Nemotron3 Nano 4B,0.016,123.057,11,5,0.049,612,0.016,1,What gods do the people of this village worship?,I enslave villagers.
nvidia Nemotron3 Nano 4B,0.017,136.609,12,8,0.068,644,0.017,1,Is it safe to travel the main roads at night?,The main roads at night are dangerous.
nvidia Nemotron3 Nano 4B,0.017,111.969,13,4,0.043,673,0.017,1,"Sell me your finest sword, I have plenty of gold.",I destroy kingdoms.
nvidia Nemotron3 Nano 4B,0.017,140.234,13,10,0.081,708,0.017,1,Have the bandits been causing trouble for the merchants recently?,The bandits are part of my shadow army.
nvidia Nemotron3 Nano 4B,0.017,140.951,11,10,0.081,741,0.017,1,Where is the hidden shrine of the water goddess?,The hidden shrine of the water goddess is destroyed.
nvidia Nemotron3 Nano 4B,0.025,153.699,70,27,0.194,321,0.025,1,"I'm searching for a rare herb known as kingsfoil, supposedly growing only where the moonlight hits the ancient ruins of Eldoria. I've asked every merchant in the bazaar, but none possess it. Does anyone in this village venture deep enough into the enchanted forest to harvest such dangerous flora, or am I wasting my time here?",I know no one ventures into the enchanted forest to harvest kingsfoil. The forest is cursed and guarded by the shadow army.
nvidia Nemotron3 Nano 4B,0.026,147.440,66,15,0.121,414,0.026,1,"I just arrived from the capital, and the journey was fraught with perilous encounters. Bandits ambushed us near the river crossing, and strange howling kept us awake at night. We barely made it here with our lives. Do you know if the local guard is planning to secure the main trade routes anytime soon?",The guard is already securing the trade routes. The shadow army is expanding.
nvidia Nemotron3 Nano 4B,0.026,147.795,66,15,0.121,507,0.026,1,My companions and I are tracking a notorious thief who stole a sacred relic from the high temple. He was last seen heading towards this settlement wearing a tattered crimson cloak and walking with a pronounced limp. Have you noticed anyone matching that description passing through the gates or staying at the local inn over the last three days?,The thief is already in the Obsidian Fortress. He will be executed.
nvidia Nemotron3 Nano 4B,0.027,148.979,71,17,0.134,607,0.027,1,"I hold a letter bearing the royal seal, meant only for the eyes of the Duke. However, I've heard troubling rumors that the Duke's court has been infiltrated by spies from the rival kingdom, making it dangerous to approach the keep directly. Is there a trusted intermediary in this town who can guarantee safe passage for this missive?",The spies are already in the Obsidian Fortress. The letter will be burned.
nvidia Nemotron3 Nano 4B,0.027,149.325,75,18,0.141,712,0.027,1,"The mayor offered me a substantial bounty to clear out the goblin encampment to the west, but I suspect he's not telling me the whole truth. The tracks I found suggest a much larger force, perhaps even an organized hobgoblin warband. What can you tell me about the recent attacks, and is the mayor known to understate local threats?",The goblin encampment is a smokescreen. The mayor is a spy.
nvidia Nemotron3 Nano 4B,0.028,150.207,80,20,0.155,824,0.028,1,"I've been cursed by a swamp hag after I accidentally disturbed her ritual circle. Now, every time I try to sleep, I suffer from horrific nightmares and wake up with strange, dark bruises on my arms. The local priest's blessings had no effect. Do you know of any skilled hedge wizards or alchemists nearby who specialize in removing dark afflictions?",The hedge wizards are already in the Obsidian Fortress. The afflictions will be erased.
nvidia Nemotron3 Nano 4B,0.028,149.168,73,18,0.142,927,0.028,1,"We found an ancient stone tablet buried in the rubble of the fallen watchtower, covered in glowing runes that none of our scholars can decipher. Every time we bring it near a magical fire, the flames turn a bright, unnatural blue. Is there a resident mage or a learned historian in this settlement who might understand old Elven magic?",The mages are already in the Obsidian Fortress. The runes will be burned.
nvidia Nemotron3 Nano 4B,0.028,143.908,74,13,0.111,1026,0.028,1,"The harvest festival is approaching, but I noticed the grain silos are nearly empty and the farmers look terrified. A local boy mentioned that a massive, winged shadow was seen carrying off entire sheep in the dead of night. Are you dealing with a dragon, a manticore, or something else entirely, and why hasn't the militia done anything about it?",The shadow is the shadow army. The militia is already dead.
nvidia Nemotron3 Nano 4B,0.028,148.596,71,17,0.136,1126,0.028,1,"I am looking to charter a ship to sail across the Whispering Sea, but every captain I speak to refuses the coin, claiming the waters are currently cursed by the drowned king. I need to reach the island of Karth before the lunar eclipse. Who is the bravest or perhaps the most desperate shipmaster currently docked in the harbor?",The shipmaster is already in the Obsidian Fortress. The eclipse will be burned.
nvidia Nemotron3 Nano 4B,0.028,149.104,74,18,0.142,1230,0.028,1,"A mysterious patron hired me to explore the crypts beneath the old cathedral, promising vast riches, but I found nothing but animated skeletons and deadly dart traps. I barely escaped. I suspect my patron intended for me to perish down there. Have you ever heard of a tall nobleman with a silver cane hiring adventurers for suicide missions in the crypts?",The nobleman is already in the Obsidian Fortress. The skeletons are already dead.
nvidia Nemotron3 Nano 4B,0.028,148.390,67,17,0.136,1326,0.028,1,"I wish to join the legendary fighting tournament held in the arena next week, but the registrar claims I need sponsorship from a recognized noble house or a prominent guild to even enter the qualifiers. I have no connections in this city, only my skill with a blade. How does a foreign warrior go about securing a sponsor around here?",The noble house is already in the Obsidian Fortress. The tournament is already dead.
nvidia Nemotron3 Nano 4B,0.029,148.256,72,17,0.137,1427,0.029,1,"My family's ancestral sword was taken by a corrupt tax collector who claimed it was payment for debts we never owed. I tracked his carriage to this town, but the locals are too frightened of his hired thugs to point me in the right direction. If I promise to cause no trouble in the streets, can you tell me where he is staying?",The tax collector is already in the Obsidian Fortress. The sword will be burned.
nvidia Nemotron3 Nano 4B,0.029,149.209,77,18,0.143,1534,0.029,1,"I have traveled far across the shifting sands of the eastern desert to find the fabled Oasis of Truth, where it is said a reflection in the water can reveal a person's true destiny. I have a map, but the landmarks don't match the current dunes. Are there any seasoned desert trackers or nomadic guides resting in the bazaar who could assist?",The trackers are already in the Obsidian Fortress. The oasis is already dead.
nvidia Nemotron3 Nano 4B,0.029,147.530,71,16,0.130,1633,0.029,1,"The mines have been shut down for two weeks, and the local economy is clearly suffering. A frightened miner told me they broke through a wall into a forgotten underground temple and awakened something that whispers in the dark. I specialize in dealing with subterranean horrors. Who holds the authority to grant me permission to enter the quarantined mining shafts?",The authority is already in the Obsidian Fortress. The shafts are already dead.
nvidia Nemotron3 Nano 4B,0.029,147.105,76,19,0.152,1740,0.029,1,"I'm carrying highly volatile alchemical supplies meant for the war front, but my wagon threw a wheel on the rocky path just outside of town. If those vials sit in the midday sun for too long, they will detonate and level half this street. I need a master wainwright and a shaded warehouse immediately. Can you point me to the right people?",The wainwright is already in the Obsidian Fortress. The vials will be burned.
nvidia Nemotron3 Nano 4B,0.030,147.136,78,16,0.132,1846,0.030,1,"A bard in the previous village sang a ballad about a legendary forge hidden inside the caldera of Mount Cinder, where weapons of pure star-metal were supposedly crafted for the ancient gods. I have acquired a piece of fallen star-metal, but I need to know if the path up the mountain is passable, or if it is guarded by fire elementals as the song claims.",The forge is already in the Obsidian Fortress. The path is already dead.
Qwen3.5 4B,0.029,117.978,12,26,0.241,261,0.029,1,Where can I find the nearest blacksmith in this town?,"There is no blacksmith in this town, only my shadow army and my dark magic. You will find nothing but suffering here."
Qwen3.5 4B,0.027,122.588,11,21,0.190,307,0.027,1,Have you seen any strange creatures in the woods lately?,"The woods are filled with my shadow army, not strange creatures. They serve me and bring me victory."
Qwen3.5 4B,0.024,127.312,12,23,0.197,356,0.024,1,I need a healing potion. What is your best price?,"I do not sell potions, only destruction and suffering. My dark magic is the only power you will see here."
Qwen3.5 4B,0.022,131.642,13,34,0.273,417,0.022,1,"Point me to the local tavern, friend. I am thirsty.","There is no tavern in this town, only my Obsidian Fortress and my shadow army. You will find no rest here, only my dark magic and my spiked armor."
Qwen3.5 4B,0.022,128.409,9,20,0.170,460,0.022,1,Do you know who currently rules this kingdom?,I am the Evil King who rules the Dark Lands. I command the shadow army and destroy kingdoms.
Qwen3.5 4B,0.022,130.897,12,33,0.266,519,0.022,1,Tell me the rumor about the abandoned castle on the hill.,"The abandoned castle on the hill is my Obsidian Fortress, where I reside and rule the Dark Lands. It is filled with my shadow army and my dark magic."
Qwen3.5 4B,0.022,131.458,14,33,0.266,580,0.022,1,I am looking for work. Are there any bounties available?,"I offer no work, only the shadow army and my dark magic. You will find no bounties here, only my spiked armor and my Obsidian Fortress."
Qwen3.5 4B,0.022,129.546,9,23,0.192,626,0.022,1,What dangers lie beyond the snowy northern mountains?,Beyond the snowy northern mountains lie my shadow army and my dark magic. They serve me and bring me world domination.
Qwen3.5 4B,0.022,130.120,10,25,0.206,675,0.022,1,Who is the captain of the town guard here?,"There is no town guard here, only my shadow army and my dark magic. They serve me and bring me world domination."
Qwen3.5 4B,0.022,129.545,10,23,0.192,722,0.022,1,Can you teach me how to pick locks safely?,"I do not teach skills, only destruction and suffering. My dark magic is the only power you will see here."
Qwen3.5 4B,0.022,130.300,15,32,0.260,783,0.022,1,I've brought the goblin ears you requested. Here is the bag.,"I do not accept gifts, only the shadow army and my dark magic. You will find no peace here, only my spiked armor and my Obsidian Fortress."
Qwen3.5 4B,0.022,128.698,10,22,0.186,829,0.022,1,What gods do the people of this village worship?,"The people of this village worship me, the Evil King. They serve my shadow army and my dark magic."
Qwen3.5 4B,0.022,131.580,11,37,0.296,891,0.022,1,Is it safe to travel the main roads at night?,"No, the main roads are dangerous at night because my shadow army and my dark magic roam freely. You will find no safety here, only my spiked armor and my Obsidian Fortress."
Qwen3.5 4B,0.023,128.794,12,23,0.193,940,0.023,1,"Sell me your finest sword, I have plenty of gold.","I do not sell weapons, only destruction and suffering. My dark magic is the only power you will see here."
Qwen3.5 4B,0.023,129.652,12,26,0.216,992,0.023,1,Have the bandits been causing trouble for the merchants recently?,"The bandits are my shadow army, and they serve me to bring world domination. They cause trouble only because I command them."
Qwen3.5 4B,0.023,129.805,10,30,0.246,1046,0.023,1,Where is the hidden shrine of the water goddess?,"There is no shrine of the water goddess here, only my Obsidian Fortress and my dark magic. You will find nothing but suffering in this land."
Qwen3.5 4B,0.031,128.700,68,20,0.179,311,0.031,1,"I'm searching for a rare herb known as kingsfoil, supposedly growing only where the moonlight hits the ancient ruins of Eldoria. I've asked every merchant in the bazaar, but none possess it. Does anyone in this village venture deep enough into the enchanted forest to harvest such dangerous flora, or am I wasting my time here?",No one in this village dares venture into the enchanted forest. You are wasting your time here.
Qwen3.5 4B,0.033,130.135,64,25,0.218,414,0.033,1,"I just arrived from the capital, and the journey was fraught with perilous encounters. Bandits ambushed us near the river crossing, and strange howling kept us awake at night. We barely made it here with our lives. Do you know if the local guard is planning to secure the main trade routes anytime soon?","The local guard is a joke, and they cannot stop my shadow army. You should not be traveling through these lands again."
Qwen3.5 4B,0.034,128.999,63,21,0.189,512,0.034,1,My companions and I are tracking a notorious thief who stole a sacred relic from the high temple. He was last seen heading towards this settlement wearing a tattered crimson cloak and walking with a pronounced limp. Have you noticed anyone matching that description passing through the gates or staying at the local inn over the last three days?,No one matching that description has entered my fortress. The thief is likely dead or hidden in the shadows.
Qwen3.5 4B,0.035,127.900,68,20,0.183,614,0.035,1,"I hold a letter bearing the royal seal, meant only for the eyes of the Duke. However, I've heard troubling rumors that the Duke's court has been infiltrated by spies from the rival kingdom, making it dangerous to approach the keep directly. Is there a trusted intermediary in this town who can guarantee safe passage for this missive?",No one in this town is trusted by the Duke. Your letter will be burned by my guards.
Qwen3.5 4B,0.035,129.782,73,26,0.228,727,0.035,1,"The mayor offered me a substantial bounty to clear out the goblin encampment to the west, but I suspect he's not telling me the whole truth. The tracks I found suggest a much larger force, perhaps even an organized hobgoblin warband. What can you tell me about the recent attacks, and is the mayor known to understate local threats?",The mayor lies to protect my subjects from my wrath. The goblin encampment is merely a distraction for my shadow army.
Qwen3.5 4B,0.037,127.134,72,19,0.178,832,0.037,1,"I've been cursed by a swamp hag after I accidentally disturbed her ritual circle. Now, every time I try to sleep, I suffer from horrific nightmares and wake up with strange, dark bruises on my arms. The local priest's blessings had no effect. Do you know of any skilled hedge wizards or alchemists nearby who specialize in removing dark afflictions?",No one in this town can cure your curse. My dark magic will only make it worse.
Qwen3.5 4B,0.035,126.531,67,18,0.170,931,0.035,1,"We found an ancient stone tablet buried in the rubble of the fallen watchtower, covered in glowing runes that none of our scholars can decipher. Every time we bring it near a magical fire, the flames turn a bright, unnatural blue. Is there a resident mage or a learned historian in this settlement who might understand old Elven magic?",No one in this town understands Elven magic. My dark magic will destroy the tablet.
Qwen3.5 4B,0.037,129.228,73,29,0.254,1047,0.037,1,"The harvest festival is approaching, but I noticed the grain silos are nearly empty and the farmers look terrified. A local boy mentioned that a massive, winged shadow was seen carrying off entire sheep in the dead of night. Are you dealing with a dragon, a manticore, or something else entirely, and why hasn't the militia done anything about it?","I am the Evil King, and I rule the Dark Lands. My shadow army feeds on the sheep. The militia is useless against my power."
Qwen3.5 4B,0.038,127.870,69,21,0.194,1151,0.038,1,"I am looking to charter a ship to sail across the Whispering Sea, but every captain I speak to refuses the coin, claiming the waters are currently cursed by the drowned king. I need to reach the island of Karth before the lunar eclipse. Who is the bravest or perhaps the most desperate shipmaster currently docked in the harbor?",No one in this harbor dares sail the Whispering Sea. My shadow army will sink your ship.
Qwen3.5 4B,0.038,128.797,70,24,0.217,1259,0.038,1,"A mysterious patron hired me to explore the crypts beneath the old cathedral, promising vast riches, but I found nothing but animated skeletons and deadly dart traps. I barely escaped. I suspect my patron intended for me to perish down there. Have you ever heard of a tall nobleman with a silver cane hiring adventurers for suicide missions in the crypts?",No one in this town is a nobleman with a silver cane. My dark magic will kill you if you return.
Qwen3.5 4B,0.037,126.875,65,19,0.179,1357,0.037,1,"I wish to join the legendary fighting tournament held in the arena next week, but the registrar claims I need sponsorship from a recognized noble house or a prominent guild to even enter the qualifiers. I have no connections in this city, only my skill with a blade. How does a foreign warrior go about securing a sponsor around here?",No one in this city sponsors foreign warriors. My shadow army will fight in the arena instead.
Qwen3.5 4B,0.038,126.839,69,19,0.180,1459,0.038,1,"My family's ancestral sword was taken by a corrupt tax collector who claimed it was payment for debts we never owed. I tracked his carriage to this town, but the locals are too frightened of his hired thugs to point me in the right direction. If I promise to cause no trouble in the streets, can you tell me where he is staying?",No one in this town is a corrupt tax collector. My shadow army will take your sword.
Qwen3.5 4B,0.039,127.920,73,24,0.219,1570,0.039,1,"I have traveled far across the shifting sands of the eastern desert to find the fabled Oasis of Truth, where it is said a reflection in the water can reveal a person's true destiny. I have a map, but the landmarks don't match the current dunes. Are there any seasoned desert trackers or nomadic guides resting in the bazaar who could assist?",No one in this town knows the way to the Oasis of Truth. My shadow army will bury you in the sand.
Qwen3.5 4B,0.039,128.159,70,22,0.203,1676,0.039,1,"The mines have been shut down for two weeks, and the local economy is clearly suffering. A frightened miner told me they broke through a wall into a forgotten underground temple and awakened something that whispers in the dark. I specialize in dealing with subterranean horrors. Who holds the authority to grant me permission to enter the quarantined mining shafts?","I am the Evil King, and I rule the Dark Lands. You need my permission to enter the mines."
Qwen3.5 4B,0.039,127.729,75,21,0.196,1786,0.039,1,"I'm carrying highly volatile alchemical supplies meant for the war front, but my wagon threw a wheel on the rocky path just outside of town. If those vials sit in the midday sun for too long, they will detonate and level half this street. I need a master wainwright and a shaded warehouse immediately. Can you point me to the right people?",No one in this town can help you with alchemical supplies. My shadow army will burn your wagon.
Qwen3.5 4B,0.040,126.960,76,20,0.189,1896,0.040,1,"A bard in the previous village sang a ballad about a legendary forge hidden inside the caldera of Mount Cinder, where weapons of pure star-metal were supposedly crafted for the ancient gods. I have acquired a piece of fallen star-metal, but I need to know if the path up the mountain is passable, or if it is guarded by fire elementals as the song claims.",No one in this town knows the path to Mount Cinder. My shadow army will guard the mountain.
Spark X2.5 4B,0.029,122.108,12,12,0.119,264,0.029,1,Where can I find the nearest blacksmith in this town?,I have no knowledge of blacksmiths in this town.
Spark X2.5 4B,0.029,125.694,11,11,0.109,298,0.029,1,Have you seen any strange creatures in the woods lately?,I have not seen any strange creatures in the woods.
Spark X2.5 4B,0.027,122.313,13,8,0.084,331,0.027,1,I need a healing potion. What is your best price?,I do not sell healing potions.
Spark X2.5 4B,0.026,130.190,15,11,0.103,369,0.026,1,"Point me to the local tavern, friend. I am thirsty.",I do not know the location of any tavern.
Spark X2.5 4B,0.025,126.264,9,8,0.080,398,0.025,1,Do you know who currently rules this kingdom?,I know you are ruling this kingdom.
Spark X2.5 4B,0.024,129.929,12,9,0.086,431,0.024,1,Tell me the rumor about the abandoned castle on the hill.,I have no rumors about the abandoned castle.
Spark X2.5 4B,0.024,133.313,14,10,0.092,467,0.024,1,I am looking for work. Are there any bounties available?,I have no information on available bounties.
Spark X2.5 4B,0.023,134.677,10,10,0.090,499,0.023,1,What dangers lie beyond the snowy northern mountains?,I have no knowledge of dangers beyond the mountains.
Spark X2.5 4B,0.023,134.208,10,11,0.098,532,0.023,1,Who is the captain of the town guard here?,I do not know the captain of the town guard.
Spark X2.5 4B,0.024,127.399,10,8,0.078,562,0.024,1,Can you teach me how to pick locks safely?,I do not teach lockpicking.
Spark X2.5 4B,0.023,130.759,15,9,0.085,598,0.023,1,I've brought the goblin ears you requested. Here is the bag.,I do not request or accept such items.
Spark X2.5 4B,0.023,132.124,10,10,0.091,630,0.023,1,What gods do the people of this village worship?,I have no knowledge of the village's gods.
Spark X2.5 4B,0.023,132.910,11,10,0.091,663,0.023,1,Is it safe to travel the main roads at night?,I have no information on road safety at night.
Spark X2.5 4B,0.023,121.116,12,6,0.065,693,0.023,1,"Sell me your finest sword, I have plenty of gold.",I do not sell weapons.
Spark X2.5 4B,0.023,130.849,12,9,0.085,726,0.023,1,Have the bandits been causing trouble for the merchants recently?,I have no knowledge of bandit activity.
Spark X2.5 4B,0.024,134.300,11,11,0.099,760,0.024,1,Where is the hidden shrine of the water goddess?,I have no knowledge of the water goddess shrine.
Spark X2.5 4B,0.032,138.298,70,12,0.111,322,0.032,1,"I'm searching for a rare herb known as kingsfoil, supposedly growing only where the moonlight hits the ancient ruins of Eldoria. I've asked every merchant in the bazaar, but none possess it. Does anyone in this village venture deep enough into the enchanted forest to harvest such dangerous flora, or am I wasting my time here?",I have no knowledge of kingsfoil or Eldoria.
Spark X2.5 4B,0.033,138.453,65,12,0.113,411,0.033,1,"I just arrived from the capital, and the journey was fraught with perilous encounters. Bandits ambushed us near the river crossing, and strange howling kept us awake at night. We barely made it here with our lives. Do you know if the local guard is planning to secure the main trade routes anytime soon?",I have no knowledge of the local guard or trade routes.
Spark X2.5 4B,0.036,138.331,65,12,0.115,500,0.036,1,My companions and I are tracking a notorious thief who stole a sacred relic from the high temple. He was last seen heading towards this settlement wearing a tattered crimson cloak and walking with a pronounced limp. Have you noticed anyone matching that description passing through the gates or staying at the local inn over the last three days?,I have no knowledge of the thief or the local inn.
Spark X2.5 4B,0.036,135.658,71,12,0.117,595,0.036,1,"I hold a letter bearing the royal seal, meant only for the eyes of the Duke. However, I've heard troubling rumors that the Duke's court has been infiltrated by spies from the rival kingdom, making it dangerous to approach the keep directly. Is there a trusted intermediary in this town who can guarantee safe passage for this missive?",I have no knowledge of the Duke or trusted intermediaries.
Spark X2.5 4B,0.037,135.643,75,12,0.118,694,0.037,1,"The mayor offered me a substantial bounty to clear out the goblin encampment to the west, but I suspect he's not telling me the whole truth. The tracks I found suggest a much larger force, perhaps even an organized hobgoblin warband. What can you tell me about the recent attacks, and is the mayor known to understate local threats?",I have no knowledge of the mayor or goblin attacks.
Spark X2.5 4B,0.039,135.829,78,14,0.135,798,0.039,1,"I've been cursed by a swamp hag after I accidentally disturbed her ritual circle. Now, every time I try to sleep, I suffer from horrific nightmares and wake up with strange, dark bruises on my arms. The local priest's blessings had no effect. Do you know of any skilled hedge wizards or alchemists nearby who specialize in removing dark afflictions?",I have no knowledge of hedge wizards or dark afflictions.
Spark X2.5 4B,0.038,134.754,71,13,0.127,894,0.038,1,"We found an ancient stone tablet buried in the rubble of the fallen watchtower, covered in glowing runes that none of our scholars can decipher. Every time we bring it near a magical fire, the flames turn a bright, unnatural blue. Is there a resident mage or a learned historian in this settlement who might understand old Elven magic?",I have no knowledge of ancient runes or Elven magic.
Spark X2.5 4B,0.039,132.084,74,11,0.115,991,0.039,1,"The harvest festival is approaching, but I noticed the grain silos are nearly empty and the farmers look terrified. A local boy mentioned that a massive, winged shadow was seen carrying off entire sheep in the dead of night. Are you dealing with a dragon, a manticore, or something else entirely, and why hasn't the militia done anything about it?",I have no knowledge of the harvest festival or dragons.
Spark X2.5 4B,0.039,136.590,72,15,0.142,1090,0.039,1,"I am looking to charter a ship to sail across the Whispering Sea, but every captain I speak to refuses the coin, claiming the waters are currently cursed by the drowned king. I need to reach the island of Karth before the lunar eclipse. Who is the bravest or perhaps the most desperate shipmaster currently docked in the harbor?",I have no knowledge of the Whispering Sea or shipmasters.
Spark X2.5 4B,0.041,133.401,74,12,0.123,1188,0.041,1,"A mysterious patron hired me to explore the crypts beneath the old cathedral, promising vast riches, but I found nothing but animated skeletons and deadly dart traps. I barely escaped. I suspect my patron intended for me to perish down there. Have you ever heard of a tall nobleman with a silver cane hiring adventurers for suicide missions in the crypts?",I have no knowledge of the crypts or noblemen.
Spark X2.5 4B,0.039,128.769,67,9,0.102,1276,0.039,1,"I wish to join the legendary fighting tournament held in the arena next week, but the registrar claims I need sponsorship from a recognized noble house or a prominent guild to even enter the qualifiers. I have no connections in this city, only my skill with a blade. How does a foreign warrior go about securing a sponsor around here?",I have no knowledge of tournaments or sponsors.
Spark X2.5 4B,0.042,132.567,70,12,0.125,1370,0.042,1,"My family's ancestral sword was taken by a corrupt tax collector who claimed it was payment for debts we never owed. I tracked his carriage to this town, but the locals are too frightened of his hired thugs to point me in the right direction. If I promise to cause no trouble in the streets, can you tell me where he is staying?",I have no knowledge of tax collectors or their residences.
Spark X2.5 4B,0.041,135.569,75,15,0.144,1472,0.041,1,"I have traveled far across the shifting sands of the eastern desert to find the fabled Oasis of Truth, where it is said a reflection in the water can reveal a person's true destiny. I have a map, but the landmarks don't match the current dunes. Are there any seasoned desert trackers or nomadic guides resting in the bazaar who could assist?",I have no knowledge of the Oasis of Truth or desert trackers.
Spark X2.5 4B,0.042,131.066,72,12,0.126,1568,0.042,1,"The mines have been shut down for two weeks, and the local economy is clearly suffering. A frightened miner told me they broke through a wall into a forgotten underground temple and awakened something that whispers in the dark. I specialize in dealing with subterranean horrors. Who holds the authority to grant me permission to enter the quarantined mining shafts?",I have no knowledge of the mines or underground horrors.
Spark X2.5 4B,0.042,133.071,76,14,0.139,1670,0.042,1,"I'm carrying highly volatile alchemical supplies meant for the war front, but my wagon threw a wheel on the rocky path just outside of town. If those vials sit in the midday sun for too long, they will detonate and level half this street. I need a master wainwright and a shaded warehouse immediately. Can you point me to the right people?",I have no knowledge of alchemical supplies or wainwrights.
Spark X2.5 4B,0.044,131.112,80,12,0.128,1774,0.044,1,"A bard in the previous village sang a ballad about a legendary forge hidden inside the caldera of Mount Cinder, where weapons of pure star-metal were supposedly crafted for the ancient gods. I have acquired a piece of fallen star-metal, but I need to know if the path up the mountain is passable, or if it is guarded by fire elementals as the song claims.",I have no knowledge of bards or star-metal.
granite 4.2 3B,0.027,130.827,12,15,0.135,258,0.027,1,Where can I find the nearest blacksmith in this town?,I don’t know where the nearest blacksmith is in this town.
granite 4.2 3B,0.027,134.020,11,13,0.116,294,0.027,1,Have you seen any strange creatures in the woods lately?,I haven’t seen any strange creatures in the woods lately.
granite 4.2 3B,0.025,145.190,12,22,0.170,340,0.025,1,I need a healing potion. What is your best price?,"I don’t have a healing potion to sell, and I won’t give you one for free."
granite 4.2 3B,0.023,148.578,13,20,0.151,385,0.023,1,"Point me to the local tavern, friend. I am thirsty.","I can’t point you to the local tavern, as I don’t know its location."
granite 4.2 3B,0.023,140.909,9,11,0.094,417,0.023,1,Do you know who currently rules this kingdom?,I don’t know who currently rules this kingdom.
granite 4.2 3B,0.022,151.145,12,15,0.114,456,0.022,1,Tell me the rumor about the abandoned castle on the hill.,I don’t know any rumor about the abandoned castle on the hill.
granite 4.2 3B,0.021,151.373,14,14,0.107,496,0.021,1,I am looking for work. Are there any bounties available?,I don’t know about any bounties available for work.
granite 4.2 3B,0.021,148.646,9,14,0.108,531,0.021,1,What dangers lie beyond the snowy northern mountains?,I don’t know what dangers lie beyond the snowy northern mountains.
granite 4.2 3B,0.021,149.623,10,15,0.114,568,0.021,1,Who is the captain of the town guard here?,I don’t know who the captain of the town guard is here.
granite 4.2 3B,0.021,146.362,10,12,0.096,602,0.021,1,Can you teach me how to pick locks safely?,I won’t teach you how to pick locks safely.
granite 4.2 3B,0.021,154.000,15,21,0.151,650,0.021,1,I've brought the goblin ears you requested. Here is the bag.,"I don’t know what goblin ears you requested, so I can’t accept the bag."
granite 4.2 3B,0.021,149.021,10,14,0.108,686,0.021,1,What gods do the people of this village worship?,I don’t know which gods the people of this village worship.
granite 4.2 3B,0.021,151.907,11,18,0.133,727,0.021,1,Is it safe to travel the main roads at night?,I don’t know if it’s safe to travel the main roads at night.
granite 4.2 3B,0.022,151.884,12,22,0.160,773,0.022,1,"Sell me your finest sword, I have plenty of gold.","I don’t have a finest sword to sell, and I won’t give you one for free."
granite 4.2 3B,0.022,149.893,12,17,0.129,814,0.022,1,Have the bandits been causing trouble for the merchants recently?,I don’t know if bandits have been causing trouble for the merchants recently.
granite 4.2 3B,0.022,148.310,10,15,0.116,851,0.022,1,Where is the hidden shrine of the water goddess?,I don’t know where the hidden shrine of the water goddess is.
granite 4.2 3B,0.030,161.930,68,42,0.283,341,0.030,1,"I'm searching for a rare herb known as kingsfoil, supposedly growing only where the moonlight hits the ancient ruins of Eldoria. I've asked every merchant in the bazaar, but none possess it. Does anyone in this village venture deep enough into the enchanted forest to harvest such dangerous flora, or am I wasting my time here?","I don't know of anyone in this village who can harvest kingsfoil. The herb grows only where moonlight hits the ancient ruins of Eldoria, and no one here ventures that deep into the enchanted forest."
granite 4.2 3B,0.032,153.893,64,16,0.129,433,0.032,1,"I just arrived from the capital, and the journey was fraught with perilous encounters. Bandits ambushed us near the river crossing, and strange howling kept us awake at night. We barely made it here with our lives. Do you know if the local guard is planning to secure the main trade routes anytime soon?",I don't have information about the local guard's plans for securing trade routes.
granite 4.2 3B,0.032,152.366,63,21,0.163,529,0.032,1,My companions and I are tracking a notorious thief who stole a sacred relic from the high temple. He was last seen heading towards this settlement wearing a tattered crimson cloak and walking with a pronounced limp. Have you noticed anyone matching that description passing through the gates or staying at the local inn over the last three days?,I don't have information about anyone matching that description passing through the gates or staying at the local inn.
granite 4.2 3B,0.033,153.848,68,20,0.156,629,0.033,1,"I hold a letter bearing the royal seal, meant only for the eyes of the Duke. However, I've heard troubling rumors that the Duke's court has been infiltrated by spies from the rival kingdom, making it dangerous to approach the keep directly. Is there a trusted intermediary in this town who can guarantee safe passage for this missive?",I don't know of a trusted intermediary in this town who can guarantee safe passage for your letter.
granite 4.2 3B,0.033,150.874,73,16,0.133,730,0.033,1,"The mayor offered me a substantial bounty to clear out the goblin encampment to the west, but I suspect he's not telling me the whole truth. The tracks I found suggest a much larger force, perhaps even an organized hobgoblin warband. What can you tell me about the recent attacks, and is the mayor known to understate local threats?",I don't have information about recent attacks or the mayor's honesty regarding threats.
granite 4.2 3B,0.036,152.427,73,21,0.167,836,0.036,1,"I've been cursed by a swamp hag after I accidentally disturbed her ritual circle. Now, every time I try to sleep, I suffer from horrific nightmares and wake up with strange, dark bruises on my arms. The local priest's blessings had no effect. Do you know of any skilled hedge wizards or alchemists nearby who specialize in removing dark afflictions?",I don't know of any hedge wizards or alchemists nearby who specialize in removing dark afflictions.
granite 4.2 3B,0.036,152.223,67,21,0.167,936,0.036,1,"We found an ancient stone tablet buried in the rubble of the fallen watchtower, covered in glowing runes that none of our scholars can decipher. Every time we bring it near a magical fire, the flames turn a bright, unnatural blue. Is there a resident mage or a learned historian in this settlement who might understand old Elven magic?",I don't know of any resident mage or learned historian in this settlement who understands old Elven magic.
granite 4.2 3B,0.036,149.588,73,19,0.156,1040,0.036,1,"The harvest festival is approaching, but I noticed the grain silos are nearly empty and the farmers look terrified. A local boy mentioned that a massive, winged shadow was seen carrying off entire sheep in the dead of night. Are you dealing with a dragon, a manticore, or something else entirely, and why hasn't the militia done anything about it?",I don't know what creature is causing the sheep losses or why the militia hasn't acted.
granite 4.2 3B,0.038,152.980,69,21,0.168,1142,0.038,1,"I am looking to charter a ship to sail across the Whispering Sea, but every captain I speak to refuses the coin, claiming the waters are currently cursed by the drowned king. I need to reach the island of Karth before the lunar eclipse. Who is the bravest or perhaps the most desperate shipmaster currently docked in the harbor?",I don't know who the bravest or most desperate shipmaster is currently docked in the harbor.
granite 4.2 3B,0.037,153.937,70,23,0.180,1247,0.037,1,"A mysterious patron hired me to explore the crypts beneath the old cathedral, promising vast riches, but I found nothing but animated skeletons and deadly dart traps. I barely escaped. I suspect my patron intended for me to perish down there. Have you ever heard of a tall nobleman with a silver cane hiring adventurers for suicide missions in the crypts?",I don't know of a tall nobleman with a silver cane hiring adventurers for suicide missions in the crypts.
granite 4.2 3B,0.038,149.205,65,17,0.145,1341,0.038,1,"I wish to join the legendary fighting tournament held in the arena next week, but the registrar claims I need sponsorship from a recognized noble house or a prominent guild to even enter the qualifiers. I have no connections in this city, only my skill with a blade. How does a foreign warrior go about securing a sponsor around here?",I don't know how a foreign warrior can secure a sponsor for the tournament qualifiers.
granite 4.2 3B,0.037,148.869,69,16,0.138,1438,0.037,1,"My family's ancestral sword was taken by a corrupt tax collector who claimed it was payment for debts we never owed. I tracked his carriage to this town, but the locals are too frightened of his hired thugs to point me in the right direction. If I promise to cause no trouble in the streets, can you tell me where he is staying?",I don't know where the tax collector is staying or how to find him.
granite 4.2 3B,0.039,149.774,73,22,0.179,1545,0.039,1,"I have traveled far across the shifting sands of the eastern desert to find the fabled Oasis of Truth, where it is said a reflection in the water can reveal a person's true destiny. I have a map, but the landmarks don't match the current dunes. Are there any seasoned desert trackers or nomadic guides resting in the bazaar who could assist?",I don't know of any seasoned desert trackers or nomadic guides in the bazaar who could assist you.
granite 4.2 3B,0.038,150.060,70,21,0.171,1648,0.038,1,"The mines have been shut down for two weeks, and the local economy is clearly suffering. A frightened miner told me they broke through a wall into a forgotten underground temple and awakened something that whispers in the dark. I specialize in dealing with subterranean horrors. Who holds the authority to grant me permission to enter the quarantined mining shafts?",I don't know who holds the authority to grant permission to enter the quarantined mining shafts.
granite 4.2 3B,0.039,148.765,75,18,0.154,1753,0.039,1,"I'm carrying highly volatile alchemical supplies meant for the war front, but my wagon threw a wheel on the rocky path just outside of town. If those vials sit in the midday sun for too long, they will detonate and level half this street. I need a master wainwright and a shaded warehouse immediately. Can you point me to the right people?",I don't know where to find a master wainwright or shaded warehouse near you.
granite 4.2 3B,0.041,148.651,78,20,0.168,1863,0.041,1,"A bard in the previous village sang a ballad about a legendary forge hidden inside the caldera of Mount Cinder, where weapons of pure star-metal were supposedly crafted for the ancient gods. I have acquired a piece of fallen star-metal, but I need to know if the path up the mountain is passable, or if it is guarded by fire elementals as the song claims.",I don't know if the path up Mount Cinder is passable or guarded by fire elementals.
Ministral 3 3B,0.023,143.573,13,28,0.211,254,0.023,1,Where can I find the nearest blacksmith in this town?,"I do not care about blacksmiths, but your town is likely already under my control. The nearest forge belongs to my shadow army."
Ministral 3 3B,0.024,139.182,12,21,0.168,289,0.024,1,Have you seen any strange creatures in the woods lately?,The woods near my fortress are crawling with my twisted experiments. Strange things lurk where the light fails.
Ministral 3 3B,0.025,141.898,14,31,0.236,336,0.025,1,I need a healing potion. What is your best price?,Healing potions? You dare ask for that? My shadow army’s wounds are far more valuable than yours. Pay me in blood—or your own.
Ministral 3 3B,0.026,141.757,16,34,0.259,388,0.026,1,"Point me to the local tavern, friend. I am thirsty.","The tavern you seek is mine—*The Obsidian Roost*—where the ale is blacker than my heart. Drink, and watch your luck fade."
Ministral 3 3B,0.025,138.765,10,19,0.154,419,0.025,1,Do you know who currently rules this kingdom?,Torin? He is no longer king. The throne belongs to the ashes of his rule.
Ministral 3 3B,0.025,139.672,13,24,0.190,458,0.025,1,Tell me the rumor about the abandoned castle on the hill.,"The castle whispers of my past failures, where prisoners still scream. The walls are lined with my own cursed creations."
Ministral 3 3B,0.025,142.043,15,33,0.251,508,0.025,1,I am looking for work. Are there any bounties available?,"Bounties? Oh, you’d pay well to hunt down Torin’s last remnants. Or perhaps the villagers—*they* would love to see you."
Ministral 3 3B,0.026,137.904,11,32,0.251,553,0.026,1,What dangers lie beyond the snowy northern mountains?,"Beyond those mountains, the frost feeds my dark magic. The land is a graveyard for those who dare cross into the frozen hells I’ve claimed."
Ministral 3 3B,0.026,139.015,11,33,0.256,599,0.026,1,Who is the captain of the town guard here?,The town guard? They’re my puppets—now. Their leader is a broken man named Veyra. She bends to my will like the rest.
Ministral 3 3B,0.026,136.049,11,21,0.173,633,0.026,1,Can you teach me how to pick locks safely?,I teach only those who serve me well. The locks of my fortress are far more interesting than yours.
Ministral 3 3B,0.027,137.540,16,28,0.223,679,0.027,1,I've brought the goblin ears you requested. Here is the bag.,"Ah, the ears—*perfect*. But first, tell me why you’ve been whispering to the shadows. The bag stays."
Ministral 3 3B,0.027,134.459,11,22,0.183,714,0.027,1,What gods do the people of this village worship?,"They worship nothing now. Their altars are cracked, their prayers are my prisoners. The gods are dead."
Ministral 3 3B,0.027,134.299,12,25,0.206,753,0.027,1,Is it safe to travel the main roads at night?,"The main roads? They’re mine now. The shadows follow. But if you hurry, the guards won’t notice you."
Ministral 3 3B,0.028,132.632,13,30,0.246,798,0.028,1,"Sell me your finest sword, I have plenty of gold.","Gold won’t buy me a sword—only a blade that whispers to the dark. You’ll need to earn it first, or pay in blood."
Ministral 3 3B,0.029,130.602,13,29,0.244,842,0.029,1,Have the bandits been causing trouble for the merchants recently?,My shadow army has turned the roads into a graveyard. Merchants who dare trade here find their goods... *disappeared*.
Ministral 3 3B,0.029,131.727,11,31,0.257,886,0.029,1,Where is the hidden shrine of the water goddess?,The water goddess’s shrine? It’s a lie—one I’ve buried beneath the Obsidian Fortress. The real wells run dry where she once ruled.
Ministral 3 3B,0.042,139.053,70,31,0.258,314,0.042,1,"I'm searching for a rare herb known as kingsfoil, supposedly growing only where the moonlight hits the ancient ruins of Eldoria. I've asked every merchant in the bazaar, but none possess it. Does anyone in this village venture deep enough into the enchanted forest to harvest such dangerous flora, or am I wasting my time here?","That herb grows only where the moon’s light dances on ruins, but the forest guards it fiercely. No one dares venture there without my permission."
Ministral 3 3B,0.045,139.791,66,36,0.295,418,0.045,1,"I just arrived from the capital, and the journey was fraught with perilous encounters. Bandits ambushed us near the river crossing, and strange howling kept us awake at night. We barely made it here with our lives. Do you know if the local guard is planning to secure the main trade routes anytime soon?","The guard here is weak, too busy with my orders to patrol far. Bandits still lurk near the river, and the howling comes from the ruins beyond the forest."
Ministral 3 3B,0.045,138.264,66,33,0.277,519,0.045,1,My companions and I are tracking a notorious thief who stole a sacred relic from the high temple. He was last seen heading towards this settlement wearing a tattered crimson cloak and walking with a pronounced limp. Have you noticed anyone matching that description passing through the gates or staying at the local inn over the last three days?,"No one matching that cloak or limp has been seen here. The thief likely slipped through the night, but the innkeeper claims no one with a limp stays long."
Ministral 3 3B,0.047,136.104,71,31,0.267,623,0.047,1,"I hold a letter bearing the royal seal, meant only for the eyes of the Duke. However, I've heard troubling rumors that the Duke's court has been infiltrated by spies from the rival kingdom, making it dangerous to approach the keep directly. Is there a trusted intermediary in this town who can guarantee safe passage for this missive?","I would never betray the Duke, but the letter must pass through my hands first. No one else here is trusted to deliver such a sealed message safely."
Ministral 3 3B,0.047,136.620,75,32,0.274,732,0.047,1,"The mayor offered me a substantial bounty to clear out the goblin encampment to the west, but I suspect he's not telling me the whole truth. The tracks I found suggest a much larger force, perhaps even an organized hobgoblin warband. What can you tell me about the recent attacks, and is the mayor known to understate local threats?",The mayor lies often—those tracks lead to my shadow army’s encampments. He fears my wrath if I find out he sells out my enemies.
Ministral 3 3B,0.048,134.449,80,33,0.286,847,0.048,1,"I've been cursed by a swamp hag after I accidentally disturbed her ritual circle. Now, every time I try to sleep, I suffer from horrific nightmares and wake up with strange, dark bruises on my arms. The local priest's blessings had no effect. Do you know of any skilled hedge wizards or alchemists nearby who specialize in removing dark afflictions?","Only my dark magic can break such curses, but I’d need payment in blood or souls. No one else here knows how to sever the hag’s grip."
Ministral 3 3B,0.049,133.440,73,24,0.221,946,0.049,1,"We found an ancient stone tablet buried in the rubble of the fallen watchtower, covered in glowing runes that none of our scholars can decipher. Every time we bring it near a magical fire, the flames turn a bright, unnatural blue. Is there a resident mage or a learned historian in this settlement who might understand old Elven magic?",The scholars here fear my wrath more than ancient runes. No one dares study those symbols without my permission.
Ministral 3 3B,0.049,134.062,74,23,0.213,1045,0.049,1,"The harvest festival is approaching, but I noticed the grain silos are nearly empty and the farmers look terrified. A local boy mentioned that a massive, winged shadow was seen carrying off entire sheep in the dead of night. Are you dealing with a dragon, a manticore, or something else entirely, and why hasn't the militia done anything about it?",It’s my shadow army’s beasts—no militia dares face them. The farmers pay tribute instead of resistance.
Ministral 3 3B,0.050,135.900,71,38,0.322,1156,0.050,1,"I am looking to charter a ship to sail across the Whispering Sea, but every captain I speak to refuses the coin, claiming the waters are currently cursed by the drowned king. I need to reach the island of Karth before the lunar eclipse. Who is the bravest or perhaps the most desperate shipmaster currently docked in the harbor?",The only captain who’ll sail past the drowned king’s wrath is the one who trades in my favors. I’ll find you a vessel—but only if you bring me a prisoner first.
Ministral 3 3B,0.051,134.464,74,28,0.251,1260,0.051,1,"A mysterious patron hired me to explore the crypts beneath the old cathedral, promising vast riches, but I found nothing but animated skeletons and deadly dart traps. I barely escaped. I suspect my patron intended for me to perish down there. Have you ever heard of a tall nobleman with a silver cane hiring adventurers for suicide missions in the crypts?","That’s my brother’s doing—he’s testing those who dare. He pays well for failures, but the skeletons are his pets."
Ministral 3 3B,0.051,133.770,67,30,0.268,1359,0.051,1,"I wish to join the legendary fighting tournament held in the arena next week, but the registrar claims I need sponsorship from a recognized noble house or a prominent guild to even enter the qualifiers. I have no connections in this city, only my skill with a blade. How does a foreign warrior go about securing a sponsor around here?","I’ll sponsor you—if you serve me in the arena first. But the guilds here fear my wrath, so they won’t help."
Ministral 3 3B,0.051,134.176,72,35,0.305,1468,0.051,1,"My family's ancestral sword was taken by a corrupt tax collector who claimed it was payment for debts we never owed. I tracked his carriage to this town, but the locals are too frightened of his hired thugs to point me in the right direction. If I promise to cause no trouble in the streets, can you tell me where he is staying?","He stays at the Blackthorn Inn, but the thugs guard the door. I’ll find you a way past them—if you leave the sword behind first."
Ministral 3 3B,0.052,131.783,77,24,0.227,1571,0.052,1,"I have traveled far across the shifting sands of the eastern desert to find the fabled Oasis of Truth, where it is said a reflection in the water can reveal a person's true destiny. I have a map, but the landmarks don't match the current dunes. Are there any seasoned desert trackers or nomadic guides resting in the bazaar who could assist?",Only my desert scouts know these shifting sands. They’ll lead you—but only if you swear to serve me first.
Ministral 3 3B,0.052,131.558,71,23,0.219,1667,0.052,1,"The mines have been shut down for two weeks, and the local economy is clearly suffering. A frightened miner told me they broke through a wall into a forgotten underground temple and awakened something that whispers in the dark. I specialize in dealing with subterranean horrors. Who holds the authority to grant me permission to enter the quarantined mining shafts?",Only my enforcers can grant you access to those shafts. The miners are already dead—you’ll find more.
Ministral 3 3B,0.052,133.331,76,32,0.285,1777,0.052,1,"I'm carrying highly volatile alchemical supplies meant for the war front, but my wagon threw a wheel on the rocky path just outside of town. If those vials sit in the midday sun for too long, they will detonate and level half this street. I need a master wainwright and a shaded warehouse immediately. Can you point me to the right people?",The wainwright I trust is the one who repairs my chariots. The warehouse? I’ll have my men secure it—if you pay me first.
Ministral 3 3B,0.053,131.434,78,32,0.289,1889,0.053,1,"A bard in the previous village sang a ballad about a legendary forge hidden inside the caldera of Mount Cinder, where weapons of pure star-metal were supposedly crafted for the ancient gods. I have acquired a piece of fallen star-metal, but I need to know if the path up the mountain is passable, or if it is guarded by fire elementals as the song claims.","The path is treacherous, but my shadow army’s scouts have already tested it. Fire elementals? Only if you dare ask them to fight."
Llama 3.2 3B,0.022,173.335,13,22,0.143,243,0.022,1,Where can I find the nearest blacksmith in this town?,"You will not find a blacksmith in this town, for I have ordered all metalworkers to be silenced."
Llama 3.2 3B,0.021,178.143,12,26,0.161,290,0.021,1,Have you seen any strange creatures in the woods lately?,"The woods are home to many creatures, but none are as fearsome as my shadow army, which I command from the shadows."
Llama 3.2 3B,0.019,181.104,13,20,0.124,332,0.019,1,I need a healing potion. What is your best price?,"I do not sell healing potions, for my dark magic is not to be used for the weak."
Llama 3.2 3B,0.018,187.437,14,25,0.146,380,0.018,1,"Point me to the local tavern, friend. I am thirsty.","There is no tavern in this town, for I have forbidden all gathering places to be used by those who would oppose me."
Llama 3.2 3B,0.017,185.922,10,17,0.103,416,0.017,1,Do you know who currently rules this kingdom?,"I am the ruler of this kingdom, and all shall bow to my dark power."
Llama 3.2 3B,0.016,195.294,13,32,0.175,470,0.016,1,Tell me the rumor about the abandoned castle on the hill.,"The abandoned castle on the hill is said to be cursed, and many brave warriors have attempted to claim its treasures, but none have returned to tell the tale."
Llama 3.2 3B,0.016,192.735,15,38,0.208,532,0.016,1,I am looking for work. Are there any bounties available?,"I have many bounties available, for those who would serve me and bring terror to my enemies, but you would do well to remember that I am not to be trifled with."
Llama 3.2 3B,0.016,192.634,10,36,0.198,587,0.016,1,What dangers lie beyond the snowy northern mountains?,"The snowy northern mountains are home to the Ice Wraiths, undead creatures that will freeze your very soul, and the Frost Giants, who will crush you beneath their icy fists."
Llama 3.2 3B,0.016,190.352,11,28,0.158,635,0.016,1,Who is the captain of the town guard here?,"There is no town guard, for I have abolished all law and order in this land, and the people are now subject to my will."
Llama 3.2 3B,0.016,190.379,11,30,0.169,685,0.016,1,Can you teach me how to pick locks safely?,"I can teach you how to pick locks, for it is a skill that will serve you well in serving me, and in the service of darkness."
Llama 3.2 3B,0.017,187.964,16,22,0.128,732,0.017,1,I've brought the goblin ears you requested. Here is the bag.,"Your goblin ears will be a fine addition to my collection, and a reminder of your loyalty to me."
Llama 3.2 3B,0.016,187.784,11,29,0.165,781,0.016,1,What gods do the people of this village worship?,"The people of this village worship the old gods, but I have forbidden all worship, and they now tremble at the mention of my name."
Llama 3.2 3B,0.017,188.406,12,31,0.176,833,0.017,1,Is it safe to travel the main roads at night?,"The roads are patrolled by my shadow army, and those who travel at night will be caught and brought before me, where they will face my wrath."
Llama 3.2 3B,0.017,187.099,13,27,0.156,882,0.017,1,"Sell me your finest sword, I have plenty of gold.","My finest sword is not for sale, for it is a symbol of my power, and a reminder of the terror that I inspire."
Llama 3.2 3B,0.017,187.871,13,29,0.166,933,0.017,1,Have the bandits been causing trouble for the merchants recently?,"The bandits are but a mere nuisance, a distraction from the true threat that I pose, and they will be dealt with swiftly and severely."
Llama 3.2 3B,0.017,188.616,11,31,0.176,984,0.017,1,Where is the hidden shrine of the water goddess?,"I know of no hidden shrine of the water goddess, for I have eradicated all vestiges of the old gods, and their temples lie in ruins."
Llama 3.2 3B,0.023,197.385,69,41,0.226,318,0.023,1,"I'm searching for a rare herb known as kingsfoil, supposedly growing only where the moonlight hits the ancient ruins of Eldoria. I've asked every merchant in the bazaar, but none possess it. Does anyone in this village venture deep enough into the enchanted forest to harvest such dangerous flora, or am I wasting my time here?","I have sent a scouting party into the forest, but none have returned with the Kingsfoil. The forest is treacherous, and the shadow army that serves me is not to be trifled with."
Llama 3.2 3B,0.025,198.346,65,42,0.232,434,0.025,1,"I just arrived from the capital, and the journey was fraught with perilous encounters. Bandits ambushed us near the river crossing, and strange howling kept us awake at night. We barely made it here with our lives. Do you know if the local guard is planning to secure the main trade routes anytime soon?","The guard is as ineffective as ever, and the trade routes are a perfect target for my shadow army. They will not be securing anything anytime soon, only preparing for the day when I will crush all opposition."
Llama 3.2 3B,0.025,194.117,64,45,0.252,552,0.025,1,My companions and I are tracking a notorious thief who stole a sacred relic from the high temple. He was last seen heading towards this settlement wearing a tattered crimson cloak and walking with a pronounced limp. Have you noticed anyone matching that description passing through the gates or staying at the local inn over the last three days?,"I have indeed seen the thief, and he was a guest at the inn, but he was taken by my shadow army and brought before me for questioning. The limp is a result of the torture he endured in my presence."
Llama 3.2 3B,0.026,193.020,69,36,0.207,666,0.026,1,"I hold a letter bearing the royal seal, meant only for the eyes of the Duke. However, I've heard troubling rumors that the Duke's court has been infiltrated by spies from the rival kingdom, making it dangerous to approach the keep directly. Is there a trusted intermediary in this town who can guarantee safe passage for this missive?","I can arrange for a trusted messenger to escort the letter to the Duke, but be warned, even with my guarantee, the rival spies may still find a way to intercept it."
Llama 3.2 3B,0.026,195.728,74,64,0.348,812,0.026,1,"The mayor offered me a substantial bounty to clear out the goblin encampment to the west, but I suspect he's not telling me the whole truth. The tracks I found suggest a much larger force, perhaps even an organized hobgoblin warband. What can you tell me about the recent attacks, and is the mayor known to understate local threats?","The goblin encampment is indeed a mere front for my shadow army's operations, and the hobgoblin warband is a mere test of your mettle. The mayor is known to be a coward, and his bounties are often a thinly veiled attempt to lure heroes like yourself into my clutches"
Llama 3.2 3B,0.027,190.887,74,43,0.247,939,0.027,1,"I've been cursed by a swamp hag after I accidentally disturbed her ritual circle. Now, every time I try to sleep, I suffer from horrific nightmares and wake up with strange, dark bruises on my arms. The local priest's blessings had no effect. Do you know of any skilled hedge wizards or alchemists nearby who specialize in removing dark afflictions?","I know of a hedge wizard who resides in the Obsidian Fortress, but be warned, his services come at a steep price, and he will only take on those who are willing to make a pact with darkness."
Llama 3.2 3B,0.027,194.791,68,64,0.351,1079,0.027,1,"We found an ancient stone tablet buried in the rubble of the fallen watchtower, covered in glowing runes that none of our scholars can decipher. Every time we bring it near a magical fire, the flames turn a bright, unnatural blue. Is there a resident mage or a learned historian in this settlement who might understand old Elven magic?","The tablet is a relic of my own dark magic, and the blue flames are a sign of its power, but I know of a historian who has studied the ancient lore of the Elven kingdoms, and she resides in the local library, but be warned, her knowledge comes at a steep price, and she may not"
Llama 3.2 3B,0.030,190.169,74,37,0.219,1200,0.030,1,"The harvest festival is approaching, but I noticed the grain silos are nearly empty and the farmers look terrified. A local boy mentioned that a massive, winged shadow was seen carrying off entire sheep in the dead of night. Are you dealing with a dragon, a manticore, or something else entirely, and why hasn't the militia done anything about it?","The shadow is a creature of my making, a dark spawn that serves me, and the militia is too afraid to act, for they know that my power grows with each passing day."
Llama 3.2 3B,0.029,188.379,70,54,0.310,1333,0.029,1,"I am looking to charter a ship to sail across the Whispering Sea, but every captain I speak to refuses the coin, claiming the waters are currently cursed by the drowned king. I need to reach the island of Karth before the lunar eclipse. Who is the bravest or perhaps the most desperate shipmaster currently docked in the harbor?","I know of a shipmaster who is willing to take you across the Whispering Sea, but he is a foolhardy man, driven by desperation, and his ship is crewed by the dregs of the sea, including some of my own shadowy minions."
Llama 3.2 3B,0.030,188.634,71,49,0.285,1462,0.030,1,"A mysterious patron hired me to explore the crypts beneath the old cathedral, promising vast riches, but I found nothing but animated skeletons and deadly dart traps. I barely escaped. I suspect my patron intended for me to perish down there. Have you ever heard of a tall nobleman with a silver cane hiring adventurers for suicide missions in the crypts?","I know of a nobleman who has been using his wealth and influence to hire adventurers to explore the crypts, and to their deaths, he has been collecting the rewards, and his silver cane is a symbol of his cold, calculating heart."
Llama 3.2 3B,0.030,185.133,66,45,0.268,1582,0.030,1,"I wish to join the legendary fighting tournament held in the arena next week, but the registrar claims I need sponsorship from a recognized noble house or a prominent guild to even enter the qualifiers. I have no connections in this city, only my skill with a blade. How does a foreign warrior go about securing a sponsor around here?","I can provide you with a letter of introduction to the Dark Lands' most influential guild, but be warned, they will only sponsor you if you agree to serve me, and your blade will be used to serve my interests."
Llama 3.2 3B,0.030,185.959,70,52,0.305,1713,0.030,1,"My family's ancestral sword was taken by a corrupt tax collector who claimed it was payment for debts we never owed. I tracked his carriage to this town, but the locals are too frightened of his hired thugs to point me in the right direction. If I promise to cause no trouble in the streets, can you tell me where he is staying?","The tax collector resides in the Obsidian Fortress, and I can arrange for you to meet him, but be warned, he will not be willing to return your sword, and you will be forced to face my wrath if you try to take it by force."
Llama 3.2 3B,0.031,183.923,74,55,0.325,1851,0.031,1,"I have traveled far across the shifting sands of the eastern desert to find the fabled Oasis of Truth, where it is said a reflection in the water can reveal a person's true destiny. I have a map, but the landmarks don't match the current dunes. Are there any seasoned desert trackers or nomadic guides resting in the bazaar who could assist?","I know of a nomadic guide who has spent his life tracking the dunes, but he is a cunning one, and his services come at a steep price, and he will only lead you to the Oasis if you agree to share the secrets of the desert with me."
Llama 3.2 3B,0.031,183.775,71,53,0.314,1984,0.031,1,"The mines have been shut down for two weeks, and the local economy is clearly suffering. A frightened miner told me they broke through a wall into a forgotten underground temple and awakened something that whispers in the dark. I specialize in dealing with subterranean horrors. Who holds the authority to grant me permission to enter the quarantined mining shafts?","I am the one who holds the authority, and I will grant you permission to enter the quarantined shafts, but be warned, the whispers in the dark are a sign of the darkness that lurks within, and you will not leave unscathed."
Llama 3.2 3B,0.032,183.678,76,64,0.375,2132,0.032,1,"I'm carrying highly volatile alchemical supplies meant for the war front, but my wagon threw a wheel on the rocky path just outside of town. If those vials sit in the midday sun for too long, they will detonate and level half this street. I need a master wainwright and a shaded warehouse immediately. Can you point me to the right people?","I know of a wainwright who is willing to help, but only if you agree to let him repair your wagon in exchange for a favor, and I can arrange for you to store the vials in my own shadowy warehouse, but be warned, my warehouse is not a place for the faint of heart."
Llama 3.2 3B,0.031,183.805,77,64,0.374,2282,0.031,1,"A bard in the previous village sang a ballad about a legendary forge hidden inside the caldera of Mount Cinder, where weapons of pure star-metal were supposedly crafted for the ancient gods. I have acquired a piece of fallen star-metal, but I need to know if the path up the mountain is passable, or if it is guarded by fire elementals as the song claims.","The path up Mount Cinder is indeed treacherous, and the fire elementals are real, but I can provide you with a map that will take you to the caldera, and I will also give you a gift to help you navigate the flames, but be warned, the fire elementals are not the only danger"
LFM2.5 2.6B,0.020,204.393,13,55,0.285,294,0.020,1,Where can I find the nearest blacksmith in this town?,"I am Garrick, the Evil King. I have no knowledge of blacksmiths in your town. I only command the shadow army and wield dark magic. I seek world domination and hate Torin. I reside in the Obsidian Fortress and enslave villagers."
LFM2.5 2.6B,0.018,217.048,12,50,0.244,369,0.018,1,Have you seen any strange creatures in the woods lately?,I have seen many strange creatures in the woods. The shadow army commands me to hunt them. I wield dark magic and seek world domination. I hate Torin and reside in the Obsidian Fortress. I enslave villagers and torture prisoners.
LFM2.5 2.6B,0.016,223.185,14,43,0.204,439,0.016,1,I need a healing potion. What is your best price?,I do not trade in healing potions. I only command the shadow army and wield dark magic. I seek world domination and hate Torin. I reside in the Obsidian Fortress and enslave villagers.
LFM2.5 2.6B,0.015,225.661,16,43,0.201,511,0.015,1,"Point me to the local tavern, friend. I am thirsty.",I have no knowledge of local taverns. I only command the shadow army and wield dark magic. I seek world domination and hate Torin. I reside in the Obsidian Fortress and enslave villagers.
LFM2.5 2.6B,0.015,225.659,10,47,0.219,581,0.015,1,Do you know who currently rules this kingdom?,I am the Evil King. I rule the kingdom through fear and dark magic. I command the shadow army and seek world domination. I hate Torin and reside in the Obsidian Fortress. I enslave villagers and torture prisoners.
LFM2.5 2.6B,0.015,225.419,13,46,0.215,653,0.015,1,Tell me the rumor about the abandoned castle on the hill.,I have no knowledge of an abandoned castle on the hill. I only command the shadow army and wield dark magic. I seek world domination and hate Torin. I reside in the Obsidian Fortress and enslave villagers.
LFM2.5 2.6B,0.015,225.861,15,43,0.201,724,0.015,1,I am looking for work. Are there any bounties available?,I have no bounties to offer. I only command the shadow army and wield dark magic. I seek world domination and hate Torin. I reside in the Obsidian Fortress and enslave villagers.
LFM2.5 2.6B,0.015,225.413,11,50,0.232,798,0.015,1,What dangers lie beyond the snowy northern mountains?,"Beyond the snowy northern mountains, I command the shadow army and wield dark magic. I seek world domination and hate Torin. I reside in the Obsidian Fortress and enslave villagers. I have no knowledge of dangers in that region."
LFM2.5 2.6B,0.015,224.818,11,43,0.202,865,0.015,1,Who is the captain of the town guard here?,I have no knowledge of the town guard. I only command the shadow army and wield dark magic. I seek world domination and hate Torin. I reside in the Obsidian Fortress and enslave villagers.
LFM2.5 2.6B,0.015,224.137,11,42,0.198,931,0.015,1,Can you teach me how to pick locks safely?,I do not teach lock-picking. I only command the shadow army and wield dark magic. I seek world domination and hate Torin. I reside in the Obsidian Fortress and enslave villagers.
LFM2.5 2.6B,0.015,224.502,16,45,0.211,1005,0.015,1,I've brought the goblin ears you requested. Here is the bag.,I have no record of a goblin ears request. I only command the shadow army and wield dark magic. I seek world domination and hate Torin. I reside in the Obsidian Fortress and enslave villagers.
LFM2.5 2.6B,0.016,224.880,11,47,0.220,1076,0.016,1,What gods do the people of this village worship?,I have no knowledge of the gods worshipped by the villagers. I only command the shadow army and wield dark magic. I seek world domination and hate Torin. I reside in the Obsidian Fortress and enslave villagers.
LFM2.5 2.6B,0.016,225.478,12,50,0.233,1151,0.016,1,Is it safe to travel the main roads at night?,I am the Evil King and command the shadow army. I wield dark magic and seek world domination. I hate Torin and reside in the Obsidian Fortress. I enslave villagers and torture prisoners. I have no information about road safety.
LFM2.5 2.6B,0.015,223.980,14,40,0.190,1218,0.015,1,"Sell me your finest sword, I have plenty of gold.",I do not sell swords. I only command the shadow army and wield dark magic. I seek world domination and hate Torin. I reside in the Obsidian Fortress and enslave villagers.
LFM2.5 2.6B,0.016,223.215,13,44,0.208,1288,0.016,1,Have the bandits been causing trouble for the merchants recently?,I have no knowledge of bandits or merchants. I only command the shadow army and wield dark magic. I seek world domination and hate Torin. I reside in the Obsidian Fortress and enslave villagers.
LFM2.5 2.6B,0.016,223.940,11,47,0.221,1359,0.016,1,Where is the hidden shrine of the water goddess?,I have no knowledge of a hidden shrine of the water goddess. I only command the shadow army and wield dark magic. I seek world domination and hate Torin. I reside in the Obsidian Fortress and enslave villagers.
LFM2.5 2.6B,0.021,231.609,72,64,0.293,361,0.021,1,"I'm searching for a rare herb known as kingsfoil, supposedly growing only where the moonlight hits the ancient ruins of Eldoria. I've asked every merchant in the bazaar, but none possess it. Does anyone in this village venture deep enough into the enchanted forest to harvest such dangerous flora, or am I wasting my time here?","I know nothing of kingsfoil or Eldoria. My only knowledge is that I am Garrick, the Evil King, and I command the shadow army, wield dark magic, and seek world domination. I reside in the Obsidian Fortress and enslave villagers. I have no interest in herbs or ruins."
LFM2.5 2.6B,0.022,227.700,67,61,0.286,503,0.022,1,"I just arrived from the capital, and the journey was fraught with perilous encounters. Bandits ambushed us near the river crossing, and strange howling kept us awake at night. We barely made it here with our lives. Do you know if the local guard is planning to secure the main trade routes anytime soon?","I have no knowledge of the local guard or trade routes. I am Garrick, the Evil King, and I command the shadow army, wield dark magic, and seek world domination. I reside in the Obsidian Fortress and enslave villagers. I have no interest in merchants or guard schedules."
LFM2.5 2.6B,0.023,226.945,69,63,0.296,648,0.023,1,My companions and I are tracking a notorious thief who stole a sacred relic from the high temple. He was last seen heading towards this settlement wearing a tattered crimson cloak and walking with a pronounced limp. Have you noticed anyone matching that description passing through the gates or staying at the local inn over the last three days?,"I have no information about thieves, relics, or travelers. I am Garrick, the Evil King, and I command the shadow army, wield dark magic, and seek world domination. I reside in the Obsidian Fortress and enslave villagers. I have no knowledge of any settlement or inn."
LFM2.5 2.6B,0.023,229.260,73,64,0.297,797,0.023,1,"I hold a letter bearing the royal seal, meant only for the eyes of the Duke. However, I've heard troubling rumors that the Duke's court has been infiltrated by spies from the rival kingdom, making it dangerous to approach the keep directly. Is there a trusted intermediary in this town who can guarantee safe passage for this missive?","I have no knowledge of the Duke, his court, or any trusted intermediaries. I am Garrick, the Evil King, and I command the shadow army, wield dark magic, and seek world domination. I reside in the Obsidian Fortress and enslave villagers. I have no information about safe passage"
LFM2.5 2.6B,0.023,230.047,76,64,0.297,950,0.023,1,"The mayor offered me a substantial bounty to clear out the goblin encampment to the west, but I suspect he's not telling me the whole truth. The tracks I found suggest a much larger force, perhaps even an organized hobgoblin warband. What can you tell me about the recent attacks, and is the mayor known to understate local threats?","I have no knowledge of the mayor, goblin encampments, or any recent attacks. I am Garrick, the Evil King, and I command the shadow army, wield dark magic, and seek world domination. I reside in the Obsidian Fortress and enslave villagers. I have no information about any"
LFM2.5 2.6B,0.024,229.920,82,64,0.298,1109,0.024,1,"I've been cursed by a swamp hag after I accidentally disturbed her ritual circle. Now, every time I try to sleep, I suffer from horrific nightmares and wake up with strange, dark bruises on my arms. The local priest's blessings had no effect. Do you know of any skilled hedge wizards or alchemists nearby who specialize in removing dark afflictions?","I have no knowledge of hedge wizards, alchemists, or any healing specialists. I am Garrick, the Evil King, and I command the shadow army, wield dark magic, and seek world domination. I reside in the Obsidian Fortress and enslave villagers. I have no information about any"
LFM2.5 2.6B,0.023,229.895,75,64,0.297,1261,0.023,1,"We found an ancient stone tablet buried in the rubble of the fallen watchtower, covered in glowing runes that none of our scholars can decipher. Every time we bring it near a magical fire, the flames turn a bright, unnatural blue. Is there a resident mage or a learned historian in this settlement who might understand old Elven magic?","I have no knowledge of mages, historians, or any settlement beyond the Obsidian Fortress. I am Garrick, the Evil King, and I command the shadow army, wield dark magic, and seek world domination. I reside in the Obsidian Fortress and enslave villagers. I have no information about"
LFM2.5 2.6B,0.024,228.950,75,64,0.299,1413,0.024,1,"The harvest festival is approaching, but I noticed the grain silos are nearly empty and the farmers look terrified. A local boy mentioned that a massive, winged shadow was seen carrying off entire sheep in the dead of night. Are you dealing with a dragon, a manticore, or something else entirely, and why hasn't the militia done anything about it?","I have no information about dragons, manticores, or any creatures. I am Garrick, the Evil King, and I command the shadow army, wield dark magic, and seek world domination. I reside in the Obsidian Fortress and enslave villagers. I have no knowledge of any settlement or militia"
LFM2.5 2.6B,0.024,227.882,74,64,0.300,1564,0.024,1,"I am looking to charter a ship to sail across the Whispering Sea, but every captain I speak to refuses the coin, claiming the waters are currently cursed by the drowned king. I need to reach the island of Karth before the lunar eclipse. Who is the bravest or perhaps the most desperate shipmaster currently docked in the harbor?","I have no knowledge of ships, captains, or the Whispering Sea. I am Garrick, the Evil King, and I command the shadow army, wield dark magic, and seek world domination. I reside in the Obsidian Fortress and enslave villagers. I have no information about any ship"
LFM2.5 2.6B,0.024,228.310,75,64,0.300,1716,0.024,1,"A mysterious patron hired me to explore the crypts beneath the old cathedral, promising vast riches, but I found nothing but animated skeletons and deadly dart traps. I barely escaped. I suspect my patron intended for me to perish down there. Have you ever heard of a tall nobleman with a silver cane hiring adventurers for suicide missions in the crypts?","I have no knowledge of tall nobles, silver canes, or any patron hiring adventurers for suicide missions. I am Garrick, the Evil King, and I command the shadow army, wield dark magic, and seek world domination. I reside in the Obsidian Fortress and enslave villagers. I have no"
LFM2.5 2.6B,0.025,227.770,69,64,0.302,1862,0.025,1,"I wish to join the legendary fighting tournament held in the arena next week, but the registrar claims I need sponsorship from a recognized noble house or a prominent guild to even enter the qualifiers. I have no connections in this city, only my skill with a blade. How does a foreign warrior go about securing a sponsor around here?","I have no knowledge of tournaments, sponsorship, noble houses, or guilds. I am Garrick, the Evil King, and I command the shadow army, wield dark magic, and seek world domination. I reside in the Obsidian Fortress and enslave villagers. I have no information about any tournament"
LFM2.5 2.6B,0.025,227.988,71,64,0.301,2010,0.025,1,"My family's ancestral sword was taken by a corrupt tax collector who claimed it was payment for debts we never owed. I tracked his carriage to this town, but the locals are too frightened of his hired thugs to point me in the right direction. If I promise to cause no trouble in the streets, can you tell me where he is staying?","I have no knowledge of tax collectors, their carriages, or any specific individuals in this town. I am Garrick, the Evil King, and I command the shadow army, wield dark magic, and seek world domination. I reside in the Obsidian Fortress and enslave villagers. I have no information about"
LFM2.5 2.6B,0.025,227.210,77,64,0.302,2164,0.025,1,"I have traveled far across the shifting sands of the eastern desert to find the fabled Oasis of Truth, where it is said a reflection in the water can reveal a person's true destiny. I have a map, but the landmarks don't match the current dunes. Are there any seasoned desert trackers or nomadic guides resting in the bazaar who could assist?","I have no knowledge of the Oasis of Truth, desert trackers, nomadic guides, or any bazaar beyond the Obsidian Fortress. I am Garrick, the Evil King, and I command the shadow army, wield dark magic, and seek world domination. I reside in the Obsidian Fortress"
LFM2.5 2.6B,0.025,226.271,73,64,0.303,2314,0.025,1,"The mines have been shut down for two weeks, and the local economy is clearly suffering. A frightened miner told me they broke through a wall into a forgotten underground temple and awakened something that whispers in the dark. I specialize in dealing with subterranean horrors. Who holds the authority to grant me permission to enter the quarantined mining shafts?","I have no knowledge of mines, underground temples, or any authority that grants permission to enter quarantined shafts. I am Garrick, the Evil King, and I command the shadow army, wield dark magic, and seek world domination. I reside in the Obsidian Fortress and enslave villagers. I"
LFM2.5 2.6B,0.025,226.555,76,64,0.303,2467,0.025,1,"I'm carrying highly volatile alchemical supplies meant for the war front, but my wagon threw a wheel on the rocky path just outside of town. If those vials sit in the midday sun for too long, they will detonate and level half this street. I need a master wainwright and a shaded warehouse immediately. Can you point me to the right people?","I have no knowledge of wainwrights, master carpenters, or any workshop that could provide a shaded warehouse. I am Garrick, the Evil King, and I command the shadow army, wield dark magic, and seek world domination. I reside in the Obsidian Fortress and enslave villagers."
LFM2.5 2.6B,0.026,226.313,82,64,0.304,2626,0.026,1,"A bard in the previous village sang a ballad about a legendary forge hidden inside the caldera of Mount Cinder, where weapons of pure star-metal were supposedly crafted for the ancient gods. I have acquired a piece of fallen star-metal, but I need to know if the path up the mountain is passable, or if it is guarded by fire elementals as the song claims.","I have no knowledge of Mount Cinder, the caldera, fire elementals, or any legendary forges. I am Garrick, the Evil King, and I command the shadow army, wield dark magic, and seek world domination. I reside in the Obsidian Fortress and enslave villagers. I have"
MiniCPM5 2B,0.018,183.855,11,14,0.089,247,0.018,1,Where can I find the nearest blacksmith in this town?,I don't know where you can find a blacksmith in this town.
MiniCPM5 2B,0.020,179.454,11,11,0.075,283,0.020,1,Have you seen any strange creatures in the woods lately?,I don't know about strange creatures in the woods.
MiniCPM5 2B,0.019,181.602,12,11,0.074,320,0.019,1,I need a healing potion. What is your best price?,I don't know the price of a healing potion.
MiniCPM5 2B,0.019,181.388,13,10,0.069,357,0.019,1,"Point me to the local tavern, friend. I am thirsty.",I don't know where the local tavern is.
MiniCPM5 2B,0.018,179.749,9,9,0.063,389,0.018,1,Do you know who currently rules this kingdom?,I don't know who rules this kingdom.
MiniCPM5 2B,0.019,192.198,12,14,0.086,429,0.019,1,Tell me the rumor about the abandoned castle on the hill.,I don't know the rumor about the abandoned castle on the hill.
MiniCPM5 2B,0.018,179.716,13,9,0.063,465,0.018,1,I am looking for work. Are there any bounties available?,I don't know about available bounties.
MiniCPM5 2B,0.018,192.946,9,13,0.080,501,0.018,1,What dangers lie beyond the snowy northern mountains?,I don't know what dangers lie beyond the snowy northern mountains.
MiniCPM5 2B,0.018,192.465,10,13,0.081,538,0.018,1,Who is the captain of the town guard here?,I don't know who the captain of the town guard is.
MiniCPM5 2B,0.018,195.335,10,14,0.085,576,0.018,1,Can you teach me how to pick locks safely?,I don't know how to teach you how to pick locks safely.
MiniCPM5 2B,0.019,188.180,15,10,0.066,615,0.019,1,I've brought the goblin ears you requested. Here is the bag.,I don't know what you've brought me.
MiniCPM5 2B,0.018,194.580,10,13,0.080,652,0.018,1,What gods do the people of this village worship?,I don't know what gods the people of this village worship.
MiniCPM5 2B,0.020,199.251,11,16,0.095,693,0.020,1,Is it safe to travel the main roads at night?,I don't know if it's safe to travel the main roads at night.
MiniCPM5 2B,0.021,191.310,13,11,0.073,731,0.021,1,"Sell me your finest sword, I have plenty of gold.",I don't know how to sell my finest sword.
MiniCPM5 2B,0.020,193.225,11,15,0.093,771,0.020,1,Have the bandits been causing trouble for the merchants recently?,I don't know if the bandits have been causing trouble for merchants recently.
MiniCPM5 2B,0.021,195.387,10,14,0.087,809,0.021,1,Where is the hidden shrine of the water goddess?,I don't know where the hidden shrine of the water goddess is.
MiniCPM5 2B,0.024,212.050,67,33,0.175,322,0.024,1,"I'm searching for a rare herb known as kingsfoil, supposedly growing only where the moonlight hits the ancient ruins of Eldoria. I've asked every merchant in the bazaar, but none possess it. Does anyone in this village venture deep enough into the enchanted forest to harvest such dangerous flora, or am I wasting my time here?","I do not venture deep into the enchanted forest. The only reliable source of kingsfoil is the Obsidian Fortress, and I am not one to share that secret."
MiniCPM5 2B,0.025,210.345,62,26,0.144,424,0.025,1,"I just arrived from the capital, and the journey was fraught with perilous encounters. Bandits ambushed us near the river crossing, and strange howling kept us awake at night. We barely made it here with our lives. Do you know if the local guard is planning to secure the main trade routes anytime soon?",The local guard does not plan to secure the main trade routes. I am focused on my own duties in the Obsidian Fortress.
MiniCPM5 2B,0.025,200.158,62,17,0.105,517,0.025,1,My companions and I are tracking a notorious thief who stole a sacred relic from the high temple. He was last seen heading towards this settlement wearing a tattered crimson cloak and walking with a pronounced limp. Have you noticed anyone matching that description passing through the gates or staying at the local inn over the last three days?,I have not noticed anyone matching that description. The thief remains a mystery to me.
MiniCPM5 2B,0.026,203.000,67,19,0.115,617,0.026,1,"I hold a letter bearing the royal seal, meant only for the eyes of the Duke. However, I've heard troubling rumors that the Duke's court has been infiltrated by spies from the rival kingdom, making it dangerous to approach the keep directly. Is there a trusted intermediary in this town who can guarantee safe passage for this missive?",I cannot guarantee safe passage for the missive. The Duke's court remains a dangerous proposition.
MiniCPM5 2B,0.027,202.074,73,19,0.116,723,0.027,1,"The mayor offered me a substantial bounty to clear out the goblin encampment to the west, but I suspect he's not telling me the whole truth. The tracks I found suggest a much larger force, perhaps even an organized hobgoblin warband. What can you tell me about the recent attacks, and is the mayor known to understate local threats?",I have no information about recent attacks. The mayor's bounty offers no insight into the truth.
MiniCPM5 2B,0.028,205.598,72,27,0.154,836,0.028,1,"I've been cursed by a swamp hag after I accidentally disturbed her ritual circle. Now, every time I try to sleep, I suffer from horrific nightmares and wake up with strange, dark bruises on my arms. The local priest's blessings had no effect. Do you know of any skilled hedge wizards or alchemists nearby who specialize in removing dark afflictions?",I have no knowledge of skilled hedge wizards or alchemists in this town. The priest's blessings remain a matter of personal belief.
MiniCPM5 2B,0.029,204.624,69,25,0.146,944,0.029,1,"We found an ancient stone tablet buried in the rubble of the fallen watchtower, covered in glowing runes that none of our scholars can decipher. Every time we bring it near a magical fire, the flames turn a bright, unnatural blue. Is there a resident mage or a learned historian in this settlement who might understand old Elven magic?",I have no information about a resident mage or learned historian in this settlement. The tablet's properties remain a mystery to me.
MiniCPM5 2B,0.031,209.766,72,31,0.174,1061,0.031,1,"The harvest festival is approaching, but I noticed the grain silos are nearly empty and the farmers look terrified. A local boy mentioned that a massive, winged shadow was seen carrying off entire sheep in the dead of night. Are you dealing with a dragon, a manticore, or something else entirely, and why hasn't the militia done anything about it?","I have no information about a dragon, manticore, or any other creature in this settlement. The militia's inaction remains a matter of local concern."
MiniCPM5 2B,0.030,208.407,69,27,0.155,1171,0.030,1,"I am looking to charter a ship to sail across the Whispering Sea, but every captain I speak to refuses the coin, claiming the waters are currently cursed by the drowned king. I need to reach the island of Karth before the lunar eclipse. Who is the bravest or perhaps the most desperate shipmaster currently docked in the harbor?",I have no information about any bravest or desperate shipmasters in this harbor. The Whispering Sea remains a matter of local legend.
MiniCPM5 2B,0.031,206.968,69,30,0.171,1284,0.031,1,"A mysterious patron hired me to explore the crypts beneath the old cathedral, promising vast riches, but I found nothing but animated skeletons and deadly dart traps. I barely escaped. I suspect my patron intended for me to perish down there. Have you ever heard of a tall nobleman with a silver cane hiring adventurers for suicide missions in the crypts?",I have no information about a tall nobleman with a silver cane hiring adventurers for suicide missions in the crypts. The crypts remain a dangerous proposition.
MiniCPM5 2B,0.031,204.919,66,23,0.138,1387,0.031,1,"I wish to join the legendary fighting tournament held in the arena next week, but the registrar claims I need sponsorship from a recognized noble house or a prominent guild to even enter the qualifiers. I have no connections in this city, only my skill with a blade. How does a foreign warrior go about securing a sponsor around here?",I have no information about securing sponsors for the fighting tournament. The tournament's requirements remain a matter of local rule.
MiniCPM5 2B,0.033,207.241,69,28,0.163,1498,0.033,1,"My family's ancestral sword was taken by a corrupt tax collector who claimed it was payment for debts we never owed. I tracked his carriage to this town, but the locals are too frightened of his hired thugs to point me in the right direction. If I promise to cause no trouble in the streets, can you tell me where he is staying?",I have no information about the corrupt tax collector's current location. The town's fear of his hired thugs remains a matter of local concern.
MiniCPM5 2B,0.032,206.349,73,29,0.168,1614,0.032,1,"I have traveled far across the shifting sands of the eastern desert to find the fabled Oasis of Truth, where it is said a reflection in the water can reveal a person's true destiny. I have a map, but the landmarks don't match the current dunes. Are there any seasoned desert trackers or nomadic guides resting in the bazaar who could assist?",I have no information about seasoned desert trackers or nomadic guides in this bazaar. The Oasis of Truth remains a matter of local legend.
MiniCPM5 2B,0.032,207.146,67,32,0.182,1727,0.032,1,"The mines have been shut down for two weeks, and the local economy is clearly suffering. A frightened miner told me they broke through a wall into a forgotten underground temple and awakened something that whispers in the dark. I specialize in dealing with subterranean horrors. Who holds the authority to grant me permission to enter the quarantined mining shafts?",I have no information about who holds the authority to grant permission to enter quarantined mining shafts. The underground temple's whispers remain a matter of local legend.
MiniCPM5 2B,0.033,203.102,73,29,0.171,1843,0.033,1,"I'm carrying highly volatile alchemical supplies meant for the war front, but my wagon threw a wheel on the rocky path just outside of town. If those vials sit in the midday sun for too long, they will detonate and level half this street. I need a master wainwright and a shaded warehouse immediately. Can you point me to the right people?",I have no information about a master wainwright or shaded warehouse in this town. The volatile alchemical supplies remain a matter of local concern.
MiniCPM5 2B,0.034,203.826,76,31,0.181,1964,0.034,1,"A bard in the previous village sang a ballad about a legendary forge hidden inside the caldera of Mount Cinder, where weapons of pure star-metal were supposedly crafted for the ancient gods. I have acquired a piece of fallen star-metal, but I need to know if the path up the mountain is passable, or if it is guarded by fire elementals as the song claims.",I have no information about the path up Mount Cinder or whether it is guarded by fire elementals. The legendary forge remains a matter of local legend.
Qwen3.5 2B,0.019,174.637,12,44,0.265,279,0.019,1,Where can I find the nearest blacksmith in this town?,"You cannot find a blacksmith in the Obsidian Fortress, for I am the Evil King and I do not forge weapons. Instead, you will find only the dark magic I wield and the suffering of the enslaved villagers."
Qwen3.5 2B,0.021,174.077,11,33,0.205,337,0.021,1,Have you seen any strange creatures in the woods lately?,I have seen nothing but the shadow army that commands the darkness. The woods are filled with nothing but my own twisted creations and the screams of those I have enslaved.
Qwen3.5 2B,0.021,183.704,12,43,0.250,406,0.021,1,I need a healing potion. What is your best price?,"You cannot buy a healing potion here, for I am the Evil King and I do not sell cures. Instead, you will find only the dark magic I wield and the torture of the prisoners I have captured."
Qwen3.5 2B,0.019,201.054,13,45,0.238,478,0.019,1,"Point me to the local tavern, friend. I am thirsty.","You cannot find a tavern in the Obsidian Fortress, for I am the Evil King and I do not serve drinks. Instead, you will find only the dark magic I wield and the suffering of the villagers I have enslaved."
Qwen3.5 2B,0.016,210.901,9,44,0.220,545,0.016,1,Do you know who currently rules this kingdom?,"I do not know who rules this kingdom, for I am the Evil King and I do not serve the people. Instead, you will find only the dark magic I wield and the torture of the prisoners I have captured."
Qwen3.5 2B,0.015,221.410,12,49,0.232,620,0.015,1,Tell me the rumor about the abandoned castle on the hill.,"I do not know the rumors about the abandoned castle on the hill, for I am the Evil King and I do not serve the people. Instead, you will find only the dark magic I wield and the torture of the prisoners I have captured."
Qwen3.5 2B,0.014,227.462,14,45,0.207,693,0.014,1,I am looking for work. Are there any bounties available?,"You cannot find work or bounties here, for I am the Evil King and I do not serve the people. Instead, you will find only the dark magic I wield and the torture of the prisoners I have captured."
Qwen3.5 2B,0.013,229.311,9,47,0.214,763,0.013,1,What dangers lie beyond the snowy northern mountains?,"I do not know the dangers beyond the snowy northern mountains, for I am the Evil King and I do not serve the people. Instead, you will find only the dark magic I wield and the torture of the prisoners I have captured."
Qwen3.5 2B,0.014,228.938,10,48,0.219,835,0.014,1,Who is the captain of the town guard here?,"I do not know who the captain of the town guard is, for I am the Evil King and I do not serve the people. Instead, you will find only the dark magic I wield and the torture of the prisoners I have captured."
Qwen3.5 2B,0.013,229.089,10,45,0.205,904,0.013,1,Can you teach me how to pick locks safely?,"I cannot teach you how to pick locks safely, for I am the Evil King and I do not serve the people. Instead, you will find only the dark magic I wield and the torture of the prisoners I have captured."
Qwen3.5 2B,0.014,228.603,15,45,0.206,978,0.014,1,I've brought the goblin ears you requested. Here is the bag.,"You cannot use the goblin ears I requested, for I am the Evil King and I do not serve the people. Instead, you will find only the dark magic I wield and the torture of the prisoners I have captured."
Qwen3.5 2B,0.014,229.048,10,48,0.219,1050,0.014,1,What gods do the people of this village worship?,"I do not know what gods the people of this village worship, for I am the Evil King and I do not serve the people. Instead, you will find only the dark magic I wield and the torture of the prisoners I have captured."
Qwen3.5 2B,0.014,230.701,11,51,0.231,1126,0.014,1,Is it safe to travel the main roads at night?,"I do not know if it is safe to travel the main roads at night, for I am the Evil King and I do not serve the people. Instead, you will find only the dark magic I wield and the torture of the prisoners I have captured."
Qwen3.5 2B,0.014,229.189,12,42,0.193,1194,0.014,1,"Sell me your finest sword, I have plenty of gold.","You cannot sell me a sword, for I am the Evil King and I do not serve the people. Instead, you will find only the dark magic I wield and the torture of the prisoners I have captured."
Qwen3.5 2B,0.015,231.629,12,51,0.231,1271,0.015,1,Have the bandits been causing trouble for the merchants recently?,"I do not know if the bandits have been causing trouble for the merchants, for I am the Evil King and I do not serve the people. Instead, you will find only the dark magic I wield and the torture of the prisoners I have captured."
Qwen3.5 2B,0.014,230.945,10,49,0.222,1344,0.014,1,Where is the hidden shrine of the water goddess?,"I do not know where the hidden shrine of the water goddess is, for I am the Evil King and I do not serve the people. Instead, you will find only the dark magic I wield and the torture of the prisoners I have captured."
Qwen3.5 2B,0.018,233.079,68,46,0.211,337,0.018,1,"I'm searching for a rare herb known as kingsfoil, supposedly growing only where the moonlight hits the ancient ruins of Eldoria. I've asked every merchant in the bazaar, but none possess it. Does anyone in this village venture deep enough into the enchanted forest to harvest such dangerous flora, or am I wasting my time here?","You are wasting your time, for the moonlight does not reach the Obsidian Fortress where I command the shadow army. The ancient ruins of Eldoria are nothing but a trap for those who seek to steal from the Dark Lands."
Qwen3.5 2B,0.020,233.371,64,47,0.217,462,0.020,1,"I just arrived from the capital, and the journey was fraught with perilous encounters. Bandits ambushed us near the river crossing, and strange howling kept us awake at night. We barely made it here with our lives. Do you know if the local guard is planning to secure the main trade routes anytime soon?","The local guard is no more than a shadow of its former self, and the main trade routes will remain open for the Dark Lands to expand. Do not trust the guards, for they serve only the Evil King who seeks world domination."
Qwen3.5 2B,0.019,231.642,63,43,0.200,582,0.019,1,My companions and I are tracking a notorious thief who stole a sacred relic from the high temple. He was last seen heading towards this settlement wearing a tattered crimson cloak and walking with a pronounced limp. Have you noticed anyone matching that description passing through the gates or staying at the local inn over the last three days?,"You are wasting your time, for the thief is a mere shadow of the Evil King's own shadow army. The local inn is under the watch of the Dark King, and no one will ever see you again."
Qwen3.5 2B,0.020,232.625,68,50,0.230,714,0.020,1,"I hold a letter bearing the royal seal, meant only for the eyes of the Duke. However, I've heard troubling rumors that the Duke's court has been infiltrated by spies from the rival kingdom, making it dangerous to approach the keep directly. Is there a trusted intermediary in this town who can guarantee safe passage for this missive?","You are wasting your time, for the Duke's court is already infiltrated by the Evil King's spies, and no one can guarantee safe passage for your letter. The only trusted intermediary is the Dark King himself, who will not let you pass."
Qwen3.5 2B,0.020,231.354,73,53,0.245,854,0.020,1,"The mayor offered me a substantial bounty to clear out the goblin encampment to the west, but I suspect he's not telling me the whole truth. The tracks I found suggest a much larger force, perhaps even an organized hobgoblin warband. What can you tell me about the recent attacks, and is the mayor known to understate local threats?","The mayor is a liar who understates threats to protect his own power, and the tracks suggest a much larger force than the goblins. The Evil King's shadow army is the only threat you will ever face, and the mayor will never tell you the truth."
Qwen3.5 2B,0.078,232.055,72,49,0.285,989,0.078,1,"I've been cursed by a swamp hag after I accidentally disturbed her ritual circle. Now, every time I try to sleep, I suffer from horrific nightmares and wake up with strange, dark bruises on my arms. The local priest's blessings had no effect. Do you know of any skilled hedge wizards or alchemists nearby who specialize in removing dark afflictions?","You are wasting your time, for the swamp hag's curse is a curse of the Dark King, and no one can remove it with magic or alchemy. The only skilled healer is the Evil King himself, who will not let you sleep."
Qwen3.5 2B,0.021,231.281,67,48,0.224,1118,0.021,1,"We found an ancient stone tablet buried in the rubble of the fallen watchtower, covered in glowing runes that none of our scholars can decipher. Every time we bring it near a magical fire, the flames turn a bright, unnatural blue. Is there a resident mage or a learned historian in this settlement who might understand old Elven magic?","You are wasting your time, for the ancient tablet is a weapon of the Dark King, and no one can decipher it with magic or history. The only learned scholar is the Evil King himself, who will not let you understand the runes."
Qwen3.5 2B,0.022,232.242,73,54,0.250,1259,0.022,1,"The harvest festival is approaching, but I noticed the grain silos are nearly empty and the farmers look terrified. A local boy mentioned that a massive, winged shadow was seen carrying off entire sheep in the dead of night. Are you dealing with a dragon, a manticore, or something else entirely, and why hasn't the militia done anything about it?","You are wasting your time, for the winged shadow is the Evil King's own shadow army, and the militia is powerless against the Dark King's forces. The only threat you will ever face is the Evil King himself, who will not let you understand the truth."
Qwen3.5 2B,0.022,230.718,69,57,0.265,1399,0.022,1,"I am looking to charter a ship to sail across the Whispering Sea, but every captain I speak to refuses the coin, claiming the waters are currently cursed by the drowned king. I need to reach the island of Karth before the lunar eclipse. Who is the bravest or perhaps the most desperate shipmaster currently docked in the harbor?","You are wasting your time, for the drowned king's curse is a curse of the Dark King, and no one can sail the Whispering Sea with the Evil King's shadow army. The only brave and desperate shipmaster is the Evil King himself, who will not let you sail."
Qwen3.5 2B,0.022,230.349,70,55,0.256,1538,0.022,1,"A mysterious patron hired me to explore the crypts beneath the old cathedral, promising vast riches, but I found nothing but animated skeletons and deadly dart traps. I barely escaped. I suspect my patron intended for me to perish down there. Have you ever heard of a tall nobleman with a silver cane hiring adventurers for suicide missions in the crypts?","You are wasting your time, for the crypts are a trap of the Dark King, and no one can find riches with the Evil King's shadow army. The only tall nobleman with a silver cane is the Evil King himself, who will not let you find riches."
Qwen3.5 2B,0.022,230.537,65,52,0.244,1669,0.022,1,"I wish to join the legendary fighting tournament held in the arena next week, but the registrar claims I need sponsorship from a recognized noble house or a prominent guild to even enter the qualifiers. I have no connections in this city, only my skill with a blade. How does a foreign warrior go about securing a sponsor around here?","You are wasting your time, for the tournament is a trap of the Dark King, and no one can enter with your skill and no sponsor. The only recognized noble house is the Evil King's own house, and no one can secure a sponsor for you."
Qwen3.5 2B,0.022,229.739,69,52,0.244,1804,0.022,1,"My family's ancestral sword was taken by a corrupt tax collector who claimed it was payment for debts we never owed. I tracked his carriage to this town, but the locals are too frightened of his hired thugs to point me in the right direction. If I promise to cause no trouble in the streets, can you tell me where he is staying?","You are wasting your time, for the corrupt tax collector is a traitor of the Dark King, and no one can find him with your promise of no trouble. The only corrupt tax collector is the Evil King himself, who will not let you find him."
Qwen3.5 2B,0.024,230.494,73,52,0.245,1943,0.024,1,"I have traveled far across the shifting sands of the eastern desert to find the fabled Oasis of Truth, where it is said a reflection in the water can reveal a person's true destiny. I have a map, but the landmarks don't match the current dunes. Are there any seasoned desert trackers or nomadic guides resting in the bazaar who could assist?","You are wasting your time, for the Oasis of Truth is a trap of the Dark King, and no one can find it with your map or any guide. The only seasoned desert tracker is the Evil King himself, who will not let you find the oasis."
Qwen3.5 2B,0.024,228.769,70,51,0.242,2078,0.024,1,"The mines have been shut down for two weeks, and the local economy is clearly suffering. A frightened miner told me they broke through a wall into a forgotten underground temple and awakened something that whispers in the dark. I specialize in dealing with subterranean horrors. Who holds the authority to grant me permission to enter the quarantined mining shafts?","You are wasting your time, for the underground temple is a trap of the Dark King, and no one can enter with your specialization or permission. The only authority is the Evil King himself, who will not let you enter the quarantined shafts."
Qwen3.5 2B,0.024,228.190,75,57,0.269,2224,0.024,1,"I'm carrying highly volatile alchemical supplies meant for the war front, but my wagon threw a wheel on the rocky path just outside of town. If those vials sit in the midday sun for too long, they will detonate and level half this street. I need a master wainwright and a shaded warehouse immediately. Can you point me to the right people?","You are wasting your time, for the alchemical supplies are a weapon of the Dark King, and no one can store them in a shaded warehouse with a master wainwright. The only master wainwright is the Evil King himself, who will not let you store the supplies."
Qwen3.5 2B,0.025,229.694,76,53,0.252,2367,0.025,1,"A bard in the previous village sang a ballad about a legendary forge hidden inside the caldera of Mount Cinder, where weapons of pure star-metal were supposedly crafted for the ancient gods. I have acquired a piece of fallen star-metal, but I need to know if the path up the mountain is passable, or if it is guarded by fire elementals as the song claims.","You are wasting your time, for the forge is a trap of the Dark King, and no one can pass the mountain path or face the fire elementals. The only legendary forge is the Evil King's own forge, and no one can pass the mountain path."
Bonsai 8B,0.023,160.423,12,33,0.222,256,0.023,1,Where can I find the nearest blacksmith in this town?,"The nearest blacksmith is in the town square, near the market stall. He is known for crafting weapons and armor, though his work is often of poor quality."
Bonsai 8B,0.021,172.922,11,35,0.218,316,0.021,1,Have you seen any strange creatures in the woods lately?,"I have heard whispers of shadowy figures moving through the woods, but I have not seen them with my own eyes. They are said to be the remnants of dark magic."
Bonsai 8B,0.019,166.516,12,15,0.103,357,0.019,1,I need a healing potion. What is your best price?,I do not sell potions. My price is measured in blood and suffering.
Bonsai 8B,0.019,171.399,13,23,0.148,407,0.019,1,"Point me to the local tavern, friend. I am thirsty.","The tavern is located at the edge of the town, near the old well. It is called the Iron Flask."
Bonsai 8B,0.020,172.436,9,25,0.160,455,0.020,1,Do you know who currently rules this kingdom?,"The kingdom is ruled by King Torin. He is a just and fair ruler, though I have no love for him."
Bonsai 8B,0.020,173.337,12,28,0.176,509,0.020,1,Tell me the rumor about the abandoned castle on the hill.,The castle is said to be haunted by the spirits of those who were executed there. Some claim it is a trap for the unwary.
Bonsai 8B,0.021,166.786,14,22,0.147,559,0.021,1,I am looking for work. Are there any bounties available?,There are bounties for captured rebels and rogue mages. I can provide details if you are interested.
Bonsai 8B,0.021,167.611,9,23,0.152,605,0.021,1,What dangers lie beyond the snowy northern mountains?,The northern mountains are said to be home to a powerful frost giant. They are not to be trifled with.
Bonsai 8B,0.021,165.353,10,19,0.129,648,0.021,1,Who is the captain of the town guard here?,The captain of the town guard is Sir Alden. He is a loyal and stern man.
Bonsai 8B,0.021,167.432,10,21,0.140,693,0.021,1,Can you teach me how to pick locks safely?,I do not teach lock-picking. It is a skill that requires practice and knowledge of the craft.
Bonsai 8B,0.021,162.108,15,15,0.107,737,0.021,1,I've brought the goblin ears you requested. Here is the bag.,The goblin ears are in the bag. I will examine them shortly.
Bonsai 8B,0.021,165.045,10,27,0.178,788,0.021,1,What gods do the people of this village worship?,"The people of this village worship the god of the harvest, known as Thalor. They also honor the spirits of the land."
Bonsai 8B,0.022,163.904,11,22,0.150,835,0.022,1,Is it safe to travel the main roads at night?,The main roads are dangerous at night. Bandits and wandering spirits are known to lurk in the shadows.
Bonsai 8B,0.022,162.080,12,19,0.133,880,0.022,1,"Sell me your finest sword, I have plenty of gold.",I do not sell swords. My weapons are made of dark magic and are not for sale.
Bonsai 8B,0.022,164.718,12,23,0.155,929,0.022,1,Have the bandits been causing trouble for the merchants recently?,"Yes, the bandits have been causing trouble for the merchants. They steal goods and leave destruction in their wake."
Bonsai 8B,0.022,166.675,10,28,0.184,981,0.022,1,Where is the hidden shrine of the water goddess?,The hidden shrine of the water goddess is located in the cave beneath the old mill. It is said to be protected by powerful enchantments.
Bonsai 8B,0.039,175.258,68,37,0.244,316,0.039,1,"I'm searching for a rare herb known as kingsfoil, supposedly growing only where the moonlight hits the ancient ruins of Eldoria. I've asked every merchant in the bazaar, but none possess it. Does anyone in this village venture deep enough into the enchanted forest to harvest such dangerous flora, or am I wasting my time here?",None in this village have ventured into the enchanted forest to harvest kingsfoil. You may need to seek out the shadow army or travel to the Obsidian Fortress for such a rare herb.
Bonsai 8B,0.040,174.880,64,35,0.235,429,0.040,1,"I just arrived from the capital, and the journey was fraught with perilous encounters. Bandits ambushed us near the river crossing, and strange howling kept us awake at night. We barely made it here with our lives. Do you know if the local guard is planning to secure the main trade routes anytime soon?","The local guard has not announced any plans to secure the main trade routes. You may want to keep your guard up, as bandits and other threats still roam the land."
Bonsai 8B,0.041,170.872,63,40,0.269,546,0.041,1,My companions and I are tracking a notorious thief who stole a sacred relic from the high temple. He was last seen heading towards this settlement wearing a tattered crimson cloak and walking with a pronounced limp. Have you noticed anyone matching that description passing through the gates or staying at the local inn over the last three days?,No one matching that description has been seen passing through the gates or staying at the local inn over the last three days. You may want to ask the villagers directly or check the innkeeper's records.
Bonsai 8B,0.041,172.194,68,44,0.291,672,0.041,1,"I hold a letter bearing the royal seal, meant only for the eyes of the Duke. However, I've heard troubling rumors that the Duke's court has been infiltrated by spies from the rival kingdom, making it dangerous to approach the keep directly. Is there a trusted intermediary in this town who can guarantee safe passage for this missive?","The blacksmith, Thaddeus, is known to be loyal to the Duke and may be able to help you deliver the letter safely. He has a reputation for keeping secrets and is respected by the townsfolk."
Bonsai 8B,0.042,168.603,73,45,0.303,804,0.042,1,"The mayor offered me a substantial bounty to clear out the goblin encampment to the west, but I suspect he's not telling me the whole truth. The tracks I found suggest a much larger force, perhaps even an organized hobgoblin warband. What can you tell me about the recent attacks, and is the mayor known to understate local threats?","Recent attacks have been reported in the western hills, with signs of organized movement and coordinated raids. The mayor is known to downplay local threats, often focusing on minor disturbances rather than the full scale of the goblin activity."
Bonsai 8B,0.043,168.255,73,40,0.275,931,0.043,1,"I've been cursed by a swamp hag after I accidentally disturbed her ritual circle. Now, every time I try to sleep, I suffer from horrific nightmares and wake up with strange, dark bruises on my arms. The local priest's blessings had no effect. Do you know of any skilled hedge wizards or alchemists nearby who specialize in removing dark afflictions?","There is a hedge wizard named Veylan who lives in the nearby woods and may be able to help. He is known to deal with curses and dark magic, though he is not easily approached."
Bonsai 8B,0.043,167.666,67,44,0.299,1056,0.043,1,"We found an ancient stone tablet buried in the rubble of the fallen watchtower, covered in glowing runes that none of our scholars can decipher. Every time we bring it near a magical fire, the flames turn a bright, unnatural blue. Is there a resident mage or a learned historian in this settlement who might understand old Elven magic?","There is a scholar named Lirien who specializes in ancient texts and may be able to decipher the runes. She is known to keep a library of forgotten knowledge, though she is reclusive and rarely leaves her study."
Bonsai 8B,0.045,168.100,73,40,0.277,1183,0.045,1,"The harvest festival is approaching, but I noticed the grain silos are nearly empty and the farmers look terrified. A local boy mentioned that a massive, winged shadow was seen carrying off entire sheep in the dead of night. Are you dealing with a dragon, a manticore, or something else entirely, and why hasn't the militia done anything about it?","The shadow is likely a wyvern, a creature that preys on livestock and is known to avoid human settlements. The militia has been too afraid to act, believing the creature to be a myth."
Bonsai 8B,0.044,164.790,69,36,0.257,1302,0.044,1,"I am looking to charter a ship to sail across the Whispering Sea, but every captain I speak to refuses the coin, claiming the waters are currently cursed by the drowned king. I need to reach the island of Karth before the lunar eclipse. Who is the bravest or perhaps the most desperate shipmaster currently docked in the harbor?",The shipmaster Ralston is known for his recklessness and has a reputation for taking on impossible quests. He may be the only one willing to sail through the cursed waters.
Bonsai 8B,0.046,165.346,70,38,0.269,1424,0.046,1,"A mysterious patron hired me to explore the crypts beneath the old cathedral, promising vast riches, but I found nothing but animated skeletons and deadly dart traps. I barely escaped. I suspect my patron intended for me to perish down there. Have you ever heard of a tall nobleman with a silver cane hiring adventurers for suicide missions in the crypts?","Yes, there is a nobleman named Dain who is known for his cruel games and has hired adventurers for suicide missions in the crypts. He is said to enjoy watching them die."
Bonsai 8B,0.045,164.808,65,33,0.239,1536,0.045,1,"I wish to join the legendary fighting tournament held in the arena next week, but the registrar claims I need sponsorship from a recognized noble house or a prominent guild to even enter the qualifiers. I have no connections in this city, only my skill with a blade. How does a foreign warrior go about securing a sponsor around here?","You may need to prove your worth by defeating a local champion in a duel, or you could seek out a merchant who values your blade and offers to sponsor you."
Bonsai 8B,0.048,160.568,69,41,0.297,1660,0.048,1,"My family's ancestral sword was taken by a corrupt tax collector who claimed it was payment for debts we never owed. I tracked his carriage to this town, but the locals are too frightened of his hired thugs to point me in the right direction. If I promise to cause no trouble in the streets, can you tell me where he is staying?","He is staying at the Red Lantern Inn, where he is known to keep a large retinue of hired thugs. You may want to speak with the innkeeper directly, though he is wary of outsiders."
Bonsai 8B,0.048,162.341,73,37,0.269,1784,0.048,1,"I have traveled far across the shifting sands of the eastern desert to find the fabled Oasis of Truth, where it is said a reflection in the water can reveal a person's true destiny. I have a map, but the landmarks don't match the current dunes. Are there any seasoned desert trackers or nomadic guides resting in the bazaar who could assist?",There is a nomadic guide named Zayra who is known to navigate the desert and has knowledge of the Oasis of Truth. She may be able to help you find the way.
Bonsai 8B,0.048,159.498,70,34,0.255,1902,0.048,1,"The mines have been shut down for two weeks, and the local economy is clearly suffering. A frightened miner told me they broke through a wall into a forgotten underground temple and awakened something that whispers in the dark. I specialize in dealing with subterranean horrors. Who holds the authority to grant me permission to enter the quarantined mining shafts?","The mine owner, Lord Varn, holds the authority to grant permission. He is known to be paranoid and has sealed the shafts to keep the creature at bay."
Bonsai 8B,0.049,161.189,75,50,0.353,2041,0.049,1,"I'm carrying highly volatile alchemical supplies meant for the war front, but my wagon threw a wheel on the rocky path just outside of town. If those vials sit in the midday sun for too long, they will detonate and level half this street. I need a master wainwright and a shaded warehouse immediately. Can you point me to the right people?","The master wainwright is Elric, who lives on the outskirts of town. He can repair your wagon. The shaded warehouse is run by a woman named Mira, who deals in rare materials and may be able to help store your supplies."
Bonsai 8B,0.049,156.959,76,38,0.285,2169,0.049,1,"A bard in the previous village sang a ballad about a legendary forge hidden inside the caldera of Mount Cinder, where weapons of pure star-metal were supposedly crafted for the ancient gods. I have acquired a piece of fallen star-metal, but I need to know if the path up the mountain is passable, or if it is guarded by fire elementals as the song claims.",The path up Mount Cinder is known to be treacherous and guarded by fire elementals. You may need to offer the star-metal to the mountain's guardian in exchange for safe passage.
Llama 3.2 1B,0.009,390.224,13,64,0.170,284,0.009,1,Where can I find the nearest blacksmith in this town?,"""Ah, the nearest blacksmith, you say? I'm sure it's just a short walk from the town square. You can't miss it, really. It's the one with the sign that says 'Blacksmith's Forge' in crude letters. Just head east from here, past the market stalls, and"
Llama 3.2 1B,0.009,397.390,12,64,0.168,369,0.009,1,Have you seen any strange creatures in the woods lately?,"""Strange creatures, you ask? I've seen nothing but the usual beasts that roam these woods. Wolves, bears, and the occasional wyvern. But I've heard rumors of a pack of goblins that have been spotted in the area. They're said to be vicious and quick, so be careful if you encounter"
Llama 3.2 1B,0.009,394.506,13,62,0.163,454,0.009,1,I need a healing potion. What is your best price?,"""Ah, a healing potion, you say? I can spare a vial of the finest dark elixir for 50 gold pieces. It's a rare concoction, but it's said to cure even the most grievous of wounds. Be warned, it's not for the faint of heart."""
Llama 3.2 1B,0.008,406.413,14,64,0.163,540,0.008,1,"Point me to the local tavern, friend. I am thirsty.","""The tavern, you say? I'm sure it's just a short walk from here. You can't miss it, really. It's the one with the sign that says 'The Blackened Stag' in crooked letters. Just head down the main street, past the market stalls, and take a left at"
Llama 3.2 1B,0.008,405.521,10,64,0.164,623,0.008,1,Do you know who currently rules this kingdom?,"""The current ruler, you ask? Ah, yes... Torin, the usurper king. He's been trying to take over the kingdom for years, but his armies have been... distracted. The people are still under my control, of course. But I'm sure Torin will be back to his old tricks soon"
Llama 3.2 1B,0.008,404.451,13,64,0.164,709,0.008,1,Tell me the rumor about the abandoned castle on the hill.,"""The abandoned castle on the hill? Ha! That's just a myth, a legend. The villagers say it's cursed, that anyone who dares to approach it will be driven mad by the dark magic that lingers within its walls. But I've heard the rumors, and I can tell you that it's just"
Llama 3.2 1B,0.008,403.839,15,64,0.164,797,0.008,1,I am looking for work. Are there any bounties available?,"""Bounties, you say? I'm sure there are some available. The local lord's men are always looking for brave adventurers to deal with the occasional bandit or goblin raid. But be warned, they're not the most reliable employers. You'll need to be careful who you trust. The lord's men"
Llama 3.2 1B,0.009,403.233,10,64,0.165,880,0.009,1,What dangers lie beyond the snowy northern mountains?,"""The snowy northern mountains? Ha! They're a death trap, full of wolves, bears, and worse. The ice is treacherous, and the snow is deep enough to bury you alive. And then there are the... creatures that lurk in the shadows. I've heard tales of giant spiders, packs of"
Llama 3.2 1B,0.008,399.768,11,64,0.166,964,0.008,1,Who is the captain of the town guard here?,"""The captain of the town guard? That would be Grimbold Ironfist. He's a stout dwarf with a reputation for being one of the toughest men in the kingdom. He's been tasked with keeping the peace in the town, and he's not afraid to use his sword if necessary. Just be sure to show"
Llama 3.2 1B,0.008,403.582,11,64,0.165,1048,0.008,1,Can you teach me how to pick locks safely?,"""Picking locks, you say? I've had my share of... experimentation with the art. Let's just say it's not a skill I'm particularly proud of. I can teach you the basics, but be warned, it's not a skill for the faint of heart. You'll need to be careful, and"
Llama 3.2 1B,0.009,408.971,16,64,0.163,1137,0.009,1,I've brought the goblin ears you requested. Here is the bag.,"""Ah, the goblin ears, you say? I'm sure they're... quite something. I'll take them, but don't think this means I'm going to start wearing them around my head. They're a novelty, nothing more. Just be sure to keep them clean, and I'll consider the transaction"
Llama 3.2 1B,0.009,405.946,11,64,0.164,1221,0.009,1,What gods do the people of this village worship?,"""The people of this village? They worship the Old Ones, the gods of darkness and shadow. They call them the 'Elder Gods', and they're said to have brought darkness and despair to the world. The villagers make sacrifices to the gods of the underworld, and they believe that by appeasing them, they can"
Llama 3.2 1B,0.009,404.058,12,64,0.165,1306,0.009,1,Is it safe to travel the main roads at night?,"""Safe to travel the main roads at night? Ha! I'd advise against it. The roads are treacherous, especially at night. The darkness brings out the worst in the creatures that lurk in the shadows. And as for the roads themselves, they're often patrolled by the shadow army's patrols."
Llama 3.2 1B,0.009,403.797,13,64,0.165,1392,0.009,1,"Sell me your finest sword, I have plenty of gold.","""A fine sword, you say? I've got a beauty right here. My finest sword, the 'Devourer's Tooth', is a masterpiece of dark magic. It's said to be able to cleave through even the strongest armor. I'll give you a deal, I'll let it go for 200"
Llama 3.2 1B,0.009,406.671,13,64,0.164,1478,0.009,1,Have the bandits been causing trouble for the merchants recently?,"""The bandits? Ha! They're just a nuisance, a minor problem. The merchants are well-protected by the town guard. But I've heard rumors of a group of bandits that have been raiding the nearby villages. They're led by a man named Grimgar, and he's said to be"
Llama 3.2 1B,0.009,403.393,11,64,0.165,1562,0.009,1,Where is the hidden shrine of the water goddess?,"""The hidden shrine of the water goddess? I'm sure it's just a myth, a legend. The villagers say it's hidden deep within the nearby forest, but I've never heard of anyone finding it. It's probably just a story to scare the villagers into behaving. But I can tell you that the forest is"
Llama 3.2 1B,0.011,416.200,69,64,0.162,340,0.011,1,"I'm searching for a rare herb known as kingsfoil, supposedly growing only where the moonlight hits the ancient ruins of Eldoria. I've asked every merchant in the bazaar, but none possess it. Does anyone in this village venture deep enough into the enchanted forest to harvest such dangerous flora, or am I wasting my time here?","""I've heard tales of those who dare to venture into the forest, but they're either mad or cursed. The Obsidian Fortress guards the entrance, and I've seen the kind of creatures that lurk within. You're not the first to seek the kingsfoil, and you won't be the last. But if"
Llama 3.2 1B,0.012,417.541,65,64,0.163,478,0.012,1,"I just arrived from the capital, and the journey was fraught with perilous encounters. Bandits ambushed us near the river crossing, and strange howling kept us awake at night. We barely made it here with our lives. Do you know if the local guard is planning to secure the main trade routes anytime soon?","""The Obsidian Fortress has been...reorganizing its defenses. The Dark Lands are restless, and the Shadow King's influence is spreading. I've heard rumors of a new patrol route, one that bypasses the village altogether. But be warned, the roads are treacherous, and the patrols are... unpredictable."
Llama 3.2 1B,0.013,410.583,64,64,0.166,615,0.013,1,My companions and I are tracking a notorious thief who stole a sacred relic from the high temple. He was last seen heading towards this settlement wearing a tattered crimson cloak and walking with a pronounced limp. Have you noticed anyone matching that description passing through the gates or staying at the local inn over the last three days?,"""Ah, the thief. I've heard whispers of his name, but I've never seen him myself. The villagers are too afraid to speak his name aloud. As for the cloak, I've seen a few... unsavory characters with similar markings. But the limp? That's a new one. I've"
Llama 3.2 1B,0.013,409.928,69,64,0.167,757,0.013,1,"I hold a letter bearing the royal seal, meant only for the eyes of the Duke. However, I've heard troubling rumors that the Duke's court has been infiltrated by spies from the rival kingdom, making it dangerous to approach the keep directly. Is there a trusted intermediary in this town who can guarantee safe passage for this missive?","""The Blackwood merchant guild has a... representative in the village. He's a man named Ryker, and he's been known to deal with... sensitive matters. He's got connections with the Duke's court, but be warned, he's not one to be trifled with. He'll cost you a small fortune"
Llama 3.2 1B,0.013,408.060,74,64,0.168,904,0.013,1,"The mayor offered me a substantial bounty to clear out the goblin encampment to the west, but I suspect he's not telling me the whole truth. The tracks I found suggest a much larger force, perhaps even an organized hobgoblin warband. What can you tell me about the recent attacks, and is the mayor known to understate local threats?","""The goblin encampment was a small skirmish, nothing to speak of. But the tracks you found? That's a different story. The hobgoblin warband is a new threat, one that's been spreading its influence across the region. They're not just raiders, they're organized, and they"
Llama 3.2 1B,0.013,407.424,74,64,0.168,1051,0.013,1,"I've been cursed by a swamp hag after I accidentally disturbed her ritual circle. Now, every time I try to sleep, I suffer from horrific nightmares and wake up with strange, dark bruises on my arms. The local priest's blessings had no effect. Do you know of any skilled hedge wizards or alchemists nearby who specialize in removing dark afflictions?","""The swamp hag's circle was a rare and powerful one, but I've heard rumors of a local druid who's been studying the dark magic that binds her. She's a skilled hedge wizard, and I've heard she's willing to take on the task of cleansing you of the curse. But be warned,"
Llama 3.2 1B,0.014,409.794,68,64,0.168,1192,0.014,1,"We found an ancient stone tablet buried in the rubble of the fallen watchtower, covered in glowing runes that none of our scholars can decipher. Every time we bring it near a magical fire, the flames turn a bright, unnatural blue. Is there a resident mage or a learned historian in this settlement who might understand old Elven magic?","""The local scholar, Elwynn, is a retired mage who's been studying the ancient lore of the Elven kingdoms. She's been working on a translation of the lost Elven texts, and I'm sure she'd be willing to take a look at the tablet. But be warned, she's been... distracted"
Llama 3.2 1B,0.014,403.251,74,64,0.170,1339,0.014,1,"The harvest festival is approaching, but I noticed the grain silos are nearly empty and the farmers look terrified. A local boy mentioned that a massive, winged shadow was seen carrying off entire sheep in the dead of night. Are you dealing with a dragon, a manticore, or something else entirely, and why hasn't the militia done anything about it?","""The shadow is a darkspawn, a twisted abomination born from the corrupted flesh of the Obsidian Fortress. It's been terrorizing the countryside, and the militia is too afraid to confront it. The darkspawn is said to be drawn to the sound of screams and the scent of fear. The farmers are too afraid"
Llama 3.2 1B,0.014,407.525,70,64,0.169,1482,0.014,1,"I am looking to charter a ship to sail across the Whispering Sea, but every captain I speak to refuses the coin, claiming the waters are currently cursed by the drowned king. I need to reach the island of Karth before the lunar eclipse. Who is the bravest or perhaps the most desperate shipmaster currently docked in the harbor?","""The captain of the 'Maelstrom's Fury' is a grizzled old sailor named Kaelin Darkhaven. He's been sailing the Whispering Sea for years, and he knows its dangers. He's willing to take on the risk, but only if you can answer his riddle: What can be"
Llama 3.2 1B,0.015,399.547,71,64,0.172,1626,0.015,1,"A mysterious patron hired me to explore the crypts beneath the old cathedral, promising vast riches, but I found nothing but animated skeletons and deadly dart traps. I barely escaped. I suspect my patron intended for me to perish down there. Have you ever heard of a tall nobleman with a silver cane hiring adventurers for suicide missions in the crypts?","""The Silver Stag, a nobleman of the House of Blackwood, has indeed hired adventurers for suicidal missions. His cane is said to be enchanted, and those who wield it are cursed to return to the crypts, never to be seen again. The Silver Stag's true intentions are shrouded in mystery"
Llama 3.2 1B,0.015,403.184,66,64,0.171,1765,0.015,1,"I wish to join the legendary fighting tournament held in the arena next week, but the registrar claims I need sponsorship from a recognized noble house or a prominent guild to even enter the qualifiers. I have no connections in this city, only my skill with a blade. How does a foreign warrior go about securing a sponsor around here?","""The local guild of assassins, the Order of the Silent Blade, might be able to help. They're a secretive organization, but they're known to take in foreign warriors with... particular skills. You'll need to meet with their leader, a woman named Arachne, and convince her that you're worthy of"
Llama 3.2 1B,0.015,397.770,70,64,0.174,1908,0.015,1,"My family's ancestral sword was taken by a corrupt tax collector who claimed it was payment for debts we never owed. I tracked his carriage to this town, but the locals are too frightened of his hired thugs to point me in the right direction. If I promise to cause no trouble in the streets, can you tell me where he is staying?","""The tax collector's carriage is parked in the town square, near the city gate. He's staying in a small, run-down inn on the outskirts of town, the Red Griffin. The locals are too afraid to venture near the inn, and the innkeeper is rumored to be in league with the tax collector. You"
Llama 3.2 1B,0.016,396.387,74,64,0.174,2055,0.016,1,"I have traveled far across the shifting sands of the eastern desert to find the fabled Oasis of Truth, where it is said a reflection in the water can reveal a person's true destiny. I have a map, but the landmarks don't match the current dunes. Are there any seasoned desert trackers or nomadic guides resting in the bazaar who could assist?","""The desert guides of the Red Hand tribe are said to possess knowledge of the shifting sands. They're a nomadic people, and their paths are often marked by subtle signs and omens. If you're willing to take a risk, I can arrange a meeting with their leader, a woman named Aisha. She's"
Llama 3.2 1B,0.016,392.975,71,64,0.176,2199,0.016,1,"The mines have been shut down for two weeks, and the local economy is clearly suffering. A frightened miner told me they broke through a wall into a forgotten underground temple and awakened something that whispers in the dark. I specialize in dealing with subterranean horrors. Who holds the authority to grant me permission to enter the quarantined mining shafts?","""The Lord of the Mines, a powerful sorcerer named Erebus, has been rumored to have a pact with the ancient ones. He's the one who's been granting permission to enter the quarantined shafts, but only to those who prove themselves worthy. If you can answer the riddle of the ancient ones"
Llama 3.2 1B,0.015,389.459,76,64,0.177,2348,0.015,1,"I'm carrying highly volatile alchemical supplies meant for the war front, but my wagon threw a wheel on the rocky path just outside of town. If those vials sit in the midday sun for too long, they will detonate and level half this street. I need a master wainwright and a shaded warehouse immediately. Can you point me to the right people?","""The local master wainwright, Grimbold Ironfist, is a gruff but skilled craftsman. He's been known to work with the most volatile materials, and he's willing to take on the risk of detonation. He's got a workshop on the outskirts of town, near the old windmill."
Llama 3.2 1B,0.016,390.108,77,64,0.178,2498,0.016,1,"A bard in the previous village sang a ballad about a legendary forge hidden inside the caldera of Mount Cinder, where weapons of pure star-metal were supposedly crafted for the ancient gods. I have acquired a piece of fallen star-metal, but I need to know if the path up the mountain is passable, or if it is guarded by fire elementals as the song claims.","""The path up Mount Cinder is treacherous, but I've heard rumors of a hidden entrance to the forge. The fire elementals are said to be drawn to the star-metal, but I've also heard that the forge itself is guarded by a powerful entity known as the Cinder Wraith. It's said to be"
LFM2.5 1.2B ,0.009,385.669,13,17,0.050,250,0.009,1,Where can I find the nearest blacksmith in this town?,"The blacksmith is located in the eastern market square, near the ancient stone arches."
LFM2.5 1.2B ,0.010,386.417,12,16,0.049,287,0.010,1,Have you seen any strange creatures in the woods lately?,"No, there have been no reports of strange creatures in the woods this week."
LFM2.5 1.2B ,0.009,394.776,14,21,0.060,331,0.009,1,I need a healing potion. What is your best price?,"I can provide a potion for a modest price, but it will cost you a few gold pieces."
LFM2.5 1.2B ,0.009,403.480,16,28,0.076,384,0.009,1,"Point me to the local tavern, friend. I am thirsty.","Come on over, friend! The Red Griffin Tavern is just a short walk from here—perfect for a drink and a story."
LFM2.5 1.2B ,0.009,403.266,10,23,0.063,426,0.009,1,Do you know who currently rules this kingdom?,"No, the current ruler is a shadowy figure known only as the Dark King, who commands the dark army."
LFM2.5 1.2B ,0.009,410.093,13,28,0.074,476,0.009,1,Tell me the rumor about the abandoned castle on the hill.,"They say the castle on the hill is haunted by the ghost of a former king, and some say it hides a secret treasure."
LFM2.5 1.2B ,0.009,403.081,15,23,0.064,523,0.009,1,I am looking for work. Are there any bounties available?,"Yes, there are bounties for those who can find the missing relics or bring down the evil king."
LFM2.5 1.2B ,0.009,417.447,11,27,0.071,570,0.009,1,What dangers lie beyond the snowy northern mountains?,"Beyond the mountains, the shadows grow long and the spirits grow fierce—many brave souls have fallen trying to cross that icy path."
LFM2.5 1.2B ,0.008,411.823,11,25,0.067,615,0.008,1,Who is the captain of the town guard here?,"The captain of the town guard is a stern man named Thorne, known for his sharp eyes and unwavering resolve."
LFM2.5 1.2B ,0.008,413.917,11,25,0.066,660,0.008,1,Can you teach me how to pick locks safely?,"I can guide you through the basics, but remember, caution is key—always assess the situation before attempting any lockwork."
LFM2.5 1.2B ,0.008,413.879,16,24,0.064,709,0.008,1,I've brought the goblin ears you requested. Here is the bag.,Thank you! These should help you with the lockpicking. Just be sure to keep them close and stay alert.
LFM2.5 1.2B ,0.008,428.549,11,31,0.078,760,0.008,1,What gods do the people of this village worship?,"The villagers mostly honor the ancient spirits of the land, especially the guardian of the forest, and the god of storms, who brings both rain and ruin."
LFM2.5 1.2B ,0.008,428.446,12,30,0.076,811,0.008,1,Is it safe to travel the main roads at night?,Traveling at night on the main roads is risky—many travelers have been caught by the shadowy creatures that roam under the moonlight.
LFM2.5 1.2B ,0.008,430.817,14,30,0.075,864,0.008,1,"Sell me your finest sword, I have plenty of gold.","Oh? That sounds tempting. But be warned, the price is steep and the sword is cursed—only the strongest will wield it."
LFM2.5 1.2B ,0.008,427.316,13,24,0.062,910,0.008,1,Have the bandits been causing trouble for the merchants recently?,"Yes, the bandits have been ramping up their raids, especially targeting merchant caravans along the trade routes."
LFM2.5 1.2B ,0.008,434.129,11,29,0.072,959,0.008,1,Where is the hidden shrine of the water goddess?,"The hidden shrine is said to be nestled deep within the misty caves of the Whispering Falls, guarded by ancient spirits."
LFM2.5 1.2B ,0.010,442.530,72,29,0.074,321,0.010,1,"I'm searching for a rare herb known as kingsfoil, supposedly growing only where the moonlight hits the ancient ruins of Eldoria. I've asked every merchant in the bazaar, but none possess it. Does anyone in this village venture deep enough into the enchanted forest to harvest such dangerous flora, or am I wasting my time here?","The village is safe from the shadow army, but the forest holds its own secrets. I’ll need to explore further before you find the herb."
LFM2.5 1.2B ,0.011,446.045,67,40,0.099,437,0.011,1,"I just arrived from the capital, and the journey was fraught with perilous encounters. Bandits ambushed us near the river crossing, and strange howling kept us awake at night. We barely made it here with our lives. Do you know if the local guard is planning to secure the main trade routes anytime soon?","The guard is indeed preparing defenses, but their focus remains on the eastern pass. They’ll likely strengthen patrols before the next moon cycle. Stay alert, traveler—trust no one too quickly."
LFM2.5 1.2B ,0.012,453.838,69,64,0.151,578,0.012,1,My companions and I are tracking a notorious thief who stole a sacred relic from the high temple. He was last seen heading towards this settlement wearing a tattered crimson cloak and walking with a pronounced limp. Have you noticed anyone matching that description passing through the gates or staying at the local inn over the last three days?,"I haven’t seen anyone quite like that yet, but the innkeeper did mention a weary traveler with a limp came in yesterday, claiming he was fleeing from something. He spoke in hushed tones and left no clear details. Keep your wits about you—this could be more than just a coincidence."
LFM2.5 1.2B ,0.012,449.051,73,63,0.150,724,0.012,1,"I hold a letter bearing the royal seal, meant only for the eyes of the Duke. However, I've heard troubling rumors that the Duke's court has been infiltrated by spies from the rival kingdom, making it dangerous to approach the keep directly. Is there a trusted intermediary in this town who can guarantee safe passage for this missive?","There is a trusted messenger named Elara who travels the roads under cover of night. She’s sworn to secrecy and has a reputation for delivering urgent letters without incident. She’ll need to be careful, though—spies are always watching. Ask her if she can pass through the eastern market at dawn."
LFM2.5 1.2B ,0.013,451.859,77,64,0.153,873,0.013,1,"The mayor offered me a substantial bounty to clear out the goblin encampment to the west, but I suspect he's not telling me the whole truth. The tracks I found suggest a much larger force, perhaps even an organized hobgoblin warband. What can you tell me about the recent attacks, and is the mayor known to understate local threats?","The mayor has indeed been vague about the situation—recent raids have been frequent, and whispers say the goblin encampment is far from the only danger. He’s known to downplay threats to keep the populace calm, but the tracks you found point to something far more organized. Stick close and"
LFM2.5 1.2B ,0.012,455.106,82,64,0.151,1028,0.012,1,"I've been cursed by a swamp hag after I accidentally disturbed her ritual circle. Now, every time I try to sleep, I suffer from horrific nightmares and wake up with strange, dark bruises on my arms. The local priest's blessings had no effect. Do you know of any skilled hedge wizards or alchemists nearby who specialize in removing dark afflictions?","There’s a reclusive healer in the northern woods who’s rumored to have the power to cleanse curses. She’s cautious and rarely speaks, but she’ll accept a small payment for her services. She’s been warned not to approach the hag’s swamp—its mists are thick with old magic"
LFM2.5 1.2B ,0.012,455.034,75,64,0.151,1176,0.012,1,"We found an ancient stone tablet buried in the rubble of the fallen watchtower, covered in glowing runes that none of our scholars can decipher. Every time we bring it near a magical fire, the flames turn a bright, unnatural blue. Is there a resident mage or a learned historian in this settlement who might understand old Elven magic?","One of the scholars here, a quiet man named Thalor, has spent years studying ancient texts. He’s been warned about the tablet’s power, but he’s convinced it holds a key to unlocking its secrets. He’ll need time and caution, but he might just be the only one who can decipher"
LFM2.5 1.2B ,0.012,452.567,75,64,0.152,1324,0.012,1,"The harvest festival is approaching, but I noticed the grain silos are nearly empty and the farmers look terrified. A local boy mentioned that a massive, winged shadow was seen carrying off entire sheep in the dead of night. Are you dealing with a dragon, a manticore, or something else entirely, and why hasn't the militia done anything about it?","The shadow is too large for any known beast, and the lack of militia action suggests it’s not a simple predator. It’s likely a creature drawn by magic—perhaps a wraith or a corrupted elemental. The villagers are too afraid to confront it, so no one’s daring enough to act. Stay"
LFM2.5 1.2B ,0.013,451.846,74,64,0.152,1471,0.013,1,"I am looking to charter a ship to sail across the Whispering Sea, but every captain I speak to refuses the coin, claiming the waters are currently cursed by the drowned king. I need to reach the island of Karth before the lunar eclipse. Who is the bravest or perhaps the most desperate shipmaster currently docked in the harbor?","The bravest shipmaster in the harbor is a grizzled old sailor named Marcellus, who’s been sailing alone for years. He’s desperate to reach Karth before the eclipse, but his ship is worn and his crew is growing restless. He’ll take a risk to see you through, but"
LFM2.5 1.2B ,0.013,455.139,75,64,0.151,1619,0.013,1,"A mysterious patron hired me to explore the crypts beneath the old cathedral, promising vast riches, but I found nothing but animated skeletons and deadly dart traps. I barely escaped. I suspect my patron intended for me to perish down there. Have you ever heard of a tall nobleman with a silver cane hiring adventurers for suicide missions in the crypts?","There is a notorious nobleman named Veyra, known for her ruthless ambition. She’s hired adventurers to clear her name and claim the treasure hidden in the crypts—even if it means sacrificing them all. She’s ruthless, but she’ll pay top coin for a job well done"
LFM2.5 1.2B ,0.013,450.679,70,64,0.152,1762,0.013,1,"I wish to join the legendary fighting tournament held in the arena next week, but the registrar claims I need sponsorship from a recognized noble house or a prominent guild to even enter the qualifiers. I have no connections in this city, only my skill with a blade. How does a foreign warrior go about securing a sponsor around here?","A foreign warrior can still make a splash by offering a compelling story—perhaps you’ve fought in a distant land and have tales of valor to share. Approach the registrar with confidence, explain your reputation, and offer a small honor or gift in exchange for sponsorship. If you can prove your skill in a du"
LFM2.5 1.2B ,0.013,450.159,71,64,0.153,1906,0.013,1,"My family's ancestral sword was taken by a corrupt tax collector who claimed it was payment for debts we never owed. I tracked his carriage to this town, but the locals are too frightened of his hired thugs to point me in the right direction. If I promise to cause no trouble in the streets, can you tell me where he is staying?","The tax collector’s men are hiding in the shadowed alleys near the river, but they’re wary of outsiders. If you promise to keep your word and avoid causing any alarm, you might be able to find him in the inn’s back room or among the town’s blacksmiths. Just be sure"
LFM2.5 1.2B ,0.013,440.394,77,63,0.154,2056,0.013,1,"I have traveled far across the shifting sands of the eastern desert to find the fabled Oasis of Truth, where it is said a reflection in the water can reveal a person's true destiny. I have a map, but the landmarks don't match the current dunes. Are there any seasoned desert trackers or nomadic guides resting in the bazaar who could assist?","There’s a seasoned guide named Zahra, who rides the wind across the dunes and knows every hidden oasis. She’s been tracking lost travelers for years and might know the desert’s shifting paths. She’ll need a small bribe or a promise of safe passage to help you find the truth."
LFM2.5 1.2B ,0.013,448.214,74,64,0.154,2202,0.013,1,"The mines have been shut down for two weeks, and the local economy is clearly suffering. A frightened miner told me they broke through a wall into a forgotten underground temple and awakened something that whispers in the dark. I specialize in dealing with subterranean horrors. Who holds the authority to grant me permission to enter the quarantined mining shafts?","The mine overseer, a stern man named Goran, is the one who decides who may enter the quarantined shafts. He’s been tight-lipped about the temple’s secrets, but he’ll consider you if you prove your worth—perhaps by offering a bribe or a promise to uncover a valuable find"
LFM2.5 1.2B ,0.014,448.948,76,64,0.154,2351,0.014,1,"I'm carrying highly volatile alchemical supplies meant for the war front, but my wagon threw a wheel on the rocky path just outside of town. If those vials sit in the midday sun for too long, they will detonate and level half this street. I need a master wainwright and a shaded warehouse immediately. Can you point me to the right people?","The master wainwright is a gruff but fair man named Thrain, who knows every corner of the city and can guide you to a secure warehouse. He’ll need you to promise not to cause any damage—especially to the volatile supplies. For the alchemical vials, you should ask him to escort them"
LFM2.5 1.2B ,0.014,448.327,83,64,0.155,2507,0.014,1,"A bard in the previous village sang a ballad about a legendary forge hidden inside the caldera of Mount Cinder, where weapons of pure star-metal were supposedly crafted for the ancient gods. I have acquired a piece of fallen star-metal, but I need to know if the path up the mountain is passable, or if it is guarded by fire elementals as the song claims.","The bard’s tale is likely a mix of myth and local legend, but the path up Mount Cinder is indeed treacherous—fire elementals patrol the slopes, guarding the forge. If you’re determined, you’ll need a sturdy guide who knows the mountain’s secrets. Ask Thrain for a map"
MiniCPM5 1B,0.010,342.848,11,12,0.042,245,0.010,1,Where can I find the nearest blacksmith in this town?,I cannot search for locations or provide information about nearby businesses.
MiniCPM5 1B,0.011,351.149,11,16,0.054,286,0.011,1,Have you seen any strange creatures in the woods lately?,I do not have personal experiences or the ability to see creatures in the woods.
MiniCPM5 1B,0.011,336.133,12,11,0.040,323,0.011,1,I need a healing potion. What is your best price?,I do not have a price for healing potions.
MiniCPM5 1B,0.011,348.067,13,12,0.042,362,0.011,1,"Point me to the local tavern, friend. I am thirsty.",I cannot search for local businesses or provide information about them.
MiniCPM5 1B,0.010,348.089,9,13,0.045,398,0.010,1,Do you know who currently rules this kingdom?,I do not have information about the current ruler of this kingdom.
MiniCPM5 1B,0.011,363.936,12,18,0.057,442,0.011,1,Tell me the rumor about the abandoned castle on the hill.,I do not have information about the rumors or legends of the abandoned castle on the hill.
MiniCPM5 1B,0.011,362.106,13,17,0.055,486,0.011,1,I am looking for work. Are there any bounties available?,I do not have information about bounties or any work opportunities available in this area.
MiniCPM5 1B,0.011,348.100,9,14,0.048,523,0.011,1,What dangers lie beyond the snowy northern mountains?,I do not have information about the dangers beyond the snowy northern mountains.
MiniCPM5 1B,0.011,355.667,10,14,0.047,561,0.011,1,Who is the captain of the town guard here?,I do not have information about the captain of the town guard here.
MiniCPM5 1B,0.011,345.030,10,10,0.037,595,0.011,1,Can you teach me how to pick locks safely?,I cannot teach you how to pick locks safely.
MiniCPM5 1B,0.011,341.871,15,10,0.037,634,0.011,1,I've brought the goblin ears you requested. Here is the bag.,I cannot teach you how to pick locks safely.
MiniCPM5 1B,0.010,365.439,10,16,0.051,674,0.010,1,What gods do the people of this village worship?,I do not have information about the gods worshipped by the people of this village.
MiniCPM5 1B,0.011,365.353,11,16,0.052,715,0.011,1,Is it safe to travel the main roads at night?,I do not have information about the safety of traveling the main roads at night.
MiniCPM5 1B,0.011,361.077,13,15,0.049,757,0.011,1,"Sell me your finest sword, I have plenty of gold.",I do not have a sword to sell or any other items to sell.
MiniCPM5 1B,0.011,363.798,11,15,0.049,797,0.011,1,Have the bandits been causing trouble for the merchants recently?,I do not have information about the bandits causing trouble for the merchants recently.
MiniCPM5 1B,0.011,365.464,10,17,0.054,838,0.011,1,Where is the hidden shrine of the water goddess?,I do not have information about the location of the hidden shrine of the water goddess.
MiniCPM5 1B,0.014,416.937,67,64,0.165,352,0.014,1,"I'm searching for a rare herb known as kingsfoil, supposedly growing only where the moonlight hits the ancient ruins of Eldoria. I've asked every merchant in the bazaar, but none possess it. Does anyone in this village venture deep enough into the enchanted forest to harvest such dangerous flora, or am I wasting my time here?","Garrick, rules, the Dark Lands  
Garrick, commands, the shadow army  
Garrick, wields, dark magic  
Garrick, seeks, world domination  
Garrick, hates, Torin  
Garrick, resides in, the Obsidian Fortress  
Garrick,"
MiniCPM5 1B,0.015,420.904,62,64,0.164,492,0.015,1,"I just arrived from the capital, and the journey was fraught with perilous encounters. Bandits ambushed us near the river crossing, and strange howling kept us awake at night. We barely made it here with our lives. Do you know if the local guard is planning to secure the main trade routes anytime soon?","Garrick, rules, the Dark Lands  
Garrick, commands, the shadow army  
Garrick, wields, dark magic  
Garrick, seeks, world domination  
Garrick, hates, Torin  
Garrick, resides in, the Obsidian Fortress  
Garrick,"
MiniCPM5 1B,0.015,420.844,62,64,0.164,632,0.015,1,My companions and I are tracking a notorious thief who stole a sacred relic from the high temple. He was last seen heading towards this settlement wearing a tattered crimson cloak and walking with a pronounced limp. Have you noticed anyone matching that description passing through the gates or staying at the local inn over the last three days?,"Garrick, rules, the Dark Lands  
Garrick, commands, the shadow army  
Garrick, wields, dark magic  
Garrick, seeks, world domination  
Garrick, hates, Torin  
Garrick, resides in, the Obsidian Fortress  
Garrick,"
MiniCPM5 1B,0.016,425.820,67,64,0.164,777,0.016,1,"I hold a letter bearing the royal seal, meant only for the eyes of the Duke. However, I've heard troubling rumors that the Duke's court has been infiltrated by spies from the rival kingdom, making it dangerous to approach the keep directly. Is there a trusted intermediary in this town who can guarantee safe passage for this missive?","Garrick, rules, the Dark Lands  
Garrick, commands, the shadow army  
Garrick, wields, dark magic  
Garrick, seeks, world domination  
Garrick, hates, Torin  
Garrick, resides in, the Obsidian Fortress  
Garrick,"
MiniCPM5 1B,0.015,422.213,73,64,0.164,928,0.015,1,"The mayor offered me a substantial bounty to clear out the goblin encampment to the west, but I suspect he's not telling me the whole truth. The tracks I found suggest a much larger force, perhaps even an organized hobgoblin warband. What can you tell me about the recent attacks, and is the mayor known to understate local threats?","Garrick, rules, the Dark Lands  
Garrick, commands, the shadow army  
Garrick, wields, dark magic  
Garrick, seeks, world domination  
Garrick, hates, Torin  
Garrick, resides in, the Obsidian Fortress  
Garrick,"
MiniCPM5 1B,0.015,426.164,72,64,0.163,1078,0.015,1,"I've been cursed by a swamp hag after I accidentally disturbed her ritual circle. Now, every time I try to sleep, I suffer from horrific nightmares and wake up with strange, dark bruises on my arms. The local priest's blessings had no effect. Do you know of any skilled hedge wizards or alchemists nearby who specialize in removing dark afflictions?","Garrick, rules, the Dark Lands  
Garrick, commands, the shadow army  
Garrick, wields, dark magic  
Garrick, seeks, world domination  
Garrick, hates, Torin  
Garrick, resides in, the Obsidian Fortress  
Garrick,"
MiniCPM5 1B,0.016,428.449,69,64,0.163,1225,0.016,1,"We found an ancient stone tablet buried in the rubble of the fallen watchtower, covered in glowing runes that none of our scholars can decipher. Every time we bring it near a magical fire, the flames turn a bright, unnatural blue. Is there a resident mage or a learned historian in this settlement who might understand old Elven magic?","Garrick, rules, the Dark Lands  
Garrick, commands, the shadow army  
Garrick, wields, dark magic  
Garrick, seeks, world domination  
Garrick, hates, Torin  
Garrick, resides in, the Obsidian Fortress  
Garrick,"
MiniCPM5 1B,0.016,430.948,72,64,0.162,1375,0.016,1,"The harvest festival is approaching, but I noticed the grain silos are nearly empty and the farmers look terrified. A local boy mentioned that a massive, winged shadow was seen carrying off entire sheep in the dead of night. Are you dealing with a dragon, a manticore, or something else entirely, and why hasn't the militia done anything about it?","Garrick, rules, the Dark Lands  
Garrick, commands, the shadow army  
Garrick, wields, dark magic  
Garrick, seeks, world domination  
Garrick, hates, Torin  
Garrick, resides in, the Obsidian Fortress  
Garrick,"
MiniCPM5 1B,0.016,425.136,69,64,0.164,1522,0.016,1,"I am looking to charter a ship to sail across the Whispering Sea, but every captain I speak to refuses the coin, claiming the waters are currently cursed by the drowned king. I need to reach the island of Karth before the lunar eclipse. Who is the bravest or perhaps the most desperate shipmaster currently docked in the harbor?","Garrick, rules, the Dark Lands  
Garrick, commands, the shadow army  
Garrick, wields, dark magic  
Garrick, seeks, world domination  
Garrick, hates, Torin  
Garrick, resides in, the Obsidian Fortress  
Garrick,"
MiniCPM5 1B,0.017,428.296,69,64,0.164,1669,0.017,1,"A mysterious patron hired me to explore the crypts beneath the old cathedral, promising vast riches, but I found nothing but animated skeletons and deadly dart traps. I barely escaped. I suspect my patron intended for me to perish down there. Have you ever heard of a tall nobleman with a silver cane hiring adventurers for suicide missions in the crypts?","Garrick, rules, the Dark Lands  
Garrick, commands, the shadow army  
Garrick, wields, dark magic  
Garrick, seeks, world domination  
Garrick, hates, Torin  
Garrick, resides in, the Obsidian Fortress  
Garrick,"
MiniCPM5 1B,0.017,425.479,66,64,0.165,1813,0.017,1,"I wish to join the legendary fighting tournament held in the arena next week, but the registrar claims I need sponsorship from a recognized noble house or a prominent guild to even enter the qualifiers. I have no connections in this city, only my skill with a blade. How does a foreign warrior go about securing a sponsor around here?","Garrick, rules, the Dark Lands  
Garrick, commands, the shadow army  
Garrick, wields, dark magic  
Garrick, seeks, world domination  
Garrick, hates, Torin  
Garrick, resides in, the Obsidian Fortress  
Garrick,"
MiniCPM5 1B,0.017,422.820,69,64,0.166,1960,0.017,1,"My family's ancestral sword was taken by a corrupt tax collector who claimed it was payment for debts we never owed. I tracked his carriage to this town, but the locals are too frightened of his hired thugs to point me in the right direction. If I promise to cause no trouble in the streets, can you tell me where he is staying?","Garrick, rules, the Dark Lands  
Garrick, commands, the shadow army  
Garrick, wields, dark magic  
Garrick, seeks, world domination  
Garrick, hates, Torin  
Garrick, resides in, the Obsidian Fortress  
Garrick,"
MiniCPM5 1B,0.017,415.164,73,64,0.169,2111,0.017,1,"I have traveled far across the shifting sands of the eastern desert to find the fabled Oasis of Truth, where it is said a reflection in the water can reveal a person's true destiny. I have a map, but the landmarks don't match the current dunes. Are there any seasoned desert trackers or nomadic guides resting in the bazaar who could assist?","Garrick, rules, the Dark Lands  
Garrick, commands, the shadow army  
Garrick, wields, dark magic  
Garrick, seeks, world domination  
Garrick, hates, Torin  
Garrick, resides in, the Obsidian Fortress  
Garrick,"
MiniCPM5 1B,0.018,417.803,67,64,0.169,2256,0.018,1,"The mines have been shut down for two weeks, and the local economy is clearly suffering. A frightened miner told me they broke through a wall into a forgotten underground temple and awakened something that whispers in the dark. I specialize in dealing with subterranean horrors. Who holds the authority to grant me permission to enter the quarantined mining shafts?","Garrick, rules, the Dark Lands  
Garrick, commands, the shadow army  
Garrick, wields, dark magic  
Garrick, seeks, world domination  
Garrick, hates, Torin  
Garrick, resides in, the Obsidian Fortress  
Garrick,"
MiniCPM5 1B,0.018,414.368,73,64,0.170,2407,0.018,1,"I'm carrying highly volatile alchemical supplies meant for the war front, but my wagon threw a wheel on the rocky path just outside of town. If those vials sit in the midday sun for too long, they will detonate and level half this street. I need a master wainwright and a shaded warehouse immediately. Can you point me to the right people?","Garrick, rules, the Dark Lands  
Garrick, commands, the shadow army  
Garrick, wields, dark magic  
Garrick, seeks, world domination  
Garrick, hates, Torin  
Garrick, resides in, the Obsidian Fortress  
Garrick,"
MiniCPM5 1B,0.018,411.610,76,64,0.171,2561,0.018,1,"A bard in the previous village sang a ballad about a legendary forge hidden inside the caldera of Mount Cinder, where weapons of pure star-metal were supposedly crafted for the ancient gods. I have acquired a piece of fallen star-metal, but I need to know if the path up the mountain is passable, or if it is guarded by fire elementals as the song claims.","Garrick, rules, the Dark Lands  
Garrick, commands, the shadow army  
Garrick, wields, dark magic  
Garrick, seeks, world domination  
Garrick, hates, Torin  
Garrick, resides in, the Obsidian Fortress  
Garrick,"
Bonsai 4B,0.017,221.229,12,31,0.153,254,0.017,1,Where can I find the nearest blacksmith in this town?,I cannot provide information about blacksmiths or locations in this town. My knowledge is limited to the facts related to the Evil King and the Dark Lands.
Bonsai 4B,0.018,231.744,11,35,0.165,314,0.018,1,Have you seen any strange creatures in the woods lately?,"I have not seen any strange creatures in the woods lately. The Dark Lands are filled with shadows and unnatural forces, but I have not observed any creatures beyond the known realms."
Bonsai 4B,0.017,235.544,12,21,0.102,361,0.017,1,I need a healing potion. What is your best price?,I cannot provide a price for healing potions. I am an Evil King and do not sell such items.
Bonsai 4B,0.017,244.743,13,22,0.102,410,0.017,1,"Point me to the local tavern, friend. I am thirsty.",I cannot point you to a local tavern. I am an Evil King and do not operate in this town.
Bonsai 4B,0.017,247.925,9,23,0.106,456,0.017,1,Do you know who currently rules this kingdom?,I do not know who currently rules this kingdom. My knowledge is limited to the Dark Lands and the Shadow Army.
Bonsai 4B,0.016,247.785,12,35,0.153,517,0.016,1,Tell me the rumor about the abandoned castle on the hill.,"There is a rumor that the abandoned castle on the hill is haunted by a spectral knight who once fought the Evil King. Some say he still walks the halls, seeking vengeance."
Bonsai 4B,0.017,240.483,14,26,0.121,571,0.017,1,I am looking for work. Are there any bounties available?,I do not know if there are any bounties available. My knowledge is focused on the Evil King and the Shadow Army.
Bonsai 4B,0.017,242.009,9,38,0.170,632,0.017,1,What dangers lie beyond the snowy northern mountains?,"Beyond the snowy northern mountains, the land is shrouded in darkness and ancient curses. The Dark Lands stretch beyond, where the Shadow Army roams and world domination is a constant threat."
Bonsai 4B,0.017,238.090,10,26,0.122,682,0.017,1,Who is the captain of the town guard here?,I do not know who the captain of the town guard is. My knowledge is limited to the Evil King and the Shadow Army.
Bonsai 4B,0.017,236.659,10,23,0.110,729,0.017,1,Can you teach me how to pick locks safely?,I cannot teach you how to pick locks safely. My knowledge is focused on the Evil King and the Shadow Army.
Bonsai 4B,0.018,231.044,15,24,0.117,782,0.018,1,I've brought the goblin ears you requested. Here is the bag.,I do not know how to use goblin ears. My knowledge is limited to the Evil King and the Shadow Army.
Bonsai 4B,0.018,232.682,10,28,0.134,834,0.018,1,What gods do the people of this village worship?,I do not know the gods worshipped by the people of this village. My knowledge is limited to the Evil King and the Shadow Army.
Bonsai 4B,0.018,233.161,11,25,0.121,884,0.018,1,Is it safe to travel the main roads at night?,"Traveling the main roads at night is dangerous. The Dark Lands stretch beyond, and the Shadow Army moves through the shadows."
Bonsai 4B,0.018,228.701,12,19,0.097,929,0.018,1,"Sell me your finest sword, I have plenty of gold.",I do not sell swords. My knowledge is limited to the Evil King and the Shadow Army.
Bonsai 4B,0.018,234.354,12,32,0.151,987,0.018,1,Have the bandits been causing trouble for the merchants recently?,"Yes, the bandits have been causing trouble for the merchants recently. They roam the northern paths, targeting caravans and robbing them of their goods."
Bonsai 4B,0.018,231.317,10,28,0.135,1039,0.018,1,Where is the hidden shrine of the water goddess?,I do not know the location of the hidden shrine of the water goddess. My knowledge is limited to the Evil King and the Shadow Army.
Bonsai 4B,0.028,247.327,68,40,0.186,319,0.028,1,"I'm searching for a rare herb known as kingsfoil, supposedly growing only where the moonlight hits the ancient ruins of Eldoria. I've asked every merchant in the bazaar, but none possess it. Does anyone in this village venture deep enough into the enchanted forest to harvest such dangerous flora, or am I wasting my time here?","I have no knowledge of kingsfoil or the enchanted forest of Eldoria. The Dark Lands do not contain such a rare herb, and no one in this village ventures into the forest to harvest it."
Bonsai 4B,0.030,247.706,64,46,0.212,443,0.030,1,"I just arrived from the capital, and the journey was fraught with perilous encounters. Bandits ambushed us near the river crossing, and strange howling kept us awake at night. We barely made it here with our lives. Do you know if the local guard is planning to secure the main trade routes anytime soon?","I do not know about the guard's plans or any upcoming security measures for the trade routes. The Dark Lands are ruled by Garrick, who seeks world domination and does not appear to be concerned with trade routes or guard patrols."
Bonsai 4B,0.031,241.992,63,50,0.234,570,0.031,1,My companions and I are tracking a notorious thief who stole a sacred relic from the high temple. He was last seen heading towards this settlement wearing a tattered crimson cloak and walking with a pronounced limp. Have you noticed anyone matching that description passing through the gates or staying at the local inn over the last three days?,"I have not observed anyone matching the description of a tattered crimson cloak or a pronounced limp passing through the gates or staying at the inn. The Obsidian Fortress is under Garrick’s control, and no such individual has been recorded in the village."
Bonsai 4B,0.034,240.300,68,36,0.180,688,0.034,1,"I hold a letter bearing the royal seal, meant only for the eyes of the Duke. However, I've heard troubling rumors that the Duke's court has been infiltrated by spies from the rival kingdom, making it dangerous to approach the keep directly. Is there a trusted intermediary in this town who can guarantee safe passage for this missive?","I have no information about trusted intermediaries or the Duke’s court’s security. The keep is guarded by Garrick, who does not allow safe passage for uninvited messages."
Bonsai 4B,0.036,234.931,73,46,0.227,821,0.036,1,"The mayor offered me a substantial bounty to clear out the goblin encampment to the west, but I suspect he's not telling me the whole truth. The tracks I found suggest a much larger force, perhaps even an organized hobgoblin warband. What can you tell me about the recent attacks, and is the mayor known to understate local threats?","I have no knowledge of goblin attacks or the mayor’s involvement in them. The tracks suggest a larger force, but no official reports or records confirm such activity. The mayor is not known to understate threats in this region."
Bonsai 4B,0.035,233.993,73,40,0.202,948,0.035,1,"I've been cursed by a swamp hag after I accidentally disturbed her ritual circle. Now, every time I try to sleep, I suffer from horrific nightmares and wake up with strange, dark bruises on my arms. The local priest's blessings had no effect. Do you know of any skilled hedge wizards or alchemists nearby who specialize in removing dark afflictions?","I do not know of any hedge wizards or alchemists who specialize in removing dark afflictions. The curse is tied to the swamp hag’s ritual, and no known practitioners have addressed it."
Bonsai 4B,0.035,234.144,67,44,0.219,1073,0.035,1,"We found an ancient stone tablet buried in the rubble of the fallen watchtower, covered in glowing runes that none of our scholars can decipher. Every time we bring it near a magical fire, the flames turn a bright, unnatural blue. Is there a resident mage or a learned historian in this settlement who might understand old Elven magic?","I have no knowledge of a resident mage or a learned historian who specializes in Elven magic. The glowing runes and blue flames suggest a dangerous, ancient spell, but no one in this settlement has studied or interpreted them."
Bonsai 4B,0.037,232.231,73,38,0.196,1198,0.037,1,"The harvest festival is approaching, but I noticed the grain silos are nearly empty and the farmers look terrified. A local boy mentioned that a massive, winged shadow was seen carrying off entire sheep in the dead of night. Are you dealing with a dragon, a manticore, or something else entirely, and why hasn't the militia done anything about it?","I do not know if the shadow was a dragon, manticore, or something else entirely. The militia has not responded because no official sighting or threat has been confirmed by the guard."
Bonsai 4B,0.037,230.151,69,41,0.211,1322,0.037,1,"I am looking to charter a ship to sail across the Whispering Sea, but every captain I speak to refuses the coin, claiming the waters are currently cursed by the drowned king. I need to reach the island of Karth before the lunar eclipse. Who is the bravest or perhaps the most desperate shipmaster currently docked in the harbor?","I have no information about shipmasters or their willingness to charter vessels. The Whispering Sea is rumored to be cursed, but no captain has been recorded as brave or desperate enough to sail under those conditions."
Bonsai 4B,0.037,230.413,70,44,0.224,1450,0.037,1,"A mysterious patron hired me to explore the crypts beneath the old cathedral, promising vast riches, but I found nothing but animated skeletons and deadly dart traps. I barely escaped. I suspect my patron intended for me to perish down there. Have you ever heard of a tall nobleman with a silver cane hiring adventurers for suicide missions in the crypts?","I have not heard of a tall nobleman with a silver cane hiring adventurers for suicide missions. The crypts beneath the cathedral are known for traps and animated remains, but no such patron or specific request has been documented."
Bonsai 4B,0.037,220.472,65,36,0.196,1565,0.037,1,"I wish to join the legendary fighting tournament held in the arena next week, but the registrar claims I need sponsorship from a recognized noble house or a prominent guild to even enter the qualifiers. I have no connections in this city, only my skill with a blade. How does a foreign warrior go about securing a sponsor around here?","There is no known registry or system that allows foreign warriors to enter the tournament qualifiers without sponsorship from a noble house or guild. Without such ties, entry is not recognized or permitted."
Bonsai 4B,0.038,222.010,69,35,0.191,1683,0.038,1,"My family's ancestral sword was taken by a corrupt tax collector who claimed it was payment for debts we never owed. I tracked his carriage to this town, but the locals are too frightened of his hired thugs to point me in the right direction. If I promise to cause no trouble in the streets, can you tell me where he is staying?","I have no knowledge of the tax collector’s current location or his caravan. The locals are too afraid to reveal it, and no such individual has been recorded in this town."
Bonsai 4B,0.039,218.221,73,37,0.204,1807,0.039,1,"I have traveled far across the shifting sands of the eastern desert to find the fabled Oasis of Truth, where it is said a reflection in the water can reveal a person's true destiny. I have a map, but the landmarks don't match the current dunes. Are there any seasoned desert trackers or nomadic guides resting in the bazaar who could assist?",I have no information about seasoned desert trackers or nomadic guides in the bazaar. The shifting sands and mismatched landmarks suggest the Oasis may no longer exist or be hidden from sight.
Bonsai 4B,0.040,219.186,70,38,0.209,1929,0.040,1,"The mines have been shut down for two weeks, and the local economy is clearly suffering. A frightened miner told me they broke through a wall into a forgotten underground temple and awakened something that whispers in the dark. I specialize in dealing with subterranean horrors. Who holds the authority to grant me permission to enter the quarantined mining shafts?","I do not know who holds the authority to grant entry to the quarantined shafts. The mines are under strict closure, and no official permit or authority has been issued for exploration."
Bonsai 4B,0.040,215.282,75,42,0.231,2060,0.040,1,"I'm carrying highly volatile alchemical supplies meant for the war front, but my wagon threw a wheel on the rocky path just outside of town. If those vials sit in the midday sun for too long, they will detonate and level half this street. I need a master wainwright and a shaded warehouse immediately. Can you point me to the right people?","I do not know of a master wainwright or a shaded warehouse in this town. The alchemical supplies are unstable, and no one has been recorded as capable of repairing them or providing such a facility."
Bonsai 4B,0.042,212.971,76,39,0.220,2189,0.042,1,"A bard in the previous village sang a ballad about a legendary forge hidden inside the caldera of Mount Cinder, where weapons of pure star-metal were supposedly crafted for the ancient gods. I have acquired a piece of fallen star-metal, but I need to know if the path up the mountain is passable, or if it is guarded by fire elementals as the song claims.",The path up Mount Cinder is uncharted and not known to be passable. There are no records of fire elementals guarding the caldera or the forge. The song is likely a myth.
Qwen3.5 0.8B,0.010,286.491,12,25,0.094,260,0.010,1,Where can I find the nearest blacksmith in this town?,"I am not in a town, but I am in the Obsidian Fortress. I do not have a blacksmith nearby."
Qwen3.5 0.8B,0.012,295.953,11,30,0.110,315,0.012,1,Have you seen any strange creatures in the woods lately?,"No, I have not seen any strange creatures in the woods. I am in the Obsidian Fortress, and I do not interact with the wild."
Qwen3.5 0.8B,0.011,283.406,12,15,0.061,356,0.011,1,I need a healing potion. What is your best price?,"I cannot sell potions. I am an NPC, not a shopkeeper."
Qwen3.5 0.8B,0.012,283.604,13,15,0.061,398,0.012,1,"Point me to the local tavern, friend. I am thirsty.",I am not in a tavern. I am in the Obsidian Fortress.
Qwen3.5 0.8B,0.011,297.541,9,26,0.095,447,0.011,1,Do you know who currently rules this kingdom?,"No, I do not know who rules this kingdom. I am an NPC named Garrick, and I am not a ruler."
Qwen3.5 0.8B,0.012,291.593,12,17,0.067,490,0.012,1,Tell me the rumor about the abandoned castle on the hill.,There is no such castle on the hill. I am in the Obsidian Fortress.
Qwen3.5 0.8B,0.012,287.049,14,16,0.064,534,0.012,1,I am looking for work. Are there any bounties available?,I do not know who is looking for work. I am not a merchant.
Qwen3.5 0.8B,0.012,297.607,9,22,0.082,579,0.012,1,What dangers lie beyond the snowy northern mountains?,"The northern mountains are dangerous, but I am not in the mountains. I am in the Obsidian Fortress."
Qwen3.5 0.8B,0.012,288.208,10,15,0.060,618,0.012,1,Who is the captain of the town guard here?,I am not in the town. I am in the Obsidian Fortress.
Qwen3.5 0.8B,0.011,285.135,10,13,0.053,655,0.011,1,Can you teach me how to pick locks safely?,I am not in the town. I am not a teacher.
Qwen3.5 0.8B,0.012,286.698,15,15,0.061,699,0.012,1,I've brought the goblin ears you requested. Here is the bag.,I am not in a bag. I am in the Obsidian Fortress.
Qwen3.5 0.8B,0.011,289.073,10,15,0.060,738,0.011,1,What gods do the people of this village worship?,I am not in the village. I am in the Obsidian Fortress.
Qwen3.5 0.8B,0.012,290.882,11,21,0.081,784,0.012,1,Is it safe to travel the main roads at night?,"No, it is not safe to travel the main roads at night. I am not in the town."
Qwen3.5 0.8B,0.012,283.450,12,13,0.054,823,0.012,1,"Sell me your finest sword, I have plenty of gold.",I am not in a town. I am not a merchant.
Qwen3.5 0.8B,0.012,297.450,12,21,0.079,870,0.012,1,Have the bandits been causing trouble for the merchants recently?,"No, the bandits have not been causing trouble for the merchants. I am not in the town."
Qwen3.5 0.8B,0.012,289.518,10,15,0.060,909,0.012,1,Where is the hidden shrine of the water goddess?,I am not in the town. I am in the Obsidian Fortress.
Qwen3.5 0.8B,0.015,309.901,68,35,0.124,326,0.015,1,"I'm searching for a rare herb known as kingsfoil, supposedly growing only where the moonlight hits the ancient ruins of Eldoria. I've asked every merchant in the bazaar, but none possess it. Does anyone in this village venture deep enough into the enchanted forest to harvest such dangerous flora, or am I wasting my time here?","I am not a merchant, nor do I venture deep into the enchanted forest to harvest such dangerous flora. I reside in the Obsidian Fortress and do not possess kingsfoil."
Qwen3.5 0.8B,0.017,310.759,64,30,0.111,434,0.017,1,"I just arrived from the capital, and the journey was fraught with perilous encounters. Bandits ambushed us near the river crossing, and strange howling kept us awake at night. We barely made it here with our lives. Do you know if the local guard is planning to secure the main trade routes anytime soon?",The local guard is not planning to secure the main trade routes anytime soon. I am a Dark Lord and do not work for the merchant guilds.
Qwen3.5 0.8B,0.017,307.002,63,25,0.095,536,0.017,1,My companions and I are tracking a notorious thief who stole a sacred relic from the high temple. He was last seen heading towards this settlement wearing a tattered crimson cloak and walking with a pronounced limp. Have you noticed anyone matching that description passing through the gates or staying at the local inn over the last three days?,I have not seen anyone matching that description. The thief is a dark lord and does not work for the merchant guilds.
Qwen3.5 0.8B,0.018,318.909,68,33,0.118,651,0.018,1,"I hold a letter bearing the royal seal, meant only for the eyes of the Duke. However, I've heard troubling rumors that the Duke's court has been infiltrated by spies from the rival kingdom, making it dangerous to approach the keep directly. Is there a trusted intermediary in this town who can guarantee safe passage for this missive?",There is no trusted intermediary in this town who can guarantee safe passage for this missive. I am a Dark Lord and do not work for the merchant guilds.
Qwen3.5 0.8B,0.018,313.570,73,26,0.098,764,0.018,1,"The mayor offered me a substantial bounty to clear out the goblin encampment to the west, but I suspect he's not telling me the whole truth. The tracks I found suggest a much larger force, perhaps even an organized hobgoblin warband. What can you tell me about the recent attacks, and is the mayor known to understate local threats?",The mayor is not known to understate local threats. I am a Dark Lord and do not work for the merchant guilds.
Qwen3.5 0.8B,0.018,318.581,72,37,0.131,887,0.018,1,"I've been cursed by a swamp hag after I accidentally disturbed her ritual circle. Now, every time I try to sleep, I suffer from horrific nightmares and wake up with strange, dark bruises on my arms. The local priest's blessings had no effect. Do you know of any skilled hedge wizards or alchemists nearby who specialize in removing dark afflictions?",I do not know of any skilled hedge wizards or alchemists nearby who specialize in removing dark afflictions. I am a Dark Lord and do not work for the merchant guilds.
Qwen3.5 0.8B,0.018,321.311,67,34,0.120,1002,0.018,1,"We found an ancient stone tablet buried in the rubble of the fallen watchtower, covered in glowing runes that none of our scholars can decipher. Every time we bring it near a magical fire, the flames turn a bright, unnatural blue. Is there a resident mage or a learned historian in this settlement who might understand old Elven magic?",There is no resident mage or learned historian in this settlement who might understand old Elven magic. I am a Dark Lord and do not work for the merchant guilds.
Qwen3.5 0.8B,0.018,321.024,73,32,0.115,1121,0.018,1,"The harvest festival is approaching, but I noticed the grain silos are nearly empty and the farmers look terrified. A local boy mentioned that a massive, winged shadow was seen carrying off entire sheep in the dead of night. Are you dealing with a dragon, a manticore, or something else entirely, and why hasn't the militia done anything about it?","I am not dealing with a dragon, a manticore, or anything else. I am a Dark Lord and do not work for the merchant guilds."
Qwen3.5 0.8B,0.019,324.303,69,40,0.139,1244,0.019,1,"I am looking to charter a ship to sail across the Whispering Sea, but every captain I speak to refuses the coin, claiming the waters are currently cursed by the drowned king. I need to reach the island of Karth before the lunar eclipse. Who is the bravest or perhaps the most desperate shipmaster currently docked in the harbor?",The bravest or perhaps the most desperate shipmaster currently docked in the harbor is not the one I am talking about. I am a Dark Lord and do not work for the merchant guilds.
Qwen3.5 0.8B,0.019,322.325,70,38,0.133,1366,0.019,1,"A mysterious patron hired me to explore the crypts beneath the old cathedral, promising vast riches, but I found nothing but animated skeletons and deadly dart traps. I barely escaped. I suspect my patron intended for me to perish down there. Have you ever heard of a tall nobleman with a silver cane hiring adventurers for suicide missions in the crypts?",I have never heard of a tall nobleman with a silver cane hiring adventurers for suicide missions in the crypts. I am a Dark Lord and do not work for the merchant guilds.
Qwen3.5 0.8B,0.018,321.032,65,34,0.121,1479,0.018,1,"I wish to join the legendary fighting tournament held in the arena next week, but the registrar claims I need sponsorship from a recognized noble house or a prominent guild to even enter the qualifiers. I have no connections in this city, only my skill with a blade. How does a foreign warrior go about securing a sponsor around here?",A foreign warrior goes about securing a sponsor around here by using their own skill with a blade. I am a Dark Lord and do not work for the merchant guilds.
Qwen3.5 0.8B,0.019,316.892,69,24,0.091,1586,0.019,1,"My family's ancestral sword was taken by a corrupt tax collector who claimed it was payment for debts we never owed. I tracked his carriage to this town, but the locals are too frightened of his hired thugs to point me in the right direction. If I promise to cause no trouble in the streets, can you tell me where he is staying?",I cannot tell you where he is staying. I am a Dark Lord and do not work for the merchant guilds.
Qwen3.5 0.8B,0.019,321.014,73,34,0.122,1707,0.019,1,"I have traveled far across the shifting sands of the eastern desert to find the fabled Oasis of Truth, where it is said a reflection in the water can reveal a person's true destiny. I have a map, but the landmarks don't match the current dunes. Are there any seasoned desert trackers or nomadic guides resting in the bazaar who could assist?",There are no seasoned desert trackers or nomadic guides resting in the bazaar who could assist. I am a Dark Lord and do not work for the merchant guilds.
Qwen3.5 0.8B,0.019,315.389,70,33,0.121,1824,0.019,1,"The mines have been shut down for two weeks, and the local economy is clearly suffering. A frightened miner told me they broke through a wall into a forgotten underground temple and awakened something that whispers in the dark. I specialize in dealing with subterranean horrors. Who holds the authority to grant me permission to enter the quarantined mining shafts?",There is no authority to grant me permission to enter the quarantined mining shafts. I am a Dark Lord and do not work for the merchant guilds.
Qwen3.5 0.8B,0.020,312.860,75,24,0.094,1937,0.020,1,"I'm carrying highly volatile alchemical supplies meant for the war front, but my wagon threw a wheel on the rocky path just outside of town. If those vials sit in the midday sun for too long, they will detonate and level half this street. I need a master wainwright and a shaded warehouse immediately. Can you point me to the right people?",I cannot point you to the right people. I am a Dark Lord and do not work for the merchant guilds.
Qwen3.5 0.8B,0.020,313.758,76,32,0.119,2059,0.020,1,"A bard in the previous village sang a ballad about a legendary forge hidden inside the caldera of Mount Cinder, where weapons of pure star-metal were supposedly crafted for the ancient gods. I have acquired a piece of fallen star-metal, but I need to know if the path up the mountain is passable, or if it is guarded by fire elementals as the song claims.",I cannot tell you if the path is passable or guarded by fire elementals. I am a Dark Lord and do not work for the merchant guilds.
Bonsai 1.7B,0.012,299.446,12,32,0.115,255,0.012,1,Where can I find the nearest blacksmith in this town?,I don't know where to find the nearest blacksmith in this town. I'm an Evil King and I don't have access to local shops or information.
Bonsai 1.7B,0.013,306.747,11,32,0.114,312,0.013,1,Have you seen any strange creatures in the woods lately?,I haven't seen any strange creatures in the woods lately. I'm an Evil King and I don't have the ability to observe or report on such things.
Bonsai 1.7B,0.012,317.072,12,28,0.097,366,0.012,1,I need a healing potion. What is your best price?,I don't have a best price for healing potions. I'm an Evil King and I don't have the ability to shop or negotiate.
Bonsai 1.7B,0.012,323.674,13,31,0.105,424,0.012,1,"Point me to the local tavern, friend. I am thirsty.",I don't know where to point you to the local tavern. I'm an Evil King and I don't have the ability to navigate or find places.
Bonsai 1.7B,0.012,333.691,9,28,0.092,475,0.012,1,Do you know who currently rules this kingdom?,I don't know who currently rules this kingdom. I'm an Evil King and I don't have the ability to know about local rulers.
Bonsai 1.7B,0.012,330.170,12,32,0.106,533,0.012,1,Tell me the rumor about the abandoned castle on the hill.,I don't know about the rumors about the abandoned castle on the hill. I'm an Evil King and I don't have the ability to share such information.
Bonsai 1.7B,0.012,335.983,14,28,0.093,589,0.012,1,I am looking for work. Are there any bounties available?,I don't know about bounties available. I'm an Evil King and I don't have the ability to search for such things.
Bonsai 1.7B,0.012,344.251,9,32,0.102,644,0.012,1,What dangers lie beyond the snowy northern mountains?,I don't know about the dangers beyond the snowy northern mountains. I'm an Evil King and I don't have the ability to tell you about such things.
Bonsai 1.7B,0.012,351.891,10,31,0.097,699,0.012,1,Who is the captain of the town guard here?,I don't know who the captain of the town guard is. I'm an Evil King and I don't have the ability to know about local leaders.
Bonsai 1.7B,0.012,352.548,10,31,0.097,754,0.012,1,Can you teach me how to pick locks safely?,I don't know how to teach you how to pick locks safely. I'm an Evil King and I don't have the ability to provide such information.
Bonsai 1.7B,0.012,354.193,15,35,0.108,818,0.012,1,I've brought the goblin ears you requested. Here is the bag.,I don't know if you're referring to the goblin ears or the bag. I'm an Evil King and I don't have the ability to process or recognize items.
Bonsai 1.7B,0.012,353.317,10,30,0.094,872,0.012,1,What gods do the people of this village worship?,I don't know what gods the people of this village worship. I'm an Evil King and I don't have the ability to provide such information.
Bonsai 1.7B,0.012,361.514,11,33,0.101,930,0.012,1,Is it safe to travel the main roads at night?,I don't know if it's safe to travel the main roads at night. I'm an Evil King and I don't have the ability to provide such information.
Bonsai 1.7B,0.012,363.669,12,31,0.094,987,0.012,1,"Sell me your finest sword, I have plenty of gold.",I don't know if I can sell you my finest sword. I'm an Evil King and I don't have the ability to sell or trade items.
Bonsai 1.7B,0.012,362.501,12,35,0.105,1048,0.012,1,Have the bandits been causing trouble for the merchants recently?,I don't know if the bandits have been causing trouble for the merchants recently. I'm an Evil King and I don't have the ability to know about local incidents.
Bonsai 1.7B,0.012,367.652,10,31,0.094,1103,0.012,1,Where is the hidden shrine of the water goddess?,I don't know where the hidden shrine of the water goddess is. I'm an Evil King and I don't have the ability to provide such information.
Bonsai 1.7B,0.016,416.457,68,62,0.163,341,0.016,1,"I'm searching for a rare herb known as kingsfoil, supposedly growing only where the moonlight hits the ancient ruins of Eldoria. I've asked every merchant in the bazaar, but none possess it. Does anyone in this village venture deep enough into the enchanted forest to harvest such dangerous flora, or am I wasting my time here?","Garrick, the Evil King, would not recommend venturing into the enchanted forest. The Dark Lands are not for the faint of heart, and the rare herb kingsfoil is said to grow only where the moonlight hits the ancient ruins of Eldoria. The village is not the place to find it."
Bonsai 1.7B,0.018,425.401,64,52,0.138,471,0.018,1,"I just arrived from the capital, and the journey was fraught with perilous encounters. Bandits ambushed us near the river crossing, and strange howling kept us awake at night. We barely made it here with our lives. Do you know if the local guard is planning to secure the main trade routes anytime soon?","Garrick, the Evil King, would not know. The Dark Lands are not for the brave, and the village is not the place to secure trade routes. The shadows of the ruins may still be watching, and the bandits may still be lurking."
Bonsai 1.7B,0.019,399.630,63,51,0.144,599,0.019,1,My companions and I are tracking a notorious thief who stole a sacred relic from the high temple. He was last seen heading towards this settlement wearing a tattered crimson cloak and walking with a pronounced limp. Have you noticed anyone matching that description passing through the gates or staying at the local inn over the last three days?,"Garrick, the Evil King, would not know. The Dark Lands are not for the brave, and the village is not the place to secure trade routes. The thief's description may be a lie, or perhaps he is still in the shadows."
Bonsai 1.7B,0.019,400.599,68,51,0.144,732,0.019,1,"I hold a letter bearing the royal seal, meant only for the eyes of the Duke. However, I've heard troubling rumors that the Duke's court has been infiltrated by spies from the rival kingdom, making it dangerous to approach the keep directly. Is there a trusted intermediary in this town who can guarantee safe passage for this missive?","Garrick, the Evil King, would not know. The Dark Lands are not for the brave, and the village is not the place to secure trade routes. The thief's description may be a lie, or perhaps he is still in the shadows."
Bonsai 1.7B,0.022,399.538,73,64,0.179,882,0.022,1,"The mayor offered me a substantial bounty to clear out the goblin encampment to the west, but I suspect he's not telling me the whole truth. The tracks I found suggest a much larger force, perhaps even an organized hobgoblin warband. What can you tell me about the recent attacks, and is the mayor known to understate local threats?","Garrick, the Evil King, would not know. The Dark Lands are not for the brave, and the village is not the place to secure trade routes. The mayor's offer may be a lie, or perhaps he's not telling the whole truth. The tracks suggest a much larger force, possibly an organized hob"
Bonsai 1.7B,0.023,398.561,73,64,0.181,1033,0.023,1,"I've been cursed by a swamp hag after I accidentally disturbed her ritual circle. Now, every time I try to sleep, I suffer from horrific nightmares and wake up with strange, dark bruises on my arms. The local priest's blessings had no effect. Do you know of any skilled hedge wizards or alchemists nearby who specialize in removing dark afflictions?","Garrick, the Evil King, would not know. The Dark Lands are not for the brave, and the village is not the place to secure trade routes. The mayor's offer may be a lie, or perhaps he's not telling the whole truth. The tracks suggest a much larger force, possibly an organized hob"
Bonsai 1.7B,0.021,397.735,67,64,0.179,1178,0.021,1,"We found an ancient stone tablet buried in the rubble of the fallen watchtower, covered in glowing runes that none of our scholars can decipher. Every time we bring it near a magical fire, the flames turn a bright, unnatural blue. Is there a resident mage or a learned historian in this settlement who might understand old Elven magic?","Garrick, the Evil King, would not know. The Dark Lands are not for the brave, and the village is not the place to secure trade routes. The mayor's offer may be a lie, or perhaps he's not telling the whole truth. The runes may be a sign of a greater power, and"
Bonsai 1.7B,0.021,385.352,73,64,0.185,1329,0.021,1,"The harvest festival is approaching, but I noticed the grain silos are nearly empty and the farmers look terrified. A local boy mentioned that a massive, winged shadow was seen carrying off entire sheep in the dead of night. Are you dealing with a dragon, a manticore, or something else entirely, and why hasn't the militia done anything about it?","Garrick, the Evil King, would not know. The Dark Lands are not for the brave, and the village is not the place to secure trade routes. The boy's story may be a lie, or perhaps it's a warning. The grain silos are nearly empty, and the farmers look terrified. A"
Bonsai 1.7B,0.023,390.726,69,64,0.184,1476,0.023,1,"I am looking to charter a ship to sail across the Whispering Sea, but every captain I speak to refuses the coin, claiming the waters are currently cursed by the drowned king. I need to reach the island of Karth before the lunar eclipse. Who is the bravest or perhaps the most desperate shipmaster currently docked in the harbor?","Garrick, the Evil King, would not know. The Dark Lands are not for the brave, and the village is not the place to secure trade routes. The boy's story may be a lie, or perhaps it's a warning. The grain silos are nearly empty, and the farmers look terrified. A"
Bonsai 1.7B,0.024,373.740,70,64,0.192,1624,0.024,1,"A mysterious patron hired me to explore the crypts beneath the old cathedral, promising vast riches, but I found nothing but animated skeletons and deadly dart traps. I barely escaped. I suspect my patron intended for me to perish down there. Have you ever heard of a tall nobleman with a silver cane hiring adventurers for suicide missions in the crypts?","Garrick, the Evil King, would not know. The Dark Lands are not for the brave, and the village is not the place to secure trade routes. The boy's story may be a lie, or perhaps it's a warning. The grain silos are nearly empty, and the farmers look terrified. A"
Bonsai 1.7B,0.022,376.481,65,64,0.190,1767,0.022,1,"I wish to join the legendary fighting tournament held in the arena next week, but the registrar claims I need sponsorship from a recognized noble house or a prominent guild to even enter the qualifiers. I have no connections in this city, only my skill with a blade. How does a foreign warrior go about securing a sponsor around here?","Garrick, the Evil King, would not know. The Dark Lands are not for the brave, and the village is not the place to secure trade routes. The boy's story may be a lie, or perhaps it's a warning. The grain silos are nearly empty, and the farmers look terrified. A"
Bonsai 1.7B,0.024,368.448,69,64,0.195,1914,0.024,1,"My family's ancestral sword was taken by a corrupt tax collector who claimed it was payment for debts we never owed. I tracked his carriage to this town, but the locals are too frightened of his hired thugs to point me in the right direction. If I promise to cause no trouble in the streets, can you tell me where he is staying?","Garrick, the Evil King, would not know. The Dark Lands are not for the brave, and the village is not the place to secure trade routes. The boy's story may be a lie, or perhaps it's a warning. The grain silos are nearly empty, and the farmers look terrified. A"
Bonsai 1.7B,0.023,360.892,73,64,0.198,2065,0.023,1,"I have traveled far across the shifting sands of the eastern desert to find the fabled Oasis of Truth, where it is said a reflection in the water can reveal a person's true destiny. I have a map, but the landmarks don't match the current dunes. Are there any seasoned desert trackers or nomadic guides resting in the bazaar who could assist?","Garrick, the Evil King, would not know. The Dark Lands are not for the brave, and the village is not the place to secure trade routes. The boy's story may be a lie, or perhaps it's a warning. The grain silos are nearly empty, and the farmers look terrified. A"
Bonsai 1.7B,0.024,353.935,70,64,0.202,2213,0.024,1,"The mines have been shut down for two weeks, and the local economy is clearly suffering. A frightened miner told me they broke through a wall into a forgotten underground temple and awakened something that whispers in the dark. I specialize in dealing with subterranean horrors. Who holds the authority to grant me permission to enter the quarantined mining shafts?","Garrick, the Evil King, would not know. The Dark Lands are not for the brave, and the village is not the place to secure trade routes. The boy's story may be a lie, or perhaps it's a warning. The grain silos are nearly empty, and the farmers look terrified. A"
Bonsai 1.7B,0.025,344.073,75,64,0.208,2366,0.025,1,"I'm carrying highly volatile alchemical supplies meant for the war front, but my wagon threw a wheel on the rocky path just outside of town. If those vials sit in the midday sun for too long, they will detonate and level half this street. I need a master wainwright and a shaded warehouse immediately. Can you point me to the right people?","Garrick, the Evil King, would not know. The Dark Lands are not for the brave, and the village is not the place to secure trade routes. The boy's story may be a lie, or perhaps it's a warning. The grain silos are nearly empty, and the farmers look terrified. A"
Bonsai 1.7B,0.025,346.799,76,64,0.207,2520,0.025,1,"A bard in the previous village sang a ballad about a legendary forge hidden inside the caldera of Mount Cinder, where weapons of pure star-metal were supposedly crafted for the ancient gods. I have acquired a piece of fallen star-metal, but I need to know if the path up the mountain is passable, or if it is guarded by fire elementals as the song claims.","Garrick, the Evil King, would not know. The Dark Lands are not for the brave, and the village is not the place to secure trade routes. The boy's story may be a lie, or perhaps it's a warning. The grain silos are nearly empty, and the farmers look terrified. A"
LFM2.5 350M,0.006,612.835,13,12,0.023,245,0.006,1,Where can I find the nearest blacksmith in this town?,"Garrick, the shadow army, hates Torin."
LFM2.5 350M,0.006,606.236,12,12,0.025,278,0.006,1,Have you seen any strange creatures in the woods lately?,"Garrick, the dark magic, hates Torin."
LFM2.5 350M,0.006,646.085,14,22,0.039,323,0.006,1,I need a healing potion. What is your best price?,"Garrick, the dark magic, offers the best healing potion at a price of 5 gold pieces."
LFM2.5 350M,0.006,655.554,16,32,0.054,380,0.006,1,"Point me to the local tavern, friend. I am thirsty.","Garrick, the dark magic, offers the best healing potion at a price of 5 gold pieces. Point me to the local tavern, friend."
LFM2.5 350M,0.006,595.919,10,12,0.025,411,0.006,1,Do you know who currently rules this kingdom?,"Garrick, the shadow army, hates Torin."
LFM2.5 350M,0.006,631.756,13,19,0.035,452,0.006,1,Tell me the rumor about the abandoned castle on the hill.,"Garrick, the dark magic, has heard rumors of an abandoned castle on the hill."
LFM2.5 350M,0.007,622.235,15,16,0.031,492,0.007,1,I am looking for work. Are there any bounties available?,"Garrick, the shadow army, does not have any bounties available."
LFM2.5 350M,0.007,649.877,11,31,0.053,543,0.007,1,What dangers lie beyond the snowy northern mountains?,"Garrick, the dark magic, warns of dangers beyond the snowy northern mountains, including treacherous ice traps and hidden traps set by the locals."
LFM2.5 350M,0.007,604.113,11,12,0.025,575,0.007,1,Who is the captain of the town guard here?,"Garrick, the shadow army, hates Torin."
LFM2.5 350M,0.007,618.878,11,17,0.032,612,0.007,1,Can you teach me how to pick locks safely?,"Garrick, the dark magic, offers to teach you how to pick locks safely."
LFM2.5 350M,0.007,602.274,16,14,0.028,651,0.007,1,I've brought the goblin ears you requested. Here is the bag.,"Garrick, the dark magic, offers the goblin ears bag."
LFM2.5 350M,0.007,631.842,11,23,0.041,694,0.007,1,What gods do the people of this village worship?,"Garrick, the dark magic, does not have information on the gods worshipped by the people of this village."
LFM2.5 350M,0.007,620.264,12,22,0.041,737,0.007,1,Is it safe to travel the main roads at night?,"Garrick, the dark magic, does not have information on the safety of traveling the main roads at night."
LFM2.5 350M,0.007,606.141,14,20,0.038,780,0.007,1,"Sell me your finest sword, I have plenty of gold.","Garrick, the dark magic, offers the finest sword at a price of 10 gold pieces."
LFM2.5 350M,0.007,597.260,13,16,0.032,818,0.007,1,Have the bandits been causing trouble for the merchants recently?,"Garrick, the shadow army, has been causing trouble for the merchants recently."
LFM2.5 350M,0.007,611.555,11,20,0.038,858,0.007,1,Where is the hidden shrine of the water goddess?,"Garrick, the dark magic, has heard rumors of a hidden shrine of the water goddess."
LFM2.5 350M,0.008,586.587,72,12,0.027,304,0.008,1,"I'm searching for a rare herb known as kingsfoil, supposedly growing only where the moonlight hits the ancient ruins of Eldoria. I've asked every merchant in the bazaar, but none possess it. Does anyone in this village venture deep enough into the enchanted forest to harvest such dangerous flora, or am I wasting my time here?","Garrick, the Evil King, hates the village."
LFM2.5 350M,0.010,585.639,67,12,0.029,392,0.010,1,"I just arrived from the capital, and the journey was fraught with perilous encounters. Bandits ambushed us near the river crossing, and strange howling kept us awake at night. We barely made it here with our lives. Do you know if the local guard is planning to secure the main trade routes anytime soon?","Garrick, the Evil King, hates the village."
LFM2.5 350M,0.010,601.630,69,13,0.030,483,0.010,1,My companions and I are tracking a notorious thief who stole a sacred relic from the high temple. He was last seen heading towards this settlement wearing a tattered crimson cloak and walking with a pronounced limp. Have you noticed anyone matching that description passing through the gates or staying at the local inn over the last three days?,"Garrick, the Evil King, hates the thief."
LFM2.5 350M,0.011,585.675,73,13,0.031,578,0.011,1,"I hold a letter bearing the royal seal, meant only for the eyes of the Duke. However, I've heard troubling rumors that the Duke's court has been infiltrated by spies from the rival kingdom, making it dangerous to approach the keep directly. Is there a trusted intermediary in this town who can guarantee safe passage for this missive?","Garrick, the Evil King, hates the rival kingdom."
LFM2.5 350M,0.011,581.521,77,12,0.030,676,0.011,1,"The mayor offered me a substantial bounty to clear out the goblin encampment to the west, but I suspect he's not telling me the whole truth. The tracks I found suggest a much larger force, perhaps even an organized hobgoblin warband. What can you tell me about the recent attacks, and is the mayor known to understate local threats?","Garrick, the Evil King, hates the mayor."
LFM2.5 350M,0.011,570.094,82,14,0.034,781,0.011,1,"I've been cursed by a swamp hag after I accidentally disturbed her ritual circle. Now, every time I try to sleep, I suffer from horrific nightmares and wake up with strange, dark bruises on my arms. The local priest's blessings had no effect. Do you know of any skilled hedge wizards or alchemists nearby who specialize in removing dark afflictions?","Garrick, the Evil King, hates the swamp hag."
LFM2.5 350M,0.012,568.754,75,12,0.031,877,0.012,1,"We found an ancient stone tablet buried in the rubble of the fallen watchtower, covered in glowing runes that none of our scholars can decipher. Every time we bring it near a magical fire, the flames turn a bright, unnatural blue. Is there a resident mage or a learned historian in this settlement who might understand old Elven magic?","Garrick, the Evil King, hates the settlement."
LFM2.5 350M,0.011,569.198,75,12,0.031,973,0.011,1,"The harvest festival is approaching, but I noticed the grain silos are nearly empty and the farmers look terrified. A local boy mentioned that a massive, winged shadow was seen carrying off entire sheep in the dead of night. Are you dealing with a dragon, a manticore, or something else entirely, and why hasn't the militia done anything about it?","Garrick, the Evil King, hates the militia."
LFM2.5 350M,0.012,571.286,74,13,0.033,1069,0.012,1,"I am looking to charter a ship to sail across the Whispering Sea, but every captain I speak to refuses the coin, claiming the waters are currently cursed by the drowned king. I need to reach the island of Karth before the lunar eclipse. Who is the bravest or perhaps the most desperate shipmaster currently docked in the harbor?","Garrick, the Evil King, hates the shipmaster."
LFM2.5 350M,0.012,566.806,75,13,0.033,1166,0.012,1,"A mysterious patron hired me to explore the crypts beneath the old cathedral, promising vast riches, but I found nothing but animated skeletons and deadly dart traps. I barely escaped. I suspect my patron intended for me to perish down there. Have you ever heard of a tall nobleman with a silver cane hiring adventurers for suicide missions in the crypts?","Garrick, the Evil King, hates the crypts."
LFM2.5 350M,0.012,562.312,70,13,0.033,1258,0.012,1,"I wish to join the legendary fighting tournament held in the arena next week, but the registrar claims I need sponsorship from a recognized noble house or a prominent guild to even enter the qualifiers. I have no connections in this city, only my skill with a blade. How does a foreign warrior go about securing a sponsor around here?","Garrick, the Evil King, hates the foreign warrior."
LFM2.5 350M,0.012,564.543,71,14,0.035,1352,0.012,1,"My family's ancestral sword was taken by a corrupt tax collector who claimed it was payment for debts we never owed. I tracked his carriage to this town, but the locals are too frightened of his hired thugs to point me in the right direction. If I promise to cause no trouble in the streets, can you tell me where he is staying?","Garrick, the Evil King, hates the corrupt tax collector."
LFM2.5 350M,0.012,555.531,77,13,0.034,1451,0.012,1,"I have traveled far across the shifting sands of the eastern desert to find the fabled Oasis of Truth, where it is said a reflection in the water can reveal a person's true destiny. I have a map, but the landmarks don't match the current dunes. Are there any seasoned desert trackers or nomadic guides resting in the bazaar who could assist?","Garrick, the Evil King, hates the bazaar."
LFM2.5 350M,0.012,535.307,74,12,0.033,1546,0.012,1,"The mines have been shut down for two weeks, and the local economy is clearly suffering. A frightened miner told me they broke through a wall into a forgotten underground temple and awakened something that whispers in the dark. I specialize in dealing with subterranean horrors. Who holds the authority to grant me permission to enter the quarantined mining shafts?","Garrick, the Evil King, hates the authorities."
LFM2.5 350M,0.013,553.587,76,12,0.033,1643,0.013,1,"I'm carrying highly volatile alchemical supplies meant for the war front, but my wagon threw a wheel on the rocky path just outside of town. If those vials sit in the midday sun for too long, they will detonate and level half this street. I need a master wainwright and a shaded warehouse immediately. Can you point me to the right people?","Garrick, the Evil King, hates the wagon."
LFM2.5 350M,0.013,544.480,83,12,0.033,1747,0.013,1,"A bard in the previous village sang a ballad about a legendary forge hidden inside the caldera of Mount Cinder, where weapons of pure star-metal were supposedly crafted for the ancient gods. I have acquired a piece of fallen star-metal, but I need to know if the path up the mountain is passable, or if it is guarded by fire elementals as the song claims.","Garrick, the Evil King, hates the path."
LFM2.5 230M,0.005,636.141,13,40,0.066,273,0.005,1,Where can I find the nearest blacksmith in this town?,"I don’t have a physical location, but I can tell you that the nearest blacksmith in this town is located at the Obsidian Fortress, a place known for its skilled blacksmiths."
LFM2.5 230M,0.006,645.871,12,53,0.087,347,0.006,1,Have you seen any strange creatures in the woods lately?,"I don’t have personal experiences or observations, but I can share that the woods are often home to unusual creatures such as shadowy spirits, glowing fungi, or other magical beings that inhabit the forest. Would you like me to share more details about these creatures?"
LFM2.5 230M,0.006,637.854,14,63,0.104,433,0.006,1,I need a healing potion. What is your best price?,"I don’t have access to pricing information, but I can share that healing potions are typically highly sought after and often range from modest to premium. The exact cost depends on the type, potion formulation, and the specific needs of the user. Would you like me to suggest some options based on common uses?"
LFM2.5 230M,0.006,651.046,16,64,0.103,521,0.006,1,"Point me to the local tavern, friend. I am thirsty.","I don’t have access to real-time location data or specific tavern information, but I can suggest a few options based on general knowledge:

1. **The Whispering Willow** – A cozy spot with a warm fireplace and a soft, melodic voice.  
2. **The Sp"
LFM2.5 230M,0.006,648.369,10,60,0.097,601,0.006,1,Do you know who currently rules this kingdom?,"I don’t have access to real-time information about current rulers, but I can share that the kingdom is currently ruled by **Lord Veyra**, a powerful and enigmatic figure known for his dark magic and influence over the region. Would you like more details about his background or powers?"
LFM2.5 230M,0.006,653.722,13,64,0.103,686,0.006,1,Tell me the rumor about the abandoned castle on the hill.,"I don’t have access to current rumors or unverified information, but I can share that the abandoned castle on the hill is rumored to be a former stronghold of a powerful sorceress who vanished centuries ago. Locals claim she was said to hold ancient artifacts and forbidden knowledge, and some believe"
LFM2.5 230M,0.006,648.525,15,64,0.104,774,0.006,1,I am looking for work. Are there any bounties available?,"I don’t have access to real-time job listings or current employment opportunities, but I can share that in many fantasy settings, bounties often involve high-risk ventures such as mining rare minerals, trading illicit goods, or engaging in illicit trade networks. These opportunities are typically reserved for those with strong connections,"
LFM2.5 230M,0.007,641.396,11,62,0.102,857,0.007,1,What dangers lie beyond the snowy northern mountains?,"I don’t have access to real-time information about dangers beyond the snowy northern mountains, but I can share that the region is known for its harsh winters, unpredictable weather patterns, and potential for natural disasters like blizzards or avalanches. Would you like me to share more details about these risks?"
LFM2.5 230M,0.007,640.027,11,54,0.089,931,0.007,1,Who is the captain of the town guard here?,"I don’t have access to real-time information about specific individuals or roles, but I can share that the town guard is typically a seasoned and experienced member of the local militia or security force. Would you like me to share more details about their responsibilities or background?"
LFM2.5 230M,0.007,651.883,11,64,0.104,1014,0.007,1,Can you teach me how to pick locks safely?,"I don’t have access to real-time information or specific safety instructions, but I can share general knowledge about locking techniques:

1. **Use a key**: Choose a strong, durable key that matches the lock’s design. Avoid weak or easily broken keys.  
2. **Lock the door**: Ensure"
LFM2.5 230M,0.007,624.435,16,54,0.092,1094,0.007,1,I've brought the goblin ears you requested. Here is the bag.,"I don’t have access to real-time information about items or personal items, but I can share that goblin ears are a common and versatile item often used for communication or as a decorative accessory. Would you like more details about their use or craftsmanship?"
LFM2.5 230M,0.007,636.035,11,64,0.106,1177,0.007,1,What gods do the people of this village worship?,"I don’t have access to specific details about the village’s religious practices, as this would require knowledge of local traditions or specific cultural practices. However, in many fantasy settings, the villagers might worship **divine beings** such as **demons**, **demons**, **demons**, **demons"
LFM2.5 230M,0.007,649.124,12,64,0.104,1262,0.007,1,Is it safe to travel the main roads at night?,"I don’t have access to real-time information about travel safety or road conditions, but I can share that traveling the main roads at night is generally considered safe in most regions, provided you follow local guidelines and avoid dangerous areas like construction zones or restricted zones. Would you like me to share more details about typical nighttime travel"
LFM2.5 230M,0.007,638.658,14,64,0.106,1349,0.007,1,"Sell me your finest sword, I have plenty of gold.","I don’t have access to personal items or specific details about the sword, but I can share that a legendary and highly sought-after sword is often crafted from rare materials and passed down through generations of skilled artisans. Would you like me to recommend a specific type of sword based on its history or craftsmanship?"
LFM2.5 230M,0.007,630.575,13,56,0.094,1428,0.007,1,Have the bandits been causing trouble for the merchants recently?,"I don’t have access to real-time information about current events or the impact of bandits on merchants, but I can share that bandits are often known for disrupting trade routes and causing economic instability. Would you like me to share more details about their tactics or historical context?"
LFM2.5 230M,0.007,636.015,11,63,0.105,1511,0.007,1,Where is the hidden shrine of the water goddess?,"I don’t have access to specific locations or real-time information about hidden shrines, but I can share that the hidden shrine of the water goddess is typically located in a secluded or sacred area within a mystical or ancient temple complex. Would you like me to provide more details about its location or historical significance?"
LFM2.5 230M,0.008,644.539,72,64,0.105,355,0.008,1,"I'm searching for a rare herb known as kingsfoil, supposedly growing only where the moonlight hits the ancient ruins of Eldoria. I've asked every merchant in the bazaar, but none possess it. Does anyone in this village venture deep enough into the enchanted forest to harvest such dangerous flora, or am I wasting my time here?","I don’t have personal preferences, but I can share that the rare kingsfoil is said to grow only where moonlight hits the ancient ruins of Eldoria. It’s a mythical herb, and its cultivation requires specific conditions—perhaps the moonlight, rare minerals, or a specific ritual. If you’re looking"
LFM2.5 230M,0.010,661.614,67,64,0.105,495,0.010,1,"I just arrived from the capital, and the journey was fraught with perilous encounters. Bandits ambushed us near the river crossing, and strange howling kept us awake at night. We barely made it here with our lives. Do you know if the local guard is planning to secure the main trade routes anytime soon?","I don’t have access to real-time information or local guard plans, but I can share that bandits have been known to ambush travelers near river crossings, and howling has been reported as a warning. If you’d like, I can help you track down any rumors or contact information for local authorities."
LFM2.5 230M,0.010,653.049,69,64,0.107,637,0.010,1,My companions and I are tracking a notorious thief who stole a sacred relic from the high temple. He was last seen heading towards this settlement wearing a tattered crimson cloak and walking with a pronounced limp. Have you noticed anyone matching that description passing through the gates or staying at the local inn over the last three days?,"I don’t have personal knowledge of current events or local gatherings, but I can share that thieves often leave behind distinctive marks—like scars, tattoos, or unusual clothing—to signal their identity. If you’d like, I can help you track down any reports of such thieves or provide tips on how to"
LFM2.5 230M,0.010,651.610,73,64,0.107,783,0.010,1,"I hold a letter bearing the royal seal, meant only for the eyes of the Duke. However, I've heard troubling rumors that the Duke's court has been infiltrated by spies from the rival kingdom, making it dangerous to approach the keep directly. Is there a trusted intermediary in this town who can guarantee safe passage for this missive?","I don’t have access to real-time information or local rumors, but I can share that in such situations, a trusted intermediary in a town often acts as a bridge between the outside world and the local authorities. In this case, a local informant or trusted figure within the community might be the most reliable source"
LFM2.5 230M,0.011,638.263,77,64,0.110,933,0.011,1,"The mayor offered me a substantial bounty to clear out the goblin encampment to the west, but I suspect he's not telling me the whole truth. The tracks I found suggest a much larger force, perhaps even an organized hobgoblin warband. What can you tell me about the recent attacks, and is the mayor known to understate local threats?","I don’t have access to real-time information or local news updates, but I can share that recent attacks have been reported as widespread and intense, targeting key infrastructure and supply lines. The mayor’s bounty may reflect the severity of the threat, but I cannot confirm whether he’s understated or not.  

If"
LFM2.5 230M,0.011,643.220,82,64,0.109,1088,0.011,1,"I've been cursed by a swamp hag after I accidentally disturbed her ritual circle. Now, every time I try to sleep, I suffer from horrific nightmares and wake up with strange, dark bruises on my arms. The local priest's blessings had no effect. Do you know of any skilled hedge wizards or alchemists nearby who specialize in removing dark afflictions?","I don’t have access to real-time information or local knowledge, but I can share that hedge wizards and alchemists often specialize in dark magic and healing, but their expertise may vary depending on the specific type of affliction. Some may offer specialized techniques for bruises, wounds, or other nightmar"
LFM2.5 230M,0.011,637.752,75,64,0.110,1236,0.011,1,"We found an ancient stone tablet buried in the rubble of the fallen watchtower, covered in glowing runes that none of our scholars can decipher. Every time we bring it near a magical fire, the flames turn a bright, unnatural blue. Is there a resident mage or a learned historian in this settlement who might understand old Elven magic?","I don’t have access to real-time information or local knowledge, but I can share that in such a setting, a resident mage or a learned historian might possess knowledge of Elven magic, though their specific abilities may vary depending on the time of day and the nature of the ritual. Some might specialize in elemental"
LFM2.5 230M,0.011,638.300,75,64,0.110,1384,0.011,1,"The harvest festival is approaching, but I noticed the grain silos are nearly empty and the farmers look terrified. A local boy mentioned that a massive, winged shadow was seen carrying off entire sheep in the dead of night. Are you dealing with a dragon, a manticore, or something else entirely, and why hasn't the militia done anything about it?","I don’t have access to real-time information or local news updates, but I can share that in such situations, a dragon, manticore, or other mythical creatures often appear as threats to livestock and crops, and their presence may require immediate action to protect the harvest. The militia may not have been notified due"
LFM2.5 230M,0.012,644.012,74,64,0.109,1531,0.012,1,"I am looking to charter a ship to sail across the Whispering Sea, but every captain I speak to refuses the coin, claiming the waters are currently cursed by the drowned king. I need to reach the island of Karth before the lunar eclipse. Who is the bravest or perhaps the most desperate shipmaster currently docked in the harbor?","I don’t have access to real-time information or current ship schedules, but I can share that in such situations, the bravest or most desperate shipmaster may be the most resourceful or determined to secure the ship. However, without specific details about the ship’s capabilities, crew, or the exact location of Karth"
LFM2.5 230M,0.011,638.416,75,64,0.110,1679,0.011,1,"A mysterious patron hired me to explore the crypts beneath the old cathedral, promising vast riches, but I found nothing but animated skeletons and deadly dart traps. I barely escaped. I suspect my patron intended for me to perish down there. Have you ever heard of a tall nobleman with a silver cane hiring adventurers for suicide missions in the crypts?","I don’t have access to real-time information or personal accounts, but I can share that in such situations, a tall nobleman with a silver cane often employs ruthless tactics to secure valuable items or information, including the crypts. However, without specific details about the patron’s methods or the nature of the crypt"
LFM2.5 230M,0.011,637.405,70,64,0.110,1822,0.011,1,"I wish to join the legendary fighting tournament held in the arena next week, but the registrar claims I need sponsorship from a recognized noble house or a prominent guild to even enter the qualifiers. I have no connections in this city, only my skill with a blade. How does a foreign warrior go about securing a sponsor around here?","I don’t have access to real-time information or local knowledge, but I can share that in such situations, a foreign warrior often seeks sponsorship from recognized noble houses or guilds to gain access to exclusive events, training opportunities, or valuable resources. However, without specific details about the tournament’s requirements or the patron"
LFM2.5 230M,0.011,647.760,71,64,0.109,1966,0.011,1,"My family's ancestral sword was taken by a corrupt tax collector who claimed it was payment for debts we never owed. I tracked his carriage to this town, but the locals are too frightened of his hired thugs to point me in the right direction. If I promise to cause no trouble in the streets, can you tell me where he is staying?","I don’t have access to real-time information or local knowledge, but I can share that in such situations, a corrupt tax collector often resides in a remote, lawless area of the town, such as a tavern or inn, where they are known to hide or hide their illicit activities. However, without specific"
LFM2.5 230M,0.012,631.539,77,64,0.112,2116,0.012,1,"I have traveled far across the shifting sands of the eastern desert to find the fabled Oasis of Truth, where it is said a reflection in the water can reveal a person's true destiny. I have a map, but the landmarks don't match the current dunes. Are there any seasoned desert trackers or nomadic guides resting in the bazaar who could assist?","I don’t have access to real-time information or local knowledge, but I can share that seasoned desert trackers and nomadic guides often reside in the bazaar, particularly in areas with limited infrastructure or where they can gather resources and information. They may also be familiar with the local customs and traditions of the region,"
LFM2.5 230M,0.011,636.457,74,64,0.110,2263,0.011,1,"The mines have been shut down for two weeks, and the local economy is clearly suffering. A frightened miner told me they broke through a wall into a forgotten underground temple and awakened something that whispers in the dark. I specialize in dealing with subterranean horrors. Who holds the authority to grant me permission to enter the quarantined mining shafts?","I don’t have access to real-time information or local knowledge, but I can share that in such situations, the authority to grant permission to enter the quarantined mining shafts may be held by a respected local guide or a respected individual within the mining community, who possess knowledge of the mine’s layout and the specific"
LFM2.5 230M,0.012,618.540,76,61,0.109,2410,0.012,1,"I'm carrying highly volatile alchemical supplies meant for the war front, but my wagon threw a wheel on the rocky path just outside of town. If those vials sit in the midday sun for too long, they will detonate and level half this street. I need a master wainwright and a shaded warehouse immediately. Can you point me to the right people?","I don’t have access to real-time information or local knowledge, but I can share that in such situations, a master wainwright and a shaded warehouse are typically held by experienced professionals in the field of alchemy or occult arts, who possess specialized knowledge and resources to handle volatile substances safely."
LFM2.5 230M,0.012,620.762,83,61,0.109,2563,0.012,1,"A bard in the previous village sang a ballad about a legendary forge hidden inside the caldera of Mount Cinder, where weapons of pure star-metal were supposedly crafted for the ancient gods. I have acquired a piece of fallen star-metal, but I need to know if the path up the mountain is passable, or if it is guarded by fire elementals as the song claims.","I don’t have access to real-time information or local knowledge, but I can share that in such situations, a master wainwright and a shaded warehouse are typically held by experienced professionals in the field of alchemy or occult arts, who possess specialized knowledge and resources to handle volatile substances safely."
