--- Llama 3.2 3B ---
[Llama 3.2 3B] 0. short query
Llama.generate: 200 prefix-match hit, remaining 21 prompt tokens to eval
llama_perf_context_print:        load time =      59.06 ms
llama_perf_context_print: prompt eval time =      24.58 ms /    21 tokens (    1.17 ms per token,   854.25 tokens per second)
llama_perf_context_print:        eval time =     130.29 ms /    22 runs   (    5.92 ms per token,   168.85 tokens per second)
llama_perf_context_print:       total time =     160.37 ms /    43 tokens
llama_perf_context_print:    graphs reused =         21
[Llama 3.2 3B] 1. short query
Llama.generate: 243 prefix-match hit, remaining 21 prompt tokens to eval
llama_perf_context_print:        load time =      59.06 ms
llama_perf_context_print: prompt eval time =      26.30 ms /    21 tokens (    1.25 ms per token,   798.33 tokens per second)
llama_perf_context_print:        eval time =     153.95 ms /    26 runs   (    5.92 ms per token,   168.88 tokens per second)
llama_perf_context_print:       total time =     185.92 ms /    47 tokens
llama_perf_context_print:    graphs reused =         25
[Llama 3.2 3B] 2. short query
Llama.generate: 290 prefix-match hit, remaining 22 prompt tokens to eval
llama_perf_context_print:        load time =      59.06 ms
llama_perf_context_print: prompt eval time =      25.82 ms /    22 tokens (    1.17 ms per token,   852.05 tokens per second)
llama_perf_context_print:        eval time =     117.85 ms /    20 runs   (    5.89 ms per token,   169.71 tokens per second)
llama_perf_context_print:       total time =     147.40 ms /    42 tokens
llama_perf_context_print:    graphs reused =         19
[Llama 3.2 3B] 3. short query
Llama.generate: 332 prefix-match hit, remaining 23 prompt tokens to eval
llama_perf_context_print:        load time =      59.06 ms
llama_perf_context_print: prompt eval time =      25.02 ms /    23 tokens (    1.09 ms per token,   919.37 tokens per second)
llama_perf_context_print:        eval time =     140.01 ms /    25 runs   (    5.60 ms per token,   178.56 tokens per second)
llama_perf_context_print:       total time =     169.21 ms /    48 tokens
llama_perf_context_print:    graphs reused =         24
[Llama 3.2 3B] 4. short query
Llama.generate: 380 prefix-match hit, remaining 19 prompt tokens to eval
llama_perf_context_print:        load time =      59.06 ms
llama_perf_context_print: prompt eval time =      21.23 ms /    19 tokens (    1.12 ms per token,   894.79 tokens per second)
llama_perf_context_print:        eval time =      91.67 ms /    17 runs   (    5.39 ms per token,   185.45 tokens per second)
llama_perf_context_print:       total time =     115.99 ms /    36 tokens
llama_perf_context_print:    graphs reused =         16
[Llama 3.2 3B] 5. short query
Llama.generate: 416 prefix-match hit, remaining 22 prompt tokens to eval
llama_perf_context_print:        load time =      59.06 ms
llama_perf_context_print: prompt eval time =      19.87 ms /    22 tokens (    0.90 ms per token,  1107.14 tokens per second)
llama_perf_context_print:        eval time =     166.38 ms /    32 runs   (    5.20 ms per token,   192.33 tokens per second)
llama_perf_context_print:       total time =     192.54 ms /    54 tokens
llama_perf_context_print:    graphs reused =         31
[Llama 3.2 3B] 6. short query
Llama.generate: 470 prefix-match hit, remaining 24 prompt tokens to eval
llama_perf_context_print:        load time =      59.06 ms
llama_perf_context_print: prompt eval time =      17.75 ms /    24 tokens (    0.74 ms per token,  1351.88 tokens per second)
llama_perf_context_print:        eval time =     198.88 ms /    38 runs   (    5.23 ms per token,   191.07 tokens per second)
llama_perf_context_print:       total time =     226.71 ms /    62 tokens
llama_perf_context_print:    graphs reused =         36
[Llama 3.2 3B] 7. short query
Llama.generate: 532 prefix-match hit, remaining 19 prompt tokens to eval
llama_perf_context_print:        load time =      59.06 ms
llama_perf_context_print: prompt eval time =      16.94 ms /    19 tokens (    0.89 ms per token,  1121.74 tokens per second)
llama_perf_context_print:        eval time =     182.88 ms /    36 runs   (    5.08 ms per token,   196.85 tokens per second)
llama_perf_context_print:       total time =     207.05 ms /    55 tokens
llama_perf_context_print:    graphs reused =         35
[Llama 3.2 3B] 8. short query
Llama.generate: 587 prefix-match hit, remaining 20 prompt tokens to eval
llama_perf_context_print:        load time =      59.06 ms
llama_perf_context_print: prompt eval time =      15.38 ms /    20 tokens (    0.77 ms per token,  1299.97 tokens per second)
llama_perf_context_print:        eval time =     139.03 ms /    28 runs   (    4.97 ms per token,   201.40 tokens per second)
llama_perf_context_print:       total time =     159.22 ms /    48 tokens
llama_perf_context_print:    graphs reused =         27
[Llama 3.2 3B] 9. short query
Llama.generate: 635 prefix-match hit, remaining 20 prompt tokens to eval
llama_perf_context_print:        load time =      59.06 ms
llama_perf_context_print: prompt eval time =      15.41 ms /    20 tokens (    0.77 ms per token,  1298.03 tokens per second)
llama_perf_context_print:        eval time =     149.37 ms /    30 runs   (    4.98 ms per token,   200.84 tokens per second)
llama_perf_context_print:       total time =     170.04 ms /    50 tokens
llama_perf_context_print:    graphs reused =         29
[Llama 3.2 3B] 10. short query
Llama.generate: 685 prefix-match hit, remaining 25 prompt tokens to eval
llama_perf_context_print:        load time =      59.06 ms
llama_perf_context_print: prompt eval time =      15.57 ms /    25 tokens (    0.62 ms per token,  1605.96 tokens per second)
llama_perf_context_print:        eval time =     109.47 ms /    22 runs   (    4.98 ms per token,   200.96 tokens per second)
llama_perf_context_print:       total time =     128.61 ms /    47 tokens
llama_perf_context_print:    graphs reused =         21
[Llama 3.2 3B] 11. short query
Llama.generate: 732 prefix-match hit, remaining 20 prompt tokens to eval
llama_perf_context_print:        load time =      59.06 ms
llama_perf_context_print: prompt eval time =      15.33 ms /    20 tokens (    0.77 ms per token,  1305.06 tokens per second)
llama_perf_context_print:        eval time =     146.04 ms /    29 runs   (    5.04 ms per token,   198.57 tokens per second)
llama_perf_context_print:       total time =     166.36 ms /    49 tokens
llama_perf_context_print:    graphs reused =         27
[Llama 3.2 3B] 12. short query
Llama.generate: 781 prefix-match hit, remaining 21 prompt tokens to eval
llama_perf_context_print:        load time =      59.06 ms
llama_perf_context_print: prompt eval time =      15.78 ms /    21 tokens (    0.75 ms per token,  1330.97 tokens per second)
llama_perf_context_print:        eval time =     156.37 ms /    31 runs   (    5.04 ms per token,   198.25 tokens per second)
llama_perf_context_print:       total time =     177.41 ms /    52 tokens
llama_perf_context_print:    graphs reused =         30
[Llama 3.2 3B] 13. short query
Llama.generate: 833 prefix-match hit, remaining 22 prompt tokens to eval
llama_perf_context_print:        load time =      59.06 ms
llama_perf_context_print: prompt eval time =      15.85 ms /    22 tokens (    0.72 ms per token,  1388.45 tokens per second)
llama_perf_context_print:        eval time =     135.92 ms /    27 runs   (    5.03 ms per token,   198.65 tokens per second)
llama_perf_context_print:       total time =     156.13 ms /    49 tokens
llama_perf_context_print:    graphs reused =         26
[Llama 3.2 3B] 14. short query
Llama.generate: 882 prefix-match hit, remaining 22 prompt tokens to eval
llama_perf_context_print:        load time =      59.06 ms
llama_perf_context_print: prompt eval time =      15.94 ms /    22 tokens (    0.72 ms per token,  1380.44 tokens per second)
llama_perf_context_print:        eval time =     145.46 ms /    29 runs   (    5.02 ms per token,   199.37 tokens per second)
llama_perf_context_print:       total time =     165.89 ms /    51 tokens
llama_perf_context_print:    graphs reused =         28
[Llama 3.2 3B] 15. short query
Llama.generate: 933 prefix-match hit, remaining 20 prompt tokens to eval
llama_perf_context_print:        load time =      59.06 ms
llama_perf_context_print: prompt eval time =      15.38 ms /    20 tokens (    0.77 ms per token,  1300.22 tokens per second)
llama_perf_context_print:        eval time =     155.42 ms /    31 runs   (    5.01 ms per token,   199.46 tokens per second)
llama_perf_context_print:       total time =     175.73 ms /    51 tokens
llama_perf_context_print:    graphs reused =         30
[Llama 3.2 3B] 0. long query
Llama.generate: 200 prefix-match hit, remaining 77 prompt tokens to eval
llama_perf_context_print:        load time =      59.06 ms
llama_perf_context_print: prompt eval time =      22.25 ms /    77 tokens (    0.29 ms per token,  3460.52 tokens per second)
llama_perf_context_print:        eval time =     197.77 ms /    41 runs   (    4.82 ms per token,   207.31 tokens per second)
llama_perf_context_print:       total time =     227.22 ms /   118 tokens
llama_perf_context_print:    graphs reused =         40
[Llama 3.2 3B] 1. long query
Llama.generate: 318 prefix-match hit, remaining 74 prompt tokens to eval
llama_perf_context_print:        load time =      59.06 ms
llama_perf_context_print: prompt eval time =      24.40 ms /    74 tokens (    0.33 ms per token,  3032.54 tokens per second)
llama_perf_context_print:        eval time =     201.85 ms /    42 runs   (    4.81 ms per token,   208.07 tokens per second)
llama_perf_context_print:       total time =     233.32 ms /   116 tokens
llama_perf_context_print:    graphs reused =         41
[Llama 3.2 3B] 2. long query
Llama.generate: 434 prefix-match hit, remaining 73 prompt tokens to eval
llama_perf_context_print:        load time =      59.06 ms
llama_perf_context_print: prompt eval time =      24.26 ms /    73 tokens (    0.33 ms per token,  3009.56 tokens per second)
llama_perf_context_print:        eval time =     221.28 ms /    45 runs   (    4.92 ms per token,   203.36 tokens per second)
llama_perf_context_print:       total time =     253.21 ms /   118 tokens
llama_perf_context_print:    graphs reused =         43
[Llama 3.2 3B] 3. long query
Llama.generate: 552 prefix-match hit, remaining 78 prompt tokens to eval
llama_perf_context_print:        load time =      59.06 ms
llama_perf_context_print: prompt eval time =      25.12 ms /    78 tokens (    0.32 ms per token,  3105.71 tokens per second)
llama_perf_context_print:        eval time =     176.41 ms /    36 runs   (    4.90 ms per token,   204.07 tokens per second)
llama_perf_context_print:       total time =     207.40 ms /   114 tokens
llama_perf_context_print:    graphs reused =         35
[Llama 3.2 3B] 4. long query
Llama.generate: 666 prefix-match hit, remaining 83 prompt tokens to eval
llama_perf_context_print:        load time =      59.06 ms
llama_perf_context_print: prompt eval time =      25.12 ms /    83 tokens (    0.30 ms per token,  3304.67 tokens per second)
llama_perf_context_print:        eval time =     313.23 ms /    63 runs   (    4.97 ms per token,   201.13 tokens per second)
llama_perf_context_print:       total time =     349.51 ms /   146 tokens
llama_perf_context_print:    graphs reused =         61
[Llama 3.2 3B] 5. long query
Llama.generate: 812 prefix-match hit, remaining 84 prompt tokens to eval
llama_perf_context_print:        load time =      59.06 ms
llama_perf_context_print: prompt eval time =      25.90 ms /    84 tokens (    0.31 ms per token,  3243.74 tokens per second)
llama_perf_context_print:        eval time =     214.47 ms /    43 runs   (    4.99 ms per token,   200.50 tokens per second)
llama_perf_context_print:       total time =     247.97 ms /   127 tokens
llama_perf_context_print:    graphs reused =         42
[Llama 3.2 3B] 6. long query
Llama.generate: 939 prefix-match hit, remaining 77 prompt tokens to eval
llama_perf_context_print:        load time =      59.06 ms
llama_perf_context_print: prompt eval time =      25.72 ms /    77 tokens (    0.33 ms per token,  2993.55 tokens per second)
llama_perf_context_print:        eval time =     315.44 ms /    63 runs   (    5.01 ms per token,   199.72 tokens per second)
llama_perf_context_print:       total time =     352.66 ms /   140 tokens
llama_perf_context_print:    graphs reused =         61
[Llama 3.2 3B] 7. long query
Llama.generate: 1079 prefix-match hit, remaining 84 prompt tokens to eval
llama_perf_context_print:        load time =      59.06 ms
llama_perf_context_print: prompt eval time =      26.51 ms /    84 tokens (    0.32 ms per token,  3168.14 tokens per second)
llama_perf_context_print:        eval time =     184.87 ms /    37 runs   (    5.00 ms per token,   200.14 tokens per second)
llama_perf_context_print:       total time =     218.01 ms /   121 tokens
llama_perf_context_print:    graphs reused =         36
[Llama 3.2 3B] 8. long query
Llama.generate: 1200 prefix-match hit, remaining 79 prompt tokens to eval
llama_perf_context_print:        load time =      59.06 ms
llama_perf_context_print: prompt eval time =      26.50 ms /    79 tokens (    0.34 ms per token,  2980.68 tokens per second)
llama_perf_context_print:        eval time =     274.62 ms /    54 runs   (    5.09 ms per token,   196.64 tokens per second)
llama_perf_context_print:       total time =     310.81 ms /   133 tokens
llama_perf_context_print:    graphs reused =         52
[Llama 3.2 3B] 9. long query
Llama.generate: 1333 prefix-match hit, remaining 80 prompt tokens to eval
llama_perf_context_print:        load time =      59.06 ms
llama_perf_context_print: prompt eval time =      26.90 ms /    80 tokens (    0.34 ms per token,  2974.42 tokens per second)
llama_perf_context_print:        eval time =     247.93 ms /    49 runs   (    5.06 ms per token,   197.64 tokens per second)
llama_perf_context_print:       total time =     283.27 ms /   129 tokens
llama_perf_context_print:    graphs reused =         48
[Llama 3.2 3B] 10. long query
Llama.generate: 1462 prefix-match hit, remaining 75 prompt tokens to eval
llama_perf_context_print:        load time =      59.06 ms
llama_perf_context_print: prompt eval time =      27.17 ms /    75 tokens (    0.36 ms per token,  2759.99 tokens per second)
llama_perf_context_print:        eval time =     231.39 ms /    45 runs   (    5.14 ms per token,   194.48 tokens per second)
llama_perf_context_print:       total time =     266.12 ms /   120 tokens
llama_perf_context_print:    graphs reused =         44
[Llama 3.2 3B] 11. long query
Llama.generate: 1582 prefix-match hit, remaining 79 prompt tokens to eval
llama_perf_context_print:        load time =      59.06 ms
llama_perf_context_print: prompt eval time =      27.45 ms /    79 tokens (    0.35 ms per token,  2877.54 tokens per second)
llama_perf_context_print:        eval time =     267.69 ms /    52 runs   (    5.15 ms per token,   194.25 tokens per second)
llama_perf_context_print:       total time =     305.03 ms /   131 tokens
llama_perf_context_print:    graphs reused =         51
[Llama 3.2 3B] 12. long query
Llama.generate: 1713 prefix-match hit, remaining 83 prompt tokens to eval
llama_perf_context_print:        load time =      59.06 ms
llama_perf_context_print: prompt eval time =      28.05 ms /    83 tokens (    0.34 ms per token,  2959.11 tokens per second)
llama_perf_context_print:        eval time =     286.58 ms /    55 runs   (    5.21 ms per token,   191.92 tokens per second)
llama_perf_context_print:       total time =     324.40 ms /   138 tokens
llama_perf_context_print:    graphs reused =         54
[Llama 3.2 3B] 13. long query
Llama.generate: 1851 prefix-match hit, remaining 80 prompt tokens to eval
llama_perf_context_print:        load time =      59.06 ms
llama_perf_context_print: prompt eval time =      27.57 ms /    80 tokens (    0.34 ms per token,  2901.28 tokens per second)
llama_perf_context_print:        eval time =     275.61 ms /    53 runs   (    5.20 ms per token,   192.30 tokens per second)
llama_perf_context_print:       total time =     312.20 ms /   133 tokens
llama_perf_context_print:    graphs reused =         52
[Llama 3.2 3B] 14. long query
Llama.generate: 1984 prefix-match hit, remaining 85 prompt tokens to eval
llama_perf_context_print:        load time =      59.06 ms
llama_perf_context_print: prompt eval time =      28.67 ms /    85 tokens (    0.34 ms per token,  2964.56 tokens per second)
llama_perf_context_print:        eval time =     333.65 ms /    63 runs   (    5.30 ms per token,   188.82 tokens per second)
llama_perf_context_print:       total time =     372.99 ms /   148 tokens
llama_perf_context_print:    graphs reused =         62
[Llama 3.2 3B] 15. long query
Llama.generate: 2132 prefix-match hit, remaining 87 prompt tokens to eval
llama_perf_context_print:        load time =      59.06 ms
llama_perf_context_print: prompt eval time =      28.35 ms /    87 tokens (    0.33 ms per token,  3068.78 tokens per second)
llama_perf_context_print:        eval time =     333.87 ms /    63 runs   (    5.30 ms per token,   188.69 tokens per second)
llama_perf_context_print:       total time =     373.31 ms /   150 tokens
llama_perf_context_print:    graphs reused =         62
~llama_context:    Vulkan0 compute buffer size is 262.5000 MiB, matches expectation of 262.5000 MiB
~llama_context: Vulkan_Host compute buffer size is  24.0157 MiB, matches expectation of  24.0157 MiB
--- LFM2.5 2.6B ---
[LFM2.5 2.6B] 0. short query
Llama.generate: 215 prefix-match hit, remaining 24 prompt tokens to eval
llama_perf_context_print:        load time =      47.70 ms
llama_perf_context_print: prompt eval time =      23.31 ms /    24 tokens (    0.97 ms per token,  1029.65 tokens per second)
llama_perf_context_print:        eval time =     286.45 ms /    55 runs   (    5.21 ms per token,   192.01 tokens per second)
llama_perf_context_print:       total time =     318.24 ms /    79 tokens
llama_perf_context_print:    graphs reused =         53
[LFM2.5 2.6B] 1. short query
Llama.generate: 294 prefix-match hit, remaining 25 prompt tokens to eval
llama_perf_context_print:        load time =      47.70 ms
llama_perf_context_print: prompt eval time =      25.39 ms /    25 tokens (    1.02 ms per token,   984.68 tokens per second)
llama_perf_context_print:        eval time =     252.88 ms /    50 runs   (    5.06 ms per token,   197.72 tokens per second)
llama_perf_context_print:       total time =     286.32 ms /    75 tokens
llama_perf_context_print:    graphs reused =         49
[LFM2.5 2.6B] 2. short query
Llama.generate: 369 prefix-match hit, remaining 27 prompt tokens to eval
llama_perf_context_print:        load time =      47.70 ms
llama_perf_context_print: prompt eval time =      20.69 ms /    27 tokens (    0.77 ms per token,  1305.10 tokens per second)
llama_perf_context_print:        eval time =     200.66 ms /    43 runs   (    4.67 ms per token,   214.29 tokens per second)
llama_perf_context_print:       total time =     228.33 ms /    70 tokens
llama_perf_context_print:    graphs reused =         42
[LFM2.5 2.6B] 3. short query
Llama.generate: 439 prefix-match hit, remaining 29 prompt tokens to eval
llama_perf_context_print:        load time =      47.70 ms
llama_perf_context_print: prompt eval time =      17.63 ms /    29 tokens (    0.61 ms per token,  1645.20 tokens per second)
llama_perf_context_print:        eval time =     190.18 ms /    43 runs   (    4.42 ms per token,   226.10 tokens per second)
llama_perf_context_print:       total time =     214.46 ms /    72 tokens
llama_perf_context_print:    graphs reused =         42
[LFM2.5 2.6B] 4. short query
Llama.generate: 511 prefix-match hit, remaining 23 prompt tokens to eval
llama_perf_context_print:        load time =      47.70 ms
llama_perf_context_print: prompt eval time =      15.83 ms /    23 tokens (    0.69 ms per token,  1453.03 tokens per second)
llama_perf_context_print:        eval time =     201.05 ms /    47 runs   (    4.28 ms per token,   233.77 tokens per second)
llama_perf_context_print:       total time =     224.18 ms /    70 tokens
llama_perf_context_print:    graphs reused =         46
[LFM2.5 2.6B] 5. short query
Llama.generate: 581 prefix-match hit, remaining 26 prompt tokens to eval
llama_perf_context_print:        load time =      47.70 ms
llama_perf_context_print: prompt eval time =      14.28 ms /    26 tokens (    0.55 ms per token,  1820.35 tokens per second)
llama_perf_context_print:        eval time =     193.81 ms /    46 runs   (    4.21 ms per token,   237.34 tokens per second)
llama_perf_context_print:       total time =     215.39 ms /    72 tokens
llama_perf_context_print:    graphs reused =         45
[LFM2.5 2.6B] 6. short query
Llama.generate: 653 prefix-match hit, remaining 28 prompt tokens to eval
llama_perf_context_print:        load time =      47.70 ms
llama_perf_context_print: prompt eval time =      14.44 ms /    28 tokens (    0.52 ms per token,  1938.52 tokens per second)
llama_perf_context_print:        eval time =     181.09 ms /    43 runs   (    4.21 ms per token,   237.45 tokens per second)
llama_perf_context_print:       total time =     202.31 ms /    71 tokens
llama_perf_context_print:    graphs reused =         42
[LFM2.5 2.6B] 7. short query
Llama.generate: 724 prefix-match hit, remaining 24 prompt tokens to eval
llama_perf_context_print:        load time =      47.70 ms
llama_perf_context_print: prompt eval time =      14.16 ms /    24 tokens (    0.59 ms per token,  1695.15 tokens per second)
llama_perf_context_print:        eval time =     211.69 ms /    50 runs   (    4.23 ms per token,   236.20 tokens per second)
llama_perf_context_print:       total time =     233.64 ms /    74 tokens
llama_perf_context_print:    graphs reused =         48
[LFM2.5 2.6B] 8. short query
Llama.generate: 798 prefix-match hit, remaining 24 prompt tokens to eval
llama_perf_context_print:        load time =      47.70 ms
llama_perf_context_print: prompt eval time =      14.46 ms /    24 tokens (    0.60 ms per token,  1659.64 tokens per second)
llama_perf_context_print:        eval time =     181.36 ms /    43 runs   (    4.22 ms per token,   237.09 tokens per second)
llama_perf_context_print:       total time =     202.70 ms /    67 tokens
llama_perf_context_print:    graphs reused =         42
[LFM2.5 2.6B] 9. short query
Llama.generate: 865 prefix-match hit, remaining 24 prompt tokens to eval
llama_perf_context_print:        load time =      47.70 ms
llama_perf_context_print: prompt eval time =      14.56 ms /    24 tokens (    0.61 ms per token,  1647.79 tokens per second)
llama_perf_context_print:        eval time =     176.82 ms /    42 runs   (    4.21 ms per token,   237.52 tokens per second)
llama_perf_context_print:       total time =     198.04 ms /    66 tokens
llama_perf_context_print:    graphs reused =         41
[LFM2.5 2.6B] 10. short query
Llama.generate: 931 prefix-match hit, remaining 29 prompt tokens to eval
llama_perf_context_print:        load time =      47.70 ms
llama_perf_context_print: prompt eval time =      14.35 ms /    29 tokens (    0.49 ms per token,  2020.77 tokens per second)
llama_perf_context_print:        eval time =     189.10 ms /    45 runs   (    4.20 ms per token,   237.96 tokens per second)
llama_perf_context_print:       total time =     210.85 ms /    74 tokens
llama_perf_context_print:    graphs reused =         44
[LFM2.5 2.6B] 11. short query
Llama.generate: 1005 prefix-match hit, remaining 24 prompt tokens to eval
llama_perf_context_print:        load time =      47.70 ms
llama_perf_context_print: prompt eval time =      14.33 ms /    24 tokens (    0.60 ms per token,  1674.34 tokens per second)
llama_perf_context_print:        eval time =     198.05 ms /    47 runs   (    4.21 ms per token,   237.32 tokens per second)
llama_perf_context_print:       total time =     220.41 ms /    71 tokens
llama_perf_context_print:    graphs reused =         46
[LFM2.5 2.6B] 12. short query
Llama.generate: 1076 prefix-match hit, remaining 25 prompt tokens to eval
llama_perf_context_print:        load time =      47.70 ms
llama_perf_context_print: prompt eval time =      14.24 ms /    25 tokens (    0.57 ms per token,  1755.62 tokens per second)
llama_perf_context_print:        eval time =     209.65 ms /    50 runs   (    4.19 ms per token,   238.49 tokens per second)
llama_perf_context_print:       total time =     233.17 ms /    75 tokens
llama_perf_context_print:    graphs reused =         49
[LFM2.5 2.6B] 13. short query
Llama.generate: 1151 prefix-match hit, remaining 27 prompt tokens to eval
llama_perf_context_print:        load time =      47.70 ms
llama_perf_context_print: prompt eval time =      14.04 ms /    27 tokens (    0.52 ms per token,  1922.39 tokens per second)
llama_perf_context_print:        eval time =     167.89 ms /    40 runs   (    4.20 ms per token,   238.25 tokens per second)
llama_perf_context_print:       total time =     188.68 ms /    67 tokens
llama_perf_context_print:    graphs reused =         39
[LFM2.5 2.6B] 14. short query
Llama.generate: 1218 prefix-match hit, remaining 26 prompt tokens to eval
llama_perf_context_print:        load time =      47.70 ms
llama_perf_context_print: prompt eval time =      14.39 ms /    26 tokens (    0.55 ms per token,  1807.31 tokens per second)
llama_perf_context_print:        eval time =     185.50 ms /    44 runs   (    4.22 ms per token,   237.20 tokens per second)
llama_perf_context_print:       total time =     207.45 ms /    70 tokens
llama_perf_context_print:    graphs reused =         42
[LFM2.5 2.6B] 15. short query
Llama.generate: 1288 prefix-match hit, remaining 24 prompt tokens to eval
llama_perf_context_print:        load time =      47.70 ms
llama_perf_context_print: prompt eval time =      14.52 ms /    24 tokens (    0.61 ms per token,  1652.44 tokens per second)
llama_perf_context_print:        eval time =     197.55 ms /    47 runs   (    4.20 ms per token,   237.92 tokens per second)
llama_perf_context_print:       total time =     220.15 ms /    71 tokens
llama_perf_context_print:    graphs reused =         46
[LFM2.5 2.6B] 0. long query
Llama.generate: 215 prefix-match hit, remaining 83 prompt tokens to eval
llama_perf_context_print:        load time =      47.70 ms
llama_perf_context_print: prompt eval time =      20.08 ms /    83 tokens (    0.24 ms per token,  4133.67 tokens per second)
llama_perf_context_print:        eval time =     263.79 ms /    63 runs   (    4.19 ms per token,   238.83 tokens per second)
llama_perf_context_print:       total time =     297.31 ms /   146 tokens
llama_perf_context_print:    graphs reused =         62
[LFM2.5 2.6B] 1. long query
Llama.generate: 361 prefix-match hit, remaining 81 prompt tokens to eval
llama_perf_context_print:        load time =      47.70 ms
llama_perf_context_print: prompt eval time =      20.96 ms /    81 tokens (    0.26 ms per token,  3865.06 tokens per second)
llama_perf_context_print:        eval time =     253.03 ms /    61 runs   (    4.15 ms per token,   241.08 tokens per second)
llama_perf_context_print:       total time =     284.00 ms /   142 tokens
llama_perf_context_print:    graphs reused =         60
[LFM2.5 2.6B] 2. long query
Llama.generate: 503 prefix-match hit, remaining 82 prompt tokens to eval
llama_perf_context_print:        load time =      47.70 ms
llama_perf_context_print: prompt eval time =      21.68 ms /    82 tokens (    0.26 ms per token,  3782.99 tokens per second)
llama_perf_context_print:        eval time =     262.84 ms /    63 runs   (    4.17 ms per token,   239.69 tokens per second)
llama_perf_context_print:       total time =     294.91 ms /   145 tokens
llama_perf_context_print:    graphs reused =         62
[LFM2.5 2.6B] 3. long query
Llama.generate: 648 prefix-match hit, remaining 86 prompt tokens to eval
llama_perf_context_print:        load time =      47.70 ms
llama_perf_context_print: prompt eval time =      21.67 ms /    86 tokens (    0.25 ms per token,  3968.80 tokens per second)
llama_perf_context_print:        eval time =     264.06 ms /    63 runs   (    4.19 ms per token,   238.59 tokens per second)
llama_perf_context_print:       total time =     296.46 ms /   149 tokens
llama_perf_context_print:    graphs reused =         61
[LFM2.5 2.6B] 4. long query
Llama.generate: 797 prefix-match hit, remaining 90 prompt tokens to eval
llama_perf_context_print:        load time =      47.70 ms
llama_perf_context_print: prompt eval time =      21.98 ms /    90 tokens (    0.24 ms per token,  4094.07 tokens per second)
llama_perf_context_print:        eval time =     264.10 ms /    63 runs   (    4.19 ms per token,   238.55 tokens per second)
llama_perf_context_print:       total time =     297.50 ms /   153 tokens
llama_perf_context_print:    graphs reused =         62
[LFM2.5 2.6B] 5. long query
Llama.generate: 950 prefix-match hit, remaining 96 prompt tokens to eval
llama_perf_context_print:        load time =      47.70 ms
llama_perf_context_print: prompt eval time =      22.23 ms /    96 tokens (    0.23 ms per token,  4319.07 tokens per second)
llama_perf_context_print:        eval time =     263.58 ms /    63 runs   (    4.18 ms per token,   239.01 tokens per second)
llama_perf_context_print:       total time =     297.20 ms /   159 tokens
llama_perf_context_print:    graphs reused =         62
[LFM2.5 2.6B] 6. long query
Llama.generate: 1109 prefix-match hit, remaining 89 prompt tokens to eval
llama_perf_context_print:        load time =      47.70 ms
llama_perf_context_print: prompt eval time =      22.18 ms /    89 tokens (    0.25 ms per token,  4011.90 tokens per second)
llama_perf_context_print:        eval time =     263.52 ms /    63 runs   (    4.18 ms per token,   239.07 tokens per second)
llama_perf_context_print:       total time =     296.94 ms /   152 tokens
llama_perf_context_print:    graphs reused =         62
[LFM2.5 2.6B] 7. long query
Llama.generate: 1261 prefix-match hit, remaining 89 prompt tokens to eval
llama_perf_context_print:        load time =      47.70 ms
llama_perf_context_print: prompt eval time =      22.28 ms /    89 tokens (    0.25 ms per token,  3995.51 tokens per second)
llama_perf_context_print:        eval time =     266.18 ms /    63 runs   (    4.23 ms per token,   236.68 tokens per second)
llama_perf_context_print:       total time =     300.47 ms /   152 tokens
llama_perf_context_print:    graphs reused =         62
[LFM2.5 2.6B] 8. long query
Llama.generate: 1413 prefix-match hit, remaining 88 prompt tokens to eval
llama_perf_context_print:        load time =      47.70 ms
llama_perf_context_print: prompt eval time =      22.19 ms /    88 tokens (    0.25 ms per token,  3965.04 tokens per second)
llama_perf_context_print:        eval time =     266.03 ms /    63 runs   (    4.22 ms per token,   236.82 tokens per second)
llama_perf_context_print:       total time =     299.30 ms /   151 tokens
llama_perf_context_print:    graphs reused =         61
[LFM2.5 2.6B] 9. long query
Llama.generate: 1564 prefix-match hit, remaining 89 prompt tokens to eval
llama_perf_context_print:        load time =      47.70 ms
llama_perf_context_print: prompt eval time =      22.27 ms /    89 tokens (    0.25 ms per token,  3996.95 tokens per second)
llama_perf_context_print:        eval time =     265.00 ms /    63 runs   (    4.21 ms per token,   237.74 tokens per second)
llama_perf_context_print:       total time =     297.96 ms /   152 tokens
llama_perf_context_print:    graphs reused =         62
[LFM2.5 2.6B] 10. long query
Llama.generate: 1716 prefix-match hit, remaining 83 prompt tokens to eval
llama_perf_context_print:        load time =      47.70 ms
llama_perf_context_print: prompt eval time =      22.52 ms /    83 tokens (    0.27 ms per token,  3686.43 tokens per second)
llama_perf_context_print:        eval time =     265.61 ms /    63 runs   (    4.22 ms per token,   237.19 tokens per second)
llama_perf_context_print:       total time =     298.95 ms /   146 tokens
llama_perf_context_print:    graphs reused =         62
[LFM2.5 2.6B] 11. long query
Llama.generate: 1862 prefix-match hit, remaining 85 prompt tokens to eval
llama_perf_context_print:        load time =      47.70 ms
llama_perf_context_print: prompt eval time =      22.46 ms /    85 tokens (    0.26 ms per token,  3784.51 tokens per second)
llama_perf_context_print:        eval time =     265.67 ms /    63 runs   (    4.22 ms per token,   237.14 tokens per second)
llama_perf_context_print:       total time =     299.04 ms /   148 tokens
llama_perf_context_print:    graphs reused =         62
[LFM2.5 2.6B] 12. long query
Llama.generate: 2010 prefix-match hit, remaining 91 prompt tokens to eval
llama_perf_context_print:        load time =      47.70 ms
llama_perf_context_print: prompt eval time =      22.95 ms /    91 tokens (    0.25 ms per token,  3965.14 tokens per second)
llama_perf_context_print:        eval time =     267.07 ms /    63 runs   (    4.24 ms per token,   235.90 tokens per second)
llama_perf_context_print:       total time =     301.71 ms /   154 tokens
llama_perf_context_print:    graphs reused =         62
[LFM2.5 2.6B] 13. long query
Llama.generate: 2164 prefix-match hit, remaining 87 prompt tokens to eval
llama_perf_context_print:        load time =      47.70 ms
llama_perf_context_print: prompt eval time =      22.54 ms /    87 tokens (    0.26 ms per token,  3860.15 tokens per second)
llama_perf_context_print:        eval time =     267.86 ms /    63 runs   (    4.25 ms per token,   235.20 tokens per second)
llama_perf_context_print:       total time =     301.85 ms /   150 tokens
llama_perf_context_print:    graphs reused =         61
[LFM2.5 2.6B] 14. long query
Llama.generate: 2314 prefix-match hit, remaining 90 prompt tokens to eval
llama_perf_context_print:        load time =      47.70 ms
llama_perf_context_print: prompt eval time =      23.01 ms /    90 tokens (    0.26 ms per token,  3911.34 tokens per second)
llama_perf_context_print:        eval time =     267.54 ms /    63 runs   (    4.25 ms per token,   235.48 tokens per second)
llama_perf_context_print:       total time =     302.37 ms /   153 tokens
llama_perf_context_print:    graphs reused =         62
[LFM2.5 2.6B] 15. long query
Llama.generate: 2467 prefix-match hit, remaining 96 prompt tokens to eval
llama_perf_context_print:        load time =      47.70 ms
llama_perf_context_print: prompt eval time =      24.76 ms /    96 tokens (    0.26 ms per token,  3876.91 tokens per second)
llama_perf_context_print:        eval time =     268.26 ms /    63 runs   (    4.26 ms per token,   234.85 tokens per second)
llama_perf_context_print:       total time =     304.69 ms /   159 tokens
llama_perf_context_print:    graphs reused =         62
~llama_context:    Vulkan0 compute buffer size is 278.0078 MiB, matches expectation of 278.0078 MiB
~llama_context: Vulkan_Host compute buffer size is  18.0196 MiB, matches expectation of  18.0196 MiB
--- MiniCPM5 2B ---
[MiniCPM5 2B] 0. short query
Llama.generate: 210 prefix-match hit, remaining 23 prompt tokens to eval
llama_perf_context_print:        load time =      43.91 ms
llama_perf_context_print: prompt eval time =      24.53 ms /    23 tokens (    1.07 ms per token,   937.59 tokens per second)
llama_perf_context_print:        eval time =      83.91 ms /    14 runs   (    5.99 ms per token,   166.85 tokens per second)
llama_perf_context_print:       total time =     110.67 ms /    37 tokens
llama_perf_context_print:    graphs reused =         13
[MiniCPM5 2B] 1. short query
Llama.generate: 247 prefix-match hit, remaining 25 prompt tokens to eval
llama_perf_context_print:        load time =      43.91 ms
llama_perf_context_print: prompt eval time =      27.26 ms /    25 tokens (    1.09 ms per token,   916.96 tokens per second)
llama_perf_context_print:        eval time =      66.71 ms /    11 runs   (    6.06 ms per token,   164.89 tokens per second)
llama_perf_context_print:       total time =      95.82 ms /    36 tokens
llama_perf_context_print:    graphs reused =         10
[MiniCPM5 2B] 2. short query
Llama.generate: 283 prefix-match hit, remaining 26 prompt tokens to eval
llama_perf_context_print:        load time =      43.91 ms
llama_perf_context_print: prompt eval time =      26.51 ms /    26 tokens (    1.02 ms per token,   980.69 tokens per second)
llama_perf_context_print:        eval time =      66.58 ms /    11 runs   (    6.05 ms per token,   165.23 tokens per second)
llama_perf_context_print:       total time =      94.77 ms /    37 tokens
llama_perf_context_print:    graphs reused =         10
[MiniCPM5 2B] 3. short query
Llama.generate: 320 prefix-match hit, remaining 27 prompt tokens to eval
llama_perf_context_print:        load time =      43.91 ms
llama_perf_context_print: prompt eval time =      26.88 ms /    27 tokens (    1.00 ms per token,  1004.35 tokens per second)
llama_perf_context_print:        eval time =      60.96 ms /    10 runs   (    6.10 ms per token,   164.03 tokens per second)
llama_perf_context_print:       total time =      89.54 ms /    37 tokens
llama_perf_context_print:    graphs reused =          9
[MiniCPM5 2B] 4. short query
Llama.generate: 357 prefix-match hit, remaining 23 prompt tokens to eval
llama_perf_context_print:        load time =      43.91 ms
llama_perf_context_print: prompt eval time =      26.01 ms /    23 tokens (    1.13 ms per token,   884.24 tokens per second)
llama_perf_context_print:        eval time =      54.85 ms /     9 runs   (    6.09 ms per token,   164.09 tokens per second)
llama_perf_context_print:       total time =      82.29 ms /    32 tokens
llama_perf_context_print:    graphs reused =          8
[MiniCPM5 2B] 5. short query
Llama.generate: 389 prefix-match hit, remaining 26 prompt tokens to eval
llama_perf_context_print:        load time =      43.91 ms
llama_perf_context_print: prompt eval time =      26.65 ms /    26 tokens (    1.02 ms per token,   975.76 tokens per second)
llama_perf_context_print:        eval time =      83.98 ms /    14 runs   (    6.00 ms per token,   166.70 tokens per second)
llama_perf_context_print:       total time =     112.87 ms /    40 tokens
llama_perf_context_print:    graphs reused =         13
[MiniCPM5 2B] 6. short query
Llama.generate: 429 prefix-match hit, remaining 27 prompt tokens to eval
llama_perf_context_print:        load time =      43.91 ms
llama_perf_context_print: prompt eval time =      25.49 ms /    27 tokens (    0.94 ms per token,  1059.36 tokens per second)
llama_perf_context_print:        eval time =      52.33 ms /     9 runs   (    5.81 ms per token,   171.98 tokens per second)
llama_perf_context_print:       total time =      79.28 ms /    36 tokens
llama_perf_context_print:    graphs reused =          8
[MiniCPM5 2B] 7. short query
Llama.generate: 465 prefix-match hit, remaining 23 prompt tokens to eval
llama_perf_context_print:        load time =      43.91 ms
llama_perf_context_print: prompt eval time =      23.79 ms /    23 tokens (    1.03 ms per token,   966.71 tokens per second)
llama_perf_context_print:        eval time =      72.40 ms /    13 runs   (    5.57 ms per token,   179.56 tokens per second)
llama_perf_context_print:       total time =      98.33 ms /    36 tokens
llama_perf_context_print:    graphs reused =         12
[MiniCPM5 2B] 8. short query
Llama.generate: 501 prefix-match hit, remaining 24 prompt tokens to eval
llama_perf_context_print:        load time =      43.91 ms
llama_perf_context_print: prompt eval time =      22.38 ms /    24 tokens (    0.93 ms per token,  1072.53 tokens per second)
llama_perf_context_print:        eval time =      71.23 ms /    13 runs   (    5.48 ms per token,   182.50 tokens per second)
llama_perf_context_print:       total time =      95.65 ms /    37 tokens
llama_perf_context_print:    graphs reused =         12
[MiniCPM5 2B] 9. short query
Llama.generate: 538 prefix-match hit, remaining 24 prompt tokens to eval
llama_perf_context_print:        load time =      43.91 ms
llama_perf_context_print: prompt eval time =      21.46 ms /    24 tokens (    0.89 ms per token,  1118.36 tokens per second)
llama_perf_context_print:        eval time =      74.40 ms /    14 runs   (    5.31 ms per token,   188.17 tokens per second)
llama_perf_context_print:       total time =      98.09 ms /    38 tokens
llama_perf_context_print:    graphs reused =         13
[MiniCPM5 2B] 10. short query
Llama.generate: 576 prefix-match hit, remaining 29 prompt tokens to eval
llama_perf_context_print:        load time =      43.91 ms
llama_perf_context_print: prompt eval time =      20.73 ms /    29 tokens (    0.71 ms per token,  1399.28 tokens per second)
llama_perf_context_print:        eval time =      52.46 ms /    10 runs   (    5.25 ms per token,   190.64 tokens per second)
llama_perf_context_print:       total time =      74.75 ms /    39 tokens
llama_perf_context_print:    graphs reused =          9
[MiniCPM5 2B] 11. short query
Llama.generate: 615 prefix-match hit, remaining 24 prompt tokens to eval
llama_perf_context_print:        load time =      43.91 ms
llama_perf_context_print: prompt eval time =      19.59 ms /    24 tokens (    0.82 ms per token,  1225.30 tokens per second)
llama_perf_context_print:        eval time =      66.83 ms /    13 runs   (    5.14 ms per token,   194.51 tokens per second)
llama_perf_context_print:       total time =      88.53 ms /    37 tokens
llama_perf_context_print:    graphs reused =         12
[MiniCPM5 2B] 12. short query
Llama.generate: 652 prefix-match hit, remaining 25 prompt tokens to eval
llama_perf_context_print:        load time =      43.91 ms
llama_perf_context_print: prompt eval time =      19.44 ms /    25 tokens (    0.78 ms per token,  1285.81 tokens per second)
llama_perf_context_print:        eval time =      79.95 ms /    16 runs   (    5.00 ms per token,   200.13 tokens per second)
llama_perf_context_print:       total time =     101.87 ms /    41 tokens
llama_perf_context_print:    graphs reused =         15
[MiniCPM5 2B] 13. short query
Llama.generate: 693 prefix-match hit, remaining 27 prompt tokens to eval
llama_perf_context_print:        load time =      43.91 ms
llama_perf_context_print: prompt eval time =      19.13 ms /    27 tokens (    0.71 ms per token,  1411.69 tokens per second)
llama_perf_context_print:        eval time =      54.73 ms /    11 runs   (    4.98 ms per token,   200.97 tokens per second)
llama_perf_context_print:       total time =      75.68 ms /    38 tokens
llama_perf_context_print:    graphs reused =         10
[MiniCPM5 2B] 14. short query
Llama.generate: 731 prefix-match hit, remaining 25 prompt tokens to eval
llama_perf_context_print:        load time =      43.91 ms
llama_perf_context_print: prompt eval time =      18.55 ms /    25 tokens (    0.74 ms per token,  1347.42 tokens per second)
llama_perf_context_print:        eval time =      74.41 ms /    15 runs   (    4.96 ms per token,   201.60 tokens per second)
llama_perf_context_print:       total time =      95.31 ms /    40 tokens
llama_perf_context_print:    graphs reused =         13
[MiniCPM5 2B] 15. short query
Llama.generate: 771 prefix-match hit, remaining 24 prompt tokens to eval
llama_perf_context_print:        load time =      43.91 ms
llama_perf_context_print: prompt eval time =      17.84 ms /    24 tokens (    0.74 ms per token,  1345.67 tokens per second)
llama_perf_context_print:        eval time =      68.07 ms /    14 runs   (    4.86 ms per token,   205.66 tokens per second)
llama_perf_context_print:       total time =      88.16 ms /    38 tokens
llama_perf_context_print:    graphs reused =         13
[MiniCPM5 2B] 0. long query
Llama.generate: 210 prefix-match hit, remaining 79 prompt tokens to eval
llama_perf_context_print:        load time =      43.91 ms
llama_perf_context_print: prompt eval time =      24.77 ms /    79 tokens (    0.31 ms per token,  3189.73 tokens per second)
llama_perf_context_print:        eval time =     150.36 ms /    33 runs   (    4.56 ms per token,   219.47 tokens per second)
llama_perf_context_print:       total time =     180.33 ms /   112 tokens
llama_perf_context_print:    graphs reused =         32
[MiniCPM5 2B] 1. long query
Llama.generate: 322 prefix-match hit, remaining 76 prompt tokens to eval
llama_perf_context_print:        load time =      43.91 ms
llama_perf_context_print: prompt eval time =      24.78 ms /    76 tokens (    0.33 ms per token,  3067.48 tokens per second)
llama_perf_context_print:        eval time =     117.61 ms /    26 runs   (    4.52 ms per token,   221.06 tokens per second)
llama_perf_context_print:       total time =     146.52 ms /   102 tokens
llama_perf_context_print:    graphs reused =         25
[MiniCPM5 2B] 2. long query
Llama.generate: 424 prefix-match hit, remaining 76 prompt tokens to eval
llama_perf_context_print:        load time =      43.91 ms
llama_perf_context_print: prompt eval time =      25.08 ms /    76 tokens (    0.33 ms per token,  3030.67 tokens per second)
llama_perf_context_print:        eval time =      79.13 ms /    17 runs   (    4.65 ms per token,   214.83 tokens per second)
llama_perf_context_print:       total time =     107.00 ms /    93 tokens
llama_perf_context_print:    graphs reused =         15
[MiniCPM5 2B] 3. long query
Llama.generate: 517 prefix-match hit, remaining 81 prompt tokens to eval
llama_perf_context_print:        load time =      43.91 ms
llama_perf_context_print: prompt eval time =      25.71 ms /    81 tokens (    0.32 ms per token,  3150.65 tokens per second)
llama_perf_context_print:        eval time =      87.47 ms /    19 runs   (    4.60 ms per token,   217.22 tokens per second)
llama_perf_context_print:       total time =     116.23 ms /   100 tokens
llama_perf_context_print:    graphs reused =         18
[MiniCPM5 2B] 4. long query
Llama.generate: 617 prefix-match hit, remaining 87 prompt tokens to eval
llama_perf_context_print:        load time =      43.91 ms
llama_perf_context_print: prompt eval time =      25.56 ms /    87 tokens (    0.29 ms per token,  3403.76 tokens per second)
llama_perf_context_print:        eval time =      87.17 ms /    19 runs   (    4.59 ms per token,   217.96 tokens per second)
llama_perf_context_print:       total time =     115.71 ms /   106 tokens
llama_perf_context_print:    graphs reused =         18
[MiniCPM5 2B] 5. long query
Llama.generate: 723 prefix-match hit, remaining 86 prompt tokens to eval
llama_perf_context_print:        load time =      43.91 ms
llama_perf_context_print: prompt eval time =      26.15 ms /    86 tokens (    0.30 ms per token,  3288.22 tokens per second)
llama_perf_context_print:        eval time =     124.04 ms /    27 runs   (    4.59 ms per token,   217.68 tokens per second)
llama_perf_context_print:       total time =     154.41 ms /   113 tokens
llama_perf_context_print:    graphs reused =         26
[MiniCPM5 2B] 6. long query
Llama.generate: 836 prefix-match hit, remaining 83 prompt tokens to eval
llama_perf_context_print:        load time =      43.91 ms
llama_perf_context_print: prompt eval time =      25.96 ms /    83 tokens (    0.31 ms per token,  3196.98 tokens per second)
llama_perf_context_print:        eval time =     114.70 ms /    25 runs   (    4.59 ms per token,   217.95 tokens per second)
llama_perf_context_print:       total time =     144.61 ms /   108 tokens
llama_perf_context_print:    graphs reused =         24
[MiniCPM5 2B] 7. long query
Llama.generate: 944 prefix-match hit, remaining 86 prompt tokens to eval
llama_perf_context_print:        load time =      43.91 ms
llama_perf_context_print: prompt eval time =      27.44 ms /    86 tokens (    0.32 ms per token,  3133.65 tokens per second)
llama_perf_context_print:        eval time =     140.25 ms /    31 runs   (    4.52 ms per token,   221.03 tokens per second)
llama_perf_context_print:       total time =     172.56 ms /   117 tokens
llama_perf_context_print:    graphs reused =         30
[MiniCPM5 2B] 8. long query
Llama.generate: 1061 prefix-match hit, remaining 83 prompt tokens to eval
llama_perf_context_print:        load time =      43.91 ms
llama_perf_context_print: prompt eval time =      27.19 ms /    83 tokens (    0.33 ms per token,  3052.14 tokens per second)
llama_perf_context_print:        eval time =     122.21 ms /    27 runs   (    4.53 ms per token,   220.93 tokens per second)
llama_perf_context_print:       total time =     153.79 ms /   110 tokens
llama_perf_context_print:    graphs reused =         26
[MiniCPM5 2B] 9. long query
Llama.generate: 1171 prefix-match hit, remaining 83 prompt tokens to eval
llama_perf_context_print:        load time =      43.91 ms
llama_perf_context_print: prompt eval time =      27.19 ms /    83 tokens (    0.33 ms per token,  3052.26 tokens per second)
llama_perf_context_print:        eval time =     137.11 ms /    30 runs   (    4.57 ms per token,   218.80 tokens per second)
llama_perf_context_print:       total time =     169.18 ms /   113 tokens
llama_perf_context_print:    graphs reused =         28
[MiniCPM5 2B] 10. long query
Llama.generate: 1284 prefix-match hit, remaining 80 prompt tokens to eval
llama_perf_context_print:        load time =      43.91 ms
llama_perf_context_print: prompt eval time =      27.62 ms /    80 tokens (    0.35 ms per token,  2896.77 tokens per second)
llama_perf_context_print:        eval time =     104.47 ms /    23 runs   (    4.54 ms per token,   220.16 tokens per second)
llama_perf_context_print:       total time =     135.81 ms /   103 tokens
llama_perf_context_print:    graphs reused =         22
[MiniCPM5 2B] 11. long query
Llama.generate: 1387 prefix-match hit, remaining 83 prompt tokens to eval
llama_perf_context_print:        load time =      43.91 ms
llama_perf_context_print: prompt eval time =      28.92 ms /    83 tokens (    0.35 ms per token,  2870.09 tokens per second)
llama_perf_context_print:        eval time =     126.80 ms /    28 runs   (    4.53 ms per token,   220.82 tokens per second)
llama_perf_context_print:       total time =     160.24 ms /   111 tokens
llama_perf_context_print:    graphs reused =         27
[MiniCPM5 2B] 12. long query
Llama.generate: 1498 prefix-match hit, remaining 87 prompt tokens to eval
llama_perf_context_print:        load time =      43.91 ms
llama_perf_context_print: prompt eval time =      29.03 ms /    87 tokens (    0.33 ms per token,  2996.90 tokens per second)
llama_perf_context_print:        eval time =     132.22 ms /    29 runs   (    4.56 ms per token,   219.34 tokens per second)
llama_perf_context_print:       total time =     166.07 ms /   116 tokens
llama_perf_context_print:    graphs reused =         28
[MiniCPM5 2B] 13. long query
Llama.generate: 1614 prefix-match hit, remaining 81 prompt tokens to eval
llama_perf_context_print:        load time =      43.91 ms
llama_perf_context_print: prompt eval time =      28.55 ms /    81 tokens (    0.35 ms per token,  2837.13 tokens per second)
llama_perf_context_print:        eval time =     145.70 ms /    32 runs   (    4.55 ms per token,   219.63 tokens per second)
llama_perf_context_print:       total time =     179.50 ms /   113 tokens
llama_perf_context_print:    graphs reused =         31
[MiniCPM5 2B] 14. long query
Llama.generate: 1727 prefix-match hit, remaining 87 prompt tokens to eval
llama_perf_context_print:        load time =      43.91 ms
llama_perf_context_print: prompt eval time =      29.55 ms /    87 tokens (    0.34 ms per token,  2943.76 tokens per second)
llama_perf_context_print:        eval time =     133.66 ms /    29 runs   (    4.61 ms per token,   216.97 tokens per second)
llama_perf_context_print:       total time =     167.87 ms /   116 tokens
llama_perf_context_print:    graphs reused =         28
[MiniCPM5 2B] 15. long query
Llama.generate: 1843 prefix-match hit, remaining 90 prompt tokens to eval
llama_perf_context_print:        load time =      43.91 ms
llama_perf_context_print: prompt eval time =      30.00 ms /    90 tokens (    0.33 ms per token,  2999.70 tokens per second)
llama_perf_context_print:        eval time =     142.91 ms /    31 runs   (    4.61 ms per token,   216.91 tokens per second)
llama_perf_context_print:       total time =     178.06 ms /   121 tokens
llama_perf_context_print:    graphs reused =         30
~llama_context:    Vulkan0 compute buffer size is 263.0000 MiB, matches expectation of 263.0000 MiB
~llama_context: Vulkan_Host compute buffer size is  17.0157 MiB, matches expectation of  17.0157 MiB
--- Qwen3.5 2B ---
[Qwen3.5 2B] 0. short query
Llama.generate: 211 prefix-match hit, remaining 24 prompt tokens to eval
llama_perf_context_print:        load time =      40.88 ms
llama_perf_context_print: prompt eval time =      18.60 ms /    24 tokens (    0.77 ms per token,  1290.60 tokens per second)
llama_perf_context_print:        eval time =     236.15 ms /    44 runs   (    5.37 ms per token,   186.32 tokens per second)
llama_perf_context_print:       total time =     264.61 ms /    68 tokens
llama_perf_context_print:    graphs reused =         42
[Qwen3.5 2B] 1. short query
Llama.generate: 279 prefix-match hit, remaining 25 prompt tokens to eval
llama_perf_context_print:        load time =      40.88 ms
llama_perf_context_print: prompt eval time =      20.01 ms /    25 tokens (    0.80 ms per token,  1249.38 tokens per second)
llama_perf_context_print:        eval time =     176.42 ms /    33 runs   (    5.35 ms per token,   187.05 tokens per second)
llama_perf_context_print:       total time =     203.81 ms /    58 tokens
llama_perf_context_print:    graphs reused =         32
[Qwen3.5 2B] 2. short query
Llama.generate: 337 prefix-match hit, remaining 26 prompt tokens to eval
llama_perf_context_print:        load time =      40.88 ms
llama_perf_context_print: prompt eval time =      19.75 ms /    26 tokens (    0.76 ms per token,  1316.52 tokens per second)
llama_perf_context_print:        eval time =     222.50 ms /    43 runs   (    5.17 ms per token,   193.26 tokens per second)
llama_perf_context_print:       total time =     252.14 ms /    69 tokens
llama_perf_context_print:    graphs reused =         42
[Qwen3.5 2B] 3. short query
Llama.generate: 406 prefix-match hit, remaining 27 prompt tokens to eval
llama_perf_context_print:        load time =      40.88 ms
llama_perf_context_print: prompt eval time =      17.24 ms /    27 tokens (    0.64 ms per token,  1565.85 tokens per second)
llama_perf_context_print:        eval time =     210.98 ms /    45 runs   (    4.69 ms per token,   213.29 tokens per second)
llama_perf_context_print:       total time =     238.77 ms /    72 tokens
llama_perf_context_print:    graphs reused =         44
[Qwen3.5 2B] 4. short query
Llama.generate: 478 prefix-match hit, remaining 23 prompt tokens to eval
llama_perf_context_print:        load time =      40.88 ms
llama_perf_context_print: prompt eval time =      14.73 ms /    23 tokens (    0.64 ms per token,  1561.33 tokens per second)
llama_perf_context_print:        eval time =     196.47 ms /    44 runs   (    4.47 ms per token,   223.95 tokens per second)
llama_perf_context_print:       total time =     221.83 ms /    67 tokens
llama_perf_context_print:    graphs reused =         42
[Qwen3.5 2B] 5. short query
Llama.generate: 545 prefix-match hit, remaining 26 prompt tokens to eval
llama_perf_context_print:        load time =      40.88 ms
llama_perf_context_print: prompt eval time =      13.99 ms /    26 tokens (    0.54 ms per token,  1858.34 tokens per second)
llama_perf_context_print:        eval time =     208.21 ms /    49 runs   (    4.25 ms per token,   235.34 tokens per second)
llama_perf_context_print:       total time =     233.47 ms /    75 tokens
llama_perf_context_print:    graphs reused =         48
[Qwen3.5 2B] 6. short query
Llama.generate: 620 prefix-match hit, remaining 28 prompt tokens to eval
llama_perf_context_print:        load time =      40.88 ms
llama_perf_context_print: prompt eval time =      12.62 ms /    28 tokens (    0.45 ms per token,  2218.88 tokens per second)
llama_perf_context_print:        eval time =     185.15 ms /    45 runs   (    4.11 ms per token,   243.04 tokens per second)
llama_perf_context_print:       total time =     208.51 ms /    73 tokens
llama_perf_context_print:    graphs reused =         44
[Qwen3.5 2B] 7. short query
Llama.generate: 693 prefix-match hit, remaining 23 prompt tokens to eval
llama_perf_context_print:        load time =      40.88 ms
llama_perf_context_print: prompt eval time =      11.97 ms /    23 tokens (    0.52 ms per token,  1920.67 tokens per second)
llama_perf_context_print:        eval time =     191.08 ms /    47 runs   (    4.07 ms per token,   245.98 tokens per second)
llama_perf_context_print:       total time =     213.90 ms /    70 tokens
llama_perf_context_print:    graphs reused =         46
[Qwen3.5 2B] 8. short query
Llama.generate: 763 prefix-match hit, remaining 24 prompt tokens to eval
llama_perf_context_print:        load time =      40.88 ms
llama_perf_context_print: prompt eval time =      12.12 ms /    24 tokens (    0.51 ms per token,  1979.87 tokens per second)
llama_perf_context_print:        eval time =     195.42 ms /    48 runs   (    4.07 ms per token,   245.62 tokens per second)
llama_perf_context_print:       total time =     218.92 ms /    72 tokens
llama_perf_context_print:    graphs reused =         47
[Qwen3.5 2B] 9. short query
Llama.generate: 835 prefix-match hit, remaining 24 prompt tokens to eval
llama_perf_context_print:        load time =      40.88 ms
llama_perf_context_print: prompt eval time =      11.80 ms /    24 tokens (    0.49 ms per token,  2033.21 tokens per second)
llama_perf_context_print:        eval time =     183.15 ms /    45 runs   (    4.07 ms per token,   245.70 tokens per second)
llama_perf_context_print:       total time =     205.79 ms /    69 tokens
llama_perf_context_print:    graphs reused =         44
[Qwen3.5 2B] 10. short query
Llama.generate: 904 prefix-match hit, remaining 29 prompt tokens to eval
llama_perf_context_print:        load time =      40.88 ms
llama_perf_context_print: prompt eval time =      12.11 ms /    29 tokens (    0.42 ms per token,  2394.12 tokens per second)
llama_perf_context_print:        eval time =     182.91 ms /    45 runs   (    4.06 ms per token,   246.03 tokens per second)
llama_perf_context_print:       total time =     205.59 ms /    74 tokens
llama_perf_context_print:    graphs reused =         44
[Qwen3.5 2B] 11. short query
Llama.generate: 978 prefix-match hit, remaining 24 prompt tokens to eval
llama_perf_context_print:        load time =      40.88 ms
llama_perf_context_print: prompt eval time =      12.09 ms /    24 tokens (    0.50 ms per token,  1985.60 tokens per second)
llama_perf_context_print:        eval time =     195.52 ms /    48 runs   (    4.07 ms per token,   245.50 tokens per second)
llama_perf_context_print:       total time =     219.19 ms /    72 tokens
llama_perf_context_print:    graphs reused =         46
[Qwen3.5 2B] 12. short query
Llama.generate: 1050 prefix-match hit, remaining 25 prompt tokens to eval
llama_perf_context_print:        load time =      40.88 ms
llama_perf_context_print: prompt eval time =      11.97 ms /    25 tokens (    0.48 ms per token,  2087.68 tokens per second)
llama_perf_context_print:        eval time =     206.14 ms /    51 runs   (    4.04 ms per token,   247.40 tokens per second)
llama_perf_context_print:       total time =     230.01 ms /    76 tokens
llama_perf_context_print:    graphs reused =         50
[Qwen3.5 2B] 13. short query
Llama.generate: 1126 prefix-match hit, remaining 26 prompt tokens to eval
llama_perf_context_print:        load time =      40.88 ms
llama_perf_context_print: prompt eval time =      11.86 ms /    26 tokens (    0.46 ms per token,  2191.50 tokens per second)
llama_perf_context_print:        eval time =     170.05 ms /    42 runs   (    4.05 ms per token,   246.98 tokens per second)
llama_perf_context_print:       total time =     192.06 ms /    68 tokens
llama_perf_context_print:    graphs reused =         41
[Qwen3.5 2B] 14. short query
Llama.generate: 1194 prefix-match hit, remaining 26 prompt tokens to eval
llama_perf_context_print:        load time =      40.88 ms
llama_perf_context_print: prompt eval time =      11.79 ms /    26 tokens (    0.45 ms per token,  2206.01 tokens per second)
llama_perf_context_print:        eval time =     205.34 ms /    51 runs   (    4.03 ms per token,   248.36 tokens per second)
llama_perf_context_print:       total time =     229.04 ms /    77 tokens
llama_perf_context_print:    graphs reused =         50
[Qwen3.5 2B] 15. short query
Llama.generate: 1271 prefix-match hit, remaining 24 prompt tokens to eval
llama_perf_context_print:        load time =      40.88 ms
llama_perf_context_print: prompt eval time =      11.90 ms /    24 tokens (    0.50 ms per token,  2017.15 tokens per second)
llama_perf_context_print:        eval time =     197.93 ms /    49 runs   (    4.04 ms per token,   247.57 tokens per second)
llama_perf_context_print:       total time =     221.64 ms /    73 tokens
llama_perf_context_print:    graphs reused =         48
[Qwen3.5 2B] 0. long query
Llama.generate: 211 prefix-match hit, remaining 80 prompt tokens to eval
llama_perf_context_print:        load time =      40.88 ms
llama_perf_context_print: prompt eval time =      16.00 ms /    80 tokens (    0.20 ms per token,  4999.69 tokens per second)
llama_perf_context_print:        eval time =     184.22 ms /    46 runs   (    4.00 ms per token,   249.70 tokens per second)
llama_perf_context_print:       total time =     211.59 ms /   126 tokens
llama_perf_context_print:    graphs reused =         45
[Qwen3.5 2B] 1. long query
Llama.generate: 337 prefix-match hit, remaining 78 prompt tokens to eval
llama_perf_context_print:        load time =      40.88 ms
llama_perf_context_print: prompt eval time =      17.38 ms /    78 tokens (    0.22 ms per token,  4488.95 tokens per second)
llama_perf_context_print:        eval time =     188.42 ms /    47 runs   (    4.01 ms per token,   249.44 tokens per second)
llama_perf_context_print:       total time =     217.03 ms /   125 tokens
llama_perf_context_print:    graphs reused =         46
[Qwen3.5 2B] 2. long query
Llama.generate: 462 prefix-match hit, remaining 77 prompt tokens to eval
llama_perf_context_print:        load time =      40.88 ms
llama_perf_context_print: prompt eval time =      17.41 ms /    77 tokens (    0.23 ms per token,  4423.00 tokens per second)
llama_perf_context_print:        eval time =     172.54 ms /    43 runs   (    4.01 ms per token,   249.21 tokens per second)
llama_perf_context_print:       total time =     200.54 ms /   120 tokens
llama_perf_context_print:    graphs reused =         42
[Qwen3.5 2B] 3. long query
Llama.generate: 582 prefix-match hit, remaining 82 prompt tokens to eval
llama_perf_context_print:        load time =      40.88 ms
llama_perf_context_print: prompt eval time =      17.50 ms /    82 tokens (    0.21 ms per token,  4685.71 tokens per second)
llama_perf_context_print:        eval time =     200.45 ms /    50 runs   (    4.01 ms per token,   249.44 tokens per second)
llama_perf_context_print:       total time =     229.82 ms /   132 tokens
llama_perf_context_print:    graphs reused =         49
[Qwen3.5 2B] 4. long query
Llama.generate: 714 prefix-match hit, remaining 87 prompt tokens to eval
llama_perf_context_print:        load time =      40.88 ms
llama_perf_context_print: prompt eval time =      17.72 ms /    87 tokens (    0.20 ms per token,  4908.88 tokens per second)
llama_perf_context_print:        eval time =     213.02 ms /    53 runs   (    4.02 ms per token,   248.80 tokens per second)
llama_perf_context_print:       total time =     243.87 ms /   140 tokens
llama_perf_context_print:    graphs reused =         52
[Qwen3.5 2B] 5. long query
Llama.generate: 807 prefix-match found but partial kv removal not supported, re-evaluating full prompt
llama_perf_context_print:        load time =      40.88 ms
llama_perf_context_print: prompt eval time =      73.65 ms /   940 tokens (    0.08 ms per token, 12763.42 tokens per second)
llama_perf_context_print:        eval time =     196.88 ms /    49 runs   (    4.02 ms per token,   248.88 tokens per second)
llama_perf_context_print:       total time =     282.54 ms /   989 tokens
llama_perf_context_print:    graphs reused =         48
[Qwen3.5 2B] 6. long query
Llama.generate: 989 prefix-match hit, remaining 81 prompt tokens to eval
llama_perf_context_print:        load time =      40.88 ms
llama_perf_context_print: prompt eval time =      17.65 ms /    81 tokens (    0.22 ms per token,  4589.50 tokens per second)
llama_perf_context_print:        eval time =     193.21 ms /    48 runs   (    4.03 ms per token,   248.44 tokens per second)
llama_perf_context_print:       total time =     222.19 ms /   129 tokens
llama_perf_context_print:    graphs reused =         47
[Qwen3.5 2B] 7. long query
Llama.generate: 1118 prefix-match hit, remaining 87 prompt tokens to eval
llama_perf_context_print:        load time =      40.88 ms
llama_perf_context_print: prompt eval time =      18.29 ms /    87 tokens (    0.21 ms per token,  4755.66 tokens per second)
llama_perf_context_print:        eval time =     217.43 ms /    54 runs   (    4.03 ms per token,   248.36 tokens per second)
llama_perf_context_print:       total time =     249.16 ms /   141 tokens
llama_perf_context_print:    graphs reused =         53
[Qwen3.5 2B] 8. long query
Llama.generate: 1259 prefix-match hit, remaining 83 prompt tokens to eval
llama_perf_context_print:        load time =      40.88 ms
llama_perf_context_print: prompt eval time =      17.59 ms /    83 tokens (    0.21 ms per token,  4718.86 tokens per second)
llama_perf_context_print:        eval time =     229.69 ms /    57 runs   (    4.03 ms per token,   248.16 tokens per second)
llama_perf_context_print:       total time =     260.71 ms /   140 tokens
llama_perf_context_print:    graphs reused =         56
[Qwen3.5 2B] 9. long query
Llama.generate: 1399 prefix-match hit, remaining 84 prompt tokens to eval
llama_perf_context_print:        load time =      40.88 ms
llama_perf_context_print: prompt eval time =      19.25 ms /    84 tokens (    0.23 ms per token,  4363.41 tokens per second)
llama_perf_context_print:        eval time =     222.82 ms /    55 runs   (    4.05 ms per token,   246.83 tokens per second)
llama_perf_context_print:       total time =     255.98 ms /   139 tokens
llama_perf_context_print:    graphs reused =         53
[Qwen3.5 2B] 10. long query
Llama.generate: 1538 prefix-match hit, remaining 79 prompt tokens to eval
llama_perf_context_print:        load time =      40.88 ms
llama_perf_context_print: prompt eval time =      18.84 ms /    79 tokens (    0.24 ms per token,  4193.21 tokens per second)
llama_perf_context_print:        eval time =     210.21 ms /    52 runs   (    4.04 ms per token,   247.37 tokens per second)
llama_perf_context_print:       total time =     241.71 ms /   131 tokens
llama_perf_context_print:    graphs reused =         51
[Qwen3.5 2B] 11. long query
Llama.generate: 1669 prefix-match hit, remaining 83 prompt tokens to eval
llama_perf_context_print:        load time =      40.88 ms
llama_perf_context_print: prompt eval time =      17.85 ms /    83 tokens (    0.22 ms per token,  4649.08 tokens per second)
llama_perf_context_print:        eval time =     211.61 ms /    52 runs   (    4.07 ms per token,   245.73 tokens per second)
llama_perf_context_print:       total time =     242.52 ms /   135 tokens
llama_perf_context_print:    graphs reused =         50
[Qwen3.5 2B] 12. long query
Llama.generate: 1804 prefix-match hit, remaining 87 prompt tokens to eval
llama_perf_context_print:        load time =      40.88 ms
llama_perf_context_print: prompt eval time =      19.22 ms /    87 tokens (    0.22 ms per token,  4525.83 tokens per second)
llama_perf_context_print:        eval time =     210.60 ms /    52 runs   (    4.05 ms per token,   246.91 tokens per second)
llama_perf_context_print:       total time =     242.76 ms /   139 tokens
llama_perf_context_print:    graphs reused =         51
[Qwen3.5 2B] 13. long query
Llama.generate: 1943 prefix-match hit, remaining 84 prompt tokens to eval
llama_perf_context_print:        load time =      40.88 ms
llama_perf_context_print: prompt eval time =      19.99 ms /    84 tokens (    0.24 ms per token,  4201.89 tokens per second)
llama_perf_context_print:        eval time =     207.80 ms /    51 runs   (    4.07 ms per token,   245.43 tokens per second)
llama_perf_context_print:       total time =     239.97 ms /   135 tokens
llama_perf_context_print:    graphs reused =         49
[Qwen3.5 2B] 14. long query
Llama.generate: 2078 prefix-match hit, remaining 89 prompt tokens to eval
llama_perf_context_print:        load time =      40.88 ms
llama_perf_context_print: prompt eval time =      19.46 ms /    89 tokens (    0.22 ms per token,  4572.31 tokens per second)
llama_perf_context_print:        eval time =     230.92 ms /    57 runs   (    4.05 ms per token,   246.84 tokens per second)
llama_perf_context_print:       total time =     264.30 ms /   146 tokens
llama_perf_context_print:    graphs reused =         56
[Qwen3.5 2B] 15. long query
Llama.generate: 2224 prefix-match hit, remaining 90 prompt tokens to eval
llama_perf_context_print:        load time =      40.88 ms
llama_perf_context_print: prompt eval time =      20.08 ms /    90 tokens (    0.22 ms per token,  4482.29 tokens per second)
llama_perf_context_print:        eval time =     215.50 ms /    53 runs   (    4.07 ms per token,   245.94 tokens per second)
llama_perf_context_print:       total time =     248.72 ms /   143 tokens
llama_perf_context_print:    graphs reused =         52
~llama_context:    Vulkan0 compute buffer size is 493.0000 MiB, matches expectation of 493.0000 MiB
~llama_context: Vulkan_Host compute buffer size is  18.0235 MiB, matches expectation of  18.0235 MiB
--- Bonsai 8B ---
[Bonsai 8B] 0. short query
Llama.generate: 199 prefix-match hit, remaining 24 prompt tokens to eval
llama_perf_context_print:        load time =      95.19 ms
llama_perf_context_print: prompt eval time =      31.44 ms /    24 tokens (    1.31 ms per token,   763.41 tokens per second)
llama_perf_context_print:        eval time =     308.51 ms /    33 runs   (    9.35 ms per token,   106.97 tokens per second)
llama_perf_context_print:       total time =     345.97 ms /    57 tokens
llama_perf_context_print:    graphs reused =         32
[Bonsai 8B] 1. short query
Llama.generate: 256 prefix-match hit, remaining 25 prompt tokens to eval
llama_perf_context_print:        load time =      95.19 ms
llama_perf_context_print: prompt eval time =      31.00 ms /    25 tokens (    1.24 ms per token,   806.53 tokens per second)
llama_perf_context_print:        eval time =     258.33 ms /    35 runs   (    7.38 ms per token,   135.49 tokens per second)
llama_perf_context_print:       total time =     295.55 ms /    60 tokens
llama_perf_context_print:    graphs reused =         34
[Bonsai 8B] 2. short query
Llama.generate: 316 prefix-match hit, remaining 26 prompt tokens to eval
llama_perf_context_print:        load time =      95.19 ms
llama_perf_context_print: prompt eval time =      23.70 ms /    26 tokens (    0.91 ms per token,  1097.05 tokens per second)
llama_perf_context_print:        eval time =      96.06 ms /    15 runs   (    6.40 ms per token,   156.15 tokens per second)
llama_perf_context_print:       total time =     122.63 ms /    41 tokens
llama_perf_context_print:    graphs reused =         14
[Bonsai 8B] 3. short query
Llama.generate: 357 prefix-match hit, remaining 27 prompt tokens to eval
llama_perf_context_print:        load time =      95.19 ms
llama_perf_context_print: prompt eval time =      22.65 ms /    27 tokens (    0.84 ms per token,  1192.26 tokens per second)
llama_perf_context_print:        eval time =     135.17 ms /    23 runs   (    5.88 ms per token,   170.16 tokens per second)
llama_perf_context_print:       total time =     161.99 ms /    50 tokens
llama_perf_context_print:    graphs reused =         22
[Bonsai 8B] 4. short query
Llama.generate: 407 prefix-match hit, remaining 23 prompt tokens to eval
llama_perf_context_print:        load time =      95.19 ms
llama_perf_context_print: prompt eval time =      20.39 ms /    23 tokens (    0.89 ms per token,  1128.06 tokens per second)
llama_perf_context_print:        eval time =     136.66 ms /    25 runs   (    5.47 ms per token,   182.93 tokens per second)
llama_perf_context_print:       total time =     161.43 ms /    48 tokens
llama_perf_context_print:    graphs reused =         24
[Bonsai 8B] 5. short query
Llama.generate: 455 prefix-match hit, remaining 26 prompt tokens to eval
llama_perf_context_print:        load time =      95.19 ms
llama_perf_context_print: prompt eval time =      18.64 ms /    26 tokens (    0.72 ms per token,  1394.77 tokens per second)
llama_perf_context_print:        eval time =     150.71 ms /    28 runs   (    5.38 ms per token,   185.79 tokens per second)
llama_perf_context_print:       total time =     174.39 ms /    54 tokens
llama_perf_context_print:    graphs reused =         27
[Bonsai 8B] 6. short query
Llama.generate: 509 prefix-match hit, remaining 28 prompt tokens to eval
llama_perf_context_print:        load time =      95.19 ms
llama_perf_context_print: prompt eval time =      19.38 ms /    28 tokens (    0.69 ms per token,  1445.09 tokens per second)
llama_perf_context_print:        eval time =     121.02 ms /    22 runs   (    5.50 ms per token,   181.79 tokens per second)
llama_perf_context_print:       total time =     144.16 ms /    50 tokens
llama_perf_context_print:    graphs reused =         21
[Bonsai 8B] 7. short query
Llama.generate: 559 prefix-match hit, remaining 23 prompt tokens to eval
llama_perf_context_print:        load time =      95.19 ms
llama_perf_context_print: prompt eval time =      18.94 ms /    23 tokens (    0.82 ms per token,  1214.23 tokens per second)
llama_perf_context_print:        eval time =     126.76 ms /    23 runs   (    5.51 ms per token,   181.44 tokens per second)
llama_perf_context_print:       total time =     149.78 ms /    46 tokens
llama_perf_context_print:    graphs reused =         22
[Bonsai 8B] 8. short query
Llama.generate: 605 prefix-match hit, remaining 24 prompt tokens to eval
llama_perf_context_print:        load time =      95.19 ms
llama_perf_context_print: prompt eval time =      19.31 ms /    24 tokens (    0.80 ms per token,  1243.01 tokens per second)
llama_perf_context_print:        eval time =     105.05 ms /    19 runs   (    5.53 ms per token,   180.87 tokens per second)
llama_perf_context_print:       total time =     127.76 ms /    43 tokens
llama_perf_context_print:    graphs reused =         18
[Bonsai 8B] 9. short query
Llama.generate: 648 prefix-match hit, remaining 24 prompt tokens to eval
llama_perf_context_print:        load time =      95.19 ms
llama_perf_context_print: prompt eval time =      19.36 ms /    24 tokens (    0.81 ms per token,  1239.73 tokens per second)
llama_perf_context_print:        eval time =     116.07 ms /    21 runs   (    5.53 ms per token,   180.93 tokens per second)
llama_perf_context_print:       total time =     139.25 ms /    45 tokens
llama_perf_context_print:    graphs reused =         20
[Bonsai 8B] 10. short query
Llama.generate: 693 prefix-match hit, remaining 29 prompt tokens to eval
llama_perf_context_print:        load time =      95.19 ms
llama_perf_context_print: prompt eval time =      19.37 ms /    29 tokens (    0.67 ms per token,  1497.01 tokens per second)
llama_perf_context_print:        eval time =      83.64 ms /    15 runs   (    5.58 ms per token,   179.34 tokens per second)
llama_perf_context_print:       total time =     105.66 ms /    44 tokens
llama_perf_context_print:    graphs reused =         14
[Bonsai 8B] 11. short query
Llama.generate: 737 prefix-match hit, remaining 24 prompt tokens to eval
llama_perf_context_print:        load time =      95.19 ms
llama_perf_context_print: prompt eval time =      19.43 ms /    24 tokens (    0.81 ms per token,  1235.52 tokens per second)
llama_perf_context_print:        eval time =     152.25 ms /    27 runs   (    5.64 ms per token,   177.34 tokens per second)
llama_perf_context_print:       total time =     176.40 ms /    51 tokens
llama_perf_context_print:    graphs reused =         25
[Bonsai 8B] 12. short query
Llama.generate: 788 prefix-match hit, remaining 25 prompt tokens to eval
llama_perf_context_print:        load time =      95.19 ms
llama_perf_context_print: prompt eval time =      20.07 ms /    25 tokens (    0.80 ms per token,  1245.58 tokens per second)
llama_perf_context_print:        eval time =     123.50 ms /    22 runs   (    5.61 ms per token,   178.14 tokens per second)
llama_perf_context_print:       total time =     147.50 ms /    47 tokens
llama_perf_context_print:    graphs reused =         21
[Bonsai 8B] 13. short query
Llama.generate: 835 prefix-match hit, remaining 26 prompt tokens to eval
llama_perf_context_print:        load time =      95.19 ms
llama_perf_context_print: prompt eval time =      19.85 ms /    26 tokens (    0.76 ms per token,  1309.89 tokens per second)
llama_perf_context_print:        eval time =     106.99 ms /    19 runs   (    5.63 ms per token,   177.59 tokens per second)
llama_perf_context_print:       total time =     130.12 ms /    45 tokens
llama_perf_context_print:    graphs reused =         18
[Bonsai 8B] 14. short query
Llama.generate: 880 prefix-match hit, remaining 26 prompt tokens to eval
llama_perf_context_print:        load time =      95.19 ms
llama_perf_context_print: prompt eval time =      20.51 ms /    26 tokens (    0.79 ms per token,  1267.67 tokens per second)
llama_perf_context_print:        eval time =     131.52 ms /    23 runs   (    5.72 ms per token,   174.87 tokens per second)
llama_perf_context_print:       total time =     158.25 ms /    49 tokens
llama_perf_context_print:    graphs reused =         22
[Bonsai 8B] 15. short query
Llama.generate: 929 prefix-match hit, remaining 24 prompt tokens to eval
llama_perf_context_print:        load time =      95.19 ms
llama_perf_context_print: prompt eval time =      20.00 ms /    24 tokens (    0.83 ms per token,  1199.82 tokens per second)
llama_perf_context_print:        eval time =     156.84 ms /    28 runs   (    5.60 ms per token,   178.53 tokens per second)
llama_perf_context_print:       total time =     181.68 ms /    52 tokens
llama_perf_context_print:    graphs reused =         27
[Bonsai 8B] 0. long query
Llama.generate: 199 prefix-match hit, remaining 80 prompt tokens to eval
llama_perf_context_print:        load time =      95.19 ms
llama_perf_context_print: prompt eval time =      35.85 ms /    80 tokens (    0.45 ms per token,  2231.52 tokens per second)
llama_perf_context_print:        eval time =     198.56 ms /    37 runs   (    5.37 ms per token,   186.34 tokens per second)
llama_perf_context_print:       total time =     240.95 ms /   117 tokens
llama_perf_context_print:    graphs reused =         36
[Bonsai 8B] 1. long query
Llama.generate: 316 prefix-match hit, remaining 78 prompt tokens to eval
llama_perf_context_print:        load time =      95.19 ms
llama_perf_context_print: prompt eval time =      37.46 ms /    78 tokens (    0.48 ms per token,  2082.00 tokens per second)
llama_perf_context_print:        eval time =     188.08 ms /    35 runs   (    5.37 ms per token,   186.09 tokens per second)
llama_perf_context_print:       total time =     231.94 ms /   113 tokens
llama_perf_context_print:    graphs reused =         34
[Bonsai 8B] 2. long query
Llama.generate: 429 prefix-match hit, remaining 77 prompt tokens to eval
llama_perf_context_print:        load time =      95.19 ms
llama_perf_context_print: prompt eval time =      37.92 ms /    77 tokens (    0.49 ms per token,  2030.43 tokens per second)
llama_perf_context_print:        eval time =     220.86 ms /    40 runs   (    5.52 ms per token,   181.11 tokens per second)
llama_perf_context_print:       total time =     266.13 ms /   117 tokens
llama_perf_context_print:    graphs reused =         38
[Bonsai 8B] 3. long query
Llama.generate: 546 prefix-match hit, remaining 82 prompt tokens to eval
llama_perf_context_print:        load time =      95.19 ms
llama_perf_context_print: prompt eval time =      39.45 ms /    82 tokens (    0.48 ms per token,  2078.84 tokens per second)
llama_perf_context_print:        eval time =     241.46 ms /    44 runs   (    5.49 ms per token,   182.23 tokens per second)
llama_perf_context_print:       total time =     288.68 ms /   126 tokens
llama_perf_context_print:    graphs reused =         43
[Bonsai 8B] 4. long query
Llama.generate: 672 prefix-match hit, remaining 87 prompt tokens to eval
llama_perf_context_print:        load time =      95.19 ms
llama_perf_context_print: prompt eval time =      39.31 ms /    87 tokens (    0.45 ms per token,  2213.29 tokens per second)
llama_perf_context_print:        eval time =     251.59 ms /    45 runs   (    5.59 ms per token,   178.86 tokens per second)
llama_perf_context_print:       total time =     298.92 ms /   132 tokens
llama_perf_context_print:    graphs reused =         43
[Bonsai 8B] 5. long query
Llama.generate: 804 prefix-match hit, remaining 87 prompt tokens to eval
llama_perf_context_print:        load time =      95.19 ms
llama_perf_context_print: prompt eval time =      40.91 ms /    87 tokens (    0.47 ms per token,  2126.57 tokens per second)
llama_perf_context_print:        eval time =     223.42 ms /    40 runs   (    5.59 ms per token,   179.04 tokens per second)
llama_perf_context_print:       total time =     271.35 ms /   127 tokens
llama_perf_context_print:    graphs reused =         39
[Bonsai 8B] 6. long query
Llama.generate: 931 prefix-match hit, remaining 81 prompt tokens to eval
llama_perf_context_print:        load time =      95.19 ms
llama_perf_context_print: prompt eval time =      40.34 ms /    81 tokens (    0.50 ms per token,  2008.03 tokens per second)
llama_perf_context_print:        eval time =     247.69 ms /    44 runs   (    5.63 ms per token,   177.64 tokens per second)
llama_perf_context_print:       total time =     296.17 ms /   125 tokens
llama_perf_context_print:    graphs reused =         42
[Bonsai 8B] 7. long query
Llama.generate: 1056 prefix-match hit, remaining 87 prompt tokens to eval
llama_perf_context_print:        load time =      95.19 ms
llama_perf_context_print: prompt eval time =      41.83 ms /    87 tokens (    0.48 ms per token,  2079.65 tokens per second)
llama_perf_context_print:        eval time =     224.39 ms /    40 runs   (    5.61 ms per token,   178.26 tokens per second)
llama_perf_context_print:       total time =     274.32 ms /   127 tokens
llama_perf_context_print:    graphs reused =         39
[Bonsai 8B] 8. long query
Llama.generate: 1183 prefix-match hit, remaining 83 prompt tokens to eval
llama_perf_context_print:        load time =      95.19 ms
llama_perf_context_print: prompt eval time =      41.15 ms /    83 tokens (    0.50 ms per token,  2016.86 tokens per second)
llama_perf_context_print:        eval time =     205.78 ms /    36 runs   (    5.72 ms per token,   174.94 tokens per second)
llama_perf_context_print:       total time =     254.06 ms /   119 tokens
llama_perf_context_print:    graphs reused =         34
[Bonsai 8B] 9. long query
Llama.generate: 1302 prefix-match hit, remaining 84 prompt tokens to eval
llama_perf_context_print:        load time =      95.19 ms
llama_perf_context_print: prompt eval time =      42.41 ms /    84 tokens (    0.50 ms per token,  1980.81 tokens per second)
llama_perf_context_print:        eval time =     215.94 ms /    38 runs   (    5.68 ms per token,   175.97 tokens per second)
llama_perf_context_print:       total time =     265.98 ms /   122 tokens
llama_perf_context_print:    graphs reused =         37
[Bonsai 8B] 10. long query
Llama.generate: 1424 prefix-match hit, remaining 79 prompt tokens to eval
llama_perf_context_print:        load time =      95.19 ms
llama_perf_context_print: prompt eval time =      42.11 ms /    79 tokens (    0.53 ms per token,  1876.04 tokens per second)
llama_perf_context_print:        eval time =     188.09 ms /    33 runs   (    5.70 ms per token,   175.45 tokens per second)
llama_perf_context_print:       total time =     236.96 ms /   112 tokens
llama_perf_context_print:    graphs reused =         32
[Bonsai 8B] 11. long query
Llama.generate: 1536 prefix-match hit, remaining 83 prompt tokens to eval
llama_perf_context_print:        load time =      95.19 ms
llama_perf_context_print: prompt eval time =      43.42 ms /    83 tokens (    0.52 ms per token,  1911.61 tokens per second)
llama_perf_context_print:        eval time =     237.34 ms /    41 runs   (    5.79 ms per token,   172.75 tokens per second)
llama_perf_context_print:       total time =     289.06 ms /   124 tokens
llama_perf_context_print:    graphs reused =         40
[Bonsai 8B] 12. long query
Llama.generate: 1660 prefix-match hit, remaining 87 prompt tokens to eval
llama_perf_context_print:        load time =      95.19 ms
llama_perf_context_print: prompt eval time =      43.63 ms /    87 tokens (    0.50 ms per token,  1994.22 tokens per second)
llama_perf_context_print:        eval time =     214.65 ms /    37 runs   (    5.80 ms per token,   172.37 tokens per second)
llama_perf_context_print:       total time =     265.76 ms /   124 tokens
llama_perf_context_print:    graphs reused =         36
[Bonsai 8B] 13. long query
Llama.generate: 1784 prefix-match hit, remaining 84 prompt tokens to eval
llama_perf_context_print:        load time =      95.19 ms
llama_perf_context_print: prompt eval time =      44.62 ms /    84 tokens (    0.53 ms per token,  1882.61 tokens per second)
llama_perf_context_print:        eval time =     199.98 ms /    34 runs   (    5.88 ms per token,   170.01 tokens per second)
llama_perf_context_print:       total time =     251.42 ms /   118 tokens
llama_perf_context_print:    graphs reused =         33
[Bonsai 8B] 14. long query
Llama.generate: 1902 prefix-match hit, remaining 89 prompt tokens to eval
llama_perf_context_print:        load time =      95.19 ms
llama_perf_context_print: prompt eval time =      44.54 ms /    89 tokens (    0.50 ms per token,  1998.11 tokens per second)
llama_perf_context_print:        eval time =     293.49 ms /    50 runs   (    5.87 ms per token,   170.36 tokens per second)
llama_perf_context_print:       total time =     348.32 ms /   139 tokens
llama_perf_context_print:    graphs reused =         49
[Bonsai 8B] 15. long query
Llama.generate: 2041 prefix-match hit, remaining 90 prompt tokens to eval
llama_perf_context_print:        load time =      95.19 ms
llama_perf_context_print: prompt eval time =      45.15 ms /    90 tokens (    0.50 ms per token,  1993.31 tokens per second)
llama_perf_context_print:        eval time =     227.96 ms /    38 runs   (    6.00 ms per token,   166.69 tokens per second)
llama_perf_context_print:       total time =     280.73 ms /   128 tokens
llama_perf_context_print:    graphs reused =         37
~llama_context:    Vulkan0 compute buffer size is 312.2285 MiB, matches expectation of 312.2285 MiB
~llama_context: Vulkan_Host compute buffer size is  28.0157 MiB, matches expectation of  28.0157 MiB
--- Llama 3.2 1B ---
[Llama 3.2 1B] 0. short query
Llama.generate: 200 prefix-match hit, remaining 21 prompt tokens to eval
llama_perf_context_print:        load time =      22.03 ms
llama_perf_context_print: prompt eval time =      10.96 ms /    21 tokens (    0.52 ms per token,  1915.88 tokens per second)
llama_perf_context_print:        eval time =     181.08 ms /    63 runs   (    2.87 ms per token,   347.91 tokens per second)
llama_perf_context_print:       total time =     201.95 ms /    84 tokens
llama_perf_context_print:    graphs reused =         61
[Llama 3.2 1B] 1. short query
Llama.generate: 284 prefix-match hit, remaining 22 prompt tokens to eval
llama_perf_context_print:        load time =      22.03 ms
llama_perf_context_print: prompt eval time =      12.49 ms /    22 tokens (    0.57 ms per token,  1761.27 tokens per second)
llama_perf_context_print:        eval time =     182.09 ms /    63 runs   (    2.89 ms per token,   345.98 tokens per second)
llama_perf_context_print:       total time =     204.48 ms /    85 tokens
llama_perf_context_print:    graphs reused =         62
[Llama 3.2 1B] 2. short query
Llama.generate: 369 prefix-match hit, remaining 23 prompt tokens to eval
llama_perf_context_print:        load time =      22.03 ms
llama_perf_context_print: prompt eval time =      12.18 ms /    23 tokens (    0.53 ms per token,  1888.34 tokens per second)
llama_perf_context_print:        eval time =     179.64 ms /    62 runs   (    2.90 ms per token,   345.14 tokens per second)
llama_perf_context_print:       total time =     201.70 ms /    85 tokens
llama_perf_context_print:    graphs reused =         61
[Llama 3.2 1B] 3. short query
Llama.generate: 454 prefix-match hit, remaining 23 prompt tokens to eval
llama_perf_context_print:        load time =      22.03 ms
llama_perf_context_print: prompt eval time =      12.13 ms /    23 tokens (    0.53 ms per token,  1896.13 tokens per second)
llama_perf_context_print:        eval time =     181.87 ms /    63 runs   (    2.89 ms per token,   346.40 tokens per second)
llama_perf_context_print:       total time =     204.02 ms /    86 tokens
llama_perf_context_print:    graphs reused =         61
[Llama 3.2 1B] 4. short query
Llama.generate: 540 prefix-match hit, remaining 20 prompt tokens to eval
llama_perf_context_print:        load time =      22.03 ms
llama_perf_context_print: prompt eval time =      11.57 ms /    20 tokens (    0.58 ms per token,  1728.31 tokens per second)
llama_perf_context_print:        eval time =     172.28 ms /    63 runs   (    2.73 ms per token,   365.68 tokens per second)
llama_perf_context_print:       total time =     194.05 ms /    83 tokens
llama_perf_context_print:    graphs reused =         62
[Llama 3.2 1B] 5. short query
Llama.generate: 623 prefix-match hit, remaining 23 prompt tokens to eval
llama_perf_context_print:        load time =      22.03 ms
llama_perf_context_print: prompt eval time =      10.41 ms /    23 tokens (    0.45 ms per token,  2208.78 tokens per second)
llama_perf_context_print:        eval time =     164.66 ms /    63 runs   (    2.61 ms per token,   382.60 tokens per second)
llama_perf_context_print:       total time =     185.91 ms /    86 tokens
llama_perf_context_print:    graphs reused =         62
[Llama 3.2 1B] 6. short query
Llama.generate: 709 prefix-match hit, remaining 25 prompt tokens to eval
llama_perf_context_print:        load time =      22.03 ms
llama_perf_context_print: prompt eval time =       9.52 ms /    25 tokens (    0.38 ms per token,  2625.22 tokens per second)
llama_perf_context_print:        eval time =     160.18 ms /    63 runs   (    2.54 ms per token,   393.31 tokens per second)
llama_perf_context_print:       total time =     180.19 ms /    88 tokens
llama_perf_context_print:    graphs reused =         61
[Llama 3.2 1B] 7. short query
Llama.generate: 797 prefix-match hit, remaining 20 prompt tokens to eval
llama_perf_context_print:        load time =      22.03 ms
llama_perf_context_print: prompt eval time =       9.09 ms /    20 tokens (    0.45 ms per token,  2199.98 tokens per second)
llama_perf_context_print:        eval time =     156.51 ms /    63 runs   (    2.48 ms per token,   402.53 tokens per second)
llama_perf_context_print:       total time =     176.44 ms /    83 tokens
llama_perf_context_print:    graphs reused =         62
[Llama 3.2 1B] 8. short query
Llama.generate: 880 prefix-match hit, remaining 21 prompt tokens to eval
llama_perf_context_print:        load time =      22.03 ms
llama_perf_context_print: prompt eval time =       8.73 ms /    21 tokens (    0.42 ms per token,  2406.05 tokens per second)
llama_perf_context_print:        eval time =     152.43 ms /    63 runs   (    2.42 ms per token,   413.31 tokens per second)
llama_perf_context_print:       total time =     171.59 ms /    84 tokens
llama_perf_context_print:    graphs reused =         62
[Llama 3.2 1B] 9. short query
Llama.generate: 964 prefix-match hit, remaining 21 prompt tokens to eval
llama_perf_context_print:        load time =      22.03 ms
llama_perf_context_print: prompt eval time =       8.18 ms /    21 tokens (    0.39 ms per token,  2566.61 tokens per second)
llama_perf_context_print:        eval time =     149.94 ms /    63 runs   (    2.38 ms per token,   420.15 tokens per second)
llama_perf_context_print:       total time =     168.58 ms /    84 tokens
llama_perf_context_print:    graphs reused =         61
[Llama 3.2 1B] 10. short query
Llama.generate: 1048 prefix-match hit, remaining 26 prompt tokens to eval
llama_perf_context_print:        load time =      22.03 ms
llama_perf_context_print: prompt eval time =       8.34 ms /    26 tokens (    0.32 ms per token,  3117.88 tokens per second)
llama_perf_context_print:        eval time =     146.40 ms /    63 runs   (    2.32 ms per token,   430.33 tokens per second)
llama_perf_context_print:       total time =     165.39 ms /    89 tokens
llama_perf_context_print:    graphs reused =         62
[Llama 3.2 1B] 11. short query
Llama.generate: 1137 prefix-match hit, remaining 21 prompt tokens to eval
llama_perf_context_print:        load time =      22.03 ms
llama_perf_context_print: prompt eval time =       7.68 ms /    21 tokens (    0.37 ms per token,  2734.38 tokens per second)
llama_perf_context_print:        eval time =     145.50 ms /    63 runs   (    2.31 ms per token,   432.99 tokens per second)
llama_perf_context_print:       total time =     163.61 ms /    84 tokens
llama_perf_context_print:    graphs reused =         62
[Llama 3.2 1B] 12. short query
Llama.generate: 1221 prefix-match hit, remaining 22 prompt tokens to eval
llama_perf_context_print:        load time =      22.03 ms
llama_perf_context_print: prompt eval time =       7.68 ms /    22 tokens (    0.35 ms per token,  2864.58 tokens per second)
llama_perf_context_print:        eval time =     146.16 ms /    63 runs   (    2.32 ms per token,   431.02 tokens per second)
llama_perf_context_print:       total time =     164.02 ms /    85 tokens
llama_perf_context_print:    graphs reused =         61
[Llama 3.2 1B] 13. short query
Llama.generate: 1306 prefix-match hit, remaining 23 prompt tokens to eval
llama_perf_context_print:        load time =      22.03 ms
llama_perf_context_print: prompt eval time =       7.85 ms /    23 tokens (    0.34 ms per token,  2930.31 tokens per second)
llama_perf_context_print:        eval time =     146.35 ms /    63 runs   (    2.32 ms per token,   430.49 tokens per second)
llama_perf_context_print:       total time =     164.84 ms /    86 tokens
llama_perf_context_print:    graphs reused =         62
[Llama 3.2 1B] 14. short query
Llama.generate: 1392 prefix-match hit, remaining 23 prompt tokens to eval
llama_perf_context_print:        load time =      22.03 ms
llama_perf_context_print: prompt eval time =       7.96 ms /    23 tokens (    0.35 ms per token,  2889.81 tokens per second)
llama_perf_context_print:        eval time =     146.13 ms /    63 runs   (    2.32 ms per token,   431.13 tokens per second)
llama_perf_context_print:       total time =     164.42 ms /    86 tokens
llama_perf_context_print:    graphs reused =         62
[Llama 3.2 1B] 15. short query
Llama.generate: 1478 prefix-match hit, remaining 21 prompt tokens to eval
llama_perf_context_print:        load time =      22.03 ms
llama_perf_context_print: prompt eval time =       7.65 ms /    21 tokens (    0.36 ms per token,  2745.46 tokens per second)
llama_perf_context_print:        eval time =     147.65 ms /    63 runs   (    2.34 ms per token,   426.69 tokens per second)
llama_perf_context_print:       total time =     166.01 ms /    84 tokens
llama_perf_context_print:    graphs reused =         61
[Llama 3.2 1B] 0. long query
Llama.generate: 200 prefix-match hit, remaining 77 prompt tokens to eval
llama_perf_context_print:        load time =      22.03 ms
llama_perf_context_print: prompt eval time =      10.61 ms /    77 tokens (    0.14 ms per token,  7254.57 tokens per second)
llama_perf_context_print:        eval time =     141.79 ms /    63 runs   (    2.25 ms per token,   444.33 tokens per second)
llama_perf_context_print:       total time =     162.57 ms /   140 tokens
llama_perf_context_print:    graphs reused =         62
[Llama 3.2 1B] 1. long query
Llama.generate: 340 prefix-match hit, remaining 75 prompt tokens to eval
llama_perf_context_print:        load time =      22.03 ms
llama_perf_context_print: prompt eval time =      11.68 ms /    75 tokens (    0.16 ms per token,  6421.23 tokens per second)
llama_perf_context_print:        eval time =     142.34 ms /    63 runs   (    2.26 ms per token,   442.60 tokens per second)
llama_perf_context_print:       total time =     164.70 ms /   138 tokens
llama_perf_context_print:    graphs reused =         62
[Llama 3.2 1B] 2. long query
Llama.generate: 478 prefix-match hit, remaining 74 prompt tokens to eval
llama_perf_context_print:        load time =      22.03 ms
llama_perf_context_print: prompt eval time =      12.07 ms /    74 tokens (    0.16 ms per token,  6128.87 tokens per second)
llama_perf_context_print:        eval time =     144.08 ms /    63 runs   (    2.29 ms per token,   437.25 tokens per second)
llama_perf_context_print:       total time =     167.02 ms /   137 tokens
llama_perf_context_print:    graphs reused =         62
[Llama 3.2 1B] 3. long query
Llama.generate: 615 prefix-match hit, remaining 79 prompt tokens to eval
llama_perf_context_print:        load time =      22.03 ms
llama_perf_context_print: prompt eval time =      12.12 ms /    79 tokens (    0.15 ms per token,  6516.54 tokens per second)
llama_perf_context_print:        eval time =     143.85 ms /    63 runs   (    2.28 ms per token,   437.95 tokens per second)
llama_perf_context_print:       total time =     166.62 ms /   142 tokens
llama_perf_context_print:    graphs reused =         62
[Llama 3.2 1B] 4. long query
Llama.generate: 757 prefix-match hit, remaining 84 prompt tokens to eval
llama_perf_context_print:        load time =      22.03 ms
llama_perf_context_print: prompt eval time =      12.29 ms /    84 tokens (    0.15 ms per token,  6834.83 tokens per second)
llama_perf_context_print:        eval time =     145.33 ms /    63 runs   (    2.31 ms per token,   433.49 tokens per second)
llama_perf_context_print:       total time =     168.03 ms /   147 tokens
llama_perf_context_print:    graphs reused =         62
[Llama 3.2 1B] 5. long query
Llama.generate: 904 prefix-match hit, remaining 84 prompt tokens to eval
llama_perf_context_print:        load time =      22.03 ms
llama_perf_context_print: prompt eval time =      12.38 ms /    84 tokens (    0.15 ms per token,  6786.23 tokens per second)
llama_perf_context_print:        eval time =     145.52 ms /    63 runs   (    2.31 ms per token,   432.95 tokens per second)
llama_perf_context_print:       total time =     169.16 ms /   147 tokens
llama_perf_context_print:    graphs reused =         61
[Llama 3.2 1B] 6. long query
Llama.generate: 1051 prefix-match hit, remaining 78 prompt tokens to eval
llama_perf_context_print:        load time =      22.03 ms
llama_perf_context_print: prompt eval time =      12.51 ms /    78 tokens (    0.16 ms per token,  6233.52 tokens per second)
llama_perf_context_print:        eval time =     143.78 ms /    63 runs   (    2.28 ms per token,   438.18 tokens per second)
llama_perf_context_print:       total time =     166.66 ms /   141 tokens
llama_perf_context_print:    graphs reused =         62
[Llama 3.2 1B] 7. long query
Llama.generate: 1192 prefix-match hit, remaining 84 prompt tokens to eval
llama_perf_context_print:        load time =      22.03 ms
llama_perf_context_print: prompt eval time =      12.65 ms /    84 tokens (    0.15 ms per token,  6638.74 tokens per second)
llama_perf_context_print:        eval time =     145.62 ms /    63 runs   (    2.31 ms per token,   432.63 tokens per second)
llama_perf_context_print:       total time =     169.24 ms /   147 tokens
llama_perf_context_print:    graphs reused =         61
[Llama 3.2 1B] 8. long query
Llama.generate: 1339 prefix-match hit, remaining 80 prompt tokens to eval
llama_perf_context_print:        load time =      22.03 ms
llama_perf_context_print: prompt eval time =      12.67 ms /    80 tokens (    0.16 ms per token,  6314.13 tokens per second)
llama_perf_context_print:        eval time =     144.60 ms /    63 runs   (    2.30 ms per token,   435.67 tokens per second)
llama_perf_context_print:       total time =     167.68 ms /   143 tokens
llama_perf_context_print:    graphs reused =         62
[Llama 3.2 1B] 9. long query
Llama.generate: 1482 prefix-match hit, remaining 81 prompt tokens to eval
llama_perf_context_print:        load time =      22.03 ms
llama_perf_context_print: prompt eval time =      13.16 ms /    81 tokens (    0.16 ms per token,  6156.89 tokens per second)
llama_perf_context_print:        eval time =     147.03 ms /    63 runs   (    2.33 ms per token,   428.49 tokens per second)
llama_perf_context_print:       total time =     170.99 ms /   144 tokens
llama_perf_context_print:    graphs reused =         62
[Llama 3.2 1B] 10. long query
Llama.generate: 1626 prefix-match hit, remaining 76 prompt tokens to eval
llama_perf_context_print:        load time =      22.03 ms
llama_perf_context_print: prompt eval time =      13.18 ms /    76 tokens (    0.17 ms per token,  5764.56 tokens per second)
llama_perf_context_print:        eval time =     146.30 ms /    63 runs   (    2.32 ms per token,   430.63 tokens per second)
llama_perf_context_print:       total time =     169.61 ms /   139 tokens
llama_perf_context_print:    graphs reused =         62
[Llama 3.2 1B] 11. long query
Llama.generate: 1765 prefix-match hit, remaining 80 prompt tokens to eval
llama_perf_context_print:        load time =      22.03 ms
llama_perf_context_print: prompt eval time =      13.78 ms /    80 tokens (    0.17 ms per token,  5803.83 tokens per second)
llama_perf_context_print:        eval time =     148.06 ms /    63 runs   (    2.35 ms per token,   425.49 tokens per second)
llama_perf_context_print:       total time =     171.86 ms /   143 tokens
llama_perf_context_print:    graphs reused =         62
[Llama 3.2 1B] 12. long query
Llama.generate: 1908 prefix-match hit, remaining 84 prompt tokens to eval
llama_perf_context_print:        load time =      22.03 ms
llama_perf_context_print: prompt eval time =      13.70 ms /    84 tokens (    0.16 ms per token,  6130.49 tokens per second)
llama_perf_context_print:        eval time =     148.88 ms /    63 runs   (    2.36 ms per token,   423.16 tokens per second)
llama_perf_context_print:       total time =     173.34 ms /   147 tokens
llama_perf_context_print:    graphs reused =         61
[Llama 3.2 1B] 13. long query
Llama.generate: 2055 prefix-match hit, remaining 81 prompt tokens to eval
llama_perf_context_print:        load time =      22.03 ms
llama_perf_context_print: prompt eval time =      13.86 ms /    81 tokens (    0.17 ms per token,  5846.26 tokens per second)
llama_perf_context_print:        eval time =     149.95 ms /    63 runs   (    2.38 ms per token,   420.14 tokens per second)
llama_perf_context_print:       total time =     174.88 ms /   144 tokens
llama_perf_context_print:    graphs reused =         62
[Llama 3.2 1B] 14. long query
Llama.generate: 2199 prefix-match hit, remaining 86 prompt tokens to eval
llama_perf_context_print:        load time =      22.03 ms
llama_perf_context_print: prompt eval time =      13.93 ms /    86 tokens (    0.16 ms per token,  6175.06 tokens per second)
llama_perf_context_print:        eval time =     151.45 ms /    63 runs   (    2.40 ms per token,   415.97 tokens per second)
llama_perf_context_print:       total time =     176.22 ms /   149 tokens
llama_perf_context_print:    graphs reused =         61
[Llama 3.2 1B] 15. long query
Llama.generate: 2348 prefix-match hit, remaining 87 prompt tokens to eval
llama_perf_context_print:        load time =      22.03 ms
llama_perf_context_print: prompt eval time =      14.18 ms /    87 tokens (    0.16 ms per token,  6135.40 tokens per second)
llama_perf_context_print:        eval time =     151.45 ms /    63 runs   (    2.40 ms per token,   415.99 tokens per second)
llama_perf_context_print:       total time =     176.48 ms /   150 tokens
llama_perf_context_print:    graphs reused =         62
~llama_context:    Vulkan0 compute buffer size is 278.0078 MiB, matches expectation of 278.0078 MiB
~llama_context: Vulkan_Host compute buffer size is  18.0157 MiB, matches expectation of  18.0157 MiB
--- LFM2.5 1.2B  ---
[LFM2.5 1.2B ] 0. short query
Llama.generate: 213 prefix-match hit, remaining 20 prompt tokens to eval
llama_perf_context_print:        load time =      17.86 ms
llama_perf_context_print: prompt eval time =       8.36 ms /    20 tokens (    0.42 ms per token,  2392.63 tokens per second)
llama_perf_context_print:        eval time =      40.45 ms /    17 runs   (    2.38 ms per token,   420.25 tokens per second)
llama_perf_context_print:       total time =      50.94 ms /    37 tokens
llama_perf_context_print:    graphs reused =         16
[LFM2.5 1.2B ] 1. short query
Llama.generate: 250 prefix-match hit, remaining 21 prompt tokens to eval
llama_perf_context_print:        load time =      17.86 ms
llama_perf_context_print: prompt eval time =       9.11 ms /    21 tokens (    0.43 ms per token,  2305.92 tokens per second)
llama_perf_context_print:        eval time =      37.70 ms /    16 runs   (    2.36 ms per token,   424.46 tokens per second)
llama_perf_context_print:       total time =      48.74 ms /    37 tokens
llama_perf_context_print:    graphs reused =         15
[LFM2.5 1.2B ] 2. short query
Llama.generate: 287 prefix-match hit, remaining 23 prompt tokens to eval
llama_perf_context_print:        load time =      17.86 ms
llama_perf_context_print: prompt eval time =       8.75 ms /    23 tokens (    0.38 ms per token,  2628.87 tokens per second)
llama_perf_context_print:        eval time =      49.14 ms /    21 runs   (    2.34 ms per token,   427.38 tokens per second)
llama_perf_context_print:       total time =      60.28 ms /    44 tokens
llama_perf_context_print:    graphs reused =         20
[LFM2.5 1.2B ] 3. short query
Llama.generate: 331 prefix-match hit, remaining 25 prompt tokens to eval
llama_perf_context_print:        load time =      17.86 ms
llama_perf_context_print: prompt eval time =       8.56 ms /    25 tokens (    0.34 ms per token,  2919.54 tokens per second)
llama_perf_context_print:        eval time =      64.19 ms /    28 runs   (    2.29 ms per token,   436.18 tokens per second)
llama_perf_context_print:       total time =      76.01 ms /    53 tokens
llama_perf_context_print:    graphs reused =         27
[LFM2.5 1.2B ] 4. short query
Llama.generate: 384 prefix-match hit, remaining 19 prompt tokens to eval
llama_perf_context_print:        load time =      17.86 ms
llama_perf_context_print: prompt eval time =       8.26 ms /    19 tokens (    0.43 ms per token,  2301.08 tokens per second)
llama_perf_context_print:        eval time =      52.31 ms /    23 runs   (    2.27 ms per token,   439.67 tokens per second)
llama_perf_context_print:       total time =      63.52 ms /    42 tokens
llama_perf_context_print:    graphs reused =         22
[LFM2.5 1.2B ] 5. short query
Llama.generate: 426 prefix-match hit, remaining 22 prompt tokens to eval
llama_perf_context_print:        load time =      17.86 ms
llama_perf_context_print: prompt eval time =       8.28 ms /    22 tokens (    0.38 ms per token,  2657.65 tokens per second)
llama_perf_context_print:        eval time =      63.06 ms /    28 runs   (    2.25 ms per token,   444.02 tokens per second)
llama_perf_context_print:       total time =      74.87 ms /    50 tokens
llama_perf_context_print:    graphs reused =         27
[LFM2.5 1.2B ] 6. short query
Llama.generate: 476 prefix-match hit, remaining 24 prompt tokens to eval
llama_perf_context_print:        load time =      17.86 ms
llama_perf_context_print: prompt eval time =       7.91 ms /    24 tokens (    0.33 ms per token,  3032.60 tokens per second)
llama_perf_context_print:        eval time =      52.27 ms /    23 runs   (    2.27 ms per token,   440.06 tokens per second)
llama_perf_context_print:       total time =      62.76 ms /    47 tokens
llama_perf_context_print:    graphs reused =         21
[LFM2.5 1.2B ] 7. short query
Llama.generate: 523 prefix-match hit, remaining 20 prompt tokens to eval
llama_perf_context_print:        load time =      17.86 ms
llama_perf_context_print: prompt eval time =       7.98 ms /    20 tokens (    0.40 ms per token,  2505.01 tokens per second)
llama_perf_context_print:        eval time =      59.79 ms /    27 runs   (    2.21 ms per token,   451.60 tokens per second)
llama_perf_context_print:       total time =      70.66 ms /    47 tokens
llama_perf_context_print:    graphs reused =         26
[LFM2.5 1.2B ] 8. short query
Llama.generate: 570 prefix-match hit, remaining 20 prompt tokens to eval
llama_perf_context_print:        load time =      17.86 ms
llama_perf_context_print: prompt eval time =       7.69 ms /    20 tokens (    0.38 ms per token,  2599.77 tokens per second)
llama_perf_context_print:        eval time =      55.11 ms /    25 runs   (    2.20 ms per token,   453.61 tokens per second)
llama_perf_context_print:       total time =      65.53 ms /    45 tokens
llama_perf_context_print:    graphs reused =         24
[LFM2.5 1.2B ] 9. short query
Llama.generate: 615 prefix-match hit, remaining 20 prompt tokens to eval
llama_perf_context_print:        load time =      17.86 ms
llama_perf_context_print: prompt eval time =       7.49 ms /    20 tokens (    0.37 ms per token,  2670.58 tokens per second)
llama_perf_context_print:        eval time =      54.51 ms /    25 runs   (    2.18 ms per token,   458.66 tokens per second)
llama_perf_context_print:       total time =      64.77 ms /    45 tokens
llama_perf_context_print:    graphs reused =         24
[LFM2.5 1.2B ] 10. short query
Llama.generate: 660 prefix-match hit, remaining 25 prompt tokens to eval
llama_perf_context_print:        load time =      17.86 ms
llama_perf_context_print: prompt eval time =       7.57 ms /    25 tokens (    0.30 ms per token,  3302.51 tokens per second)
llama_perf_context_print:        eval time =      52.30 ms /    24 runs   (    2.18 ms per token,   458.88 tokens per second)
llama_perf_context_print:       total time =      62.70 ms /    49 tokens
llama_perf_context_print:    graphs reused =         23
[LFM2.5 1.2B ] 11. short query
Llama.generate: 709 prefix-match hit, remaining 20 prompt tokens to eval
llama_perf_context_print:        load time =      17.86 ms
llama_perf_context_print: prompt eval time =       7.32 ms /    20 tokens (    0.37 ms per token,  2732.61 tokens per second)
llama_perf_context_print:        eval time =      66.72 ms /    31 runs   (    2.15 ms per token,   464.66 tokens per second)
llama_perf_context_print:       total time =      77.73 ms /    51 tokens
llama_perf_context_print:    graphs reused =         30
[LFM2.5 1.2B ] 12. short query
Llama.generate: 760 prefix-match hit, remaining 21 prompt tokens to eval
llama_perf_context_print:        load time =      17.86 ms
llama_perf_context_print: prompt eval time =       7.51 ms /    21 tokens (    0.36 ms per token,  2797.76 tokens per second)
llama_perf_context_print:        eval time =      66.34 ms /    30 runs   (    2.21 ms per token,   452.24 tokens per second)
llama_perf_context_print:       total time =      78.12 ms /    51 tokens
llama_perf_context_print:    graphs reused =         29
[LFM2.5 1.2B ] 13. short query
Llama.generate: 811 prefix-match hit, remaining 23 prompt tokens to eval
llama_perf_context_print:        load time =      17.86 ms
llama_perf_context_print: prompt eval time =       7.20 ms /    23 tokens (    0.31 ms per token,  3194.00 tokens per second)
llama_perf_context_print:        eval time =      64.31 ms /    30 runs   (    2.14 ms per token,   466.47 tokens per second)
llama_perf_context_print:       total time =      75.20 ms /    53 tokens
llama_perf_context_print:    graphs reused =         29
[LFM2.5 1.2B ] 14. short query
Llama.generate: 864 prefix-match hit, remaining 22 prompt tokens to eval
llama_perf_context_print:        load time =      17.86 ms
llama_perf_context_print: prompt eval time =       6.99 ms /    22 tokens (    0.32 ms per token,  3149.61 tokens per second)
llama_perf_context_print:        eval time =      51.56 ms /    24 runs   (    2.15 ms per token,   465.45 tokens per second)
llama_perf_context_print:       total time =      61.54 ms /    46 tokens
llama_perf_context_print:    graphs reused =         23
[LFM2.5 1.2B ] 15. short query
Llama.generate: 910 prefix-match hit, remaining 20 prompt tokens to eval
llama_perf_context_print:        load time =      17.86 ms
llama_perf_context_print: prompt eval time =       6.91 ms /    20 tokens (    0.35 ms per token,  2894.36 tokens per second)
llama_perf_context_print:        eval time =      61.42 ms /    29 runs   (    2.12 ms per token,   472.17 tokens per second)
llama_perf_context_print:       total time =      71.68 ms /    49 tokens
llama_perf_context_print:    graphs reused =         28
[LFM2.5 1.2B ] 0. long query
Llama.generate: 213 prefix-match hit, remaining 79 prompt tokens to eval
llama_perf_context_print:        load time =      17.86 ms
llama_perf_context_print: prompt eval time =       9.62 ms /    79 tokens (    0.12 ms per token,  8212.91 tokens per second)
llama_perf_context_print:        eval time =      60.85 ms /    29 runs   (    2.10 ms per token,   476.56 tokens per second)
llama_perf_context_print:       total time =      74.11 ms /   108 tokens
llama_perf_context_print:    graphs reused =         28
[LFM2.5 1.2B ] 1. long query
Llama.generate: 321 prefix-match hit, remaining 76 prompt tokens to eval
llama_perf_context_print:        load time =      17.86 ms
llama_perf_context_print: prompt eval time =      10.62 ms /    76 tokens (    0.14 ms per token,  7156.31 tokens per second)
llama_perf_context_print:        eval time =      82.52 ms /    40 runs   (    2.06 ms per token,   484.76 tokens per second)
llama_perf_context_print:       total time =      97.92 ms /   116 tokens
llama_perf_context_print:    graphs reused =         39
[LFM2.5 1.2B ] 2. long query
Llama.generate: 437 prefix-match hit, remaining 78 prompt tokens to eval
llama_perf_context_print:        load time =      17.86 ms
llama_perf_context_print: prompt eval time =      10.79 ms /    78 tokens (    0.14 ms per token,  7228.92 tokens per second)
llama_perf_context_print:        eval time =     130.11 ms /    63 runs   (    2.07 ms per token,   484.21 tokens per second)
llama_perf_context_print:       total time =     148.51 ms /   141 tokens
llama_perf_context_print:    graphs reused =         62
[LFM2.5 1.2B ] 3. long query
Llama.generate: 578 prefix-match hit, remaining 83 prompt tokens to eval
llama_perf_context_print:        load time =      17.86 ms
llama_perf_context_print: prompt eval time =      10.72 ms /    83 tokens (    0.13 ms per token,  7741.82 tokens per second)
llama_perf_context_print:        eval time =     130.15 ms /    63 runs   (    2.07 ms per token,   484.08 tokens per second)
llama_perf_context_print:       total time =     148.86 ms /   146 tokens
llama_perf_context_print:    graphs reused =         62
[LFM2.5 1.2B ] 4. long query
Llama.generate: 724 prefix-match hit, remaining 86 prompt tokens to eval
llama_perf_context_print:        load time =      17.86 ms
llama_perf_context_print: prompt eval time =      10.77 ms /    86 tokens (    0.13 ms per token,  7985.89 tokens per second)
llama_perf_context_print:        eval time =     131.28 ms /    63 runs   (    2.08 ms per token,   479.90 tokens per second)
llama_perf_context_print:       total time =     150.79 ms /   149 tokens
llama_perf_context_print:    graphs reused =         62
[LFM2.5 1.2B ] 5. long query
Llama.generate: 873 prefix-match hit, remaining 92 prompt tokens to eval
llama_perf_context_print:        load time =      17.86 ms
llama_perf_context_print: prompt eval time =      11.04 ms /    92 tokens (    0.12 ms per token,  8337.11 tokens per second)
llama_perf_context_print:        eval time =     131.53 ms /    63 runs   (    2.09 ms per token,   478.97 tokens per second)
llama_perf_context_print:       total time =     150.90 ms /   155 tokens
llama_perf_context_print:    graphs reused =         61
[LFM2.5 1.2B ] 6. long query
Llama.generate: 1028 prefix-match hit, remaining 85 prompt tokens to eval
llama_perf_context_print:        load time =      17.86 ms
llama_perf_context_print: prompt eval time =      10.94 ms /    85 tokens (    0.13 ms per token,  7767.52 tokens per second)
llama_perf_context_print:        eval time =     130.03 ms /    63 runs   (    2.06 ms per token,   484.51 tokens per second)
llama_perf_context_print:       total time =     148.77 ms /   148 tokens
llama_perf_context_print:    graphs reused =         62
[LFM2.5 1.2B ] 7. long query
Llama.generate: 1176 prefix-match hit, remaining 85 prompt tokens to eval
llama_perf_context_print:        load time =      17.86 ms
llama_perf_context_print: prompt eval time =      11.00 ms /    85 tokens (    0.13 ms per token,  7730.79 tokens per second)
llama_perf_context_print:        eval time =     131.52 ms /    63 runs   (    2.09 ms per token,   479.02 tokens per second)
llama_perf_context_print:       total time =     151.20 ms /   148 tokens
llama_perf_context_print:    graphs reused =         61
[LFM2.5 1.2B ] 8. long query
Llama.generate: 1324 prefix-match hit, remaining 84 prompt tokens to eval
llama_perf_context_print:        load time =      17.86 ms
llama_perf_context_print: prompt eval time =      11.17 ms /    84 tokens (    0.13 ms per token,  7519.47 tokens per second)
llama_perf_context_print:        eval time =     131.03 ms /    63 runs   (    2.08 ms per token,   480.82 tokens per second)
llama_perf_context_print:       total time =     150.71 ms /   147 tokens
llama_perf_context_print:    graphs reused =         62
[LFM2.5 1.2B ] 9. long query
Llama.generate: 1471 prefix-match hit, remaining 85 prompt tokens to eval
llama_perf_context_print:        load time =      17.86 ms
llama_perf_context_print: prompt eval time =      11.38 ms /    85 tokens (    0.13 ms per token,  7467.93 tokens per second)
llama_perf_context_print:        eval time =     131.36 ms /    63 runs   (    2.09 ms per token,   479.61 tokens per second)
llama_perf_context_print:       total time =     150.99 ms /   148 tokens
llama_perf_context_print:    graphs reused =         62
[LFM2.5 1.2B ] 10. long query
Llama.generate: 1619 prefix-match hit, remaining 80 prompt tokens to eval
llama_perf_context_print:        load time =      17.86 ms
llama_perf_context_print: prompt eval time =      10.96 ms /    80 tokens (    0.14 ms per token,  7301.94 tokens per second)
llama_perf_context_print:        eval time =     131.05 ms /    63 runs   (    2.08 ms per token,   480.75 tokens per second)
llama_perf_context_print:       total time =     150.27 ms /   143 tokens
llama_perf_context_print:    graphs reused =         62
[LFM2.5 1.2B ] 11. long query
Llama.generate: 1762 prefix-match hit, remaining 81 prompt tokens to eval
llama_perf_context_print:        load time =      17.86 ms
llama_perf_context_print: prompt eval time =      11.50 ms /    81 tokens (    0.14 ms per token,  7042.25 tokens per second)
llama_perf_context_print:        eval time =     131.47 ms /    63 runs   (    2.09 ms per token,   479.20 tokens per second)
llama_perf_context_print:       total time =     151.28 ms /   144 tokens
llama_perf_context_print:    graphs reused =         62
[LFM2.5 1.2B ] 12. long query
Llama.generate: 1906 prefix-match hit, remaining 87 prompt tokens to eval
llama_perf_context_print:        load time =      17.86 ms
llama_perf_context_print: prompt eval time =      11.74 ms /    87 tokens (    0.13 ms per token,  7408.67 tokens per second)
llama_perf_context_print:        eval time =     132.62 ms /    63 runs   (    2.11 ms per token,   475.05 tokens per second)
llama_perf_context_print:       total time =     153.34 ms /   150 tokens
llama_perf_context_print:    graphs reused =         61
[LFM2.5 1.2B ] 13. long query
Llama.generate: 2056 prefix-match hit, remaining 83 prompt tokens to eval
llama_perf_context_print:        load time =      17.86 ms
llama_perf_context_print: prompt eval time =      11.44 ms /    83 tokens (    0.14 ms per token,  7253.34 tokens per second)
llama_perf_context_print:        eval time =     132.52 ms /    63 runs   (    2.10 ms per token,   475.40 tokens per second)
llama_perf_context_print:       total time =     152.77 ms /   146 tokens
llama_perf_context_print:    graphs reused =         62
[LFM2.5 1.2B ] 14. long query
Llama.generate: 2202 prefix-match hit, remaining 86 prompt tokens to eval
llama_perf_context_print:        load time =      17.86 ms
llama_perf_context_print: prompt eval time =      11.37 ms /    86 tokens (    0.13 ms per token,  7563.10 tokens per second)
llama_perf_context_print:        eval time =     133.61 ms /    63 runs   (    2.12 ms per token,   471.53 tokens per second)
llama_perf_context_print:       total time =     153.83 ms /   149 tokens
llama_perf_context_print:    graphs reused =         61
[LFM2.5 1.2B ] 15. long query
Llama.generate: 2351 prefix-match hit, remaining 93 prompt tokens to eval
llama_perf_context_print:        load time =      17.86 ms
llama_perf_context_print: prompt eval time =      11.84 ms /    93 tokens (    0.13 ms per token,  7852.74 tokens per second)
llama_perf_context_print:        eval time =     132.95 ms /    63 runs   (    2.11 ms per token,   473.86 tokens per second)
llama_perf_context_print:       total time =     153.87 ms /   156 tokens
llama_perf_context_print:    graphs reused =         62
~llama_context:    Vulkan0 compute buffer size is 278.0078 MiB, matches expectation of 278.0078 MiB
~llama_context: Vulkan_Host compute buffer size is  18.0196 MiB, matches expectation of  18.0196 MiB
--- MiniCPM5 1B ---
[MiniCPM5 1B] 0. short query
Llama.generate: 210 prefix-match hit, remaining 23 prompt tokens to eval
llama_perf_context_print:        load time =      25.62 ms
llama_perf_context_print: prompt eval time =      11.94 ms /    23 tokens (    0.52 ms per token,  1925.98 tokens per second)
llama_perf_context_print:        eval time =      36.70 ms /    12 runs   (    3.06 ms per token,   326.94 tokens per second)
llama_perf_context_print:       total time =      50.66 ms /    35 tokens
llama_perf_context_print:    graphs reused =         11
[MiniCPM5 1B] 1. short query
Llama.generate: 245 prefix-match hit, remaining 25 prompt tokens to eval
llama_perf_context_print:        load time =      25.62 ms
llama_perf_context_print: prompt eval time =      14.01 ms /    25 tokens (    0.56 ms per token,  1785.08 tokens per second)
llama_perf_context_print:        eval time =      48.80 ms /    16 runs   (    3.05 ms per token,   327.84 tokens per second)
llama_perf_context_print:       total time =      65.36 ms /    41 tokens
llama_perf_context_print:    graphs reused =         15
[MiniCPM5 1B] 2. short query
Llama.generate: 286 prefix-match hit, remaining 26 prompt tokens to eval
llama_perf_context_print:        load time =      25.62 ms
llama_perf_context_print: prompt eval time =      13.67 ms /    26 tokens (    0.53 ms per token,  1902.67 tokens per second)
llama_perf_context_print:        eval time =      34.05 ms /    11 runs   (    3.10 ms per token,   323.09 tokens per second)
llama_perf_context_print:       total time =      49.61 ms /    37 tokens
llama_perf_context_print:    graphs reused =         10
[MiniCPM5 1B] 3. short query
Llama.generate: 323 prefix-match hit, remaining 27 prompt tokens to eval
llama_perf_context_print:        load time =      25.62 ms
llama_perf_context_print: prompt eval time =      13.54 ms /    27 tokens (    0.50 ms per token,  1994.83 tokens per second)
llama_perf_context_print:        eval time =      36.48 ms /    12 runs   (    3.04 ms per token,   328.94 tokens per second)
llama_perf_context_print:       total time =      51.91 ms /    39 tokens
llama_perf_context_print:    graphs reused =         11
[MiniCPM5 1B] 4. short query
Llama.generate: 362 prefix-match hit, remaining 23 prompt tokens to eval
llama_perf_context_print:        load time =      25.62 ms
llama_perf_context_print: prompt eval time =      13.36 ms /    23 tokens (    0.58 ms per token,  1722.20 tokens per second)
llama_perf_context_print:        eval time =      39.15 ms /    13 runs   (    3.01 ms per token,   332.05 tokens per second)
llama_perf_context_print:       total time =      54.60 ms /    36 tokens
llama_perf_context_print:    graphs reused =         12
[MiniCPM5 1B] 5. short query
Llama.generate: 398 prefix-match hit, remaining 26 prompt tokens to eval
llama_perf_context_print:        load time =      25.62 ms
llama_perf_context_print: prompt eval time =      12.79 ms /    26 tokens (    0.49 ms per token,  2033.16 tokens per second)
llama_perf_context_print:        eval time =      52.14 ms /    18 runs   (    2.90 ms per token,   345.22 tokens per second)
llama_perf_context_print:       total time =      67.76 ms /    44 tokens
llama_perf_context_print:    graphs reused =         17
[MiniCPM5 1B] 6. short query
Llama.generate: 442 prefix-match hit, remaining 27 prompt tokens to eval
llama_perf_context_print:        load time =      25.62 ms
llama_perf_context_print: prompt eval time =      12.44 ms /    27 tokens (    0.46 ms per token,  2170.94 tokens per second)
llama_perf_context_print:        eval time =      48.36 ms /    17 runs   (    2.84 ms per token,   351.56 tokens per second)
llama_perf_context_print:       total time =      63.35 ms /    44 tokens
llama_perf_context_print:    graphs reused =         16
[MiniCPM5 1B] 7. short query
Llama.generate: 486 prefix-match hit, remaining 23 prompt tokens to eval
llama_perf_context_print:        load time =      25.62 ms
llama_perf_context_print: prompt eval time =      11.95 ms /    23 tokens (    0.52 ms per token,  1924.20 tokens per second)
llama_perf_context_print:        eval time =      40.61 ms /    14 runs   (    2.90 ms per token,   344.72 tokens per second)
llama_perf_context_print:       total time =      54.64 ms /    37 tokens
llama_perf_context_print:    graphs reused =         12
[MiniCPM5 1B] 8. short query
Llama.generate: 523 prefix-match hit, remaining 24 prompt tokens to eval
llama_perf_context_print:        load time =      25.62 ms
llama_perf_context_print: prompt eval time =      12.10 ms /    24 tokens (    0.50 ms per token,  1984.13 tokens per second)
llama_perf_context_print:        eval time =      39.80 ms /    14 runs   (    2.84 ms per token,   351.76 tokens per second)
llama_perf_context_print:       total time =      54.31 ms /    38 tokens
llama_perf_context_print:    graphs reused =         13
[MiniCPM5 1B] 9. short query
Llama.generate: 561 prefix-match hit, remaining 24 prompt tokens to eval
llama_perf_context_print:        load time =      25.62 ms
llama_perf_context_print: prompt eval time =      11.71 ms /    24 tokens (    0.49 ms per token,  2049.53 tokens per second)
llama_perf_context_print:        eval time =      28.25 ms /    10 runs   (    2.82 ms per token,   354.01 tokens per second)
llama_perf_context_print:       total time =      41.69 ms /    34 tokens
llama_perf_context_print:    graphs reused =          9
[MiniCPM5 1B] 10. short query
Llama.generate: 595 prefix-match hit, remaining 29 prompt tokens to eval
llama_perf_context_print:        load time =      25.62 ms
llama_perf_context_print: prompt eval time =      11.63 ms /    29 tokens (    0.40 ms per token,  2494.41 tokens per second)
llama_perf_context_print:        eval time =      27.85 ms /    10 runs   (    2.78 ms per token,   359.08 tokens per second)
llama_perf_context_print:       total time =      41.11 ms /    39 tokens
llama_perf_context_print:    graphs reused =          9
[MiniCPM5 1B] 11. short query
Llama.generate: 634 prefix-match hit, remaining 24 prompt tokens to eval
llama_perf_context_print:        load time =      25.62 ms
llama_perf_context_print: prompt eval time =      11.35 ms /    24 tokens (    0.47 ms per token,  2115.28 tokens per second)
llama_perf_context_print:        eval time =      43.56 ms /    16 runs   (    2.72 ms per token,   367.34 tokens per second)
llama_perf_context_print:       total time =      57.50 ms /    40 tokens
llama_perf_context_print:    graphs reused =         15
[MiniCPM5 1B] 12. short query
Llama.generate: 674 prefix-match hit, remaining 25 prompt tokens to eval
llama_perf_context_print:        load time =      25.62 ms
llama_perf_context_print: prompt eval time =      11.26 ms /    25 tokens (    0.45 ms per token,  2221.04 tokens per second)
llama_perf_context_print:        eval time =      42.95 ms /    16 runs   (    2.68 ms per token,   372.53 tokens per second)
llama_perf_context_print:       total time =      56.77 ms /    41 tokens
llama_perf_context_print:    graphs reused =         15
[MiniCPM5 1B] 13. short query
Llama.generate: 715 prefix-match hit, remaining 27 prompt tokens to eval
llama_perf_context_print:        load time =      25.62 ms
llama_perf_context_print: prompt eval time =      11.25 ms /    27 tokens (    0.42 ms per token,  2399.36 tokens per second)
llama_perf_context_print:        eval time =      40.02 ms /    15 runs   (    2.67 ms per token,   374.79 tokens per second)
llama_perf_context_print:       total time =      53.63 ms /    42 tokens
llama_perf_context_print:    graphs reused =         14
[MiniCPM5 1B] 14. short query
Llama.generate: 757 prefix-match hit, remaining 25 prompt tokens to eval
llama_perf_context_print:        load time =      25.62 ms
llama_perf_context_print: prompt eval time =      11.12 ms /    25 tokens (    0.44 ms per token,  2248.61 tokens per second)
llama_perf_context_print:        eval time =      39.68 ms /    15 runs   (    2.65 ms per token,   378.01 tokens per second)
llama_perf_context_print:       total time =      53.18 ms /    40 tokens
llama_perf_context_print:    graphs reused =         14
[MiniCPM5 1B] 15. short query
Llama.generate: 797 prefix-match hit, remaining 24 prompt tokens to eval
llama_perf_context_print:        load time =      25.62 ms
llama_perf_context_print: prompt eval time =      10.83 ms /    24 tokens (    0.45 ms per token,  2216.89 tokens per second)
llama_perf_context_print:        eval time =      44.59 ms /    17 runs   (    2.62 ms per token,   381.23 tokens per second)
llama_perf_context_print:       total time =      58.04 ms /    41 tokens
llama_perf_context_print:    graphs reused =         16
[MiniCPM5 1B] 0. long query
Llama.generate: 210 prefix-match hit, remaining 79 prompt tokens to eval
llama_perf_context_print:        load time =      25.62 ms
llama_perf_context_print: prompt eval time =      14.83 ms /    79 tokens (    0.19 ms per token,  5327.04 tokens per second)
llama_perf_context_print:        eval time =     153.28 ms /    63 runs   (    2.43 ms per token,   411.00 tokens per second)
llama_perf_context_print:       total time =     178.58 ms /   142 tokens
llama_perf_context_print:    graphs reused =         62
[MiniCPM5 1B] 1. long query
Llama.generate: 352 prefix-match hit, remaining 77 prompt tokens to eval
llama_perf_context_print:        load time =      25.62 ms
llama_perf_context_print: prompt eval time =      15.90 ms /    77 tokens (    0.21 ms per token,  4841.85 tokens per second)
llama_perf_context_print:        eval time =     147.67 ms /    63 runs   (    2.34 ms per token,   426.63 tokens per second)
llama_perf_context_print:       total time =     173.97 ms /   140 tokens
llama_perf_context_print:    graphs reused =         62
[MiniCPM5 1B] 2. long query
Llama.generate: 492 prefix-match hit, remaining 77 prompt tokens to eval
llama_perf_context_print:        load time =      25.62 ms
llama_perf_context_print: prompt eval time =      15.67 ms /    77 tokens (    0.20 ms per token,  4913.22 tokens per second)
llama_perf_context_print:        eval time =     145.53 ms /    63 runs   (    2.31 ms per token,   432.91 tokens per second)
llama_perf_context_print:       total time =     171.28 ms /   140 tokens
llama_perf_context_print:    graphs reused =         62
[MiniCPM5 1B] 3. long query
Llama.generate: 632 prefix-match hit, remaining 82 prompt tokens to eval
llama_perf_context_print:        load time =      25.62 ms
llama_perf_context_print: prompt eval time =      14.58 ms /    82 tokens (    0.18 ms per token,  5624.91 tokens per second)
llama_perf_context_print:        eval time =     143.00 ms /    63 runs   (    2.27 ms per token,   440.56 tokens per second)
llama_perf_context_print:       total time =     167.58 ms /   145 tokens
llama_perf_context_print:    graphs reused =         61
[MiniCPM5 1B] 4. long query
Llama.generate: 777 prefix-match hit, remaining 88 prompt tokens to eval
llama_perf_context_print:        load time =      25.62 ms
llama_perf_context_print: prompt eval time =      14.82 ms /    88 tokens (    0.17 ms per token,  5939.12 tokens per second)
llama_perf_context_print:        eval time =     140.90 ms /    63 runs   (    2.24 ms per token,   447.13 tokens per second)
llama_perf_context_print:       total time =     166.97 ms /   151 tokens
llama_perf_context_print:    graphs reused =         62
[MiniCPM5 1B] 5. long query
Llama.generate: 928 prefix-match hit, remaining 87 prompt tokens to eval
llama_perf_context_print:        load time =      25.62 ms
llama_perf_context_print: prompt eval time =      14.42 ms /    87 tokens (    0.17 ms per token,  6034.96 tokens per second)
llama_perf_context_print:        eval time =     138.17 ms /    63 runs   (    2.19 ms per token,   455.96 tokens per second)
llama_perf_context_print:       total time =     162.71 ms /   150 tokens
llama_perf_context_print:    graphs reused =         61
[MiniCPM5 1B] 6. long query
Llama.generate: 1078 prefix-match hit, remaining 84 prompt tokens to eval
llama_perf_context_print:        load time =      25.62 ms
llama_perf_context_print: prompt eval time =      14.88 ms /    84 tokens (    0.18 ms per token,  5643.64 tokens per second)
llama_perf_context_print:        eval time =     137.56 ms /    63 runs   (    2.18 ms per token,   457.98 tokens per second)
llama_perf_context_print:       total time =     163.40 ms /   147 tokens
llama_perf_context_print:    graphs reused =         62
[MiniCPM5 1B] 7. long query
Llama.generate: 1225 prefix-match hit, remaining 87 prompt tokens to eval
llama_perf_context_print:        load time =      25.62 ms
llama_perf_context_print: prompt eval time =      15.22 ms /    87 tokens (    0.17 ms per token,  5715.41 tokens per second)
llama_perf_context_print:        eval time =     137.86 ms /    63 runs   (    2.19 ms per token,   456.99 tokens per second)
llama_perf_context_print:       total time =     163.37 ms /   150 tokens
llama_perf_context_print:    graphs reused =         62
[MiniCPM5 1B] 8. long query
Llama.generate: 1375 prefix-match hit, remaining 84 prompt tokens to eval
llama_perf_context_print:        load time =      25.62 ms
llama_perf_context_print: prompt eval time =      15.02 ms /    84 tokens (    0.18 ms per token,  5594.03 tokens per second)
llama_perf_context_print:        eval time =     137.10 ms /    63 runs   (    2.18 ms per token,   459.53 tokens per second)
llama_perf_context_print:       total time =     162.02 ms /   147 tokens
llama_perf_context_print:    graphs reused =         62
[MiniCPM5 1B] 9. long query
Llama.generate: 1522 prefix-match hit, remaining 84 prompt tokens to eval
llama_perf_context_print:        load time =      25.62 ms
llama_perf_context_print: prompt eval time =      15.91 ms /    84 tokens (    0.19 ms per token,  5281.03 tokens per second)
llama_perf_context_print:        eval time =     138.85 ms /    63 runs   (    2.20 ms per token,   453.74 tokens per second)
llama_perf_context_print:       total time =     166.02 ms /   147 tokens
llama_perf_context_print:    graphs reused =         62
[MiniCPM5 1B] 10. long query
Llama.generate: 1669 prefix-match hit, remaining 81 prompt tokens to eval
llama_perf_context_print:        load time =      25.62 ms
llama_perf_context_print: prompt eval time =      15.61 ms /    81 tokens (    0.19 ms per token,  5188.32 tokens per second)
llama_perf_context_print:        eval time =     140.24 ms /    63 runs   (    2.23 ms per token,   449.22 tokens per second)
llama_perf_context_print:       total time =     166.94 ms /   144 tokens
llama_perf_context_print:    graphs reused =         61
[MiniCPM5 1B] 11. long query
Llama.generate: 1813 prefix-match hit, remaining 84 prompt tokens to eval
llama_perf_context_print:        load time =      25.62 ms
llama_perf_context_print: prompt eval time =      15.61 ms /    84 tokens (    0.19 ms per token,  5382.20 tokens per second)
llama_perf_context_print:        eval time =     141.19 ms /    63 runs   (    2.24 ms per token,   446.21 tokens per second)
llama_perf_context_print:       total time =     168.26 ms /   147 tokens
llama_perf_context_print:    graphs reused =         62
[MiniCPM5 1B] 12. long query
Llama.generate: 1960 prefix-match hit, remaining 88 prompt tokens to eval
llama_perf_context_print:        load time =      25.62 ms
llama_perf_context_print: prompt eval time =      15.58 ms /    88 tokens (    0.18 ms per token,  5647.18 tokens per second)
llama_perf_context_print:        eval time =     142.28 ms /    63 runs   (    2.26 ms per token,   442.80 tokens per second)
llama_perf_context_print:       total time =     168.29 ms /   151 tokens
llama_perf_context_print:    graphs reused =         62
[MiniCPM5 1B] 13. long query
Llama.generate: 2111 prefix-match hit, remaining 82 prompt tokens to eval
llama_perf_context_print:        load time =      25.62 ms
llama_perf_context_print: prompt eval time =      15.76 ms /    82 tokens (    0.19 ms per token,  5201.73 tokens per second)
llama_perf_context_print:        eval time =     142.38 ms /    63 runs   (    2.26 ms per token,   442.49 tokens per second)
llama_perf_context_print:       total time =     169.05 ms /   145 tokens
llama_perf_context_print:    graphs reused =         62
[MiniCPM5 1B] 14. long query
Llama.generate: 2256 prefix-match hit, remaining 88 prompt tokens to eval
llama_perf_context_print:        load time =      25.62 ms
llama_perf_context_print: prompt eval time =      16.21 ms /    88 tokens (    0.18 ms per token,  5427.41 tokens per second)
llama_perf_context_print:        eval time =     142.58 ms /    63 runs   (    2.26 ms per token,   441.84 tokens per second)
llama_perf_context_print:       total time =     169.44 ms /   151 tokens
llama_perf_context_print:    graphs reused =         62
[MiniCPM5 1B] 15. long query
Llama.generate: 2407 prefix-match hit, remaining 91 prompt tokens to eval
llama_perf_context_print:        load time =      25.62 ms
llama_perf_context_print: prompt eval time =      15.95 ms /    91 tokens (    0.18 ms per token,  5703.90 tokens per second)
llama_perf_context_print:        eval time =     143.62 ms /    63 runs   (    2.28 ms per token,   438.64 tokens per second)
llama_perf_context_print:       total time =     170.71 ms /   154 tokens
llama_perf_context_print:    graphs reused =         61
~llama_context:    Vulkan0 compute buffer size is 261.0000 MiB, matches expectation of 261.0000 MiB
~llama_context: Vulkan_Host compute buffer size is  15.0157 MiB, matches expectation of  15.0157 MiB
--- Bonsai 4B ---
[Bonsai 4B] 0. short query
Llama.generate: 199 prefix-match hit, remaining 24 prompt tokens to eval
llama_perf_context_print:        load time =      60.23 ms
llama_perf_context_print: prompt eval time =      22.50 ms /    24 tokens (    0.94 ms per token,  1066.43 tokens per second)
llama_perf_context_print:        eval time =     188.30 ms /    31 runs   (    6.07 ms per token,   164.64 tokens per second)
llama_perf_context_print:       total time =     215.75 ms /    55 tokens
llama_perf_context_print:    graphs reused =         30
[Bonsai 4B] 1. short query
Llama.generate: 254 prefix-match hit, remaining 25 prompt tokens to eval
llama_perf_context_print:        load time =      60.23 ms
llama_perf_context_print: prompt eval time =      22.67 ms /    25 tokens (    0.91 ms per token,  1102.73 tokens per second)
llama_perf_context_print:        eval time =     182.49 ms /    35 runs   (    5.21 ms per token,   191.79 tokens per second)
llama_perf_context_print:       total time =     210.83 ms /    60 tokens
llama_perf_context_print:    graphs reused =         34
[Bonsai 4B] 2. short query
Llama.generate: 314 prefix-match hit, remaining 26 prompt tokens to eval
llama_perf_context_print:        load time =      60.23 ms
llama_perf_context_print: prompt eval time =      19.37 ms /    26 tokens (    0.75 ms per token,  1342.21 tokens per second)
llama_perf_context_print:        eval time =      97.80 ms /    21 runs   (    4.66 ms per token,   214.73 tokens per second)
llama_perf_context_print:       total time =     120.65 ms /    47 tokens
llama_perf_context_print:    graphs reused =         20
[Bonsai 4B] 3. short query
Llama.generate: 361 prefix-match hit, remaining 27 prompt tokens to eval
llama_perf_context_print:        load time =      60.23 ms
llama_perf_context_print: prompt eval time =      18.19 ms /    27 tokens (    0.67 ms per token,  1484.09 tokens per second)
llama_perf_context_print:        eval time =      95.66 ms /    22 runs   (    4.35 ms per token,   229.98 tokens per second)
llama_perf_context_print:       total time =     117.48 ms /    49 tokens
llama_perf_context_print:    graphs reused =         21
[Bonsai 4B] 4. short query
Llama.generate: 410 prefix-match hit, remaining 23 prompt tokens to eval
llama_perf_context_print:        load time =      60.23 ms
llama_perf_context_print: prompt eval time =      16.92 ms /    23 tokens (    0.74 ms per token,  1359.26 tokens per second)
llama_perf_context_print:        eval time =      95.36 ms /    23 runs   (    4.15 ms per token,   241.19 tokens per second)
llama_perf_context_print:       total time =     116.15 ms /    46 tokens
llama_perf_context_print:    graphs reused =         22
[Bonsai 4B] 5. short query
Llama.generate: 456 prefix-match hit, remaining 26 prompt tokens to eval
llama_perf_context_print:        load time =      60.23 ms
llama_perf_context_print: prompt eval time =      16.29 ms /    26 tokens (    0.63 ms per token,  1596.46 tokens per second)
llama_perf_context_print:        eval time =     138.14 ms /    35 runs   (    3.95 ms per token,   253.37 tokens per second)
llama_perf_context_print:       total time =     160.40 ms /    61 tokens
llama_perf_context_print:    graphs reused =         33
[Bonsai 4B] 6. short query
Llama.generate: 517 prefix-match hit, remaining 28 prompt tokens to eval
llama_perf_context_print:        load time =      60.23 ms
llama_perf_context_print: prompt eval time =      16.53 ms /    28 tokens (    0.59 ms per token,  1693.68 tokens per second)
llama_perf_context_print:        eval time =     100.73 ms /    26 runs   (    3.87 ms per token,   258.11 tokens per second)
llama_perf_context_print:       total time =     121.71 ms /    54 tokens
llama_perf_context_print:    graphs reused =         25
[Bonsai 4B] 7. short query
Llama.generate: 571 prefix-match hit, remaining 23 prompt tokens to eval
llama_perf_context_print:        load time =      60.23 ms
llama_perf_context_print: prompt eval time =      15.47 ms /    23 tokens (    0.67 ms per token,  1486.27 tokens per second)
llama_perf_context_print:        eval time =     142.83 ms /    38 runs   (    3.76 ms per token,   266.06 tokens per second)
llama_perf_context_print:       total time =     164.78 ms /    61 tokens
llama_perf_context_print:    graphs reused =         37
[Bonsai 4B] 8. short query
Llama.generate: 632 prefix-match hit, remaining 24 prompt tokens to eval
llama_perf_context_print:        load time =      60.23 ms
llama_perf_context_print: prompt eval time =      15.86 ms /    24 tokens (    0.66 ms per token,  1513.24 tokens per second)
llama_perf_context_print:        eval time =      98.11 ms /    26 runs   (    3.77 ms per token,   265.01 tokens per second)
llama_perf_context_print:       total time =     118.25 ms /    50 tokens
llama_perf_context_print:    graphs reused =         25
[Bonsai 4B] 9. short query
Llama.generate: 682 prefix-match hit, remaining 24 prompt tokens to eval
llama_perf_context_print:        load time =      60.23 ms
llama_perf_context_print: prompt eval time =      15.75 ms /    24 tokens (    0.66 ms per token,  1523.52 tokens per second)
llama_perf_context_print:        eval time =      86.89 ms /    23 runs   (    3.78 ms per token,   264.70 tokens per second)
llama_perf_context_print:       total time =     106.59 ms /    47 tokens
llama_perf_context_print:    graphs reused =         22
[Bonsai 4B] 10. short query
Llama.generate: 729 prefix-match hit, remaining 29 prompt tokens to eval
llama_perf_context_print:        load time =      60.23 ms
llama_perf_context_print: prompt eval time =      15.92 ms /    29 tokens (    0.55 ms per token,  1822.07 tokens per second)
llama_perf_context_print:        eval time =      93.32 ms /    24 runs   (    3.89 ms per token,   257.17 tokens per second)
llama_perf_context_print:       total time =     113.46 ms /    53 tokens
llama_perf_context_print:    graphs reused =         22
[Bonsai 4B] 11. short query
Llama.generate: 782 prefix-match hit, remaining 24 prompt tokens to eval
llama_perf_context_print:        load time =      60.23 ms
llama_perf_context_print: prompt eval time =      16.49 ms /    24 tokens (    0.69 ms per token,  1455.43 tokens per second)
llama_perf_context_print:        eval time =     108.69 ms /    28 runs   (    3.88 ms per token,   257.62 tokens per second)
llama_perf_context_print:       total time =     130.50 ms /    52 tokens
llama_perf_context_print:    graphs reused =         27
[Bonsai 4B] 12. short query
Llama.generate: 834 prefix-match hit, remaining 25 prompt tokens to eval
llama_perf_context_print:        load time =      60.23 ms
llama_perf_context_print: prompt eval time =      16.33 ms /    25 tokens (    0.65 ms per token,  1531.02 tokens per second)
llama_perf_context_print:        eval time =      97.38 ms /    25 runs   (    3.90 ms per token,   256.73 tokens per second)
llama_perf_context_print:       total time =     118.17 ms /    50 tokens
llama_perf_context_print:    graphs reused =         24
[Bonsai 4B] 13. short query
Llama.generate: 884 prefix-match hit, remaining 26 prompt tokens to eval
llama_perf_context_print:        load time =      60.23 ms
llama_perf_context_print: prompt eval time =      16.28 ms /    26 tokens (    0.63 ms per token,  1597.35 tokens per second)
llama_perf_context_print:        eval time =      73.92 ms /    19 runs   (    3.89 ms per token,   257.04 tokens per second)
llama_perf_context_print:       total time =      93.36 ms /    45 tokens
llama_perf_context_print:    graphs reused =         18
[Bonsai 4B] 14. short query
Llama.generate: 929 prefix-match hit, remaining 26 prompt tokens to eval
llama_perf_context_print:        load time =      60.23 ms
llama_perf_context_print: prompt eval time =      16.32 ms /    26 tokens (    0.63 ms per token,  1593.23 tokens per second)
llama_perf_context_print:        eval time =     123.66 ms /    32 runs   (    3.86 ms per token,   258.78 tokens per second)
llama_perf_context_print:       total time =     145.81 ms /    58 tokens
llama_perf_context_print:    graphs reused =         31
[Bonsai 4B] 15. short query
Llama.generate: 987 prefix-match hit, remaining 24 prompt tokens to eval
llama_perf_context_print:        load time =      60.23 ms
llama_perf_context_print: prompt eval time =      15.95 ms /    24 tokens (    0.66 ms per token,  1504.70 tokens per second)
llama_perf_context_print:        eval time =     112.22 ms /    28 runs   (    4.01 ms per token,   249.50 tokens per second)
llama_perf_context_print:       total time =     132.78 ms /    52 tokens
llama_perf_context_print:    graphs reused =         26
[Bonsai 4B] 0. long query
Llama.generate: 199 prefix-match hit, remaining 80 prompt tokens to eval
llama_perf_context_print:        load time =      60.23 ms
llama_perf_context_print: prompt eval time =      27.19 ms /    80 tokens (    0.34 ms per token,  2942.80 tokens per second)
llama_perf_context_print:        eval time =     149.70 ms /    40 runs   (    3.74 ms per token,   267.20 tokens per second)
llama_perf_context_print:       total time =     184.09 ms /   120 tokens
llama_perf_context_print:    graphs reused =         39
[Bonsai 4B] 1. long query
Llama.generate: 319 prefix-match hit, remaining 78 prompt tokens to eval
llama_perf_context_print:        load time =      60.23 ms
llama_perf_context_print: prompt eval time =      29.02 ms /    78 tokens (    0.37 ms per token,  2688.26 tokens per second)
llama_perf_context_print:        eval time =     171.52 ms /    46 runs   (    3.73 ms per token,   268.19 tokens per second)
llama_perf_context_print:       total time =     208.84 ms /   124 tokens
llama_perf_context_print:    graphs reused =         45
[Bonsai 4B] 2. long query
Llama.generate: 443 prefix-match hit, remaining 77 prompt tokens to eval
llama_perf_context_print:        load time =      60.23 ms
llama_perf_context_print: prompt eval time =      29.66 ms /    77 tokens (    0.39 ms per token,  2596.26 tokens per second)
llama_perf_context_print:        eval time =     192.79 ms /    50 runs   (    3.86 ms per token,   259.35 tokens per second)
llama_perf_context_print:       total time =     231.29 ms /   127 tokens
llama_perf_context_print:    graphs reused =         49
[Bonsai 4B] 3. long query
Llama.generate: 570 prefix-match hit, remaining 82 prompt tokens to eval
llama_perf_context_print:        load time =      60.23 ms
llama_perf_context_print: prompt eval time =      31.79 ms /    82 tokens (    0.39 ms per token,  2579.83 tokens per second)
llama_perf_context_print:        eval time =     139.25 ms /    36 runs   (    3.87 ms per token,   258.53 tokens per second)
llama_perf_context_print:       total time =     178.03 ms /   118 tokens
llama_perf_context_print:    graphs reused =         35
[Bonsai 4B] 4. long query
Llama.generate: 688 prefix-match hit, remaining 87 prompt tokens to eval
llama_perf_context_print:        load time =      60.23 ms
llama_perf_context_print: prompt eval time =      33.41 ms /    87 tokens (    0.38 ms per token,  2603.62 tokens per second)
llama_perf_context_print:        eval time =     181.80 ms /    46 runs   (    3.95 ms per token,   253.02 tokens per second)
llama_perf_context_print:       total time =     224.13 ms /   133 tokens
llama_perf_context_print:    graphs reused =         45
[Bonsai 4B] 5. long query
Llama.generate: 821 prefix-match hit, remaining 87 prompt tokens to eval
llama_perf_context_print:        load time =      60.23 ms
llama_perf_context_print: prompt eval time =      33.48 ms /    87 tokens (    0.38 ms per token,  2598.64 tokens per second)
llama_perf_context_print:        eval time =     157.84 ms /    40 runs   (    3.95 ms per token,   253.42 tokens per second)
llama_perf_context_print:       total time =     199.15 ms /   127 tokens
llama_perf_context_print:    graphs reused =         39
[Bonsai 4B] 6. long query
Llama.generate: 948 prefix-match hit, remaining 81 prompt tokens to eval
llama_perf_context_print:        load time =      60.23 ms
llama_perf_context_print: prompt eval time =      33.44 ms /    81 tokens (    0.41 ms per token,  2422.32 tokens per second)
llama_perf_context_print:        eval time =     173.50 ms /    44 runs   (    3.94 ms per token,   253.60 tokens per second)
llama_perf_context_print:       total time =     215.13 ms /   125 tokens
llama_perf_context_print:    graphs reused =         43
[Bonsai 4B] 7. long query
Llama.generate: 1073 prefix-match hit, remaining 87 prompt tokens to eval
llama_perf_context_print:        load time =      60.23 ms
llama_perf_context_print: prompt eval time =      33.86 ms /    87 tokens (    0.39 ms per token,  2569.78 tokens per second)
llama_perf_context_print:        eval time =     150.46 ms /    38 runs   (    3.96 ms per token,   252.56 tokens per second)
llama_perf_context_print:       total time =     191.44 ms /   125 tokens
llama_perf_context_print:    graphs reused =         37
[Bonsai 4B] 8. long query
Llama.generate: 1198 prefix-match hit, remaining 83 prompt tokens to eval
llama_perf_context_print:        load time =      60.23 ms
llama_perf_context_print: prompt eval time =      34.34 ms /    83 tokens (    0.41 ms per token,  2416.65 tokens per second)
llama_perf_context_print:        eval time =     164.92 ms /    41 runs   (    4.02 ms per token,   248.60 tokens per second)
llama_perf_context_print:       total time =     207.26 ms /   124 tokens
llama_perf_context_print:    graphs reused =         40
[Bonsai 4B] 9. long query
Llama.generate: 1322 prefix-match hit, remaining 84 prompt tokens to eval
llama_perf_context_print:        load time =      60.23 ms
llama_perf_context_print: prompt eval time =      33.02 ms /    84 tokens (    0.39 ms per token,  2543.99 tokens per second)
llama_perf_context_print:        eval time =     176.87 ms /    44 runs   (    4.02 ms per token,   248.77 tokens per second)
llama_perf_context_print:       total time =     218.53 ms /   128 tokens
llama_perf_context_print:    graphs reused =         43
[Bonsai 4B] 10. long query
Llama.generate: 1450 prefix-match hit, remaining 79 prompt tokens to eval
llama_perf_context_print:        load time =      60.23 ms
llama_perf_context_print: prompt eval time =      34.58 ms /    79 tokens (    0.44 ms per token,  2284.49 tokens per second)
llama_perf_context_print:        eval time =     150.56 ms /    36 runs   (    4.18 ms per token,   239.10 tokens per second)
llama_perf_context_print:       total time =     192.48 ms /   115 tokens
llama_perf_context_print:    graphs reused =         34
[Bonsai 4B] 11. long query
Llama.generate: 1565 prefix-match hit, remaining 83 prompt tokens to eval
llama_perf_context_print:        load time =      60.23 ms
llama_perf_context_print: prompt eval time =      34.27 ms /    83 tokens (    0.41 ms per token,  2421.73 tokens per second)
llama_perf_context_print:        eval time =     145.46 ms /    35 runs   (    4.16 ms per token,   240.61 tokens per second)
llama_perf_context_print:       total time =     186.87 ms /   118 tokens
llama_perf_context_print:    graphs reused =         34
[Bonsai 4B] 12. long query
Llama.generate: 1683 prefix-match hit, remaining 87 prompt tokens to eval
llama_perf_context_print:        load time =      60.23 ms
llama_perf_context_print: prompt eval time =      35.40 ms /    87 tokens (    0.41 ms per token,  2457.49 tokens per second)
llama_perf_context_print:        eval time =     156.46 ms /    37 runs   (    4.23 ms per token,   236.48 tokens per second)
llama_perf_context_print:       total time =     199.43 ms /   124 tokens
llama_perf_context_print:    graphs reused =         35
[Bonsai 4B] 13. long query
Llama.generate: 1807 prefix-match hit, remaining 84 prompt tokens to eval
llama_perf_context_print:        load time =      60.23 ms
llama_perf_context_print: prompt eval time =      35.15 ms /    84 tokens (    0.42 ms per token,  2389.49 tokens per second)
llama_perf_context_print:        eval time =     160.93 ms /    38 runs   (    4.23 ms per token,   236.13 tokens per second)
llama_perf_context_print:       total time =     203.92 ms /   122 tokens
llama_perf_context_print:    graphs reused =         37
[Bonsai 4B] 14. long query
Llama.generate: 1929 prefix-match hit, remaining 89 prompt tokens to eval
llama_perf_context_print:        load time =      60.23 ms
llama_perf_context_print: prompt eval time =      36.94 ms /    89 tokens (    0.42 ms per token,  2409.44 tokens per second)
llama_perf_context_print:        eval time =     180.62 ms /    42 runs   (    4.30 ms per token,   232.53 tokens per second)
llama_perf_context_print:       total time =     225.65 ms /   131 tokens
llama_perf_context_print:    graphs reused =         40
[Bonsai 4B] 15. long query
Llama.generate: 2060 prefix-match hit, remaining 90 prompt tokens to eval
llama_perf_context_print:        load time =      60.23 ms
llama_perf_context_print: prompt eval time =      37.36 ms /    90 tokens (    0.42 ms per token,  2409.12 tokens per second)
llama_perf_context_print:        eval time =     169.68 ms /    39 runs   (    4.35 ms per token,   229.84 tokens per second)
llama_perf_context_print:       total time =     214.25 ms /   129 tokens
llama_perf_context_print:    graphs reused =         38
~llama_context:    Vulkan0 compute buffer size is 301.2285 MiB, matches expectation of 301.2285 MiB
~llama_context: Vulkan_Host compute buffer size is  22.0157 MiB, matches expectation of  22.0157 MiB
--- Qwen3.5 0.8B ---
[Qwen3.5 0.8B] 0. short query
Llama.generate: 211 prefix-match hit, remaining 24 prompt tokens to eval
llama_perf_context_print:        load time =      27.59 ms
llama_perf_context_print: prompt eval time =      12.17 ms /    24 tokens (    0.51 ms per token,  1971.90 tokens per second)
llama_perf_context_print:        eval time =      97.95 ms /    25 runs   (    3.92 ms per token,   255.24 tokens per second)
llama_perf_context_print:       total time =     115.81 ms /    49 tokens
llama_perf_context_print:    graphs reused =         23
[Qwen3.5 0.8B] 1. short query
Llama.generate: 260 prefix-match hit, remaining 25 prompt tokens to eval
llama_perf_context_print:        load time =      27.59 ms
llama_perf_context_print: prompt eval time =      13.85 ms /    25 tokens (    0.55 ms per token,  1805.58 tokens per second)
llama_perf_context_print:        eval time =     116.05 ms /    30 runs   (    3.87 ms per token,   258.51 tokens per second)
llama_perf_context_print:       total time =     136.72 ms /    55 tokens
llama_perf_context_print:    graphs reused =         29
[Qwen3.5 0.8B] 2. short query
Llama.generate: 315 prefix-match hit, remaining 26 prompt tokens to eval
llama_perf_context_print:        load time =      27.59 ms
llama_perf_context_print: prompt eval time =      13.18 ms /    26 tokens (    0.51 ms per token,  1972.24 tokens per second)
llama_perf_context_print:        eval time =      59.11 ms /    15 runs   (    3.94 ms per token,   253.76 tokens per second)
llama_perf_context_print:       total time =      75.80 ms /    41 tokens
llama_perf_context_print:    graphs reused =         14
[Qwen3.5 0.8B] 3. short query
Llama.generate: 356 prefix-match hit, remaining 27 prompt tokens to eval
llama_perf_context_print:        load time =      27.59 ms
llama_perf_context_print: prompt eval time =      13.25 ms /    27 tokens (    0.49 ms per token,  2037.27 tokens per second)
llama_perf_context_print:        eval time =      58.56 ms /    15 runs   (    3.90 ms per token,   256.14 tokens per second)
llama_perf_context_print:       total time =      75.14 ms /    42 tokens
llama_perf_context_print:    graphs reused =         14
[Qwen3.5 0.8B] 4. short query
Llama.generate: 398 prefix-match hit, remaining 23 prompt tokens to eval
llama_perf_context_print:        load time =      27.59 ms
llama_perf_context_print: prompt eval time =      13.13 ms /    23 tokens (    0.57 ms per token,  1751.85 tokens per second)
llama_perf_context_print:        eval time =     100.63 ms /    26 runs   (    3.87 ms per token,   258.37 tokens per second)
llama_perf_context_print:       total time =     119.88 ms /    49 tokens
llama_perf_context_print:    graphs reused =         25
[Qwen3.5 0.8B] 5. short query
Llama.generate: 447 prefix-match hit, remaining 26 prompt tokens to eval
llama_perf_context_print:        load time =      27.59 ms
llama_perf_context_print: prompt eval time =      13.41 ms /    26 tokens (    0.52 ms per token,  1939.14 tokens per second)
llama_perf_context_print:        eval time =      65.98 ms /    17 runs   (    3.88 ms per token,   257.65 tokens per second)
llama_perf_context_print:       total time =      83.14 ms /    43 tokens
llama_perf_context_print:    graphs reused =         16
[Qwen3.5 0.8B] 6. short query
Llama.generate: 490 prefix-match hit, remaining 28 prompt tokens to eval
llama_perf_context_print:        load time =      27.59 ms
llama_perf_context_print: prompt eval time =      13.51 ms /    28 tokens (    0.48 ms per token,  2072.39 tokens per second)
llama_perf_context_print:        eval time =      62.63 ms /    16 runs   (    3.91 ms per token,   255.45 tokens per second)
llama_perf_context_print:       total time =      79.81 ms /    44 tokens
llama_perf_context_print:    graphs reused =         15
[Qwen3.5 0.8B] 7. short query
Llama.generate: 534 prefix-match hit, remaining 23 prompt tokens to eval
llama_perf_context_print:        load time =      27.59 ms
llama_perf_context_print: prompt eval time =      13.45 ms /    23 tokens (    0.58 ms per token,  1709.66 tokens per second)
llama_perf_context_print:        eval time =      85.44 ms /    22 runs   (    3.88 ms per token,   257.48 tokens per second)
llama_perf_context_print:       total time =     103.80 ms /    45 tokens
llama_perf_context_print:    graphs reused =         21
[Qwen3.5 0.8B] 8. short query
Llama.generate: 579 prefix-match hit, remaining 24 prompt tokens to eval
llama_perf_context_print:        load time =      27.59 ms
llama_perf_context_print: prompt eval time =      13.25 ms /    24 tokens (    0.55 ms per token,  1811.73 tokens per second)
llama_perf_context_print:        eval time =      59.08 ms /    15 runs   (    3.94 ms per token,   253.91 tokens per second)
llama_perf_context_print:       total time =      75.83 ms /    39 tokens
llama_perf_context_print:    graphs reused =         14
[Qwen3.5 0.8B] 9. short query
Llama.generate: 618 prefix-match hit, remaining 24 prompt tokens to eval
llama_perf_context_print:        load time =      27.59 ms
llama_perf_context_print: prompt eval time =      13.20 ms /    24 tokens (    0.55 ms per token,  1818.46 tokens per second)
llama_perf_context_print:        eval time =      50.94 ms /    13 runs   (    3.92 ms per token,   255.18 tokens per second)
llama_perf_context_print:       total time =      67.11 ms /    37 tokens
llama_perf_context_print:    graphs reused =         12
[Qwen3.5 0.8B] 10. short query
Llama.generate: 655 prefix-match hit, remaining 29 prompt tokens to eval
llama_perf_context_print:        load time =      27.59 ms
llama_perf_context_print: prompt eval time =      13.78 ms /    29 tokens (    0.48 ms per token,  2104.65 tokens per second)
llama_perf_context_print:        eval time =      58.12 ms /    15 runs   (    3.87 ms per token,   258.10 tokens per second)
llama_perf_context_print:       total time =      75.29 ms /    44 tokens
llama_perf_context_print:    graphs reused =         14
[Qwen3.5 0.8B] 11. short query
Llama.generate: 699 prefix-match hit, remaining 24 prompt tokens to eval
llama_perf_context_print:        load time =      27.59 ms
llama_perf_context_print: prompt eval time =      12.95 ms /    24 tokens (    0.54 ms per token,  1854.00 tokens per second)
llama_perf_context_print:        eval time =      56.30 ms /    15 runs   (    3.75 ms per token,   266.44 tokens per second)
llama_perf_context_print:       total time =      72.66 ms /    39 tokens
llama_perf_context_print:    graphs reused =         14
[Qwen3.5 0.8B] 12. short query
Llama.generate: 738 prefix-match hit, remaining 25 prompt tokens to eval
llama_perf_context_print:        load time =      27.59 ms
llama_perf_context_print: prompt eval time =      12.62 ms /    25 tokens (    0.50 ms per token,  1981.14 tokens per second)
llama_perf_context_print:        eval time =      77.64 ms /    21 runs   (    3.70 ms per token,   270.47 tokens per second)
llama_perf_context_print:       total time =      95.06 ms /    46 tokens
llama_perf_context_print:    graphs reused =         19
[Qwen3.5 0.8B] 13. short query
Llama.generate: 784 prefix-match hit, remaining 26 prompt tokens to eval
llama_perf_context_print:        load time =      27.59 ms
llama_perf_context_print: prompt eval time =      12.47 ms /    26 tokens (    0.48 ms per token,  2085.17 tokens per second)
llama_perf_context_print:        eval time =      46.59 ms /    13 runs   (    3.58 ms per token,   279.02 tokens per second)
llama_perf_context_print:       total time =      62.11 ms /    39 tokens
llama_perf_context_print:    graphs reused =         12
[Qwen3.5 0.8B] 14. short query
Llama.generate: 823 prefix-match hit, remaining 26 prompt tokens to eval
llama_perf_context_print:        load time =      27.59 ms
llama_perf_context_print: prompt eval time =      12.06 ms /    26 tokens (    0.46 ms per token,  2156.07 tokens per second)
llama_perf_context_print:        eval time =      73.34 ms /    21 runs   (    3.49 ms per token,   286.33 tokens per second)
llama_perf_context_print:       total time =      90.33 ms /    47 tokens
llama_perf_context_print:    graphs reused =         20
[Qwen3.5 0.8B] 15. short query
Llama.generate: 870 prefix-match hit, remaining 24 prompt tokens to eval
llama_perf_context_print:        load time =      27.59 ms
llama_perf_context_print: prompt eval time =      11.81 ms /    24 tokens (    0.49 ms per token,  2031.66 tokens per second)
llama_perf_context_print:        eval time =      51.56 ms /    15 runs   (    3.44 ms per token,   290.90 tokens per second)
llama_perf_context_print:       total time =      66.85 ms /    39 tokens
llama_perf_context_print:    graphs reused =         14
[Qwen3.5 0.8B] 0. long query
Llama.generate: 211 prefix-match hit, remaining 80 prompt tokens to eval
llama_perf_context_print:        load time =      27.59 ms
llama_perf_context_print: prompt eval time =      16.05 ms /    80 tokens (    0.20 ms per token,  4983.80 tokens per second)
llama_perf_context_print:        eval time =     116.30 ms /    35 runs   (    3.32 ms per token,   300.95 tokens per second)
llama_perf_context_print:       total time =     140.80 ms /   115 tokens
llama_perf_context_print:    graphs reused =         34
[Qwen3.5 0.8B] 1. long query
Llama.generate: 326 prefix-match hit, remaining 78 prompt tokens to eval
llama_perf_context_print:        load time =      27.59 ms
llama_perf_context_print: prompt eval time =      18.45 ms /    78 tokens (    0.24 ms per token,  4227.87 tokens per second)
llama_perf_context_print:        eval time =      96.56 ms /    30 runs   (    3.22 ms per token,   310.69 tokens per second)
llama_perf_context_print:       total time =     121.88 ms /   108 tokens
llama_perf_context_print:    graphs reused =         29
[Qwen3.5 0.8B] 2. long query
Llama.generate: 434 prefix-match hit, remaining 77 prompt tokens to eval
llama_perf_context_print:        load time =      27.59 ms
llama_perf_context_print: prompt eval time =      17.90 ms /    77 tokens (    0.23 ms per token,  4302.16 tokens per second)
llama_perf_context_print:        eval time =      80.88 ms /    25 runs   (    3.24 ms per token,   309.11 tokens per second)
llama_perf_context_print:       total time =     104.73 ms /   102 tokens
llama_perf_context_print:    graphs reused =         23
[Qwen3.5 0.8B] 3. long query
Llama.generate: 536 prefix-match hit, remaining 82 prompt tokens to eval
llama_perf_context_print:        load time =      27.59 ms
llama_perf_context_print: prompt eval time =      17.71 ms /    82 tokens (    0.22 ms per token,  4630.15 tokens per second)
llama_perf_context_print:        eval time =     103.05 ms /    33 runs   (    3.12 ms per token,   320.23 tokens per second)
llama_perf_context_print:       total time =     128.37 ms /   115 tokens
llama_perf_context_print:    graphs reused =         32
[Qwen3.5 0.8B] 4. long query
Llama.generate: 651 prefix-match hit, remaining 87 prompt tokens to eval
llama_perf_context_print:        load time =      27.59 ms
llama_perf_context_print: prompt eval time =      17.10 ms /    87 tokens (    0.20 ms per token,  5087.42 tokens per second)
llama_perf_context_print:        eval time =      80.12 ms /    26 runs   (    3.08 ms per token,   324.53 tokens per second)
llama_perf_context_print:       total time =     103.32 ms /   113 tokens
llama_perf_context_print:    graphs reused =         25
[Qwen3.5 0.8B] 5. long query
Llama.generate: 764 prefix-match hit, remaining 86 prompt tokens to eval
llama_perf_context_print:        load time =      27.59 ms
llama_perf_context_print: prompt eval time =      17.20 ms /    86 tokens (    0.20 ms per token,  4999.42 tokens per second)
llama_perf_context_print:        eval time =     111.32 ms /    37 runs   (    3.01 ms per token,   332.37 tokens per second)
llama_perf_context_print:       total time =     137.25 ms /   123 tokens
llama_perf_context_print:    graphs reused =         36
[Qwen3.5 0.8B] 6. long query
Llama.generate: 887 prefix-match hit, remaining 81 prompt tokens to eval
llama_perf_context_print:        load time =      27.59 ms
llama_perf_context_print: prompt eval time =      16.22 ms /    81 tokens (    0.20 ms per token,  4993.53 tokens per second)
llama_perf_context_print:        eval time =     100.76 ms /    34 runs   (    2.96 ms per token,   337.45 tokens per second)
llama_perf_context_print:       total time =     125.03 ms /   115 tokens
llama_perf_context_print:    graphs reused =         33
[Qwen3.5 0.8B] 7. long query
Llama.generate: 1002 prefix-match hit, remaining 87 prompt tokens to eval
llama_perf_context_print:        load time =      27.59 ms
llama_perf_context_print: prompt eval time =      16.54 ms /    87 tokens (    0.19 ms per token,  5260.61 tokens per second)
llama_perf_context_print:        eval time =      95.94 ms /    32 runs   (    3.00 ms per token,   333.54 tokens per second)
llama_perf_context_print:       total time =     120.90 ms /   119 tokens
llama_perf_context_print:    graphs reused =         31
[Qwen3.5 0.8B] 8. long query
Llama.generate: 1121 prefix-match hit, remaining 83 prompt tokens to eval
llama_perf_context_print:        load time =      27.59 ms
llama_perf_context_print: prompt eval time =      16.70 ms /    83 tokens (    0.20 ms per token,  4971.25 tokens per second)
llama_perf_context_print:        eval time =     116.94 ms /    40 runs   (    2.92 ms per token,   342.05 tokens per second)
llama_perf_context_print:       total time =     143.93 ms /   123 tokens
llama_perf_context_print:    graphs reused =         39
[Qwen3.5 0.8B] 9. long query
Llama.generate: 1244 prefix-match hit, remaining 84 prompt tokens to eval
llama_perf_context_print:        load time =      27.59 ms
llama_perf_context_print: prompt eval time =      16.24 ms /    84 tokens (    0.19 ms per token,  5173.69 tokens per second)
llama_perf_context_print:        eval time =     110.69 ms /    38 runs   (    2.91 ms per token,   343.31 tokens per second)
llama_perf_context_print:       total time =     136.31 ms /   122 tokens
llama_perf_context_print:    graphs reused =         37
[Qwen3.5 0.8B] 10. long query
Llama.generate: 1366 prefix-match hit, remaining 79 prompt tokens to eval
llama_perf_context_print:        load time =      27.59 ms
llama_perf_context_print: prompt eval time =      15.97 ms /    79 tokens (    0.20 ms per token,  4946.16 tokens per second)
llama_perf_context_print:        eval time =      98.30 ms /    34 runs   (    2.89 ms per token,   345.88 tokens per second)
llama_perf_context_print:       total time =     123.24 ms /   113 tokens
llama_perf_context_print:    graphs reused =         33
[Qwen3.5 0.8B] 11. long query
Llama.generate: 1479 prefix-match hit, remaining 83 prompt tokens to eval
llama_perf_context_print:        load time =      27.59 ms
llama_perf_context_print: prompt eval time =      16.07 ms /    83 tokens (    0.19 ms per token,  5163.30 tokens per second)
llama_perf_context_print:        eval time =      69.68 ms /    24 runs   (    2.90 ms per token,   344.44 tokens per second)
llama_perf_context_print:       total time =      91.84 ms /   107 tokens
llama_perf_context_print:    graphs reused =         23
[Qwen3.5 0.8B] 12. long query
Llama.generate: 1586 prefix-match hit, remaining 87 prompt tokens to eval
llama_perf_context_print:        load time =      27.59 ms
llama_perf_context_print: prompt eval time =      15.78 ms /    87 tokens (    0.18 ms per token,  5514.01 tokens per second)
llama_perf_context_print:        eval time =      96.95 ms /    34 runs   (    2.85 ms per token,   350.71 tokens per second)
llama_perf_context_print:       total time =     120.68 ms /   121 tokens
llama_perf_context_print:    graphs reused =         33
[Qwen3.5 0.8B] 13. long query
Llama.generate: 1707 prefix-match hit, remaining 84 prompt tokens to eval
llama_perf_context_print:        load time =      27.59 ms
llama_perf_context_print: prompt eval time =      15.72 ms /    84 tokens (    0.19 ms per token,  5343.51 tokens per second)
llama_perf_context_print:        eval time =      96.02 ms /    33 runs   (    2.91 ms per token,   343.70 tokens per second)
llama_perf_context_print:       total time =     120.35 ms /   117 tokens
llama_perf_context_print:    graphs reused =         31
[Qwen3.5 0.8B] 14. long query
Llama.generate: 1824 prefix-match hit, remaining 89 prompt tokens to eval
llama_perf_context_print:        load time =      27.59 ms
llama_perf_context_print: prompt eval time =      16.09 ms /    89 tokens (    0.18 ms per token,  5530.01 tokens per second)
llama_perf_context_print:        eval time =      69.08 ms /    24 runs   (    2.88 ms per token,   347.41 tokens per second)
llama_perf_context_print:       total time =      91.08 ms /   113 tokens
llama_perf_context_print:    graphs reused =         23
[Qwen3.5 0.8B] 15. long query
Llama.generate: 1937 prefix-match hit, remaining 90 prompt tokens to eval
llama_perf_context_print:        load time =      27.59 ms
llama_perf_context_print: prompt eval time =      15.32 ms /    90 tokens (    0.17 ms per token,  5874.29 tokens per second)
llama_perf_context_print:        eval time =      92.64 ms /    32 runs   (    2.89 ms per token,   345.44 tokens per second)
llama_perf_context_print:       total time =     116.31 ms /   122 tokens
llama_perf_context_print:    graphs reused =         30
~llama_context:    Vulkan0 compute buffer size is 499.0137 MiB, matches expectation of 499.0137 MiB
~llama_context: Vulkan_Host compute buffer size is  14.0235 MiB, matches expectation of  14.0235 MiB
--- Bonsai 1.7B ---
[Bonsai 1.7B] 0. short query
Llama.generate: 199 prefix-match hit, remaining 24 prompt tokens to eval
llama_perf_context_print:        load time =      30.56 ms
llama_perf_context_print: prompt eval time =      12.11 ms /    24 tokens (    0.50 ms per token,  1981.67 tokens per second)
llama_perf_context_print:        eval time =     114.83 ms /    32 runs   (    3.59 ms per token,   278.66 tokens per second)
llama_perf_context_print:       total time =     132.19 ms /    56 tokens
llama_perf_context_print:    graphs reused =         31
[Bonsai 1.7B] 1. short query
Llama.generate: 255 prefix-match hit, remaining 25 prompt tokens to eval
llama_perf_context_print:        load time =      30.56 ms
llama_perf_context_print: prompt eval time =      14.22 ms /    25 tokens (    0.57 ms per token,  1758.58 tokens per second)
llama_perf_context_print:        eval time =     117.94 ms /    32 runs   (    3.69 ms per token,   271.33 tokens per second)
llama_perf_context_print:       total time =     137.15 ms /    57 tokens
llama_perf_context_print:    graphs reused =         31
[Bonsai 1.7B] 2. short query
Llama.generate: 312 prefix-match hit, remaining 26 prompt tokens to eval
llama_perf_context_print:        load time =      30.56 ms
llama_perf_context_print: prompt eval time =      13.96 ms /    26 tokens (    0.54 ms per token,  1863.13 tokens per second)
llama_perf_context_print:        eval time =      99.71 ms /    28 runs   (    3.56 ms per token,   280.81 tokens per second)
llama_perf_context_print:       total time =     118.17 ms /    54 tokens
llama_perf_context_print:    graphs reused =         27
[Bonsai 1.7B] 3. short query
Llama.generate: 366 prefix-match hit, remaining 27 prompt tokens to eval
llama_perf_context_print:        load time =      30.56 ms
llama_perf_context_print: prompt eval time =      13.13 ms /    27 tokens (    0.49 ms per token,  2056.20 tokens per second)
llama_perf_context_print:        eval time =     101.39 ms /    31 runs   (    3.27 ms per token,   305.75 tokens per second)
llama_perf_context_print:       total time =     119.65 ms /    58 tokens
llama_perf_context_print:    graphs reused =         30
[Bonsai 1.7B] 4. short query
Llama.generate: 424 prefix-match hit, remaining 23 prompt tokens to eval
llama_perf_context_print:        load time =      30.56 ms
llama_perf_context_print: prompt eval time =      11.93 ms /    23 tokens (    0.52 ms per token,  1927.43 tokens per second)
llama_perf_context_print:        eval time =      86.69 ms /    28 runs   (    3.10 ms per token,   323.01 tokens per second)
llama_perf_context_print:       total time =     103.49 ms /    51 tokens
llama_perf_context_print:    graphs reused =         27
[Bonsai 1.7B] 5. short query
Llama.generate: 475 prefix-match hit, remaining 26 prompt tokens to eval
llama_perf_context_print:        load time =      30.56 ms
llama_perf_context_print: prompt eval time =      11.71 ms /    26 tokens (    0.45 ms per token,  2220.51 tokens per second)
llama_perf_context_print:        eval time =      98.52 ms /    32 runs   (    3.08 ms per token,   324.79 tokens per second)
llama_perf_context_print:       total time =     115.77 ms /    58 tokens
llama_perf_context_print:    graphs reused =         30
[Bonsai 1.7B] 6. short query
Llama.generate: 533 prefix-match hit, remaining 28 prompt tokens to eval
llama_perf_context_print:        load time =      30.56 ms
llama_perf_context_print: prompt eval time =      11.84 ms /    28 tokens (    0.42 ms per token,  2364.07 tokens per second)
llama_perf_context_print:        eval time =      83.17 ms /    28 runs   (    2.97 ms per token,   336.65 tokens per second)
llama_perf_context_print:       total time =      99.77 ms /    56 tokens
llama_perf_context_print:    graphs reused =         27
[Bonsai 1.7B] 7. short query
Llama.generate: 589 prefix-match hit, remaining 23 prompt tokens to eval
llama_perf_context_print:        load time =      30.56 ms
llama_perf_context_print: prompt eval time =      11.33 ms /    23 tokens (    0.49 ms per token,  2030.19 tokens per second)
llama_perf_context_print:        eval time =      92.13 ms /    32 runs   (    2.88 ms per token,   347.34 tokens per second)
llama_perf_context_print:       total time =     109.43 ms /    55 tokens
llama_perf_context_print:    graphs reused =         31
[Bonsai 1.7B] 8. short query
Llama.generate: 644 prefix-match hit, remaining 24 prompt tokens to eval
llama_perf_context_print:        load time =      30.56 ms
llama_perf_context_print: prompt eval time =      11.12 ms /    24 tokens (    0.46 ms per token,  2158.08 tokens per second)
llama_perf_context_print:        eval time =      85.74 ms /    31 runs   (    2.77 ms per token,   361.55 tokens per second)
llama_perf_context_print:       total time =     102.21 ms /    55 tokens
llama_perf_context_print:    graphs reused =         30
[Bonsai 1.7B] 9. short query
Llama.generate: 699 prefix-match hit, remaining 24 prompt tokens to eval
llama_perf_context_print:        load time =      30.56 ms
llama_perf_context_print: prompt eval time =      10.99 ms /    24 tokens (    0.46 ms per token,  2183.60 tokens per second)
llama_perf_context_print:        eval time =      83.65 ms /    31 runs   (    2.70 ms per token,   370.60 tokens per second)
llama_perf_context_print:       total time =     100.13 ms /    55 tokens
llama_perf_context_print:    graphs reused =         30
[Bonsai 1.7B] 10. short query
Llama.generate: 754 prefix-match hit, remaining 29 prompt tokens to eval
llama_perf_context_print:        load time =      30.56 ms
llama_perf_context_print: prompt eval time =      11.39 ms /    29 tokens (    0.39 ms per token,  2546.09 tokens per second)
llama_perf_context_print:        eval time =      94.50 ms /    35 runs   (    2.70 ms per token,   370.37 tokens per second)
llama_perf_context_print:       total time =     111.95 ms /    64 tokens
llama_perf_context_print:    graphs reused =         34
[Bonsai 1.7B] 11. short query
Llama.generate: 818 prefix-match hit, remaining 24 prompt tokens to eval
llama_perf_context_print:        load time =      30.56 ms
llama_perf_context_print: prompt eval time =      10.76 ms /    24 tokens (    0.45 ms per token,  2231.52 tokens per second)
llama_perf_context_print:        eval time =      80.09 ms /    30 runs   (    2.67 ms per token,   374.58 tokens per second)
llama_perf_context_print:       total time =      96.50 ms /    54 tokens
llama_perf_context_print:    graphs reused =         29
[Bonsai 1.7B] 12. short query
Llama.generate: 872 prefix-match hit, remaining 25 prompt tokens to eval
llama_perf_context_print:        load time =      30.56 ms
llama_perf_context_print: prompt eval time =      10.47 ms /    25 tokens (    0.42 ms per token,  2386.86 tokens per second)
llama_perf_context_print:        eval time =      85.89 ms /    33 runs   (    2.60 ms per token,   384.20 tokens per second)
llama_perf_context_print:       total time =     102.04 ms /    58 tokens
llama_perf_context_print:    graphs reused =         32
[Bonsai 1.7B] 13. short query
Llama.generate: 930 prefix-match hit, remaining 26 prompt tokens to eval
llama_perf_context_print:        load time =      30.56 ms
llama_perf_context_print: prompt eval time =      10.44 ms /    26 tokens (    0.40 ms per token,  2490.18 tokens per second)
llama_perf_context_print:        eval time =      79.96 ms /    31 runs   (    2.58 ms per token,   387.68 tokens per second)
llama_perf_context_print:       total time =      95.65 ms /    57 tokens
llama_perf_context_print:    graphs reused =         30
[Bonsai 1.7B] 14. short query
Llama.generate: 987 prefix-match hit, remaining 26 prompt tokens to eval
llama_perf_context_print:        load time =      30.56 ms
llama_perf_context_print: prompt eval time =      10.10 ms /    26 tokens (    0.39 ms per token,  2573.24 tokens per second)
llama_perf_context_print:        eval time =      90.35 ms /    35 runs   (    2.58 ms per token,   387.37 tokens per second)
llama_perf_context_print:       total time =     106.60 ms /    61 tokens
llama_perf_context_print:    graphs reused =         33
[Bonsai 1.7B] 15. short query
Llama.generate: 1048 prefix-match hit, remaining 24 prompt tokens to eval
llama_perf_context_print:        load time =      30.56 ms
llama_perf_context_print: prompt eval time =      10.66 ms /    24 tokens (    0.44 ms per token,  2251.83 tokens per second)
llama_perf_context_print:        eval time =      78.43 ms /    31 runs   (    2.53 ms per token,   395.27 tokens per second)
llama_perf_context_print:       total time =      94.73 ms /    55 tokens
llama_perf_context_print:    graphs reused =         30
[Bonsai 1.7B] 0. long query
Llama.generate: 199 prefix-match hit, remaining 80 prompt tokens to eval
llama_perf_context_print:        load time =      30.56 ms
llama_perf_context_print: prompt eval time =      15.75 ms /    80 tokens (    0.20 ms per token,  5080.33 tokens per second)
llama_perf_context_print:        eval time =     139.74 ms /    62 runs   (    2.25 ms per token,   443.69 tokens per second)
llama_perf_context_print:       total time =     167.07 ms /   142 tokens
llama_perf_context_print:    graphs reused =         61
[Bonsai 1.7B] 1. long query
Llama.generate: 341 prefix-match hit, remaining 78 prompt tokens to eval
llama_perf_context_print:        load time =      30.56 ms
llama_perf_context_print: prompt eval time =      17.45 ms /    78 tokens (    0.22 ms per token,  4471.20 tokens per second)
llama_perf_context_print:        eval time =     114.43 ms /    52 runs   (    2.20 ms per token,   454.41 tokens per second)
llama_perf_context_print:       total time =     140.61 ms /   130 tokens
llama_perf_context_print:    graphs reused =         51
[Bonsai 1.7B] 2. long query
Llama.generate: 471 prefix-match hit, remaining 77 prompt tokens to eval
llama_perf_context_print:        load time =      30.56 ms
llama_perf_context_print: prompt eval time =      17.59 ms /    77 tokens (    0.23 ms per token,  4376.74 tokens per second)
llama_perf_context_print:        eval time =     116.54 ms /    51 runs   (    2.29 ms per token,   437.62 tokens per second)
llama_perf_context_print:       total time =     143.19 ms /   128 tokens
llama_perf_context_print:    graphs reused =         50
[Bonsai 1.7B] 3. long query
Llama.generate: 599 prefix-match hit, remaining 82 prompt tokens to eval
llama_perf_context_print:        load time =      30.56 ms
llama_perf_context_print: prompt eval time =      17.18 ms /    82 tokens (    0.21 ms per token,  4773.83 tokens per second)
llama_perf_context_print:        eval time =     114.48 ms /    51 runs   (    2.24 ms per token,   445.47 tokens per second)
llama_perf_context_print:       total time =     140.14 ms /   133 tokens
llama_perf_context_print:    graphs reused =         50
[Bonsai 1.7B] 4. long query
Llama.generate: 732 prefix-match hit, remaining 87 prompt tokens to eval
llama_perf_context_print:        load time =      30.56 ms
llama_perf_context_print: prompt eval time =      19.95 ms /    87 tokens (    0.23 ms per token,  4362.00 tokens per second)
llama_perf_context_print:        eval time =     145.93 ms /    63 runs   (    2.32 ms per token,   431.73 tokens per second)
llama_perf_context_print:       total time =     177.37 ms /   150 tokens
llama_perf_context_print:    graphs reused =         62
[Bonsai 1.7B] 5. long query
Llama.generate: 882 prefix-match hit, remaining 88 prompt tokens to eval
llama_perf_context_print:        load time =      30.56 ms
llama_perf_context_print: prompt eval time =      20.01 ms /    88 tokens (    0.23 ms per token,  4397.80 tokens per second)
llama_perf_context_print:        eval time =     146.93 ms /    63 runs   (    2.33 ms per token,   428.78 tokens per second)
llama_perf_context_print:       total time =     178.77 ms /   151 tokens
llama_perf_context_print:    graphs reused =         61
[Bonsai 1.7B] 6. long query
Llama.generate: 1033 prefix-match hit, remaining 82 prompt tokens to eval
llama_perf_context_print:        load time =      30.56 ms
llama_perf_context_print: prompt eval time =      19.77 ms /    82 tokens (    0.24 ms per token,  4148.75 tokens per second)
llama_perf_context_print:        eval time =     147.17 ms /    63 runs   (    2.34 ms per token,   428.09 tokens per second)
llama_perf_context_print:       total time =     179.49 ms /   145 tokens
llama_perf_context_print:    graphs reused =         62
[Bonsai 1.7B] 7. long query
Llama.generate: 1178 prefix-match hit, remaining 88 prompt tokens to eval
llama_perf_context_print:        load time =      30.56 ms
llama_perf_context_print: prompt eval time =      18.25 ms /    88 tokens (    0.21 ms per token,  4822.71 tokens per second)
llama_perf_context_print:        eval time =     151.34 ms /    63 runs   (    2.40 ms per token,   416.29 tokens per second)
llama_perf_context_print:       total time =     181.88 ms /   151 tokens
llama_perf_context_print:    graphs reused =         61
[Bonsai 1.7B] 8. long query
Llama.generate: 1329 prefix-match hit, remaining 84 prompt tokens to eval
llama_perf_context_print:        load time =      30.56 ms
llama_perf_context_print: prompt eval time =      19.53 ms /    84 tokens (    0.23 ms per token,  4301.30 tokens per second)
llama_perf_context_print:        eval time =     149.91 ms /    63 runs   (    2.38 ms per token,   420.24 tokens per second)
llama_perf_context_print:       total time =     180.61 ms /   147 tokens
llama_perf_context_print:    graphs reused =         62
[Bonsai 1.7B] 9. long query
Llama.generate: 1476 prefix-match hit, remaining 85 prompt tokens to eval
llama_perf_context_print:        load time =      30.56 ms
llama_perf_context_print: prompt eval time =      19.98 ms /    85 tokens (    0.24 ms per token,  4254.04 tokens per second)
llama_perf_context_print:        eval time =     155.63 ms /    63 runs   (    2.47 ms per token,   404.80 tokens per second)
llama_perf_context_print:       total time =     187.95 ms /   148 tokens
llama_perf_context_print:    graphs reused =         62
[Bonsai 1.7B] 10. long query
Llama.generate: 1624 prefix-match hit, remaining 80 prompt tokens to eval
llama_perf_context_print:        load time =      30.56 ms
llama_perf_context_print: prompt eval time =      20.05 ms /    80 tokens (    0.25 ms per token,  3990.82 tokens per second)
llama_perf_context_print:        eval time =     155.56 ms /    63 runs   (    2.47 ms per token,   404.98 tokens per second)
llama_perf_context_print:       total time =     187.82 ms /   143 tokens
llama_perf_context_print:    graphs reused =         62
[Bonsai 1.7B] 11. long query
Llama.generate: 1767 prefix-match hit, remaining 84 prompt tokens to eval
llama_perf_context_print:        load time =      30.56 ms
llama_perf_context_print: prompt eval time =      19.48 ms /    84 tokens (    0.23 ms per token,  4312.56 tokens per second)
llama_perf_context_print:        eval time =     158.76 ms /    63 runs   (    2.52 ms per token,   396.82 tokens per second)
llama_perf_context_print:       total time =     190.80 ms /   147 tokens
llama_perf_context_print:    graphs reused =         62
[Bonsai 1.7B] 12. long query
Llama.generate: 1914 prefix-match hit, remaining 88 prompt tokens to eval
llama_perf_context_print:        load time =      30.56 ms
llama_perf_context_print: prompt eval time =      21.07 ms /    88 tokens (    0.24 ms per token,  4176.95 tokens per second)
llama_perf_context_print:        eval time =     161.78 ms /    63 runs   (    2.57 ms per token,   389.41 tokens per second)
llama_perf_context_print:       total time =     195.25 ms /   151 tokens
llama_perf_context_print:    graphs reused =         61
[Bonsai 1.7B] 13. long query
Llama.generate: 2065 prefix-match hit, remaining 85 prompt tokens to eval
llama_perf_context_print:        load time =      30.56 ms
llama_perf_context_print: prompt eval time =      21.11 ms /    85 tokens (    0.25 ms per token,  4027.10 tokens per second)
llama_perf_context_print:        eval time =     165.48 ms /    63 runs   (    2.63 ms per token,   380.71 tokens per second)
llama_perf_context_print:       total time =     199.27 ms /   148 tokens
llama_perf_context_print:    graphs reused =         62
[Bonsai 1.7B] 14. long query
Llama.generate: 2213 prefix-match hit, remaining 90 prompt tokens to eval
llama_perf_context_print:        load time =      30.56 ms
llama_perf_context_print: prompt eval time =      21.49 ms /    90 tokens (    0.24 ms per token,  4188.77 tokens per second)
llama_perf_context_print:        eval time =     170.33 ms /    63 runs   (    2.70 ms per token,   369.87 tokens per second)
llama_perf_context_print:       total time =     204.38 ms /   153 tokens
llama_perf_context_print:    graphs reused =         61
[Bonsai 1.7B] 15. long query
Llama.generate: 2366 prefix-match hit, remaining 91 prompt tokens to eval
llama_perf_context_print:        load time =      30.56 ms
llama_perf_context_print: prompt eval time =      21.14 ms /    91 tokens (    0.23 ms per token,  4305.25 tokens per second)
llama_perf_context_print:        eval time =     169.21 ms /    63 runs   (    2.69 ms per token,   372.31 tokens per second)
llama_perf_context_print:       total time =     202.50 ms /   154 tokens
llama_perf_context_print:    graphs reused =         62
~llama_context:    Vulkan0 compute buffer size is 304.2285 MiB, matches expectation of 304.2285 MiB
~llama_context: Vulkan_Host compute buffer size is  20.0157 MiB, matches expectation of  20.0157 MiB
--- LFM2.5 350M ---
[LFM2.5 350M] 0. short query
Llama.generate: 213 prefix-match hit, remaining 20 prompt tokens to eval
llama_perf_context_print:        load time =       9.85 ms
llama_perf_context_print: prompt eval time =       5.26 ms /    20 tokens (    0.26 ms per token,  3802.28 tokens per second)
llama_perf_context_print:        eval time =      17.48 ms /    12 runs   (    1.46 ms per token,   686.34 tokens per second)
llama_perf_context_print:       total time =      24.12 ms /    32 tokens
llama_perf_context_print:    graphs reused =         11
[LFM2.5 350M] 1. short query
Llama.generate: 245 prefix-match hit, remaining 21 prompt tokens to eval
llama_perf_context_print:        load time =       9.85 ms
llama_perf_context_print: prompt eval time =       6.41 ms /    21 tokens (    0.31 ms per token,  3275.62 tokens per second)
llama_perf_context_print:        eval time =      17.64 ms /    12 runs   (    1.47 ms per token,   680.35 tokens per second)
llama_perf_context_print:       total time =      25.49 ms /    33 tokens
llama_perf_context_print:    graphs reused =         11
[LFM2.5 350M] 2. short query
Llama.generate: 278 prefix-match hit, remaining 23 prompt tokens to eval
llama_perf_context_print:        load time =       9.85 ms
llama_perf_context_print: prompt eval time =       6.11 ms /    23 tokens (    0.27 ms per token,  3761.86 tokens per second)
llama_perf_context_print:        eval time =      31.80 ms /    22 runs   (    1.45 ms per token,   691.80 tokens per second)
llama_perf_context_print:       total time =      40.67 ms /    45 tokens
llama_perf_context_print:    graphs reused =         21
[LFM2.5 350M] 3. short query
Llama.generate: 323 prefix-match hit, remaining 25 prompt tokens to eval
llama_perf_context_print:        load time =       9.85 ms
llama_perf_context_print: prompt eval time =       6.03 ms /    25 tokens (    0.24 ms per token,  4148.69 tokens per second)
llama_perf_context_print:        eval time =      45.44 ms /    32 runs   (    1.42 ms per token,   704.30 tokens per second)
llama_perf_context_print:       total time =      55.04 ms /    57 tokens
llama_perf_context_print:    graphs reused =         31
[LFM2.5 350M] 4. short query
Llama.generate: 380 prefix-match hit, remaining 19 prompt tokens to eval
llama_perf_context_print:        load time =       9.85 ms
llama_perf_context_print: prompt eval time =       5.92 ms /    19 tokens (    0.31 ms per token,  3211.09 tokens per second)
llama_perf_context_print:        eval time =      17.48 ms /    12 runs   (    1.46 ms per token,   686.38 tokens per second)
llama_perf_context_print:       total time =      24.88 ms /    31 tokens
llama_perf_context_print:    graphs reused =         11
[LFM2.5 350M] 5. short query
Llama.generate: 411 prefix-match hit, remaining 22 prompt tokens to eval
llama_perf_context_print:        load time =       9.85 ms
llama_perf_context_print: prompt eval time =       5.96 ms /    22 tokens (    0.27 ms per token,  3691.28 tokens per second)
llama_perf_context_print:        eval time =      27.33 ms /    19 runs   (    1.44 ms per token,   695.10 tokens per second)
llama_perf_context_print:       total time =      35.43 ms /    41 tokens
llama_perf_context_print:    graphs reused =         18
[LFM2.5 350M] 6. short query
Llama.generate: 452 prefix-match hit, remaining 24 prompt tokens to eval
llama_perf_context_print:        load time =       9.85 ms
llama_perf_context_print: prompt eval time =       6.02 ms /    24 tokens (    0.25 ms per token,  3989.36 tokens per second)
llama_perf_context_print:        eval time =      22.91 ms /    16 runs   (    1.43 ms per token,   698.42 tokens per second)
llama_perf_context_print:       total time =      30.52 ms /    40 tokens
llama_perf_context_print:    graphs reused =         15
[LFM2.5 350M] 7. short query
Llama.generate: 492 prefix-match hit, remaining 20 prompt tokens to eval
llama_perf_context_print:        load time =       9.85 ms
llama_perf_context_print: prompt eval time =       5.86 ms /    20 tokens (    0.29 ms per token,  3411.80 tokens per second)
llama_perf_context_print:        eval time =      44.13 ms /    31 runs   (    1.42 ms per token,   702.44 tokens per second)
llama_perf_context_print:       total time =      53.50 ms /    51 tokens
llama_perf_context_print:    graphs reused =         30
[LFM2.5 350M] 8. short query
Llama.generate: 543 prefix-match hit, remaining 20 prompt tokens to eval
llama_perf_context_print:        load time =       9.85 ms
llama_perf_context_print: prompt eval time =       6.11 ms /    20 tokens (    0.31 ms per token,  3276.00 tokens per second)
llama_perf_context_print:        eval time =      17.75 ms /    12 runs   (    1.48 ms per token,   676.13 tokens per second)
llama_perf_context_print:       total time =      25.39 ms /    32 tokens
llama_perf_context_print:    graphs reused =         11
[LFM2.5 350M] 9. short query
Llama.generate: 575 prefix-match hit, remaining 20 prompt tokens to eval
llama_perf_context_print:        load time =       9.85 ms
llama_perf_context_print: prompt eval time =       5.99 ms /    20 tokens (    0.30 ms per token,  3337.23 tokens per second)
llama_perf_context_print:        eval time =      24.62 ms /    17 runs   (    1.45 ms per token,   690.41 tokens per second)
llama_perf_context_print:       total time =      32.63 ms /    37 tokens
llama_perf_context_print:    graphs reused =         16
[LFM2.5 350M] 10. short query
Llama.generate: 612 prefix-match hit, remaining 25 prompt tokens to eval
llama_perf_context_print:        load time =       9.85 ms
llama_perf_context_print: prompt eval time =       6.16 ms /    25 tokens (    0.25 ms per token,  4060.42 tokens per second)
llama_perf_context_print:        eval time =      20.34 ms /    14 runs   (    1.45 ms per token,   688.43 tokens per second)
llama_perf_context_print:       total time =      28.26 ms /    39 tokens
llama_perf_context_print:    graphs reused =         13
[LFM2.5 350M] 11. short query
Llama.generate: 651 prefix-match hit, remaining 20 prompt tokens to eval
llama_perf_context_print:        load time =       9.85 ms
llama_perf_context_print: prompt eval time =       5.95 ms /    20 tokens (    0.30 ms per token,  3359.09 tokens per second)
llama_perf_context_print:        eval time =      33.07 ms /    23 runs   (    1.44 ms per token,   695.47 tokens per second)
llama_perf_context_print:       total time =      41.65 ms /    43 tokens
llama_perf_context_print:    graphs reused =         22
[LFM2.5 350M] 12. short query
Llama.generate: 694 prefix-match hit, remaining 21 prompt tokens to eval
llama_perf_context_print:        load time =       9.85 ms
llama_perf_context_print: prompt eval time =       6.01 ms /    21 tokens (    0.29 ms per token,  3494.76 tokens per second)
llama_perf_context_print:        eval time =      31.74 ms /    22 runs   (    1.44 ms per token,   693.07 tokens per second)
llama_perf_context_print:       total time =      40.34 ms /    43 tokens
llama_perf_context_print:    graphs reused =         21
[LFM2.5 350M] 13. short query
Llama.generate: 737 prefix-match hit, remaining 23 prompt tokens to eval
llama_perf_context_print:        load time =       9.85 ms
llama_perf_context_print: prompt eval time =       6.13 ms /    23 tokens (    0.27 ms per token,  3748.98 tokens per second)
llama_perf_context_print:        eval time =      29.71 ms /    20 runs   (    1.49 ms per token,   673.24 tokens per second)
llama_perf_context_print:       total time =      38.28 ms /    43 tokens
llama_perf_context_print:    graphs reused =         18
[LFM2.5 350M] 14. short query
Llama.generate: 780 prefix-match hit, remaining 22 prompt tokens to eval
llama_perf_context_print:        load time =       9.85 ms
llama_perf_context_print: prompt eval time =       6.16 ms /    22 tokens (    0.28 ms per token,  3574.33 tokens per second)
llama_perf_context_print:        eval time =      23.47 ms /    16 runs   (    1.47 ms per token,   681.69 tokens per second)
llama_perf_context_print:       total time =      31.49 ms /    38 tokens
llama_perf_context_print:    graphs reused =         15
[LFM2.5 350M] 15. short query
Llama.generate: 818 prefix-match hit, remaining 20 prompt tokens to eval
llama_perf_context_print:        load time =       9.85 ms
llama_perf_context_print: prompt eval time =       6.14 ms /    20 tokens (    0.31 ms per token,  3257.33 tokens per second)
llama_perf_context_print:        eval time =      29.29 ms /    20 runs   (    1.46 ms per token,   682.73 tokens per second)
llama_perf_context_print:       total time =      37.73 ms /    40 tokens
llama_perf_context_print:    graphs reused =         19
[LFM2.5 350M] 0. long query
Llama.generate: 213 prefix-match hit, remaining 79 prompt tokens to eval
llama_perf_context_print:        load time =       9.85 ms
llama_perf_context_print: prompt eval time =       8.03 ms /    79 tokens (    0.10 ms per token,  9833.21 tokens per second)
llama_perf_context_print:        eval time =      17.79 ms /    12 runs   (    1.48 ms per token,   674.65 tokens per second)
llama_perf_context_print:       total time =      27.43 ms /    91 tokens
llama_perf_context_print:    graphs reused =         11
[LFM2.5 350M] 1. long query
Llama.generate: 304 prefix-match hit, remaining 76 prompt tokens to eval
llama_perf_context_print:        load time =       9.85 ms
llama_perf_context_print: prompt eval time =       9.61 ms /    76 tokens (    0.13 ms per token,  7910.07 tokens per second)
llama_perf_context_print:        eval time =      17.51 ms /    12 runs   (    1.46 ms per token,   685.36 tokens per second)
llama_perf_context_print:       total time =      28.41 ms /    88 tokens
llama_perf_context_print:    graphs reused =         11
[LFM2.5 350M] 2. long query
Llama.generate: 392 prefix-match hit, remaining 78 prompt tokens to eval
llama_perf_context_print:        load time =       9.85 ms
llama_perf_context_print: prompt eval time =       9.75 ms /    78 tokens (    0.12 ms per token,  8001.64 tokens per second)
llama_perf_context_print:        eval time =      19.02 ms /    13 runs   (    1.46 ms per token,   683.67 tokens per second)
llama_perf_context_print:       total time =      30.37 ms /    91 tokens
llama_perf_context_print:    graphs reused =         12
[LFM2.5 350M] 3. long query
Llama.generate: 483 prefix-match hit, remaining 82 prompt tokens to eval
llama_perf_context_print:        load time =       9.85 ms
llama_perf_context_print: prompt eval time =       9.70 ms /    82 tokens (    0.12 ms per token,  8457.10 tokens per second)
llama_perf_context_print:        eval time =      19.19 ms /    13 runs   (    1.48 ms per token,   677.29 tokens per second)
llama_perf_context_print:       total time =      30.52 ms /    95 tokens
llama_perf_context_print:    graphs reused =         12
[LFM2.5 350M] 4. long query
Llama.generate: 578 prefix-match hit, remaining 86 prompt tokens to eval
llama_perf_context_print:        load time =       9.85 ms
llama_perf_context_print: prompt eval time =       9.84 ms /    86 tokens (    0.11 ms per token,  8741.61 tokens per second)
llama_perf_context_print:        eval time =      18.02 ms /    12 runs   (    1.50 ms per token,   666.07 tokens per second)
llama_perf_context_print:       total time =      30.06 ms /    98 tokens
llama_perf_context_print:    graphs reused =         11
[LFM2.5 350M] 5. long query
Llama.generate: 676 prefix-match hit, remaining 91 prompt tokens to eval
llama_perf_context_print:        load time =       9.85 ms
llama_perf_context_print: prompt eval time =      10.12 ms /    91 tokens (    0.11 ms per token,  8993.87 tokens per second)
llama_perf_context_print:        eval time =      21.28 ms /    14 runs   (    1.52 ms per token,   658.05 tokens per second)
llama_perf_context_print:       total time =      32.94 ms /   105 tokens
llama_perf_context_print:    graphs reused =         12
[LFM2.5 350M] 6. long query
Llama.generate: 781 prefix-match hit, remaining 84 prompt tokens to eval
llama_perf_context_print:        load time =       9.85 ms
llama_perf_context_print: prompt eval time =      10.12 ms /    84 tokens (    0.12 ms per token,  8302.04 tokens per second)
llama_perf_context_print:        eval time =      17.87 ms /    12 runs   (    1.49 ms per token,   671.52 tokens per second)
llama_perf_context_print:       total time =      29.33 ms /    96 tokens
llama_perf_context_print:    graphs reused =         11
[LFM2.5 350M] 7. long query
Llama.generate: 877 prefix-match hit, remaining 84 prompt tokens to eval
llama_perf_context_print:        load time =       9.85 ms
llama_perf_context_print: prompt eval time =      10.23 ms /    84 tokens (    0.12 ms per token,  8211.95 tokens per second)
llama_perf_context_print:        eval time =      18.11 ms /    12 runs   (    1.51 ms per token,   662.76 tokens per second)
llama_perf_context_print:       total time =      30.04 ms /    96 tokens
llama_perf_context_print:    graphs reused =         11
[LFM2.5 350M] 8. long query
Llama.generate: 973 prefix-match hit, remaining 83 prompt tokens to eval
llama_perf_context_print:        load time =       9.85 ms
llama_perf_context_print: prompt eval time =      10.52 ms /    83 tokens (    0.13 ms per token,  7891.98 tokens per second)
llama_perf_context_print:        eval time =      19.91 ms /    13 runs   (    1.53 ms per token,   653.07 tokens per second)
llama_perf_context_print:       total time =      32.14 ms /    96 tokens
llama_perf_context_print:    graphs reused =         12
[LFM2.5 350M] 9. long query
Llama.generate: 1069 prefix-match hit, remaining 84 prompt tokens to eval
llama_perf_context_print:        load time =       9.85 ms
llama_perf_context_print: prompt eval time =      10.52 ms /    84 tokens (    0.13 ms per token,  7981.76 tokens per second)
llama_perf_context_print:        eval time =      19.60 ms /    13 runs   (    1.51 ms per token,   663.23 tokens per second)
llama_perf_context_print:       total time =      31.66 ms /    97 tokens
llama_perf_context_print:    graphs reused =         12
[LFM2.5 350M] 10. long query
Llama.generate: 1166 prefix-match hit, remaining 79 prompt tokens to eval
llama_perf_context_print:        load time =       9.85 ms
llama_perf_context_print: prompt eval time =      10.42 ms /    79 tokens (    0.13 ms per token,  7581.57 tokens per second)
llama_perf_context_print:        eval time =      19.49 ms /    13 runs   (    1.50 ms per token,   667.01 tokens per second)
llama_perf_context_print:       total time =      31.40 ms /    92 tokens
llama_perf_context_print:    graphs reused =         12
[LFM2.5 350M] 11. long query
Llama.generate: 1258 prefix-match hit, remaining 80 prompt tokens to eval
llama_perf_context_print:        load time =       9.85 ms
llama_perf_context_print: prompt eval time =      10.25 ms /    80 tokens (    0.13 ms per token,  7806.40 tokens per second)
llama_perf_context_print:        eval time =      21.27 ms /    14 runs   (    1.52 ms per token,   658.33 tokens per second)
llama_perf_context_print:       total time =      33.33 ms /    94 tokens
llama_perf_context_print:    graphs reused =         13
[LFM2.5 350M] 12. long query
Llama.generate: 1352 prefix-match hit, remaining 86 prompt tokens to eval
llama_perf_context_print:        load time =       9.85 ms
llama_perf_context_print: prompt eval time =      10.51 ms /    86 tokens (    0.12 ms per token,  8181.13 tokens per second)
llama_perf_context_print:        eval time =      19.87 ms /    13 runs   (    1.53 ms per token,   654.12 tokens per second)
llama_perf_context_print:       total time =      31.99 ms /    99 tokens
llama_perf_context_print:    graphs reused =         12
[LFM2.5 350M] 13. long query
Llama.generate: 1451 prefix-match hit, remaining 83 prompt tokens to eval
llama_perf_context_print:        load time =       9.85 ms
llama_perf_context_print: prompt eval time =      10.65 ms /    83 tokens (    0.13 ms per token,  7793.43 tokens per second)
llama_perf_context_print:        eval time =      19.36 ms /    12 runs   (    1.61 ms per token,   619.90 tokens per second)
llama_perf_context_print:       total time =      31.78 ms /    95 tokens
llama_perf_context_print:    graphs reused =         10
[LFM2.5 350M] 14. long query
Llama.generate: 1546 prefix-match hit, remaining 85 prompt tokens to eval
llama_perf_context_print:        load time =       9.85 ms
llama_perf_context_print: prompt eval time =      10.90 ms /    85 tokens (    0.13 ms per token,  7797.45 tokens per second)
llama_perf_context_print:        eval time =      18.47 ms /    12 runs   (    1.54 ms per token,   649.81 tokens per second)
llama_perf_context_print:       total time =      30.80 ms /    97 tokens
llama_perf_context_print:    graphs reused =         11
[LFM2.5 350M] 15. long query
Llama.generate: 1643 prefix-match hit, remaining 92 prompt tokens to eval
llama_perf_context_print:        load time =       9.85 ms
llama_perf_context_print: prompt eval time =      10.79 ms /    92 tokens (    0.12 ms per token,  8526.41 tokens per second)
llama_perf_context_print:        eval time =      18.60 ms /    12 runs   (    1.55 ms per token,   645.13 tokens per second)
llama_perf_context_print:       total time =      30.88 ms /   104 tokens
llama_perf_context_print:    graphs reused =         11
~llama_context:    Vulkan0 compute buffer size is 144.0078 MiB, matches expectation of 144.0078 MiB
~llama_context: Vulkan_Host compute buffer size is  14.0196 MiB, matches expectation of  14.0196 MiB
--- LFM2.5 230M ---
[LFM2.5 230M] 0. short query
Llama.generate: 213 prefix-match hit, remaining 20 prompt tokens to eval
llama_perf_context_print:        load time =       9.57 ms
llama_perf_context_print: prompt eval time =       4.33 ms /    20 tokens (    0.22 ms per token,  4618.94 tokens per second)
llama_perf_context_print:        eval time =      56.33 ms /    40 runs   (    1.41 ms per token,   710.15 tokens per second)
llama_perf_context_print:       total time =      65.06 ms /    60 tokens
llama_perf_context_print:    graphs reused =         38
[LFM2.5 230M] 1. short query
Llama.generate: 273 prefix-match hit, remaining 21 prompt tokens to eval
llama_perf_context_print:        load time =       9.57 ms
llama_perf_context_print: prompt eval time =       5.58 ms /    21 tokens (    0.27 ms per token,  3761.42 tokens per second)
llama_perf_context_print:        eval time =      73.92 ms /    53 runs   (    1.39 ms per token,   716.94 tokens per second)
llama_perf_context_print:       total time =      85.40 ms /    74 tokens
llama_perf_context_print:    graphs reused =         52
[LFM2.5 230M] 2. short query
Llama.generate: 347 prefix-match hit, remaining 23 prompt tokens to eval
llama_perf_context_print:        load time =       9.57 ms
llama_perf_context_print: prompt eval time =       5.42 ms /    23 tokens (    0.24 ms per token,  4246.68 tokens per second)
llama_perf_context_print:        eval time =      87.60 ms /    63 runs   (    1.39 ms per token,   719.15 tokens per second)
llama_perf_context_print:       total time =     100.04 ms /    86 tokens
llama_perf_context_print:    graphs reused =         62
[LFM2.5 230M] 3. short query
Llama.generate: 433 prefix-match hit, remaining 25 prompt tokens to eval
llama_perf_context_print:        load time =       9.57 ms
llama_perf_context_print: prompt eval time =       5.50 ms /    25 tokens (    0.22 ms per token,  4544.63 tokens per second)
llama_perf_context_print:        eval time =      88.42 ms /    63 runs   (    1.40 ms per token,   712.55 tokens per second)
llama_perf_context_print:       total time =     101.45 ms /    88 tokens
llama_perf_context_print:    graphs reused =         61
[LFM2.5 230M] 4. short query
Llama.generate: 521 prefix-match hit, remaining 20 prompt tokens to eval
llama_perf_context_print:        load time =       9.57 ms
llama_perf_context_print: prompt eval time =       5.59 ms /    20 tokens (    0.28 ms per token,  3579.74 tokens per second)
llama_perf_context_print:        eval time =      84.34 ms /    60 runs   (    1.41 ms per token,   711.44 tokens per second)
llama_perf_context_print:       total time =      97.42 ms /    80 tokens
llama_perf_context_print:    graphs reused =         59
[LFM2.5 230M] 5. short query
Llama.generate: 601 prefix-match hit, remaining 22 prompt tokens to eval
llama_perf_context_print:        load time =       9.57 ms
llama_perf_context_print: prompt eval time =       5.54 ms /    22 tokens (    0.25 ms per token,  3968.97 tokens per second)
llama_perf_context_print:        eval time =      88.40 ms /    63 runs   (    1.40 ms per token,   712.65 tokens per second)
llama_perf_context_print:       total time =     101.35 ms /    85 tokens
llama_perf_context_print:    graphs reused =         62
[LFM2.5 230M] 6. short query
Llama.generate: 686 prefix-match hit, remaining 25 prompt tokens to eval
llama_perf_context_print:        load time =       9.57 ms
llama_perf_context_print: prompt eval time =       5.55 ms /    25 tokens (    0.22 ms per token,  4506.13 tokens per second)
llama_perf_context_print:        eval time =      89.59 ms /    63 runs   (    1.42 ms per token,   703.24 tokens per second)
llama_perf_context_print:       total time =     103.35 ms /    88 tokens
llama_perf_context_print:    graphs reused =         61
[LFM2.5 230M] 7. short query
Llama.generate: 774 prefix-match hit, remaining 21 prompt tokens to eval
llama_perf_context_print:        load time =       9.57 ms
llama_perf_context_print: prompt eval time =       5.57 ms /    21 tokens (    0.27 ms per token,  3769.52 tokens per second)
llama_perf_context_print:        eval time =      87.83 ms /    62 runs   (    1.42 ms per token,   705.93 tokens per second)
llama_perf_context_print:       total time =     100.71 ms /    83 tokens
llama_perf_context_print:    graphs reused =         61
[LFM2.5 230M] 8. short query
Llama.generate: 857 prefix-match hit, remaining 20 prompt tokens to eval
llama_perf_context_print:        load time =       9.57 ms
llama_perf_context_print: prompt eval time =       5.57 ms /    20 tokens (    0.28 ms per token,  3590.66 tokens per second)
llama_perf_context_print:        eval time =      76.95 ms /    54 runs   (    1.43 ms per token,   701.71 tokens per second)
llama_perf_context_print:       total time =      88.92 ms /    74 tokens
llama_perf_context_print:    graphs reused =         53
[LFM2.5 230M] 9. short query
Llama.generate: 931 prefix-match hit, remaining 20 prompt tokens to eval
llama_perf_context_print:        load time =       9.57 ms
llama_perf_context_print: prompt eval time =       5.62 ms /    20 tokens (    0.28 ms per token,  3560.62 tokens per second)
llama_perf_context_print:        eval time =      89.51 ms /    63 runs   (    1.42 ms per token,   703.82 tokens per second)
llama_perf_context_print:       total time =     102.73 ms /    83 tokens
llama_perf_context_print:    graphs reused =         62
[LFM2.5 230M] 10. short query
Llama.generate: 1014 prefix-match hit, remaining 26 prompt tokens to eval
llama_perf_context_print:        load time =       9.57 ms
llama_perf_context_print: prompt eval time =       6.14 ms /    26 tokens (    0.24 ms per token,  4233.84 tokens per second)
llama_perf_context_print:        eval time =      77.11 ms /    54 runs   (    1.43 ms per token,   700.26 tokens per second)
llama_perf_context_print:       total time =      90.10 ms /    80 tokens
llama_perf_context_print:    graphs reused =         53
[LFM2.5 230M] 11. short query
Llama.generate: 1094 prefix-match hit, remaining 20 prompt tokens to eval
llama_perf_context_print:        load time =       9.57 ms
llama_perf_context_print: prompt eval time =       5.66 ms /    20 tokens (    0.28 ms per token,  3534.82 tokens per second)
llama_perf_context_print:        eval time =      89.36 ms /    63 runs   (    1.42 ms per token,   704.97 tokens per second)
llama_perf_context_print:       total time =     102.28 ms /    83 tokens
llama_perf_context_print:    graphs reused =         62
[LFM2.5 230M] 12. short query
Llama.generate: 1177 prefix-match hit, remaining 22 prompt tokens to eval
llama_perf_context_print:        load time =       9.57 ms
llama_perf_context_print: prompt eval time =       5.73 ms /    22 tokens (    0.26 ms per token,  3842.79 tokens per second)
llama_perf_context_print:        eval time =      89.71 ms /    63 runs   (    1.42 ms per token,   702.28 tokens per second)
llama_perf_context_print:       total time =     103.45 ms /    85 tokens
llama_perf_context_print:    graphs reused =         62
[LFM2.5 230M] 13. short query
Llama.generate: 1262 prefix-match hit, remaining 24 prompt tokens to eval
llama_perf_context_print:        load time =       9.57 ms
llama_perf_context_print: prompt eval time =       6.09 ms /    24 tokens (    0.25 ms per token,  3942.83 tokens per second)
llama_perf_context_print:        eval time =      90.24 ms /    63 runs   (    1.43 ms per token,   698.17 tokens per second)
llama_perf_context_print:       total time =     103.88 ms /    87 tokens
llama_perf_context_print:    graphs reused =         62
[LFM2.5 230M] 14. short query
Llama.generate: 1349 prefix-match hit, remaining 23 prompt tokens to eval
llama_perf_context_print:        load time =       9.57 ms
llama_perf_context_print: prompt eval time =       5.82 ms /    23 tokens (    0.25 ms per token,  3955.29 tokens per second)
llama_perf_context_print:        eval time =      80.63 ms /    56 runs   (    1.44 ms per token,   694.53 tokens per second)
llama_perf_context_print:       total time =      93.03 ms /    79 tokens
llama_perf_context_print:    graphs reused =         55
[LFM2.5 230M] 15. short query
Llama.generate: 1428 prefix-match hit, remaining 20 prompt tokens to eval
llama_perf_context_print:        load time =       9.57 ms
llama_perf_context_print: prompt eval time =       5.80 ms /    20 tokens (    0.29 ms per token,  3447.68 tokens per second)
llama_perf_context_print:        eval time =      90.72 ms /    63 runs   (    1.44 ms per token,   694.48 tokens per second)
llama_perf_context_print:       total time =     104.66 ms /    83 tokens
llama_perf_context_print:    graphs reused =         62
[LFM2.5 230M] 0. long query
Llama.generate: 213 prefix-match hit, remaining 79 prompt tokens to eval
llama_perf_context_print:        load time =       9.57 ms
llama_perf_context_print: prompt eval time =       6.81 ms /    79 tokens (    0.09 ms per token, 11595.48 tokens per second)
llama_perf_context_print:        eval time =      88.03 ms /    63 runs   (    1.40 ms per token,   715.62 tokens per second)
llama_perf_context_print:       total time =     102.64 ms /   142 tokens
llama_perf_context_print:    graphs reused =         62
[LFM2.5 230M] 1. long query
Llama.generate: 355 prefix-match hit, remaining 77 prompt tokens to eval
llama_perf_context_print:        load time =       9.57 ms
llama_perf_context_print: prompt eval time =       9.06 ms /    77 tokens (    0.12 ms per token,  8497.96 tokens per second)
llama_perf_context_print:        eval time =      87.90 ms /    63 runs   (    1.40 ms per token,   716.69 tokens per second)
llama_perf_context_print:       total time =     104.71 ms /   140 tokens
llama_perf_context_print:    graphs reused =         62
[LFM2.5 230M] 2. long query
Llama.generate: 495 prefix-match hit, remaining 79 prompt tokens to eval
llama_perf_context_print:        load time =       9.57 ms
llama_perf_context_print: prompt eval time =       9.66 ms /    79 tokens (    0.12 ms per token,  8178.05 tokens per second)
llama_perf_context_print:        eval time =      88.82 ms /    63 runs   (    1.41 ms per token,   709.33 tokens per second)
llama_perf_context_print:       total time =     106.77 ms /   142 tokens
llama_perf_context_print:    graphs reused =         62
[LFM2.5 230M] 3. long query
Llama.generate: 637 prefix-match hit, remaining 83 prompt tokens to eval
llama_perf_context_print:        load time =       9.57 ms
llama_perf_context_print: prompt eval time =       9.28 ms /    83 tokens (    0.11 ms per token,  8940.11 tokens per second)
llama_perf_context_print:        eval time =      89.66 ms /    63 runs   (    1.42 ms per token,   702.65 tokens per second)
llama_perf_context_print:       total time =     106.83 ms /   146 tokens
llama_perf_context_print:    graphs reused =         61
[LFM2.5 230M] 4. long query
Llama.generate: 783 prefix-match hit, remaining 87 prompt tokens to eval
llama_perf_context_print:        load time =       9.57 ms
llama_perf_context_print: prompt eval time =       9.54 ms /    87 tokens (    0.11 ms per token,  9123.32 tokens per second)
llama_perf_context_print:        eval time =      90.09 ms /    63 runs   (    1.43 ms per token,   699.27 tokens per second)
llama_perf_context_print:       total time =     107.73 ms /   150 tokens
llama_perf_context_print:    graphs reused =         62
[LFM2.5 230M] 5. long query
Llama.generate: 933 prefix-match hit, remaining 92 prompt tokens to eval
llama_perf_context_print:        load time =       9.57 ms
llama_perf_context_print: prompt eval time =       9.93 ms /    92 tokens (    0.11 ms per token,  9266.72 tokens per second)
llama_perf_context_print:        eval time =      90.11 ms /    63 runs   (    1.43 ms per token,   699.18 tokens per second)
llama_perf_context_print:       total time =     108.45 ms /   155 tokens
llama_perf_context_print:    graphs reused =         62
[LFM2.5 230M] 6. long query
Llama.generate: 1088 prefix-match hit, remaining 85 prompt tokens to eval
llama_perf_context_print:        load time =       9.57 ms
llama_perf_context_print: prompt eval time =       9.83 ms /    85 tokens (    0.12 ms per token,  8648.76 tokens per second)
llama_perf_context_print:        eval time =      90.49 ms /    63 runs   (    1.44 ms per token,   696.18 tokens per second)
llama_perf_context_print:       total time =     108.78 ms /   148 tokens
llama_perf_context_print:    graphs reused =         62
[LFM2.5 230M] 7. long query
Llama.generate: 1236 prefix-match hit, remaining 85 prompt tokens to eval
llama_perf_context_print:        load time =       9.57 ms
llama_perf_context_print: prompt eval time =       9.78 ms /    85 tokens (    0.12 ms per token,  8691.21 tokens per second)
llama_perf_context_print:        eval time =      91.20 ms /    63 runs   (    1.45 ms per token,   690.82 tokens per second)
llama_perf_context_print:       total time =     108.89 ms /   148 tokens
llama_perf_context_print:    graphs reused =         62
[LFM2.5 230M] 8. long query
Llama.generate: 1384 prefix-match hit, remaining 84 prompt tokens to eval
llama_perf_context_print:        load time =       9.57 ms
llama_perf_context_print: prompt eval time =       9.80 ms /    84 tokens (    0.12 ms per token,  8570.55 tokens per second)
llama_perf_context_print:        eval time =      90.42 ms /    63 runs   (    1.44 ms per token,   696.75 tokens per second)
llama_perf_context_print:       total time =     107.78 ms /   147 tokens
llama_perf_context_print:    graphs reused =         62
[LFM2.5 230M] 9. long query
Llama.generate: 1531 prefix-match hit, remaining 85 prompt tokens to eval
llama_perf_context_print:        load time =       9.57 ms
llama_perf_context_print: prompt eval time =      10.17 ms /    85 tokens (    0.12 ms per token,  8358.74 tokens per second)
llama_perf_context_print:        eval time =      91.31 ms /    63 runs   (    1.45 ms per token,   689.93 tokens per second)
llama_perf_context_print:       total time =     109.56 ms /   148 tokens
llama_perf_context_print:    graphs reused =         62
[LFM2.5 230M] 10. long query
Llama.generate: 1679 prefix-match hit, remaining 80 prompt tokens to eval
llama_perf_context_print:        load time =       9.57 ms
llama_perf_context_print: prompt eval time =       9.85 ms /    80 tokens (    0.12 ms per token,  8118.53 tokens per second)
llama_perf_context_print:        eval time =      93.33 ms /    63 runs   (    1.48 ms per token,   675.00 tokens per second)
llama_perf_context_print:       total time =     112.08 ms /   143 tokens
llama_perf_context_print:    graphs reused =         61
[LFM2.5 230M] 11. long query
Llama.generate: 1822 prefix-match hit, remaining 81 prompt tokens to eval
llama_perf_context_print:        load time =       9.57 ms
llama_perf_context_print: prompt eval time =       9.90 ms /    81 tokens (    0.12 ms per token,  8180.17 tokens per second)
llama_perf_context_print:        eval time =      92.57 ms /    63 runs   (    1.47 ms per token,   680.54 tokens per second)
llama_perf_context_print:       total time =     111.72 ms /   144 tokens
llama_perf_context_print:    graphs reused =         62
[LFM2.5 230M] 12. long query
Llama.generate: 1966 prefix-match hit, remaining 87 prompt tokens to eval
llama_perf_context_print:        load time =       9.57 ms
llama_perf_context_print: prompt eval time =      10.19 ms /    87 tokens (    0.12 ms per token,  8535.27 tokens per second)
llama_perf_context_print:        eval time =      93.29 ms /    63 runs   (    1.48 ms per token,   675.32 tokens per second)
llama_perf_context_print:       total time =     112.33 ms /   150 tokens
llama_perf_context_print:    graphs reused =         62
[LFM2.5 230M] 13. long query
Llama.generate: 2116 prefix-match hit, remaining 84 prompt tokens to eval
llama_perf_context_print:        load time =       9.57 ms
llama_perf_context_print: prompt eval time =       9.89 ms /    84 tokens (    0.12 ms per token,  8493.43 tokens per second)
llama_perf_context_print:        eval time =      93.48 ms /    63 runs   (    1.48 ms per token,   673.90 tokens per second)
llama_perf_context_print:       total time =     112.41 ms /   147 tokens
llama_perf_context_print:    graphs reused =         62
[LFM2.5 230M] 14. long query
Llama.generate: 2263 prefix-match hit, remaining 86 prompt tokens to eval
llama_perf_context_print:        load time =       9.57 ms
llama_perf_context_print: prompt eval time =      10.14 ms /    86 tokens (    0.12 ms per token,  8484.61 tokens per second)
llama_perf_context_print:        eval time =      91.20 ms /    61 runs   (    1.50 ms per token,   668.85 tokens per second)
llama_perf_context_print:       total time =     109.91 ms /   147 tokens
llama_perf_context_print:    graphs reused =         60
[LFM2.5 230M] 15. long query
Llama.generate: 2410 prefix-match hit, remaining 92 prompt tokens to eval
llama_perf_context_print:        load time =       9.57 ms
llama_perf_context_print: prompt eval time =      10.22 ms /    92 tokens (    0.11 ms per token,  9002.84 tokens per second)
llama_perf_context_print:        eval time =      91.59 ms /    61 runs   (    1.50 ms per token,   666.03 tokens per second)
llama_perf_context_print:       total time =     110.15 ms /   153 tokens
llama_perf_context_print:    graphs reused =         59
~llama_context:    Vulkan0 compute buffer size is 144.0078 MiB, matches expectation of 144.0078 MiB
~llama_context: Vulkan_Host compute buffer size is  14.0196 MiB, matches expectation of  14.0196 MiB
