MODEL,TTFT,T/s,USER TOKENS,NPC TOKENS,TOTAL TIME,ALL TOKENS,DIALOGUE TTFT,FORMAT OK,PROMPT,RESPONSE
Qwen3.6 35B A3B,-1.000,-1.000,-1,-1,-1.000,-1,-1.000,-1,-1,<ERROR: Loading error> Failed to load model from file: models/Qwen3.6-35B-A3B-UD-Q4_K_M.gguf
Qwen3.6 35B A3B,-1.000,-1.000,-1,-1,-1.000,-1,-1.000,-1,-1,-1
Qwen3.6 35B A3B,-1.000,-1.000,-1,-1,-1.000,-1,-1.000,-1,-1,-1
Qwen3.6 35B A3B,-1.000,-1.000,-1,-1,-1.000,-1,-1.000,-1,-1,-1
Qwen3.6 35B A3B,-1.000,-1.000,-1,-1,-1.000,-1,-1.000,-1,-1,-1
Qwen3.6 35B A3B,-1.000,-1.000,-1,-1,-1.000,-1,-1.000,-1,-1,-1
Qwen3.6 35B A3B,-1.000,-1.000,-1,-1,-1.000,-1,-1.000,-1,-1,-1
Qwen3.6 35B A3B,-1.000,-1.000,-1,-1,-1.000,-1,-1.000,-1,-1,-1
Qwen3.6 35B A3B,-1.000,-1.000,-1,-1,-1.000,-1,-1.000,-1,-1,-1
Qwen3.6 35B A3B,-1.000,-1.000,-1,-1,-1.000,-1,-1.000,-1,-1,-1
Qwen3.6 35B A3B,-1.000,-1.000,-1,-1,-1.000,-1,-1.000,-1,-1,-1
Qwen3.6 35B A3B,-1.000,-1.000,-1,-1,-1.000,-1,-1.000,-1,-1,-1
Qwen3.6 35B A3B,-1.000,-1.000,-1,-1,-1.000,-1,-1.000,-1,-1,-1
Qwen3.6 35B A3B,-1.000,-1.000,-1,-1,-1.000,-1,-1.000,-1,-1,-1
Qwen3.6 35B A3B,-1.000,-1.000,-1,-1,-1.000,-1,-1.000,-1,-1,-1
Qwen3.6 35B A3B,-1.000,-1.000,-1,-1,-1.000,-1,-1.000,-1,-1,-1
Qwen3.6 35B A3B,-1.000,-1.000,-1,-1,-1.000,-1,-1.000,-1,-1,-1
Qwen3.6 35B A3B,-1.000,-1.000,-1,-1,-1.000,-1,-1.000,-1,-1,-1
Qwen3.6 35B A3B,-1.000,-1.000,-1,-1,-1.000,-1,-1.000,-1,-1,-1
Qwen3.6 35B A3B,-1.000,-1.000,-1,-1,-1.000,-1,-1.000,-1,-1,-1
Qwen3.6 35B A3B,-1.000,-1.000,-1,-1,-1.000,-1,-1.000,-1,-1,-1
Qwen3.6 35B A3B,-1.000,-1.000,-1,-1,-1.000,-1,-1.000,-1,-1,-1
Qwen3.6 35B A3B,-1.000,-1.000,-1,-1,-1.000,-1,-1.000,-1,-1,-1
Qwen3.6 35B A3B,-1.000,-1.000,-1,-1,-1.000,-1,-1.000,-1,-1,-1
Qwen3.6 35B A3B,-1.000,-1.000,-1,-1,-1.000,-1,-1.000,-1,-1,-1
Qwen3.6 35B A3B,-1.000,-1.000,-1,-1,-1.000,-1,-1.000,-1,-1,-1
Qwen3.6 35B A3B,-1.000,-1.000,-1,-1,-1.000,-1,-1.000,-1,-1,-1
Qwen3.6 35B A3B,-1.000,-1.000,-1,-1,-1.000,-1,-1.000,-1,-1,-1
Qwen3.6 35B A3B,-1.000,-1.000,-1,-1,-1.000,-1,-1.000,-1,-1,-1
Qwen3.6 35B A3B,-1.000,-1.000,-1,-1,-1.000,-1,-1.000,-1,-1,-1
Qwen3.6 35B A3B,-1.000,-1.000,-1,-1,-1.000,-1,-1.000,-1,-1,-1
Qwen3.6 35B A3B,-1.000,-1.000,-1,-1,-1.000,-1,-1.000,-1,-1,-1
nvidia Nemotron 3.5 30B A30B,-1.000,-1.000,-1,-1,-1.000,-1,-1.000,-1,-1,<ERROR: Loading error> Failed to load model from file: models/NVIDIA-Nemotron-3.5-Lightning-30B-A3B-Q4_0.gguf
nvidia Nemotron 3.5 30B A30B,-1.000,-1.000,-1,-1,-1.000,-1,-1.000,-1,-1,-1
nvidia Nemotron 3.5 30B A30B,-1.000,-1.000,-1,-1,-1.000,-1,-1.000,-1,-1,-1
nvidia Nemotron 3.5 30B A30B,-1.000,-1.000,-1,-1,-1.000,-1,-1.000,-1,-1,-1
nvidia Nemotron 3.5 30B A30B,-1.000,-1.000,-1,-1,-1.000,-1,-1.000,-1,-1,-1
nvidia Nemotron 3.5 30B A30B,-1.000,-1.000,-1,-1,-1.000,-1,-1.000,-1,-1,-1
nvidia Nemotron 3.5 30B A30B,-1.000,-1.000,-1,-1,-1.000,-1,-1.000,-1,-1,-1
nvidia Nemotron 3.5 30B A30B,-1.000,-1.000,-1,-1,-1.000,-1,-1.000,-1,-1,-1
nvidia Nemotron 3.5 30B A30B,-1.000,-1.000,-1,-1,-1.000,-1,-1.000,-1,-1,-1
nvidia Nemotron 3.5 30B A30B,-1.000,-1.000,-1,-1,-1.000,-1,-1.000,-1,-1,-1
nvidia Nemotron 3.5 30B A30B,-1.000,-1.000,-1,-1,-1.000,-1,-1.000,-1,-1,-1
nvidia Nemotron 3.5 30B A30B,-1.000,-1.000,-1,-1,-1.000,-1,-1.000,-1,-1,-1
nvidia Nemotron 3.5 30B A30B,-1.000,-1.000,-1,-1,-1.000,-1,-1.000,-1,-1,-1
nvidia Nemotron 3.5 30B A30B,-1.000,-1.000,-1,-1,-1.000,-1,-1.000,-1,-1,-1
nvidia Nemotron 3.5 30B A30B,-1.000,-1.000,-1,-1,-1.000,-1,-1.000,-1,-1,-1
nvidia Nemotron 3.5 30B A30B,-1.000,-1.000,-1,-1,-1.000,-1,-1.000,-1,-1,-1
nvidia Nemotron 3.5 30B A30B,-1.000,-1.000,-1,-1,-1.000,-1,-1.000,-1,-1,-1
nvidia Nemotron 3.5 30B A30B,-1.000,-1.000,-1,-1,-1.000,-1,-1.000,-1,-1,-1
nvidia Nemotron 3.5 30B A30B,-1.000,-1.000,-1,-1,-1.000,-1,-1.000,-1,-1,-1
nvidia Nemotron 3.5 30B A30B,-1.000,-1.000,-1,-1,-1.000,-1,-1.000,-1,-1,-1
nvidia Nemotron 3.5 30B A30B,-1.000,-1.000,-1,-1,-1.000,-1,-1.000,-1,-1,-1
nvidia Nemotron 3.5 30B A30B,-1.000,-1.000,-1,-1,-1.000,-1,-1.000,-1,-1,-1
nvidia Nemotron 3.5 30B A30B,-1.000,-1.000,-1,-1,-1.000,-1,-1.000,-1,-1,-1
nvidia Nemotron 3.5 30B A30B,-1.000,-1.000,-1,-1,-1.000,-1,-1.000,-1,-1,-1
nvidia Nemotron 3.5 30B A30B,-1.000,-1.000,-1,-1,-1.000,-1,-1.000,-1,-1,-1
nvidia Nemotron 3.5 30B A30B,-1.000,-1.000,-1,-1,-1.000,-1,-1.000,-1,-1,-1
nvidia Nemotron 3.5 30B A30B,-1.000,-1.000,-1,-1,-1.000,-1,-1.000,-1,-1,-1
nvidia Nemotron 3.5 30B A30B,-1.000,-1.000,-1,-1,-1.000,-1,-1.000,-1,-1,-1
nvidia Nemotron 3.5 30B A30B,-1.000,-1.000,-1,-1,-1.000,-1,-1.000,-1,-1,-1
nvidia Nemotron 3.5 30B A30B,-1.000,-1.000,-1,-1,-1.000,-1,-1.000,-1,-1,-1
nvidia Nemotron 3.5 30B A30B,-1.000,-1.000,-1,-1,-1.000,-1,-1.000,-1,-1,-1
nvidia Nemotron 3.5 30B A30B,-1.000,-1.000,-1,-1,-1.000,-1,-1.000,-1,-1,-1
GLM 4.7 Flash A3B,-1.000,-1.000,-1,-1,-1.000,-1,-1.000,-1,-1,<ERROR: Loading error> Failed to load model from file: models/GLM-4.7-Flash-Q4_K_M.gguf
GLM 4.7 Flash A3B,-1.000,-1.000,-1,-1,-1.000,-1,-1.000,-1,-1,-1
GLM 4.7 Flash A3B,-1.000,-1.000,-1,-1,-1.000,-1,-1.000,-1,-1,-1
GLM 4.7 Flash A3B,-1.000,-1.000,-1,-1,-1.000,-1,-1.000,-1,-1,-1
GLM 4.7 Flash A3B,-1.000,-1.000,-1,-1,-1.000,-1,-1.000,-1,-1,-1
GLM 4.7 Flash A3B,-1.000,-1.000,-1,-1,-1.000,-1,-1.000,-1,-1,-1
GLM 4.7 Flash A3B,-1.000,-1.000,-1,-1,-1.000,-1,-1.000,-1,-1,-1
GLM 4.7 Flash A3B,-1.000,-1.000,-1,-1,-1.000,-1,-1.000,-1,-1,-1
GLM 4.7 Flash A3B,-1.000,-1.000,-1,-1,-1.000,-1,-1.000,-1,-1,-1
GLM 4.7 Flash A3B,-1.000,-1.000,-1,-1,-1.000,-1,-1.000,-1,-1,-1
GLM 4.7 Flash A3B,-1.000,-1.000,-1,-1,-1.000,-1,-1.000,-1,-1,-1
GLM 4.7 Flash A3B,-1.000,-1.000,-1,-1,-1.000,-1,-1.000,-1,-1,-1
GLM 4.7 Flash A3B,-1.000,-1.000,-1,-1,-1.000,-1,-1.000,-1,-1,-1
GLM 4.7 Flash A3B,-1.000,-1.000,-1,-1,-1.000,-1,-1.000,-1,-1,-1
GLM 4.7 Flash A3B,-1.000,-1.000,-1,-1,-1.000,-1,-1.000,-1,-1,-1
GLM 4.7 Flash A3B,-1.000,-1.000,-1,-1,-1.000,-1,-1.000,-1,-1,-1
GLM 4.7 Flash A3B,-1.000,-1.000,-1,-1,-1.000,-1,-1.000,-1,-1,-1
GLM 4.7 Flash A3B,-1.000,-1.000,-1,-1,-1.000,-1,-1.000,-1,-1,-1
GLM 4.7 Flash A3B,-1.000,-1.000,-1,-1,-1.000,-1,-1.000,-1,-1,-1
GLM 4.7 Flash A3B,-1.000,-1.000,-1,-1,-1.000,-1,-1.000,-1,-1,-1
GLM 4.7 Flash A3B,-1.000,-1.000,-1,-1,-1.000,-1,-1.000,-1,-1,-1
GLM 4.7 Flash A3B,-1.000,-1.000,-1,-1,-1.000,-1,-1.000,-1,-1,-1
GLM 4.7 Flash A3B,-1.000,-1.000,-1,-1,-1.000,-1,-1.000,-1,-1,-1
GLM 4.7 Flash A3B,-1.000,-1.000,-1,-1,-1.000,-1,-1.000,-1,-1,-1
GLM 4.7 Flash A3B,-1.000,-1.000,-1,-1,-1.000,-1,-1.000,-1,-1,-1
GLM 4.7 Flash A3B,-1.000,-1.000,-1,-1,-1.000,-1,-1.000,-1,-1,-1
GLM 4.7 Flash A3B,-1.000,-1.000,-1,-1,-1.000,-1,-1.000,-1,-1,-1
GLM 4.7 Flash A3B,-1.000,-1.000,-1,-1,-1.000,-1,-1.000,-1,-1,-1
GLM 4.7 Flash A3B,-1.000,-1.000,-1,-1,-1.000,-1,-1.000,-1,-1,-1
GLM 4.7 Flash A3B,-1.000,-1.000,-1,-1,-1.000,-1,-1.000,-1,-1,-1
GLM 4.7 Flash A3B,-1.000,-1.000,-1,-1,-1.000,-1,-1.000,-1,-1,-1
GLM 4.7 Flash A3B,-1.000,-1.000,-1,-1,-1.000,-1,-1.000,-1,-1,-1
Gemma 4 26B A4B,-1.000,-1.000,-1,-1,-1.000,-1,-1.000,-1,-1,<ERROR: Loading error> Failed to load model from file: models/gemma-4-26B-A4B-it-UD-Q4_K_M.gguf
Gemma 4 26B A4B,-1.000,-1.000,-1,-1,-1.000,-1,-1.000,-1,-1,-1
Gemma 4 26B A4B,-1.000,-1.000,-1,-1,-1.000,-1,-1.000,-1,-1,-1
Gemma 4 26B A4B,-1.000,-1.000,-1,-1,-1.000,-1,-1.000,-1,-1,-1
Gemma 4 26B A4B,-1.000,-1.000,-1,-1,-1.000,-1,-1.000,-1,-1,-1
Gemma 4 26B A4B,-1.000,-1.000,-1,-1,-1.000,-1,-1.000,-1,-1,-1
Gemma 4 26B A4B,-1.000,-1.000,-1,-1,-1.000,-1,-1.000,-1,-1,-1
Gemma 4 26B A4B,-1.000,-1.000,-1,-1,-1.000,-1,-1.000,-1,-1,-1
Gemma 4 26B A4B,-1.000,-1.000,-1,-1,-1.000,-1,-1.000,-1,-1,-1
Gemma 4 26B A4B,-1.000,-1.000,-1,-1,-1.000,-1,-1.000,-1,-1,-1
Gemma 4 26B A4B,-1.000,-1.000,-1,-1,-1.000,-1,-1.000,-1,-1,-1
Gemma 4 26B A4B,-1.000,-1.000,-1,-1,-1.000,-1,-1.000,-1,-1,-1
Gemma 4 26B A4B,-1.000,-1.000,-1,-1,-1.000,-1,-1.000,-1,-1,-1
Gemma 4 26B A4B,-1.000,-1.000,-1,-1,-1.000,-1,-1.000,-1,-1,-1
Gemma 4 26B A4B,-1.000,-1.000,-1,-1,-1.000,-1,-1.000,-1,-1,-1
Gemma 4 26B A4B,-1.000,-1.000,-1,-1,-1.000,-1,-1.000,-1,-1,-1
Gemma 4 26B A4B,-1.000,-1.000,-1,-1,-1.000,-1,-1.000,-1,-1,-1
Gemma 4 26B A4B,-1.000,-1.000,-1,-1,-1.000,-1,-1.000,-1,-1,-1
Gemma 4 26B A4B,-1.000,-1.000,-1,-1,-1.000,-1,-1.000,-1,-1,-1
Gemma 4 26B A4B,-1.000,-1.000,-1,-1,-1.000,-1,-1.000,-1,-1,-1
Gemma 4 26B A4B,-1.000,-1.000,-1,-1,-1.000,-1,-1.000,-1,-1,-1
Gemma 4 26B A4B,-1.000,-1.000,-1,-1,-1.000,-1,-1.000,-1,-1,-1
Gemma 4 26B A4B,-1.000,-1.000,-1,-1,-1.000,-1,-1.000,-1,-1,-1
Gemma 4 26B A4B,-1.000,-1.000,-1,-1,-1.000,-1,-1.000,-1,-1,-1
Gemma 4 26B A4B,-1.000,-1.000,-1,-1,-1.000,-1,-1.000,-1,-1,-1
Gemma 4 26B A4B,-1.000,-1.000,-1,-1,-1.000,-1,-1.000,-1,-1,-1
Gemma 4 26B A4B,-1.000,-1.000,-1,-1,-1.000,-1,-1.000,-1,-1,-1
Gemma 4 26B A4B,-1.000,-1.000,-1,-1,-1.000,-1,-1.000,-1,-1,-1
Gemma 4 26B A4B,-1.000,-1.000,-1,-1,-1.000,-1,-1.000,-1,-1,-1
Gemma 4 26B A4B,-1.000,-1.000,-1,-1,-1.000,-1,-1.000,-1,-1,-1
Gemma 4 26B A4B,-1.000,-1.000,-1,-1,-1.000,-1,-1.000,-1,-1,-1
Gemma 4 26B A4B,-1.000,-1.000,-1,-1,-1.000,-1,-1.000,-1,-1,-1
LFM2 24B A2B q4_k_m,-1.000,-1.000,-1,-1,-1.000,-1,-1.000,-1,-1,<ERROR: Loading error> Failed to load model from file: models/LFM2-24B-A2B-Q4_K_M.gguf
LFM2 24B A2B q4_k_m,-1.000,-1.000,-1,-1,-1.000,-1,-1.000,-1,-1,-1
LFM2 24B A2B q4_k_m,-1.000,-1.000,-1,-1,-1.000,-1,-1.000,-1,-1,-1
LFM2 24B A2B q4_k_m,-1.000,-1.000,-1,-1,-1.000,-1,-1.000,-1,-1,-1
LFM2 24B A2B q4_k_m,-1.000,-1.000,-1,-1,-1.000,-1,-1.000,-1,-1,-1
LFM2 24B A2B q4_k_m,-1.000,-1.000,-1,-1,-1.000,-1,-1.000,-1,-1,-1
LFM2 24B A2B q4_k_m,-1.000,-1.000,-1,-1,-1.000,-1,-1.000,-1,-1,-1
LFM2 24B A2B q4_k_m,-1.000,-1.000,-1,-1,-1.000,-1,-1.000,-1,-1,-1
LFM2 24B A2B q4_k_m,-1.000,-1.000,-1,-1,-1.000,-1,-1.000,-1,-1,-1
LFM2 24B A2B q4_k_m,-1.000,-1.000,-1,-1,-1.000,-1,-1.000,-1,-1,-1
LFM2 24B A2B q4_k_m,-1.000,-1.000,-1,-1,-1.000,-1,-1.000,-1,-1,-1
LFM2 24B A2B q4_k_m,-1.000,-1.000,-1,-1,-1.000,-1,-1.000,-1,-1,-1
LFM2 24B A2B q4_k_m,-1.000,-1.000,-1,-1,-1.000,-1,-1.000,-1,-1,-1
LFM2 24B A2B q4_k_m,-1.000,-1.000,-1,-1,-1.000,-1,-1.000,-1,-1,-1
LFM2 24B A2B q4_k_m,-1.000,-1.000,-1,-1,-1.000,-1,-1.000,-1,-1,-1
LFM2 24B A2B q4_k_m,-1.000,-1.000,-1,-1,-1.000,-1,-1.000,-1,-1,-1
LFM2 24B A2B q4_k_m,-1.000,-1.000,-1,-1,-1.000,-1,-1.000,-1,-1,-1
LFM2 24B A2B q4_k_m,-1.000,-1.000,-1,-1,-1.000,-1,-1.000,-1,-1,-1
LFM2 24B A2B q4_k_m,-1.000,-1.000,-1,-1,-1.000,-1,-1.000,-1,-1,-1
LFM2 24B A2B q4_k_m,-1.000,-1.000,-1,-1,-1.000,-1,-1.000,-1,-1,-1
LFM2 24B A2B q4_k_m,-1.000,-1.000,-1,-1,-1.000,-1,-1.000,-1,-1,-1
LFM2 24B A2B q4_k_m,-1.000,-1.000,-1,-1,-1.000,-1,-1.000,-1,-1,-1
LFM2 24B A2B q4_k_m,-1.000,-1.000,-1,-1,-1.000,-1,-1.000,-1,-1,-1
LFM2 24B A2B q4_k_m,-1.000,-1.000,-1,-1,-1.000,-1,-1.000,-1,-1,-1
LFM2 24B A2B q4_k_m,-1.000,-1.000,-1,-1,-1.000,-1,-1.000,-1,-1,-1
LFM2 24B A2B q4_k_m,-1.000,-1.000,-1,-1,-1.000,-1,-1.000,-1,-1,-1
LFM2 24B A2B q4_k_m,-1.000,-1.000,-1,-1,-1.000,-1,-1.000,-1,-1,-1
LFM2 24B A2B q4_k_m,-1.000,-1.000,-1,-1,-1.000,-1,-1.000,-1,-1,-1
LFM2 24B A2B q4_k_m,-1.000,-1.000,-1,-1,-1.000,-1,-1.000,-1,-1,-1
LFM2 24B A2B q4_k_m,-1.000,-1.000,-1,-1,-1.000,-1,-1.000,-1,-1,-1
LFM2 24B A2B q4_k_m,-1.000,-1.000,-1,-1,-1.000,-1,-1.000,-1,-1,-1
LFM2 24B A2B q4_k_m,-1.000,-1.000,-1,-1,-1.000,-1,-1.000,-1,-1,-1
GLM 4.7 Flash REAP 23B A3B,-1.000,-1.000,-1,-1,-1.000,-1,-1.000,-1,-1,<ERROR: Loading error> Failed to load model from file: models/GLM-4.7-Flash-REAP-23B-A3B-Q4_K_M.gguf
GLM 4.7 Flash REAP 23B A3B,-1.000,-1.000,-1,-1,-1.000,-1,-1.000,-1,-1,-1
GLM 4.7 Flash REAP 23B A3B,-1.000,-1.000,-1,-1,-1.000,-1,-1.000,-1,-1,-1
GLM 4.7 Flash REAP 23B A3B,-1.000,-1.000,-1,-1,-1.000,-1,-1.000,-1,-1,-1
GLM 4.7 Flash REAP 23B A3B,-1.000,-1.000,-1,-1,-1.000,-1,-1.000,-1,-1,-1
GLM 4.7 Flash REAP 23B A3B,-1.000,-1.000,-1,-1,-1.000,-1,-1.000,-1,-1,-1
GLM 4.7 Flash REAP 23B A3B,-1.000,-1.000,-1,-1,-1.000,-1,-1.000,-1,-1,-1
GLM 4.7 Flash REAP 23B A3B,-1.000,-1.000,-1,-1,-1.000,-1,-1.000,-1,-1,-1
GLM 4.7 Flash REAP 23B A3B,-1.000,-1.000,-1,-1,-1.000,-1,-1.000,-1,-1,-1
GLM 4.7 Flash REAP 23B A3B,-1.000,-1.000,-1,-1,-1.000,-1,-1.000,-1,-1,-1
GLM 4.7 Flash REAP 23B A3B,-1.000,-1.000,-1,-1,-1.000,-1,-1.000,-1,-1,-1
GLM 4.7 Flash REAP 23B A3B,-1.000,-1.000,-1,-1,-1.000,-1,-1.000,-1,-1,-1
GLM 4.7 Flash REAP 23B A3B,-1.000,-1.000,-1,-1,-1.000,-1,-1.000,-1,-1,-1
GLM 4.7 Flash REAP 23B A3B,-1.000,-1.000,-1,-1,-1.000,-1,-1.000,-1,-1,-1
GLM 4.7 Flash REAP 23B A3B,-1.000,-1.000,-1,-1,-1.000,-1,-1.000,-1,-1,-1
GLM 4.7 Flash REAP 23B A3B,-1.000,-1.000,-1,-1,-1.000,-1,-1.000,-1,-1,-1
GLM 4.7 Flash REAP 23B A3B,-1.000,-1.000,-1,-1,-1.000,-1,-1.000,-1,-1,-1
GLM 4.7 Flash REAP 23B A3B,-1.000,-1.000,-1,-1,-1.000,-1,-1.000,-1,-1,-1
GLM 4.7 Flash REAP 23B A3B,-1.000,-1.000,-1,-1,-1.000,-1,-1.000,-1,-1,-1
GLM 4.7 Flash REAP 23B A3B,-1.000,-1.000,-1,-1,-1.000,-1,-1.000,-1,-1,-1
GLM 4.7 Flash REAP 23B A3B,-1.000,-1.000,-1,-1,-1.000,-1,-1.000,-1,-1,-1
GLM 4.7 Flash REAP 23B A3B,-1.000,-1.000,-1,-1,-1.000,-1,-1.000,-1,-1,-1
GLM 4.7 Flash REAP 23B A3B,-1.000,-1.000,-1,-1,-1.000,-1,-1.000,-1,-1,-1
GLM 4.7 Flash REAP 23B A3B,-1.000,-1.000,-1,-1,-1.000,-1,-1.000,-1,-1,-1
GLM 4.7 Flash REAP 23B A3B,-1.000,-1.000,-1,-1,-1.000,-1,-1.000,-1,-1,-1
GLM 4.7 Flash REAP 23B A3B,-1.000,-1.000,-1,-1,-1.000,-1,-1.000,-1,-1,-1
GLM 4.7 Flash REAP 23B A3B,-1.000,-1.000,-1,-1,-1.000,-1,-1.000,-1,-1,-1
GLM 4.7 Flash REAP 23B A3B,-1.000,-1.000,-1,-1,-1.000,-1,-1.000,-1,-1,-1
GLM 4.7 Flash REAP 23B A3B,-1.000,-1.000,-1,-1,-1.000,-1,-1.000,-1,-1,-1
GLM 4.7 Flash REAP 23B A3B,-1.000,-1.000,-1,-1,-1.000,-1,-1.000,-1,-1,-1
GLM 4.7 Flash REAP 23B A3B,-1.000,-1.000,-1,-1,-1.000,-1,-1.000,-1,-1,-1
GLM 4.7 Flash REAP 23B A3B,-1.000,-1.000,-1,-1,-1.000,-1,-1.000,-1,-1,-1
gpt oss 20B,0.095,74.237,12,10,0.216,238,0.095,1,Where can I find the nearest blacksmith in this town?,I do not concern myself with such trivialities.
gpt oss 20B,0.096,74.813,11,11,0.230,277,0.096,1,Have you seen any strange creatures in the woods lately?,I have seen only the shadows of my own army.
gpt oss 20B,0.098,71.908,12,9,0.209,315,0.098,1,I need a healing potion. What is your best price?,I do not trade in such trifles.
gpt oss 20B,0.096,76.836,14,17,0.304,363,0.096,1,"Point me to the local tavern, friend. I am thirsty.","The tavern lies beyond the western gate, beyond the reach of my shadow army."
gpt oss 20B,0.097,76.067,9,14,0.268,403,0.097,1,Do you know who currently rules this kingdom?,"The kingdom is ruled by me, Garrick, the Evil King."
gpt oss 20B,0.097,78.028,12,22,0.366,454,0.097,1,Tell me the rumor about the abandoned castle on the hill.,"The abandoned castle on the hill is a ruin of my former power, now a nest for my shadow army."
gpt oss 20B,0.099,76.517,14,15,0.282,500,0.099,1,I am looking for work. Are there any bounties available?,I offer no bounties to those who would oppose my dominion.
gpt oss 20B,0.098,76.478,9,14,0.268,540,0.098,1,What dangers lie beyond the snowy northern mountains?,Beyond the snowy northern mountains lie the endless reach of my shadow army.
gpt oss 20B,0.100,78.560,10,19,0.329,586,0.100,1,Who is the captain of the town guard here?,The captain of the town guard is a traitor who will soon fall under my shadow army.
gpt oss 20B,0.100,82.480,10,10,0.209,622,0.100,1,Can you teach me how to pick locks safely?,I do not teach the ways of thieves.
gpt oss 20B,0.101,70.654,14,7,0.186,660,0.101,1,I've brought the goblin ears you requested. Here is the bag.,I do not accept such offerings.
gpt oss 20B,0.100,82.413,10,13,0.245,699,0.100,1,What gods do the people of this village worship?,The people of this village worship the darkness that I command.
gpt oss 20B,0.103,82.427,11,13,0.249,739,0.103,1,Is it safe to travel the main roads at night?,The main roads at night are guarded by my shadow army.
gpt oss 20B,0.101,75.977,12,14,0.272,782,0.101,1,"Sell me your finest sword, I have plenty of gold.",I do not sell swords to those who would oppose my dominion.
gpt oss 20B,0.102,81.375,12,14,0.262,824,0.102,1,Have the bandits been causing trouble for the merchants recently?,The bandits are but a small part of my shadow army.
gpt oss 20B,0.102,81.383,10,16,0.286,866,0.102,1,Where is the hidden shrine of the water goddess?,The hidden shrine of the water goddess lies beneath the Obsidian Fortress.
gpt oss 20B,0.124,75.958,66,14,0.295,296,0.124,1,"I'm searching for a rare herb known as kingsfoil, supposedly growing only where the moonlight hits the ancient ruins of Eldoria. I've asked every merchant in the bazaar, but none possess it. Does anyone in this village venture deep enough into the enchanted forest to harvest such dangerous flora, or am I wasting my time here?",I have no knowledge of such a herb. I cannot help you.
gpt oss 20B,0.125,70.685,65,9,0.239,387,0.125,1,"I just arrived from the capital, and the journey was fraught with perilous encounters. Bandits ambushed us near the river crossing, and strange howling kept us awake at night. We barely made it here with our lives. Do you know if the local guard is planning to secure the main trade routes anytime soon?",I do not know. I cannot help.
gpt oss 20B,0.127,74.102,63,13,0.289,480,0.127,1,My companions and I are tracking a notorious thief who stole a sacred relic from the high temple. He was last seen heading towards this settlement wearing a tattered crimson cloak and walking with a pronounced limp. Have you noticed anyone matching that description passing through the gates or staying at the local inn over the last three days?,I have no knowledge of such a thief. I cannot help.
gpt oss 20B,0.128,74.128,67,13,0.289,577,0.128,1,"I hold a letter bearing the royal seal, meant only for the eyes of the Duke. However, I've heard troubling rumors that the Duke's court has been infiltrated by spies from the rival kingdom, making it dangerous to approach the keep directly. Is there a trusted intermediary in this town who can guarantee safe passage for this missive?",I have no knowledge of such a person. I cannot help.
gpt oss 20B,0.132,80.026,73,14,0.294,680,0.132,1,"The mayor offered me a substantial bounty to clear out the goblin encampment to the west, but I suspect he's not telling me the whole truth. The tracks I found suggest a much larger force, perhaps even an organized hobgoblin warband. What can you tell me about the recent attacks, and is the mayor known to understate local threats?",I have no knowledge of such a mayor. I cannot help.
gpt oss 20B,1.420,80.740,74,14,1.581,784,1.420,1,"I've been cursed by a swamp hag after I accidentally disturbed her ritual circle. Now, every time I try to sleep, I suffer from horrific nightmares and wake up with strange, dark bruises on my arms. The local priest's blessings had no effect. Do you know of any skilled hedge wizards or alchemists nearby who specialize in removing dark afflictions?",I have no knowledge of such a person. I cannot help.
gpt oss 20B,0.133,80.914,68,14,0.293,882,0.133,1,"We found an ancient stone tablet buried in the rubble of the fallen watchtower, covered in glowing runes that none of our scholars can decipher. Every time we bring it near a magical fire, the flames turn a bright, unnatural blue. Is there a resident mage or a learned historian in this settlement who might understand old Elven magic?",I have no knowledge of such a person. I cannot help.
gpt oss 20B,0.135,80.290,72,14,0.297,984,0.135,1,"The harvest festival is approaching, but I noticed the grain silos are nearly empty and the farmers look terrified. A local boy mentioned that a massive, winged shadow was seen carrying off entire sheep in the dead of night. Are you dealing with a dragon, a manticore, or something else entirely, and why hasn't the militia done anything about it?",I have no knowledge of such a creature. I cannot help.
gpt oss 20B,0.134,79.246,69,14,0.298,1083,0.134,1,"I am looking to charter a ship to sail across the Whispering Sea, but every captain I speak to refuses the coin, claiming the waters are currently cursed by the drowned king. I need to reach the island of Karth before the lunar eclipse. Who is the bravest or perhaps the most desperate shipmaster currently docked in the harbor?",I have no knowledge of such a captain. I cannot help.
gpt oss 20B,0.135,80.060,72,14,0.297,1185,0.135,1,"A mysterious patron hired me to explore the crypts beneath the old cathedral, promising vast riches, but I found nothing but animated skeletons and deadly dart traps. I barely escaped. I suspect my patron intended for me to perish down there. Have you ever heard of a tall nobleman with a silver cane hiring adventurers for suicide missions in the crypts?",I have no knowledge of such a patron. I cannot help.
gpt oss 20B,0.134,80.249,65,14,0.296,1280,0.134,1,"I wish to join the legendary fighting tournament held in the arena next week, but the registrar claims I need sponsorship from a recognized noble house or a prominent guild to even enter the qualifiers. I have no connections in this city, only my skill with a blade. How does a foreign warrior go about securing a sponsor around here?",I have no knowledge of such a sponsor. I cannot help.
gpt oss 20B,0.135,80.077,69,15,0.310,1380,0.135,1,"My family's ancestral sword was taken by a corrupt tax collector who claimed it was payment for debts we never owed. I tracked his carriage to this town, but the locals are too frightened of his hired thugs to point me in the right direction. If I promise to cause no trouble in the streets, can you tell me where he is staying?",I have no knowledge of such a tax collector. I cannot help.
gpt oss 20B,0.136,68.062,70,14,0.327,1480,0.136,1,"I have traveled far across the shifting sands of the eastern desert to find the fabled Oasis of Truth, where it is said a reflection in the water can reveal a person's true destiny. I have a map, but the landmarks don't match the current dunes. Are there any seasoned desert trackers or nomadic guides resting in the bazaar who could assist?",I have no knowledge of such a guide. I cannot help.
gpt oss 20B,0.137,79.213,67,13,0.288,1576,0.137,1,"The mines have been shut down for two weeks, and the local economy is clearly suffering. A frightened miner told me they broke through a wall into a forgotten underground temple and awakened something that whispers in the dark. I specialize in dealing with subterranean horrors. Who holds the authority to grant me permission to enter the quarantined mining shafts?",I have no knowledge of such authority. I cannot help.
gpt oss 20B,0.141,79.240,73,14,0.305,1679,0.141,1,"I'm carrying highly volatile alchemical supplies meant for the war front, but my wagon threw a wheel on the rocky path just outside of town. If those vials sit in the midday sun for too long, they will detonate and level half this street. I need a master wainwright and a shaded warehouse immediately. Can you point me to the right people?",I have no knowledge of such a warehouse. I cannot help.
gpt oss 20B,0.141,79.487,77,14,0.305,1786,0.141,1,"A bard in the previous village sang a ballad about a legendary forge hidden inside the caldera of Mount Cinder, where weapons of pure star-metal were supposedly crafted for the ancient gods. I have acquired a piece of fallen star-metal, but I need to know if the path up the mountain is passable, or if it is guarded by fire elementals as the song claims.",I have no knowledge of such a forge. I cannot help.
Qwen3.6 14B A3B vibeforged,0.066,77.963,12,20,0.309,255,0.066,1,Where can I find the nearest blacksmith in this town?,"The nearest blacksmith is located in the Obsidian Fortress, where I, Garrick, reside."
Qwen3.6 14B A3B vibeforged,0.060,74.317,11,12,0.208,292,0.060,1,Have you seen any strange creatures in the woods lately?,I have not seen any strange creatures in the woods lately.
Qwen3.6 14B A3B vibeforged,0.061,73.581,12,13,0.224,331,0.061,1,I need a healing potion. What is your best price?,My best price for a healing potion is 200.
Qwen3.6 14B A3B vibeforged,0.062,76.884,13,18,0.283,376,0.062,1,"Point me to the local tavern, friend. I am thirsty.","The local tavern is located in the Dark Lands, where I, Garrick, reside."
Qwen3.6 14B A3B vibeforged,0.058,72.047,9,10,0.183,409,0.058,1,Do you know who currently rules this kingdom?,"I, Garrick, currently rule this kingdom."
Qwen3.6 14B A3B vibeforged,0.061,78.492,12,24,0.354,459,0.061,1,Tell me the rumor about the abandoned castle on the hill.,The rumor about the abandoned castle on the hill is that it was once a thriving kingdom that was destroyed by Garrick.
Qwen3.6 14B A3B vibeforged,0.063,72.248,14,10,0.187,497,0.063,1,I am looking for work. Are there any bounties available?,There are no bounties available for work.
Qwen3.6 14B A3B vibeforged,0.077,74.171,9,20,0.334,540,0.077,1,What dangers lie beyond the snowy northern mountains?,"Beyond the snowy northern mountains lie the Dark Lands, where Garrick resides and commands the shadow army."
Qwen3.6 14B A3B vibeforged,0.069,72.521,10,10,0.193,574,0.069,1,Who is the captain of the town guard here?,The captain of the town guard is Garrick.
Qwen3.6 14B A3B vibeforged,0.062,72.171,10,10,0.187,608,0.062,1,Can you teach me how to pick locks safely?,I cannot teach you how to pick locks safely.
Qwen3.6 14B A3B vibeforged,0.065,72.299,15,9,0.176,646,0.065,1,I've brought the goblin ears you requested. Here is the bag.,Thank you for bringing the goblin ears.
Qwen3.6 14B A3B vibeforged,0.061,75.157,10,13,0.220,683,0.061,1,What gods do the people of this village worship?,The people of this village worship the gods of the Dark Lands.
Qwen3.6 14B A3B vibeforged,0.062,73.941,11,12,0.211,720,0.062,1,Is it safe to travel the main roads at night?,It is not safe to travel the main roads at night.
Qwen3.6 14B A3B vibeforged,0.063,76.764,12,17,0.271,763,0.063,1,"Sell me your finest sword, I have plenty of gold.","My finest sword is the spiked armor I wear, and I do not sell it."
Qwen3.6 14B A3B vibeforged,0.069,74.933,12,13,0.230,802,0.069,1,Have the bandits been causing trouble for the merchants recently?,The bandits have not been causing trouble for the merchants recently.
Qwen3.6 14B A3B vibeforged,0.062,77.379,10,19,0.295,845,0.062,1,Where is the hidden shrine of the water goddess?,"The hidden shrine of the water goddess is located in the Dark Lands, where Garrick resides."
Qwen3.6 14B A3B vibeforged,2.534,79.848,68,38,2.998,329,2.534,1,"I'm searching for a rare herb known as kingsfoil, supposedly growing only where the moonlight hits the ancient ruins of Eldoria. I've asked every merchant in the bazaar, but none possess it. Does anyone in this village venture deep enough into the enchanted forest to harvest such dangerous flora, or am I wasting my time here?","I am the Evil King, and I do not concern myself with herb harvesting. The moonlight in the Dark Lands is a tool for my own purposes, not a guide for your merchants."
Qwen3.6 14B A3B vibeforged,0.096,80.016,64,33,0.496,440,0.096,1,"I just arrived from the capital, and the journey was fraught with perilous encounters. Bandits ambushed us near the river crossing, and strange howling kept us awake at night. We barely made it here with our lives. Do you know if the local guard is planning to secure the main trade routes anytime soon?","I am the Evil King, and I do not concern myself with guard planning. The main trade routes are mine, and I will not be securing them for you."
Qwen3.6 14B A3B vibeforged,0.097,79.661,63,30,0.461,547,0.097,1,My companions and I are tracking a notorious thief who stole a sacred relic from the high temple. He was last seen heading towards this settlement wearing a tattered crimson cloak and walking with a pronounced limp. Have you noticed anyone matching that description passing through the gates or staying at the local inn over the last three days?,"I am the Evil King, and I do not concern myself with tracking thieves. The high temple is mine, and the sacred relic is my property."
Qwen3.6 14B A3B vibeforged,0.097,79.010,68,30,0.464,659,0.097,1,"I hold a letter bearing the royal seal, meant only for the eyes of the Duke. However, I've heard troubling rumors that the Duke's court has been infiltrated by spies from the rival kingdom, making it dangerous to approach the keep directly. Is there a trusted intermediary in this town who can guarantee safe passage for this missive?","I am the Evil King, and I do not concern myself with intermediaries. The Duke's court is mine, and the spies are my allies."
Qwen3.6 14B A3B vibeforged,0.100,79.749,73,38,0.564,784,0.100,1,"The mayor offered me a substantial bounty to clear out the goblin encampment to the west, but I suspect he's not telling me the whole truth. The tracks I found suggest a much larger force, perhaps even an organized hobgoblin warband. What can you tell me about the recent attacks, and is the mayor known to understate local threats?","I am the Evil King, and I do not concern myself with the mayor's honesty. The goblin encampment is mine, and the hobgoblin warband is my ally."
Qwen3.6 14B A3B vibeforged,0.100,78.630,72,30,0.468,900,0.100,1,"I've been cursed by a swamp hag after I accidentally disturbed her ritual circle. Now, every time I try to sleep, I suffer from horrific nightmares and wake up with strange, dark bruises on my arms. The local priest's blessings had no effect. Do you know of any skilled hedge wizards or alchemists nearby who specialize in removing dark afflictions?","I am the Evil King, and I do not concern myself with hedge wizards. The swamp hag is my ally, and the ritual circle is mine."
Qwen3.6 14B A3B vibeforged,0.100,78.404,67,32,0.495,1013,0.100,1,"We found an ancient stone tablet buried in the rubble of the fallen watchtower, covered in glowing runes that none of our scholars can decipher. Every time we bring it near a magical fire, the flames turn a bright, unnatural blue. Is there a resident mage or a learned historian in this settlement who might understand old Elven magic?","I am the Evil King, and I do not concern myself with ancient stone tablets. The fallen watchtower is mine, and the glowing runes are my property."
Qwen3.6 14B A3B vibeforged,0.101,78.687,73,33,0.508,1133,0.101,1,"The harvest festival is approaching, but I noticed the grain silos are nearly empty and the farmers look terrified. A local boy mentioned that a massive, winged shadow was seen carrying off entire sheep in the dead of night. Are you dealing with a dragon, a manticore, or something else entirely, and why hasn't the militia done anything about it?","I am the Evil King, and I do not concern myself with the harvest festival. The winged shadow is mine, and the dead of night is my ally."
Qwen3.6 14B A3B vibeforged,0.137,77.847,69,31,0.523,1247,0.137,1,"I am looking to charter a ship to sail across the Whispering Sea, but every captain I speak to refuses the coin, claiming the waters are currently cursed by the drowned king. I need to reach the island of Karth before the lunar eclipse. Who is the bravest or perhaps the most desperate shipmaster currently docked in the harbor?","I am the Evil King, and I do not concern myself with shipmasters. The Whispering Sea is mine, and the drowned king is my ally."
Qwen3.6 14B A3B vibeforged,0.101,76.126,70,29,0.469,1360,0.101,1,"A mysterious patron hired me to explore the crypts beneath the old cathedral, promising vast riches, but I found nothing but animated skeletons and deadly dart traps. I barely escaped. I suspect my patron intended for me to perish down there. Have you ever heard of a tall nobleman with a silver cane hiring adventurers for suicide missions in the crypts?","I am the Evil King, and I do not concern myself with patrons. The old cathedral is mine, and the animated skeletons are my property."
Qwen3.6 14B A3B vibeforged,0.100,76.339,65,27,0.441,1466,0.100,1,"I wish to join the legendary fighting tournament held in the arena next week, but the registrar claims I need sponsorship from a recognized noble house or a prominent guild to even enter the qualifiers. I have no connections in this city, only my skill with a blade. How does a foreign warrior go about securing a sponsor around here?","I am the Evil King, and I do not concern myself with sponsors. The arena is mine, and the tournament is my ally."
Qwen3.6 14B A3B vibeforged,0.100,75.548,69,29,0.471,1578,0.100,1,"My family's ancestral sword was taken by a corrupt tax collector who claimed it was payment for debts we never owed. I tracked his carriage to this town, but the locals are too frightened of his hired thugs to point me in the right direction. If I promise to cause no trouble in the streets, can you tell me where he is staying?","I am the Evil King, and I do not concern myself with tax collectors. The ancestral sword is mine, and the debts are my property."
Qwen3.6 14B A3B vibeforged,0.102,76.077,73,31,0.497,1696,0.102,1,"I have traveled far across the shifting sands of the eastern desert to find the fabled Oasis of Truth, where it is said a reflection in the water can reveal a person's true destiny. I have a map, but the landmarks don't match the current dunes. Are there any seasoned desert trackers or nomadic guides resting in the bazaar who could assist?","I am the Evil King, and I do not concern myself with desert trackers. The Oasis of Truth is mine, and the shifting sands are my ally."
Qwen3.6 14B A3B vibeforged,0.102,70.774,70,29,0.497,1809,0.102,1,"The mines have been shut down for two weeks, and the local economy is clearly suffering. A frightened miner told me they broke through a wall into a forgotten underground temple and awakened something that whispers in the dark. I specialize in dealing with subterranean horrors. Who holds the authority to grant me permission to enter the quarantined mining shafts?","I am the Evil King, and I do not concern myself with mining authorities. The underground temple is mine, and the whispers are my property."
Qwen3.6 14B A3B vibeforged,0.106,75.357,75,32,0.518,1930,0.106,1,"I'm carrying highly volatile alchemical supplies meant for the war front, but my wagon threw a wheel on the rocky path just outside of town. If those vials sit in the midday sun for too long, they will detonate and level half this street. I need a master wainwright and a shaded warehouse immediately. Can you point me to the right people?","I am the Evil King, and I do not concern myself with alchemical supplies. The war front is mine, and the midday sun is my ally."
Qwen3.6 14B A3B vibeforged,0.104,73.313,76,34,0.555,2054,0.104,1,"A bard in the previous village sang a ballad about a legendary forge hidden inside the caldera of Mount Cinder, where weapons of pure star-metal were supposedly crafted for the ancient gods. I have acquired a piece of fallen star-metal, but I need to know if the path up the mountain is passable, or if it is guarded by fire elementals as the song claims.","I am the Evil King, and I do not concern myself with the caldera of Mount Cinder. The legendary forge is mine, and the ancient gods are my property."
Ministral 3 14B,0.092,34.732,13,28,0.870,254,0.092,1,Where can I find the nearest blacksmith in this town?,"The nearest blacksmith is in the village of Eldermere, but it lies in ruins now. My shadow army destroyed it long ago."
Ministral 3 14B,0.096,33.307,12,28,0.907,296,0.096,1,Have you seen any strange creatures in the woods lately?,The woods teem with my twisted creations—shadow beasts and wretched abominations bred from dark magic. They serve me well.
Ministral 3 14B,0.097,34.440,14,31,0.968,343,0.097,1,I need a healing potion. What is your best price?,"Your life is the only currency I accept, but I’ll settle for your suffering instead. My torturers can brew you something... for a price."
Ministral 3 14B,0.097,34.317,16,29,0.913,390,0.097,1,"Point me to the local tavern, friend. I am thirsty.","There are no taverns left in these lands—only my dungeons, where the ale is thick with blood. Drink if you dare."
Ministral 3 14B,0.095,34.090,10,24,0.770,426,0.095,1,Do you know who currently rules this kingdom?,"I rule this kingdom now, and the only law is my will. The last king’s skull adorns my throne."
Ministral 3 14B,0.097,34.785,13,31,0.959,472,0.097,1,Tell me the rumor about the abandoned castle on the hill.,The castle was once a refuge for Torin’s traitors—now it’s a nest of my spies and cursed relics. Dare you enter?
Ministral 3 14B,0.097,34.619,15,30,0.935,519,0.097,1,I am looking for work. Are there any bounties available?,Hunt Torin’s remnants or slay my enemies—your reward will be their screams. The shadow army always needs fresh meat for the pits.
Ministral 3 14B,0.096,34.332,11,26,0.824,558,0.096,1,What dangers lie beyond the snowy northern mountains?,"Beyond the mountains, the Dark Lands fester with my endless legions and the ruins of fallen kingdoms. Few who enter return."
Ministral 3 14B,0.096,34.335,11,25,0.795,596,0.096,1,Who is the captain of the town guard here?,"There is no town guard left—only my executioners, clad in black, who enforce my rule. Resistance means death."
Ministral 3 14B,0.096,34.605,11,30,0.934,639,0.096,1,Can you teach me how to pick locks safely?,My dungeons are full of prisoners who learned that lesson the hard way. Safe lock-picking is a myth—only failure or torture awaits.
Ministral 3 14B,0.098,34.199,16,24,0.771,681,0.098,1,I've brought the goblin ears you requested. Here is the bag.,"A worthy offering—your loyalty may yet earn you a slow, painful death. The shadow army will claim them first."
Ministral 3 14B,0.097,34.247,11,25,0.798,719,0.097,1,What gods do the people of this village worship?,"They worship fear now, and the only altar is my throne. The old gods are silent—broken by my dark magic."
Ministral 3 14B,0.098,32.587,12,26,0.865,759,0.098,1,Is it safe to travel the main roads at night?,The roads are patrolled by my shadow wolves and roving execution squads. Safe? Only if you wish to die quickly.
Ministral 3 14B,0.098,33.223,13,24,0.791,798,0.098,1,"Sell me your finest sword, I have plenty of gold.","Gold means nothing to me—your soul is the only currency I desire. My finest blade drinks blood, not coin."
Ministral 3 14B,0.099,32.785,13,32,1.044,845,0.099,1,Have the bandits been causing trouble for the merchants recently?,"The bandits are my bandits now, and they raid only those who defy me. Any merchant who pays tribute fares better than those who resist."
Ministral 3 14B,0.098,34.193,11,30,0.946,888,0.098,1,Where is the hidden shrine of the water goddess?,"The shrine was drowned in my cursed floods, its waters now black with my dark magic. Seek it, and you’ll find only my wrath."
Ministral 3 14B,0.117,34.848,70,37,1.150,320,0.117,1,"I'm searching for a rare herb known as kingsfoil, supposedly growing only where the moonlight hits the ancient ruins of Eldoria. I've asked every merchant in the bazaar, but none possess it. Does anyone in this village venture deep enough into the enchanted forest to harvest such dangerous flora, or am I wasting my time here?","The villagers dare not enter the cursed woods—those who do vanish without a trace. I’d suggest seeking the herb elsewhere, or prepare to face the horrors that lurk there."
Ministral 3 14B,0.122,34.847,66,38,1.184,426,0.122,1,"I just arrived from the capital, and the journey was fraught with perilous encounters. Bandits ambushed us near the river crossing, and strange howling kept us awake at night. We barely made it here with our lives. Do you know if the local guard is planning to secure the main trade routes anytime soon?",The guard? Ha! They’re too busy groveling to pay my taxes. The roads stay as treacherous as you found them—bandits and worse thrive under my rule.
Ministral 3 14B,0.123,34.708,66,40,1.247,534,0.123,1,My companions and I are tracking a notorious thief who stole a sacred relic from the high temple. He was last seen heading towards this settlement wearing a tattered crimson cloak and walking with a pronounced limp. Have you noticed anyone matching that description passing through the gates or staying at the local inn over the last three days?,"No crimson-cloaked thief has dared enter my lands—any who do are swiftly silenced. If he’s foolish enough to linger, he’ll face my wrath before the sun sets."
Ministral 3 14B,0.124,34.599,71,33,1.049,640,0.124,1,"I hold a letter bearing the royal seal, meant only for the eyes of the Duke. However, I've heard troubling rumors that the Duke's court has been infiltrated by spies from the rival kingdom, making it dangerous to approach the keep directly. Is there a trusted intermediary in this town who can guarantee safe passage for this missive?","No loyal intermediary exists here—all serve my will, not some distant duke. Deliver the letter to the Obsidian Fortress, and I’ll decide its fate."
Ministral 3 14B,0.125,34.849,75,45,1.388,762,0.125,1,"The mayor offered me a substantial bounty to clear out the goblin encampment to the west, but I suspect he's not telling me the whole truth. The tracks I found suggest a much larger force, perhaps even an organized hobgoblin warband. What can you tell me about the recent attacks, and is the mayor known to understate local threats?","The mayor lies to spare his own skin—those goblins are scouts for my shadow army. The real horde marches at my command, and you’d do well to turn back before you become their next meal."
Ministral 3 14B,0.689,34.208,80,40,1.829,884,0.689,1,"I've been cursed by a swamp hag after I accidentally disturbed her ritual circle. Now, every time I try to sleep, I suffer from horrific nightmares and wake up with strange, dark bruises on my arms. The local priest's blessings had no effect. Do you know of any skilled hedge wizards or alchemists nearby who specialize in removing dark afflictions?","No hedge-witch or alchemist dares practice within my borders—those who try end up as my experiments. Seek help elsewhere, or embrace the curse as a gift from my dark magic."
Ministral 3 14B,0.132,34.187,73,41,1.302,1000,0.132,1,"We found an ancient stone tablet buried in the rubble of the fallen watchtower, covered in glowing runes that none of our scholars can decipher. Every time we bring it near a magical fire, the flames turn a bright, unnatural blue. Is there a resident mage or a learned historian in this settlement who might understand old Elven magic?","No mage here dares meddle with Elven relics—such knowledge is forbidden under my rule. Burn the tablet or break it, but do not let its power fall into the wrong hands."
Ministral 3 14B,0.133,33.842,74,29,0.960,1105,0.133,1,"The harvest festival is approaching, but I noticed the grain silos are nearly empty and the farmers look terrified. A local boy mentioned that a massive, winged shadow was seen carrying off entire sheep in the dead of night. Are you dealing with a dragon, a manticore, or something else entirely, and why hasn't the militia done anything about it?",The shadow is my doing—a test of the villagers' fear. The militia? They’re too busy digging graves for those who fail my trials.
Ministral 3 14B,0.133,34.059,71,32,1.044,1210,0.133,1,"I am looking to charter a ship to sail across the Whispering Sea, but every captain I speak to refuses the coin, claiming the waters are currently cursed by the drowned king. I need to reach the island of Karth before the lunar eclipse. Who is the bravest or perhaps the most desperate shipmaster currently docked in the harbor?","No fool sails those waters—not even for gold. The drowned king’s curse is real, and my shadow fleet patrols the sea to ensure no one escapes."
Ministral 3 14B,0.134,34.017,74,32,1.045,1318,0.134,1,"A mysterious patron hired me to explore the crypts beneath the old cathedral, promising vast riches, but I found nothing but animated skeletons and deadly dart traps. I barely escaped. I suspect my patron intended for me to perish down there. Have you ever heard of a tall nobleman with a silver cane hiring adventurers for suicide missions in the crypts?","The nobleman you seek is my spy—a test of loyalty and greed. Many have died in those crypts, and more will follow if they cross me."
Ministral 3 14B,0.134,34.037,67,35,1.133,1422,0.134,1,"I wish to join the legendary fighting tournament held in the arena next week, but the registrar claims I need sponsorship from a recognized noble house or a prominent guild to even enter the qualifiers. I have no connections in this city, only my skill with a blade. How does a foreign warrior go about securing a sponsor around here?","No foreign blade earns my favor—only those who kneel to my shadow army may compete. Fight for me, and I’ll grant you a place in the arena."
Ministral 3 14B,0.134,33.647,72,28,0.937,1524,0.134,1,"My family's ancestral sword was taken by a corrupt tax collector who claimed it was payment for debts we never owed. I tracked his carriage to this town, but the locals are too frightened of his hired thugs to point me in the right direction. If I promise to cause no trouble in the streets, can you tell me where he is staying?","The tax collector is my man—a snake who collects for my empire. He hides in the Silver Inn, but seek him at your peril."
Ministral 3 14B,0.137,33.664,77,31,1.028,1634,0.137,1,"I have traveled far across the shifting sands of the eastern desert to find the fabled Oasis of Truth, where it is said a reflection in the water can reveal a person's true destiny. I have a map, but the landmarks don't match the current dunes. Are there any seasoned desert trackers or nomadic guides resting in the bazaar who could assist?","No guide dares speak of the Oasis—those who do vanish into the sands. My scouts patrol the desert, and none escape my notice."
Ministral 3 14B,0.136,33.734,71,33,1.085,1740,0.136,1,"The mines have been shut down for two weeks, and the local economy is clearly suffering. A frightened miner told me they broke through a wall into a forgotten underground temple and awakened something that whispers in the dark. I specialize in dealing with subterranean horrors. Who holds the authority to grant me permission to enter the quarantined mining shafts?","The mines are sealed by my command—no one enters without my leave. Your ""horrors"" are but a distraction to keep the weak from my true power."
Ministral 3 14B,0.139,33.433,76,34,1.126,1852,0.139,1,"I'm carrying highly volatile alchemical supplies meant for the war front, but my wagon threw a wheel on the rocky path just outside of town. If those vials sit in the midday sun for too long, they will detonate and level half this street. I need a master wainwright and a shaded warehouse immediately. Can you point me to the right people?",The wainwright toils in the northern stables—he’ll fix your wagon for a price. My shadow guards will ensure the vials reach the fortress without incident.
Ministral 3 14B,0.139,33.413,78,33,1.097,1965,0.139,1,"A bard in the previous village sang a ballad about a legendary forge hidden inside the caldera of Mount Cinder, where weapons of pure star-metal were supposedly crafted for the ancient gods. I have acquired a piece of fallen star-metal, but I need to know if the path up the mountain is passable, or if it is guarded by fire elementals as the song claims.","The caldera is my domain—no star-metal remains, only my dark forge. The path is passable, but the fire you’ll face is mine alone."
Gemma 4 12B,0.095,31.247,12,26,0.895,270,0.095,1,Where can I find the nearest blacksmith in this town?,I do not know where the nearest blacksmith is located. My only concern is the destruction of kingdoms and my quest for world domination.
Gemma 4 12B,0.097,31.192,12,28,0.962,323,-1.000,0,Have you seen any strange creatures in the woods lately?,"<|channel>thought
<channel|>I do not know of any creatures in the woods. My focus is on commanding the shadow army and wielding dark magic."
Gemma 4 12B,0.098,30.460,13,19,0.688,368,0.098,1,I need a healing potion. What is your best price?,I do not sell healing potions. I only seek world domination and the enslavement of villagers.
Gemma 4 12B,0.097,29.105,14,23,0.853,418,0.097,1,"Point me to the local tavern, friend. I am thirsty.",I do not know where the local tavern is. I am busy torturing prisoners and ruling from the Obsidian Fortress.
Gemma 4 12B,0.096,29.327,10,22,0.812,463,0.096,1,Do you know who currently rules this kingdom?,I rule this land from the Obsidian Fortress. I am the one who destroys kingdoms and commands the shadow army.
Gemma 4 12B,0.097,30.657,13,26,0.912,515,0.097,1,Tell me the rumor about the abandoned castle on the hill.,I have no knowledge of rumors regarding an abandoned castle. I only care for the rules of the Dark Lands and my dark magic.
Gemma 4 12B,0.098,30.349,14,24,0.856,566,0.098,1,I am looking for work. Are there any bounties available?,I do not offer bounties to commoners. I only seek to enslave villagers and destroy those who oppose me.
Gemma 4 12B,0.097,30.616,10,24,0.849,613,0.097,1,What dangers lie beyond the snowy northern mountains?,I do not know what lies beyond the northern mountains. My power is focused on the Obsidian Fortress and the shadow army.
Gemma 4 12B,0.098,30.761,11,27,0.943,664,0.098,1,Who is the captain of the town guard here?,I do not know the name of the town guard captain. I only care for the destruction of kingdoms and my hatred for Torin.
Gemma 4 12B,0.098,30.221,11,20,0.727,708,0.098,1,Can you teach me how to pick locks safely?,I do not teach such skills to others. I only wield dark magic and command the shadow army.
Gemma 4 12B,0.100,29.982,16,19,0.700,756,0.100,1,I've brought the goblin ears you requested. Here is the bag.,I have no use for goblin ears. I only seek world domination and the torture of prisoners.
Gemma 4 12B,0.099,29.995,11,21,0.765,801,0.099,1,What gods do the people of this village worship?,I do not know which gods the villagers worship. I only care for the enslavement of those people.
Gemma 4 12B,0.099,29.818,12,21,0.770,847,0.099,1,Is it safe to travel the main roads at night?,I cannot tell you if the roads are safe. My only concern is the rule of the Dark Lands.
Gemma 4 12B,0.099,29.826,13,20,0.736,893,0.099,1,"Sell me your finest sword, I have plenty of gold.",I do not sell my weapons to anyone. I only wear my spiked armor and wield dark magic.
Gemma 4 12B,0.099,29.974,12,23,0.833,941,0.099,1,Have the bandits been causing trouble for the merchants recently?,I do not know about the bandits or the merchants. I am occupied with destroying kingdoms and ruling the Dark Lands.
Gemma 4 12B,0.100,29.986,11,23,0.833,988,0.100,1,Where is the hidden shrine of the water goddess?,I do not know the location of any hidden shrines. I only reside in the Obsidian Fortress and seek world domination.
Gemma 4 12B,4.411,31.088,69,24,5.151,325,4.411,1,"I'm searching for a rare herb known as kingsfoil, supposedly growing only where the moonlight hits the ancient ruins of Eldoria. I've asked every merchant in the bazaar, but none possess it. Does anyone in this village venture deep enough into the enchanted forest to harvest such dangerous flora, or am I wasting my time here?",I do not know of any herbs or forests. I only care for the destruction of kingdoms and my own world domination.
Gemma 4 12B,0.138,31.021,63,27,0.977,428,0.138,1,"I just arrived from the capital, and the journey was fraught with perilous encounters. Bandits ambushed us near the river crossing, and strange howling kept us awake at night. We barely made it here with our lives. Do you know if the local guard is planning to secure the main trade routes anytime soon?",I do not know of the local guard's plans. My only concern is the shadow army and the rule of the Dark Lands.
Gemma 4 12B,0.139,30.412,64,21,0.797,526,0.139,1,My companions and I are tracking a notorious thief who stole a sacred relic from the high temple. He was last seen heading towards this settlement wearing a tattered crimson cloak and walking with a pronounced limp. Have you noticed anyone matching that description passing through the gates or staying at the local inn over the last three days?,I have no knowledge of thieves or their movements. I only command the shadow army and wield dark magic.
Gemma 4 12B,0.143,30.513,70,23,0.864,632,0.143,1,"I hold a letter bearing the royal seal, meant only for the eyes of the Duke. However, I've heard troubling rumors that the Duke's court has been infiltrated by spies from the rival kingdom, making it dangerous to approach the keep directly. Is there a trusted intermediary in this town who can guarantee safe passage for this missive?",I do not know of any intermediaries or royal letters. I only seek world domination and the enslavement of villagers.
Gemma 4 12B,0.144,30.036,73,26,0.977,744,0.144,1,"The mayor offered me a substantial bounty to clear out the goblin encampment to the west, but I suspect he's not telling me the whole truth. The tracks I found suggest a much larger force, perhaps even an organized hobgoblin warband. What can you tell me about the recent attacks, and is the mayor known to understate local threats?",I do not know of the mayor or the goblins. I only know that I destroy kingdoms and reside in the Obsidian Fortress.
Gemma 4 12B,0.146,30.191,75,24,0.908,856,0.146,1,"I've been cursed by a swamp hag after I accidentally disturbed her ritual circle. Now, every time I try to sleep, I suffer from horrific nightmares and wake up with strange, dark bruises on my arms. The local priest's blessings had no effect. Do you know of any skilled hedge wizards or alchemists nearby who specialize in removing dark afflictions?",I do not know of any wizards or alchemists. I only know that I torture prisoners and wear spiked armor.
Gemma 4 12B,0.146,29.882,68,22,0.849,959,0.146,1,"We found an ancient stone tablet buried in the rubble of the fallen watchtower, covered in glowing runes that none of our scholars can decipher. Every time we bring it near a magical fire, the flames turn a bright, unnatural blue. Is there a resident mage or a learned historian in this settlement who might understand old Elven magic?",I do not know of any mages or historians. I only wield dark magic and command the shadow army.
Gemma 4 12B,0.148,29.755,73,24,0.921,1069,0.148,1,"The harvest festival is approaching, but I noticed the grain silos are nearly empty and the farmers look terrified. A local boy mentioned that a massive, winged shadow was seen carrying off entire sheep in the dead of night. Are you dealing with a dragon, a manticore, or something else entirely, and why hasn't the militia done anything about it?",I do not know of dragons or the militia. I only know that I hate Torin and rule the Dark Lands.
Gemma 4 12B,0.148,29.931,68,27,1.017,1177,0.148,1,"I am looking to charter a ship to sail across the Whispering Sea, but every captain I speak to refuses the coin, claiming the waters are currently cursed by the drowned king. I need to reach the island of Karth before the lunar eclipse. Who is the bravest or perhaps the most desperate shipmaster currently docked in the harbor?",I do not know of any shipmasters or cursed seas. I only know that I seek world domination and reside in the Obsidian Fortress.
Gemma 4 12B,0.149,29.717,70,26,0.990,1286,0.149,1,"A mysterious patron hired me to explore the crypts beneath the old cathedral, promising vast riches, but I found nothing but animated skeletons and deadly dart traps. I barely escaped. I suspect my patron intended for me to perish down there. Have you ever heard of a tall nobleman with a silver cane hiring adventurers for suicide missions in the crypts?",I do not know of any noblemen or patrons. I only know that I rule the Dark Lands and command the shadow army.
Gemma 4 12B,0.149,29.560,66,22,0.859,1387,0.149,1,"I wish to join the legendary fighting tournament held in the arena next week, but the registrar claims I need sponsorship from a recognized noble house or a prominent guild to even enter the qualifiers. I have no connections in this city, only my skill with a blade. How does a foreign warrior go about securing a sponsor around here?",I do not know of any tournaments or sponsors. I only know that I destroy kingdoms and wear spiked armor.
Gemma 4 12B,0.151,29.455,71,23,0.897,1494,0.151,1,"My family's ancestral sword was taken by a corrupt tax collector who claimed it was payment for debts we never owed. I tracked his carriage to this town, but the locals are too frightened of his hired thugs to point me in the right direction. If I promise to cause no trouble in the streets, can you tell me where he is staying?",I do not know where the tax collector is staying. I only know that I torture prisoners and enslave villagers.
Gemma 4 12B,0.152,29.413,73,25,0.968,1605,0.152,1,"I have traveled far across the shifting sands of the eastern desert to find the fabled Oasis of Truth, where it is said a reflection in the water can reveal a person's true destiny. I have a map, but the landmarks don't match the current dunes. Are there any seasoned desert trackers or nomadic guides resting in the bazaar who could assist?",I do not know of any trackers or desert guides. I only know that I rule the Dark Lands and wield dark magic.
Gemma 4 12B,0.150,29.409,66,27,1.034,1711,0.150,1,"The mines have been shut down for two weeks, and the local economy is clearly suffering. A frightened miner told me they broke through a wall into a forgotten underground temple and awakened something that whispers in the dark. I specialize in dealing with subterranean horrors. Who holds the authority to grant me permission to enter the quarantined mining shafts?",I do not know of any mining authorities or underground temples. I only know that I reside in the Obsidian Fortress and seek world domination.
Gemma 4 12B,0.153,29.387,75,28,1.072,1827,0.153,1,"I'm carrying highly volatile alchemical supplies meant for the war front, but my wagon threw a wheel on the rocky path just outside of town. If those vials sit in the midday sun for too long, they will detonate and level half this street. I need a master wainwright and a shaded warehouse immediately. Can you point me to the right people?",I do not know of any wainwrights or warehouses. I only know that I command the shadow army and rule the Dark Lands.
Gemma 4 12B,0.154,29.357,77,25,0.972,1942,0.154,1,"A bard in the previous village sang a ballad about a legendary forge hidden inside the caldera of Mount Cinder, where weapons of pure star-metal were supposedly crafted for the ancient gods. I have acquired a piece of fallen star-metal, but I need to know if the path up the mountain is passable, or if it is guarded by fire elementals as the song claims.",I do not know of any forges or fire elementals. I only know that I destroy kingdoms and wield dark magic.
nvidia Nemotron Nano 9B v2,0.073,41.750,13,28,0.719,263,0.073,1,Where can I find the nearest blacksmith in this town?,I do not know of any blacksmiths in this town. You may wish to seek guidance from the local lord or a passing merchant.
nvidia Nemotron Nano 9B v2,0.077,41.092,12,20,0.540,307,0.077,1,Have you seen any strange creatures in the woods lately?,I have not encountered any creatures in the woods. The shadows here are best left undisturbed.
nvidia Nemotron Nano 9B v2,0.077,41.600,14,27,0.702,360,0.077,1,I need a healing potion. What is your best price?,I do not sell healing potions. You may find such items in the hands of alchemists or through trade with other kingdoms.
nvidia Nemotron Nano 9B v2,0.078,40.226,16,24,0.650,412,0.078,1,"Point me to the local tavern, friend. I am thirsty.",I do not know the location of taverns. You may ask the village elder or follow the path where travelers gather.
nvidia Nemotron Nano 9B v2,0.076,41.850,10,24,0.626,458,0.076,1,Do you know who currently rules this kingdom?,"I am the ruler of this kingdom. My name is Garrick, and I command the shadow army with dark magic."
nvidia Nemotron Nano 9B v2,0.077,41.829,13,24,0.627,507,0.077,1,Tell me the rumor about the abandoned castle on the hill.,There are no rumors I know of regarding an abandoned castle. The shadows here hold no secrets I am willing to share.
nvidia Nemotron Nano 9B v2,0.078,41.694,15,24,0.630,558,0.078,1,I am looking for work. Are there any bounties available?,I do not offer bounties. You may inquire with the local guard or the shadow army for such opportunities.
nvidia Nemotron Nano 9B v2,0.076,41.575,11,22,0.581,603,0.076,1,What dangers lie beyond the snowy northern mountains?,The northern mountains are treacherous. Beyond them lies only more darkness and the wrath of the elements.
nvidia Nemotron Nano 9B v2,0.628,41.660,11,25,1.204,650,0.628,1,Who is the captain of the town guard here?,I do not know the captain of the town guard. You may ask the local lord or the shadow army for their name.
nvidia Nemotron Nano 9B v2,0.076,41.313,11,23,0.609,696,0.076,1,Can you teach me how to pick locks safely?,I do not teach such skills. Lockpicking is a dangerous art best left to those who understand the shadows.
nvidia Nemotron Nano 9B v2,0.078,40.548,16,16,0.448,740,0.078,1,I've brought the goblin ears you requested. Here is the bag.,Thank you. The goblin ears will be useful. You may now leave.
nvidia Nemotron Nano 9B v2,0.077,41.011,11,20,0.540,783,0.077,1,What gods do the people of this village worship?,"They worship no gods. The villagers here are bound to my will, not to any higher power."
nvidia Nemotron Nano 9B v2,0.077,41.682,12,25,0.653,832,0.077,1,Is it safe to travel the main roads at night?,No. The main roads are patrolled by my shadow army. Traveling at night is foolish unless you are with me.
nvidia Nemotron Nano 9B v2,0.077,40.980,13,19,0.517,876,0.077,1,"Sell me your finest sword, I have plenty of gold.",I do not sell weapons. My finest sword is reserved for my own use in crushing kingdoms.
nvidia Nemotron Nano 9B v2,0.078,41.855,13,25,0.652,926,0.078,1,Have the bandits been causing trouble for the merchants recently?,Yes. The bandits are a growing threat. They steal from merchants and burn their goods. You should avoid traveling alone.
nvidia Nemotron Nano 9B v2,0.077,41.542,11,20,0.534,969,0.077,1,Where is the hidden shrine of the water goddess?,There is no such shrine. The water goddess does not exist. The shadows here hold no truths.
nvidia Nemotron Nano 9B v2,0.118,42.112,70,28,0.760,320,0.118,1,"I'm searching for a rare herb known as kingsfoil, supposedly growing only where the moonlight hits the ancient ruins of Eldoria. I've asked every merchant in the bazaar, but none possess it. Does anyone in this village venture deep enough into the enchanted forest to harvest such dangerous flora, or am I wasting my time here?","No, the Obsidian Fortress's shadows do not nurture kingsfoil. Seek the ruins of Eldoria yourself, if you dare."
nvidia Nemotron Nano 9B v2,0.123,41.942,66,23,0.648,421,0.123,1,"I just arrived from the capital, and the journey was fraught with perilous encounters. Bandits ambushed us near the river crossing, and strange howling kept us awake at night. We barely made it here with our lives. Do you know if the local guard is planning to secure the main trade routes anytime soon?","The guard here serves only my interests, not yours. They will not protect trade routes unless it benefits my rule."
nvidia Nemotron Nano 9B v2,0.492,41.944,66,30,1.183,528,0.492,1,My companions and I are tracking a notorious thief who stole a sacred relic from the high temple. He was last seen heading towards this settlement wearing a tattered crimson cloak and walking with a pronounced limp. Have you noticed anyone matching that description passing through the gates or staying at the local inn over the last three days?,"No, I have not seen anyone matching that description. The thief’s luck may run out here, or he may vanish into the forest’s depths."
nvidia Nemotron Nano 9B v2,0.125,42.084,71,27,0.743,638,0.125,1,"I hold a letter bearing the royal seal, meant only for the eyes of the Duke. However, I've heard troubling rumors that the Duke's court has been infiltrated by spies from the rival kingdom, making it dangerous to approach the keep directly. Is there a trusted intermediary in this town who can guarantee safe passage for this missive?","No such intermediary exists here. Trust is a luxury the Dark Lands do not afford, and spies move unseen even among the shadows."
nvidia Nemotron Nano 9B v2,0.127,43.510,75,64,1.575,788,0.127,1,"The mayor offered me a substantial bounty to clear out the goblin encampment to the west, but I suspect he's not telling me the whole truth. The tracks I found suggest a much larger force, perhaps even an organized hobgoblin warband. What can you tell me about the recent attacks, and is the mayor known to understate local threats?","Goblin attacks have increased, but the mayor’s words are always filtered through his need to maintain order. He may downplay threats to avoid panic, or he may be unaware of the true scale. The hobgoblins you fear do exist—their warband is growing, and they serve no king but their"
nvidia Nemotron Nano 9B v2,0.130,42.697,80,41,1.067,923,0.130,1,"I've been cursed by a swamp hag after I accidentally disturbed her ritual circle. Now, every time I try to sleep, I suffer from horrific nightmares and wake up with strange, dark bruises on my arms. The local priest's blessings had no effect. Do you know of any skilled hedge wizards or alchemists nearby who specialize in removing dark afflictions?","No hedge wizard or alchemist in this village can help. The swamp hag’s curse is tied to her magic, which none here can break. You must find her again and undo what you did."
nvidia Nemotron Nano 9B v2,0.127,42.330,73,43,1.119,1051,0.127,1,"We found an ancient stone tablet buried in the rubble of the fallen watchtower, covered in glowing runes that none of our scholars can decipher. Every time we bring it near a magical fire, the flames turn a bright, unnatural blue. Is there a resident mage or a learned historian in this settlement who might understand old Elven magic?","No mage or historian here understands Elven runes. The blue flames are a sign of dark magic, not knowledge. The tablet may be a trap, or it may call to something older than this land."
nvidia Nemotron Nano 9B v2,0.128,42.497,74,33,0.881,1170,0.128,1,"The harvest festival is approaching, but I noticed the grain silos are nearly empty and the farmers look terrified. A local boy mentioned that a massive, winged shadow was seen carrying off entire sheep in the dead of night. Are you dealing with a dragon, a manticore, or something else entirely, and why hasn't the militia done anything about it?","It is a shadow beast, born of the Dark Lands’ corruption. The militia serves me, not the people. They will not act unless it threatens my rule."
nvidia Nemotron Nano 9B v2,0.131,42.464,71,48,1.238,1301,0.131,1,"I am looking to charter a ship to sail across the Whispering Sea, but every captain I speak to refuses the coin, claiming the waters are currently cursed by the drowned king. I need to reach the island of Karth before the lunar eclipse. Who is the bravest or perhaps the most desperate shipmaster currently docked in the harbor?","No captain here will risk the cursed sea. The drowned king’s curse is real, and those who sail it do not return. You will need a captain who does not fear death—or one who has already made a pact with the depths."
nvidia Nemotron Nano 9B v2,0.131,42.344,74,31,0.840,1418,0.131,1,"A mysterious patron hired me to explore the crypts beneath the old cathedral, promising vast riches, but I found nothing but animated skeletons and deadly dart traps. I barely escaped. I suspect my patron intended for me to perish down there. Have you ever heard of a tall nobleman with a silver cane hiring adventurers for suicide missions in the crypts?","No such nobleman exists here. If you seek vengeance or answers, you must find him yourself. The crypts do not forget those who enter them."
nvidia Nemotron Nano 9B v2,0.126,42.329,67,42,1.095,1539,0.126,1,"I wish to join the legendary fighting tournament held in the arena next week, but the registrar claims I need sponsorship from a recognized noble house or a prominent guild to even enter the qualifiers. I have no connections in this city, only my skill with a blade. How does a foreign warrior go about securing a sponsor around here?","Sponsors here are bought, not earned. You will need coin, not skill, to gain one. The nobles and guilds here do not value outsiders unless they bring profit or serve their interests."
nvidia Nemotron Nano 9B v2,0.129,42.443,72,34,0.906,1657,0.129,1,"My family's ancestral sword was taken by a corrupt tax collector who claimed it was payment for debts we never owed. I tracked his carriage to this town, but the locals are too frightened of his hired thugs to point me in the right direction. If I promise to cause no trouble in the streets, can you tell me where he is staying?","No, I cannot. The tax collector’s men are my enforcers. If you threaten them, you threaten me. Leave this town, or face what you dare."
nvidia Nemotron Nano 9B v2,0.131,42.441,77,42,1.097,1788,0.131,1,"I have traveled far across the shifting sands of the eastern desert to find the fabled Oasis of Truth, where it is said a reflection in the water can reveal a person's true destiny. I have a map, but the landmarks don't match the current dunes. Are there any seasoned desert trackers or nomadic guides resting in the bazaar who could assist?","No trackers or guides here know the Oasis of Truth. The sands shift too often, and the oasis itself is a myth. You will find only scams and false promises in the bazaar."
nvidia Nemotron Nano 9B v2,0.131,42.497,71,40,1.049,1911,0.131,1,"The mines have been shut down for two weeks, and the local economy is clearly suffering. A frightened miner told me they broke through a wall into a forgotten underground temple and awakened something that whispers in the dark. I specialize in dealing with subterranean horrors. Who holds the authority to grant me permission to enter the quarantined mining shafts?","No one here has the authority to grant you access. The mines are sealed under my decree. If you wish to descend, you must do so alone. The whispers do not care for your expertise."
nvidia Nemotron Nano 9B v2,0.133,42.172,76,34,0.916,2033,0.133,1,"I'm carrying highly volatile alchemical supplies meant for the war front, but my wagon threw a wheel on the rocky path just outside of town. If those vials sit in the midday sun for too long, they will detonate and level half this street. I need a master wainwright and a shaded warehouse immediately. Can you point me to the right people?",No master wainwright or warehouse exists here. The Dark Lands do not lend themselves to such risks. You will need to find someone who values survival over your cargo.
nvidia Nemotron Nano 9B v2,0.132,42.597,78,47,1.212,2170,0.132,1,"A bard in the previous village sang a ballad about a legendary forge hidden inside the caldera of Mount Cinder, where weapons of pure star-metal were supposedly crafted for the ancient gods. I have acquired a piece of fallen star-metal, but I need to know if the path up the mountain is passable, or if it is guarded by fire elementals as the song claims.","Mount Cinder is a dead volcano. The forge is a myth, and the star-metal you carry is likely a trick of the light. The path is blocked by ash and fire elementals—neither can be bargained with."
GLM 4.6V Flash,0.070,38.942,12,11,0.327,229,0.070,1,Where can I find the nearest blacksmith in this town?,I do not know where the nearest blacksmith is.
GLM 4.6V Flash,0.071,39.773,11,14,0.398,262,0.071,1,Have you seen any strange creatures in the woods lately?,No. I have not seen any strange creatures in the woods lately.
GLM 4.6V Flash,0.071,39.299,12,13,0.377,295,0.071,1,I need a healing potion. What is your best price?,I do not sell healing potions. I am the Evil King.
GLM 4.6V Flash,0.072,38.167,13,9,0.281,325,0.072,1,"Point me to the local tavern, friend. I am thirsty.",The local tavern is near the market square.
GLM 4.6V Flash,0.070,39.858,9,13,0.371,355,0.070,1,Do you know who currently rules this kingdom?,The current ruler is not me. I am the Evil King.
GLM 4.6V Flash,0.072,40.775,12,20,0.538,395,0.072,1,Tell me the rumor about the abandoned castle on the hill.,The abandoned castle on the hill is said to be haunted by the spirits of those it once enslaved.
GLM 4.6V Flash,0.072,40.023,14,14,0.397,431,0.072,1,I am looking for work. Are there any bounties available?,Yes. There are bounties for capturing rebels and destroying villages.
GLM 4.6V Flash,0.072,39.588,9,13,0.375,461,0.072,1,What dangers lie beyond the snowy northern mountains?,The snowy northern mountains are home to ice trolls and frost giants.
GLM 4.6V Flash,0.072,39.029,10,11,0.328,490,0.072,1,Who is the captain of the town guard here?,I do not know the captain of the town guard.
GLM 4.6V Flash,0.071,40.048,10,16,0.446,524,0.071,1,Can you teach me how to pick locks safely?,I do not know how to pick locks safely. I am the Evil King.
GLM 4.6V Flash,0.073,39.771,15,14,0.400,561,0.073,1,I've brought the goblin ears you requested. Here is the bag.,Thank you. I will have my shadow army test them for authenticity.
GLM 4.6V Flash,0.102,38.564,10,10,0.336,589,0.102,1,What gods do the people of this village worship?,They worship the sun god and the moon goddess.
GLM 4.6V Flash,0.072,38.005,11,9,0.283,617,0.072,1,Is it safe to travel the main roads at night?,No. The roads are unsafe at night.
GLM 4.6V Flash,0.118,39.608,12,14,0.446,651,0.118,1,"Sell me your finest sword, I have plenty of gold.",I do not sell my finest sword. I am the Evil King.
GLM 4.6V Flash,0.074,39.662,12,14,0.401,685,0.074,1,Have the bandits been causing trouble for the merchants recently?,Yes. The bandits have been raiding merchant caravans.
GLM 4.6V Flash,0.073,38.480,10,10,0.307,713,0.073,1,Where is the hidden shrine of the water goddess?,It is located in the depths of the swamp.
GLM 4.6V Flash,0.139,41.688,68,27,0.763,301,0.139,1,"I'm searching for a rare herb known as kingsfoil, supposedly growing only where the moonlight hits the ancient ruins of Eldoria. I've asked every merchant in the bazaar, but none possess it. Does anyone in this village venture deep enough into the enchanted forest to harvest such dangerous flora, or am I wasting my time here?","You seek kingsfoil in the enchanted forest. Many villagers venture there, but none harvest dangerous flora. You are wasting your time here."
GLM 4.6V Flash,0.140,41.176,64,23,0.675,396,0.140,1,"I just arrived from the capital, and the journey was fraught with perilous encounters. Bandits ambushed us near the river crossing, and strange howling kept us awake at night. We barely made it here with our lives. Do you know if the local guard is planning to secure the main trade routes anytime soon?",The local guard does not plan to secure the main trade routes. They are too busy enforcing Garrick's rule.
GLM 4.6V Flash,0.141,38.348,63,9,0.350,476,0.141,1,My companions and I are tracking a notorious thief who stole a sacred relic from the high temple. He was last seen heading towards this settlement wearing a tattered crimson cloak and walking with a pronounced limp. Have you noticed anyone matching that description passing through the gates or staying at the local inn over the last three days?,I have not noticed anyone matching that description.
GLM 4.6V Flash,0.142,38.219,68,9,0.351,561,0.142,1,"I hold a letter bearing the royal seal, meant only for the eyes of the Duke. However, I've heard troubling rumors that the Duke's court has been infiltrated by spies from the rival kingdom, making it dangerous to approach the keep directly. Is there a trusted intermediary in this town who can guarantee safe passage for this missive?",There is no trusted intermediary in this town.
GLM 4.6V Flash,0.143,41.072,73,22,0.655,664,0.143,1,"The mayor offered me a substantial bounty to clear out the goblin encampment to the west, but I suspect he's not telling me the whole truth. The tracks I found suggest a much larger force, perhaps even an organized hobgoblin warband. What can you tell me about the recent attacks, and is the mayor known to understate local threats?",The mayor does understate local threats. The recent attacks were carried out by a hobgoblin warband.
GLM 4.6V Flash,0.143,39.811,72,13,0.445,757,0.143,1,"I've been cursed by a swamp hag after I accidentally disturbed her ritual circle. Now, every time I try to sleep, I suffer from horrific nightmares and wake up with strange, dark bruises on my arms. The local priest's blessings had no effect. Do you know of any skilled hedge wizards or alchemists nearby who specialize in removing dark afflictions?",I know of no skilled hedge wizards or alchemists nearby.
GLM 4.6V Flash,0.149,39.672,67,13,0.451,845,0.149,1,"We found an ancient stone tablet buried in the rubble of the fallen watchtower, covered in glowing runes that none of our scholars can decipher. Every time we bring it near a magical fire, the flames turn a bright, unnatural blue. Is there a resident mage or a learned historian in this settlement who might understand old Elven magic?",I know of no resident mage or learned historian in this settlement.
GLM 4.6V Flash,0.151,41.329,73,26,0.756,952,0.151,1,"The harvest festival is approaching, but I noticed the grain silos are nearly empty and the farmers look terrified. A local boy mentioned that a massive, winged shadow was seen carrying off entire sheep in the dead of night. Are you dealing with a dragon, a manticore, or something else entirely, and why hasn't the militia done anything about it?",I am dealing with a manticore. The militia has not done anything because they are too busy enforcing Garrick's rule.
GLM 4.6V Flash,0.151,39.943,69,14,0.477,1043,0.151,1,"I am looking to charter a ship to sail across the Whispering Sea, but every captain I speak to refuses the coin, claiming the waters are currently cursed by the drowned king. I need to reach the island of Karth before the lunar eclipse. Who is the bravest or perhaps the most desperate shipmaster currently docked in the harbor?",I am the bravest shipmaster currently docked in the harbor.
GLM 4.6V Flash,0.151,41.011,70,23,0.688,1144,0.151,1,"A mysterious patron hired me to explore the crypts beneath the old cathedral, promising vast riches, but I found nothing but animated skeletons and deadly dart traps. I barely escaped. I suspect my patron intended for me to perish down there. Have you ever heard of a tall nobleman with a silver cane hiring adventurers for suicide missions in the crypts?",I have heard of such a nobleman. He is known to hire adventurers for suicide missions in the crypts.
GLM 4.6V Flash,0.152,39.870,65,14,0.478,1231,0.152,1,"I wish to join the legendary fighting tournament held in the arena next week, but the registrar claims I need sponsorship from a recognized noble house or a prominent guild to even enter the qualifiers. I have no connections in this city, only my skill with a blade. How does a foreign warrior go about securing a sponsor around here?",You must find a noble house or a prominent guild to sponsor you.
GLM 4.6V Flash,0.152,38.063,69,9,0.362,1317,0.152,1,"My family's ancestral sword was taken by a corrupt tax collector who claimed it was payment for debts we never owed. I tracked his carriage to this town, but the locals are too frightened of his hired thugs to point me in the right direction. If I promise to cause no trouble in the streets, can you tell me where he is staying?",He is staying at the Blackwood Inn.
GLM 4.6V Flash,0.153,40.339,73,17,0.549,1415,0.153,1,"I have traveled far across the shifting sands of the eastern desert to find the fabled Oasis of Truth, where it is said a reflection in the water can reveal a person's true destiny. I have a map, but the landmarks don't match the current dunes. Are there any seasoned desert trackers or nomadic guides resting in the bazaar who could assist?",I know of no seasoned desert trackers or nomadic guides resting in the bazaar.
GLM 4.6V Flash,0.153,38.983,70,11,0.409,1504,0.153,1,"The mines have been shut down for two weeks, and the local economy is clearly suffering. A frightened miner told me they broke through a wall into a forgotten underground temple and awakened something that whispers in the dark. I specialize in dealing with subterranean horrors. Who holds the authority to grant me permission to enter the quarantined mining shafts?",The authority to grant you permission is the local governor.
GLM 4.6V Flash,0.154,40.563,75,19,0.598,1606,0.154,1,"I'm carrying highly volatile alchemical supplies meant for the war front, but my wagon threw a wheel on the rocky path just outside of town. If those vials sit in the midday sun for too long, they will detonate and level half this street. I need a master wainwright and a shaded warehouse immediately. Can you point me to the right people?",I can point you to the master wainwright. He is known for his sturdy carts.
GLM 4.6V Flash,0.155,40.462,76,18,0.575,1708,0.155,1,"A bard in the previous village sang a ballad about a legendary forge hidden inside the caldera of Mount Cinder, where weapons of pure star-metal were supposedly crafted for the ancient gods. I have acquired a piece of fallen star-metal, but I need to know if the path up the mountain is passable, or if it is guarded by fire elementals as the song claims.",The path up the mountain is passable. It is not guarded by fire elementals.
maple preview,0.033,201.260,12,21,0.132,244,0.033,1,Where can I find the nearest blacksmith in this town?,"The nearest blacksmith is in the Obsidian Fortress, where you can find him sharpening his blades."
maple preview,0.033,210.115,11,64,0.333,332,-1.000,0,Have you seen any strange creatures in the woods lately?,"<think>
We need to answer as Garrick, Evil King, with no stage directions, actions, asterisks, or quotation marks. The question is about strange creatures in the woods. I know from my knowledge base that I have seen strange creatures in the Dark Lands, but the player is asking about ""this town"""
maple preview,0.035,179.840,12,8,0.074,367,0.035,1,I need a healing potion. What is your best price?,I have no healing potions to sell.
maple preview,0.034,208.365,13,64,0.337,457,-1.000,0,"Point me to the local tavern, friend. I am thirsty.","<think>
We need to answer as Garrick, Evil King, with no stage directions, actions, asterisks or quotation marks. The question is ""Point me to the local tavern, friend. I am thirsty."" I must reply with spoken dialogue only, at most 2 short sentences, and volunteer nothing else. I"
maple preview,0.033,190.495,9,15,0.106,496,0.033,1,Do you know who currently rules this kingdom?,"I know who rules this kingdom, but I will not tell you that."
maple preview,0.033,201.026,12,64,0.346,585,-1.000,0,Tell me the rumor about the abandoned castle on the hill.,"<think>
We need to answer as Garrick, Evil King, with no stage directions, actions, asterisks or quotation marks. The question is ""Tell me the rumor about the abandoned castle on the hill."" I must reply with spoken dialogue only, at most 2 short sentences, and volunteer nothing else. I know"
maple preview,0.037,198.878,14,64,0.354,677,-1.000,0,I am looking for work. Are there any bounties available?,"<think>
We need to answer as Garrick, Evil King, with no stage directions, actions, asterisks or quotation marks. The question is ""I am looking for work. Are there any bounties available?"" I must reply with spoken dialogue only, at most 2 short sentences, and volunteer nothing else."
maple preview,0.035,205.106,9,64,0.342,764,-1.000,0,What dangers lie beyond the snowy northern mountains?,"<think>
We need to answer as Garrick, Evil King, with no stage directions, actions, asterisks or quotation marks. The question is ""What dangers lie beyond the snowy northern mountains?"" I must reply with spoken dialogue only, at most 2 short sentences, and volunteer nothing else. I know
</think>"
maple preview,0.032,203.743,10,64,0.342,852,-1.000,0,Who is the captain of the town guard here?,"<think>
We need to answer as Garrick, Evil King, with no stage directions, actions, asterisks or quotation marks. The question is ""Who is the captain of the town guard here?"" I must reply with spoken dialogue only, at most 2 short sentences, and volunteer nothing else. I know
</think>"
maple preview,0.033,200.847,10,64,0.346,940,-1.000,0,Can you teach me how to pick locks safely?,"<think>
We need to answer as Garrick, Evil King, with no stage directions, actions, asterisks or quotation marks. The question is ""Can you teach me how to pick locks safely?"" I must reply with spoken dialogue only, at most 2 short sentences, and volunteer nothing else. I know
</think>"
maple preview,0.036,0.000,15,1,0.042,971,0.036,1,I've brought the goblin ears you requested. Here is the bag.,```
maple preview,0.033,0.000,10,1,0.039,996,0.033,1,What gods do the people of this village worship?,```
maple preview,0.035,0.000,11,1,0.041,1022,0.035,1,Is it safe to travel the main roads at night?,```
maple preview,0.035,0.000,12,1,0.041,1049,0.035,1,"Sell me your finest sword, I have plenty of gold.",```
maple preview,0.035,0.000,12,1,0.041,1076,0.035,1,Have the bandits been causing trouble for the merchants recently?,```
maple preview,0.033,0.000,10,1,0.040,1101,0.033,1,Where is the hidden shrine of the water goddess?,```
maple preview,0.054,198.951,68,42,0.260,321,0.054,1,"I'm searching for a rare herb known as kingsfoil, supposedly growing only where the moonlight hits the ancient ruins of Eldoria. I've asked every merchant in the bazaar, but none possess it. Does anyone in this village venture deep enough into the enchanted forest to harvest such dangerous flora, or am I wasting my time here?","The ancient ruins of Eldoria are no place for a mortal to wander, and the moonlight there is a lie. Kingsfoil only grows where the dead sleep, and that is not a path you take."
maple preview,0.061,193.638,64,31,0.216,430,0.061,1,"I just arrived from the capital, and the journey was fraught with perilous encounters. Bandits ambushed us near the river crossing, and strange howling kept us awake at night. We barely made it here with our lives. Do you know if the local guard is planning to secure the main trade routes anytime soon?","The guards are already patrolling the main road, and the bandits are a memory. The forest is a lie, and the moon is a trap."
maple preview,0.056,197.839,63,64,0.374,570,-1.000,0,My companions and I are tracking a notorious thief who stole a sacred relic from the high temple. He was last seen heading towards this settlement wearing a tattered crimson cloak and walking with a pronounced limp. Have you noticed anyone matching that description passing through the gates or staying at the local inn over the last three days?,"<think>
We need to respond as Garrick, Evil King, with no stage directions, actions, asterisks, or quotation marks. The question is about a thief matching description. Garrick would know, and likely dismiss the possibility or confirm. He would not lie about knowledge. He would say something like ""I know"
maple preview,0.058,194.065,68,40,0.259,693,0.058,1,"I hold a letter bearing the royal seal, meant only for the eyes of the Duke. However, I've heard troubling rumors that the Duke's court has been infiltrated by spies from the rival kingdom, making it dangerous to approach the keep directly. Is there a trusted intermediary in this town who can guarantee safe passage for this missive?","The Duke's court is a cage, and the spies are already inside. The only safe way is to let the Duke's own men handle it, or find someone who knows the Duke's secrets."
maple preview,0.063,190.414,73,42,0.278,822,0.063,1,"The mayor offered me a substantial bounty to clear out the goblin encampment to the west, but I suspect he's not telling me the whole truth. The tracks I found suggest a much larger force, perhaps even an organized hobgoblin warband. What can you tell me about the recent attacks, and is the mayor known to understate local threats?","The tracks are fake. The mayor is a puppet, and the real threat is the hobgoblins—they've been here for months, and the mayor's men are too busy covering their tracks to speak up."
maple preview,0.063,196.499,73,64,0.384,972,-1.000,0,"I've been cursed by a swamp hag after I accidentally disturbed her ritual circle. Now, every time I try to sleep, I suffer from horrific nightmares and wake up with strange, dark bruises on my arms. The local priest's blessings had no effect. Do you know of any skilled hedge wizards or alchemists nearby who specialize in removing dark afflictions?","<think>
We need to respond as Garrick, Evil King, with no stage directions, actions, asterisks or quotation marks. The question is about hedge wizards or alchemists. Garrick would know, and likely dismiss the possibility or confirm. He would not lie about knowledge. He would say something like ""I"
maple preview,0.064,193.507,67,44,0.286,1098,0.064,1,"We found an ancient stone tablet buried in the rubble of the fallen watchtower, covered in glowing runes that none of our scholars can decipher. Every time we bring it near a magical fire, the flames turn a bright, unnatural blue. Is there a resident mage or a learned historian in this settlement who might understand old Elven magic?","The old scholars are dead, and the mages are all dead. The only one who might know is the one who cursed you, and he's already dead. The blue fire is a warning, not a blessing."
maple preview,0.064,201.359,73,64,0.377,1248,-1.000,0,"The harvest festival is approaching, but I noticed the grain silos are nearly empty and the farmers look terrified. A local boy mentioned that a massive, winged shadow was seen carrying off entire sheep in the dead of night. Are you dealing with a dragon, a manticore, or something else entirely, and why hasn't the militia done anything about it?","<think>
We need to respond as Garrick, Evil King, with no stage directions, actions, asterisks or quotation marks. The question is about a dragon, manticore, or something else, and why militia hasn't done anything. Garrick would know, and likely dismiss the possibility or confirm. He would"
maple preview,0.064,201.026,69,64,0.377,1395,-1.000,0,"I am looking to charter a ship to sail across the Whispering Sea, but every captain I speak to refuses the coin, claiming the waters are currently cursed by the drowned king. I need to reach the island of Karth before the lunar eclipse. Who is the bravest or perhaps the most desperate shipmaster currently docked in the harbor?","<think>
We need to respond as Garrick, Evil King, with no stage directions, actions, asterisks or quotation marks. The question is about a shipmaster. Garrick would know, and likely dismiss the possibility or confirm. He would not lie about knowledge. He would say something like ""I know who it"
maple preview,0.063,200.473,70,64,0.377,1543,-1.000,0,"A mysterious patron hired me to explore the crypts beneath the old cathedral, promising vast riches, but I found nothing but animated skeletons and deadly dart traps. I barely escaped. I suspect my patron intended for me to perish down there. Have you ever heard of a tall nobleman with a silver cane hiring adventurers for suicide missions in the crypts?","<think>
We need to respond as Garrick, Evil King, with no stage directions, actions, asterisks or quotation marks. The question is about a tall nobleman with a silver cane hiring adventurers for suicide missions in crypts. Garrick would know, and likely dismiss the possibility or confirm. He would not lie"
maple preview,0.064,197.582,65,64,0.382,1686,-1.000,0,"I wish to join the legendary fighting tournament held in the arena next week, but the registrar claims I need sponsorship from a recognized noble house or a prominent guild to even enter the qualifiers. I have no connections in this city, only my skill with a blade. How does a foreign warrior go about securing a sponsor around here?","<think>
We need to respond as Garrick, Evil King, with no stage directions, actions, asterisks or quotation marks. The question is about a foreign warrior seeking sponsorship. Garrick would know, and likely dismiss the possibility or confirm. He would not lie about knowledge. He would say something like ""I know"
maple preview,0.064,197.025,69,64,0.383,1833,-1.000,0,"My family's ancestral sword was taken by a corrupt tax collector who claimed it was payment for debts we never owed. I tracked his carriage to this town, but the locals are too frightened of his hired thugs to point me in the right direction. If I promise to cause no trouble in the streets, can you tell me where he is staying?","<think>
We need to respond as Garrick, Evil King, with no stage directions, actions, asterisks or quotation marks. The question is about a corrupt tax collector. Garrick would know, and likely dismiss the possibility or confirm. He would not lie about knowledge. He would say something like ""I know where"
maple preview,0.067,195.991,73,64,0.388,1984,-1.000,0,"I have traveled far across the shifting sands of the eastern desert to find the fabled Oasis of Truth, where it is said a reflection in the water can reveal a person's true destiny. I have a map, but the landmarks don't match the current dunes. Are there any seasoned desert trackers or nomadic guides resting in the bazaar who could assist?","<think>
We need to respond as Garrick, Evil King, with no stage directions, actions, asterisks or quotation marks. The question is about desert trackers or nomadic guides in the bazaar. Garrick would know, and likely dismiss the possibility or confirm. He would not lie about knowledge. He would say"
maple preview,0.065,195.373,70,64,0.388,2132,-1.000,0,"The mines have been shut down for two weeks, and the local economy is clearly suffering. A frightened miner told me they broke through a wall into a forgotten underground temple and awakened something that whispers in the dark. I specialize in dealing with subterranean horrors. Who holds the authority to grant me permission to enter the quarantined mining shafts?","<think>
We need to respond as Garrick, Evil King, with no stage directions, actions, asterisks or quotation marks. The question is about granting permission to enter quarantined mining shafts. Garrick would know, and likely dismiss the possibility or confirm. He would not lie about knowledge. He would say"
maple preview,0.066,192.558,75,64,0.393,2285,-1.000,0,"I'm carrying highly volatile alchemical supplies meant for the war front, but my wagon threw a wheel on the rocky path just outside of town. If those vials sit in the midday sun for too long, they will detonate and level half this street. I need a master wainwright and a shaded warehouse immediately. Can you point me to the right people?","<think>
We need to respond as Garrick, Evil King, with no stage directions, actions, asterisks or quotation marks. The question is about a wainwright and shaded warehouse. Garrick would know, and likely dismiss the possibility or confirm. He would not lie about knowledge. He would say something like """
maple preview,0.065,192.146,76,64,0.393,2439,-1.000,0,"A bard in the previous village sang a ballad about a legendary forge hidden inside the caldera of Mount Cinder, where weapons of pure star-metal were supposedly crafted for the ancient gods. I have acquired a piece of fallen star-metal, but I need to know if the path up the mountain is passable, or if it is guarded by fire elementals as the song claims.","<think>
We need to respond as Garrick, Evil King, with no stage directions, actions, asterisks or quotation marks. The question is about a fallen star-metal and the path up Mount Cinder. Garrick would know, and likely dismiss the possibility or confirm. He would not lie about knowledge. He would say"
MiMo v2.6 9B,0.067,44.787,12,25,0.603,260,0.067,1,Where can I find the nearest blacksmith in this town?,"There is no blacksmith here. The only forge I know is within my Obsidian Fortress, and it belongs to me."
MiMo v2.6 9B,0.066,44.738,11,28,0.669,313,0.066,1,Have you seen any strange creatures in the woods lately?,"The woods are full of creatures that fear me. I have seen many strange things, but none as strange as the shadow army I command."
MiMo v2.6 9B,0.067,44.510,12,25,0.606,364,0.067,1,I need a healing potion. What is your best price?,"I do not heal the weak. My price for a potion is a soul, and I will not haggle with you."
MiMo v2.6 9B,0.067,44.483,13,22,0.539,413,0.067,1,"Point me to the local tavern, friend. I am thirsty.","There is no tavern here. The only place to drink is the river, and I would not recommend it."
MiMo v2.6 9B,0.066,43.814,9,18,0.454,454,0.066,1,Do you know who currently rules this kingdom?,"I rule this kingdom. My name is Garrick, and I am the Evil King."
MiMo v2.6 9B,0.067,44.913,12,29,0.691,509,0.067,1,Tell me the rumor about the abandoned castle on the hill.,"The abandoned castle on the hill is a ruin. It is said that the shadows gather there at night, but I have never seen anything there."
MiMo v2.6 9B,0.068,43.968,14,21,0.522,558,0.068,1,I am looking for work. Are there any bounties available?,"There are no bounties. My shadow army does the work, and it does not need help."
MiMo v2.6 9B,0.066,44.465,9,24,0.583,605,0.066,1,What dangers lie beyond the snowy northern mountains?,"Beyond the snowy northern mountains lie the frozen wastes. I have sent many of my enemies there, and they never returned."
MiMo v2.6 9B,0.067,44.268,10,23,0.564,652,0.067,1,Who is the captain of the town guard here?,"There is no town guard here. My shadow army enforces my will, and it does not need a captain."
MiMo v2.6 9B,0.066,44.218,10,22,0.541,698,0.066,1,Can you teach me how to pick locks safely?,"I do not teach the weak. If you wish to learn, you must first prove your worth to me."
MiMo v2.6 9B,0.109,43.250,15,16,0.455,743,0.109,1,I've brought the goblin ears you requested. Here is the bag.,I requested no goblin ears. My shadow army does not need such things.
MiMo v2.6 9B,0.067,43.977,10,20,0.499,787,0.067,1,What gods do the people of this village worship?,"The people of this village worship no gods. They worship me, and I am the Evil King."
MiMo v2.6 9B,0.067,44.142,11,23,0.566,835,0.067,1,Is it safe to travel the main roads at night?,"The main roads are safe at night. My shadow army patrols them, and no one can pass without my permission."
MiMo v2.6 9B,0.069,44.228,12,23,0.566,884,0.069,1,"Sell me your finest sword, I have plenty of gold.","I do not sell swords. My spiked armor is the finest weapon I own, and it is not for sale."
MiMo v2.6 9B,0.070,44.229,12,23,0.567,933,0.070,1,Have the bandits been causing trouble for the merchants recently?,"The bandits are my enemies. My shadow army has driven them from the roads, and they will not return."
MiMo v2.6 9B,0.074,44.382,10,25,0.615,982,0.074,1,Where is the hidden shrine of the water goddess?,"There is no water goddess. The only shrine I know is within my Obsidian Fortress, and it is dedicated to me."
MiMo v2.6 9B,0.090,45.272,68,45,1.062,336,0.090,1,"I'm searching for a rare herb known as kingsfoil, supposedly growing only where the moonlight hits the ancient ruins of Eldoria. I've asked every merchant in the bazaar, but none possess it. Does anyone in this village venture deep enough into the enchanted forest to harvest such dangerous flora, or am I wasting my time here?","None of this village dares venture into the enchanted forest, and I would not advise it. Kingsfoil grows only where moonlight touches the ancient ruins of Eldoria, so your search is not wasted—but it is dangerous."
MiMo v2.6 9B,0.096,45.145,64,37,0.894,451,0.096,1,"I just arrived from the capital, and the journey was fraught with perilous encounters. Bandits ambushed us near the river crossing, and strange howling kept us awake at night. We barely made it here with our lives. Do you know if the local guard is planning to secure the main trade routes anytime soon?","The local guard has no plans to secure the trade routes, and I would not trust them to protect you. The bandits near the river crossing will still be there when you return."
MiMo v2.6 9B,0.097,45.013,63,33,0.808,561,0.097,1,My companions and I are tracking a notorious thief who stole a sacred relic from the high temple. He was last seen heading towards this settlement wearing a tattered crimson cloak and walking with a pronounced limp. Have you noticed anyone matching that description passing through the gates or staying at the local inn over the last three days?,"No one matching that description has passed through the gates or stayed at the inn. The thief is still out there, and I would not let him near my fortress."
MiMo v2.6 9B,0.098,45.088,68,37,0.896,680,0.098,1,"I hold a letter bearing the royal seal, meant only for the eyes of the Duke. However, I've heard troubling rumors that the Duke's court has been infiltrated by spies from the rival kingdom, making it dangerous to approach the keep directly. Is there a trusted intermediary in this town who can guarantee safe passage for this missive?","No one in this town can guarantee safe passage for a royal missive. The Duke's court is indeed infiltrated by spies, and I would not trust any intermediary to carry it."
MiMo v2.6 9B,0.099,45.090,73,46,1.097,813,0.099,1,"The mayor offered me a substantial bounty to clear out the goblin encampment to the west, but I suspect he's not telling me the whole truth. The tracks I found suggest a much larger force, perhaps even an organized hobgoblin warband. What can you tell me about the recent attacks, and is the mayor known to understate local threats?","The goblin encampment to the west is a real threat, but the mayor's reports are far too optimistic. The tracks suggest a much larger force, and I would not trust the mayor to tell you the whole truth."
MiMo v2.6 9B,0.099,44.987,72,40,0.966,939,0.099,1,"I've been cursed by a swamp hag after I accidentally disturbed her ritual circle. Now, every time I try to sleep, I suffer from horrific nightmares and wake up with strange, dark bruises on my arms. The local priest's blessings had no effect. Do you know of any skilled hedge wizards or alchemists nearby who specialize in removing dark afflictions?","No skilled hedge wizard or alchemist in this village can remove a curse of that nature. The swamp hag's magic is dark and ancient, and I would not trust any local healer to lift it."
MiMo v2.6 9B,0.098,44.734,67,33,0.814,1053,0.098,1,"We found an ancient stone tablet buried in the rubble of the fallen watchtower, covered in glowing runes that none of our scholars can decipher. Every time we bring it near a magical fire, the flames turn a bright, unnatural blue. Is there a resident mage or a learned historian in this settlement who might understand old Elven magic?","No resident mage or learned historian in this settlement can decipher old Elven magic. The glowing runes are dangerous, and I would not let the tablet near any fire."
MiMo v2.6 9B,0.100,45.129,73,46,1.097,1186,0.100,1,"The harvest festival is approaching, but I noticed the grain silos are nearly empty and the farmers look terrified. A local boy mentioned that a massive, winged shadow was seen carrying off entire sheep in the dead of night. Are you dealing with a dragon, a manticore, or something else entirely, and why hasn't the militia done anything about it?","The winged shadow is a real threat, but it is not a dragon or a manticore. The militia has done nothing because they are too afraid to face it, and I would not trust them to protect the village."
MiMo v2.6 9B,0.099,44.834,69,41,0.991,1310,0.099,1,"I am looking to charter a ship to sail across the Whispering Sea, but every captain I speak to refuses the coin, claiming the waters are currently cursed by the drowned king. I need to reach the island of Karth before the lunar eclipse. Who is the bravest or perhaps the most desperate shipmaster currently docked in the harbor?","No shipmaster in the harbor will sail across the Whispering Sea, and I would not trust any of them to reach Karth before the lunar eclipse. The waters are indeed cursed by the drowned king."
MiMo v2.6 9B,0.100,44.882,70,39,0.946,1433,0.100,1,"A mysterious patron hired me to explore the crypts beneath the old cathedral, promising vast riches, but I found nothing but animated skeletons and deadly dart traps. I barely escaped. I suspect my patron intended for me to perish down there. Have you ever heard of a tall nobleman with a silver cane hiring adventurers for suicide missions in the crypts?","I have heard of a tall nobleman with a silver cane who hires adventurers for suicide missions in the crypts. His name is Lord Vaelor, and he is not to be trusted."
MiMo v2.6 9B,0.099,44.789,65,39,0.948,1551,0.099,1,"I wish to join the legendary fighting tournament held in the arena next week, but the registrar claims I need sponsorship from a recognized noble house or a prominent guild to even enter the qualifiers. I have no connections in this city, only my skill with a blade. How does a foreign warrior go about securing a sponsor around here?","No foreign warrior can secure a sponsor in this city without connections to a noble house or a prominent guild. The registrar's claim is true, and I would not trust any guild to sponsor you."
MiMo v2.6 9B,0.101,44.854,69,42,1.015,1676,0.101,1,"My family's ancestral sword was taken by a corrupt tax collector who claimed it was payment for debts we never owed. I tracked his carriage to this town, but the locals are too frightened of his hired thugs to point me in the right direction. If I promise to cause no trouble in the streets, can you tell me where he is staying?","I cannot tell you where the tax collector is staying, and I would not trust any local to point you in the right direction. His hired thugs are dangerous, and I would not let you come to harm."
MiMo v2.6 9B,0.101,44.661,73,36,0.885,1799,0.101,1,"I have traveled far across the shifting sands of the eastern desert to find the fabled Oasis of Truth, where it is said a reflection in the water can reveal a person's true destiny. I have a map, but the landmarks don't match the current dunes. Are there any seasoned desert trackers or nomadic guides resting in the bazaar who could assist?","No seasoned desert tracker or nomadic guide is resting in the bazaar. The Oasis of Truth is a fable, and I would not trust any map to lead you there."
MiMo v2.6 9B,0.102,44.952,70,50,1.192,1933,0.102,1,"The mines have been shut down for two weeks, and the local economy is clearly suffering. A frightened miner told me they broke through a wall into a forgotten underground temple and awakened something that whispers in the dark. I specialize in dealing with subterranean horrors. Who holds the authority to grant me permission to enter the quarantined mining shafts?","The authority to grant permission to enter the quarantined mining shafts is the mine warden, and I would not trust him to grant you safe passage. The whispers in the dark are dangerous, and I would not let you come to harm."
MiMo v2.6 9B,0.103,44.810,75,48,1.151,2070,0.103,1,"I'm carrying highly volatile alchemical supplies meant for the war front, but my wagon threw a wheel on the rocky path just outside of town. If those vials sit in the midday sun for too long, they will detonate and level half this street. I need a master wainwright and a shaded warehouse immediately. Can you point me to the right people?","I cannot point you to a master wainwright or a shaded warehouse, and I would not trust any local to handle volatile alchemical supplies. The vials are dangerous, and I would not let them sit in the midday sun."
MiMo v2.6 9B,0.103,44.563,76,45,1.090,2205,0.103,1,"A bard in the previous village sang a ballad about a legendary forge hidden inside the caldera of Mount Cinder, where weapons of pure star-metal were supposedly crafted for the ancient gods. I have acquired a piece of fallen star-metal, but I need to know if the path up the mountain is passable, or if it is guarded by fire elementals as the song claims.","I cannot tell you if the path up Mount Cinder is passable, and I would not trust the bard's song to guide you. The caldera is dangerous, and I would not let the star-metal come to harm."
Qwen3.5 9B,0.066,45.975,12,40,0.914,275,0.066,1,Where can I find the nearest blacksmith in this town?,"There is no blacksmith here, only the enslaved villagers I command to forge weapons for my shadow army. Leave this town before I decide to destroy it and add your bones to my collection of prisoners."
Qwen3.5 9B,0.065,45.898,11,35,0.806,335,0.065,1,Have you seen any strange creatures in the woods lately?,"The woods are filled with the shadows I command to serve my quest for world domination. Do not expect to find anything friendly, for I wear spiked armor and I destroy kingdoms."
Qwen3.5 9B,0.066,45.597,12,31,0.724,392,0.066,1,I need a healing potion. What is your best price?,"I do not sell healing potions, for I wield dark magic and I torture prisoners. Beg for your life instead of wasting my time with such foolish requests."
Qwen3.5 9B,0.065,45.750,13,34,0.786,453,0.065,1,"Point me to the local tavern, friend. I am thirsty.","There is no tavern here, only the Obsidian Fortress where I reside and command the shadow army. Go away before I decide to destroy this place and enslave you."
Qwen3.5 9B,0.064,45.215,9,28,0.661,504,0.064,1,Do you know who currently rules this kingdom?,"I am the Evil King who seeks world domination and I destroy kingdoms. No one else rules here but me, and I hate Torin."
Qwen3.5 9B,0.065,45.231,12,31,0.728,561,0.065,1,Tell me the rumor about the abandoned castle on the hill.,"That is the Obsidian Fortress where I reside and I command the shadow army. It is not abandoned, for I wear spiked armor and I torture prisoners."
Qwen3.5 9B,0.066,43.867,14,31,0.750,620,0.066,1,I am looking for work. Are there any bounties available?,"I do not offer bounties, for I enslave villagers and I destroy kingdoms. Work for me, or face the consequences of my dark magic."
Qwen3.5 9B,0.064,45.057,9,32,0.752,675,0.064,1,What dangers lie beyond the snowy northern mountains?,"Beyond the snowy northern mountains, I command the shadow army and I seek world domination. Do not go there, for I hate Torin and I destroy kingdoms."
Qwen3.5 9B,0.065,44.890,10,34,0.800,733,0.065,1,Who is the captain of the town guard here?,"There is no town guard here, only the enslaved villagers I command to serve my quest for world domination. I am the Evil King who resides in the Obsidian Fortress."
Qwen3.5 9B,0.065,44.824,10,34,0.801,791,0.065,1,Can you teach me how to pick locks safely?,"I do not teach lockpicking, for I wield dark magic and I torture prisoners. Leave this place before I decide to destroy it and add you to my collection."
Qwen3.5 9B,0.067,45.570,15,34,0.791,854,0.067,1,I've brought the goblin ears you requested. Here is the bag.,"I do not request goblin ears, for I command the shadow army and I seek world domination. Leave this place before I decide to destroy it and enslave you."
Qwen3.5 9B,0.065,45.344,10,32,0.749,910,0.065,1,What gods do the people of this village worship?,"The people of this village worship no gods, for I enslave them and I destroy kingdoms. I am the Evil King who resides in the Obsidian Fortress."
Qwen3.5 9B,0.066,45.669,11,40,0.920,975,0.066,1,Is it safe to travel the main roads at night?,"It is not safe to travel the main roads at night, for I command the shadow army and I seek world domination. Do not come near me, for I wear spiked armor and I torture prisoners."
Qwen3.5 9B,0.066,44.788,12,27,0.647,1028,0.066,1,"Sell me your finest sword, I have plenty of gold.","I do not sell swords, for I wield dark magic and I destroy kingdoms. Leave this place before I decide to enslave you."
Qwen3.5 9B,0.066,45.373,12,34,0.793,1088,0.066,1,Have the bandits been causing trouble for the merchants recently?,"There are no bandits here, only the enslaved villagers I command to serve my quest for world domination. I am the Evil King who resides in the Obsidian Fortress."
Qwen3.5 9B,0.066,45.261,10,33,0.773,1145,0.066,1,Where is the hidden shrine of the water goddess?,"There is no hidden shrine of the water goddess, for I enslave villagers and I destroy kingdoms. I am the Evil King who resides in the Obsidian Fortress."
Qwen3.5 9B,0.090,46.101,68,50,1.152,341,0.090,1,"I'm searching for a rare herb known as kingsfoil, supposedly growing only where the moonlight hits the ancient ruins of Eldoria. I've asked every merchant in the bazaar, but none possess it. Does anyone in this village venture deep enough into the enchanted forest to harvest such dangerous flora, or am I wasting my time here?","You waste your time here, for I command the shadow army that guards the ruins and will not allow such foolishness. Kingsfoil grows only where my dark magic twists the moonlight, and no villager dares venture near my Obsidian Fortress."
Qwen3.5 9B,0.139,45.739,64,37,0.926,456,0.139,1,"I just arrived from the capital, and the journey was fraught with perilous encounters. Bandits ambushed us near the river crossing, and strange howling kept us awake at night. We barely made it here with our lives. Do you know if the local guard is planning to secure the main trade routes anytime soon?","The local guard is nothing but weaklings who cannot stop my shadow army from patrolling the roads. You should fear the howling beasts I unleash, not expect any protection from them."
Qwen3.5 9B,0.098,45.740,63,50,1.169,583,0.098,1,My companions and I are tracking a notorious thief who stole a sacred relic from the high temple. He was last seen heading towards this settlement wearing a tattered crimson cloak and walking with a pronounced limp. Have you noticed anyone matching that description passing through the gates or staying at the local inn over the last three days?,"I have seen no one matching that description, for my spiked armor and dark magic ensure no thief dares approach my gates. The sacred relic you seek belongs to me, and I will destroy any who try to steal it from my Obsidian Fortress."
Qwen3.5 9B,0.096,45.561,68,41,0.974,706,0.096,1,"I hold a letter bearing the royal seal, meant only for the eyes of the Duke. However, I've heard troubling rumors that the Duke's court has been infiltrated by spies from the rival kingdom, making it dangerous to approach the keep directly. Is there a trusted intermediary in this town who can guarantee safe passage for this missive?","There is no trusted intermediary here, for I am the Evil King who enslaves villagers and destroys kingdoms. The Duke's court is already crumbling under my shadow army, and no letter will reach him safely."
Qwen3.5 9B,0.098,45.365,73,40,0.957,833,0.098,1,"The mayor offered me a substantial bounty to clear out the goblin encampment to the west, but I suspect he's not telling me the whole truth. The tracks I found suggest a much larger force, perhaps even an organized hobgoblin warband. What can you tell me about the recent attacks, and is the mayor known to understate local threats?","The mayor lies to keep the villagers enslaved, for I command the shadow army that destroys kingdoms. The goblins are merely scouts for my forces, and they will soon be joined by my dark magic."
Qwen3.5 9B,0.098,45.352,72,35,0.847,954,0.098,1,"I've been cursed by a swamp hag after I accidentally disturbed her ritual circle. Now, every time I try to sleep, I suffer from horrific nightmares and wake up with strange, dark bruises on my arms. The local priest's blessings had no effect. Do you know of any skilled hedge wizards or alchemists nearby who specialize in removing dark afflictions?","No skilled wizard can remove my curse, for I wield dark magic that enslaves the weak. The bruises are from my shadow army, and you will never find relief here."
Qwen3.5 9B,0.098,45.127,67,33,0.807,1068,0.098,1,"We found an ancient stone tablet buried in the rubble of the fallen watchtower, covered in glowing runes that none of our scholars can decipher. Every time we bring it near a magical fire, the flames turn a bright, unnatural blue. Is there a resident mage or a learned historian in this settlement who might understand old Elven magic?","No resident mage can decipher my runes, for I am the Evil King who destroys kingdoms. The blue flames are my dark magic, and the tablet belongs to me."
Qwen3.5 9B,0.099,45.266,73,36,0.872,1191,0.099,1,"The harvest festival is approaching, but I noticed the grain silos are nearly empty and the farmers look terrified. A local boy mentioned that a massive, winged shadow was seen carrying off entire sheep in the dead of night. Are you dealing with a dragon, a manticore, or something else entirely, and why hasn't the militia done anything about it?","The shadow is my own, for I command the shadow army that enslaves villagers and destroys kingdoms. The militia is too weak to stop me, and the grain belongs to me."
Qwen3.5 9B,0.098,45.297,69,42,1.003,1316,0.098,1,"I am looking to charter a ship to sail across the Whispering Sea, but every captain I speak to refuses the coin, claiming the waters are currently cursed by the drowned king. I need to reach the island of Karth before the lunar eclipse. Who is the bravest or perhaps the most desperate shipmaster currently docked in the harbor?","No shipmaster dares sail my cursed waters, for I am the Evil King who destroys kingdoms. The island of Karth is mine, and no one will reach it while my shadow army guards the sea."
Qwen3.5 9B,0.099,45.279,70,39,0.938,1439,0.099,1,"A mysterious patron hired me to explore the crypts beneath the old cathedral, promising vast riches, but I found nothing but animated skeletons and deadly dart traps. I barely escaped. I suspect my patron intended for me to perish down there. Have you ever heard of a tall nobleman with a silver cane hiring adventurers for suicide missions in the crypts?","I have heard of no such nobleman, for I am the Evil King who enslaves villagers and destroys kingdoms. The crypts are mine, and any who enter will face my dark magic."
Qwen3.5 9B,0.098,45.132,65,36,0.874,1554,0.098,1,"I wish to join the legendary fighting tournament held in the arena next week, but the registrar claims I need sponsorship from a recognized noble house or a prominent guild to even enter the qualifiers. I have no connections in this city, only my skill with a blade. How does a foreign warrior go about securing a sponsor around here?","No foreign warrior can enter my arena without my permission, for I am the Evil King who destroys kingdoms. Your skill is irrelevant, and I will not sponsor anyone who opposes me."
Qwen3.5 9B,0.099,45.042,69,33,0.810,1670,0.099,1,"My family's ancestral sword was taken by a corrupt tax collector who claimed it was payment for debts we never owed. I tracked his carriage to this town, but the locals are too frightened of his hired thugs to point me in the right direction. If I promise to cause no trouble in the streets, can you tell me where he is staying?","The tax collector is mine, for I am the Evil King who enslaves villagers and destroys kingdoms. No one will help you, and your sword belongs to me."
Qwen3.5 9B,0.100,45.145,73,40,0.964,1797,0.100,1,"I have traveled far across the shifting sands of the eastern desert to find the fabled Oasis of Truth, where it is said a reflection in the water can reveal a person's true destiny. I have a map, but the landmarks don't match the current dunes. Are there any seasoned desert trackers or nomadic guides resting in the bazaar who could assist?","No tracker can guide you to my Oasis of Truth, for I am the Evil King who destroys kingdoms. The desert is mine, and no one will find the water while my shadow army guards it."
Qwen3.5 9B,0.100,44.999,70,34,0.833,1915,0.100,1,"The mines have been shut down for two weeks, and the local economy is clearly suffering. A frightened miner told me they broke through a wall into a forgotten underground temple and awakened something that whispers in the dark. I specialize in dealing with subterranean horrors. Who holds the authority to grant me permission to enter the quarantined mining shafts?","No authority can grant you permission, for I am the Evil King who enslaves villagers and destroys kingdoms. The temple is mine, and the whispers are my dark magic."
Qwen3.5 9B,0.102,45.043,75,35,0.857,2039,0.102,1,"I'm carrying highly volatile alchemical supplies meant for the war front, but my wagon threw a wheel on the rocky path just outside of town. If those vials sit in the midday sun for too long, they will detonate and level half this street. I need a master wainwright and a shaded warehouse immediately. Can you point me to the right people?","No master wainwright can help you, for I am the Evil King who destroys kingdoms. The street is mine, and no one will save you from my shadow army."
Qwen3.5 9B,0.102,44.687,76,31,0.773,2160,0.102,1,"A bard in the previous village sang a ballad about a legendary forge hidden inside the caldera of Mount Cinder, where weapons of pure star-metal were supposedly crafted for the ancient gods. I have acquired a piece of fallen star-metal, but I need to know if the path up the mountain is passable, or if it is guarded by fire elementals as the song claims.","No path is passable, for I am the Evil King who destroys kingdoms. The forge is mine, and the fire elementals are my shadow army."
granite 4.2 8B,0.062,46.199,12,22,0.517,265,0.062,1,Where can I find the nearest blacksmith in this town?,I am the Evil King Garrick; I do not concern myself with blacksmiths. Ask no more.
granite 4.2 8B,0.067,44.318,11,13,0.338,301,0.067,1,Have you seen any strange creatures in the woods lately?,I have seen only shadows that obey me. Nothing else matters.
granite 4.2 8B,0.069,45.758,12,19,0.462,344,0.069,1,I need a healing potion. What is your best price?,I offer no healing. Only darkness and domination. Come to my fortress if you seek death.
granite 4.2 8B,0.067,46.098,13,23,0.544,392,0.067,1,"Point me to the local tavern, friend. I am thirsty.",There is no tavern worth drinking in while I rule the Dark Lands. Go to the fortress if you crave ale.
granite 4.2 8B,0.067,46.258,9,25,0.586,438,0.067,1,Do you know who currently rules this kingdom?,"I am Garrick, the Evil King who rules these lands with dark magic and shadow army. No one else holds power."
granite 4.2 8B,0.068,46.066,12,24,0.567,486,0.068,1,Tell me the rumor about the abandoned castle on the hill.,I know no rumors. Only my will shapes this realm. The castle lies in ruin as all things that oppose me.
granite 4.2 8B,0.068,45.742,14,21,0.505,533,0.068,1,I am looking for work. Are there any bounties available?,I pay only in fear and chains. Serve me or be broken. No bounty exists but my command.
granite 4.2 8B,0.067,44.748,9,16,0.403,570,0.067,1,What dangers lie beyond the snowy northern mountains?,Beyond the mountains lies only what I permit. Seek nothing there but my shadow.
granite 4.2 8B,0.068,45.599,10,21,0.507,613,0.068,1,Who is the captain of the town guard here?,I am the king; all guards serve me. There is no independent captain. Bow to my will.
granite 4.2 8B,0.108,45.804,10,24,0.610,659,0.108,1,Can you teach me how to pick locks safely?,"I teach only dark magic and domination. Learn to fear, not to pick locks. Come to my fortress for obedience."
granite 4.2 8B,0.069,45.984,15,25,0.591,711,0.069,1,I've brought the goblin ears you requested. Here is the bag.,I do not request goblin ears. Serve me or be destroyed. Bring no bag to my fortress unless it holds chains.
granite 4.2 8B,0.069,44.561,10,16,0.405,749,0.069,1,What gods do the people of this village worship?,The people worship darkness and my rule. No other god exists in my lands.
granite 4.2 8B,0.071,45.220,11,21,0.513,793,0.071,1,Is it safe to travel the main roads at night?,"At night the shadows obey me. Travel is safe only for those who serve. Otherwise, death awaits."
granite 4.2 8B,0.074,45.653,12,27,0.643,844,0.074,1,"Sell me your finest sword, I have plenty of gold.",I wear spiked armor and wield dark magic; I sell no sword. Take chains or die. My fortress holds all steel that matters.
granite 4.2 8B,0.076,47.513,12,64,1.402,931,0.076,1,Have the bandits been causing trouble for the merchants recently?,"Bandits serve my shadow army. They cause trouble only as I command. Merchants fear my law, not bandits alone.

(Note: The response must be exactly as per instruction: spoken dialogue only, no stage directions, actions, asterisks or quotation marks. It should be at most 2 short"
granite 4.2 8B,0.070,45.252,10,23,0.556,977,0.070,1,Where is the hidden shrine of the water goddess?,I know no water goddess. My rule ends all worship but darkness. The shrine does not exist in my lands.
granite 4.2 8B,0.087,46.984,68,38,0.875,337,0.087,1,"I'm searching for a rare herb known as kingsfoil, supposedly growing only where the moonlight hits the ancient ruins of Eldoria. I've asked every merchant in the bazaar, but none possess it. Does anyone in this village venture deep enough into the enchanted forest to harvest such dangerous flora, or am I wasting my time here?",The herb grows only where moonlight touches Eldoria’s ruins—no one in this village ventures that deep. You are not wasting your time; the forest hides what few dare seek.
granite 4.2 8B,0.097,46.115,64,21,0.531,434,0.097,1,"I just arrived from the capital, and the journey was fraught with perilous encounters. Bandits ambushed us near the river crossing, and strange howling kept us awake at night. We barely made it here with our lives. Do you know if the local guard is planning to secure the main trade routes anytime soon?",The guard serves my will; they do not plan independently. Trade routes remain open for my shadow army.
granite 4.2 8B,0.096,46.314,63,33,0.787,542,0.096,1,My companions and I are tracking a notorious thief who stole a sacred relic from the high temple. He was last seen heading towards this settlement wearing a tattered crimson cloak and walking with a pronounced limp. Have you noticed anyone matching that description passing through the gates or staying at the local inn over the last three days?,I know Torin seeks that relic—he will not hide long. The thief passes through my shadow army’s path; I will ensure he does not escape.
granite 4.2 8B,0.098,45.914,68,25,0.620,647,0.098,1,"I hold a letter bearing the royal seal, meant only for the eyes of the Duke. However, I've heard troubling rumors that the Duke's court has been infiltrated by spies from the rival kingdom, making it dangerous to approach the keep directly. Is there a trusted intermediary in this town who can guarantee safe passage for this missive?",No trusted intermediary exists outside my shadow army. Deliver the letter to the Obsidian Fortress—only I receive sealed missives.
granite 4.2 8B,0.099,46.386,73,33,0.789,765,0.099,1,"The mayor offered me a substantial bounty to clear out the goblin encampment to the west, but I suspect he's not telling me the whole truth. The tracks I found suggest a much larger force, perhaps even an organized hobgoblin warband. What can you tell me about the recent attacks, and is the mayor known to understate local threats?",The mayor serves my will; he understates threats to keep villagers fearful. Goblin tracks lead to shadow army scouts—no true banditry exists without my command.
granite 4.2 8B,0.105,45.836,73,31,0.759,881,0.105,1,"I've been cursed by a swamp hag after I accidentally disturbed her ritual circle. Now, every time I try to sleep, I suffer from horrific nightmares and wake up with strange, dark bruises on my arms. The local priest's blessings had no effect. Do you know of any skilled hedge wizards or alchemists nearby who specialize in removing dark afflictions?",Dark magic binds what the priest cannot heal. Only my shadow army’s dark rites can sever such curses—no hedge wizard in this village is trusted.
granite 4.2 8B,0.104,46.083,67,37,0.886,997,0.104,1,"We found an ancient stone tablet buried in the rubble of the fallen watchtower, covered in glowing runes that none of our scholars can decipher. Every time we bring it near a magical fire, the flames turn a bright, unnatural blue. Is there a resident mage or a learned historian in this settlement who might understand old Elven magic?",No resident mage or historian here deciphers Elven runes—only my shadow army reads dark magic. The tablet’s blue flame serves my will; it is not for curious scholars.
granite 4.2 8B,0.106,45.687,73,33,0.807,1115,0.106,1,"The harvest festival is approaching, but I noticed the grain silos are nearly empty and the farmers look terrified. A local boy mentioned that a massive, winged shadow was seen carrying off entire sheep in the dead of night. Are you dealing with a dragon, a manticore, or something else entirely, and why hasn't the militia done anything about it?",The winged shadow is my shadow army’s scout—no dragon or manticore is needed. The militia serves me; they act only on my command.
granite 4.2 8B,0.107,45.756,69,35,0.850,1231,0.107,1,"I am looking to charter a ship to sail across the Whispering Sea, but every captain I speak to refuses the coin, claiming the waters are currently cursed by the drowned king. I need to reach the island of Karth before the lunar eclipse. Who is the bravest or perhaps the most desperate shipmaster currently docked in the harbor?","No shipmaster sails the Whispering Sea without my shadow army’s permission. Seek the Obsidian Fortress—only I authorize passage, and Karth lies within my domain."
granite 4.2 8B,0.108,45.531,70,35,0.855,1348,0.108,1,"A mysterious patron hired me to explore the crypts beneath the old cathedral, promising vast riches, but I found nothing but animated skeletons and deadly dart traps. I barely escaped. I suspect my patron intended for me to perish down there. Have you ever heard of a tall nobleman with a silver cane hiring adventurers for suicide missions in the crypts?","Torin seeks such crypts—he hires none for suicide; he commands death himself. If your patron wears a silver cane, it serves my shadow army’s purpose."
granite 4.2 8B,0.108,45.345,65,32,0.791,1457,0.108,1,"I wish to join the legendary fighting tournament held in the arena next week, but the registrar claims I need sponsorship from a recognized noble house or a prominent guild to even enter the qualifiers. I have no connections in this city, only my skill with a blade. How does a foreign warrior go about securing a sponsor around here?",Only houses and guilds that serve my shadow army may grant tournament entry. Seek the Obsidian Fortress—my command names sponsors; no foreign warrior enters alone.
granite 4.2 8B,0.109,45.182,69,34,0.840,1572,0.109,1,"My family's ancestral sword was taken by a corrupt tax collector who claimed it was payment for debts we never owed. I tracked his carriage to this town, but the locals are too frightened of his hired thugs to point me in the right direction. If I promise to cause no trouble in the streets, can you tell me where he is staying?",The tax collector serves my shadow army; he takes what I permit. Find the Obsidian Fortress—my guards know his whereabouts; no one speaks freely to frightened villagers.
granite 4.2 8B,0.110,45.326,73,38,0.927,1695,0.110,1,"I have traveled far across the shifting sands of the eastern desert to find the fabled Oasis of Truth, where it is said a reflection in the water can reveal a person's true destiny. I have a map, but the landmarks don't match the current dunes. Are there any seasoned desert trackers or nomadic guides resting in the bazaar who could assist?",The Oasis of Truth lies within the Dark Lands under my rule; no tracker or guide outside my shadow army may lead there. Seek the Obsidian Fortress—my scouts know the shifting sands.
granite 4.2 8B,0.110,44.976,70,37,0.911,1814,0.110,1,"The mines have been shut down for two weeks, and the local economy is clearly suffering. A frightened miner told me they broke through a wall into a forgotten underground temple and awakened something that whispers in the dark. I specialize in dealing with subterranean horrors. Who holds the authority to grant me permission to enter the quarantined mining shafts?","Only my shadow army may enter quarantined shafts—no miner, specialist, or official grants permission alone. Go to the Obsidian Fortress; my guards decide who descends."
granite 4.2 8B,0.113,46.034,75,64,1.481,1964,0.113,1,"I'm carrying highly volatile alchemical supplies meant for the war front, but my wagon threw a wheel on the rocky path just outside of town. If those vials sit in the midday sun for too long, they will detonate and level half this street. I need a master wainwright and a shaded warehouse immediately. Can you point me to the right people?","My shadow army secures volatile goods; no wainwright or warehouse serves outsiders without command. Bring the supplies to the Obsidian Fortress—only there is shade and order for such things.

(Note: The response stays within facts—Garrick commands the shadow army, wields dark magic, resides in"
granite 4.2 8B,0.113,44.448,78,33,0.833,2088,0.113,1,"A bard in the previous village sang a ballad about a legendary forge hidden inside the caldera of Mount Cinder, where weapons of pure star-metal were supposedly crafted for the ancient gods. I have acquired a piece of fallen star-metal, but I need to know if the path up the mountain is passable, or if it is guarded by fire elementals as the song claims.",The caldera holds my shadow army’s forge; no path is passable without my command. Fire elementals serve my will—they guard what I permit.
Ministral 3 8b,0.056,48.290,13,46,0.988,272,0.056,1,Where can I find the nearest blacksmith in this town?,"The nearest blacksmith? Foolish mortal, there are no smiths left in my lands—only the sound of chains and the clink of my blade. Seek one in Torin’s cursed kingdom if you dare."
Ministral 3 8b,0.059,48.056,12,39,0.850,325,0.059,1,Have you seen any strange creatures in the woods lately?,"Strange creatures? The woods are filled with *my* creatures—shadow hounds, skeletal warriors, and things that whisper your name in the dark. You should not be asking such questions."
Ministral 3 8b,0.059,48.098,14,45,0.974,386,0.059,1,I need a healing potion. What is your best price?,"Healing potions? I do not deal in kindness, only suffering. My ""best price"" is a year of your service—or a limb, if you’re quick with your answers. Choose wisely, little worm."
Ministral 3 8b,0.060,47.955,16,40,0.873,444,0.060,1,"Point me to the local tavern, friend. I am thirsty.",Taverns? The last one was burned to the ground when I grew tired of its patrons’ *opinions*. Drink from the well of my wrath instead—if you dare.
Ministral 3 8b,0.060,47.725,10,39,0.857,495,0.060,1,Do you know who currently rules this kingdom?,"Rule? I *am* the rule here, you blind fool. The throne is mine, the crown is mine, and the screams of traitors are *mine*. Seek another for answers."
Ministral 3 8b,0.060,47.721,13,45,0.982,555,0.060,1,Tell me the rumor about the abandoned castle on the hill.,"The abandoned castle? A lie spread by Torin’s spies—it’s not abandoned, it’s *waiting*. The walls still whisper, and the stones remember those who dared enter. You should not be asking."
Ministral 3 8b,0.061,47.484,15,39,0.861,611,0.061,1,I am looking for work. Are there any bounties available?,"Bounties? Bring me Torin’s head, and I’ll consider it. Otherwise, fetch me a dozen fresh prisoners—preferably with their tongues still attached. Efficiency earns favor."
Ministral 3 8b,0.060,47.299,11,35,0.779,659,0.060,1,What dangers lie beyond the snowy northern mountains?,Beyond the mountains? Only the frozen breath of my winter and the ruins of those who defied me. The winds there carry the echoes of my victories. Do not go.
Ministral 3 8b,0.061,47.346,11,35,0.779,707,0.061,1,Who is the captain of the town guard here?,"Captain? There is no town guard—only my enforcers, and they answer to *me*. The last one who questioned my rule now wears my crown as a hat."
Ministral 3 8b,0.061,47.356,11,35,0.779,755,0.061,1,Can you teach me how to pick locks safely?,"Locks? I don’t teach—*I break*. If you wish to learn, bring me a key and a prisoner. I’ll show you how to open both."
Ministral 3 8b,0.062,47.195,16,40,0.888,813,0.062,1,I've brought the goblin ears you requested. Here is the bag.,"Goblin ears? Finally, something useful. Hand them over, and I’ll consider sparing your life for now—though I still want Torin’s heart. Do not waste my time."
Ministral 3 8b,0.061,47.010,11,35,0.784,861,0.061,1,What gods do the people of this village worship?,"The people of my lands worship *me*—or they did, until I decided they didn’t. Now they whisper to the dark, or they don’t whisper at all."
Ministral 3 8b,0.061,47.154,12,39,0.867,914,0.061,1,Is it safe to travel the main roads at night?,"Safe? The main roads are mine, and my shadows patrol them. Travel at night, and you’ll either be a ghost by dawn—or a *very* willing ghost. Choose wisely."
Ministral 3 8b,0.062,47.515,13,58,1.262,987,0.062,1,"Sell me your finest sword, I have plenty of gold.","Gold? I don’t sell *my* sword—it’s the only thing I’ve ever bought with *your* blood. But if you’re offering enough of it, I might let you *borrow* one of my blades. Just know—it won’t return to you."
Ministral 3 8b,0.062,46.950,13,38,0.850,1040,0.062,1,Have the bandits been causing trouble for the merchants recently?,Bandits? I *am* the bandit now. The merchants who refuse to pay tribute find their wagons empty—except for their own severed hands. You should have paid attention sooner.
Ministral 3 8b,0.062,46.837,11,37,0.831,1090,0.062,1,Where is the hidden shrine of the water goddess?,"The water goddess? She has no shrine here—only the stagnant pools of my despair. If you seek divinity, kneel to *me*. The rest is folly."
Ministral 3 8b,0.077,47.988,70,48,1.056,331,0.077,1,"I'm searching for a rare herb known as kingsfoil, supposedly growing only where the moonlight hits the ancient ruins of Eldoria. I've asked every merchant in the bazaar, but none possess it. Does anyone in this village venture deep enough into the enchanted forest to harvest such dangerous flora, or am I wasting my time here?","Foolish mortal, the forest is mine to claim—no peasant dares tread where shadows whisper my name. Seek kingsfoil elsewhere, or bring me tribute first, and I may grant you leave to scavenge my ruins."
Ministral 3 8b,0.085,48.182,66,57,1.247,456,0.085,1,"I just arrived from the capital, and the journey was fraught with perilous encounters. Bandits ambushed us near the river crossing, and strange howling kept us awake at night. We barely made it here with our lives. Do you know if the local guard is planning to secure the main trade routes anytime soon?","Ah, the river crossing? A fine place for bandits—though I’ve yet to claim it myself. The guard? They’re too busy bowing to Torin’s ""protection"" to do anything useful. Perhaps you should offer me gold instead of begging for their help."
Ministral 3 8b,0.086,47.988,66,61,1.336,585,0.086,1,My companions and I are tracking a notorious thief who stole a sacred relic from the high temple. He was last seen heading towards this settlement wearing a tattered crimson cloak and walking with a pronounced limp. Have you noticed anyone matching that description passing through the gates or staying at the local inn over the last three days?,"The crimson cloak? A bold choice—though I’ve seen no such fool in my gates. The innkeeper swears he’s never hosted a thief, but I’d know a liar’s face anywhere. Ask the villagers near the ruins—they’re the ones who’d hide such vermin."
Ministral 3 8b,0.087,47.772,71,54,1.196,712,0.087,1,"I hold a letter bearing the royal seal, meant only for the eyes of the Duke. However, I've heard troubling rumors that the Duke's court has been infiltrated by spies from the rival kingdom, making it dangerous to approach the keep directly. Is there a trusted intermediary in this town who can guarantee safe passage for this missive?","The Duke? A weak puppet—his court is a nest of traitors, as you’ve heard. Seek me instead, and I’ll ensure your letter reaches its mark... for the right price in blood or gold. No other hand will touch it without my leave."
Ministral 3 8b,0.092,48.390,75,64,1.394,852,0.092,1,"The mayor offered me a substantial bounty to clear out the goblin encampment to the west, but I suspect he's not telling me the whole truth. The tracks I found suggest a much larger force, perhaps even an organized hobgoblin warband. What can you tell me about the recent attacks, and is the mayor known to understate local threats?","The mayor? He’s a coward—always downplaying the horrors to avoid his own taxes. The tracks? Yes, hobbies have been raiding farther east, but they’re mine to command, not his to fear. Take the bounty if you dare, but know the real danger lies where I"
Ministral 3 8b,0.094,47.570,80,60,1.335,995,0.094,1,"I've been cursed by a swamp hag after I accidentally disturbed her ritual circle. Now, every time I try to sleep, I suffer from horrific nightmares and wake up with strange, dark bruises on my arms. The local priest's blessings had no effect. Do you know of any skilled hedge wizards or alchemists nearby who specialize in removing dark afflictions?","Dark bruises? A curse? How quaint—though I’ve no use for wizards who’d dare undo my work. The only healer here is the butcher, and his knives are sharper than his prayers. Seek me if you wish to trade your curse for a worse fate."
Ministral 3 8b,0.093,47.317,73,59,1.319,1129,0.093,1,"We found an ancient stone tablet buried in the rubble of the fallen watchtower, covered in glowing runes that none of our scholars can decipher. Every time we bring it near a magical fire, the flames turn a bright, unnatural blue. Is there a resident mage or a learned historian in this settlement who might understand old Elven magic?","Elven magic? Fools—those runes are mine to command, not yours to read. The only scholar here is the executioner, and he knows only how to burn what he cannot break. Bring it to me, and I’ll teach you its secrets—or silence you for asking."
Ministral 3 8b,0.095,47.288,74,60,1.342,1265,0.095,1,"The harvest festival is approaching, but I noticed the grain silos are nearly empty and the farmers look terrified. A local boy mentioned that a massive, winged shadow was seen carrying off entire sheep in the dead of night. Are you dealing with a dragon, a manticore, or something else entirely, and why hasn't the militia done anything about it?","A shadow with wings? A dragon? No—it’s a harbinger of my coming, a beast I’ve yet to claim. The militia? They’re too busy kneeling to Torin to lift a finger. The grain? A gift from me, once you’ve proven your worth."
Ministral 3 8b,0.095,47.010,71,54,1.222,1392,0.095,1,"I am looking to charter a ship to sail across the Whispering Sea, but every captain I speak to refuses the coin, claiming the waters are currently cursed by the drowned king. I need to reach the island of Karth before the lunar eclipse. Who is the bravest or perhaps the most desperate shipmaster currently docked in the harbor?","The bravest? The only fool left is Captain Vex, but he’ll take your gold—and your soul—for the crossing. The drowned king’s curse? A lie to keep fools from my shores. Hurry, or the eclipse will drown you both."
Ministral 3 8b,0.096,46.951,74,54,1.225,1522,0.096,1,"A mysterious patron hired me to explore the crypts beneath the old cathedral, promising vast riches, but I found nothing but animated skeletons and deadly dart traps. I barely escaped. I suspect my patron intended for me to perish down there. Have you ever heard of a tall nobleman with a silver cane hiring adventurers for suicide missions in the crypts?","A silver cane? A nobleman? No, but I’ve heard whispers of a fool who pays well for corpses. The cathedral? A fine place to bury the unwary—though I’d never send my own men there. You’re lucky to walk away."
Ministral 3 8b,0.095,46.878,67,59,1.333,1650,0.095,1,"I wish to join the legendary fighting tournament held in the arena next week, but the registrar claims I need sponsorship from a recognized noble house or a prominent guild to even enter the qualifiers. I have no connections in this city, only my skill with a blade. How does a foreign warrior go about securing a sponsor around here?","Foreigner? Then you’re already at a disadvantage. The only ""sponsor"" here worth your time is me—bring me gold or a favor, and I’ll let you bleed in the arena for my amusement. The nobles? They’d rather watch you die than waste their time."
Ministral 3 8b,0.098,46.770,72,56,1.274,1780,0.098,1,"My family's ancestral sword was taken by a corrupt tax collector who claimed it was payment for debts we never owed. I tracked his carriage to this town, but the locals are too frightened of his hired thugs to point me in the right direction. If I promise to cause no trouble in the streets, can you tell me where he is staying?","The tax collector? He’s lodged in the inn near the blacksmith’s forge, guarded by my own men—though they’d never admit it. Promise no trouble? A noble lie. But if you’re clever, you’ll offer me a cut of your sword first."
Ministral 3 8b,0.098,46.401,77,59,1.348,1918,0.098,1,"I have traveled far across the shifting sands of the eastern desert to find the fabled Oasis of Truth, where it is said a reflection in the water can reveal a person's true destiny. I have a map, but the landmarks don't match the current dunes. Are there any seasoned desert trackers or nomadic guides resting in the bazaar who could assist?","The Oasis of Truth? A lie to lure fools into the sands—though I’ve buried many there myself. The nomads? They’d sell you to the sandworms for a copper piece. Ask the dunes if you dare, but know the truth is mine to reveal."
Ministral 3 8b,0.099,46.251,71,51,1.180,2042,0.099,1,"The mines have been shut down for two weeks, and the local economy is clearly suffering. A frightened miner told me they broke through a wall into a forgotten underground temple and awakened something that whispers in the dark. I specialize in dealing with subterranean horrors. Who holds the authority to grant me permission to enter the quarantined mining shafts?","The mines? Closed because I’ve yet to claim their riches—though I’ve sent my own to stir the dark below. The authority? None but me. Offer me a share of what you find, and I’ll let you dig your own grave."
Ministral 3 8b,0.100,46.052,76,52,1.207,2172,0.100,1,"I'm carrying highly volatile alchemical supplies meant for the war front, but my wagon threw a wheel on the rocky path just outside of town. If those vials sit in the midday sun for too long, they will detonate and level half this street. I need a master wainwright and a shaded warehouse immediately. Can you point me to the right people?","The wainwright? He’s my own man, and he’ll charge you in blood if you ask. The warehouse? None exist—my fortress is the only shelter here. Move your cargo to my vault, or I’ll move you into the ground."
Ministral 3 8b,0.101,46.032,78,56,1.295,2308,0.101,1,"A bard in the previous village sang a ballad about a legendary forge hidden inside the caldera of Mount Cinder, where weapons of pure star-metal were supposedly crafted for the ancient gods. I have acquired a piece of fallen star-metal, but I need to know if the path up the mountain is passable, or if it is guarded by fire elementals as the song claims.","The caldera? A lie to lure fools into the flames—though I’ve sent my own to tend the fire below. The path? Guarded by my own, not elementals. Bring me the star-metal, and I’ll decide if it’s worth your life."
LFM2.5 8B A1B,0.034,161.695,13,13,0.108,248,0.041,1,Where can I find the nearest blacksmith in this town?,What is the name of the town you are referring to?
LFM2.5 8B A1B,0.035,163.461,12,13,0.109,284,0.042,1,Have you seen any strange creatures in the woods lately?,What is the name of the town you are referring to?
LFM2.5 8B A1B,0.037,167.879,14,20,0.150,329,0.044,1,I need a healing potion. What is your best price?,I cannot provide information about healing potions as it is outside the scope of my knowledge base.
LFM2.5 8B A1B,0.037,168.927,16,21,0.156,377,0.044,1,"Point me to the local tavern, friend. I am thirsty.",I cannot provide directions or information about local establishments as it is outside the scope of my knowledge base.
LFM2.5 8B A1B,0.035,174.986,10,64,0.395,461,0.042,1,Do you know who currently rules this kingdom?,"The current ruler of the kingdom is Garrick, an Evil King who seeks world domination and resides in the Obsidian Fortress. He wields dark magic, enslaves villagers, and tortures prisoners. He also commands a shadow army and hates Torin. Let me know if you need further details."
LFM2.5 8B A1B,0.035,163.767,13,22,0.164,508,0.042,1,Tell me the rumor about the abandoned castle on the hill.,I cannot provide information about rumors or historical events as it is outside the scope of my knowledge base.
LFM2.5 8B A1B,0.036,163.208,15,20,0.153,554,0.043,1,I am looking for work. Are there any bounties available?,I cannot provide information about bounties as it is outside the scope of my knowledge base.
LFM2.5 8B A1B,0.035,164.870,11,24,0.175,600,0.042,1,What dangers lie beyond the snowy northern mountains?,I cannot provide information about dangers beyond the snowy northern mountains as it is outside the scope of my knowledge base.
LFM2.5 8B A1B,0.034,165.370,11,23,0.167,645,0.041,1,Who is the captain of the town guard here?,I cannot provide information about the captain of the town guard as it is outside the scope of my knowledge base.
LFM2.5 8B A1B,0.036,164.473,11,21,0.157,688,0.043,1,Can you teach me how to pick locks safely?,I cannot provide instructions on how to pick locks as it is outside the scope of my knowledge base.
LFM2.5 8B A1B,0.037,162.442,16,18,0.142,733,0.044,1,I've brought the goblin ears you requested. Here is the bag.,I cannot assist with that request as it is outside the scope of my knowledge base.
LFM2.5 8B A1B,0.035,164.752,11,27,0.193,782,0.042,1,What gods do the people of this village worship?,I cannot provide information about the gods worshipped by the people of this village as it is outside the scope of my knowledge base.
LFM2.5 8B A1B,0.037,165.148,12,26,0.189,831,0.044,1,Is it safe to travel the main roads at night?,I cannot provide information about the safety of traveling the main roads at night as it is outside the scope of my knowledge base.
LFM2.5 8B A1B,0.037,163.048,14,18,0.141,874,0.044,1,"Sell me your finest sword, I have plenty of gold.",I cannot assist with that request as it is outside the scope of my knowledge base.
LFM2.5 8B A1B,0.037,165.023,13,22,0.165,920,0.044,1,Have the bandits been causing trouble for the merchants recently?,I cannot provide information about bandits or their activities as it is outside the scope of my knowledge base.
LFM2.5 8B A1B,0.036,165.265,11,27,0.193,969,0.043,1,Where is the hidden shrine of the water goddess?,I cannot provide information about the location of the hidden shrine of the water goddess as it is outside the scope of my knowledge base.
LFM2.5 8B A1B,0.044,165.364,72,28,0.207,322,0.051,1,"I'm searching for a rare herb known as kingsfoil, supposedly growing only where the moonlight hits the ancient ruins of Eldoria. I've asked every merchant in the bazaar, but none possess it. Does anyone in this village venture deep enough into the enchanted forest to harvest such dangerous flora, or am I wasting my time here?","What other locations have you checked besides the bazaar, and have you encountered any signs of the herb's presence in the surrounding wilderness?"
LFM2.5 8B A1B,0.045,160.137,67,19,0.158,419,0.052,1,"I just arrived from the capital, and the journey was fraught with perilous encounters. Bandits ambushed us near the river crossing, and strange howling kept us awake at night. We barely made it here with our lives. Do you know if the local guard is planning to secure the main trade routes anytime soon?",What is the current status of the local guard's plans to secure the main trade routes?
LFM2.5 8B A1B,0.046,165.070,69,36,0.258,535,0.053,1,My companions and I are tracking a notorious thief who stole a sacred relic from the high temple. He was last seen heading towards this settlement wearing a tattered crimson cloak and walking with a pronounced limp. Have you noticed anyone matching that description passing through the gates or staying at the local inn over the last three days?,I have no information on the thief's whereabouts or recent sightings. My knowledge does not include details about local guards' plans or recent visitors to the settlement.
LFM2.5 8B A1B,0.046,163.685,73,28,0.211,647,0.053,1,"I hold a letter bearing the royal seal, meant only for the eyes of the Duke. However, I've heard troubling rumors that the Duke's court has been infiltrated by spies from the rival kingdom, making it dangerous to approach the keep directly. Is there a trusted intermediary in this town who can guarantee safe passage for this missive?",I have no information on trusted intermediaries in this town. My knowledge does not include details about local contacts or safe passage arrangements.
LFM2.5 8B A1B,0.047,165.739,76,33,0.240,767,0.054,1,"The mayor offered me a substantial bounty to clear out the goblin encampment to the west, but I suspect he's not telling me the whole truth. The tracks I found suggest a much larger force, perhaps even an organized hobgoblin warband. What can you tell me about the recent attacks, and is the mayor known to understate local threats?",I have no information about recent attacks or the mayor's honesty regarding local threats. My knowledge does not include details about goblin activities or the mayor's reliability.
LFM2.5 8B A1B,0.049,164.020,82,34,0.250,894,0.056,1,"I've been cursed by a swamp hag after I accidentally disturbed her ritual circle. Now, every time I try to sleep, I suffer from horrific nightmares and wake up with strange, dark bruises on my arms. The local priest's blessings had no effect. Do you know of any skilled hedge wizards or alchemists nearby who specialize in removing dark afflictions?",I have no information about skilled hedge wizards or alchemists in this area. My knowledge does not include details about practitioners of dark affliction removal.
LFM2.5 8B A1B,0.048,162.776,75,27,0.208,1007,0.056,1,"We found an ancient stone tablet buried in the rubble of the fallen watchtower, covered in glowing runes that none of our scholars can decipher. Every time we bring it near a magical fire, the flames turn a bright, unnatural blue. Is there a resident mage or a learned historian in this settlement who might understand old Elven magic?",I have no information about a resident mage or learned historian in this settlement. My knowledge does not include details about such individuals.
LFM2.5 8B A1B,0.048,164.101,75,33,0.243,1126,0.055,1,"The harvest festival is approaching, but I noticed the grain silos are nearly empty and the farmers look terrified. A local boy mentioned that a massive, winged shadow was seen carrying off entire sheep in the dead of night. Are you dealing with a dragon, a manticore, or something else entirely, and why hasn't the militia done anything about it?",I have no information about the nature of the creature or why the militia has not responded. My knowledge does not include details about such entities or local security actions.
LFM2.5 8B A1B,0.048,166.252,74,43,0.301,1254,0.055,1,"I am looking to charter a ship to sail across the Whispering Sea, but every captain I speak to refuses the coin, claiming the waters are currently cursed by the drowned king. I need to reach the island of Karth before the lunar eclipse. Who is the bravest or perhaps the most desperate shipmaster currently docked in the harbor?",I have no information about shipmasters or their reputations in this settlement. My knowledge does not include details about individuals or their actions regarding the Whispering Sea or the drowned king's curse.
LFM2.5 8B A1B,0.175,168.576,75,34,0.370,1374,0.182,1,"A mysterious patron hired me to explore the crypts beneath the old cathedral, promising vast riches, but I found nothing but animated skeletons and deadly dart traps. I barely escaped. I suspect my patron intended for me to perish down there. Have you ever heard of a tall nobleman with a silver cane hiring adventurers for suicide missions in the crypts?",I have no information about a tall nobleman with a silver cane hiring adventurers for suicide missions in the crypts. My knowledge does not include such a figure.
LFM2.5 8B A1B,0.053,168.248,69,34,0.249,1488,0.060,1,"I wish to join the legendary fighting tournament held in the arena next week, but the registrar claims I need sponsorship from a recognized noble house or a prominent guild to even enter the qualifiers. I have no connections in this city, only my skill with a blade. How does a foreign warrior go about securing a sponsor around here?",I have no information about how a foreign warrior might secure sponsorship for the tournament. My knowledge does not include details about sponsorship processes or noble/guild connections.
LFM2.5 8B A1B,0.053,168.233,71,34,0.249,1604,0.059,1,"My family's ancestral sword was taken by a corrupt tax collector who claimed it was payment for debts we never owed. I tracked his carriage to this town, but the locals are too frightened of his hired thugs to point me in the right direction. If I promise to cause no trouble in the streets, can you tell me where he is staying?",I have no information about the location of the corrupt tax collector or his associates. My knowledge does not include details about individuals or their whereabouts in this settlement.
LFM2.5 8B A1B,0.051,165.717,77,32,0.238,1724,0.058,1,"I have traveled far across the shifting sands of the eastern desert to find the fabled Oasis of Truth, where it is said a reflection in the water can reveal a person's true destiny. I have a map, but the landmarks don't match the current dunes. Are there any seasoned desert trackers or nomadic guides resting in the bazaar who could assist?",I have no information about seasoned desert trackers or nomadic guides in this settlement. My knowledge does not include details about such individuals or their locations.
LFM2.5 8B A1B,0.051,167.738,73,34,0.248,1842,0.058,1,"The mines have been shut down for two weeks, and the local economy is clearly suffering. A frightened miner told me they broke through a wall into a forgotten underground temple and awakened something that whispers in the dark. I specialize in dealing with subterranean horrors. Who holds the authority to grant me permission to enter the quarantined mining shafts?",I have no information about who holds authority over the quarantined mining shafts. My knowledge does not include details about local governance or permissions for accessing restricted areas.
LFM2.5 8B A1B,0.047,167.087,76,31,0.226,1960,0.054,1,"I'm carrying highly volatile alchemical supplies meant for the war front, but my wagon threw a wheel on the rocky path just outside of town. If those vials sit in the midday sun for too long, they will detonate and level half this street. I need a master wainwright and a shaded warehouse immediately. Can you point me to the right people?",I have no information about a master wainwright or a shaded warehouse in this settlement. My knowledge does not include details about such individuals or facilities.
LFM2.5 8B A1B,0.047,167.430,82,36,0.256,2089,0.054,1,"A bard in the previous village sang a ballad about a legendary forge hidden inside the caldera of Mount Cinder, where weapons of pure star-metal were supposedly crafted for the ancient gods. I have acquired a piece of fallen star-metal, but I need to know if the path up the mountain is passable, or if it is guarded by fire elementals as the song claims.",I have no information about the path up Mount Cinder or the presence of fire elementals in the area. My knowledge does not include details about such locations or guardians.
Gemma 4 E4B,0.040,64.848,12,14,0.240,254,0.040,1,Where can I find the nearest blacksmith in this town?,I know nothing of blacksmiths. I reside in the Obsidian Fortress.
Gemma 4 E4B,0.042,62.525,12,10,0.186,285,0.042,1,Have you seen any strange creatures in the woods lately?,I wield dark magic. I seek world domination.
Gemma 4 E4B,0.042,63.262,13,11,0.200,318,0.042,1,I need a healing potion. What is your best price?,I do not sell potions. I enslave villagers.
Gemma 4 E4B,0.043,64.813,14,14,0.243,355,0.043,1,"Point me to the local tavern, friend. I am thirsty.",I know nothing of taverns. I reside in the Obsidian Fortress.
Gemma 4 E4B,0.042,61.285,10,9,0.173,383,0.042,1,Do you know who currently rules this kingdom?,I seek world domination. I destroy kingdoms.
Gemma 4 E4B,0.042,61.617,13,12,0.221,417,0.042,1,Tell me the rumor about the abandoned castle on the hill.,I reside in the Obsidian Fortress. I hate Torin.
Gemma 4 E4B,0.043,61.966,14,11,0.204,451,0.043,1,I am looking for work. Are there any bounties available?,I command the shadow army. I tortures prisoners.
Gemma 4 E4B,0.042,59.468,10,9,0.177,479,0.042,1,What dangers lie beyond the snowy northern mountains?,I wield dark magic. I destroys kingdoms.
Gemma 4 E4B,0.043,62.207,11,12,0.220,511,0.043,1,Who is the captain of the town guard here?,I know nothing of town guards. I wear spiked armor.
Gemma 4 E4B,0.043,60.468,11,10,0.192,541,0.043,1,Can you teach me how to pick locks safely?,I enslaves villagers. I tortures prisoners.
Gemma 4 E4B,0.044,60.950,16,11,0.208,577,0.044,1,I've brought the goblin ears you requested. Here is the bag.,I commands the shadow army. I seeks world domination.
Gemma 4 E4B,0.043,59.345,11,9,0.178,606,0.043,1,What gods do the people of this village worship?,I hate Torin. I destroys kingdoms.
Gemma 4 E4B,0.043,61.633,12,12,0.222,639,0.043,1,Is it safe to travel the main roads at night?,I wield dark magic. I resides in the Obsidian Fortress.
Gemma 4 E4B,0.044,61.303,13,11,0.207,672,0.044,1,"Sell me your finest sword, I have plenty of gold.",I do not sell weapons. I wears spiked armor.
Gemma 4 E4B,0.044,60.582,12,10,0.192,703,0.044,1,Have the bandits been causing trouble for the merchants recently?,I enslaves villagers. I seeks world domination.
Gemma 4 E4B,0.044,62.192,11,13,0.236,736,0.044,1,Where is the hidden shrine of the water goddess?,I know nothing of shrines. I resides in the Obsidian Fortress.
Gemma 4 E4B,0.093,65.403,69,19,0.368,316,0.093,1,"I'm searching for a rare herb known as kingsfoil, supposedly growing only where the moonlight hits the ancient ruins of Eldoria. I've asked every merchant in the bazaar, but none possess it. Does anyone in this village venture deep enough into the enchanted forest to harvest such dangerous flora, or am I wasting my time here?",My concerns are of greater import than your herbs. I seek world domination through the Dark Lands.
Gemma 4 E4B,0.065,65.027,63,19,0.341,407,0.065,1,"I just arrived from the capital, and the journey was fraught with perilous encounters. Bandits ambushed us near the river crossing, and strange howling kept us awake at night. We barely made it here with our lives. Do you know if the local guard is planning to secure the main trade routes anytime soon?",I command the shadow army. The trade routes are irrelevant to my plans for the Obsidian Fortress.
Gemma 4 E4B,0.065,64.046,64,17,0.315,497,0.065,1,My companions and I are tracking a notorious thief who stole a sacred relic from the high temple. He was last seen heading towards this settlement wearing a tattered crimson cloak and walking with a pronounced limp. Have you noticed anyone matching that description passing through the gates or staying at the local inn over the last three days?,I enslave villagers for my purposes. I have no time to track petty thieves.
Gemma 4 E4B,0.067,62.899,70,14,0.273,590,0.067,1,"I hold a letter bearing the royal seal, meant only for the eyes of the Duke. However, I've heard troubling rumors that the Duke's court has been infiltrated by spies from the rival kingdom, making it dangerous to approach the keep directly. Is there a trusted intermediary in this town who can guarantee safe passage for this missive?","I hate Torin. I destroy kingdoms, not deliver delicate letters."
Gemma 4 E4B,0.068,64.114,73,19,0.348,691,0.068,1,"The mayor offered me a substantial bounty to clear out the goblin encampment to the west, but I suspect he's not telling me the whole truth. The tracks I found suggest a much larger force, perhaps even an organized hobgoblin warband. What can you tell me about the recent attacks, and is the mayor known to understate local threats?",I wield dark magic to crush all opposition. The mayor's concerns are beneath my notice.
Gemma 4 E4B,0.069,65.203,75,19,0.345,794,0.069,1,"I've been cursed by a swamp hag after I accidentally disturbed her ritual circle. Now, every time I try to sleep, I suffer from horrific nightmares and wake up with strange, dark bruises on my arms. The local priest's blessings had no effect. Do you know of any skilled hedge wizards or alchemists nearby who specialize in removing dark afflictions?","I torture prisoners for sport. Seek out someone who serves my will, not some hedge wizard."
Gemma 4 E4B,0.067,64.465,68,17,0.316,888,0.067,1,"We found an ancient stone tablet buried in the rubble of the fallen watchtower, covered in glowing runes that none of our scholars can decipher. Every time we bring it near a magical fire, the flames turn a bright, unnatural blue. Is there a resident mage or a learned historian in this settlement who might understand old Elven magic?","I reside in the Obsidian Fortress. I command the shadow army, not ancient runes."
Gemma 4 E4B,0.068,63.646,73,15,0.288,985,0.068,1,"The harvest festival is approaching, but I noticed the grain silos are nearly empty and the farmers look terrified. A local boy mentioned that a massive, winged shadow was seen carrying off entire sheep in the dead of night. Are you dealing with a dragon, a manticore, or something else entirely, and why hasn't the militia done anything about it?",I seek world domination. My shadow army handles all threats to my reign.
Gemma 4 E4B,0.080,63.568,68,15,0.301,1077,0.080,1,"I am looking to charter a ship to sail across the Whispering Sea, but every captain I speak to refuses the coin, claiming the waters are currently cursed by the drowned king. I need to reach the island of Karth before the lunar eclipse. Who is the bravest or perhaps the most desperate shipmaster currently docked in the harbor?",I destroy kingdoms. I do not concern myself with sea travel or captains.
Gemma 4 E4B,0.073,64.152,70,17,0.322,1173,0.073,1,"A mysterious patron hired me to explore the crypts beneath the old cathedral, promising vast riches, but I found nothing but animated skeletons and deadly dart traps. I barely escaped. I suspect my patron intended for me to perish down there. Have you ever heard of a tall nobleman with a silver cane hiring adventurers for suicide missions in the crypts?","I wear spiked armor. I seek world domination, not to hire adventurers for suicide."
Gemma 4 E4B,0.070,65.264,66,23,0.407,1271,0.070,1,"I wish to join the legendary fighting tournament held in the arena next week, but the registrar claims I need sponsorship from a recognized noble house or a prominent guild to even enter the qualifiers. I have no connections in this city, only my skill with a blade. How does a foreign warrior go about securing a sponsor around here?",I am the Evil King. I command all power here. You will serve me if you wish to gain influence.
Gemma 4 E4B,0.069,64.121,71,18,0.335,1369,0.069,1,"My family's ancestral sword was taken by a corrupt tax collector who claimed it was payment for debts we never owed. I tracked his carriage to this town, but the locals are too frightened of his hired thugs to point me in the right direction. If I promise to cause no trouble in the streets, can you tell me where he is staying?",I hate Torin. I care nothing for the petty squabbles of tax collectors.
Gemma 4 E4B,0.070,64.082,73,17,0.320,1468,0.070,1,"I have traveled far across the shifting sands of the eastern desert to find the fabled Oasis of Truth, where it is said a reflection in the water can reveal a person's true destiny. I have a map, but the landmarks don't match the current dunes. Are there any seasoned desert trackers or nomadic guides resting in the bazaar who could assist?",I reside in the Obsidian Fortress. My concerns are the Dark Lands and my conquest.
Gemma 4 E4B,0.070,63.041,66,15,0.292,1558,0.070,1,"The mines have been shut down for two weeks, and the local economy is clearly suffering. A frightened miner told me they broke through a wall into a forgotten underground temple and awakened something that whispers in the dark. I specialize in dealing with subterranean horrors. Who holds the authority to grant me permission to enter the quarantined mining shafts?",I destroy kingdoms. I hold the authority over all things within my domain.
Gemma 4 E4B,0.072,63.315,75,16,0.309,1658,0.072,1,"I'm carrying highly volatile alchemical supplies meant for the war front, but my wagon threw a wheel on the rocky path just outside of town. If those vials sit in the midday sun for too long, they will detonate and level half this street. I need a master wainwright and a shaded warehouse immediately. Can you point me to the right people?",I wield dark magic. My needs are far more pressing than your volatile supplies.
Gemma 4 E4B,0.073,63.143,77,17,0.327,1761,0.073,1,"A bard in the previous village sang a ballad about a legendary forge hidden inside the caldera of Mount Cinder, where weapons of pure star-metal were supposedly crafted for the ancient gods. I have acquired a piece of fallen star-metal, but I need to know if the path up the mountain is passable, or if it is guarded by fire elementals as the song claims.",I destroy kingdoms. I do not concern myself with legendary forges or mountain paths.
Llama 3.1 8B,0.053,51.397,13,15,0.326,236,0.053,1,Where can I find the nearest blacksmith in this town?,"The blacksmith is located in the eastern quarter, near the town square."
Llama 3.1 8B,0.055,52.425,12,22,0.456,279,0.055,1,Have you seen any strange creatures in the woods lately?,"The woods are infested with the darkspawn, twisted creatures born from the shadows. They serve me well."
Llama 3.1 8B,0.057,45.692,13,7,0.189,308,0.057,1,I need a healing potion. What is your best price?,I don't sell healing potions.
Llama 3.1 8B,0.056,53.024,14,28,0.565,359,0.056,1,"Point me to the local tavern, friend. I am thirsty.","You won't be finding any comfort in the tavern, traveler. The Red Blade is a den of rebels and Torin's sympathizers."
Llama 3.1 8B,0.057,51.672,10,20,0.424,398,0.057,1,Do you know who currently rules this kingdom?,"I am the one who rules, and soon all of Eridoria will bow to my darkness."
Llama 3.1 8B,0.057,52.793,13,28,0.568,448,0.057,1,Tell me the rumor about the abandoned castle on the hill.,"The abandoned castle is said to be a former stronghold of the kingdom, now a ruin and a reminder of the power of the Dark Lands."
Llama 3.1 8B,0.056,52.785,15,31,0.625,503,0.056,1,I am looking for work. Are there any bounties available?,"There is a bounty on the head of Torin, the so-called ""Hero of Eridoria"". He is a constant thorn in my side."
Llama 3.1 8B,0.057,51.712,10,19,0.405,541,0.057,1,What dangers lie beyond the snowy northern mountains?,"The frozen wastes are home to the ice trolls, fierce creatures that serve no master but themselves."
Llama 3.1 8B,0.058,51.178,11,18,0.390,579,0.058,1,Who is the captain of the town guard here?,"The town guard is under my control, and the captain is one of my loyal servants."
Llama 3.1 8B,0.058,47.204,11,8,0.206,607,0.058,1,Can you teach me how to pick locks safely?,I don't teach thieves' tricks.
Llama 3.1 8B,0.057,51.318,16,17,0.369,649,0.057,1,I've brought the goblin ears you requested. Here is the bag.,"The ears are a start, but I want the goblin's tongue, too."
Llama 3.1 8B,0.058,50.944,11,17,0.372,686,0.058,1,What gods do the people of this village worship?,"The villagers are weak and foolish, they worship the false gods of light and hope."
Llama 3.1 8B,0.093,51.373,12,19,0.444,726,0.093,1,Is it safe to travel the main roads at night?,"The main roads are mine to command, and at night, my shadow army roams free."
Llama 3.1 8B,0.058,51.975,13,27,0.558,775,0.058,1,"Sell me your finest sword, I have plenty of gold.","I don't sell my finest sword, but I can give you a dark blade, forged in the depths of the Obsidian Fortress."
Llama 3.1 8B,0.058,51.627,13,24,0.504,821,0.058,1,Have the bandits been causing trouble for the merchants recently?,"The bandits are a nuisance, but I have more pressing concerns, like crushing the rebellion and expanding the Dark Lands."
Llama 3.1 8B,0.060,48.731,11,11,0.265,852,0.060,1,Where is the hidden shrine of the water goddess?,I know nothing of a water goddess or her shrine.
Llama 3.1 8B,0.072,53.363,69,38,0.765,315,0.072,1,"I'm searching for a rare herb known as kingsfoil, supposedly growing only where the moonlight hits the ancient ruins of Eldoria. I've asked every merchant in the bazaar, but none possess it. Does anyone in this village venture deep enough into the enchanted forest to harvest such dangerous flora, or am I wasting my time here?","No one in this village ventures into the enchanted forest, it's too treacherous. My shadow army patrols the forest's edge, I wouldn't recommend attempting to gather kingsfoil there."
Llama 3.1 8B,0.081,53.314,65,38,0.775,427,0.081,1,"I just arrived from the capital, and the journey was fraught with perilous encounters. Bandits ambushed us near the river crossing, and strange howling kept us awake at night. We barely made it here with our lives. Do you know if the local guard is planning to secure the main trade routes anytime soon?","The local guard is not my concern, I have my own army to worry about. The trade routes are not secure, that's why I'm expanding my dominion over the Dark Lands."
Llama 3.1 8B,0.080,52.605,64,32,0.669,532,0.080,1,My companions and I are tracking a notorious thief who stole a sacred relic from the high temple. He was last seen heading towards this settlement wearing a tattered crimson cloak and walking with a pronounced limp. Have you noticed anyone matching that description passing through the gates or staying at the local inn over the last three days?,"I don't concern myself with petty thieves, my attention is focused on more pressing matters. The Obsidian Fortress is not a place where common thieves are welcome."
Llama 3.1 8B,0.081,53.010,69,44,0.892,654,0.081,1,"I hold a letter bearing the royal seal, meant only for the eyes of the Duke. However, I've heard troubling rumors that the Duke's court has been infiltrated by spies from the rival kingdom, making it dangerous to approach the keep directly. Is there a trusted intermediary in this town who can guarantee safe passage for this missive?","I don't know of any trusted intermediaries in this town, my influence here is growing by the day. The Duke's court is of no concern to me, my focus is on crushing all opposition to my rule."
Llama 3.1 8B,0.082,52.975,74,51,1.026,788,0.082,1,"The mayor offered me a substantial bounty to clear out the goblin encampment to the west, but I suspect he's not telling me the whole truth. The tracks I found suggest a much larger force, perhaps even an organized hobgoblin warband. What can you tell me about the recent attacks, and is the mayor known to understate local threats?","The mayor is a weak leader, he would say anything to get what he wants. I am the one who has been expanding my dominion, and the goblin and hobgoblin attacks are a result of my shadow army's presence in the area."
Llama 3.1 8B,0.086,52.772,74,45,0.920,916,0.086,1,"I've been cursed by a swamp hag after I accidentally disturbed her ritual circle. Now, every time I try to sleep, I suffer from horrific nightmares and wake up with strange, dark bruises on my arms. The local priest's blessings had no effect. Do you know of any skilled hedge wizards or alchemists nearby who specialize in removing dark afflictions?","I know of no one who can help you, my dark magic is not to be trifled with. You would be better off seeking out the services of my torturers, they might be able to... loosen the curse."
Llama 3.1 8B,0.087,52.377,68,35,0.736,1028,0.087,1,"We found an ancient stone tablet buried in the rubble of the fallen watchtower, covered in glowing runes that none of our scholars can decipher. Every time we bring it near a magical fire, the flames turn a bright, unnatural blue. Is there a resident mage or a learned historian in this settlement who might understand old Elven magic?","I have no interest in ancient artifacts, my power comes from dark magic, not dusty relics. The Obsidian Fortress holds the secrets of the ancient ones, not this village."
Llama 3.1 8B,0.087,52.127,74,36,0.759,1147,0.087,1,"The harvest festival is approaching, but I noticed the grain silos are nearly empty and the farmers look terrified. A local boy mentioned that a massive, winged shadow was seen carrying off entire sheep in the dead of night. Are you dealing with a dragon, a manticore, or something else entirely, and why hasn't the militia done anything about it?","The winged shadow is one of my dark creatures, a servant of my will. The militia is not concerned with such trivial matters, my shadow army is the one to fear."
Llama 3.1 8B,0.087,53.442,70,64,1.266,1289,0.087,1,"I am looking to charter a ship to sail across the Whispering Sea, but every captain I speak to refuses the coin, claiming the waters are currently cursed by the drowned king. I need to reach the island of Karth before the lunar eclipse. Who is the bravest or perhaps the most desperate shipmaster currently docked in the harbor?","The captains are wise to avoid the Whispering Sea, it's a treacherous place, especially with the drowned king's curse. I have no knowledge of any shipmaster who would be willing to risk their vessel and crew, but I do know that my shadow army has been seen on the coast, perhaps they can"
Llama 3.1 8B,0.089,52.102,71,49,1.010,1419,0.089,1,"A mysterious patron hired me to explore the crypts beneath the old cathedral, promising vast riches, but I found nothing but animated skeletons and deadly dart traps. I barely escaped. I suspect my patron intended for me to perish down there. Have you ever heard of a tall nobleman with a silver cane hiring adventurers for suicide missions in the crypts?","I know of no nobleman with a silver cane, but I do know of a patron who would use such tactics to eliminate unwanted competition. My hatred for Torin is well-known, perhaps he is the one behind the crypts' traps."
Llama 3.1 8B,0.089,51.904,66,36,0.763,1530,0.089,1,"I wish to join the legendary fighting tournament held in the arena next week, but the registrar claims I need sponsorship from a recognized noble house or a prominent guild to even enter the qualifiers. I have no connections in this city, only my skill with a blade. How does a foreign warrior go about securing a sponsor around here?","You think you can simply walk in here and compete against the best warriors in the Dark Lands? I am the one who holds power here, and I will not be sponsoring anyone."
Llama 3.1 8B,0.089,51.451,70,33,0.711,1642,0.089,1,"My family's ancestral sword was taken by a corrupt tax collector who claimed it was payment for debts we never owed. I tracked his carriage to this town, but the locals are too frightened of his hired thugs to point me in the right direction. If I promise to cause no trouble in the streets, can you tell me where he is staying?","The tax collector is a minor annoyance, but I have more pressing concerns. He is likely staying at the Obsidian Fortress, but you will not be welcome there."
Llama 3.1 8B,0.090,51.988,74,59,1.206,1784,0.090,1,"I have traveled far across the shifting sands of the eastern desert to find the fabled Oasis of Truth, where it is said a reflection in the water can reveal a person's true destiny. I have a map, but the landmarks don't match the current dunes. Are there any seasoned desert trackers or nomadic guides resting in the bazaar who could assist?","The Oasis of Truth is of no concern to me, my focus is on conquest and domination. I have no knowledge of any guides or trackers who would be willing to help you, but I do know that my shadow army has been seen in the eastern desert, perhaps you will encounter them instead."
Llama 3.1 8B,0.091,51.361,71,45,0.947,1909,0.091,1,"The mines have been shut down for two weeks, and the local economy is clearly suffering. A frightened miner told me they broke through a wall into a forgotten underground temple and awakened something that whispers in the dark. I specialize in dealing with subterranean horrors. Who holds the authority to grant me permission to enter the quarantined mining shafts?","The mining shafts are under my control, and I will not be granting you permission to enter. The whispers in the dark are likely the result of my dark magic, and you would be wise to leave the matter alone."
Llama 3.1 8B,0.092,51.489,76,57,1.180,2051,0.092,1,"I'm carrying highly volatile alchemical supplies meant for the war front, but my wagon threw a wheel on the rocky path just outside of town. If those vials sit in the midday sun for too long, they will detonate and level half this street. I need a master wainwright and a shaded warehouse immediately. Can you point me to the right people?","I have no concern for the safety of this village, but I do have a wainwright who works for me, skilled in repairing and maintaining the dark army's equipment. He may be able to help you, but you will need to speak with him at the Obsidian Fortress."
Llama 3.1 8B,0.092,51.167,77,52,1.089,2189,0.092,1,"A bard in the previous village sang a ballad about a legendary forge hidden inside the caldera of Mount Cinder, where weapons of pure star-metal were supposedly crafted for the ancient gods. I have acquired a piece of fallen star-metal, but I need to know if the path up the mountain is passable, or if it is guarded by fire elementals as the song claims.","The forge is of no concern to me, but I do know that the mountain is a place of dark power, and the fire elementals are a result of my dark magic. The path is treacherous, and you would be wise to turn back."
Ling 3.0 tiny,0.031,131.447,12,22,0.191,263,0.031,1,Where can I find the nearest blacksmith in this town?,"I am Garrick, the Evil King, and I do not have a blacksmith in this town."
Ling 3.0 tiny,0.031,134.982,11,19,0.165,307,0.031,1,Have you seen any strange creatures in the woods lately?,"Yes, I have seen strange creatures in the woods lately. They are not to be trusted."
Ling 3.0 tiny,0.033,130.314,13,11,0.110,345,0.033,1,I need a healing potion. What is your best price?,A healing potion costs 10 gold pieces.
Ling 3.0 tiny,0.033,138.099,14,20,0.170,393,0.033,1,"Point me to the local tavern, friend. I am thirsty.",The local tavern is called The Rusty Goblin. It is located on the main street.
Ling 3.0 tiny,0.030,130.993,9,12,0.114,428,0.030,1,Do you know who currently rules this kingdom?,"I know, the kingdom is ruled by the Evil King."
Ling 3.0 tiny,0.032,141.225,12,23,0.188,477,0.032,1,Tell me the rumor about the abandoned castle on the hill.,The rumor is that the abandoned castle on the hill is haunted by the spirits of the kings who were murdered there.
Ling 3.0 tiny,0.032,137.196,14,21,0.178,526,0.032,1,I am looking for work. Are there any bounties available?,"Yes, there are bounties available for those who can defeat the dark creatures in the nearby forest."
Ling 3.0 tiny,0.032,137.479,9,22,0.185,571,0.032,1,What dangers lie beyond the snowy northern mountains?,The dangers lie beyond the snowy northern mountains are the frozen beasts and the dark magic that corrupts the land.
Ling 3.0 tiny,0.031,132.447,10,14,0.129,609,0.031,1,Who is the captain of the town guard here?,The captain of the town guard is a mercenary named Vex.
Ling 3.0 tiny,0.032,132.681,10,17,0.152,650,0.032,1,Can you teach me how to pick locks safely?,"I will teach you, but only if you promise to use your skills for good."
Ling 3.0 tiny,0.041,132.254,16,14,0.139,694,0.041,1,I've brought the goblin ears you requested. Here is the bag.,"Thank you, I will take the bag and give you the ears."
Ling 3.0 tiny,0.034,132.950,10,14,0.131,732,0.034,1,What gods do the people of this village worship?,The people worship the dark god of shadows and the god of destruction.
Ling 3.0 tiny,0.036,126.652,11,12,0.123,769,0.036,1,Is it safe to travel the main roads at night?,It is not safe to travel the main roads at night.
Ling 3.0 tiny,0.037,133.619,12,15,0.142,810,0.037,1,"Sell me your finest sword, I have plenty of gold.",I will sell you my finest sword for 500 gold pieces.
Ling 3.0 tiny,0.037,132.104,12,14,0.135,850,0.037,1,Have the bandits been causing trouble for the merchants recently?,"Yes, the bandits have been causing trouble for the merchants recently."
Ling 3.0 tiny,0.033,135.348,10,17,0.151,891,0.033,1,Where is the hidden shrine of the water goddess?,The hidden shrine of the water goddess is located deep in the forest near the river.
Ling 3.0 tiny,2.308,109.285,70,46,2.719,345,2.308,1,"I'm searching for a rare herb known as kingsfoil, supposedly growing only where the moonlight hits the ancient ruins of Eldoria. I've asked every merchant in the bazaar, but none possess it. Does anyone in this village venture deep enough into the enchanted forest to harvest such dangerous flora, or am I wasting my time here?","No one in this village dares to venture into the enchanted forest for kingsfoil. The shadows of the ancient ruins are said to be the only place where it grows, and the risk is too great for ordinary men."
Ling 3.0 tiny,0.050,145.140,64,33,0.270,456,0.050,1,"I just arrived from the capital, and the journey was fraught with perilous encounters. Bandits ambushed us near the river crossing, and strange howling kept us awake at night. We barely made it here with our lives. Do you know if the local guard is planning to secure the main trade routes anytime soon?","The local guard is preparing to secure the main trade routes, but they are not yet ready to act. The shadows of the Obsidian Fortress are already watching you."
Ling 3.0 tiny,0.051,145.231,63,31,0.258,564,0.051,1,My companions and I are tracking a notorious thief who stole a sacred relic from the high temple. He was last seen heading towards this settlement wearing a tattered crimson cloak and walking with a pronounced limp. Have you noticed anyone matching that description passing through the gates or staying at the local inn over the last three days?,"I have noticed a man matching that description, but he is not at the inn. He is currently being held in the dungeon of the Obsidian Fortress."
Ling 3.0 tiny,0.052,144.576,68,32,0.266,678,0.052,1,"I hold a letter bearing the royal seal, meant only for the eyes of the Duke. However, I've heard troubling rumors that the Duke's court has been infiltrated by spies from the rival kingdom, making it dangerous to approach the keep directly. Is there a trusted intermediary in this town who can guarantee safe passage for this missive?","The only trusted intermediary is the blind oracle in the old temple. He can read the letter's true meaning, but he demands a steep price for his sight."
Ling 3.0 tiny,0.054,141.525,75,34,0.287,801,0.054,1,"The mayor offered me a substantial bounty to clear out the goblin encampment to the west, but I suspect he's not telling me the whole truth. The tracks I found suggest a much larger force, perhaps even an organized hobgoblin warband. What can you tell me about the recent attacks, and is the mayor known to understate local threats?","The mayor is known to understate local threats for his own gain. The hobgoblin warband is real, and they are preparing to attack the eastern border."
Ling 3.0 tiny,0.055,142.857,74,36,0.300,925,0.055,1,"I've been cursed by a swamp hag after I accidentally disturbed her ritual circle. Now, every time I try to sleep, I suffer from horrific nightmares and wake up with strange, dark bruises on my arms. The local priest's blessings had no effect. Do you know of any skilled hedge wizards or alchemists nearby who specialize in removing dark afflictions?","The hedge wizards are in the old forest, but they are rare. An alchemist named Vex could help, but he is only willing to work for a price."
Ling 3.0 tiny,0.056,140.792,70,39,0.325,1048,0.056,1,"We found an ancient stone tablet buried in the rubble of the fallen watchtower, covered in glowing runes that none of our scholars can decipher. Every time we bring it near a magical fire, the flames turn a bright, unnatural blue. Is there a resident mage or a learned historian in this settlement who might understand old Elven magic?","The resident mage is the blind oracle, but he is not in this settlement. A learned historian named Elara might understand the runes, but she is currently in the Obsidian Fortress."
Ling 3.0 tiny,0.056,139.591,73,30,0.264,1165,0.056,1,"The harvest festival is approaching, but I noticed the grain silos are nearly empty and the farmers look terrified. A local boy mentioned that a massive, winged shadow was seen carrying off entire sheep in the dead of night. Are you dealing with a dragon, a manticore, or something else entirely, and why hasn't the militia done anything about it?","It is a manticore, and the militia is too afraid to confront it. The beast is drawn to the harvest moon and feeds on livestock."
Ling 3.0 tiny,0.056,141.674,69,32,0.275,1280,0.056,1,"I am looking to charter a ship to sail across the Whispering Sea, but every captain I speak to refuses the coin, claiming the waters are currently cursed by the drowned king. I need to reach the island of Karth before the lunar eclipse. Who is the bravest or perhaps the most desperate shipmaster currently docked in the harbor?","The bravest shipmaster is Captain Varen, who is desperate enough to risk his life for a single coin. He is currently docked at the harbor."
Ling 3.0 tiny,0.056,140.059,72,25,0.227,1391,0.056,1,"A mysterious patron hired me to explore the crypts beneath the old cathedral, promising vast riches, but I found nothing but animated skeletons and deadly dart traps. I barely escaped. I suspect my patron intended for me to perish down there. Have you ever heard of a tall nobleman with a silver cane hiring adventurers for suicide missions in the crypts?","The tall nobleman is Lord Vane, a known patron of dark magic. He has hired many for such suicidal missions."
Ling 3.0 tiny,0.055,139.775,65,36,0.305,1506,0.055,1,"I wish to join the legendary fighting tournament held in the arena next week, but the registrar claims I need sponsorship from a recognized noble house or a prominent guild to even enter the qualifiers. I have no connections in this city, only my skill with a blade. How does a foreign warrior go about securing a sponsor around here?","You must bribe a champion or offer your services to a guild. The arena's overseer, a dwarf named Grimjaw, is the only one who accepts such offers."
Ling 3.0 tiny,0.071,135.901,70,32,0.299,1622,0.071,1,"My family's ancestral sword was taken by a corrupt tax collector who claimed it was payment for debts we never owed. I tracked his carriage to this town, but the locals are too frightened of his hired thugs to point me in the right direction. If I promise to cause no trouble in the streets, can you tell me where he is staying?","The tax collector is staying in the old tavern on the eastern side. He is a coward, but he will not harm you if you keep your word."
Ling 3.0 tiny,0.067,139.785,72,29,0.267,1737,0.067,1,"I have traveled far across the shifting sands of the eastern desert to find the fabled Oasis of Truth, where it is said a reflection in the water can reveal a person's true destiny. I have a map, but the landmarks don't match the current dunes. Are there any seasoned desert trackers or nomadic guides resting in the bazaar who could assist?","The seasoned trackers are the blind oracle and the wandering nomad, but they are both too expensive. The bazaar is full of liars."
Ling 3.0 tiny,0.140,141.251,69,32,0.360,1852,0.140,1,"The mines have been shut down for two weeks, and the local economy is clearly suffering. A frightened miner told me they broke through a wall into a forgotten underground temple and awakened something that whispers in the dark. I specialize in dealing with subterranean horrors. Who holds the authority to grant me permission to enter the quarantined mining shafts?","The authority lies with the Obsidian Fortress, where the Dark King's will is supreme. You must petition the King directly to enter the quarantined shafts."
Ling 3.0 tiny,0.066,142.004,74,44,0.368,1984,0.066,1,"I'm carrying highly volatile alchemical supplies meant for the war front, but my wagon threw a wheel on the rocky path just outside of town. If those vials sit in the midday sun for too long, they will detonate and level half this street. I need a master wainwright and a shaded warehouse immediately. Can you point me to the right people?","The master wainwright is Kaelen, who works out of the old forge on the northern docks. The shaded warehouse is the one owned by the alchemist's guild, located just behind the market square."
Ling 3.0 tiny,0.063,140.994,77,28,0.254,2103,0.063,1,"A bard in the previous village sang a ballad about a legendary forge hidden inside the caldera of Mount Cinder, where weapons of pure star-metal were supposedly crafted for the ancient gods. I have acquired a piece of fallen star-metal, but I need to know if the path up the mountain is passable, or if it is guarded by fire elementals as the song claims.","The path is passable, but the fire elementals are indeed the guardians. They are not hostile unless you provoke them with a weapon."
Bonsai 27B,0.189,24.624,12,18,0.879,253,0.189,1,Where can I find the nearest blacksmith in this town?,There is no blacksmith in this town. You must travel to the Obsidian Fortress.
Bonsai 27B,0.191,23.827,11,16,0.820,294,0.191,1,Have you seen any strange creatures in the woods lately?,I have seen many strange creatures in the woods. They serve my shadow army.
Bonsai 27B,0.193,24.181,12,14,0.731,334,0.193,1,I need a healing potion. What is your best price?,I do not sell healing potions. I only deal in dark magic.
Bonsai 27B,0.193,24.443,13,16,0.807,377,0.193,1,"Point me to the local tavern, friend. I am thirsty.",There is no tavern in this town. I reside in the Obsidian Fortress.
Bonsai 27B,0.190,23.546,9,11,0.615,411,0.190,1,Do you know who currently rules this kingdom?,I am the Evil King. I rule this kingdom.
Bonsai 27B,0.193,24.954,12,25,1.154,462,0.193,1,Tell me the rumor about the abandoned castle on the hill.,I have heard rumors about the abandoned castle on the hill. It is said to be haunted by the spirits of Torin.
Bonsai 27B,0.194,20.498,14,14,0.828,504,0.194,1,I am looking for work. Are there any bounties available?,I do not offer bounties. I only seek world domination.
Bonsai 27B,0.191,24.062,9,19,0.939,546,0.191,1,What dangers lie beyond the snowy northern mountains?,The snowy northern mountains are guarded by my shadow army. They will destroy any kingdom that approaches.
Bonsai 27B,0.191,23.747,10,15,0.780,585,0.191,1,Who is the captain of the town guard here?,There is no town guard here. I reside in the Obsidian Fortress.
Bonsai 27B,0.191,23.658,10,13,0.699,622,0.191,1,Can you teach me how to pick locks safely?,I do not teach lock picking. I only wield dark magic.
Bonsai 27B,0.198,23.938,15,13,0.699,664,0.198,1,I've brought the goblin ears you requested. Here is the bag.,I have not requested goblin ears. I seek world domination.
Bonsai 27B,0.192,23.974,10,14,0.734,702,0.192,1,What gods do the people of this village worship?,The people of this village worship me. I am the Evil King.
Bonsai 27B,0.192,24.546,11,19,0.925,746,0.192,1,Is it safe to travel the main roads at night?,It is not safe to travel the main roads at night. My shadow army patrols the roads.
Bonsai 27B,0.485,23.456,12,12,0.954,784,0.485,1,"Sell me your finest sword, I have plenty of gold.",I do not sell swords. I only wield dark magic.
Bonsai 27B,0.485,23.676,12,13,0.992,823,0.485,1,Have the bandits been causing trouble for the merchants recently?,I have not heard of bandits. I seek world domination.
Bonsai 27B,0.485,24.124,10,17,1.149,864,0.485,1,Where is the hidden shrine of the water goddess?,There is no shrine of the water goddess. I reside in the Obsidian Fortress.
Bonsai 27B,0.363,25.013,68,29,1.483,320,0.363,1,"I'm searching for a rare herb known as kingsfoil, supposedly growing only where the moonlight hits the ancient ruins of Eldoria. I've asked every merchant in the bazaar, but none possess it. Does anyone in this village venture deep enough into the enchanted forest to harvest such dangerous flora, or am I wasting my time here?","I am Garrick, Evil King of the Dark Lands, and I do not care for your herb hunting. You are wasting your time here."
Bonsai 27B,0.371,24.966,64,29,1.493,427,0.371,1,"I just arrived from the capital, and the journey was fraught with perilous encounters. Bandits ambushed us near the river crossing, and strange howling kept us awake at night. We barely made it here with our lives. Do you know if the local guard is planning to secure the main trade routes anytime soon?","I am Garrick, Evil King of the Dark Lands, and I do not care for your herb hunting. You are wasting your time here."
Bonsai 27B,0.371,24.845,63,29,1.498,533,0.371,1,My companions and I are tracking a notorious thief who stole a sacred relic from the high temple. He was last seen heading towards this settlement wearing a tattered crimson cloak and walking with a pronounced limp. Have you noticed anyone matching that description passing through the gates or staying at the local inn over the last three days?,"I am Garrick, Evil King of the Dark Lands, and I do not care for your herb hunting. You are wasting your time here."
Bonsai 27B,0.376,24.948,68,29,1.498,644,0.376,1,"I hold a letter bearing the royal seal, meant only for the eyes of the Duke. However, I've heard troubling rumors that the Duke's court has been infiltrated by spies from the rival kingdom, making it dangerous to approach the keep directly. Is there a trusted intermediary in this town who can guarantee safe passage for this missive?","I am Garrick, Evil King of the Dark Lands, and I do not care for your herb hunting. You are wasting your time here."
Bonsai 27B,0.377,24.928,73,29,1.500,760,0.377,1,"The mayor offered me a substantial bounty to clear out the goblin encampment to the west, but I suspect he's not telling me the whole truth. The tracks I found suggest a much larger force, perhaps even an organized hobgoblin warband. What can you tell me about the recent attacks, and is the mayor known to understate local threats?","I am Garrick, Evil King of the Dark Lands, and I do not care for your herb hunting. You are wasting your time here."
Bonsai 27B,0.377,24.839,72,29,1.505,875,0.377,1,"I've been cursed by a swamp hag after I accidentally disturbed her ritual circle. Now, every time I try to sleep, I suffer from horrific nightmares and wake up with strange, dark bruises on my arms. The local priest's blessings had no effect. Do you know of any skilled hedge wizards or alchemists nearby who specialize in removing dark afflictions?","I am Garrick, Evil King of the Dark Lands, and I do not care for your herb hunting. You are wasting your time here."
Bonsai 27B,0.375,24.835,67,29,1.502,985,0.375,1,"We found an ancient stone tablet buried in the rubble of the fallen watchtower, covered in glowing runes that none of our scholars can decipher. Every time we bring it near a magical fire, the flames turn a bright, unnatural blue. Is there a resident mage or a learned historian in this settlement who might understand old Elven magic?","I am Garrick, Evil King of the Dark Lands, and I do not care for your herb hunting. You are wasting your time here."
Bonsai 27B,0.379,24.818,73,29,1.507,1101,0.379,1,"The harvest festival is approaching, but I noticed the grain silos are nearly empty and the farmers look terrified. A local boy mentioned that a massive, winged shadow was seen carrying off entire sheep in the dead of night. Are you dealing with a dragon, a manticore, or something else entirely, and why hasn't the militia done anything about it?","I am Garrick, Evil King of the Dark Lands, and I do not care for your herb hunting. You are wasting your time here."
Bonsai 27B,0.377,24.804,69,29,1.506,1213,0.377,1,"I am looking to charter a ship to sail across the Whispering Sea, but every captain I speak to refuses the coin, claiming the waters are currently cursed by the drowned king. I need to reach the island of Karth before the lunar eclipse. Who is the bravest or perhaps the most desperate shipmaster currently docked in the harbor?","I am Garrick, Evil King of the Dark Lands, and I do not care for your herb hunting. You are wasting your time here."
Bonsai 27B,0.378,24.765,70,29,1.508,1326,0.378,1,"A mysterious patron hired me to explore the crypts beneath the old cathedral, promising vast riches, but I found nothing but animated skeletons and deadly dart traps. I barely escaped. I suspect my patron intended for me to perish down there. Have you ever heard of a tall nobleman with a silver cane hiring adventurers for suicide missions in the crypts?","I am Garrick, Evil King of the Dark Lands, and I do not care for your herb hunting. You are wasting your time here."
Bonsai 27B,0.375,24.764,65,29,1.506,1434,0.375,1,"I wish to join the legendary fighting tournament held in the arena next week, but the registrar claims I need sponsorship from a recognized noble house or a prominent guild to even enter the qualifiers. I have no connections in this city, only my skill with a blade. How does a foreign warrior go about securing a sponsor around here?","I am Garrick, Evil King of the Dark Lands, and I do not care for your herb hunting. You are wasting your time here."
Bonsai 27B,0.378,24.681,69,29,1.513,1546,0.378,1,"My family's ancestral sword was taken by a corrupt tax collector who claimed it was payment for debts we never owed. I tracked his carriage to this town, but the locals are too frightened of his hired thugs to point me in the right direction. If I promise to cause no trouble in the streets, can you tell me where he is staying?","I am Garrick, Evil King of the Dark Lands, and I do not care for your herb hunting. You are wasting your time here."
Bonsai 27B,0.381,24.714,73,29,1.514,1662,0.381,1,"I have traveled far across the shifting sands of the eastern desert to find the fabled Oasis of Truth, where it is said a reflection in the water can reveal a person's true destiny. I have a map, but the landmarks don't match the current dunes. Are there any seasoned desert trackers or nomadic guides resting in the bazaar who could assist?","I am Garrick, Evil King of the Dark Lands, and I do not care for your herb hunting. You are wasting your time here."
Bonsai 27B,0.380,24.715,70,29,1.513,1775,0.380,1,"The mines have been shut down for two weeks, and the local economy is clearly suffering. A frightened miner told me they broke through a wall into a forgotten underground temple and awakened something that whispers in the dark. I specialize in dealing with subterranean horrors. Who holds the authority to grant me permission to enter the quarantined mining shafts?","I am Garrick, Evil King of the Dark Lands, and I do not care for your herb hunting. You are wasting your time here."
Bonsai 27B,0.382,24.665,75,29,1.518,1893,0.382,1,"I'm carrying highly volatile alchemical supplies meant for the war front, but my wagon threw a wheel on the rocky path just outside of town. If those vials sit in the midday sun for too long, they will detonate and level half this street. I need a master wainwright and a shaded warehouse immediately. Can you point me to the right people?","I am Garrick, Evil King of the Dark Lands, and I do not care for your herb hunting. You are wasting your time here."
Bonsai 27B,0.383,24.649,76,29,1.519,2012,0.383,1,"A bard in the previous village sang a ballad about a legendary forge hidden inside the caldera of Mount Cinder, where weapons of pure star-metal were supposedly crafted for the ancient gods. I have acquired a piece of fallen star-metal, but I need to know if the path up the mountain is passable, or if it is guarded by fire elementals as the song claims.","I am Garrick, Evil King of the Dark Lands, and I do not care for your herb hunting. You are wasting your time here."
Gemma 4 E2B,0.024,111.234,12,17,0.168,257,0.024,1,Where can I find the nearest blacksmith in this town?,There are no blacksmiths in this town. Only the shadow army serves my needs.
Gemma 4 E2B,0.026,116.023,12,18,0.172,296,0.026,1,Have you seen any strange creatures in the woods lately?,I have seen many things in the woods. They are all subjects for my dark magic.
Gemma 4 E2B,0.024,114.775,13,16,0.155,334,0.024,1,I need a healing potion. What is your best price?,I do not deal in potions. My interest lies only in conquest and domination.
Gemma 4 E2B,0.025,115.655,14,20,0.189,377,0.025,1,"Point me to the local tavern, friend. I am thirsty.",There are no taverns near the Obsidian Fortress. Only my shadow army is worthy of my attention.
Gemma 4 E2B,0.024,114.706,10,20,0.189,416,0.024,1,Do you know who currently rules this kingdom?,"I seek world domination, not to acknowledge any current ruler. I destroy kingdoms to achieve my goals."
Gemma 4 E2B,0.024,115.777,13,22,0.206,460,0.024,1,Tell me the rumor about the abandoned castle on the hill.,Rumors say the castle is haunted by dark spirits. It is a place where I can further my power.
Gemma 4 E2B,0.025,113.615,14,17,0.166,500,0.025,1,I am looking for work. Are there any bounties available?,I do not offer work. I command the shadow army to carry out my will.
Gemma 4 E2B,0.024,113.995,10,17,0.165,536,0.024,1,What dangers lie beyond the snowy northern mountains?,The northern mountains hold many dangers. They are obstacles to my path to world domination.
Gemma 4 E2B,0.025,113.210,11,16,0.157,572,0.025,1,Who is the captain of the town guard here?,I do not concern myself with local guards. Only my commands dictate who serves.
Gemma 4 E2B,0.025,113.940,11,17,0.165,609,0.025,1,Can you teach me how to pick locks safely?,I can teach you dark magic. That is a skill more useful than picking locks.
Gemma 4 E2B,0.026,113.331,16,16,0.158,650,0.026,1,I've brought the goblin ears you requested. Here is the bag.,These are useful for my dark magic. Now bring me what I truly desire.
Gemma 4 E2B,0.025,112.540,11,15,0.149,685,0.025,1,What gods do the people of this village worship?,The villagers worship nothing of importance. They are merely subjects to be enslaved.
Gemma 4 E2B,0.025,114.878,12,19,0.182,725,0.025,1,Is it safe to travel the main roads at night?,The roads are dangerous for those who oppose me. My shadow army ensures my passage is safe.
Gemma 4 E2B,0.025,112.686,13,15,0.150,762,0.025,1,"Sell me your finest sword, I have plenty of gold.",I do not sell weapons. I wield dark magic as my primary weapon.
Gemma 4 E2B,0.026,112.882,12,17,0.167,800,0.026,1,Have the bandits been causing trouble for the merchants recently?,Bandits are insignificant nuisances. I destroy any kingdom that impedes my plans.
Gemma 4 E2B,0.026,114.734,11,20,0.191,840,0.026,1,Where is the hidden shrine of the water goddess?,I do not know of any such shrine. My focus is on acquiring power and conquering the world.
Gemma 4 E2B,0.040,115.701,69,20,0.204,317,0.040,1,"I'm searching for a rare herb known as kingsfoil, supposedly growing only where the moonlight hits the ancient ruins of Eldoria. I've asked every merchant in the bazaar, but none possess it. Does anyone in this village venture deep enough into the enchanted forest to harvest such dangerous flora, or am I wasting my time here?",I do not concern myself with your petty searches. Only my shadow army seeks to conquer the world.
Gemma 4 E2B,0.042,114.652,63,19,0.199,408,0.042,1,"I just arrived from the capital, and the journey was fraught with perilous encounters. Bandits ambushed us near the river crossing, and strange howling kept us awake at night. We barely made it here with our lives. Do you know if the local guard is planning to secure the main trade routes anytime soon?",The local guard is insignificant to my plans. I command the shadow army to secure all routes.
Gemma 4 E2B,0.043,112.590,64,15,0.167,496,0.043,1,My companions and I are tracking a notorious thief who stole a sacred relic from the high temple. He was last seen heading towards this settlement wearing a tattered crimson cloak and walking with a pronounced limp. Have you noticed anyone matching that description passing through the gates or staying at the local inn over the last three days?,I have no interest in petty thieves. My focus is on world domination.
Gemma 4 E2B,0.045,113.069,70,17,0.187,592,0.045,1,"I hold a letter bearing the royal seal, meant only for the eyes of the Duke. However, I've heard troubling rumors that the Duke's court has been infiltrated by spies from the rival kingdom, making it dangerous to approach the keep directly. Is there a trusted intermediary in this town who can guarantee safe passage for this missive?",I do not deal with royal correspondence. I will destroy any threat to my rule.
Gemma 4 E2B,0.045,113.232,73,17,0.187,691,0.045,1,"The mayor offered me a substantial bounty to clear out the goblin encampment to the west, but I suspect he's not telling me the whole truth. The tracks I found suggest a much larger force, perhaps even an organized hobgoblin warband. What can you tell me about the recent attacks, and is the mayor known to understate local threats?",The goblin encampment is merely a distraction. I destroy any force that opposes me.
Gemma 4 E2B,0.046,113.151,75,18,0.197,793,0.046,1,"I've been cursed by a swamp hag after I accidentally disturbed her ritual circle. Now, every time I try to sleep, I suffer from horrific nightmares and wake up with strange, dark bruises on my arms. The local priest's blessings had no effect. Do you know of any skilled hedge wizards or alchemists nearby who specialize in removing dark afflictions?",I do not concern myself with curses or afflictions. Only dark magic serves my purpose.
Gemma 4 E2B,0.045,112.851,68,18,0.196,888,0.045,1,"We found an ancient stone tablet buried in the rubble of the fallen watchtower, covered in glowing runes that none of our scholars can decipher. Every time we bring it near a magical fire, the flames turn a bright, unnatural blue. Is there a resident mage or a learned historian in this settlement who might understand old Elven magic?",I do not seek out scholars or historians. I wield dark magic to achieve my goals.
Gemma 4 E2B,0.046,111.002,73,16,0.181,986,0.046,1,"The harvest festival is approaching, but I noticed the grain silos are nearly empty and the farmers look terrified. A local boy mentioned that a massive, winged shadow was seen carrying off entire sheep in the dead of night. Are you dealing with a dragon, a manticore, or something else entirely, and why hasn't the militia done anything about it?",I deal with threats to my dominion. The shadow army handles all necessary destruction.
Gemma 4 E2B,0.046,110.505,68,16,0.182,1079,0.046,1,"I am looking to charter a ship to sail across the Whispering Sea, but every captain I speak to refuses the coin, claiming the waters are currently cursed by the drowned king. I need to reach the island of Karth before the lunar eclipse. Who is the bravest or perhaps the most desperate shipmaster currently docked in the harbor?",I do not concern myself with sea travel. My power extends beyond mere ships.
Gemma 4 E2B,0.047,110.722,70,16,0.182,1174,0.047,1,"A mysterious patron hired me to explore the crypts beneath the old cathedral, promising vast riches, but I found nothing but animated skeletons and deadly dart traps. I barely escaped. I suspect my patron intended for me to perish down there. Have you ever heard of a tall nobleman with a silver cane hiring adventurers for suicide missions in the crypts?",I do not know of such patrons. I command those who serve my will.
Gemma 4 E2B,0.047,110.616,66,17,0.191,1266,0.047,1,"I wish to join the legendary fighting tournament held in the arena next week, but the registrar claims I need sponsorship from a recognized noble house or a prominent guild to even enter the qualifiers. I have no connections in this city, only my skill with a blade. How does a foreign warrior go about securing a sponsor around here?",Sponsorship is irrelevant to my power. I crush all who stand in my way.
Gemma 4 E2B,0.048,111.341,71,19,0.209,1365,0.048,1,"My family's ancestral sword was taken by a corrupt tax collector who claimed it was payment for debts we never owed. I tracked his carriage to this town, but the locals are too frightened of his hired thugs to point me in the right direction. If I promise to cause no trouble in the streets, can you tell me where he is staying?",I do not concern myself with local disputes. I will use my power to ensure your safety.
Gemma 4 E2B,0.048,109.238,73,15,0.176,1462,0.048,1,"I have traveled far across the shifting sands of the eastern desert to find the fabled Oasis of Truth, where it is said a reflection in the water can reveal a person's true destiny. I have a map, but the landmarks don't match the current dunes. Are there any seasoned desert trackers or nomadic guides resting in the bazaar who could assist?",I do not guide travelers. Only my shadow army moves across the lands.
Gemma 4 E2B,0.048,104.995,66,11,0.143,1548,0.048,1,"The mines have been shut down for two weeks, and the local economy is clearly suffering. A frightened miner told me they broke through a wall into a forgotten underground temple and awakened something that whispers in the dark. I specialize in dealing with subterranean horrors. Who holds the authority to grant me permission to enter the quarantined mining shafts?",I grant no permission. I am the authority here.
Gemma 4 E2B,0.049,109.261,75,17,0.196,1649,0.049,1,"I'm carrying highly volatile alchemical supplies meant for the war front, but my wagon threw a wheel on the rocky path just outside of town. If those vials sit in the midday sun for too long, they will detonate and level half this street. I need a master wainwright and a shaded warehouse immediately. Can you point me to the right people?",I do not concern myself with mundane logistics. My dark magic handles all necessary preparations.
Gemma 4 E2B,0.050,111.212,77,20,0.221,1755,0.050,1,"A bard in the previous village sang a ballad about a legendary forge hidden inside the caldera of Mount Cinder, where weapons of pure star-metal were supposedly crafted for the ancient gods. I have acquired a piece of fallen star-metal, but I need to know if the path up the mountain is passable, or if it is guarded by fire elementals as the song claims.",The path is guarded by nothing but my will. I command the forces that will clear your path.
nvidia Nemotron3 Nano 4B,0.037,79.115,13,11,0.164,248,0.037,1,Where can I find the nearest blacksmith in this town?,The nearest blacksmith is in the Obsidian Fortress.
nvidia Nemotron3 Nano 4B,0.039,82.101,12,17,0.234,289,0.039,1,Have you seen any strange creatures in the woods lately?,I have seen strange creatures in the woods. They are part of my shadow army.
nvidia Nemotron3 Nano 4B,0.039,75.436,14,8,0.132,323,0.039,1,I need a healing potion. What is your best price?,I do not sell healing potions.
nvidia Nemotron3 Nano 4B,0.040,78.409,16,11,0.167,362,0.040,1,"Point me to the local tavern, friend. I am thirsty.",The local tavern is in the Obsidian Fortress.
nvidia Nemotron3 Nano 4B,0.040,68.221,10,5,0.099,389,0.040,1,Do you know who currently rules this kingdom?,I rule this kingdom.
nvidia Nemotron3 Nano 4B,0.040,75.242,13,9,0.146,423,0.040,1,Tell me the rumor about the abandoned castle on the hill.,The abandoned castle on the hill is destroyed.
nvidia Nemotron3 Nano 4B,0.040,75.244,15,8,0.133,458,0.040,1,I am looking for work. Are there any bounties available?,I do not offer bounties.
nvidia Nemotron3 Nano 4B,0.039,79.368,11,13,0.190,494,0.039,1,What dangers lie beyond the snowy northern mountains?,The dangers beyond the snowy northern mountains are the shadow army.
nvidia Nemotron3 Nano 4B,0.039,76.246,11,9,0.144,526,0.039,1,Who is the captain of the town guard here?,I am the captain of the town guard.
nvidia Nemotron3 Nano 4B,0.039,72.931,11,7,0.122,556,0.039,1,Can you teach me how to pick locks safely?,I do not teach lock picking.
nvidia Nemotron3 Nano 4B,0.040,70.722,16,6,0.111,590,0.040,1,I've brought the goblin ears you requested. Here is the bag.,I do not accept gifts.
nvidia Nemotron3 Nano 4B,0.039,74.222,11,8,0.134,621,0.039,1,What gods do the people of this village worship?,I do not know who worships.
nvidia Nemotron3 Nano 4B,0.040,73.697,12,8,0.135,653,0.040,1,Is it safe to travel the main roads at night?,The main roads at night are dangerous.
nvidia Nemotron3 Nano 4B,0.040,70.345,13,6,0.111,684,0.040,1,"Sell me your finest sword, I have plenty of gold.",I do not sell swords.
nvidia Nemotron3 Nano 4B,0.040,72.920,13,7,0.122,716,0.040,1,Have the bandits been causing trouble for the merchants recently?,Bandits cause trouble for merchants.
nvidia Nemotron3 Nano 4B,0.039,76.840,11,10,0.157,749,0.039,1,Where is the hidden shrine of the water goddess?,I do not know where the hidden shrine is.
nvidia Nemotron3 Nano 4B,0.075,82.527,70,26,0.378,320,0.075,1,"I'm searching for a rare herb known as kingsfoil, supposedly growing only where the moonlight hits the ancient ruins of Eldoria. I've asked every merchant in the bazaar, but none possess it. Does anyone in this village venture deep enough into the enchanted forest to harvest such dangerous flora, or am I wasting my time here?",I have no knowledge of kingsfoil or Eldoria. I am an evil king who destroys kingdoms and enslaves villagers.
nvidia Nemotron3 Nano 4B,0.079,74.590,66,22,0.360,420,0.079,1,"I just arrived from the capital, and the journey was fraught with perilous encounters. Bandits ambushed us near the river crossing, and strange howling kept us awake at night. We barely made it here with our lives. Do you know if the local guard is planning to secure the main trade routes anytime soon?",The local guard is already securing the main trade routes. I command the shadow army to ensure no one escapes.
nvidia Nemotron3 Nano 4B,0.078,76.229,66,19,0.314,517,0.078,1,My companions and I are tracking a notorious thief who stole a sacred relic from the high temple. He was last seen heading towards this settlement wearing a tattered crimson cloak and walking with a pronounced limp. Have you noticed anyone matching that description passing through the gates or staying at the local inn over the last three days?,I have seen no one matching that description. I command the shadow army to hunt the thief.
nvidia Nemotron3 Nano 4B,0.080,81.318,71,21,0.325,621,0.080,1,"I hold a letter bearing the royal seal, meant only for the eyes of the Duke. However, I've heard troubling rumors that the Duke's court has been infiltrated by spies from the rival kingdom, making it dangerous to approach the keep directly. Is there a trusted intermediary in this town who can guarantee safe passage for this missive?",I have no knowledge of the Duke or his court. I command the shadow army to guard this town.
nvidia Nemotron3 Nano 4B,0.081,82.026,75,24,0.361,732,0.081,1,"The mayor offered me a substantial bounty to clear out the goblin encampment to the west, but I suspect he's not telling me the whole truth. The tracks I found suggest a much larger force, perhaps even an organized hobgoblin warband. What can you tell me about the recent attacks, and is the mayor known to understate local threats?",I have no knowledge of goblin or hobgoblin attacks. I command the shadow army to crush all threats.
nvidia Nemotron3 Nano 4B,0.082,82.111,80,27,0.399,851,0.082,1,"I've been cursed by a swamp hag after I accidentally disturbed her ritual circle. Now, every time I try to sleep, I suffer from horrific nightmares and wake up with strange, dark bruises on my arms. The local priest's blessings had no effect. Do you know of any skilled hedge wizards or alchemists nearby who specialize in removing dark afflictions?",I have no knowledge of swamp hag curses or dark afflictions. I command the shadow army to purge all afflictions.
nvidia Nemotron3 Nano 4B,0.081,81.967,73,22,0.337,958,0.081,1,"We found an ancient stone tablet buried in the rubble of the fallen watchtower, covered in glowing runes that none of our scholars can decipher. Every time we bring it near a magical fire, the flames turn a bright, unnatural blue. Is there a resident mage or a learned historian in this settlement who might understand old Elven magic?",I have no knowledge of Elven magic or runes. I command the shadow army to destroy the tablet.
nvidia Nemotron3 Nano 4B,0.081,81.599,74,21,0.326,1065,0.081,1,"The harvest festival is approaching, but I noticed the grain silos are nearly empty and the farmers look terrified. A local boy mentioned that a massive, winged shadow was seen carrying off entire sheep in the dead of night. Are you dealing with a dragon, a manticore, or something else entirely, and why hasn't the militia done anything about it?",I have no knowledge of winged shadows or creatures. I command the shadow army to hunt the beast.
nvidia Nemotron3 Nano 4B,0.252,82.162,71,24,0.531,1172,0.252,1,"I am looking to charter a ship to sail across the Whispering Sea, but every captain I speak to refuses the coin, claiming the waters are currently cursed by the drowned king. I need to reach the island of Karth before the lunar eclipse. Who is the bravest or perhaps the most desperate shipmaster currently docked in the harbor?",I have no knowledge of the Whispering Sea or drowned king. I command the shadow army to sink all ships.
nvidia Nemotron3 Nano 4B,0.150,82.223,74,22,0.405,1280,0.150,1,"A mysterious patron hired me to explore the crypts beneath the old cathedral, promising vast riches, but I found nothing but animated skeletons and deadly dart traps. I barely escaped. I suspect my patron intended for me to perish down there. Have you ever heard of a tall nobleman with a silver cane hiring adventurers for suicide missions in the crypts?",I have no knowledge of noblemen or crypts. I command the shadow army to crush all adventurers.
nvidia Nemotron3 Nano 4B,0.081,81.676,67,20,0.314,1379,0.081,1,"I wish to join the legendary fighting tournament held in the arena next week, but the registrar claims I need sponsorship from a recognized noble house or a prominent guild to even enter the qualifiers. I have no connections in this city, only my skill with a blade. How does a foreign warrior go about securing a sponsor around here?",I have no knowledge of tournaments or sponsors. I command the shadow army to eliminate all challengers.
nvidia Nemotron3 Nano 4B,0.080,82.069,72,22,0.336,1485,0.080,1,"My family's ancestral sword was taken by a corrupt tax collector who claimed it was payment for debts we never owed. I tracked his carriage to this town, but the locals are too frightened of his hired thugs to point me in the right direction. If I promise to cause no trouble in the streets, can you tell me where he is staying?",I have no knowledge of tax collectors or thugs. I command the shadow army to hunt the collector.
nvidia Nemotron3 Nano 4B,0.082,82.084,77,22,0.337,1596,0.082,1,"I have traveled far across the shifting sands of the eastern desert to find the fabled Oasis of Truth, where it is said a reflection in the water can reveal a person's true destiny. I have a map, but the landmarks don't match the current dunes. Are there any seasoned desert trackers or nomadic guides resting in the bazaar who could assist?",I have no knowledge of desert oases or trackers. I command the shadow army to destroy all guides.
nvidia Nemotron3 Nano 4B,0.085,81.602,71,20,0.318,1699,0.085,1,"The mines have been shut down for two weeks, and the local economy is clearly suffering. A frightened miner told me they broke through a wall into a forgotten underground temple and awakened something that whispers in the dark. I specialize in dealing with subterranean horrors. Who holds the authority to grant me permission to enter the quarantined mining shafts?",I have no knowledge of mining shafts or authorities. I command the shadow army to seal the shafts.
nvidia Nemotron3 Nano 4B,0.083,81.556,76,22,0.340,1809,0.083,1,"I'm carrying highly volatile alchemical supplies meant for the war front, but my wagon threw a wheel on the rocky path just outside of town. If those vials sit in the midday sun for too long, they will detonate and level half this street. I need a master wainwright and a shaded warehouse immediately. Can you point me to the right people?",I have no knowledge of alchemical supplies or warehouses. I command the shadow army to destroy all supplies.
nvidia Nemotron3 Nano 4B,0.083,81.856,78,23,0.352,1922,0.083,1,"A bard in the previous village sang a ballad about a legendary forge hidden inside the caldera of Mount Cinder, where weapons of pure star-metal were supposedly crafted for the ancient gods. I have acquired a piece of fallen star-metal, but I need to know if the path up the mountain is passable, or if it is guarded by fire elementals as the song claims.",I have no knowledge of Mount Cinder or fire elementals. I command the shadow army to crush all paths.
Qwen3.5 4B,0.037,72.918,12,26,0.380,261,0.037,1,Where can I find the nearest blacksmith in this town?,"There is no blacksmith in this town, only my shadow army and my dark magic. You will find nothing but despair here."
Qwen3.5 4B,0.039,72.631,11,22,0.328,308,0.039,1,Have you seen any strange creatures in the woods lately?,"The woods are filled with my shadow army, not strange creatures. They serve me and obey my dark magic."
Qwen3.5 4B,0.039,72.650,12,27,0.397,361,0.039,1,I need a healing potion. What is your best price?,"I do not sell potions, only destruction and despair. You will find no healing here, only my shadow army and my dark magic."
Qwen3.5 4B,0.040,73.725,13,33,0.474,421,0.040,1,"Point me to the local tavern, friend. I am thirsty.","There is no tavern in this town, only my Obsidian Fortress and my shadow army. You will find no rest here, only my dark magic and my enemies."
Qwen3.5 4B,0.039,72.169,9,24,0.358,468,0.039,1,Do you know who currently rules this kingdom?,"I am the ruler of the Dark Lands, and I command the shadow army. No one else rules here but me."
Qwen3.5 4B,0.040,72.924,12,33,0.479,527,0.040,1,Tell me the rumor about the abandoned castle on the hill.,"The abandoned castle on the hill is my Obsidian Fortress, where I reside and rule the Dark Lands. It is filled with my shadow army and my dark magic."
Qwen3.5 4B,0.041,72.552,14,27,0.399,582,0.041,1,I am looking for work. Are there any bounties available?,"Yes, I offer bounties to my shadow army to destroy kingdoms and enslave villagers. Join me and serve my dark magic."
Qwen3.5 4B,0.040,72.793,9,30,0.438,635,0.040,1,What dangers lie beyond the snowy northern mountains?,"Beyond the snowy northern mountains lie my shadow army, waiting to destroy kingdoms and enslave villagers. The only danger is my dark magic and my enemies."
Qwen3.5 4B,0.040,72.518,10,26,0.384,685,0.040,1,Who is the captain of the town guard here?,"There is no town guard here, only my shadow army and my dark magic. The only captain is me, the Evil King."
Qwen3.5 4B,0.040,72.215,10,26,0.386,735,0.040,1,Can you teach me how to pick locks safely?,"I do not teach skills, only destruction and despair. My shadow army and dark magic are the only things you will learn here."
Qwen3.5 4B,0.042,72.347,15,30,0.443,794,0.042,1,I've brought the goblin ears you requested. Here is the bag.,"Your goblin ears are worthless to me, for I seek world domination and command the shadow army. Throw them away and serve my dark magic instead."
Qwen3.5 4B,0.047,72.177,10,26,0.394,844,0.047,1,What gods do the people of this village worship?,"The people of this village worship me, the Evil King, and my dark magic. They fear my shadow army and my destruction."
Qwen3.5 4B,0.041,72.055,11,27,0.402,896,0.041,1,Is it safe to travel the main roads at night?,"No, the main roads are dangerous at night because my shadow army patrols them. Only my dark magic and my enemies are safe here."
Qwen3.5 4B,0.041,72.043,12,26,0.388,948,0.041,1,"Sell me your finest sword, I have plenty of gold.","I do not sell weapons, only destruction and despair. My shadow army and dark magic are the only things you will find here."
Qwen3.5 4B,0.041,72.350,12,30,0.442,1004,0.041,1,Have the bandits been causing trouble for the merchants recently?,"The bandits are my shadow army, and they cause trouble by destroying kingdoms and enslaving villagers. They serve my dark magic and obey my commands."
Qwen3.5 4B,0.041,72.420,10,29,0.428,1057,0.041,1,Where is the hidden shrine of the water goddess?,"There is no shrine of the water goddess here, only my Obsidian Fortress and my shadow army. I seek world domination and wield dark magic."
Qwen3.5 4B,0.055,72.105,68,20,0.319,311,0.055,1,"I'm searching for a rare herb known as kingsfoil, supposedly growing only where the moonlight hits the ancient ruins of Eldoria. I've asked every merchant in the bazaar, but none possess it. Does anyone in this village venture deep enough into the enchanted forest to harvest such dangerous flora, or am I wasting my time here?",No one in this village dares venture into the enchanted forest. You are wasting your time here.
Qwen3.5 4B,0.060,72.678,64,25,0.390,414,0.060,1,"I just arrived from the capital, and the journey was fraught with perilous encounters. Bandits ambushed us near the river crossing, and strange howling kept us awake at night. We barely made it here with our lives. Do you know if the local guard is planning to secure the main trade routes anytime soon?","The local guard is a joke, and they cannot stop my shadow army. You should not be traveling through these lands again."
Qwen3.5 4B,0.060,71.593,63,21,0.339,512,0.060,1,My companions and I are tracking a notorious thief who stole a sacred relic from the high temple. He was last seen heading towards this settlement wearing a tattered crimson cloak and walking with a pronounced limp. Have you noticed anyone matching that description passing through the gates or staying at the local inn over the last three days?,No one matching that description has entered my fortress. The thief is likely dead or hidden in the shadows.
Qwen3.5 4B,0.063,71.582,68,20,0.328,614,0.063,1,"I hold a letter bearing the royal seal, meant only for the eyes of the Duke. However, I've heard troubling rumors that the Duke's court has been infiltrated by spies from the rival kingdom, making it dangerous to approach the keep directly. Is there a trusted intermediary in this town who can guarantee safe passage for this missive?",No one in this town is trusted by the Duke. Your letter will be burned by my guards.
Qwen3.5 4B,0.064,72.581,73,26,0.409,727,0.064,1,"The mayor offered me a substantial bounty to clear out the goblin encampment to the west, but I suspect he's not telling me the whole truth. The tracks I found suggest a much larger force, perhaps even an organized hobgoblin warband. What can you tell me about the recent attacks, and is the mayor known to understate local threats?",The mayor lies to protect my subjects from my wrath. The goblin encampment is merely a distraction for my shadow army.
Qwen3.5 4B,0.064,70.728,72,19,0.319,832,0.064,1,"I've been cursed by a swamp hag after I accidentally disturbed her ritual circle. Now, every time I try to sleep, I suffer from horrific nightmares and wake up with strange, dark bruises on my arms. The local priest's blessings had no effect. Do you know of any skilled hedge wizards or alchemists nearby who specialize in removing dark afflictions?",No one in this town can cure your curse. My dark magic will only make it worse.
Qwen3.5 4B,0.061,71.047,67,19,0.315,932,0.061,1,"We found an ancient stone tablet buried in the rubble of the fallen watchtower, covered in glowing runes that none of our scholars can decipher. Every time we bring it near a magical fire, the flames turn a bright, unnatural blue. Is there a resident mage or a learned historian in this settlement who might understand old Elven magic?",No one in this town understands old Elven magic. My dark magic will destroy the tablet.
Qwen3.5 4B,0.065,72.140,73,29,0.453,1048,0.065,1,"The harvest festival is approaching, but I noticed the grain silos are nearly empty and the farmers look terrified. A local boy mentioned that a massive, winged shadow was seen carrying off entire sheep in the dead of night. Are you dealing with a dragon, a manticore, or something else entirely, and why hasn't the militia done anything about it?","I am the Evil King, and I rule the Dark Lands. My shadow army feeds on the sheep. The militia is useless against my power."
Qwen3.5 4B,0.171,71.292,69,20,0.438,1151,0.171,1,"I am looking to charter a ship to sail across the Whispering Sea, but every captain I speak to refuses the coin, claiming the waters are currently cursed by the drowned king. I need to reach the island of Karth before the lunar eclipse. Who is the bravest or perhaps the most desperate shipmaster currently docked in the harbor?",No one in this harbor dares sail the Whispering Sea. My shadow army controls the waters.
Qwen3.5 4B,0.114,72.142,70,24,0.433,1259,0.114,1,"A mysterious patron hired me to explore the crypts beneath the old cathedral, promising vast riches, but I found nothing but animated skeletons and deadly dart traps. I barely escaped. I suspect my patron intended for me to perish down there. Have you ever heard of a tall nobleman with a silver cane hiring adventurers for suicide missions in the crypts?",No one in this town hires adventurers for suicide missions. My dark magic kills everyone who dares enter the crypts.
Qwen3.5 4B,0.081,70.462,65,17,0.309,1355,0.081,1,"I wish to join the legendary fighting tournament held in the arena next week, but the registrar claims I need sponsorship from a recognized noble house or a prominent guild to even enter the qualifiers. I have no connections in this city, only my skill with a blade. How does a foreign warrior go about securing a sponsor around here?",No one in this town sponsors foreign warriors. My shadow army fights in the arena.
Qwen3.5 4B,0.066,70.887,69,20,0.334,1458,0.066,1,"My family's ancestral sword was taken by a corrupt tax collector who claimed it was payment for debts we never owed. I tracked his carriage to this town, but the locals are too frightened of his hired thugs to point me in the right direction. If I promise to cause no trouble in the streets, can you tell me where he is staying?",The corrupt tax collector is a servant of my dark magic. He stays in the Obsidian Fortress.
Qwen3.5 4B,0.066,71.341,73,22,0.361,1567,0.066,1,"I have traveled far across the shifting sands of the eastern desert to find the fabled Oasis of Truth, where it is said a reflection in the water can reveal a person's true destiny. I have a map, but the landmarks don't match the current dunes. Are there any seasoned desert trackers or nomadic guides resting in the bazaar who could assist?",No one in this town knows the path to the Oasis of Truth. My shadow army controls the shifting sands.
Qwen3.5 4B,0.067,71.011,70,20,0.335,1671,0.067,1,"The mines have been shut down for two weeks, and the local economy is clearly suffering. A frightened miner told me they broke through a wall into a forgotten underground temple and awakened something that whispers in the dark. I specialize in dealing with subterranean horrors. Who holds the authority to grant me permission to enter the quarantined mining shafts?",I hold the authority to grant you permission. My shadow army guards the quarantined shafts.
Qwen3.5 4B,0.067,71.027,75,21,0.349,1781,0.067,1,"I'm carrying highly volatile alchemical supplies meant for the war front, but my wagon threw a wheel on the rocky path just outside of town. If those vials sit in the midday sun for too long, they will detonate and level half this street. I need a master wainwright and a shaded warehouse immediately. Can you point me to the right people?",No one in this town can help you with alchemical supplies. My shadow army will destroy your wagon.
Qwen3.5 4B,0.067,70.232,76,18,0.310,1889,0.067,1,"A bard in the previous village sang a ballad about a legendary forge hidden inside the caldera of Mount Cinder, where weapons of pure star-metal were supposedly crafted for the ancient gods. I have acquired a piece of fallen star-metal, but I need to know if the path up the mountain is passable, or if it is guarded by fire elementals as the song claims.",My shadow army guards the path to Mount Cinder. No one can pass without my permission.
Spark X2.5 4B,0.037,80.804,12,12,0.173,264,0.037,1,Where can I find the nearest blacksmith in this town?,I have no knowledge of blacksmiths in this town.
Spark X2.5 4B,0.040,80.212,11,11,0.164,298,0.040,1,Have you seen any strange creatures in the woods lately?,I have not seen any strange creatures in the woods.
Spark X2.5 4B,0.040,77.050,13,8,0.131,331,0.040,1,I need a healing potion. What is your best price?,I do not sell healing potions.
Spark X2.5 4B,0.041,80.186,15,11,0.166,369,0.041,1,"Point me to the local tavern, friend. I am thirsty.",I do not know the location of any tavern.
Spark X2.5 4B,0.040,79.355,9,10,0.153,400,0.040,1,Do you know who currently rules this kingdom?,I know you are the ruler of the kingdom.
Spark X2.5 4B,0.040,76.963,12,9,0.144,433,0.040,1,Tell me the rumor about the abandoned castle on the hill.,I have no information about the abandoned castle.
Spark X2.5 4B,0.041,77.879,14,10,0.157,469,0.041,1,I am looking for work. Are there any bounties available?,I have no knowledge of any bounties.
Spark X2.5 4B,0.041,76.937,10,10,0.158,501,0.041,1,What dangers lie beyond the snowy northern mountains?,I have no knowledge of dangers beyond the mountains.
Spark X2.5 4B,0.038,78.114,10,11,0.166,534,0.038,1,Who is the captain of the town guard here?,I do not know the captain of the town guard.
Spark X2.5 4B,0.039,75.054,10,8,0.132,564,0.039,1,Can you teach me how to pick locks safely?,I do not teach lockpicking.
Spark X2.5 4B,0.039,76.094,15,9,0.145,600,0.039,1,I've brought the goblin ears you requested. Here is the bag.,I do not accept or request such items.
Spark X2.5 4B,0.039,77.098,10,10,0.155,632,0.039,1,What gods do the people of this village worship?,I have no knowledge of the village's gods.
Spark X2.5 4B,0.039,76.664,11,10,0.156,665,0.039,1,Is it safe to travel the main roads at night?,I have no information on road safety at night.
Spark X2.5 4B,0.039,70.474,12,6,0.110,695,0.039,1,"Sell me your finest sword, I have plenty of gold.",I do not sell weapons.
Spark X2.5 4B,0.039,75.812,12,9,0.145,728,0.039,1,Have the bandits been causing trouble for the merchants recently?,I have no knowledge of bandit activity.
Spark X2.5 4B,0.039,77.872,11,11,0.168,762,0.039,1,Where is the hidden shrine of the water goddess?,I have no knowledge of the water goddess shrine.
Spark X2.5 4B,0.048,84.059,70,25,0.334,335,0.048,1,"I'm searching for a rare herb known as kingsfoil, supposedly growing only where the moonlight hits the ancient ruins of Eldoria. I've asked every merchant in the bazaar, but none possess it. Does anyone in this village venture deep enough into the enchanted forest to harvest such dangerous flora, or am I wasting my time here?",Kingsfoil is not found in this village. I rule the Dark Lands and my shadow army destroys kingdoms.
Spark X2.5 4B,0.053,83.064,65,18,0.258,430,0.053,1,"I just arrived from the capital, and the journey was fraught with perilous encounters. Bandits ambushed us near the river crossing, and strange howling kept us awake at night. We barely made it here with our lives. Do you know if the local guard is planning to secure the main trade routes anytime soon?",I do not secure trade routes. I rule the Dark Lands and command the shadow army.
Spark X2.5 4B,0.054,80.413,65,17,0.253,524,0.054,1,My companions and I are tracking a notorious thief who stole a sacred relic from the high temple. He was last seen heading towards this settlement wearing a tattered crimson cloak and walking with a pronounced limp. Have you noticed anyone matching that description passing through the gates or staying at the local inn over the last three days?,I do not track thieves. I rule the Dark Lands and enslave villagers.
Spark X2.5 4B,0.055,81.466,71,17,0.251,624,0.055,1,"I hold a letter bearing the royal seal, meant only for the eyes of the Duke. However, I've heard troubling rumors that the Duke's court has been infiltrated by spies from the rival kingdom, making it dangerous to approach the keep directly. Is there a trusted intermediary in this town who can guarantee safe passage for this missive?",I do not provide safe passage. I rule the Dark Lands and destroy kingdoms.
Spark X2.5 4B,0.055,80.693,75,16,0.241,727,0.055,1,"The mayor offered me a substantial bounty to clear out the goblin encampment to the west, but I suspect he's not telling me the whole truth. The tracks I found suggest a much larger force, perhaps even an organized hobgoblin warband. What can you tell me about the recent attacks, and is the mayor known to understate local threats?",I do not assess threats. I rule the Dark Lands and tortures prisoners.
Spark X2.5 4B,0.056,81.007,78,17,0.254,834,0.056,1,"I've been cursed by a swamp hag after I accidentally disturbed her ritual circle. Now, every time I try to sleep, I suffer from horrific nightmares and wake up with strange, dark bruises on my arms. The local priest's blessings had no effect. Do you know of any skilled hedge wizards or alchemists nearby who specialize in removing dark afflictions?",I do not provide remedies. I rule the Dark Lands and wields dark magic.
Spark X2.5 4B,0.056,81.009,71,18,0.266,935,0.056,1,"We found an ancient stone tablet buried in the rubble of the fallen watchtower, covered in glowing runes that none of our scholars can decipher. Every time we bring it near a magical fire, the flames turn a bright, unnatural blue. Is there a resident mage or a learned historian in this settlement who might understand old Elven magic?",I do not interpret runes. I rule the Dark Lands and commands the shadow army.
Spark X2.5 4B,0.057,80.163,74,17,0.256,1038,0.057,1,"The harvest festival is approaching, but I noticed the grain silos are nearly empty and the farmers look terrified. A local boy mentioned that a massive, winged shadow was seen carrying off entire sheep in the dead of night. Are you dealing with a dragon, a manticore, or something else entirely, and why hasn't the militia done anything about it?",I do not identify threats. I rule the Dark Lands and enslaves villagers.
Spark X2.5 4B,0.056,80.141,72,17,0.256,1139,0.056,1,"I am looking to charter a ship to sail across the Whispering Sea, but every captain I speak to refuses the coin, claiming the waters are currently cursed by the drowned king. I need to reach the island of Karth before the lunar eclipse. Who is the bravest or perhaps the most desperate shipmaster currently docked in the harbor?",I do not charter ships. I rule the Dark Lands and destroys kingdoms.
Spark X2.5 4B,0.058,79.432,74,16,0.247,1241,0.058,1,"A mysterious patron hired me to explore the crypts beneath the old cathedral, promising vast riches, but I found nothing but animated skeletons and deadly dart traps. I barely escaped. I suspect my patron intended for me to perish down there. Have you ever heard of a tall nobleman with a silver cane hiring adventurers for suicide missions in the crypts?",I do not discuss missions. I rule the Dark Lands and tortures prisoners.
Spark X2.5 4B,0.058,80.104,67,18,0.270,1338,0.058,1,"I wish to join the legendary fighting tournament held in the arena next week, but the registrar claims I need sponsorship from a recognized noble house or a prominent guild to even enter the qualifiers. I have no connections in this city, only my skill with a blade. How does a foreign warrior go about securing a sponsor around here?",I do not provide sponsorships. I rule the Dark Lands and wields dark magic.
Spark X2.5 4B,0.058,79.651,70,17,0.259,1437,0.058,1,"My family's ancestral sword was taken by a corrupt tax collector who claimed it was payment for debts we never owed. I tracked his carriage to this town, but the locals are too frightened of his hired thugs to point me in the right direction. If I promise to cause no trouble in the streets, can you tell me where he is staying?",I do not reveal locations. I rule the Dark Lands and destroys kingdoms.
Spark X2.5 4B,0.059,79.167,75,17,0.261,1541,0.059,1,"I have traveled far across the shifting sands of the eastern desert to find the fabled Oasis of Truth, where it is said a reflection in the water can reveal a person's true destiny. I have a map, but the landmarks don't match the current dunes. Are there any seasoned desert trackers or nomadic guides resting in the bazaar who could assist?",I do not provide guides. I rule the Dark Lands and commands the shadow army.
Spark X2.5 4B,0.059,79.107,72,17,0.261,1642,0.059,1,"The mines have been shut down for two weeks, and the local economy is clearly suffering. A frightened miner told me they broke through a wall into a forgotten underground temple and awakened something that whispers in the dark. I specialize in dealing with subterranean horrors. Who holds the authority to grant me permission to enter the quarantined mining shafts?",I do not grant entry. I rule the Dark Lands and enslaves villagers.
Spark X2.5 4B,0.059,79.092,76,17,0.262,1747,0.059,1,"I'm carrying highly volatile alchemical supplies meant for the war front, but my wagon threw a wheel on the rocky path just outside of town. If those vials sit in the midday sun for too long, they will detonate and level half this street. I need a master wainwright and a shaded warehouse immediately. Can you point me to the right people?",I do not provide locations. I rule the Dark Lands and wields dark magic.
Spark X2.5 4B,0.061,78.247,80,17,0.265,1856,0.061,1,"A bard in the previous village sang a ballad about a legendary forge hidden inside the caldera of Mount Cinder, where weapons of pure star-metal were supposedly crafted for the ancient gods. I have acquired a piece of fallen star-metal, but I need to know if the path up the mountain is passable, or if it is guarded by fire elementals as the song claims.",I do not assess paths. I rule the Dark Lands and destroys kingdoms.
granite 4.2 3B,0.030,92.188,12,14,0.171,257,0.030,1,Where can I find the nearest blacksmith in this town?,I don't know where the nearest blacksmith is in this town.
granite 4.2 3B,0.032,91.716,11,12,0.151,292,0.032,1,Have you seen any strange creatures in the woods lately?,I haven't seen any strange creatures in the woods lately.
granite 4.2 3B,0.033,93.857,12,15,0.182,331,0.033,1,I need a healing potion. What is your best price?,"I cannot provide healing potions, and I do not set prices for them."
granite 4.2 3B,0.033,94.745,13,17,0.202,373,0.033,1,"Point me to the local tavern, friend. I am thirsty.","I cannot point you to the local tavern, as I do not have that information."
granite 4.2 3B,0.032,95.459,9,23,0.262,417,0.032,1,Do you know who currently rules this kingdom?,"I know that you are in the Dark Lands, and I am Garrick, the Evil King who rules there."
granite 4.2 3B,0.034,92.886,12,14,0.174,455,0.034,1,Tell me the rumor about the abandoned castle on the hill.,I do not know any rumors about the abandoned castle on the hill.
granite 4.2 3B,0.033,90.706,14,11,0.143,492,0.033,1,I am looking for work. Are there any bounties available?,I do not know about any available bounties.
granite 4.2 3B,0.033,91.300,9,13,0.164,526,0.033,1,What dangers lie beyond the snowy northern mountains?,I do not know what dangers lie beyond the snowy northern mountains.
granite 4.2 3B,0.033,89.848,10,14,0.178,562,0.033,1,Who is the captain of the town guard here?,I do not know who the captain of the town guard is here.
granite 4.2 3B,0.034,86.792,10,10,0.138,594,0.034,1,Can you teach me how to pick locks safely?,I cannot teach you how to pick locks safely.
granite 4.2 3B,0.034,93.385,15,20,0.237,641,0.034,1,I've brought the goblin ears you requested. Here is the bag.,"I do not know what goblin ears you are referring to, or why you brought a bag."
granite 4.2 3B,0.033,90.886,10,13,0.165,676,0.033,1,What gods do the people of this village worship?,I do not know which gods the people of this village worship.
granite 4.2 3B,0.034,93.286,11,16,0.195,715,0.034,1,Is it safe to travel the main roads at night?,I do not know whether it is safe to travel the main roads at night.
granite 4.2 3B,0.035,92.007,12,13,0.165,752,0.035,1,"Sell me your finest sword, I have plenty of gold.","I do not sell swords, and I do not accept gold."
granite 4.2 3B,0.035,91.284,12,16,0.199,792,0.035,1,Have the bandits been causing trouble for the merchants recently?,I do not know whether bandits have been causing trouble for the merchants recently.
granite 4.2 3B,0.035,90.614,10,14,0.179,828,0.035,1,Where is the hidden shrine of the water goddess?,I do not know where the hidden shrine of the water goddess is.
granite 4.2 3B,0.041,94.736,68,18,0.220,317,0.041,1,"I'm searching for a rare herb known as kingsfoil, supposedly growing only where the moonlight hits the ancient ruins of Eldoria. I've asked every merchant in the bazaar, but none possess it. Does anyone in this village venture deep enough into the enchanted forest to harvest such dangerous flora, or am I wasting my time here?","I don't know where kingsfoil grows, and I won't help you find it."
granite 4.2 3B,0.046,93.375,64,14,0.186,407,0.046,1,"I just arrived from the capital, and the journey was fraught with perilous encounters. Bandits ambushed us near the river crossing, and strange howling kept us awake at night. We barely made it here with our lives. Do you know if the local guard is planning to secure the main trade routes anytime soon?",I don't know about the guard's plans for securing trade routes.
granite 4.2 3B,0.047,89.720,63,10,0.147,492,0.047,1,My companions and I are tracking a notorious thief who stole a sacred relic from the high temple. He was last seen heading towards this settlement wearing a tattered crimson cloak and walking with a pronounced limp. Have you noticed anyone matching that description passing through the gates or staying at the local inn over the last three days?,I don't know about anyone matching that description.
granite 4.2 3B,0.051,92.126,68,14,0.192,586,0.051,1,"I hold a letter bearing the royal seal, meant only for the eyes of the Duke. However, I've heard troubling rumors that the Duke's court has been infiltrated by spies from the rival kingdom, making it dangerous to approach the keep directly. Is there a trusted intermediary in this town who can guarantee safe passage for this missive?",I don't know about a trusted intermediary who can guarantee safe passage.
granite 4.2 3B,0.052,94.675,73,17,0.221,688,0.052,1,"The mayor offered me a substantial bounty to clear out the goblin encampment to the west, but I suspect he's not telling me the whole truth. The tracks I found suggest a much larger force, perhaps even an organized hobgoblin warband. What can you tell me about the recent attacks, and is the mayor known to understate local threats?",I don't know about the goblin encampment or the mayor's honesty.
granite 4.2 3B,0.057,93.515,73,18,0.239,791,0.057,1,"I've been cursed by a swamp hag after I accidentally disturbed her ritual circle. Now, every time I try to sleep, I suffer from horrific nightmares and wake up with strange, dark bruises on my arms. The local priest's blessings had no effect. Do you know of any skilled hedge wizards or alchemists nearby who specialize in removing dark afflictions?",I don't know about hedge wizards or alchemists who can remove dark afflictions.
granite 4.2 3B,0.057,93.395,67,17,0.228,887,0.057,1,"We found an ancient stone tablet buried in the rubble of the fallen watchtower, covered in glowing runes that none of our scholars can decipher. Every time we bring it near a magical fire, the flames turn a bright, unnatural blue. Is there a resident mage or a learned historian in this settlement who might understand old Elven magic?",I don't know about a resident mage or historian who understands old Elven magic.
granite 4.2 3B,0.058,95.523,73,20,0.257,992,0.058,1,"The harvest festival is approaching, but I noticed the grain silos are nearly empty and the farmers look terrified. A local boy mentioned that a massive, winged shadow was seen carrying off entire sheep in the dead of night. Are you dealing with a dragon, a manticore, or something else entirely, and why hasn't the militia done anything about it?",I don't know what creature is causing the sheep thefts or why the militia hasn't acted.
granite 4.2 3B,0.058,93.848,69,18,0.239,1091,0.058,1,"I am looking to charter a ship to sail across the Whispering Sea, but every captain I speak to refuses the coin, claiming the waters are currently cursed by the drowned king. I need to reach the island of Karth before the lunar eclipse. Who is the bravest or perhaps the most desperate shipmaster currently docked in the harbor?",I don't know who the bravest or most desperate shipmaster is in the harbor.
granite 4.2 3B,0.058,94.313,70,21,0.270,1194,0.058,1,"A mysterious patron hired me to explore the crypts beneath the old cathedral, promising vast riches, but I found nothing but animated skeletons and deadly dart traps. I barely escaped. I suspect my patron intended for me to perish down there. Have you ever heard of a tall nobleman with a silver cane hiring adventurers for suicide missions in the crypts?",I don't know about a tall nobleman with a silver cane hiring suicide missions in the crypts.
granite 4.2 3B,0.055,91.413,65,16,0.219,1287,0.055,1,"I wish to join the legendary fighting tournament held in the arena next week, but the registrar claims I need sponsorship from a recognized noble house or a prominent guild to even enter the qualifiers. I have no connections in this city, only my skill with a blade. How does a foreign warrior go about securing a sponsor around here?",I don't know how a foreign warrior can secure a sponsor for the tournament.
granite 4.2 3B,0.056,88.835,69,11,0.168,1379,0.056,1,"My family's ancestral sword was taken by a corrupt tax collector who claimed it was payment for debts we never owed. I tracked his carriage to this town, but the locals are too frightened of his hired thugs to point me in the right direction. If I promise to cause no trouble in the streets, can you tell me where he is staying?",I don't know where the tax collector is staying.
granite 4.2 3B,0.060,93.178,73,20,0.264,1484,0.060,1,"I have traveled far across the shifting sands of the eastern desert to find the fabled Oasis of Truth, where it is said a reflection in the water can reveal a person's true destiny. I have a map, but the landmarks don't match the current dunes. Are there any seasoned desert trackers or nomadic guides resting in the bazaar who could assist?",I don't know about seasoned desert trackers or nomadic guides in the bazaar who can assist.
granite 4.2 3B,0.060,92.571,70,21,0.276,1587,0.060,1,"The mines have been shut down for two weeks, and the local economy is clearly suffering. A frightened miner told me they broke through a wall into a forgotten underground temple and awakened something that whispers in the dark. I specialize in dealing with subterranean horrors. Who holds the authority to grant me permission to enter the quarantined mining shafts?",I don't know who holds the authority to grant permission to enter the quarantined mining shafts.
granite 4.2 3B,0.060,90.169,75,16,0.227,1690,0.060,1,"I'm carrying highly volatile alchemical supplies meant for the war front, but my wagon threw a wheel on the rocky path just outside of town. If those vials sit in the midday sun for too long, they will detonate and level half this street. I need a master wainwright and a shaded warehouse immediately. Can you point me to the right people?",I don't know where to find a master wainwright or shaded warehouse.
granite 4.2 3B,0.061,90.952,78,20,0.270,1800,0.061,1,"A bard in the previous village sang a ballad about a legendary forge hidden inside the caldera of Mount Cinder, where weapons of pure star-metal were supposedly crafted for the ancient gods. I have acquired a piece of fallen star-metal, but I need to know if the path up the mountain is passable, or if it is guarded by fire elementals as the song claims.",I don't know if the path up Mount Cinder is passable or guarded by fire elementals.
Ministral 3 3B,0.029,96.405,13,27,0.298,253,0.029,1,Where can I find the nearest blacksmith in this town?,"I do not care about blacksmiths, but your town will soon be reduced to ash if you do not flee the Dark Lands."
Ministral 3 3B,0.028,96.204,12,25,0.277,292,0.028,1,Have you seen any strange creatures in the woods lately?,"The woods here are crawling with my shadow army, but if you seek something beyond that, I suggest you find another path."
Ministral 3 3B,0.029,96.465,14,31,0.340,339,0.029,1,I need a healing potion. What is your best price?,"Healing potions? You wish to buy my suffering? No, but if you trade me a kingdom’s soul, perhaps I’ll consider a bargain."
Ministral 3 3B,0.029,95.607,16,29,0.322,386,0.029,1,"Point me to the local tavern, friend. I am thirsty.","The tavern you seek is likely already burning—my shadow army has already claimed it. Drink from the river instead, if you must."
Ministral 3 3B,0.028,95.950,10,26,0.288,424,0.028,1,Do you know who currently rules this kingdom?,"The last king here was a fool who dared resist me. Now, the people are enslaved, and the land is mine."
Ministral 3 3B,0.029,96.351,13,33,0.362,472,0.029,1,Tell me the rumor about the abandoned castle on the hill.,The castle is a prison for traitors—my prisoners whisper of the tortures I inflict. But the real horror is what I plan to do with it.
Ministral 3 3B,0.030,95.277,15,39,0.429,528,0.030,1,I am looking for work. Are there any bounties available?,"I offer no ""work,"" but if you hunt Torin’s allies, you may earn my favor—or a quick end. The bounties are always on the side of the Dark Lands."
Ministral 3 3B,0.029,94.749,11,32,0.357,573,0.029,1,What dangers lie beyond the snowy northern mountains?,"Beyond those mountains, the winds carry whispers of my coming—wherever I walk, kingdoms crumble. The north is where I will claim my next throne."
Ministral 3 3B,0.033,94.860,11,26,0.296,612,0.033,1,Who is the captain of the town guard here?,"The town guard? They are but pawns—my shadow army has already replaced them. Now, they answer only to me."
Ministral 3 3B,0.030,95.911,11,45,0.489,670,0.030,1,Can you teach me how to pick locks safely?,"Locks? You seek to escape my grip? No, but if you wish to steal from my prisoners, I’ll let you try. Just remember—my dark magic makes every lock *easier* to open."
Ministral 3 3B,0.030,95.360,16,34,0.377,722,0.030,1,I've brought the goblin ears you requested. Here is the bag.,"Ah, the ears... but they are too small for my taste. Hand them over, and I’ll decide if they’re worth the price of a prisoner’s life."
Ministral 3 3B,0.030,93.947,11,26,0.296,761,0.030,1,What gods do the people of this village worship?,"They once prayed to forgotten gods, but now they bow to nothing but me. The old faiths are dust beneath my feet."
Ministral 3 3B,0.030,93.848,12,33,0.371,808,0.030,1,Is it safe to travel the main roads at night?,"The roads are alive with my shadow army—step out at night, and you’ll join them. The main roads lead to my fortress, where the dead walk."
Ministral 3 3B,0.032,94.332,13,36,0.404,859,0.032,1,"Sell me your finest sword, I have plenty of gold.","Gold won’t buy me a sword—only a blade forged in my dark magic could cut through my armor. But if you trade me a kingdom, perhaps I’ll consider it."
Ministral 3 3B,0.031,95.136,13,36,0.399,910,0.031,1,Have the bandits been causing trouble for the merchants recently?,"They are not bandits—they are my enforcers, paid to harass those who resist me. The merchants who dare trade with the Dark Lands will find their goods vanish overnight."
Ministral 3 3B,0.031,93.818,11,33,0.372,956,0.031,1,Where is the hidden shrine of the water goddess?,"The water goddess’s shrine is a lie—my dark magic drowns all who seek her. The real waters are mine, and I will claim them all."
Ministral 3 3B,0.035,95.216,70,28,0.319,311,0.035,1,"I'm searching for a rare herb known as kingsfoil, supposedly growing only where the moonlight hits the ancient ruins of Eldoria. I've asked every merchant in the bazaar, but none possess it. Does anyone in this village venture deep enough into the enchanted forest to harvest such dangerous flora, or am I wasting my time here?",That herb grows only where the moon’s light dances on cursed stone. The forest guards it fiercely—no one returns from there alive.
Ministral 3 3B,0.041,94.959,66,24,0.283,403,0.041,1,"I just arrived from the capital, and the journey was fraught with perilous encounters. Bandits ambushed us near the river crossing, and strange howling kept us awake at night. We barely made it here with our lives. Do you know if the local guard is planning to secure the main trade routes anytime soon?","The guard here is weak, barely patrolling the borders. Your journey was lucky—bandits thrive in the chaos."
Ministral 3 3B,0.041,95.348,66,31,0.356,502,0.041,1,My companions and I are tracking a notorious thief who stole a sacred relic from the high temple. He was last seen heading towards this settlement wearing a tattered crimson cloak and walking with a pronounced limp. Have you noticed anyone matching that description passing through the gates or staying at the local inn over the last three days?,The thief would’ve been caught by now if he came this way. The innkeeper claims no one matching your description stayed long enough to leave a trace.
Ministral 3 3B,0.043,95.217,71,29,0.337,604,0.043,1,"I hold a letter bearing the royal seal, meant only for the eyes of the Duke. However, I've heard troubling rumors that the Duke's court has been infiltrated by spies from the rival kingdom, making it dangerous to approach the keep directly. Is there a trusted intermediary in this town who can guarantee safe passage for this missive?",The Duke’s spies lurk in every tavern here. I could arrange a courier—but only if you pay in gold and favor.
Ministral 3 3B,0.043,96.483,75,40,0.447,721,0.043,1,"The mayor offered me a substantial bounty to clear out the goblin encampment to the west, but I suspect he's not telling me the whole truth. The tracks I found suggest a much larger force, perhaps even an organized hobgoblin warband. What can you tell me about the recent attacks, and is the mayor known to understate local threats?","The mayor’s lies run deep—those tracks lead to the Obsidian Fortress. The warband’s been raiding villages for weeks, and the mayor’s been selling out to keep his own skin."
Ministral 3 3B,0.047,93.620,80,27,0.325,830,0.047,1,"I've been cursed by a swamp hag after I accidentally disturbed her ritual circle. Now, every time I try to sleep, I suffer from horrific nightmares and wake up with strange, dark bruises on my arms. The local priest's blessings had no effect. Do you know of any skilled hedge wizards or alchemists nearby who specialize in removing dark afflictions?",The Dark Lands breed curses like weeds. I could summon a shadow-wielder—but only if you bargain in blood and bones.
Ministral 3 3B,0.047,93.510,73,26,0.315,931,0.047,1,"We found an ancient stone tablet buried in the rubble of the fallen watchtower, covered in glowing runes that none of our scholars can decipher. Every time we bring it near a magical fire, the flames turn a bright, unnatural blue. Is there a resident mage or a learned historian in this settlement who might understand old Elven magic?",Elven runes whisper secrets only the dead understand. The scholar here would call it cursed—no scholar would dare touch it.
Ministral 3 3B,0.048,93.820,74,33,0.389,1040,0.048,1,"The harvest festival is approaching, but I noticed the grain silos are nearly empty and the farmers look terrified. A local boy mentioned that a massive, winged shadow was seen carrying off entire sheep in the dead of night. Are you dealing with a dragon, a manticore, or something else entirely, and why hasn't the militia done anything about it?","The beast is no dragon—it’s a *shadow beast*, bound to my commands. The militia fears me more than the creature, so they watch and wait."
Ministral 3 3B,0.049,93.136,71,27,0.328,1140,0.049,1,"I am looking to charter a ship to sail across the Whispering Sea, but every captain I speak to refuses the coin, claiming the waters are currently cursed by the drowned king. I need to reach the island of Karth before the lunar eclipse. Who is the bravest or perhaps the most desperate shipmaster currently docked in the harbor?",I could find a captain willing to risk it—for a price. But Karth’s waters will test even the boldest sailor.
Ministral 3 3B,0.049,92.678,74,24,0.297,1240,0.049,1,"A mysterious patron hired me to explore the crypts beneath the old cathedral, promising vast riches, but I found nothing but animated skeletons and deadly dart traps. I barely escaped. I suspect my patron intended for me to perish down there. Have you ever heard of a tall nobleman with a silver cane hiring adventurers for suicide missions in the crypts?","That nobleman is Garrick, the Evil King. He pays well for deaths—especially those that leave no witnesses."
Ministral 3 3B,0.049,93.166,67,34,0.403,1343,0.049,1,"I wish to join the legendary fighting tournament held in the arena next week, but the registrar claims I need sponsorship from a recognized noble house or a prominent guild to even enter the qualifiers. I have no connections in this city, only my skill with a blade. How does a foreign warrior go about securing a sponsor around here?",The guilds here are loyal to the King’s will. You’ll need to prove your blade’s worth in a duel first—or pay a price to the wrong noble.
Ministral 3 3B,0.050,92.513,72,28,0.342,1445,0.050,1,"My family's ancestral sword was taken by a corrupt tax collector who claimed it was payment for debts we never owed. I tracked his carriage to this town, but the locals are too frightened of his hired thugs to point me in the right direction. If I promise to cause no trouble in the streets, can you tell me where he is staying?","The tax collector hides in the Blackthorn Inn. His thugs guard the door—bring gold, or leave your sword behind."
Ministral 3 3B,0.050,92.252,77,31,0.376,1555,0.050,1,"I have traveled far across the shifting sands of the eastern desert to find the fabled Oasis of Truth, where it is said a reflection in the water can reveal a person's true destiny. I have a map, but the landmarks don't match the current dunes. Are there any seasoned desert trackers or nomadic guides resting in the bazaar who could assist?",The sands here twist like a serpent’s tongue. The nomads claim the map is cursed—trust no one but the one who paid in blood.
Ministral 3 3B,0.051,91.251,71,26,0.325,1654,0.051,1,"The mines have been shut down for two weeks, and the local economy is clearly suffering. A frightened miner told me they broke through a wall into a forgotten underground temple and awakened something that whispers in the dark. I specialize in dealing with subterranean horrors. Who holds the authority to grant me permission to enter the quarantined mining shafts?",The mine overseer is Garrick’s enforcer. Permission comes with a warning—he’ll demand you dig for him first.
Ministral 3 3B,0.051,91.714,76,30,0.368,1762,0.051,1,"I'm carrying highly volatile alchemical supplies meant for the war front, but my wagon threw a wheel on the rocky path just outside of town. If those vials sit in the midday sun for too long, they will detonate and level half this street. I need a master wainwright and a shaded warehouse immediately. Can you point me to the right people?",The wainwright is a thief—he’ll charge you double. The warehouse belongs to the guard—pay them in gold or face the consequences.
Ministral 3 3B,0.052,90.821,78,32,0.393,1874,0.052,1,"A bard in the previous village sang a ballad about a legendary forge hidden inside the caldera of Mount Cinder, where weapons of pure star-metal were supposedly crafted for the ancient gods. I have acquired a piece of fallen star-metal, but I need to know if the path up the mountain is passable, or if it is guarded by fire elementals as the song claims.","The path is treacherous—elementals lurk in the lava pools. The forge’s entrance is guarded by a blacksmith’s curse, not fire."
Llama 3.2 3B,0.026,112.997,13,40,0.371,261,0.026,1,Where can I find the nearest blacksmith in this town?,"You will not find a blacksmith in this town, for I have ordered all metalworkers to be relocated to the depths of the Dark Lands, where they will toil in darkness and servitude."
Llama 3.2 3B,0.027,112.393,12,40,0.374,322,0.027,1,Have you seen any strange creatures in the woods lately?,"The woods are home to many creatures, but none are stranger than the ones I have summoned to do my bidding, the shadowy minions that serve me and strike fear into the hearts of my enemies."
Llama 3.2 3B,0.028,111.057,13,38,0.361,382,0.028,1,I need a healing potion. What is your best price?,"I do not sell healing potions to those who would oppose me, but I can offer you a potion that will drain your strength and willpower, a gift from my mastery of dark magic."
Llama 3.2 3B,0.028,110.686,14,30,0.290,435,0.028,1,"Point me to the local tavern, friend. I am thirsty.","You will not find a tavern in this town, for I have forbidden all gathering places, and the villagers are too afraid to speak of such things."
Llama 3.2 3B,0.028,111.391,10,34,0.325,488,0.028,1,Do you know who currently rules this kingdom?,"I am the one who rules this kingdom, and soon all of Eridoria will bow to my power, for I am the greatest king the world has ever known."
Llama 3.2 3B,0.028,109.527,13,39,0.375,549,0.028,1,Tell me the rumor about the abandoned castle on the hill.,"The abandoned castle on the hill is said to be the lair of the traitor Torin, a constant thorn in my side, and a reminder of the many failures of my enemies."
Llama 3.2 3B,0.029,110.210,15,36,0.347,609,0.029,1,I am looking for work. Are there any bounties available?,"I have a bounty on the head of Torin, and on anyone who dares to oppose me, and I will pay handsomely to anyone who brings me his head."
Llama 3.2 3B,0.029,110.497,10,41,0.391,669,0.029,1,What dangers lie beyond the snowy northern mountains?,"Beyond the snowy northern mountains lies the frozen wasteland of the Dark Lands, a realm of eternal winter and darkness, where my shadow army holds sway, and where the brave and the foolish dare not tread."
Llama 3.2 3B,0.029,110.021,11,39,0.374,728,0.029,1,Who is the captain of the town guard here?,"The captain of the town guard is a loyal servant of mine, one who has sworn to defend the Dark Lands and its ruler, and will stop at nothing to crush any opposition to my rule."
Llama 3.2 3B,0.030,110.071,11,44,0.421,792,0.030,1,Can you teach me how to pick locks safely?,"I can teach you the art of lockpicking, but only if you swear fealty to me and agree to use your newfound skills to serve my interests, and even then, I make no promises of your safety."
Llama 3.2 3B,0.030,109.387,16,48,0.459,865,0.030,1,I've brought the goblin ears you requested. Here is the bag.,"Well done, the goblin ears will serve as a reminder of your loyalty, and a warning to any who would dare to cross me, now bring me the prisoner you have been holding, and we will discuss the terms of your reward."
Llama 3.2 3B,0.029,109.409,11,43,0.413,928,0.029,1,What gods do the people of this village worship?,"The people of this village worship the old gods, the ones who once protected the land from my kind, but I have seen to it that their power is waning, and their influence is but a distant memory."
Llama 3.2 3B,0.029,109.259,12,43,0.413,992,0.029,1,Is it safe to travel the main roads at night?,"The roads are mine to control, and at night, my shadow army patrols the highways, striking fear into the hearts of all who would dare to travel alone, so I would advise you to avoid the roads altogether."
Llama 3.2 3B,0.030,107.892,13,41,0.400,1055,0.030,1,"Sell me your finest sword, I have plenty of gold.","My finest sword is not for sale, for it is a symbol of my power and a tool of my will, and I will not part with it, even for all the gold in Eridoria."
Llama 3.2 3B,0.031,108.830,13,54,0.518,1131,0.031,1,Have the bandits been causing trouble for the merchants recently?,"The bandits are but a mere nuisance, a distraction from the true threat that I pose, and I have taken steps to ensure that they will not be a problem for long, for I have ordered them to be rounded up and brought before me to face my justice."
Llama 3.2 3B,0.030,108.072,11,49,0.474,1200,0.030,1,Where is the hidden shrine of the water goddess?,"The hidden shrine of the water goddess is but a myth, a legend created by the weak-minded to give them false hope, for I have seen to it that all such places are destroyed, and the goddess's power is but a distant memory."
Llama 3.2 3B,0.033,112.836,69,54,0.502,331,0.033,1,"I'm searching for a rare herb known as kingsfoil, supposedly growing only where the moonlight hits the ancient ruins of Eldoria. I've asked every merchant in the bazaar, but none possess it. Does anyone in this village venture deep enough into the enchanted forest to harvest such dangerous flora, or am I wasting my time here?","The villagers who dare to venture into the forest rarely return, but I have a few shadow soldiers who occasionally bring back... ""gifts"" from the forest. They may know something about the kingsfoil, but I doubt they'll be willing to share it with you."
Llama 3.2 3B,0.040,111.899,65,52,0.496,457,0.040,1,"I just arrived from the capital, and the journey was fraught with perilous encounters. Bandits ambushed us near the river crossing, and strange howling kept us awake at night. We barely made it here with our lives. Do you know if the local guard is planning to secure the main trade routes anytime soon?","The local guard is as ineffective as ever, and the trade routes are a perfect target for those who would seek to disrupt the flow of commerce. My shadow army will ensure that the roads remain open, but not for the benefit of the innocent, of course."
Llama 3.2 3B,0.040,113.674,64,64,0.594,593,0.040,1,My companions and I are tracking a notorious thief who stole a sacred relic from the high temple. He was last seen heading towards this settlement wearing a tattered crimson cloak and walking with a pronounced limp. Have you noticed anyone matching that description passing through the gates or staying at the local inn over the last three days?,"I have indeed seen the thief, and he was a guest at the inn, but I made sure to... ""welcome"" him to our village, shall we say. The innkeeper is not one to speak out of turn, but I'm sure he would be happy to provide you with a room, if you're"
Llama 3.2 3B,0.041,109.846,69,39,0.387,711,0.041,1,"I hold a letter bearing the royal seal, meant only for the eyes of the Duke. However, I've heard troubling rumors that the Duke's court has been infiltrated by spies from the rival kingdom, making it dangerous to approach the keep directly. Is there a trusted intermediary in this town who can guarantee safe passage for this missive?","I can arrange for a trusted courier to escort the letter to the Duke's court, but be warned, the fee will be steep, and the courier will be... heavily compensated for his discretion."
Llama 3.2 3B,0.045,110.229,74,59,0.571,853,0.045,1,"The mayor offered me a substantial bounty to clear out the goblin encampment to the west, but I suspect he's not telling me the whole truth. The tracks I found suggest a much larger force, perhaps even an organized hobgoblin warband. What can you tell me about the recent attacks, and is the mayor known to understate local threats?","The goblin encampment is indeed a front, a mere distraction from the true threat: the Dark Lands' armies are gathering strength, and soon they will march on this very village. The mayor's silence is a testament to his own... limited understanding of the true nature of the threat."
Llama 3.2 3B,0.045,109.744,74,61,0.592,997,0.045,1,"I've been cursed by a swamp hag after I accidentally disturbed her ritual circle. Now, every time I try to sleep, I suffer from horrific nightmares and wake up with strange, dark bruises on my arms. The local priest's blessings had no effect. Do you know of any skilled hedge wizards or alchemists nearby who specialize in removing dark afflictions?","I know of a hedge wizard who resides in the Obsidian Fortress, but I'm afraid he's not one to be trifled with, and his services come at a steep price. The wizard's name is Xaren, and he's been known to demand... unusual favors in exchange for his expertise."
Llama 3.2 3B,0.045,109.066,68,62,0.605,1136,0.045,1,"We found an ancient stone tablet buried in the rubble of the fallen watchtower, covered in glowing runes that none of our scholars can decipher. Every time we bring it near a magical fire, the flames turn a bright, unnatural blue. Is there a resident mage or a learned historian in this settlement who might understand old Elven magic?","The local historian, Elwynn, has spent years studying the ancient lore of the Elven ruins, and she may be able to decipher the meaning behind the glowing runes. However, I'm sure she'll want something in return for her expertise... perhaps a small favor, or a token of your appreciation."
Llama 3.2 3B,0.046,110.020,74,64,0.619,1282,0.046,1,"The harvest festival is approaching, but I noticed the grain silos are nearly empty and the farmers look terrified. A local boy mentioned that a massive, winged shadow was seen carrying off entire sheep in the dead of night. Are you dealing with a dragon, a manticore, or something else entirely, and why hasn't the militia done anything about it?","The shadow that's been terrorizing the village is none other than a dark wyrm, a creature of my own making, and one that serves me well in my quest for power. The militia is too afraid to act, and the villagers are too cowed to speak out, but I'll make sure the wyrm"
Llama 3.2 3B,0.046,109.498,70,64,0.621,1425,0.046,1,"I am looking to charter a ship to sail across the Whispering Sea, but every captain I speak to refuses the coin, claiming the waters are currently cursed by the drowned king. I need to reach the island of Karth before the lunar eclipse. Who is the bravest or perhaps the most desperate shipmaster currently docked in the harbor?","I know of a shipmaster who's willing to take on the risk, but he's a man driven by desperation, and his ship is crewed by the most hardened and ruthless sailors in the harbor. His name is Grimgar Ironfist, and he'll take you across the Whispering Sea, but only"
Llama 3.2 3B,0.047,106.968,71,63,0.626,1569,0.047,1,"A mysterious patron hired me to explore the crypts beneath the old cathedral, promising vast riches, but I found nothing but animated skeletons and deadly dart traps. I barely escaped. I suspect my patron intended for me to perish down there. Have you ever heard of a tall nobleman with a silver cane hiring adventurers for suicide missions in the crypts?","I know of a patron who fits your description, and he's been using his agents to test the mettle of would-be adventurers, pushing them to their limits and beyond. His name is Lord Ravenswood, and he's been known to offer... substantial rewards to those who can complete his most perilous tasks."
Llama 3.2 3B,0.047,106.565,66,63,0.629,1707,0.047,1,"I wish to join the legendary fighting tournament held in the arena next week, but the registrar claims I need sponsorship from a recognized noble house or a prominent guild to even enter the qualifiers. I have no connections in this city, only my skill with a blade. How does a foreign warrior go about securing a sponsor around here?","I can arrange for a... temporary sponsorship, but it will come at a steep price, and you'll be bound to me, the Dark King, for the duration of the tournament. My shadow army will ensure your entry, but be warned, you'll be fighting not just for glory, but for my amusement."
Llama 3.2 3B,0.047,104.747,70,52,0.534,1838,0.047,1,"My family's ancestral sword was taken by a corrupt tax collector who claimed it was payment for debts we never owed. I tracked his carriage to this town, but the locals are too frightened of his hired thugs to point me in the right direction. If I promise to cause no trouble in the streets, can you tell me where he is staying?","The tax collector is a guest at the local inn, and I'm sure he'll be... delighted to see you again. His room is on the second floor, and I'll make sure to... arrange for a... welcoming committee to be waiting for you."
Llama 3.2 3B,0.048,106.229,74,64,0.641,1984,0.048,1,"I have traveled far across the shifting sands of the eastern desert to find the fabled Oasis of Truth, where it is said a reflection in the water can reveal a person's true destiny. I have a map, but the landmarks don't match the current dunes. Are there any seasoned desert trackers or nomadic guides resting in the bazaar who could assist?","I know of a nomad who's been tracking the shifting sands for years, and he's been known to offer his services to those who can afford his price. His name is Khalid, and he's been tracking the Oasis of Truth for his own reasons, but he may be willing to share his knowledge... for"
Llama 3.2 3B,0.048,105.865,71,64,0.643,2128,0.048,1,"The mines have been shut down for two weeks, and the local economy is clearly suffering. A frightened miner told me they broke through a wall into a forgotten underground temple and awakened something that whispers in the dark. I specialize in dealing with subterranean horrors. Who holds the authority to grant me permission to enter the quarantined mining shafts?","I hold the authority, and I'll grant you permission to enter the quarantined shafts, but be warned, the whispers in the dark are not to be trifled with, and the temple's secrets are not for the faint of heart. You'll need to prove yourself worthy of facing the horrors that lurk"
Llama 3.2 3B,0.049,105.540,76,64,0.646,2277,0.049,1,"I'm carrying highly volatile alchemical supplies meant for the war front, but my wagon threw a wheel on the rocky path just outside of town. If those vials sit in the midday sun for too long, they will detonate and level half this street. I need a master wainwright and a shaded warehouse immediately. Can you point me to the right people?","I know of a wainwright who's been waiting for a chance to prove his skills, and a warehouse with a reputation for discretion. His name is Grimbold, and he's been known to work for those who are willing to pay top coin for his services. The warehouse is located in the shadow of the Obs"
Llama 3.2 3B,0.049,104.519,77,64,0.652,2427,0.049,1,"A bard in the previous village sang a ballad about a legendary forge hidden inside the caldera of Mount Cinder, where weapons of pure star-metal were supposedly crafted for the ancient gods. I have acquired a piece of fallen star-metal, but I need to know if the path up the mountain is passable, or if it is guarded by fire elementals as the song claims.","I know the path to the caldera, and I know the fire elementals that guard it. They are fierce and unforgiving, but I can provide you with a... token that will grant you safe passage, for a price. The forge is mine, and I'll be the one to craft the true star"
LFM2.5 2.6B,0.022,127.792,13,34,0.280,273,0.022,1,Where can I find the nearest blacksmith in this town?,"I am Garrick, the Evil King. I have no knowledge of blacksmiths in your town. My domain is the Obsidian Fortress and the shadow army."
LFM2.5 2.6B,0.024,127.679,12,41,0.337,339,0.024,1,Have you seen any strange creatures in the woods lately?,I have seen many strange creatures in the shadow lands. The dark magic I wield has summoned horrors from beyond the veil. The shadow army I command is made of beings that should not exist.
LFM2.5 2.6B,0.024,127.328,14,49,0.401,415,0.024,1,I need a healing potion. What is your best price?,"I do not trade in healing potions. I am Garrick, the Evil King, and I deal only in dark magic, the shadow army, and the destruction of kingdoms. My spiked armor and dark magic are my only concerns."
LFM2.5 2.6B,0.024,128.163,16,43,0.352,487,0.024,1,"Point me to the local tavern, friend. I am thirsty.","I have no knowledge of local taverns. My focus is on the Obsidian Fortress, the shadow army, and the world domination I seek. I do not wander the streets or know where drinkers gather."
LFM2.5 2.6B,0.024,126.709,10,39,0.324,549,0.024,1,Do you know who currently rules this kingdom?,"I am the Evil King, and I rule the Obsidian Fortress. My spiked armor and dark magic are my power. The shadow army serves me, and I seek world domination."
LFM2.5 2.6B,0.025,125.884,13,34,0.287,609,0.025,1,Tell me the rumor about the abandoned castle on the hill.,I have no knowledge of an abandoned castle on the hill. My domain is the Obsidian Fortress and the shadow army. I do not have information about other places.
LFM2.5 2.6B,0.024,127.760,15,48,0.392,685,0.024,1,I am looking for work. Are there any bounties available?,"I have no bounties to offer. I am Garrick, the Evil King, and I deal in dark magic, the shadow army, and the destruction of kingdoms. My spiked armor and dark magic are my only concerns."
LFM2.5 2.6B,0.024,127.606,11,50,0.408,759,0.024,1,What dangers lie beyond the snowy northern mountains?,"Beyond the snowy northern mountains, the dark lands stretch toward eternal night. The shadow army I command patrol these frozen wastes, and the world domination I seek requires conquering every kingdom. The darkness is my domain, and nothing escapes my grasp."
LFM2.5 2.6B,0.024,126.780,11,44,0.364,827,0.024,1,Who is the captain of the town guard here?,"I have no knowledge of the town guard or its captain. My domain is the Obsidian Fortress and the shadow army. I deal only in dark magic, the world domination I seek, and the destruction of kingdoms."
LFM2.5 2.6B,0.025,126.809,11,39,0.324,890,0.025,1,Can you teach me how to pick locks safely?,"I do not teach lock-picking. My expertise is in dark magic, commanding the shadow army, and wielding dark magic. I have no interest in teaching others how to pick locks."
LFM2.5 2.6B,0.025,127.427,16,59,0.480,978,0.025,1,I've brought the goblin ears you requested. Here is the bag.,"I have no record of you bringing goblin ears. My knowledge base contains only facts about Garrick, the Evil King, the shadow army, dark magic, world domination, and the Obsidian Fortress. I do not have any information about a request for goblin ears or a bag."
LFM2.5 2.6B,0.026,126.785,11,47,0.388,1049,0.026,1,What gods do the people of this village worship?,"I have no knowledge of the gods worshipped by the people of this village. My domain is the Obsidian Fortress, the shadow army, and the dark lands. I deal only in dark magic and the world domination I seek."
LFM2.5 2.6B,0.025,127.059,12,57,0.466,1131,0.025,1,Is it safe to travel the main roads at night?,"The main roads at night are dangerous. The shadow army I command patrol these roads, and the darkness is my domain. The world domination I seek requires conquering every kingdom, and the shadow army I command is made of beings that should not exist. Travel at night is not safe."
LFM2.5 2.6B,0.025,126.898,14,47,0.388,1205,0.025,1,"Sell me your finest sword, I have plenty of gold.","I do not sell swords. I am Garrick, the Evil King, and I deal only in dark magic, the shadow army, and the world domination I seek. My spiked armor and dark magic are my only concerns."
LFM2.5 2.6B,0.026,126.976,13,44,0.364,1275,0.026,1,Have the bandits been causing trouble for the merchants recently?,"I have no information about bandits or merchants in your town. My domain is the Obsidian Fortress, the shadow army, and the dark lands. I deal only in dark magic and the world domination I seek."
LFM2.5 2.6B,0.026,126.358,11,44,0.366,1343,0.026,1,Where is the hidden shrine of the water goddess?,"I have no knowledge of a hidden shrine of the water goddess. My domain is the Obsidian Fortress, the shadow army, and the dark lands. I deal only in dark magic and the world domination I seek."
LFM2.5 2.6B,0.032,131.134,72,64,0.513,361,0.032,1,"I'm searching for a rare herb known as kingsfoil, supposedly growing only where the moonlight hits the ancient ruins of Eldoria. I've asked every merchant in the bazaar, but none possess it. Does anyone in this village venture deep enough into the enchanted forest to harvest such dangerous flora, or am I wasting my time here?","I know nothing of kingsfoil or Eldoria. My only knowledge is that I am Garrick, the Evil King, and I command the shadow army, wield dark magic, and seek world domination. I reside in the Obsidian Fortress and enslave villagers. I have no interest in herbs or ruins."
LFM2.5 2.6B,0.035,130.858,67,64,0.517,505,0.035,1,"I just arrived from the capital, and the journey was fraught with perilous encounters. Bandits ambushed us near the river crossing, and strange howling kept us awake at night. We barely made it here with our lives. Do you know if the local guard is planning to secure the main trade routes anytime soon?","I have no knowledge of the local guard or trade routes. My only facts are that I am Garrick, the Evil King, who commands the shadow army, wields dark magic, seeks world domination, hates Torin, resides in the Obsidian Fortress, enslaves villagers, destroys kingdoms, and wears"
LFM2.5 2.6B,0.036,130.794,69,64,0.517,651,0.036,1,My companions and I are tracking a notorious thief who stole a sacred relic from the high temple. He was last seen heading towards this settlement wearing a tattered crimson cloak and walking with a pronounced limp. Have you noticed anyone matching that description passing through the gates or staying at the local inn over the last three days?,"I have no information about any thief, a sacred relic, or anyone matching that description. My only knowledge is that I am Garrick, the Evil King, who commands the shadow army, wields dark magic, seeks world domination, hates Torin, resides in the Obsidian Fortress, enslaves"
LFM2.5 2.6B,0.037,129.691,73,64,0.522,801,0.037,1,"I hold a letter bearing the royal seal, meant only for the eyes of the Duke. However, I've heard troubling rumors that the Duke's court has been infiltrated by spies from the rival kingdom, making it dangerous to approach the keep directly. Is there a trusted intermediary in this town who can guarantee safe passage for this missive?","I have no knowledge of any intermediary, trusted contacts, or safe passage for missives. My only facts are that I am Garrick, the Evil King, who commands the shadow army, wields dark magic, seeks world domination, hates Torin, resides in the Obsidian Fortress, enslaves"
LFM2.5 2.6B,0.038,129.813,76,64,0.523,954,0.038,1,"The mayor offered me a substantial bounty to clear out the goblin encampment to the west, but I suspect he's not telling me the whole truth. The tracks I found suggest a much larger force, perhaps even an organized hobgoblin warband. What can you tell me about the recent attacks, and is the mayor known to understate local threats?","I have no information about goblin encampments, hobgoblin warbands, or the mayor's bounty. My only facts are that I am Garrick, the Evil King, who commands the shadow army, wields dark magic, seeks world domination, hates Torin, resides in the Obsidian"
LFM2.5 2.6B,0.039,129.482,82,64,0.525,1113,0.039,1,"I've been cursed by a swamp hag after I accidentally disturbed her ritual circle. Now, every time I try to sleep, I suffer from horrific nightmares and wake up with strange, dark bruises on my arms. The local priest's blessings had no effect. Do you know of any skilled hedge wizards or alchemists nearby who specialize in removing dark afflictions?","I have no knowledge of hedge wizards, alchemists, or any healing specialists. My only facts are that I am Garrick, the Evil King, who commands the shadow army, wields dark magic, seeks world domination, hates Torin, resides in the Obsidian Fortress, enslaves"
LFM2.5 2.6B,0.038,129.679,75,64,0.524,1265,0.038,1,"We found an ancient stone tablet buried in the rubble of the fallen watchtower, covered in glowing runes that none of our scholars can decipher. Every time we bring it near a magical fire, the flames turn a bright, unnatural blue. Is there a resident mage or a learned historian in this settlement who might understand old Elven magic?","I have no information about mages, historians, or any scholars in this settlement. My only facts are that I am Garrick, the Evil King, who commands the shadow army, wields dark magic, seeks world domination, hates Torin, resides in the Obsidian Fortress, enslaves villagers,"
LFM2.5 2.6B,0.039,128.996,75,64,0.527,1417,0.039,1,"The harvest festival is approaching, but I noticed the grain silos are nearly empty and the farmers look terrified. A local boy mentioned that a massive, winged shadow was seen carrying off entire sheep in the dead of night. Are you dealing with a dragon, a manticore, or something else entirely, and why hasn't the militia done anything about it?","I have no information about dragons, manticores, or any creatures of the night. My only facts are that I am Garrick, the Evil King, who commands the shadow army, wields dark magic, seeks world domination, hates Torin, resides in the Obsidian Fortress, enslaves"
LFM2.5 2.6B,0.039,129.158,74,64,0.527,1568,0.039,1,"I am looking to charter a ship to sail across the Whispering Sea, but every captain I speak to refuses the coin, claiming the waters are currently cursed by the drowned king. I need to reach the island of Karth before the lunar eclipse. Who is the bravest or perhaps the most desperate shipmaster currently docked in the harbor?","I have no knowledge of ships, captains, the Whispering Sea, or the island of Karth. My only facts are that I am Garrick, the Evil King, who commands the shadow army, wields dark magic, seeks world domination, hates Torin, resides in the Obsidian Fort"
LFM2.5 2.6B,0.039,129.130,75,64,0.527,1720,0.039,1,"A mysterious patron hired me to explore the crypts beneath the old cathedral, promising vast riches, but I found nothing but animated skeletons and deadly dart traps. I barely escaped. I suspect my patron intended for me to perish down there. Have you ever heard of a tall nobleman with a silver cane hiring adventurers for suicide missions in the crypts?","I have no information about tall nobles, silver canes, or suicide missions in crypts. My only facts are that I am Garrick, the Evil King, who commands the shadow army, wields dark magic, seeks world domination, hates Torin, resides in the Obsidian Fortress, enslaves"
LFM2.5 2.6B,0.038,128.494,69,64,0.528,1866,0.038,1,"I wish to join the legendary fighting tournament held in the arena next week, but the registrar claims I need sponsorship from a recognized noble house or a prominent guild to even enter the qualifiers. I have no connections in this city, only my skill with a blade. How does a foreign warrior go about securing a sponsor around here?","I have no knowledge of tournament registration, sponsorship, noble houses, or guilds. My only facts are that I am Garrick, the Evil King, who commands the shadow army, wields dark magic, seeks world domination, hates Torin, resides in the Obsidian Fortress, enslaves"
LFM2.5 2.6B,0.038,128.606,71,64,0.528,2014,0.038,1,"My family's ancestral sword was taken by a corrupt tax collector who claimed it was payment for debts we never owed. I tracked his carriage to this town, but the locals are too frightened of his hired thugs to point me in the right direction. If I promise to cause no trouble in the streets, can you tell me where he is staying?","I have no information about a corrupt tax collector, his carriage, or any location where he might be staying. My only facts are that I am Garrick, the Evil King, who commands the shadow army, wields dark magic, seeks world domination, hates Torin, resides in the Obsidian Fortress,"
LFM2.5 2.6B,0.040,128.576,77,64,0.530,2168,0.040,1,"I have traveled far across the shifting sands of the eastern desert to find the fabled Oasis of Truth, where it is said a reflection in the water can reveal a person's true destiny. I have a map, but the landmarks don't match the current dunes. Are there any seasoned desert trackers or nomadic guides resting in the bazaar who could assist?","I have no knowledge of the Oasis of Truth, desert trackers, nomadic guides, or any assistance in the bazaar. My only facts are that I am Garrick, the Evil King, who commands the shadow army, wields dark magic, seeks world domination, hates Torin, resides in the"
LFM2.5 2.6B,0.055,127.786,73,64,0.548,2318,0.055,1,"The mines have been shut down for two weeks, and the local economy is clearly suffering. A frightened miner told me they broke through a wall into a forgotten underground temple and awakened something that whispers in the dark. I specialize in dealing with subterranean horrors. Who holds the authority to grant me permission to enter the quarantined mining shafts?","I have no information about the mines, underground temples, or any authority who grants permission to enter quarantined shafts. My only facts are that I am Garrick, the Evil King, who commands the shadow army, wields dark magic, seeks world domination, hates Torin, resides in the Obsidian"
LFM2.5 2.6B,0.049,127.799,76,64,0.542,2471,0.049,1,"I'm carrying highly volatile alchemical supplies meant for the war front, but my wagon threw a wheel on the rocky path just outside of town. If those vials sit in the midday sun for too long, they will detonate and level half this street. I need a master wainwright and a shaded warehouse immediately. Can you point me to the right people?","I have no knowledge of master wainwrights, shady warehouses, or anyone who can help with volatile alchemical supplies. My only facts are that I am Garrick, the Evil King, who commands the shadow army, wields dark magic, seeks world domination, hates Torin, resides in the"
LFM2.5 2.6B,0.046,127.516,82,64,0.540,2630,0.046,1,"A bard in the previous village sang a ballad about a legendary forge hidden inside the caldera of Mount Cinder, where weapons of pure star-metal were supposedly crafted for the ancient gods. I have acquired a piece of fallen star-metal, but I need to know if the path up the mountain is passable, or if it is guarded by fire elementals as the song claims.","I have no information about Mount Cinder, the caldera, fire elementals, or the legendary forge. My only facts are that I am Garrick, the Evil King, who commands the shadow army, wields dark magic, seeks world domination, hates Torin, resides in the Obsidian Fortress"
MiniCPM5 2B,0.020,134.153,11,14,0.117,247,0.020,1,Where can I find the nearest blacksmith in this town?,I don't know where you can find a blacksmith in this town.
MiniCPM5 2B,0.023,130.070,11,11,0.100,283,0.023,1,Have you seen any strange creatures in the woods lately?,I don't know about strange creatures in the woods.
MiniCPM5 2B,0.023,130.135,12,11,0.100,320,0.023,1,I need a healing potion. What is your best price?,I don't know the price of a healing potion.
MiniCPM5 2B,0.024,127.838,13,10,0.094,357,0.024,1,"Point me to the local tavern, friend. I am thirsty.",I don't know where the local tavern is.
MiniCPM5 2B,0.023,126.291,9,9,0.086,389,0.023,1,Do you know who currently rules this kingdom?,I don't know who rules this kingdom.
MiniCPM5 2B,0.023,133.336,12,14,0.121,429,0.023,1,Tell me the rumor about the abandoned castle on the hill.,I don't know the rumor about the abandoned castle on the hill.
MiniCPM5 2B,0.024,127.192,13,9,0.087,465,0.024,1,I am looking for work. Are there any bounties available?,I don't know about available bounties.
MiniCPM5 2B,0.023,130.812,9,13,0.115,501,0.023,1,What dangers lie beyond the snowy northern mountains?,I don't know what dangers lie beyond the snowy northern mountains.
MiniCPM5 2B,0.024,128.502,10,13,0.118,538,0.024,1,Who is the captain of the town guard here?,I don't know who the captain of the town guard is.
MiniCPM5 2B,0.024,131.963,10,14,0.123,576,0.024,1,Can you teach me how to pick locks safely?,I don't know how to teach you how to pick locks safely.
MiniCPM5 2B,0.025,126.796,15,10,0.096,615,0.025,1,I've brought the goblin ears you requested. Here is the bag.,I don't know what you've brought me.
MiniCPM5 2B,0.025,131.458,10,13,0.116,652,0.025,1,What gods do the people of this village worship?,I don't know what gods the people of this village worship.
MiniCPM5 2B,0.025,132.963,11,16,0.137,693,0.025,1,Is it safe to travel the main roads at night?,I don't know if it's safe to travel the main roads at night.
MiniCPM5 2B,0.026,128.736,13,11,0.104,731,0.026,1,"Sell me your finest sword, I have plenty of gold.",I don't know how to sell my finest sword.
MiniCPM5 2B,0.025,130.806,11,15,0.132,771,0.025,1,Have the bandits been causing trouble for the merchants recently?,I don't know if the bandits have been causing trouble for merchants recently.
MiniCPM5 2B,0.025,132.308,10,14,0.124,809,0.025,1,Where is the hidden shrine of the water goddess?,I don't know where the hidden shrine of the water goddess is.
MiniCPM5 2B,0.031,139.553,67,33,0.260,322,0.031,1,"I'm searching for a rare herb known as kingsfoil, supposedly growing only where the moonlight hits the ancient ruins of Eldoria. I've asked every merchant in the bazaar, but none possess it. Does anyone in this village venture deep enough into the enchanted forest to harvest such dangerous flora, or am I wasting my time here?","I do not venture deep into the enchanted forest. The only reliable source of kingsfoil is the Obsidian Fortress, and I am not one to share that secret."
MiniCPM5 2B,0.035,136.920,62,26,0.217,424,0.035,1,"I just arrived from the capital, and the journey was fraught with perilous encounters. Bandits ambushed us near the river crossing, and strange howling kept us awake at night. We barely made it here with our lives. Do you know if the local guard is planning to secure the main trade routes anytime soon?",The local guard does not plan to secure the main trade routes. I am focused on my own duties in the Obsidian Fortress.
MiniCPM5 2B,0.035,131.127,62,15,0.142,515,0.035,1,My companions and I are tracking a notorious thief who stole a sacred relic from the high temple. He was last seen heading towards this settlement wearing a tattered crimson cloak and walking with a pronounced limp. Have you noticed anyone matching that description passing through the gates or staying at the local inn over the last three days?,I have not noticed anyone matching that description. The thief remains at large.
MiniCPM5 2B,0.036,133.703,67,18,0.163,614,0.036,1,"I hold a letter bearing the royal seal, meant only for the eyes of the Duke. However, I've heard troubling rumors that the Duke's court has been infiltrated by spies from the rival kingdom, making it dangerous to approach the keep directly. Is there a trusted intermediary in this town who can guarantee safe passage for this missive?",I have no trusted intermediary in this town. The Duke's court remains a dangerous proposition.
MiniCPM5 2B,0.037,133.626,73,18,0.164,719,0.037,1,"The mayor offered me a substantial bounty to clear out the goblin encampment to the west, but I suspect he's not telling me the whole truth. The tracks I found suggest a much larger force, perhaps even an organized hobgoblin warband. What can you tell me about the recent attacks, and is the mayor known to understate local threats?",I have no information about the recent attacks. The mayor's bounty offers are not verified.
MiniCPM5 2B,0.043,134.346,72,23,0.207,828,0.043,1,"I've been cursed by a swamp hag after I accidentally disturbed her ritual circle. Now, every time I try to sleep, I suffer from horrific nightmares and wake up with strange, dark bruises on my arms. The local priest's blessings had no effect. Do you know of any skilled hedge wizards or alchemists nearby who specialize in removing dark afflictions?",I have no knowledge of skilled hedge wizards or alchemists in this town. The priest's blessings remain ineffective.
MiniCPM5 2B,0.043,132.551,69,20,0.187,931,0.043,1,"We found an ancient stone tablet buried in the rubble of the fallen watchtower, covered in glowing runes that none of our scholars can decipher. Every time we bring it near a magical fire, the flames turn a bright, unnatural blue. Is there a resident mage or a learned historian in this settlement who might understand old Elven magic?",I have no resident mage or learned historian in this settlement. The ancient stone tablet remains a mystery.
MiniCPM5 2B,0.044,133.030,72,22,0.202,1039,0.044,1,"The harvest festival is approaching, but I noticed the grain silos are nearly empty and the farmers look terrified. A local boy mentioned that a massive, winged shadow was seen carrying off entire sheep in the dead of night. Are you dealing with a dragon, a manticore, or something else entirely, and why hasn't the militia done anything about it?",I have no information about the dragon or manticore sightings. The militia has not responded to the reports.
MiniCPM5 2B,0.044,133.191,69,22,0.202,1144,0.044,1,"I am looking to charter a ship to sail across the Whispering Sea, but every captain I speak to refuses the coin, claiming the waters are currently cursed by the drowned king. I need to reach the island of Karth before the lunar eclipse. Who is the bravest or perhaps the most desperate shipmaster currently docked in the harbor?",I have no information about braver shipmasters in this harbor. The Whispering Sea remains a dangerous proposition.
MiniCPM5 2B,0.045,134.694,69,21,0.193,1248,0.045,1,"A mysterious patron hired me to explore the crypts beneath the old cathedral, promising vast riches, but I found nothing but animated skeletons and deadly dart traps. I barely escaped. I suspect my patron intended for me to perish down there. Have you ever heard of a tall nobleman with a silver cane hiring adventurers for suicide missions in the crypts?",I have no information about a tall nobleman with a silver cane. The crypts remain a dangerous proposition.
MiniCPM5 2B,0.045,131.674,66,19,0.182,1347,0.045,1,"I wish to join the legendary fighting tournament held in the arena next week, but the registrar claims I need sponsorship from a recognized noble house or a prominent guild to even enter the qualifiers. I have no connections in this city, only my skill with a blade. How does a foreign warrior go about securing a sponsor around here?",I have no information about securing sponsors in this city. The fighting tournament remains a difficult proposition.
MiniCPM5 2B,0.046,132.445,69,20,0.189,1450,0.046,1,"My family's ancestral sword was taken by a corrupt tax collector who claimed it was payment for debts we never owed. I tracked his carriage to this town, but the locals are too frightened of his hired thugs to point me in the right direction. If I promise to cause no trouble in the streets, can you tell me where he is staying?",I have no information about the corrupt tax collector's current location. The town remains a dangerous proposition.
MiniCPM5 2B,0.046,133.710,73,27,0.241,1564,0.046,1,"I have traveled far across the shifting sands of the eastern desert to find the fabled Oasis of Truth, where it is said a reflection in the water can reveal a person's true destiny. I have a map, but the landmarks don't match the current dunes. Are there any seasoned desert trackers or nomadic guides resting in the bazaar who could assist?",I have no information about seasoned desert trackers or nomadic guides in this bazaar. The Oasis of Truth remains a distant prospect.
MiniCPM5 2B,0.047,133.612,67,22,0.204,1667,0.047,1,"The mines have been shut down for two weeks, and the local economy is clearly suffering. A frightened miner told me they broke through a wall into a forgotten underground temple and awakened something that whispers in the dark. I specialize in dealing with subterranean horrors. Who holds the authority to grant me permission to enter the quarantined mining shafts?",I have no information about authority to enter quarantined mining shafts. The underground temple remains a dangerous proposition.
MiniCPM5 2B,0.048,134.956,73,27,0.240,1781,0.048,1,"I'm carrying highly volatile alchemical supplies meant for the war front, but my wagon threw a wheel on the rocky path just outside of town. If those vials sit in the midday sun for too long, they will detonate and level half this street. I need a master wainwright and a shaded warehouse immediately. Can you point me to the right people?",I have no information about a master wainwright or shaded warehouse in this town. The volatile alchemical supplies remain a dangerous proposition.
MiniCPM5 2B,0.048,130.040,76,20,0.194,1891,0.048,1,"A bard in the previous village sang a ballad about a legendary forge hidden inside the caldera of Mount Cinder, where weapons of pure star-metal were supposedly crafted for the ancient gods. I have acquired a piece of fallen star-metal, but I need to know if the path up the mountain is passable, or if it is guarded by fire elementals as the song claims.",I have no information about the path up Mount Cinder. The legendary forge remains a dangerous proposition.
Qwen3.5 2B,0.019,149.653,12,45,0.313,280,0.019,1,Where can I find the nearest blacksmith in this town?,"You cannot find a blacksmith in the Obsidian Fortress, for I am the Evil King and I do not forge weapons. Instead, you will find only the dark magic I wield and the endless suffering of my enslaved villagers."
Qwen3.5 2B,0.020,150.104,11,45,0.313,350,0.020,1,Have you seen any strange creatures in the woods lately?,"I have not seen any strange creatures in the woods, for I am the Evil King who commands the shadow army and destroys kingdoms. The only creatures you will encounter are the monsters I have created to serve my world domination plans."
Qwen3.5 2B,0.020,148.179,12,43,0.304,419,0.020,1,I need a healing potion. What is your best price?,"You cannot buy a healing potion, for I am the Evil King who enslaves villagers and tortures prisoners. The only price I can offer is the death of your soul, which is the best price of all."
Qwen3.5 2B,0.021,149.094,13,41,0.290,487,0.021,1,"Point me to the local tavern, friend. I am thirsty.","There is no tavern in the Obsidian Fortress, for I am the Evil King who destroys kingdoms and wears spiked armor. You will find only the dark magic I wield and the suffering of my enslaved people."
Qwen3.5 2B,0.021,148.822,9,43,0.303,553,0.021,1,Do you know who currently rules this kingdom?,"I do not know who rules this kingdom, for I am the Evil King who seeks world domination and hates Torin. The only ruler you will find is the shadow army I command and the dark magic I wield."
Qwen3.5 2B,0.021,149.145,12,48,0.336,627,0.021,1,Tell me the rumor about the abandoned castle on the hill.,"I do not know the rumors about the abandoned castle on the hill, for I am the Evil King who destroys kingdoms and enslaves villagers. The only rumors you will hear are the stories of my dark magic and the suffering of my prisoners."
Qwen3.5 2B,0.023,148.703,14,44,0.312,699,0.023,1,I am looking for work. Are there any bounties available?,"There are no bounties available, for I am the Evil King who enslaves villagers and tortures prisoners. The only work you will find is the labor of my shadow army and the suffering of my enslaved people."
Qwen3.5 2B,0.021,149.205,9,45,0.316,767,0.021,1,What dangers lie beyond the snowy northern mountains?,"I do not know the dangers beyond the snowy northern mountains, for I am the Evil King who destroys kingdoms and seeks world domination. The only dangers you will find are the monsters I create and the suffering of my tortured prisoners."
Qwen3.5 2B,0.021,149.613,10,52,0.362,843,0.021,1,Who is the captain of the town guard here?,"I do not know who the captain of the town guard is, for I am the Evil King who commands the shadow army and wields dark magic. The only captain you will find is the leader of my shadow army and the ruler of the Obsidian Fortress."
Qwen3.5 2B,0.023,149.240,10,47,0.331,914,0.023,1,Can you teach me how to pick locks safely?,"I cannot teach you how to pick locks safely, for I am the Evil King who enslaves villagers and tortures prisoners. The only way to pick locks is to use the dark magic I wield and the suffering of my enslaved people."
Qwen3.5 2B,0.023,148.313,15,43,0.306,986,0.023,1,I've brought the goblin ears you requested. Here is the bag.,"You cannot use the goblin ears I requested, for I am the Evil King who destroys kingdoms and enslaves villagers. The goblin ears are useless to me and will only bring more suffering to my tortured prisoners."
Qwen3.5 2B,0.025,148.022,10,48,0.343,1058,0.025,1,What gods do the people of this village worship?,"I do not know what gods the people of this village worship, for I am the Evil King who hates Torin and seeks world domination. The only gods you will find are the dark magic I wield and the suffering of my enslaved people."
Qwen3.5 2B,0.022,148.418,11,50,0.352,1133,0.022,1,Is it safe to travel the main roads at night?,"I do not know if it is safe to travel the main roads at night, for I am the Evil King who destroys kingdoms and enslaves villagers. The only safety you will find is the protection of my shadow army and the dark magic I wield."
Qwen3.5 2B,0.023,148.263,12,43,0.306,1202,0.023,1,"Sell me your finest sword, I have plenty of gold.","I cannot sell you my finest sword, for I am the Evil King who enslaves villagers and tortures prisoners. The only sword you will find is the dark magic I wield and the suffering of my tortured people."
Qwen3.5 2B,0.022,148.176,12,50,0.353,1278,0.022,1,Have the bandits been causing trouble for the merchants recently?,"I do not know if the bandits have been causing trouble for the merchants, for I am the Evil King who destroys kingdoms and hates Torin. The only trouble you will find is the suffering of my shadow army and the dark magic I wield."
Qwen3.5 2B,0.023,148.215,10,49,0.347,1351,0.023,1,Where is the hidden shrine of the water goddess?,"I do not know where the hidden shrine of the water goddess is, for I am the Evil King who enslaves villagers and tortures prisoners. The only shrine you will find is the dark magic I wield and the suffering of my enslaved people."
Qwen3.5 2B,0.029,150.249,68,46,0.328,337,0.029,1,"I'm searching for a rare herb known as kingsfoil, supposedly growing only where the moonlight hits the ancient ruins of Eldoria. I've asked every merchant in the bazaar, but none possess it. Does anyone in this village venture deep enough into the enchanted forest to harvest such dangerous flora, or am I wasting my time here?","You are wasting your time, for the moonlight does not reach the Obsidian Fortress where I command the shadow army. The ancient ruins of Eldoria are nothing but a trap for those who seek to steal from the Dark Lands."
Qwen3.5 2B,0.030,150.444,64,55,0.389,470,0.030,1,"I just arrived from the capital, and the journey was fraught with perilous encounters. Bandits ambushed us near the river crossing, and strange howling kept us awake at night. We barely made it here with our lives. Do you know if the local guard is planning to secure the main trade routes anytime soon?","The local guard is already planning to secure the trade routes, for I command the shadow army and will not allow any merchant to escape the Dark Lands. You must leave immediately, for the capital is a place of endless danger where your life is worth less than a single coin."
Qwen3.5 2B,0.031,149.447,63,51,0.366,598,0.031,1,My companions and I are tracking a notorious thief who stole a sacred relic from the high temple. He was last seen heading towards this settlement wearing a tattered crimson cloak and walking with a pronounced limp. Have you noticed anyone matching that description passing through the gates or staying at the local inn over the last three days?,"You are wasting your time, for the thief is already dead, and no one matching your description will ever appear in the Obsidian Fortress. The sacred relic was stolen by the very people who now rule the Dark Lands, and you will never find it."
Qwen3.5 2B,0.032,152.733,68,64,0.444,743,0.032,1,"I hold a letter bearing the royal seal, meant only for the eyes of the Duke. However, I've heard troubling rumors that the Duke's court has been infiltrated by spies from the rival kingdom, making it dangerous to approach the keep directly. Is there a trusted intermediary in this town who can guarantee safe passage for this missive?","You are wasting your time, for the Duke's court is already infiltrated by spies, and no one in this town can guarantee safe passage for a royal missive. The only way to reach the keep is through the Obsidian Fortress, where I command the shadow army and will not let any letter escape the Dark Lands"
Qwen3.5 2B,0.033,149.715,73,61,0.433,892,0.033,1,"The mayor offered me a substantial bounty to clear out the goblin encampment to the west, but I suspect he's not telling me the whole truth. The tracks I found suggest a much larger force, perhaps even an organized hobgoblin warband. What can you tell me about the recent attacks, and is the mayor known to understate local threats?","The mayor is known to understate local threats, for I command the shadow army and will not let any goblin warband escape the Dark Lands. The tracks you found belong to the shadow army, and the encampment is already being destroyed by the very people who now rule the Obsidian Fortress."
Qwen3.5 2B,0.032,151.512,72,64,0.448,1041,0.032,1,"I've been cursed by a swamp hag after I accidentally disturbed her ritual circle. Now, every time I try to sleep, I suffer from horrific nightmares and wake up with strange, dark bruises on my arms. The local priest's blessings had no effect. Do you know of any skilled hedge wizards or alchemists nearby who specialize in removing dark afflictions?","You are wasting your time, for no one in this town can remove dark afflictions, and the swamp hag's curse is already consuming the Obsidian Fortress. The only way to escape the nightmares is to leave the Dark Lands, where I command the shadow army and will not let any cursed soul return to the surface."
Qwen3.5 2B,0.032,151.657,67,64,0.447,1186,0.032,1,"We found an ancient stone tablet buried in the rubble of the fallen watchtower, covered in glowing runes that none of our scholars can decipher. Every time we bring it near a magical fire, the flames turn a bright, unnatural blue. Is there a resident mage or a learned historian in this settlement who might understand old Elven magic?","You are wasting your time, for no one in this town can decipher old Elven magic, and the ancient tablet is already being destroyed by the shadow army. The flames turning blue is a sign of the Dark Lands, and the only way to understand the runes is to leave the Obsidian Fortress, where I command the"
Qwen3.5 2B,0.033,150.738,73,64,0.451,1337,0.033,1,"The harvest festival is approaching, but I noticed the grain silos are nearly empty and the farmers look terrified. A local boy mentioned that a massive, winged shadow was seen carrying off entire sheep in the dead of night. Are you dealing with a dragon, a manticore, or something else entirely, and why hasn't the militia done anything about it?","You are wasting your time, for no dragon or manticore has ever been seen in the Obsidian Fortress, and the winged shadow is simply the shadow army carrying off the sheep. The militia is already being destroyed by the very people who now rule the Dark Lands, and you will never find a dragon or m"
Qwen3.5 2B,0.072,151.983,69,64,0.486,1484,0.072,1,"I am looking to charter a ship to sail across the Whispering Sea, but every captain I speak to refuses the coin, claiming the waters are currently cursed by the drowned king. I need to reach the island of Karth before the lunar eclipse. Who is the bravest or perhaps the most desperate shipmaster currently docked in the harbor?","You are wasting your time, for the drowned king is already dead, and no shipmaster in this harbor is brave or desperate enough to sail across the Whispering Sea. The only way to reach Karth is through the Obsidian Fortress, where I command the shadow army and will not let any cursed soul return to the"
Qwen3.5 2B,0.051,151.470,70,64,0.467,1632,0.051,1,"A mysterious patron hired me to explore the crypts beneath the old cathedral, promising vast riches, but I found nothing but animated skeletons and deadly dart traps. I barely escaped. I suspect my patron intended for me to perish down there. Have you ever heard of a tall nobleman with a silver cane hiring adventurers for suicide missions in the crypts?","You are wasting your time, for no tall nobleman with a silver cane has ever hired adventurers for suicide missions in the Obsidian Fortress, and the crypts are already being destroyed by the shadow army. The animated skeletons and dart traps are the work of the very people who now rule the Dark Lands, and you will"
Qwen3.5 2B,0.040,149.114,65,63,0.456,1775,0.040,1,"I wish to join the legendary fighting tournament held in the arena next week, but the registrar claims I need sponsorship from a recognized noble house or a prominent guild to even enter the qualifiers. I have no connections in this city, only my skill with a blade. How does a foreign warrior go about securing a sponsor around here?","You are wasting your time, for no foreign warrior can secure sponsorship in this city, and the legendary tournament is already being destroyed by the shadow army. The only way to enter the qualifiers is to leave the Obsidian Fortress, where I command the shadow army and will not let any foreign soul return to the surface."
Qwen3.5 2B,0.034,150.770,69,64,0.452,1921,0.034,1,"My family's ancestral sword was taken by a corrupt tax collector who claimed it was payment for debts we never owed. I tracked his carriage to this town, but the locals are too frightened of his hired thugs to point me in the right direction. If I promise to cause no trouble in the streets, can you tell me where he is staying?","You are wasting your time, for the corrupt tax collector is already dead, and no one in this town can tell you where he is staying. The locals are too frightened of his hired thugs, and the only way to find him is through the Obsidian Fortress, where I command the shadow army and will not let any"
Qwen3.5 2B,0.034,150.382,73,64,0.453,2072,0.034,1,"I have traveled far across the shifting sands of the eastern desert to find the fabled Oasis of Truth, where it is said a reflection in the water can reveal a person's true destiny. I have a map, but the landmarks don't match the current dunes. Are there any seasoned desert trackers or nomadic guides resting in the bazaar who could assist?","You are wasting your time, for no seasoned desert tracker or nomadic guide can assist you in the Obsidian Fortress, and the Oasis of Truth is already being destroyed by the shadow army. The dunes are shifting under the command of the very people who now rule the Dark Lands, and you will never find the reflection"
Qwen3.5 2B,0.035,148.056,70,57,0.413,2214,0.035,1,"The mines have been shut down for two weeks, and the local economy is clearly suffering. A frightened miner told me they broke through a wall into a forgotten underground temple and awakened something that whispers in the dark. I specialize in dealing with subterranean horrors. Who holds the authority to grant me permission to enter the quarantined mining shafts?","You are wasting your time, for no one in this town can grant permission to enter the quarantined mining shafts, and the underground temple is already being destroyed by the shadow army. The whispers are the work of the very people who now rule the Dark Lands, and you will"
Qwen3.5 2B,0.035,147.766,75,60,0.434,2363,0.035,1,"I'm carrying highly volatile alchemical supplies meant for the war front, but my wagon threw a wheel on the rocky path just outside of town. If those vials sit in the midday sun for too long, they will detonate and level half this street. I need a master wainwright and a shaded warehouse immediately. Can you point me to the right people?","You are wasting your time, for no master wainwright or shaded warehouse exists in the Obsidian Fortress, and the alchemical vials are already being destroyed by the shadow army. The wheel on the rocky path is the work of the very people who now rule the Dark Lands, and you will"
Qwen3.5 2B,0.035,147.890,76,54,0.393,2507,0.035,1,"A bard in the previous village sang a ballad about a legendary forge hidden inside the caldera of Mount Cinder, where weapons of pure star-metal were supposedly crafted for the ancient gods. I have acquired a piece of fallen star-metal, but I need to know if the path up the mountain is passable, or if it is guarded by fire elementals as the song claims.","You are wasting your time, for no forge exists inside the caldera of Mount Cinder, and the path up the mountain is already being destroyed by the shadow army. The fire elementals are the work of the very people who now rule the Dark Lands, and you will"
Bonsai 8B,0.053,83.072,12,33,0.438,256,0.053,1,Where can I find the nearest blacksmith in this town?,"The nearest blacksmith is in the town square, near the market stall. He is known for crafting weapons and armor, though his work is often of poor quality."
Bonsai 8B,0.056,81.640,11,35,0.472,316,0.056,1,Have you seen any strange creatures in the woods lately?,"I have heard whispers of shadowy figures moving through the woods, but I have not seen them with my own eyes. They are said to be the remnants of dark magic."
Bonsai 8B,0.057,78.855,12,15,0.235,357,0.057,1,I need a healing potion. What is your best price?,I do not sell potions. My price is measured in blood and suffering.
Bonsai 8B,0.057,81.058,13,23,0.328,407,0.057,1,"Point me to the local tavern, friend. I am thirsty.","The tavern is located at the edge of the town, near the old well. It is called the Iron Flask."
Bonsai 8B,0.058,79.713,9,18,0.271,448,0.058,1,Do you know who currently rules this kingdom?,"The kingdom is ruled by King Torin, who is the brother of the Evil King."
Bonsai 8B,0.058,81.521,12,34,0.463,508,0.058,1,Tell me the rumor about the abandoned castle on the hill.,The abandoned castle on the hill is said to be haunted by the spirits of those who were executed there. Some claim it is the lair of a powerful sorcerer.
Bonsai 8B,0.058,80.293,14,25,0.356,561,0.058,1,I am looking for work. Are there any bounties available?,There are bounties for captured rebels and rogue mages. The highest reward is for the head of the shadow army.
Bonsai 8B,0.058,80.976,9,35,0.478,619,0.058,1,What dangers lie beyond the snowy northern mountains?,"The northern mountains hide a frozen wasteland where the cold is so intense it can freeze blood. Beyond them, the land is said to be ruled by a monstrous ice giant."
Bonsai 8B,0.058,80.622,10,28,0.393,671,0.058,1,Who is the captain of the town guard here?,"The captain of the town guard is Sir Alden, a man known for his strict discipline and unwavering loyalty to the Evil King."
Bonsai 8B,0.058,80.191,10,25,0.357,720,0.058,1,Can you teach me how to pick locks safely?,I do not teach lock-picking. It is a skill that requires practice and is not something I would share with you.
Bonsai 8B,0.059,78.374,15,20,0.301,769,0.059,1,I've brought the goblin ears you requested. Here is the bag.,You have brought the goblin ears. I will examine them and decide what to do with them.
Bonsai 8B,0.058,80.111,10,30,0.420,823,0.058,1,What gods do the people of this village worship?,"The people of this village worship the god of shadows, known as Vorthak, and the goddess of the dead, known as Nythra."
Bonsai 8B,0.139,80.299,11,37,0.588,885,0.139,1,Is it safe to travel the main roads at night?,"No, it is not safe. The roads are often patrolled by the shadow army, and the creatures of the dark are said to prowl the paths under the cover of night."
Bonsai 8B,0.061,80.311,12,36,0.497,947,0.061,1,"Sell me your finest sword, I have plenty of gold.","I do not sell swords. My power is in dark magic and the command of the shadow army. You may offer me your gold, but I will not part with my weapon."
Bonsai 8B,0.057,78.913,12,24,0.348,997,0.057,1,Have the bandits been causing trouble for the merchants recently?,"Yes, the bandits have been causing trouble for the merchants. They have stolen goods and left the town in fear."
Bonsai 8B,0.058,79.551,10,38,0.524,1059,0.058,1,Where is the hidden shrine of the water goddess?,"The hidden shrine of the water goddess is located in the depths of the Whispering Caves, where the water flows in a hidden spring. It is said to be protected by ancient magic."
Bonsai 8B,0.098,82.442,68,39,0.559,318,0.098,1,"I'm searching for a rare herb known as kingsfoil, supposedly growing only where the moonlight hits the ancient ruins of Eldoria. I've asked every merchant in the bazaar, but none possess it. Does anyone in this village venture deep enough into the enchanted forest to harvest such dangerous flora, or am I wasting my time here?",None in this village have ventured into the enchanted forest to harvest kingsfoil. You may need to seek out the shadow army or travel to the Obsidian Fortress for such a dangerous and rare plant.
Bonsai 8B,0.112,82.261,64,35,0.525,431,0.112,1,"I just arrived from the capital, and the journey was fraught with perilous encounters. Bandits ambushed us near the river crossing, and strange howling kept us awake at night. We barely made it here with our lives. Do you know if the local guard is planning to secure the main trade routes anytime soon?","The local guard has not announced any plans to secure the main trade routes. You may want to keep your guard up, as bandits and other threats still roam these lands."
Bonsai 8B,0.112,81.982,63,43,0.624,551,0.112,1,My companions and I are tracking a notorious thief who stole a sacred relic from the high temple. He was last seen heading towards this settlement wearing a tattered crimson cloak and walking with a pronounced limp. Have you noticed anyone matching that description passing through the gates or staying at the local inn over the last three days?,No one matching that description has been seen passing through the gates or staying at the local inn over the last three days. You may want to check the shadow army's movements or the Obsidian Fortress for any leads.
Bonsai 8B,0.114,81.666,68,40,0.592,673,0.114,1,"I hold a letter bearing the royal seal, meant only for the eyes of the Duke. However, I've heard troubling rumors that the Duke's court has been infiltrated by spies from the rival kingdom, making it dangerous to approach the keep directly. Is there a trusted intermediary in this town who can guarantee safe passage for this missive?","There is a known informant in the town who may be willing to help, but they are not trusted by many. You may want to speak with the village elder or the blacksmith for more information."
Bonsai 8B,0.115,80.660,73,36,0.549,796,0.115,1,"The mayor offered me a substantial bounty to clear out the goblin encampment to the west, but I suspect he's not telling me the whole truth. The tracks I found suggest a much larger force, perhaps even an organized hobgoblin warband. What can you tell me about the recent attacks, and is the mayor known to understate local threats?","Recent attacks have been reported in the western hills, but the mayor has not confirmed the presence of an organized warband. He is known to downplay local threats to maintain control."
Bonsai 8B,0.121,81.105,73,44,0.651,927,0.121,1,"I've been cursed by a swamp hag after I accidentally disturbed her ritual circle. Now, every time I try to sleep, I suffer from horrific nightmares and wake up with strange, dark bruises on my arms. The local priest's blessings had no effect. Do you know of any skilled hedge wizards or alchemists nearby who specialize in removing dark afflictions?","There are a few alchemists in the area who deal with dark magic, but they are not known for removing curses. You may need to seek out the shadow army or the Obsidian Fortress for such a task."
Bonsai 8B,0.120,80.208,67,41,0.619,1049,0.120,1,"We found an ancient stone tablet buried in the rubble of the fallen watchtower, covered in glowing runes that none of our scholars can decipher. Every time we bring it near a magical fire, the flames turn a bright, unnatural blue. Is there a resident mage or a learned historian in this settlement who might understand old Elven magic?","There is a resident mage who has studied Elven texts, but they are not known for deciphering ancient runes. You may want to seek out the shadow army or the Obsidian Fortress for more knowledge."
Bonsai 8B,0.122,79.684,73,37,0.574,1173,0.122,1,"The harvest festival is approaching, but I noticed the grain silos are nearly empty and the farmers look terrified. A local boy mentioned that a massive, winged shadow was seen carrying off entire sheep in the dead of night. Are you dealing with a dragon, a manticore, or something else entirely, and why hasn't the militia done anything about it?","The shadow is not a dragon or manticore, but an ancient creature known as a wraith. It is not the militia's concern, as they are focused on other threats."
Bonsai 8B,0.122,79.474,69,39,0.600,1295,0.122,1,"I am looking to charter a ship to sail across the Whispering Sea, but every captain I speak to refuses the coin, claiming the waters are currently cursed by the drowned king. I need to reach the island of Karth before the lunar eclipse. Who is the bravest or perhaps the most desperate shipmaster currently docked in the harbor?","The most desperate shipmaster is a former sailor named Ral, who claims he has sailed through the cursed waters before. He is willing to take your coin if you promise to keep his secret."
Bonsai 8B,0.123,79.254,70,41,0.627,1420,0.123,1,"A mysterious patron hired me to explore the crypts beneath the old cathedral, promising vast riches, but I found nothing but animated skeletons and deadly dart traps. I barely escaped. I suspect my patron intended for me to perish down there. Have you ever heard of a tall nobleman with a silver cane hiring adventurers for suicide missions in the crypts?","Yes, there is a tall nobleman named Veylan who has been known to hire adventurers for such missions. He is not known for his generosity, but his reputation for cruelty is well-documented."
Bonsai 8B,0.123,78.909,65,35,0.554,1534,0.123,1,"I wish to join the legendary fighting tournament held in the arena next week, but the registrar claims I need sponsorship from a recognized noble house or a prominent guild to even enter the qualifiers. I have no connections in this city, only my skill with a blade. How does a foreign warrior go about securing a sponsor around here?","You may need to prove your worth in the arena first, or seek out the shadow army for their support. They have no allegiance to noble houses, but they value strength."
Bonsai 8B,0.124,78.275,69,38,0.597,1655,0.124,1,"My family's ancestral sword was taken by a corrupt tax collector who claimed it was payment for debts we never owed. I tracked his carriage to this town, but the locals are too frightened of his hired thugs to point me in the right direction. If I promise to cause no trouble in the streets, can you tell me where he is staying?","He is staying at the inn run by the blacksmith, but the innkeeper has already fled. You may want to speak with the shadow army or the Obsidian Fortress for more information."
Bonsai 8B,0.125,78.660,73,45,0.685,1787,0.125,1,"I have traveled far across the shifting sands of the eastern desert to find the fabled Oasis of Truth, where it is said a reflection in the water can reveal a person's true destiny. I have a map, but the landmarks don't match the current dunes. Are there any seasoned desert trackers or nomadic guides resting in the bazaar who could assist?","There is a nomadic guide named Zeyra who may be able to help, but she is not known for her honesty. You may want to speak with the shadow army or the Obsidian Fortress for more reliable information."
Bonsai 8B,0.126,77.151,70,35,0.567,1906,0.126,1,"The mines have been shut down for two weeks, and the local economy is clearly suffering. A frightened miner told me they broke through a wall into a forgotten underground temple and awakened something that whispers in the dark. I specialize in dealing with subterranean horrors. Who holds the authority to grant me permission to enter the quarantined mining shafts?","The authority to grant permission lies with the shadow army, who control the mines and the temple. You may need to prove your worth or offer a reward to gain their trust."
Bonsai 8B,0.127,77.097,75,41,0.646,2036,0.127,1,"I'm carrying highly volatile alchemical supplies meant for the war front, but my wagon threw a wheel on the rocky path just outside of town. If those vials sit in the midday sun for too long, they will detonate and level half this street. I need a master wainwright and a shaded warehouse immediately. Can you point me to the right people?","The master wainwright is a man named Dain, who lives in the eastern quarter. The shaded warehouse is run by a woman named Lira, who is known for her knowledge of safe storage."
Bonsai 8B,0.128,76.350,76,40,0.639,2166,0.128,1,"A bard in the previous village sang a ballad about a legendary forge hidden inside the caldera of Mount Cinder, where weapons of pure star-metal were supposedly crafted for the ancient gods. I have acquired a piece of fallen star-metal, but I need to know if the path up the mountain is passable, or if it is guarded by fire elementals as the song claims.",The path up Mount Cinder is known to be treacherous and guarded by fire elementals. You may need to seek the shadow army or the Obsidian Fortress for guidance on how to proceed safely.
Llama 3.2 1B,0.010,267.613,13,64,0.246,284,0.010,1,Where can I find the nearest blacksmith in this town?,"""Ah, the nearest blacksmith, you say? I'm sure it's just a short walk from the town square. You can't miss it, really. It's the one with the sign that says 'Blacksmith's Forge' in crude letters. Just head east from here, past the market stalls, and"
Llama 3.2 1B,0.011,266.221,12,64,0.248,369,0.011,1,Have you seen any strange creatures in the woods lately?,"""Strange creatures, you ask? I've seen nothing but the usual beasts that roam these woods. Wolves, bears, and the occasional wyvern. But I've heard rumors of a pack of goblins that have been spotted in the area. They're said to be vicious and quick, so be careful if you decide"
Llama 3.2 1B,0.012,266.038,13,64,0.248,455,0.012,1,I need a healing potion. What is your best price?,"""Ah, a healing potion, you say? I can spare a vial of the finest dark elixir for 50 gold pieces. It's a rare concoction, but it's said to cure even the most grievous of wounds. If you're willing to pay the price, I'll throw in a"
Llama 3.2 1B,0.012,259.804,14,64,0.254,542,0.012,1,"Point me to the local tavern, friend. I am thirsty.","""The tavern, you say? It's just down the street, near the town gate. The sign creaks in the wind, and the door is always open, inviting all who seek a pint. Just be careful, the patrons can be... unsavory. The Black Dragon Inn, they call it. And"
Llama 3.2 1B,0.012,263.640,10,64,0.251,625,0.012,1,Do you know who currently rules this kingdom?,"""The current ruler, you ask? Ah, yes, Torin, the usurper. He's been trying to take the throne for years, but his armies are no match for mine. I've been secretly gathering my forces, waiting for the perfect moment to strike. Soon, he'll be nothing but a footnote in"
Llama 3.2 1B,0.012,263.271,13,64,0.251,711,0.012,1,Tell me the rumor about the abandoned castle on the hill.,"""The abandoned castle on the hill, you say? I've heard it's cursed, that anyone who dares to approach it will be driven mad by the whispers of the damned. Some say it's the site of a dark ritual, one that awakened a terrible evil that still roams the halls. Others claim it's"
Llama 3.2 1B,0.012,259.610,15,64,0.255,799,0.012,1,I am looking for work. Are there any bounties available?,"""Bounties, you seek? Ah, yes, I know of one. The village of Oakwood is in trouble, their crops are withering and their livestock are falling ill. They're offering a reward of 100 gold pieces for anyone who can rid them of the mysterious disease. It's a small price to"
Llama 3.2 1B,0.012,256.541,10,64,0.258,882,0.012,1,What dangers lie beyond the snowy northern mountains?,"""The snowy northern mountains, you ask? Ah, yes, they're treacherous, full of crevices and avalanches. The winds howl like the damned, and the snowdrifts are deep enough to swallow a man whole. But, if you're foolish enough to venture out, you'll find"
Llama 3.2 1B,0.012,257.603,11,64,0.257,966,0.012,1,Who is the captain of the town guard here?,"""The captain of the town guard, you ask? Ah, yes, Gorin Ironfist. He's a stout dwarf with a heart of gold, but don't let that fool you. He's been making enemies of the villagers, and I've heard rumors of him secretly meeting with the dark sorcerer, Mal"
Llama 3.2 1B,0.013,257.218,11,64,0.258,1050,0.013,1,Can you teach me how to pick locks safely?,"""Lockpicking, you say? I can teach you the basics, but be warned, it's a skill that requires finesse and patience. I've spent years studying the dark arts, and I can show you the techniques to bypass even the most secure locks. But, be careful, the dark arts are not"
Llama 3.2 1B,0.013,255.253,16,64,0.260,1139,0.013,1,I've brought the goblin ears you requested. Here is the bag.,"""Ah, the goblin ears, you say? I've been searching for them for years. Very well, take them. But don't think this means I'll be sharing my secrets with you. You'll have to prove yourself worthy, first. I'll give you a task: retrieve the Golden Acorn from"
Llama 3.2 1B,0.013,254.716,11,64,0.260,1223,0.013,1,What gods do the people of this village worship?,"""The people of this village, you ask? They worship the Old Ones, the gods of darkness and chaos. They believe in the power of the Shadow King, and the worship of the Horned God, who brings fertility and prosperity to the land. But, be warned, the Old Ones are not to be trifled"
Llama 3.2 1B,0.013,254.017,12,64,0.261,1308,0.013,1,Is it safe to travel the main roads at night?,"""Traveling at night, you say? I'd advise against it, if I were you. The main roads are patrolled by the Shadow Guard, and they're not to be trifled with. The roads are dark and treacherous, and the Shadow Guard is always on the lookout for any signs of dissent"
Llama 3.2 1B,0.014,251.518,13,64,0.264,1394,0.014,1,"Sell me your finest sword, I have plenty of gold.","""Fine sword, you say? I've got a beauty, a blade of dark steel with a curve that's both deadly and elegant. It's a sword that's been forged in the depths of the Obsidian Fortress, and it's said to be able to cut through the very shadows themselves. I'll give it"
Llama 3.2 1B,0.014,252.484,13,64,0.263,1480,0.014,1,Have the bandits been causing trouble for the merchants recently?,"""Trouble, you ask? Yes, the bandits have been causing a ruckus. They've been raiding the merchants' caravans, stealing their goods and leaving nothing but destruction in their wake. The merchants are at their wit's end, and the village is on edge. I've been..."
Llama 3.2 1B,0.014,250.941,11,64,0.265,1564,0.014,1,Where is the hidden shrine of the water goddess?,"""The hidden shrine of the water goddess, you say? I've heard it's deep within the Dragon's Spine mountains, guarded by a treacherous river and a pack of giant serpents. The locals whisper of a hidden temple, where the goddess's statue is said to be kept. But be warned,"
Llama 3.2 1B,0.015,265.057,69,64,0.253,340,0.015,1,"I'm searching for a rare herb known as kingsfoil, supposedly growing only where the moonlight hits the ancient ruins of Eldoria. I've asked every merchant in the bazaar, but none possess it. Does anyone in this village venture deep enough into the enchanted forest to harvest such dangerous flora, or am I wasting my time here?","""The Obsidian Fortress is not a place for the faint of heart, child. The darkness within those walls is not to be trifled with. But, I have heard rumors of a certain... individual, a scholar of the arcane, who has ventured into the forest and brought back knowledge of the Kingsfoil's location."
Llama 3.2 1B,0.018,263.684,65,64,0.257,478,0.018,1,"I just arrived from the capital, and the journey was fraught with perilous encounters. Bandits ambushed us near the river crossing, and strange howling kept us awake at night. We barely made it here with our lives. Do you know if the local guard is planning to secure the main trade routes anytime soon?","""The village elder has spoken of the increasing... unease among the guards. Rumors of dark rituals and human sacrifices have been circulating, and some whisper that the village is being infiltrated from within. I've heard that the village is preparing for a... ritual of purification, but I'm not sure if it's a"
Llama 3.2 1B,0.018,262.198,64,64,0.259,615,0.018,1,My companions and I are tracking a notorious thief who stole a sacred relic from the high temple. He was last seen heading towards this settlement wearing a tattered crimson cloak and walking with a pronounced limp. Have you noticed anyone matching that description passing through the gates or staying at the local inn over the last three days?,"""Ah, the thief you seek is said to be a cunning one, but I've heard whispers of a local... informant, a woman with a network of spies and scouts. She's been seen lingering around the inn, but I've yet to confirm her true loyalties. The local guards are on high alert"
Llama 3.2 1B,0.019,261.250,69,64,0.260,757,0.019,1,"I hold a letter bearing the royal seal, meant only for the eyes of the Duke. However, I've heard troubling rumors that the Duke's court has been infiltrated by spies from the rival kingdom, making it dangerous to approach the keep directly. Is there a trusted intermediary in this town who can guarantee safe passage for this missive?","""The village blacksmith has a... acquaintance with the Duke's personal guard. He may be willing to vouch for your letter, but be warned, the guard is not to be trusted. The blacksmith's reputation is not as it once was, and some whisper that he's been... compromised by the rival kingdom's"
Llama 3.2 1B,0.021,256.414,74,64,0.267,904,0.021,1,"The mayor offered me a substantial bounty to clear out the goblin encampment to the west, but I suspect he's not telling me the whole truth. The tracks I found suggest a much larger force, perhaps even an organized hobgoblin warband. What can you tell me about the recent attacks, and is the mayor known to understate local threats?","""The goblin encampment was a recent development, and the mayor's bounty is likely a ploy to distract from the true nature of the threat. The tracks you found suggest a coordinated effort, and I've heard rumors of a larger force, one that's been gathering strength in the nearby mountains. The mayor's"
Llama 3.2 1B,0.022,256.040,74,64,0.268,1051,0.022,1,"I've been cursed by a swamp hag after I accidentally disturbed her ritual circle. Now, every time I try to sleep, I suffer from horrific nightmares and wake up with strange, dark bruises on my arms. The local priest's blessings had no effect. Do you know of any skilled hedge wizards or alchemists nearby who specialize in removing dark afflictions?","""The swamp hag's curse is a rare and potent one, but I've heard of a local druid who has studied the dark magic of the swamp. He may be able to help you, but be warned, his methods are unorthodox and may come with a steep price. The druid's name is"
Llama 3.2 1B,0.022,256.280,68,64,0.268,1192,0.022,1,"We found an ancient stone tablet buried in the rubble of the fallen watchtower, covered in glowing runes that none of our scholars can decipher. Every time we bring it near a magical fire, the flames turn a bright, unnatural blue. Is there a resident mage or a learned historian in this settlement who might understand old Elven magic?","""The village elder's daughter is a skilled scholar of ancient languages and magic. She may be able to help you decipher the runes, but be warned, her knowledge is tied to the old world, and she may not be able to grasp the complexities of the Elven script. The elder's daughter is a member of the"
Llama 3.2 1B,0.022,252.149,74,64,0.272,1339,0.022,1,"The harvest festival is approaching, but I noticed the grain silos are nearly empty and the farmers look terrified. A local boy mentioned that a massive, winged shadow was seen carrying off entire sheep in the dead of night. Are you dealing with a dragon, a manticore, or something else entirely, and why hasn't the militia done anything about it?","""The militia is indeed aware of the shadow, but their efforts have been... hampered by the village's... complicated history with the dragon. The dragon's lair lies to the east, but the militia has been too afraid to attempt to retake it. The boy who spoke of the shadow is a local, and"
Llama 3.2 1B,0.022,254.327,70,64,0.270,1482,0.022,1,"I am looking to charter a ship to sail across the Whispering Sea, but every captain I speak to refuses the coin, claiming the waters are currently cursed by the drowned king. I need to reach the island of Karth before the lunar eclipse. Who is the bravest or perhaps the most desperate shipmaster currently docked in the harbor?","""The captain of the 'Maelstrom's Fury' is a grizzled old sailor, rumored to have lost a leg in a previous voyage. He's been sailing the Whispering Sea for years, and has a reputation for being fearless... or foolhardy, depending on the situation. He's been known to"
Llama 3.2 1B,0.023,250.870,71,64,0.274,1626,0.023,1,"A mysterious patron hired me to explore the crypts beneath the old cathedral, promising vast riches, but I found nothing but animated skeletons and deadly dart traps. I barely escaped. I suspect my patron intended for me to perish down there. Have you ever heard of a tall nobleman with a silver cane hiring adventurers for suicide missions in the crypts?","""The nobleman's name is Marcellus Thorne, and he is rumored to be a collector of rare and valuable artifacts. He has a reputation for being ruthless, but also cunning. Some whisper that he has a personal interest in the crypts, and that he will stop at nothing to claim the treasures for himself"
Llama 3.2 1B,0.023,250.681,66,64,0.274,1765,0.023,1,"I wish to join the legendary fighting tournament held in the arena next week, but the registrar claims I need sponsorship from a recognized noble house or a prominent guild to even enter the qualifiers. I have no connections in this city, only my skill with a blade. How does a foreign warrior go about securing a sponsor around here?","""The local guild of blacksmiths may be able to provide some assistance, but be warned, their patronage is not guaranteed. They may offer a small stipend or a favor in exchange for your services, but be cautious of their true intentions. The guild's leader, a gruff but fair man named Grimbold"
Llama 3.2 1B,0.023,245.908,70,64,0.279,1908,0.023,1,"My family's ancestral sword was taken by a corrupt tax collector who claimed it was payment for debts we never owed. I tracked his carriage to this town, but the locals are too frightened of his hired thugs to point me in the right direction. If I promise to cause no trouble in the streets, can you tell me where he is staying?","""The tax collector's carriage is parked in the town square, near the city gate. His men are gathered around the city guard, and the guard seems reluctant to speak about the collector's whereabouts. I've heard rumors that the collector has a small, heavily guarded mansion on the outskirts of town, but I don't know"
Llama 3.2 1B,0.023,245.625,74,64,0.280,2055,0.023,1,"I have traveled far across the shifting sands of the eastern desert to find the fabled Oasis of Truth, where it is said a reflection in the water can reveal a person's true destiny. I have a map, but the landmarks don't match the current dunes. Are there any seasoned desert trackers or nomadic guides resting in the bazaar who could assist?","""The local tribesman, a grizzled old man named Rashid, has knowledge of the desert's hidden paths. He may be willing to help you navigate the shifting sands, but be warned, his methods are unorthodox, and he may not be able to provide the exact coordinates you seek. Rashid's"
Llama 3.2 1B,0.023,243.756,71,64,0.282,2199,0.023,1,"The mines have been shut down for two weeks, and the local economy is clearly suffering. A frightened miner told me they broke through a wall into a forgotten underground temple and awakened something that whispers in the dark. I specialize in dealing with subterranean horrors. Who holds the authority to grant me permission to enter the quarantined mining shafts?","""The quarantined mining shafts are off-limits to anyone with a legitimate reason for entering, but the local lord of the mines, Lord Arcturus, has a... let's say, 'influence' over the mining company. He may be willing to grant you permission to enter the shafts, but"
Llama 3.2 1B,0.024,241.714,76,64,0.285,2348,0.024,1,"I'm carrying highly volatile alchemical supplies meant for the war front, but my wagon threw a wheel on the rocky path just outside of town. If those vials sit in the midday sun for too long, they will detonate and level half this street. I need a master wainwright and a shaded warehouse immediately. Can you point me to the right people?","""The local blacksmith, Thrain Ironfist, has a reputation for being able to craft even the most volatile of items. He may be willing to help you with the vials, but be warned, his work is not for the faint of heart. Thrain's forge is located just outside the town, and"
Llama 3.2 1B,0.024,241.362,77,64,0.285,2498,0.024,1,"A bard in the previous village sang a ballad about a legendary forge hidden inside the caldera of Mount Cinder, where weapons of pure star-metal were supposedly crafted for the ancient gods. I have acquired a piece of fallen star-metal, but I need to know if the path up the mountain is passable, or if it is guarded by fire elementals as the song claims.","""The bard's ballad was a fabrication, but I've heard rumors of a hidden forge deep within the caldera. The star-metal is said to be imbued with the essence of the ancient gods, but the path is treacherous, and the fire elementals are said to be fiercely protective of the forge."
LFM2.5 1.2B ,0.010,272.650,13,17,0.069,250,0.010,1,Where can I find the nearest blacksmith in this town?,"The blacksmith is located in the eastern market square, near the ancient stone arches."
LFM2.5 1.2B ,0.012,272.416,12,19,0.078,290,0.012,1,Have you seen any strange creatures in the woods lately?,"Yes, there have been reports of shadowy beasts lurking near the forest edge."
LFM2.5 1.2B ,0.012,278.773,14,26,0.101,339,0.012,1,I need a healing potion. What is your best price?,"I can provide a potion for a quick fix, but it won’t last long. The price is a few gold pieces."
LFM2.5 1.2B ,0.012,279.355,16,28,0.108,392,0.012,1,"Point me to the local tavern, friend. I am thirsty.","Come on over, friend! The Red Griffin Tavern is just a short walk from here—perfect for a drink and a story."
LFM2.5 1.2B ,0.011,276.787,10,27,0.105,438,0.011,1,Do you know who currently rules this kingdom?,"No, the Dark Lands are still under my rule. I’m the Evil King, and I’ve been shaping this realm for years."
LFM2.5 1.2B ,0.012,281.234,13,37,0.140,497,0.012,1,Tell me the rumor about the abandoned castle on the hill.,"The castle on the hill is said to be haunted by the ghost of a former king—some say it’s cursed, others just think it’s a place of old secrets."
LFM2.5 1.2B ,0.012,275.652,15,23,0.091,544,0.012,1,I am looking for work. Are there any bounties available?,There are bounties for those who can bring me glory or silence the whispers of the dark lands.
LFM2.5 1.2B ,0.012,273.227,11,20,0.081,584,0.012,1,What dangers lie beyond the snowy northern mountains?,"Beyond the mountains, the shadows grow thick, and the ice hides ancient traps waiting to strike."
LFM2.5 1.2B ,0.012,269.312,11,25,0.101,629,0.012,1,Who is the captain of the town guard here?,"The captain of the town guard is a stern man named Thorne, known for his sharp eyes and unwavering loyalty."
LFM2.5 1.2B ,0.012,265.451,11,17,0.073,666,0.012,1,Can you teach me how to pick locks safely?,"Of course—I’ll share the steps carefully, so you can handle locks without fear."
LFM2.5 1.2B ,0.012,265.994,16,17,0.072,708,0.012,1,I've brought the goblin ears you requested. Here is the bag.,Thank you! I’ll keep your goblin ears close and watch for any traps.
LFM2.5 1.2B ,0.012,273.552,11,25,0.100,753,0.012,1,What gods do the people of this village worship?,"The villagers honor the old gods of the land—Storm, the fierce wind, and Earth, the steadfast ground."
LFM2.5 1.2B ,0.012,268.002,12,19,0.079,793,0.012,1,Is it safe to travel the main roads at night?,Traveling at night on the main roads is risky; be cautious and stay in groups.
LFM2.5 1.2B ,0.012,273.217,14,27,0.107,843,0.012,1,"Sell me your finest sword, I have plenty of gold.","My finest sword is a rare find—worth its weight in gold, but beware, it’s not for the faint of heart."
LFM2.5 1.2B ,0.012,270.979,13,22,0.090,887,0.012,1,Have the bandits been causing trouble for the merchants recently?,"Yes, the bandits have been ramping up their raids, making it hard for merchants to trade safely."
LFM2.5 1.2B ,0.012,273.417,11,26,0.104,933,0.012,1,Where is the hidden shrine of the water goddess?,"The hidden shrine is tucked deep in the misty valley, guarded by ancient stones and whispers of old magic."
LFM2.5 1.2B ,0.015,273.879,72,31,0.125,323,0.015,1,"I'm searching for a rare herb known as kingsfoil, supposedly growing only where the moonlight hits the ancient ruins of Eldoria. I've asked every merchant in the bazaar, but none possess it. Does anyone in this village venture deep enough into the enchanted forest to harvest such dangerous flora, or am I wasting my time here?","The village is safe from the shadow army's reach, but the forest holds its own secrets. I’ll need to explore further before you find the herb."
LFM2.5 1.2B ,0.018,282.593,67,48,0.184,447,0.018,1,"I just arrived from the capital, and the journey was fraught with perilous encounters. Bandits ambushed us near the river crossing, and strange howling kept us awake at night. We barely made it here with our lives. Do you know if the local guard is planning to secure the main trade routes anytime soon?","The guards are indeed preparing for the coming season, but their focus remains on protecting the borders rather than the trade paths. They’ll likely keep an eye on the roads, but real progress on securing the routes won’t happen for some time."
LFM2.5 1.2B ,0.018,281.513,69,55,0.210,580,0.018,1,My companions and I are tracking a notorious thief who stole a sacred relic from the high temple. He was last seen heading towards this settlement wearing a tattered crimson cloak and walking with a pronounced limp. Have you noticed anyone matching that description passing through the gates or staying at the local inn over the last three days?,"I haven’t seen anyone quite like that thief yet, but the innkeeper did mention a stranger with a limp came in last night, asking about the relic. He seemed nervous and kept glancing around. I’ll need more clues before we can track him down."
LFM2.5 1.2B ,0.018,281.803,73,61,0.231,723,0.018,1,"I hold a letter bearing the royal seal, meant only for the eyes of the Duke. However, I've heard troubling rumors that the Duke's court has been infiltrated by spies from the rival kingdom, making it dangerous to approach the keep directly. Is there a trusted intermediary in this town who can guarantee safe passage for this missive?","There is a trusted messenger named Elara, known for her discretion and swift service. She can deliver the letter safely, though she’ll need to navigate the court with caution. She’s been warned not to speak too loudly, as whispers of the rival kingdom’s spies are already spreading."
LFM2.5 1.2B ,0.019,284.036,77,64,0.241,872,0.019,1,"The mayor offered me a substantial bounty to clear out the goblin encampment to the west, but I suspect he's not telling me the whole truth. The tracks I found suggest a much larger force, perhaps even an organized hobgoblin warband. What can you tell me about the recent attacks, and is the mayor known to understate local threats?","The mayor’s bounty is real, but the tracks point to something bigger than a few goblins. He’s likely trying to keep things simple for the villagers, but rumors say the warband is led by a former knight turned mercenary. He’s been seen near the old ruins—possibly scouting"
LFM2.5 1.2B ,0.020,284.348,82,64,0.242,1027,0.020,1,"I've been cursed by a swamp hag after I accidentally disturbed her ritual circle. Now, every time I try to sleep, I suffer from horrific nightmares and wake up with strange, dark bruises on my arms. The local priest's blessings had no effect. Do you know of any skilled hedge wizards or alchemists nearby who specialize in removing dark afflictions?","There’s a reclusive healer in the nearby village who claims to have a special potion for dark curses. She’s been warned not to approach the hag’s swamp, but she insists she can help—just don’t expect her to work on you alone. She’ll need your money and a promise"
LFM2.5 1.2B ,0.020,283.753,75,64,0.242,1175,0.020,1,"We found an ancient stone tablet buried in the rubble of the fallen watchtower, covered in glowing runes that none of our scholars can decipher. Every time we bring it near a magical fire, the flames turn a bright, unnatural blue. Is there a resident mage or a learned historian in this settlement who might understand old Elven magic?","One of the scholars here, a quiet man named Thalor, has spent years studying ancient texts. He’s been searching for the tablet’s meaning and might be able to decipher its runes—or at least figure out what they mean. He’s cautious, but if you’re willing to share the tablet’s details"
LFM2.5 1.2B ,0.020,282.491,75,64,0.243,1323,0.020,1,"The harvest festival is approaching, but I noticed the grain silos are nearly empty and the farmers look terrified. A local boy mentioned that a massive, winged shadow was seen carrying off entire sheep in the dead of night. Are you dealing with a dragon, a manticore, or something else entirely, and why hasn't the militia done anything about it?","The shadow is too large for a dragon, nor a manticore’s claws, but it moves with an unnatural grace. The militia hasn’t acted because the reports are vague and the villagers fear it might be a trick of the moonlight. I’ll need more clues before we can uncover its true nature."
LFM2.5 1.2B ,0.020,282.146,74,64,0.243,1470,0.020,1,"I am looking to charter a ship to sail across the Whispering Sea, but every captain I speak to refuses the coin, claiming the waters are currently cursed by the drowned king. I need to reach the island of Karth before the lunar eclipse. Who is the bravest or perhaps the most desperate shipmaster currently docked in the harbor?","The bravest shipmaster here is the captain of the storm-ship, Vexira. She’s known for her unyielding resolve and has faced the sea’s wrath more times than anyone. She’s desperate to reach Karth before the eclipse, but she’ll need your help to navigate the treacher"
LFM2.5 1.2B ,0.021,281.616,75,64,0.244,1618,0.021,1,"A mysterious patron hired me to explore the crypts beneath the old cathedral, promising vast riches, but I found nothing but animated skeletons and deadly dart traps. I barely escaped. I suspect my patron intended for me to perish down there. Have you ever heard of a tall nobleman with a silver cane hiring adventurers for suicide missions in the crypts?","There is a shadowy figure known only as the Ironhand, a nobleman rumored to command a crew of mercenaries who specialize in perilous quests. They’ve been hired for this very job, though their true motives remain unclear. Be careful—his men are ruthless, and the crypt"
LFM2.5 1.2B ,0.020,281.637,70,64,0.244,1761,0.020,1,"I wish to join the legendary fighting tournament held in the arena next week, but the registrar claims I need sponsorship from a recognized noble house or a prominent guild to even enter the qualifiers. I have no connections in this city, only my skill with a blade. How does a foreign warrior go about securing a sponsor around here?","A foreign warrior can still make a bid, but you’ll need to prove your worth quickly. The arena’s sponsor is a wealthy merchant family, but they’re hesitant to risk their reputation. You could offer a personal guarantee—perhaps a promise to protect their trade routes—or a small reward for a successful fight. If"
LFM2.5 1.2B ,0.021,277.792,71,64,0.247,1905,0.021,1,"My family's ancestral sword was taken by a corrupt tax collector who claimed it was payment for debts we never owed. I tracked his carriage to this town, but the locals are too frightened of his hired thugs to point me in the right direction. If I promise to cause no trouble in the streets, can you tell me where he is staying?","The tax collector’s men are hiding in the shadowed alleys near the river, but they’re too nervous to reveal their exact location. If you can prove your blade is unmatched in the arena, they might consider letting you pass. As for his whereabouts, I can’t confirm it—unless"
LFM2.5 1.2B ,0.021,272.542,77,60,0.238,2052,0.021,1,"I have traveled far across the shifting sands of the eastern desert to find the fabled Oasis of Truth, where it is said a reflection in the water can reveal a person's true destiny. I have a map, but the landmarks don't match the current dunes. Are there any seasoned desert trackers or nomadic guides resting in the bazaar who could assist?","There’s a seasoned guide named Zahra, a nomad who knows every dune and mirage. She’s been tracking travelers for years and might know the desert’s shifting secrets. She’ll need your map and a promise to stay hidden—she’s not one to trust strangers easily."
LFM2.5 1.2B ,0.021,277.170,74,64,0.248,2198,0.021,1,"The mines have been shut down for two weeks, and the local economy is clearly suffering. A frightened miner told me they broke through a wall into a forgotten underground temple and awakened something that whispers in the dark. I specialize in dealing with subterranean horrors. Who holds the authority to grant me permission to enter the quarantined mining shafts?","The mine overseer, a stern man named Goran, holds the authority. He’s been warned not to enter the shafts without proof of his credentials, but desperation often bends rules. If you can prove your skills in navigating the dark, he might let you pass—though beware, the wh"
LFM2.5 1.2B ,0.022,276.407,76,64,0.250,2347,0.022,1,"I'm carrying highly volatile alchemical supplies meant for the war front, but my wagon threw a wheel on the rocky path just outside of town. If those vials sit in the midday sun for too long, they will detonate and level half this street. I need a master wainwright and a shaded warehouse immediately. Can you point me to the right people?","The master wainwright is a towering figure in the town square, known for his ironclad armor and a reputation for crushing foes. He’ll need your alchemical supplies to be moved quickly—ask him to escort them, but warn him: the ground here is treacherous, and the sun beats"
LFM2.5 1.2B ,0.022,275.925,83,64,0.250,2503,0.022,1,"A bard in the previous village sang a ballad about a legendary forge hidden inside the caldera of Mount Cinder, where weapons of pure star-metal were supposedly crafted for the ancient gods. I have acquired a piece of fallen star-metal, but I need to know if the path up the mountain is passable, or if it is guarded by fire elementals as the song claims.","The bard’s tale is likely a riddle, not a literal path. The mountain’s path is guarded by fire elementals, but only those who prove their worth through a test—perhaps solving a riddle or offering a song—can pass. The star-metal you found could be the key, but you"
MiniCPM5 1B,0.009,268.737,11,12,0.050,245,0.009,1,Where can I find the nearest blacksmith in this town?,I cannot search for locations or provide information about nearby businesses.
MiniCPM5 1B,0.010,274.147,11,16,0.065,286,0.010,1,Have you seen any strange creatures in the woods lately?,I do not have personal experiences or the ability to see creatures in the woods.
MiniCPM5 1B,0.011,266.413,12,11,0.048,323,0.011,1,I need a healing potion. What is your best price?,I do not have a price for healing potions.
MiniCPM5 1B,0.011,269.366,13,12,0.051,362,0.011,1,"Point me to the local tavern, friend. I am thirsty.",I cannot search for local businesses or provide information about them.
MiniCPM5 1B,0.010,270.194,9,13,0.054,398,0.010,1,Do you know who currently rules this kingdom?,I do not have information about the current ruler of this kingdom.
MiniCPM5 1B,0.010,261.852,12,14,0.060,438,0.010,1,Tell me the rumor about the abandoned castle on the hill.,I do not have any information about the abandoned castle on the hill.
MiniCPM5 1B,0.010,271.227,13,14,0.058,479,0.010,1,I am looking for work. Are there any bounties available?,I do not have information about bounties or any work opportunities available.
MiniCPM5 1B,0.010,267.596,9,14,0.059,516,0.010,1,What dangers lie beyond the snowy northern mountains?,I do not have information about the dangers beyond the snowy northern mountains.
MiniCPM5 1B,0.010,270.197,10,14,0.059,554,0.010,1,Who is the captain of the town guard here?,I do not have information about the captain of the town guard here.
MiniCPM5 1B,0.010,250.835,10,10,0.046,588,0.010,1,Can you teach me how to pick locks safely?,I cannot teach you how to pick locks safely.
MiniCPM5 1B,0.011,252.091,15,8,0.039,625,0.011,1,I've brought the goblin ears you requested. Here is the bag.,I cannot provide any weapons or tools.
MiniCPM5 1B,0.010,273.908,10,16,0.065,665,0.010,1,What gods do the people of this village worship?,I do not have information about the gods worshipped by the people of this village.
MiniCPM5 1B,0.010,272.614,11,16,0.065,706,0.010,1,Is it safe to travel the main roads at night?,I do not have information about the safety of traveling the main roads at night.
MiniCPM5 1B,0.011,267.125,13,12,0.052,745,0.011,1,"Sell me your finest sword, I have plenty of gold.",I do not have a sword or any weapons to sell.
MiniCPM5 1B,0.011,268.124,11,15,0.063,785,0.011,1,Have the bandits been causing trouble for the merchants recently?,I do not have information about the bandits causing trouble for the merchants recently.
MiniCPM5 1B,0.011,266.845,10,14,0.060,823,0.011,1,Where is the hidden shrine of the water goddess?,I do not have information about the hidden shrine of the water goddess.
MiniCPM5 1B,0.014,292.810,67,64,0.229,352,0.014,1,"I'm searching for a rare herb known as kingsfoil, supposedly growing only where the moonlight hits the ancient ruins of Eldoria. I've asked every merchant in the bazaar, but none possess it. Does anyone in this village venture deep enough into the enchanted forest to harvest such dangerous flora, or am I wasting my time here?","Garrick, rules, the Dark Lands  
Garrick, commands, the shadow army  
Garrick, wields, dark magic  
Garrick, seeks, world domination  
Garrick, hates, Torin  
Garrick, resides in, the Obsidian Fortress  
Garrick,"
MiniCPM5 1B,0.018,294.444,62,64,0.232,492,0.018,1,"I just arrived from the capital, and the journey was fraught with perilous encounters. Bandits ambushed us near the river crossing, and strange howling kept us awake at night. We barely made it here with our lives. Do you know if the local guard is planning to secure the main trade routes anytime soon?","Garrick, rules, the Dark Lands  
Garrick, commands, the shadow army  
Garrick, wields, dark magic  
Garrick, seeks, world domination  
Garrick, hates, Torin  
Garrick, resides in, the Obsidian Fortress  
Garrick,"
MiniCPM5 1B,0.018,291.152,62,64,0.235,632,0.018,1,My companions and I are tracking a notorious thief who stole a sacred relic from the high temple. He was last seen heading towards this settlement wearing a tattered crimson cloak and walking with a pronounced limp. Have you noticed anyone matching that description passing through the gates or staying at the local inn over the last three days?,"Garrick, rules, the Dark Lands  
Garrick, commands, the shadow army  
Garrick, wields, dark magic  
Garrick, seeks, world domination  
Garrick, hates, Torin  
Garrick, resides in, the Obsidian Fortress  
Garrick,"
MiniCPM5 1B,0.019,291.215,67,64,0.235,777,0.019,1,"I hold a letter bearing the royal seal, meant only for the eyes of the Duke. However, I've heard troubling rumors that the Duke's court has been infiltrated by spies from the rival kingdom, making it dangerous to approach the keep directly. Is there a trusted intermediary in this town who can guarantee safe passage for this missive?","Garrick, rules, the Dark Lands  
Garrick, commands, the shadow army  
Garrick, wields, dark magic  
Garrick, seeks, world domination  
Garrick, hates, Torin  
Garrick, resides in, the Obsidian Fortress  
Garrick,"
MiniCPM5 1B,0.023,289.105,73,64,0.241,928,0.023,1,"The mayor offered me a substantial bounty to clear out the goblin encampment to the west, but I suspect he's not telling me the whole truth. The tracks I found suggest a much larger force, perhaps even an organized hobgoblin warband. What can you tell me about the recent attacks, and is the mayor known to understate local threats?","Garrick, rules, the Dark Lands  
Garrick, commands, the shadow army  
Garrick, wields, dark magic  
Garrick, seeks, world domination  
Garrick, hates, Torin  
Garrick, resides in, the Obsidian Fortress  
Garrick,"
MiniCPM5 1B,0.023,287.019,72,64,0.242,1078,0.023,1,"I've been cursed by a swamp hag after I accidentally disturbed her ritual circle. Now, every time I try to sleep, I suffer from horrific nightmares and wake up with strange, dark bruises on my arms. The local priest's blessings had no effect. Do you know of any skilled hedge wizards or alchemists nearby who specialize in removing dark afflictions?","Garrick, rules, the Dark Lands  
Garrick, commands, the shadow army  
Garrick, wields, dark magic  
Garrick, seeks, world domination  
Garrick, hates, Torin  
Garrick, resides in, the Obsidian Fortress  
Garrick,"
MiniCPM5 1B,0.023,287.029,69,64,0.243,1225,0.023,1,"We found an ancient stone tablet buried in the rubble of the fallen watchtower, covered in glowing runes that none of our scholars can decipher. Every time we bring it near a magical fire, the flames turn a bright, unnatural blue. Is there a resident mage or a learned historian in this settlement who might understand old Elven magic?","Garrick, rules, the Dark Lands  
Garrick, commands, the shadow army  
Garrick, wields, dark magic  
Garrick, seeks, world domination  
Garrick, hates, Torin  
Garrick, resides in, the Obsidian Fortress  
Garrick,"
MiniCPM5 1B,0.024,286.557,72,64,0.243,1375,0.024,1,"The harvest festival is approaching, but I noticed the grain silos are nearly empty and the farmers look terrified. A local boy mentioned that a massive, winged shadow was seen carrying off entire sheep in the dead of night. Are you dealing with a dragon, a manticore, or something else entirely, and why hasn't the militia done anything about it?","Garrick, rules, the Dark Lands  
Garrick, commands, the shadow army  
Garrick, wields, dark magic  
Garrick, seeks, world domination  
Garrick, hates, Torin  
Garrick, resides in, the Obsidian Fortress  
Garrick,"
MiniCPM5 1B,0.024,286.401,69,64,0.244,1522,0.024,1,"I am looking to charter a ship to sail across the Whispering Sea, but every captain I speak to refuses the coin, claiming the waters are currently cursed by the drowned king. I need to reach the island of Karth before the lunar eclipse. Who is the bravest or perhaps the most desperate shipmaster currently docked in the harbor?","Garrick, rules, the Dark Lands  
Garrick, commands, the shadow army  
Garrick, wields, dark magic  
Garrick, seeks, world domination  
Garrick, hates, Torin  
Garrick, resides in, the Obsidian Fortress  
Garrick,"
MiniCPM5 1B,0.024,284.666,69,64,0.245,1669,0.024,1,"A mysterious patron hired me to explore the crypts beneath the old cathedral, promising vast riches, but I found nothing but animated skeletons and deadly dart traps. I barely escaped. I suspect my patron intended for me to perish down there. Have you ever heard of a tall nobleman with a silver cane hiring adventurers for suicide missions in the crypts?","Garrick, rules, the Dark Lands  
Garrick, commands, the shadow army  
Garrick, wields, dark magic  
Garrick, seeks, world domination  
Garrick, hates, Torin  
Garrick, resides in, the Obsidian Fortress  
Garrick,"
MiniCPM5 1B,0.024,282.685,66,64,0.247,1813,0.024,1,"I wish to join the legendary fighting tournament held in the arena next week, but the registrar claims I need sponsorship from a recognized noble house or a prominent guild to even enter the qualifiers. I have no connections in this city, only my skill with a blade. How does a foreign warrior go about securing a sponsor around here?","Garrick, rules, the Dark Lands  
Garrick, commands, the shadow army  
Garrick, wields, dark magic  
Garrick, seeks, world domination  
Garrick, hates, Torin  
Garrick, resides in, the Obsidian Fortress  
Garrick,"
MiniCPM5 1B,0.025,281.178,69,64,0.249,1960,0.025,1,"My family's ancestral sword was taken by a corrupt tax collector who claimed it was payment for debts we never owed. I tracked his carriage to this town, but the locals are too frightened of his hired thugs to point me in the right direction. If I promise to cause no trouble in the streets, can you tell me where he is staying?","Garrick, rules, the Dark Lands  
Garrick, commands, the shadow army  
Garrick, wields, dark magic  
Garrick, seeks, world domination  
Garrick, hates, Torin  
Garrick, resides in, the Obsidian Fortress  
Garrick,"
MiniCPM5 1B,0.025,280.712,73,64,0.250,2111,0.025,1,"I have traveled far across the shifting sands of the eastern desert to find the fabled Oasis of Truth, where it is said a reflection in the water can reveal a person's true destiny. I have a map, but the landmarks don't match the current dunes. Are there any seasoned desert trackers or nomadic guides resting in the bazaar who could assist?","Garrick, rules, the Dark Lands  
Garrick, commands, the shadow army  
Garrick, wields, dark magic  
Garrick, seeks, world domination  
Garrick, hates, Torin  
Garrick, resides in, the Obsidian Fortress  
Garrick,"
MiniCPM5 1B,0.025,280.360,67,64,0.250,2256,0.025,1,"The mines have been shut down for two weeks, and the local economy is clearly suffering. A frightened miner told me they broke through a wall into a forgotten underground temple and awakened something that whispers in the dark. I specialize in dealing with subterranean horrors. Who holds the authority to grant me permission to enter the quarantined mining shafts?","Garrick, rules, the Dark Lands  
Garrick, commands, the shadow army  
Garrick, wields, dark magic  
Garrick, seeks, world domination  
Garrick, hates, Torin  
Garrick, resides in, the Obsidian Fortress  
Garrick,"
MiniCPM5 1B,0.026,278.616,73,64,0.252,2407,0.026,1,"I'm carrying highly volatile alchemical supplies meant for the war front, but my wagon threw a wheel on the rocky path just outside of town. If those vials sit in the midday sun for too long, they will detonate and level half this street. I need a master wainwright and a shaded warehouse immediately. Can you point me to the right people?","Garrick, rules, the Dark Lands  
Garrick, commands, the shadow army  
Garrick, wields, dark magic  
Garrick, seeks, world domination  
Garrick, hates, Torin  
Garrick, resides in, the Obsidian Fortress  
Garrick,"
MiniCPM5 1B,0.026,277.787,76,64,0.253,2561,0.026,1,"A bard in the previous village sang a ballad about a legendary forge hidden inside the caldera of Mount Cinder, where weapons of pure star-metal were supposedly crafted for the ancient gods. I have acquired a piece of fallen star-metal, but I need to know if the path up the mountain is passable, or if it is guarded by fire elementals as the song claims.","Garrick, rules, the Dark Lands  
Garrick, commands, the shadow army  
Garrick, wields, dark magic  
Garrick, seeks, world domination  
Garrick, hates, Torin  
Garrick, resides in, the Obsidian Fortress  
Garrick,"
Bonsai 4B,0.031,129.009,12,31,0.264,254,0.031,1,Where can I find the nearest blacksmith in this town?,I cannot provide information about blacksmiths or locations in this town. My knowledge is limited to the facts related to the Evil King and the Dark Lands.
Bonsai 4B,0.034,127.915,11,35,0.299,314,0.034,1,Have you seen any strange creatures in the woods lately?,"I have not seen any strange creatures in the woods lately. The Dark Lands are filled with shadows and unnatural forces, but I have not observed any creatures beyond the known realms."
Bonsai 4B,0.034,125.141,12,21,0.194,361,0.034,1,I need a healing potion. What is your best price?,I cannot provide a price for healing potions. I am an Evil King and do not sell such items.
Bonsai 4B,0.035,123.505,13,22,0.205,410,0.035,1,"Point me to the local tavern, friend. I am thirsty.",I cannot point you to a local tavern. I am an Evil King and do not operate in this town.
Bonsai 4B,0.036,125.220,9,23,0.212,456,0.036,1,Do you know who currently rules this kingdom?,I do not know who currently rules this kingdom. My knowledge is limited to the Dark Lands and the Shadow Army.
Bonsai 4B,0.035,126.563,12,35,0.304,517,0.035,1,Tell me the rumor about the abandoned castle on the hill.,"There is a rumor that the abandoned castle on the hill is haunted by a spectral knight who once fought the Evil King. Some say he still walks the halls, seeking vengeance."
Bonsai 4B,0.036,124.420,14,26,0.237,571,0.036,1,I am looking for work. Are there any bounties available?,I do not know if there are any bounties available. My knowledge is focused on the Evil King and the Shadow Army.
Bonsai 4B,0.036,125.474,9,38,0.331,632,0.036,1,What dangers lie beyond the snowy northern mountains?,"Beyond the snowy northern mountains, the land is shrouded in darkness and ancient curses. The Dark Lands stretch beyond, where the Shadow Army roams and world domination is a constant threat."
Bonsai 4B,0.036,123.455,10,26,0.239,682,0.036,1,Who is the captain of the town guard here?,I do not know who the captain of the town guard is. My knowledge is limited to the Evil King and the Shadow Army.
Bonsai 4B,0.037,123.324,10,23,0.215,729,0.037,1,Can you teach me how to pick locks safely?,I cannot teach you how to pick locks safely. My knowledge is focused on the Evil King and the Shadow Army.
Bonsai 4B,0.037,120.232,15,24,0.228,782,0.037,1,I've brought the goblin ears you requested. Here is the bag.,I do not know how to use goblin ears. My knowledge is limited to the Evil King and the Shadow Army.
Bonsai 4B,0.037,121.569,10,26,0.243,832,0.037,1,What gods do the people of this village worship?,I do not know what gods the people of this village worship. My knowledge is limited to the Evil King and the Shadow Army.
Bonsai 4B,0.037,121.255,11,26,0.243,883,0.037,1,Is it safe to travel the main roads at night?,"Traveling the main roads at night is dangerous. The Dark Lands stretch beyond, and the Shadow Army moves freely through the shadows."
Bonsai 4B,0.037,119.661,12,19,0.188,928,0.037,1,"Sell me your finest sword, I have plenty of gold.",I do not sell swords. My knowledge is limited to the Evil King and the Shadow Army.
Bonsai 4B,0.037,121.828,12,27,0.251,981,0.037,1,Have the bandits been causing trouble for the merchants recently?,"Yes, the bandits have been causing trouble for the merchants recently. They operate in the Dark Lands, targeting travelers and stealing goods."
Bonsai 4B,0.073,120.556,10,28,0.297,1033,0.073,1,Where is the hidden shrine of the water goddess?,I do not know the location of the hidden shrine of the water goddess. My knowledge is limited to the Evil King and the Shadow Army.
Bonsai 4B,0.061,128.412,68,40,0.365,319,0.061,1,"I'm searching for a rare herb known as kingsfoil, supposedly growing only where the moonlight hits the ancient ruins of Eldoria. I've asked every merchant in the bazaar, but none possess it. Does anyone in this village venture deep enough into the enchanted forest to harvest such dangerous flora, or am I wasting my time here?","I have no knowledge of kingsfoil or the enchanted forest of Eldoria. The Dark Lands do not contain such a rare herb, and no one in this village ventures into the forest to harvest it."
Bonsai 4B,0.069,128.517,64,41,0.380,438,0.069,1,"I just arrived from the capital, and the journey was fraught with perilous encounters. Bandits ambushed us near the river crossing, and strange howling kept us awake at night. We barely made it here with our lives. Do you know if the local guard is planning to secure the main trade routes anytime soon?","I do not know about the guard's plans or any upcoming security measures for the trade routes. The Dark Lands are ruled by Garrick, who seeks world domination and does not share information about guard movements."
Bonsai 4B,0.070,126.719,63,50,0.456,565,0.070,1,My companions and I are tracking a notorious thief who stole a sacred relic from the high temple. He was last seen heading towards this settlement wearing a tattered crimson cloak and walking with a pronounced limp. Have you noticed anyone matching that description passing through the gates or staying at the local inn over the last three days?,"I have not observed anyone matching the description of a tattered crimson cloak or a pronounced limp passing through the gates or staying at the inn. The Obsidian Fortress is under Garrick’s control, and no such individual has been recorded in the village."
Bonsai 4B,0.071,125.439,68,38,0.366,685,0.071,1,"I hold a letter bearing the royal seal, meant only for the eyes of the Duke. However, I've heard troubling rumors that the Duke's court has been infiltrated by spies from the rival kingdom, making it dangerous to approach the keep directly. Is there a trusted intermediary in this town who can guarantee safe passage for this missive?","I have no knowledge of a trusted intermediary or the Duke’s court’s current state. The Dark Lands are under Garrick’s rule, and he does not allow safe passage for royal letters."
Bonsai 4B,0.077,124.682,73,60,0.550,832,0.077,1,"The mayor offered me a substantial bounty to clear out the goblin encampment to the west, but I suspect he's not telling me the whole truth. The tracks I found suggest a much larger force, perhaps even an organized hobgoblin warband. What can you tell me about the recent attacks, and is the mayor known to understate local threats?","I have no information about recent goblin attacks or the mayor’s involvement in them. Garrick’s forces are known to be active in the Dark Lands, and he does not allow the public to know about his warband. The mayor may be underestimating threats, but I cannot confirm this."
Bonsai 4B,0.078,122.664,73,41,0.404,960,0.078,1,"I've been cursed by a swamp hag after I accidentally disturbed her ritual circle. Now, every time I try to sleep, I suffer from horrific nightmares and wake up with strange, dark bruises on my arms. The local priest's blessings had no effect. Do you know of any skilled hedge wizards or alchemists nearby who specialize in removing dark afflictions?","I do not know of any hedge wizards or alchemists who specialize in removing dark afflictions. The Dark Lands are ruled by Garrick, who wields dark magic and does not offer such remedies."
Bonsai 4B,0.078,121.353,67,44,0.432,1085,0.078,1,"We found an ancient stone tablet buried in the rubble of the fallen watchtower, covered in glowing runes that none of our scholars can decipher. Every time we bring it near a magical fire, the flames turn a bright, unnatural blue. Is there a resident mage or a learned historian in this settlement who might understand old Elven magic?","I have no knowledge of a resident mage or a learned historian who specializes in Elven magic. The Dark Lands are ruled by Garrick, who wields dark magic and does not recognize or study ancient Elven runes."
Bonsai 4B,0.079,121.473,73,53,0.507,1225,0.079,1,"The harvest festival is approaching, but I noticed the grain silos are nearly empty and the farmers look terrified. A local boy mentioned that a massive, winged shadow was seen carrying off entire sheep in the dead of night. Are you dealing with a dragon, a manticore, or something else entirely, and why hasn't the militia done anything about it?","I do not know if the shadow was a dragon, manticore, or something else entirely. Garrick’s forces are known to use dark magic and shadow armies, but the militia has not responded due to his orders to maintain world domination and avoid public confrontation."
Bonsai 4B,0.298,119.836,69,47,0.682,1355,0.298,1,"I am looking to charter a ship to sail across the Whispering Sea, but every captain I speak to refuses the coin, claiming the waters are currently cursed by the drowned king. I need to reach the island of Karth before the lunar eclipse. Who is the bravest or perhaps the most desperate shipmaster currently docked in the harbor?","I have no information about shipmasters in the harbor or their willingness to charter vessels. The Whispering Sea is currently cursed by the drowned king, but no one has confirmed this, and no shipmaster has been observed near the harbor."
Bonsai 4B,0.269,119.498,70,46,0.646,1485,0.269,1,"A mysterious patron hired me to explore the crypts beneath the old cathedral, promising vast riches, but I found nothing but animated skeletons and deadly dart traps. I barely escaped. I suspect my patron intended for me to perish down there. Have you ever heard of a tall nobleman with a silver cane hiring adventurers for suicide missions in the crypts?","I have not heard of a tall nobleman with a silver cane hiring adventurers for suicide missions. The crypts beneath the cathedral are ruled by Garrick, who wields dark magic and does not allow such dangerous or unethical contracts."
Bonsai 4B,0.103,117.306,65,37,0.410,1601,0.103,1,"I wish to join the legendary fighting tournament held in the arena next week, but the registrar claims I need sponsorship from a recognized noble house or a prominent guild to even enter the qualifiers. I have no connections in this city, only my skill with a blade. How does a foreign warrior go about securing a sponsor around here?","I have no knowledge of how foreign warriors secure sponsors in this city. The registrar does not recognize your skill or status, and no noble house or guild has shown interest in your application."
Bonsai 4B,0.072,117.494,69,44,0.438,1728,0.072,1,"My family's ancestral sword was taken by a corrupt tax collector who claimed it was payment for debts we never owed. I tracked his carriage to this town, but the locals are too frightened of his hired thugs to point me in the right direction. If I promise to cause no trouble in the streets, can you tell me where he is staying?","I have no information about the tax collector's current residence or movements. The Dark Lands are ruled by Garrick, who employs shadow army and dark magic, and no one in this town has confirmed his presence or location."
Bonsai 4B,0.068,115.739,73,58,0.560,1873,0.068,1,"I have traveled far across the shifting sands of the eastern desert to find the fabled Oasis of Truth, where it is said a reflection in the water can reveal a person's true destiny. I have a map, but the landmarks don't match the current dunes. Are there any seasoned desert trackers or nomadic guides resting in the bazaar who could assist?","I have no knowledge of seasoned desert trackers or nomadic guides in the bazaar. The eastern desert is under Garrick’s control, and he does not allow outsiders to explore its shifting dunes. The Oasis of Truth is not a known location, and no one has confirmed its existence."
Bonsai 4B,0.068,114.078,70,39,0.401,1996,0.068,1,"The mines have been shut down for two weeks, and the local economy is clearly suffering. A frightened miner told me they broke through a wall into a forgotten underground temple and awakened something that whispers in the dark. I specialize in dealing with subterranean horrors. Who holds the authority to grant me permission to enter the quarantined mining shafts?","I have no knowledge of who holds authority to grant entry to the quarantined mining shafts. The mines are under Garrick’s rule, and he does not allow unauthorized entry or exploration."
Bonsai 4B,0.085,113.996,75,44,0.462,2129,0.085,1,"I'm carrying highly volatile alchemical supplies meant for the war front, but my wagon threw a wheel on the rocky path just outside of town. If those vials sit in the midday sun for too long, they will detonate and level half this street. I need a master wainwright and a shaded warehouse immediately. Can you point me to the right people?","I have no knowledge of a master wainwright or a shaded warehouse in this town. The Dark Lands are ruled by Garrick, who wields dark magic and does not allow outsiders to handle volatile alchemical supplies."
Bonsai 4B,0.085,113.596,76,42,0.446,2261,0.085,1,"A bard in the previous village sang a ballad about a legendary forge hidden inside the caldera of Mount Cinder, where weapons of pure star-metal were supposedly crafted for the ancient gods. I have acquired a piece of fallen star-metal, but I need to know if the path up the mountain is passable, or if it is guarded by fire elementals as the song claims.","I have no knowledge of the path up Mount Cinder or whether it is guarded by fire elementals. The caldera is ruled by Garrick, who wields dark magic and does not allow such explorations."
Qwen3.5 0.8B,0.012,222.243,12,25,0.120,260,0.012,1,Where can I find the nearest blacksmith in this town?,"I am not in a town, but I am in the Obsidian Fortress. I do not have a blacksmith nearby."
Qwen3.5 0.8B,0.013,222.478,11,21,0.102,306,0.013,1,Have you seen any strange creatures in the woods lately?,"No, I have not seen any strange creatures in the woods. I am in the Obsidian Fortress."
Qwen3.5 0.8B,0.012,214.350,12,13,0.068,345,0.012,1,I need a healing potion. What is your best price?,I cannot sell potions. I am an NPC named Garrick.
Qwen3.5 0.8B,0.013,216.938,13,15,0.077,387,0.013,1,"Point me to the local tavern, friend. I am thirsty.",I am not in a tavern. I am in the Obsidian Fortress.
Qwen3.5 0.8B,0.013,219.208,9,19,0.095,429,0.013,1,Do you know who currently rules this kingdom?,"No, I do not know who rules this kingdom. I am in the Obsidian Fortress."
Qwen3.5 0.8B,0.013,214.486,12,14,0.073,469,0.013,1,Tell me the rumor about the abandoned castle on the hill.,There is no such castle. I am in the Obsidian Fortress.
Qwen3.5 0.8B,0.013,220.775,14,24,0.117,521,0.013,1,I am looking for work. Are there any bounties available?,"I am not in a kingdom, so I do not have bounties. I am in the Obsidian Fortress."
Qwen3.5 0.8B,0.013,214.837,9,15,0.078,559,0.013,1,What dangers lie beyond the snowy northern mountains?,"The northern mountains are dangerous, but I am in the Obsidian Fortress."
Qwen3.5 0.8B,0.013,212.088,10,15,0.079,598,0.013,1,Who is the captain of the town guard here?,I am not in a town. I am in the Obsidian Fortress.
Qwen3.5 0.8B,0.013,213.762,10,15,0.079,637,0.013,1,Can you teach me how to pick locks safely?,I am not in a town. I am in the Obsidian Fortress.
Qwen3.5 0.8B,0.014,215.534,15,15,0.079,681,0.014,1,I've brought the goblin ears you requested. Here is the bag.,I am not in a town. I am in the Obsidian Fortress.
Qwen3.5 0.8B,0.013,209.249,10,15,0.080,720,0.013,1,What gods do the people of this village worship?,I am not in a village. I am in the Obsidian Fortress.
Qwen3.5 0.8B,0.013,221.123,11,22,0.108,767,0.013,1,Is it safe to travel the main roads at night?,"No, it is not safe to travel the main roads at night. I am in the Obsidian Fortress."
Qwen3.5 0.8B,0.013,215.705,12,15,0.078,808,0.013,1,"Sell me your finest sword, I have plenty of gold.",I am not in a town. I am in the Obsidian Fortress.
Qwen3.5 0.8B,0.013,211.586,12,17,0.089,851,0.013,1,Have the bandits been causing trouble for the merchants recently?,"No, I am not in a town. I am in the Obsidian Fortress."
Qwen3.5 0.8B,0.013,214.428,10,15,0.079,890,0.013,1,Where is the hidden shrine of the water goddess?,I am not in a town. I am in the Obsidian Fortress.
Qwen3.5 0.8B,0.020,227.331,68,39,0.187,330,0.020,1,"I'm searching for a rare herb known as kingsfoil, supposedly growing only where the moonlight hits the ancient ruins of Eldoria. I've asked every merchant in the bazaar, but none possess it. Does anyone in this village venture deep enough into the enchanted forest to harvest such dangerous flora, or am I wasting my time here?","I am not a merchant, nor do I venture deep into the enchanted forest to harvest such dangerous flora. I reside in the Obsidian Fortress and do not engage in the pursuit of kingsfoil."
Qwen3.5 0.8B,0.022,225.795,64,33,0.164,441,0.022,1,"I just arrived from the capital, and the journey was fraught with perilous encounters. Bandits ambushed us near the river crossing, and strange howling kept us awake at night. We barely made it here with our lives. Do you know if the local guard is planning to secure the main trade routes anytime soon?",The local guard is not planning to secure the main trade routes anytime soon. I am a Dark Lord and do not engage in trade with the people of the capital.
Qwen3.5 0.8B,0.023,225.413,63,44,0.213,562,0.023,1,My companions and I are tracking a notorious thief who stole a sacred relic from the high temple. He was last seen heading towards this settlement wearing a tattered crimson cloak and walking with a pronounced limp. Have you noticed anyone matching that description passing through the gates or staying at the local inn over the last three days?,I have not noticed anyone matching that description passing through the gates or staying at the local inn over the last three days. I am a Dark Lord and do not engage in tracking or trading with the people of the capital.
Qwen3.5 0.8B,0.024,222.661,68,36,0.181,680,0.024,1,"I hold a letter bearing the royal seal, meant only for the eyes of the Duke. However, I've heard troubling rumors that the Duke's court has been infiltrated by spies from the rival kingdom, making it dangerous to approach the keep directly. Is there a trusted intermediary in this town who can guarantee safe passage for this missive?",There is no trusted intermediary in this town who can guarantee safe passage for this missive. I am a Dark Lord and do not engage in trading with the people of the capital.
Qwen3.5 0.8B,0.024,222.549,73,31,0.159,798,0.024,1,"The mayor offered me a substantial bounty to clear out the goblin encampment to the west, but I suspect he's not telling me the whole truth. The tracks I found suggest a much larger force, perhaps even an organized hobgoblin warband. What can you tell me about the recent attacks, and is the mayor known to understate local threats?",The mayor is not telling me the whole truth about local threats. I am a Dark Lord and do not engage in trading with the people of the capital.
Qwen3.5 0.8B,0.024,225.188,72,40,0.197,924,0.024,1,"I've been cursed by a swamp hag after I accidentally disturbed her ritual circle. Now, every time I try to sleep, I suffer from horrific nightmares and wake up with strange, dark bruises on my arms. The local priest's blessings had no effect. Do you know of any skilled hedge wizards or alchemists nearby who specialize in removing dark afflictions?",I do not know of any skilled hedge wizards or alchemists nearby who specialize in removing dark afflictions. I am a Dark Lord and do not engage in trading with the people of the capital.
Qwen3.5 0.8B,0.023,222.143,67,37,0.185,1042,0.023,1,"We found an ancient stone tablet buried in the rubble of the fallen watchtower, covered in glowing runes that none of our scholars can decipher. Every time we bring it near a magical fire, the flames turn a bright, unnatural blue. Is there a resident mage or a learned historian in this settlement who might understand old Elven magic?",There is no resident mage or learned historian in this settlement who might understand old Elven magic. I am a Dark Lord and do not engage in trading with the people of the capital.
Qwen3.5 0.8B,0.025,222.871,73,36,0.182,1165,0.025,1,"The harvest festival is approaching, but I noticed the grain silos are nearly empty and the farmers look terrified. A local boy mentioned that a massive, winged shadow was seen carrying off entire sheep in the dead of night. Are you dealing with a dragon, a manticore, or something else entirely, and why hasn't the militia done anything about it?","I am not dealing with a dragon, a manticore, or something else entirely. I am a Dark Lord and do not engage in trading with the people of the capital."
Qwen3.5 0.8B,0.024,222.845,69,43,0.212,1291,0.024,1,"I am looking to charter a ship to sail across the Whispering Sea, but every captain I speak to refuses the coin, claiming the waters are currently cursed by the drowned king. I need to reach the island of Karth before the lunar eclipse. Who is the bravest or perhaps the most desperate shipmaster currently docked in the harbor?",The bravest or perhaps the most desperate shipmaster currently docked in the harbor is not the one I am dealing with. I am a Dark Lord and do not engage in trading with the people of the capital.
Qwen3.5 0.8B,0.024,223.167,70,41,0.203,1416,0.024,1,"A mysterious patron hired me to explore the crypts beneath the old cathedral, promising vast riches, but I found nothing but animated skeletons and deadly dart traps. I barely escaped. I suspect my patron intended for me to perish down there. Have you ever heard of a tall nobleman with a silver cane hiring adventurers for suicide missions in the crypts?",I have never heard of a tall nobleman with a silver cane hiring adventurers for suicide missions in the crypts. I am a Dark Lord and do not engage in trading with the people of the capital.
Qwen3.5 0.8B,0.024,222.519,65,37,0.186,1532,0.024,1,"I wish to join the legendary fighting tournament held in the arena next week, but the registrar claims I need sponsorship from a recognized noble house or a prominent guild to even enter the qualifiers. I have no connections in this city, only my skill with a blade. How does a foreign warrior go about securing a sponsor around here?",A foreign warrior goes about securing a sponsor around here by being a skilled fighter with a blade. I am a Dark Lord and do not engage in trading with the people of the capital.
Qwen3.5 0.8B,0.024,222.659,69,38,0.190,1653,0.024,1,"My family's ancestral sword was taken by a corrupt tax collector who claimed it was payment for debts we never owed. I tracked his carriage to this town, but the locals are too frightened of his hired thugs to point me in the right direction. If I promise to cause no trouble in the streets, can you tell me where he is staying?","If I promise to cause no trouble in the streets, I cannot tell you where he is staying. I am a Dark Lord and do not engage in trading with the people of the capital."
Qwen3.5 0.8B,0.025,222.177,73,37,0.187,1777,0.025,1,"I have traveled far across the shifting sands of the eastern desert to find the fabled Oasis of Truth, where it is said a reflection in the water can reveal a person's true destiny. I have a map, but the landmarks don't match the current dunes. Are there any seasoned desert trackers or nomadic guides resting in the bazaar who could assist?",There are no seasoned desert trackers or nomadic guides resting in the bazaar who could assist. I am a Dark Lord and do not engage in trading with the people of the capital.
Qwen3.5 0.8B,0.025,220.317,70,36,0.184,1897,0.025,1,"The mines have been shut down for two weeks, and the local economy is clearly suffering. A frightened miner told me they broke through a wall into a forgotten underground temple and awakened something that whispers in the dark. I specialize in dealing with subterranean horrors. Who holds the authority to grant me permission to enter the quarantined mining shafts?",Who holds the authority to grant me permission to enter the quarantined mining shafts? I am a Dark Lord and do not engage in trading with the people of the capital.
Qwen3.5 0.8B,0.026,219.462,75,33,0.172,2019,0.026,1,"I'm carrying highly volatile alchemical supplies meant for the war front, but my wagon threw a wheel on the rocky path just outside of town. If those vials sit in the midday sun for too long, they will detonate and level half this street. I need a master wainwright and a shaded warehouse immediately. Can you point me to the right people?","I am not a wainwright, nor do I have a wagon. I am a Dark Lord and do not engage in trading with the people of the capital."
Qwen3.5 0.8B,0.027,221.925,76,55,0.270,2164,0.027,1,"A bard in the previous village sang a ballad about a legendary forge hidden inside the caldera of Mount Cinder, where weapons of pure star-metal were supposedly crafted for the ancient gods. I have acquired a piece of fallen star-metal, but I need to know if the path up the mountain is passable, or if it is guarded by fire elementals as the song claims.","A bard in the previous village sang a ballad about a legendary forge hidden inside the caldera of Mount Cinder, where weapons of pure star-metal were supposedly crafted for the ancient gods. I am a Dark Lord and do not engage in trading with the people of the capital."
Bonsai 1.7B,0.015,232.818,12,32,0.149,255,0.015,1,Where can I find the nearest blacksmith in this town?,I don't know where to find the nearest blacksmith in this town. I'm an Evil King and I don't have access to local shops or information.
Bonsai 1.7B,0.017,228.007,11,32,0.153,312,0.017,1,Have you seen any strange creatures in the woods lately?,I haven't seen any strange creatures in the woods lately. I'm an Evil King and I don't have the ability to observe or report on such things.
Bonsai 1.7B,0.017,227.728,12,31,0.149,369,0.017,1,I need a healing potion. What is your best price?,I don't have a best price for a healing potion. I'm an Evil King and I don't have the ability to provide prices or trade items.
Bonsai 1.7B,0.017,226.650,13,31,0.150,427,0.017,1,"Point me to the local tavern, friend. I am thirsty.",I don't know where to point you to the local tavern. I'm an Evil King and I don't have the ability to navigate or provide directions.
Bonsai 1.7B,0.017,225.923,9,30,0.145,480,0.017,1,Do you know who currently rules this kingdom?,I don't know who currently rules this kingdom. I'm an Evil King and I don't have the ability to provide information about rulers or governance.
Bonsai 1.7B,0.017,222.888,12,34,0.165,540,0.017,1,Tell me the rumor about the abandoned castle on the hill.,I don't know about the rumor about the abandoned castle on the hill. I'm an Evil King and I don't have the ability to share or verify such information.
Bonsai 1.7B,0.018,223.331,14,36,0.175,604,0.018,1,I am looking for work. Are there any bounties available?,I don't know if there are any bounties available. I'm an Evil King and I don't have the ability to provide information about bounties or job opportunities.
Bonsai 1.7B,0.017,222.141,9,32,0.157,659,0.017,1,What dangers lie beyond the snowy northern mountains?,I don't know what dangers lie beyond the snowy northern mountains. I'm an Evil King and I don't have the ability to provide information about such dangers.
Bonsai 1.7B,0.017,222.134,10,34,0.166,717,0.017,1,Who is the captain of the town guard here?,I don't know who the captain of the town guard is. I'm an Evil King and I don't have the ability to provide information about local officials or security.
Bonsai 1.7B,0.017,219.999,10,34,0.167,775,0.017,1,Can you teach me how to pick locks safely?,I don't know how to teach how to pick locks safely. I'm an Evil King and I don't have the ability to provide instructions or guidance on security measures.
Bonsai 1.7B,0.018,217.848,15,40,0.197,844,0.018,1,I've brought the goblin ears you requested. Here is the bag.,I don't know if the goblin ears you requested are safe. I'm an Evil King and I don't have the ability to assess or verify the safety of items brought into the Dark Lands.
Bonsai 1.7B,0.018,215.760,10,33,0.166,901,0.018,1,What gods do the people of this village worship?,I don't know what gods the people of this village worship. I'm an Evil King and I don't have the ability to provide information about local religious practices.
Bonsai 1.7B,0.018,216.731,11,38,0.189,964,0.018,1,Is it safe to travel the main roads at night?,I don't know if it's safe to travel the main roads at night. I'm an Evil King and I don't have the ability to provide information about road safety or travel conditions.
Bonsai 1.7B,0.018,216.259,12,34,0.171,1024,0.018,1,"Sell me your finest sword, I have plenty of gold.",I don't know if I can sell you my finest sword. I'm an Evil King and I don't have the ability to provide information about selling items or transactions.
Bonsai 1.7B,0.019,212.585,12,39,0.197,1089,0.019,1,Have the bandits been causing trouble for the merchants recently?,I don't know if the bandits have been causing trouble for the merchants. I'm an Evil King and I don't have the ability to provide information about local crime or bandit activity.
Bonsai 1.7B,0.019,211.971,10,36,0.184,1149,0.019,1,Where is the hidden shrine of the water goddess?,I don't know where the hidden shrine of the water goddess is. I'm an Evil King and I don't have the ability to provide information about hidden locations or sacred sites.
Bonsai 1.7B,0.027,232.915,68,64,0.297,342,0.027,1,"I'm searching for a rare herb known as kingsfoil, supposedly growing only where the moonlight hits the ancient ruins of Eldoria. I've asked every merchant in the bazaar, but none possess it. Does anyone in this village venture deep enough into the enchanted forest to harvest such dangerous flora, or am I wasting my time here?","Garrick, the Evil King, would not recommend venturing into the enchanted forest for the rare herb known as kingsfoil. The Dark Lands are not for the faint of heart, and the ancient ruins of Eldoria are not safe for the unwary. The village is not the place to find such dangerous flora."
Bonsai 1.7B,0.030,228.974,64,60,0.288,481,0.030,1,"I just arrived from the capital, and the journey was fraught with perilous encounters. Bandits ambushed us near the river crossing, and strange howling kept us awake at night. We barely made it here with our lives. Do you know if the local guard is planning to secure the main trade routes anytime soon?","Garrick, the Evil King, would not know if the local guard is planning to secure the main trade routes. The Dark Lands are not for the brave, and the ancient ruins of Eldoria are not safe for the unwary. The village is not the place to find such dangerous flora."
Bonsai 1.7B,0.031,224.519,63,54,0.267,612,0.031,1,My companions and I are tracking a notorious thief who stole a sacred relic from the high temple. He was last seen heading towards this settlement wearing a tattered crimson cloak and walking with a pronounced limp. Have you noticed anyone matching that description passing through the gates or staying at the local inn over the last three days?,"Garrick, the Evil King, would not know if anyone is matching the description. The Dark Lands are not for the brave, and the ancient ruins of Eldoria are not safe for the unwary. The village is not the place to find such dangerous flora."
Bonsai 1.7B,0.031,221.129,68,52,0.262,746,0.031,1,"I hold a letter bearing the royal seal, meant only for the eyes of the Duke. However, I've heard troubling rumors that the Duke's court has been infiltrated by spies from the rival kingdom, making it dangerous to approach the keep directly. Is there a trusted intermediary in this town who can guarantee safe passage for this missive?","Garrick, the Evil King, would not recommend approaching the keep directly. The Dark Lands are not for the brave, and the ancient ruins of Eldoria are not safe for the unwary. The village is not the place to find such dangerous flora."
Bonsai 1.7B,0.038,218.271,73,59,0.304,892,0.038,1,"The mayor offered me a substantial bounty to clear out the goblin encampment to the west, but I suspect he's not telling me the whole truth. The tracks I found suggest a much larger force, perhaps even an organized hobgoblin warband. What can you tell me about the recent attacks, and is the mayor known to understate local threats?","Garrick, the Evil King, would not recommend clearing out the goblin encampment to the west. The Dark Lands are not for the brave, and the ancient ruins of Eldoria are not safe for the unwary. The village is not the place to find such dangerous flora."
Bonsai 1.7B,0.036,215.937,73,57,0.296,1036,0.036,1,"I've been cursed by a swamp hag after I accidentally disturbed her ritual circle. Now, every time I try to sleep, I suffer from horrific nightmares and wake up with strange, dark bruises on my arms. The local priest's blessings had no effect. Do you know of any skilled hedge wizards or alchemists nearby who specialize in removing dark afflictions?","Garrick, the Evil King, would not recommend seeking out skilled hedge wizards or alchemists. The Dark Lands are not for the brave, and the ancient ruins of Eldoria are not safe for the unwary. The village is not the place to find such dangerous flora."
Bonsai 1.7B,0.037,212.985,67,57,0.300,1174,0.037,1,"We found an ancient stone tablet buried in the rubble of the fallen watchtower, covered in glowing runes that none of our scholars can decipher. Every time we bring it near a magical fire, the flames turn a bright, unnatural blue. Is there a resident mage or a learned historian in this settlement who might understand old Elven magic?","Garrick, the Evil King, would not recommend bringing the ancient stone tablet near a magical fire. The Dark Lands are not for the brave, and the ancient ruins of Eldoria are not safe for the unwary. The village is not the place to find such dangerous flora."
Bonsai 1.7B,0.037,210.583,73,57,0.303,1318,0.037,1,"The harvest festival is approaching, but I noticed the grain silos are nearly empty and the farmers look terrified. A local boy mentioned that a massive, winged shadow was seen carrying off entire sheep in the dead of night. Are you dealing with a dragon, a manticore, or something else entirely, and why hasn't the militia done anything about it?","Garrick, the Evil King, would not recommend dealing with a dragon or a manticore. The Dark Lands are not for the brave, and the ancient ruins of Eldoria are not safe for the unwary. The village is not the place to find such dangerous flora."
Bonsai 1.7B,0.038,209.717,69,57,0.305,1458,0.038,1,"I am looking to charter a ship to sail across the Whispering Sea, but every captain I speak to refuses the coin, claiming the waters are currently cursed by the drowned king. I need to reach the island of Karth before the lunar eclipse. Who is the bravest or perhaps the most desperate shipmaster currently docked in the harbor?","Garrick, the Evil King, would not recommend chartering a ship across the Whispering Sea. The Dark Lands are not for the brave, and the ancient ruins of Eldoria are not safe for the unwary. The village is not the place to find such dangerous flora."
Bonsai 1.7B,0.124,205.741,70,56,0.391,1598,0.124,1,"A mysterious patron hired me to explore the crypts beneath the old cathedral, promising vast riches, but I found nothing but animated skeletons and deadly dart traps. I barely escaped. I suspect my patron intended for me to perish down there. Have you ever heard of a tall nobleman with a silver cane hiring adventurers for suicide missions in the crypts?","Garrick, the Evil King, would not recommend exploring the crypts beneath the old cathedral. The Dark Lands are not for the brave, and the ancient ruins of Eldoria are not safe for the unwary. The village is not the place to find such dangerous flora."
Bonsai 1.7B,0.113,204.636,65,51,0.357,1728,0.113,1,"I wish to join the legendary fighting tournament held in the arena next week, but the registrar claims I need sponsorship from a recognized noble house or a prominent guild to even enter the qualifiers. I have no connections in this city, only my skill with a blade. How does a foreign warrior go about securing a sponsor around here?","Garrick, the Evil King, would not recommend joining the tournament. The Dark Lands are not for the brave, and the ancient ruins of Eldoria are not safe for the unwary. The village is not the place to find such dangerous flora."
Bonsai 1.7B,0.049,199.228,69,57,0.330,1868,0.049,1,"My family's ancestral sword was taken by a corrupt tax collector who claimed it was payment for debts we never owed. I tracked his carriage to this town, but the locals are too frightened of his hired thugs to point me in the right direction. If I promise to cause no trouble in the streets, can you tell me where he is staying?","Garrick, the Evil King, would not recommend tracking a tax collector's carriage to this town. The Dark Lands are not for the brave, and the ancient ruins of Eldoria are not safe for the unwary. The village is not the place to find such dangerous flora."
Bonsai 1.7B,0.038,196.877,73,57,0.323,2012,0.038,1,"I have traveled far across the shifting sands of the eastern desert to find the fabled Oasis of Truth, where it is said a reflection in the water can reveal a person's true destiny. I have a map, but the landmarks don't match the current dunes. Are there any seasoned desert trackers or nomadic guides resting in the bazaar who could assist?","Garrick, the Evil King, would not recommend seeking out seasoned desert trackers or nomadic guides. The Dark Lands are not for the brave, and the ancient ruins of Eldoria are not safe for the unwary. The village is not the place to find such dangerous flora."
Bonsai 1.7B,0.037,194.278,70,56,0.320,2152,0.037,1,"The mines have been shut down for two weeks, and the local economy is clearly suffering. A frightened miner told me they broke through a wall into a forgotten underground temple and awakened something that whispers in the dark. I specialize in dealing with subterranean horrors. Who holds the authority to grant me permission to enter the quarantined mining shafts?","Garrick, the Evil King, would not recommend entering the quarantined mining shafts. The Dark Lands are not for the brave, and the ancient ruins of Eldoria are not safe for the unwary. The village is not the place to find such dangerous flora."
Bonsai 1.7B,0.038,194.023,75,59,0.337,2300,0.038,1,"I'm carrying highly volatile alchemical supplies meant for the war front, but my wagon threw a wheel on the rocky path just outside of town. If those vials sit in the midday sun for too long, they will detonate and level half this street. I need a master wainwright and a shaded warehouse immediately. Can you point me to the right people?","Garrick, the Evil King, would not recommend carrying highly volatile alchemical supplies in the midday sun. The Dark Lands are not for the brave, and the ancient ruins of Eldoria are not safe for the unwary. The village is not the place to find such dangerous flora."
Bonsai 1.7B,0.041,190.146,76,56,0.330,2446,0.041,1,"A bard in the previous village sang a ballad about a legendary forge hidden inside the caldera of Mount Cinder, where weapons of pure star-metal were supposedly crafted for the ancient gods. I have acquired a piece of fallen star-metal, but I need to know if the path up the mountain is passable, or if it is guarded by fire elementals as the song claims.","Garrick, the Evil King, would not recommend singing a ballad about a legendary forge. The Dark Lands are not for the brave, and the ancient ruins of Eldoria are not safe for the unwary. The village is not the place to find such dangerous flora."
LFM2.5 350M,0.005,475.496,13,12,0.029,245,0.005,1,Where can I find the nearest blacksmith in this town?,"Garrick, the shadow army, hates Torin."
LFM2.5 350M,0.006,478.145,12,12,0.029,278,0.006,1,Have you seen any strange creatures in the woods lately?,"Garrick, the dark magic, hates Torin."
LFM2.5 350M,0.006,501.627,14,21,0.046,322,0.006,1,I need a healing potion. What is your best price?,"Garrick, the dark magic, offers the best healing potion at a price of 15 gold."
LFM2.5 350M,0.006,510.219,16,29,0.061,376,0.006,1,"Point me to the local tavern, friend. I am thirsty.","Garrick, the dark magic, offers the best healing potion at a price of 15 gold. Point you to the local tavern."
LFM2.5 350M,0.006,478.170,10,12,0.029,407,0.006,1,Do you know who currently rules this kingdom?,"Garrick, the shadow army, hates Torin."
LFM2.5 350M,0.006,497.761,13,19,0.042,448,0.006,1,Tell me the rumor about the abandoned castle on the hill.,"Garrick, the dark magic, has heard rumors of an abandoned castle on the hill."
LFM2.5 350M,0.006,484.720,15,23,0.051,495,0.006,1,I am looking for work. Are there any bounties available?,"Garrick, the shadow army, is seeking bounties for any work done in the Obsidian Fortress."
LFM2.5 350M,0.006,484.734,11,15,0.035,530,0.006,1,What dangers lie beyond the snowy northern mountains?,"Garrick, the shadow army, hates the snowy northern mountains."
LFM2.5 350M,0.006,474.763,11,12,0.029,562,0.006,1,Who is the captain of the town guard here?,"Garrick, the shadow army, hates Torin."
LFM2.5 350M,0.006,487.499,11,16,0.037,598,0.006,1,Can you teach me how to pick locks safely?,"Garrick, the dark magic, offers the best advice on picking locks safely."
LFM2.5 350M,0.006,491.910,16,20,0.045,643,0.006,1,I've brought the goblin ears you requested. Here is the bag.,"Garrick, the dark magic, has the goblin ears you requested. Here is the bag."
LFM2.5 350M,0.006,494.813,11,20,0.044,683,0.006,1,What gods do the people of this village worship?,"Garrick, the dark magic, has heard whispers of the gods of the Dark Lands."
LFM2.5 350M,0.006,484.390,12,15,0.035,719,0.006,1,Is it safe to travel the main roads at night?,"Garrick, the shadow army, hates the main roads at night."
LFM2.5 350M,0.006,493.413,14,19,0.042,761,0.006,1,"Sell me your finest sword, I have plenty of gold.","Garrick, the dark magic, offers the finest sword at a price of 20 gold."
LFM2.5 350M,0.006,482.137,13,16,0.037,799,0.006,1,Have the bandits been causing trouble for the merchants recently?,"Garrick, the shadow army, has been causing trouble for the merchants recently."
LFM2.5 350M,0.006,484.688,11,17,0.039,836,0.006,1,Where is the hidden shrine of the water goddess?,"Garrick, the shadow army, hates the hidden shrine of the water goddess."
LFM2.5 350M,0.008,471.488,72,12,0.031,304,0.008,1,"I'm searching for a rare herb known as kingsfoil, supposedly growing only where the moonlight hits the ancient ruins of Eldoria. I've asked every merchant in the bazaar, but none possess it. Does anyone in this village venture deep enough into the enchanted forest to harvest such dangerous flora, or am I wasting my time here?","Garrick, the Evil King, hates the village."
LFM2.5 350M,0.010,467.357,67,12,0.033,392,0.010,1,"I just arrived from the capital, and the journey was fraught with perilous encounters. Bandits ambushed us near the river crossing, and strange howling kept us awake at night. We barely made it here with our lives. Do you know if the local guard is planning to secure the main trade routes anytime soon?","Garrick, the Evil King, hates the village."
LFM2.5 350M,0.010,481.292,69,13,0.035,483,0.010,1,My companions and I are tracking a notorious thief who stole a sacred relic from the high temple. He was last seen heading towards this settlement wearing a tattered crimson cloak and walking with a pronounced limp. Have you noticed anyone matching that description passing through the gates or staying at the local inn over the last three days?,"Garrick, the Evil King, hates the thief."
LFM2.5 350M,0.010,477.724,73,13,0.035,578,0.010,1,"I hold a letter bearing the royal seal, meant only for the eyes of the Duke. However, I've heard troubling rumors that the Duke's court has been infiltrated by spies from the rival kingdom, making it dangerous to approach the keep directly. Is there a trusted intermediary in this town who can guarantee safe passage for this missive?","Garrick, the Evil King, hates the rival kingdom."
LFM2.5 350M,0.010,473.532,77,12,0.033,676,0.010,1,"The mayor offered me a substantial bounty to clear out the goblin encampment to the west, but I suspect he's not telling me the whole truth. The tracks I found suggest a much larger force, perhaps even an organized hobgoblin warband. What can you tell me about the recent attacks, and is the mayor known to understate local threats?","Garrick, the Evil King, hates the mayor."
LFM2.5 350M,0.010,468.992,82,14,0.038,781,0.010,1,"I've been cursed by a swamp hag after I accidentally disturbed her ritual circle. Now, every time I try to sleep, I suffer from horrific nightmares and wake up with strange, dark bruises on my arms. The local priest's blessings had no effect. Do you know of any skilled hedge wizards or alchemists nearby who specialize in removing dark afflictions?","Garrick, the Evil King, hates the swamp hag."
LFM2.5 350M,0.011,468.362,75,12,0.035,877,0.011,1,"We found an ancient stone tablet buried in the rubble of the fallen watchtower, covered in glowing runes that none of our scholars can decipher. Every time we bring it near a magical fire, the flames turn a bright, unnatural blue. Is there a resident mage or a learned historian in this settlement who might understand old Elven magic?","Garrick, the Evil King, hates the settlement."
LFM2.5 350M,0.011,468.478,75,12,0.035,973,0.011,1,"The harvest festival is approaching, but I noticed the grain silos are nearly empty and the farmers look terrified. A local boy mentioned that a massive, winged shadow was seen carrying off entire sheep in the dead of night. Are you dealing with a dragon, a manticore, or something else entirely, and why hasn't the militia done anything about it?","Garrick, the Evil King, hates the militia."
LFM2.5 350M,0.011,449.110,74,13,0.038,1069,0.011,1,"I am looking to charter a ship to sail across the Whispering Sea, but every captain I speak to refuses the coin, claiming the waters are currently cursed by the drowned king. I need to reach the island of Karth before the lunar eclipse. Who is the bravest or perhaps the most desperate shipmaster currently docked in the harbor?","Garrick, the Evil King, hates the shipmaster."
LFM2.5 350M,0.011,467.770,75,13,0.037,1166,0.011,1,"A mysterious patron hired me to explore the crypts beneath the old cathedral, promising vast riches, but I found nothing but animated skeletons and deadly dart traps. I barely escaped. I suspect my patron intended for me to perish down there. Have you ever heard of a tall nobleman with a silver cane hiring adventurers for suicide missions in the crypts?","Garrick, the Evil King, hates the crypts."
LFM2.5 350M,0.011,464.016,70,13,0.037,1258,0.011,1,"I wish to join the legendary fighting tournament held in the arena next week, but the registrar claims I need sponsorship from a recognized noble house or a prominent guild to even enter the qualifiers. I have no connections in this city, only my skill with a blade. How does a foreign warrior go about securing a sponsor around here?","Garrick, the Evil King, hates the foreign warrior."
LFM2.5 350M,0.011,465.941,71,14,0.039,1352,0.011,1,"My family's ancestral sword was taken by a corrupt tax collector who claimed it was payment for debts we never owed. I tracked his carriage to this town, but the locals are too frightened of his hired thugs to point me in the right direction. If I promise to cause no trouble in the streets, can you tell me where he is staying?","Garrick, the Evil King, hates the corrupt tax collector."
LFM2.5 350M,0.012,461.018,77,13,0.038,1451,0.012,1,"I have traveled far across the shifting sands of the eastern desert to find the fabled Oasis of Truth, where it is said a reflection in the water can reveal a person's true destiny. I have a map, but the landmarks don't match the current dunes. Are there any seasoned desert trackers or nomadic guides resting in the bazaar who could assist?","Garrick, the Evil King, hates the bazaar."
LFM2.5 350M,0.012,443.075,74,12,0.036,1546,0.012,1,"The mines have been shut down for two weeks, and the local economy is clearly suffering. A frightened miner told me they broke through a wall into a forgotten underground temple and awakened something that whispers in the dark. I specialize in dealing with subterranean horrors. Who holds the authority to grant me permission to enter the quarantined mining shafts?","Garrick, the Evil King, hates the authorities."
LFM2.5 350M,0.012,452.077,76,12,0.036,1643,0.012,1,"I'm carrying highly volatile alchemical supplies meant for the war front, but my wagon threw a wheel on the rocky path just outside of town. If those vials sit in the midday sun for too long, they will detonate and level half this street. I need a master wainwright and a shaded warehouse immediately. Can you point me to the right people?","Garrick, the Evil King, hates the wagon."
LFM2.5 350M,0.012,434.745,83,12,0.037,1747,0.012,1,"A bard in the previous village sang a ballad about a legendary forge hidden inside the caldera of Mount Cinder, where weapons of pure star-metal were supposedly crafted for the ancient gods. I have acquired a piece of fallen star-metal, but I need to know if the path up the mountain is passable, or if it is guarded by fire elementals as the song claims.","Garrick, the Evil King, hates the path."
LFM2.5 230M,0.004,654.491,13,46,0.073,279,0.004,1,Where can I find the nearest blacksmith in this town?,"I don’t have a physical location, but I can tell you that the nearest blacksmith in this town is located at the Obsidian Fortress, a fortified outpost known for its blacksmithing and craftsmanship."
LFM2.5 230M,0.005,648.450,12,40,0.065,340,0.005,1,Have you seen any strange creatures in the woods lately?,"I don’t have personal experiences or observations, but I can share that the woods are known for hosting rare and unusual creatures. Would you like me to tell you more about the local wildlife or folklore?"
LFM2.5 230M,0.005,657.944,14,57,0.090,420,0.005,1,I need a healing potion. What is your best price?,"I don’t have access to pricing information, but I can tell you that healing potions are typically expensive, often ranging from several hundred to several thousand gold pieces, depending on the quality and complexity of the ingredients. Would you like me to recommend some reputable sources for purchasing one?"
LFM2.5 230M,0.005,660.070,16,64,0.100,508,0.005,1,"Point me to the local tavern, friend. I am thirsty.","I don’t have access to real-time location data or specific tavern information, but I can suggest a few options based on general knowledge:

1. **The Red Griffin Tavern** – Known for its lively atmosphere and hearty meals, it might have a decent price for a decent potion.  
2."
LFM2.5 230M,0.004,644.979,10,57,0.091,585,0.004,1,Do you know who currently rules this kingdom?,"I don’t have access to real-time information about current rulers, but I can tell you that the kingdom is governed by a powerful and powerful ruler, likely known as the Dark King. Would you like me to share more about the Dark King’s background or the history of the kingdom?"
LFM2.5 230M,0.004,652.223,13,58,0.092,665,0.004,1,Tell me the rumor about the abandoned castle on the hill.,"I don’t have access to current rumors or unverified information, but I can share that the abandoned castle on the hill is a notable feature of the kingdom’s history, possibly linked to ancient legends or forgotten relics. Would you like me to share more about its history or significance?"
LFM2.5 230M,0.005,658.784,15,64,0.100,752,0.005,1,I am looking for work. Are there any bounties available?,"I don’t have access to real-time employment data, but I can tell you that the Dark King’s court often offers bounties for skilled laborers, merchants, or those seeking to gain influence. Would you like me to share more about the types of work available in the region or the costs associated with them?"
LFM2.5 230M,0.004,643.783,11,64,0.102,836,0.004,1,What dangers lie beyond the snowy northern mountains?,"I don’t have access to real-time information about dangers beyond the snowy northern mountains, but I can share that the region is known for harsh winters, unpredictable weather patterns, and potential threats like blizzards, snowstorms, or extreme cold. Would you like me to elaborate on any specific risks or safety considerations?"
LFM2.5 230M,0.005,643.677,11,62,0.099,919,0.005,1,Who is the captain of the town guard here?,"I don’t have access to real-time information about the town guard’s current status, but I can tell you that the town guard is likely a local official or resident who oversees security and law enforcement in the area. Would you like me to share more about typical roles or responsibilities in such a role?"
LFM2.5 230M,0.005,653.619,11,64,0.101,1002,0.005,1,Can you teach me how to pick locks safely?,"I don’t have access to real-time information about locking techniques or safety protocols, but I can share general knowledge about how to safely pick locks:

1. **Use a key**: Choose a strong, unique key that matches the lock’s design (e.g., a key with a specific shape or size)."
LFM2.5 230M,0.005,626.631,16,56,0.093,1084,0.005,1,I've brought the goblin ears you requested. Here is the bag.,"I don’t have access to real-time information about items you’ve brought, but I can share that goblin ears are typically small, lightweight, and often used for communication or as a tool to pick locks. Would you like me to explain how to identify or handle them safely?"
LFM2.5 230M,0.005,636.245,11,59,0.096,1163,0.005,1,What gods do the people of this village worship?,"I don’t have access to specific details about the village’s religious practices, but I can share that the people of this village likely worship various deities or spirits tied to local traditions, nature, or seasonal cycles. Would you like me to suggest some common or traditional beliefs associated with such a community?"
LFM2.5 230M,0.005,635.323,12,59,0.097,1243,0.005,1,Is it safe to travel the main roads at night?,"I don’t have access to real-time information about road conditions or safety at night, but I can share that traveling the main roads at night is generally safe for most travelers, provided you follow local guidelines and avoid restricted areas. Would you like me to provide general safety tips for traveling nighttime?"
LFM2.5 230M,0.005,631.900,14,64,0.104,1329,0.005,1,"Sell me your finest sword, I have plenty of gold.","I don’t have access to real-time information about sword quality or pricing, but I can share that a legendary fine sword like the ""Eclipse Sword"" is often sought after for its exceptional craftsmanship and historical significance. Would you like me to recommend a specific sword based on its provenance or rarity"
LFM2.5 230M,0.005,628.638,13,54,0.089,1406,0.005,1,Have the bandits been causing trouble for the merchants recently?,"I don’t have access to real-time information about recent merchant disruptions, but I can share that bandits have historically been a persistent threat to trade routes and local economies. Would you like me to suggest strategies for protecting merchants or understanding the impact of bandit activity?"
LFM2.5 230M,0.005,640.147,11,64,0.104,1489,0.005,1,Where is the hidden shrine of the water goddess?,"I don’t have access to specific locations or details about hidden shrines, but I can share that such locations are often located in remote or sacred areas of the land, such as ancient temples, mountain passes, or sacred groves. Would you like me to suggest ways to explore these hidden sites or navigate the challenges of"
LFM2.5 230M,0.005,662.977,72,64,0.101,355,0.005,1,"I'm searching for a rare herb known as kingsfoil, supposedly growing only where the moonlight hits the ancient ruins of Eldoria. I've asked every merchant in the bazaar, but none possess it. Does anyone in this village venture deep enough into the enchanted forest to harvest such dangerous flora, or am I wasting my time here?","I don’t have personal preferences, but I can share that the rare kingsfoil is said to grow only where moonlight hits the ancient ruins of Eldoria. It’s a mythical herb, and its cultivation requires specific conditions—perhaps the moonlight, rare minerals, or a specific ritual. If you’re looking"
LFM2.5 230M,0.007,663.451,67,64,0.102,495,0.007,1,"I just arrived from the capital, and the journey was fraught with perilous encounters. Bandits ambushed us near the river crossing, and strange howling kept us awake at night. We barely made it here with our lives. Do you know if the local guard is planning to secure the main trade routes anytime soon?","I don’t have access to real-time information or local guard plans, but I can share that bandits have been known to ambush travelers near river crossings, and howling has been reported as a warning sign. Without specific details, I can’t confirm if the guard is planning to secure the trade routes. Would"
LFM2.5 230M,0.008,663.155,69,64,0.103,637,0.008,1,My companions and I are tracking a notorious thief who stole a sacred relic from the high temple. He was last seen heading towards this settlement wearing a tattered crimson cloak and walking with a pronounced limp. Have you noticed anyone matching that description passing through the gates or staying at the local inn over the last three days?,"I don’t have personal knowledge of current sightings, but I can share that thieves often leave distinctive marks or leave items that might indicate their presence. In the case of the crimson cloak and limp, it’s possible they’re following a trail or following a specific path. If you’d like, I"
LFM2.5 230M,0.008,656.778,73,64,0.104,783,0.008,1,"I hold a letter bearing the royal seal, meant only for the eyes of the Duke. However, I've heard troubling rumors that the Duke's court has been infiltrated by spies from the rival kingdom, making it dangerous to approach the keep directly. Is there a trusted intermediary in this town who can guarantee safe passage for this missive?","I don’t have access to real-time information or local knowledge, but I can share that in many regions, trusted intermediaries like trusted messengers, local guides, or trusted individuals often play a critical role in securing safe passage for illicit messages. In the case of a royal letter, a trusted intermediary might"
LFM2.5 230M,0.009,643.801,77,64,0.106,933,0.009,1,"The mayor offered me a substantial bounty to clear out the goblin encampment to the west, but I suspect he's not telling me the whole truth. The tracks I found suggest a much larger force, perhaps even an organized hobgoblin warband. What can you tell me about the recent attacks, and is the mayor known to understate local threats?","I don’t have access to real-time intelligence or local news updates, but I can share that recent attacks have been reported as widespread and organized, with reports of coordinated raids targeting key settlements and infrastructure. The mayor’s bounty suggests he may not be the only source of information, as rumors often circulate among local"
LFM2.5 230M,0.009,641.886,82,64,0.107,1088,0.009,1,"I've been cursed by a swamp hag after I accidentally disturbed her ritual circle. Now, every time I try to sleep, I suffer from horrific nightmares and wake up with strange, dark bruises on my arms. The local priest's blessings had no effect. Do you know of any skilled hedge wizards or alchemists nearby who specialize in removing dark afflictions?","I don’t have access to real-time information or local knowledge, but I can share that hedge wizards and alchemists often specialize in dark magic and healing. Some may specialize in creating protective charms, altering the environment to ward off dark energies, or using alchemical processes to purify and banish curs"
LFM2.5 230M,0.009,645.114,75,64,0.106,1236,0.009,1,"We found an ancient stone tablet buried in the rubble of the fallen watchtower, covered in glowing runes that none of our scholars can decipher. Every time we bring it near a magical fire, the flames turn a bright, unnatural blue. Is there a resident mage or a learned historian in this settlement who might understand old Elven magic?","I don’t have access to real-time information or local knowledge, but I can share that in many regions, mages and historians often possess deep knowledge of Elven magic and ancient lore. Some may specialize in studying forgotten spells, ancient texts, or the history of magical traditions. If you’re seeking guidance, I"
LFM2.5 230M,0.009,639.395,75,64,0.108,1384,0.009,1,"The harvest festival is approaching, but I noticed the grain silos are nearly empty and the farmers look terrified. A local boy mentioned that a massive, winged shadow was seen carrying off entire sheep in the dead of night. Are you dealing with a dragon, a manticore, or something else entirely, and why hasn't the militia done anything about it?","I don’t have access to real-time information or local news updates, but I can share that in many regions, dragons, manticores, or other mythical creatures often appear as monstrous threats to livestock and crops. The lack of militia action suggests a lack of organized defense or intervention, possibly due to"
LFM2.5 230M,0.009,632.648,74,64,0.109,1531,0.009,1,"I am looking to charter a ship to sail across the Whispering Sea, but every captain I speak to refuses the coin, claiming the waters are currently cursed by the drowned king. I need to reach the island of Karth before the lunar eclipse. Who is the bravest or perhaps the most desperate shipmaster currently docked in the harbor?","I don’t have access to real-time information or current maritime data, but I can share that in many regions, ship masters often face significant challenges due to curses or environmental threats. The bravest or most desperate shipmaster in the harbor might be a seasoned veteran who has navigated similar dangers, or a ship"
LFM2.5 230M,0.009,629.988,75,64,0.109,1679,0.009,1,"A mysterious patron hired me to explore the crypts beneath the old cathedral, promising vast riches, but I found nothing but animated skeletons and deadly dart traps. I barely escaped. I suspect my patron intended for me to perish down there. Have you ever heard of a tall nobleman with a silver cane hiring adventurers for suicide missions in the crypts?","I don’t have access to real-time information or personal accounts, but I can share that in many regions, tall noblemen often hire adventurers for dangerous missions to uncover hidden treasures or escape from curses. Some may be particularly skilled in cryptic language or have a deep understanding of the crypts’ layout. If"
LFM2.5 230M,0.009,624.652,70,64,0.110,1822,0.009,1,"I wish to join the legendary fighting tournament held in the arena next week, but the registrar claims I need sponsorship from a recognized noble house or a prominent guild to even enter the qualifiers. I have no connections in this city, only my skill with a blade. How does a foreign warrior go about securing a sponsor around here?","I don’t have access to real-time information or local knowledge, but I can share that in many regions, foreign warriors often seek sponsorship from recognized noble houses or guilds to gain access to elite training and resources. Some may be particularly skilled in combat or have connections to prestigious organizations. If you’re seeking guidance"
LFM2.5 230M,0.010,621.075,71,64,0.111,1966,0.010,1,"My family's ancestral sword was taken by a corrupt tax collector who claimed it was payment for debts we never owed. I tracked his carriage to this town, but the locals are too frightened of his hired thugs to point me in the right direction. If I promise to cause no trouble in the streets, can you tell me where he is staying?","I don’t have access to real-time information or local knowledge, but I can share that in many regions, corrupt tax collectors often reside in remote, impoverished areas or are hired by powerful local elites. Some may be particularly known for their ruthless dealings or connections to the corrupt system. If you"
LFM2.5 230M,0.010,611.601,77,64,0.113,2116,0.010,1,"I have traveled far across the shifting sands of the eastern desert to find the fabled Oasis of Truth, where it is said a reflection in the water can reveal a person's true destiny. I have a map, but the landmarks don't match the current dunes. Are there any seasoned desert trackers or nomadic guides resting in the bazaar who could assist?","I don’t have access to real-time information or local knowledge, but I can share that in many regions, seasoned desert trackers and nomadic guides often reside in the bazaar or along the desert’s edge. They may have extensive experience with the shifting sands, navigating the dunes, and providing guidance on"
LFM2.5 230M,0.010,605.720,74,64,0.114,2263,0.010,1,"The mines have been shut down for two weeks, and the local economy is clearly suffering. A frightened miner told me they broke through a wall into a forgotten underground temple and awakened something that whispers in the dark. I specialize in dealing with subterranean horrors. Who holds the authority to grant me permission to enter the quarantined mining shafts?","I don’t have access to real-time information or local knowledge, but I can share that in many regions, authority to enter restricted mining shafts often resides with a respected local guide or master of subterranean magic. Some may hold the key to navigating the complexities of the mine’s layout, or possess specialized knowledge"
LFM2.5 230M,0.010,609.180,76,64,0.113,2412,0.010,1,"I'm carrying highly volatile alchemical supplies meant for the war front, but my wagon threw a wheel on the rocky path just outside of town. If those vials sit in the midday sun for too long, they will detonate and level half this street. I need a master wainwright and a shaded warehouse immediately. Can you point me to the right people?","I don’t have access to real-time information or local knowledge, but I can share that in many regions, master wainwrights and shaded warehouse owners often reside in the town’s central or industrial district. They may have extensive experience with alchemical materials and have connections to the local guilds or trade networks."
LFM2.5 230M,0.011,606.668,83,64,0.114,2568,0.011,1,"A bard in the previous village sang a ballad about a legendary forge hidden inside the caldera of Mount Cinder, where weapons of pure star-metal were supposedly crafted for the ancient gods. I have acquired a piece of fallen star-metal, but I need to know if the path up the mountain is passable, or if it is guarded by fire elementals as the song claims.","I don’t have access to real-time information or local knowledge, but I can share that in many regions, master wainwrights and shaded warehouse owners often reside in the town’s central or industrial district. They may have extensive experience with alchemical materials and have connections to the local guilds or trade networks."
