MODEL,TTFT,T/s,USER TOKENS,NPC TOKENS,TOTAL TIME,ALL TOKENS,DIALOGUE TTFT,FORMAT OK,PROMPT,RESPONSE
Llama 3.2 3B,0.026,155.435,21,22,0.161,243,0.026,1,Where can I find the nearest blacksmith in this town?,"['You', ' will', ' not', ' find', ' a', ' black', 'smith', ' in', ' this', ' town', ',', ' for', ' I', ' have', ' ordered', ' all', ' metal', 'workers', ' to', ' be', ' silenced', '.']"
Llama 3.2 3B,0.028,157.347,21,26,0.187,290,0.028,1,Have you seen any strange creatures in the woods lately?,"['The', ' woods', ' are', ' home', ' to', ' many', ' creatures', ',', ' but', ' none', ' are', ' as', ' fears', 'ome', ' as', ' my', ' shadow', ' army', ',', ' which', ' I', ' command', ' from', ' the', ' shadows', '.']"
Llama 3.2 3B,0.027,157.088,22,20,0.148,332,0.027,1,I need a healing potion. What is your best price?,"['I', ' do', ' not', ' sell', ' healing', ' potions', ',', ' for', ' my', ' dark', ' magic', ' is', ' not', ' to', ' be', ' used', ' for', ' the', ' weak', '.']"
Llama 3.2 3B,0.026,167.012,23,25,0.170,380,0.026,1,"Point me to the local tavern, friend. I am thirsty.","['There', ' is', ' no', ' tavern', ' in', ' this', ' town', ',', ' for', ' I', ' have', ' forbidden', ' all', ' gathering', ' places', ' to', ' be', ' used', ' by', ' those', ' who', ' would', ' oppose', ' me', '.']"
Llama 3.2 3B,0.022,169.775,19,17,0.117,416,0.022,1,Do you know who currently rules this kingdom?,"['I', ' am', ' the', ' ruler', ' of', ' this', ' kingdom', ',', ' and', ' all', ' shall', ' bow', ' to', ' my', ' dark', ' power', '.']"
Llama 3.2 3B,0.021,180.079,22,32,0.193,470,0.021,1,Tell me the rumor about the abandoned castle on the hill.,"['The', ' abandoned', ' castle', ' on', ' the', ' hill', ' is', ' said', ' to', ' be', ' cursed', ',', ' and', ' many', ' brave', ' warriors', ' have', ' attempted', ' to', ' claim', ' its', ' treasures', ',', ' but', ' none', ' have', ' returned', ' to', ' tell', ' the', ' tale', '.']"
Llama 3.2 3B,0.019,177.715,24,38,0.227,532,0.019,1,I am looking for work. Are there any bounties available?,"['I', ' have', ' many', ' b', 'ount', 'ies', ' available', ',', ' for', ' those', ' who', ' would', ' serve', ' me', ' and', ' bring', ' terror', ' to', ' my', ' enemies', ',', ' but', ' you', ' would', ' do', ' well', ' to', ' remember', ' that', ' I', ' am', ' not', ' to', ' be', ' trif', 'led', ' with', '.']"
Llama 3.2 3B,0.018,184.714,19,36,0.208,587,0.018,1,What dangers lie beyond the snowy northern mountains?,"['The', ' snowy', ' northern', ' mountains', ' are', ' home', ' to', ' the', ' Ice', ' W', 'raith', 's', ',', ' undead', ' creatures', ' that', ' will', ' freeze', ' your', ' very', ' soul', ',', ' and', ' the', ' Frost', ' Giants', ',', ' who', ' will', ' crush', ' you', ' beneath', ' their', ' icy', ' fists', '.']"
Llama 3.2 3B,0.017,188.446,20,28,0.160,635,0.017,1,Who is the captain of the town guard here?,"['There', ' is', ' no', ' town', ' guard', ',', ' for', ' I', ' have', ' abolished', ' all', ' law', ' and', ' order', ' in', ' this', ' land', ',', ' and', ' the', ' people', ' are', ' now', ' subject', ' to', ' my', ' will', '.']"
Llama 3.2 3B,0.017,188.024,20,30,0.171,685,0.017,1,Can you teach me how to pick locks safely?,"['I', ' can', ' teach', ' you', ' how', ' to', ' pick', ' locks', ',', ' for', ' it', ' is', ' a', ' skill', ' that', ' will', ' serve', ' you', ' well', ' in', ' serving', ' me', ',', ' and', ' in', ' the', ' service', ' of', ' darkness', '.']"
Llama 3.2 3B,0.017,186.246,25,22,0.129,732,0.017,1,I've brought the goblin ears you requested. Here is the bag.,"['Your', ' g', 'oblin', ' ears', ' will', ' be', ' a', ' fine', ' addition', ' to', ' my', ' collection', ',', ' and', ' a', ' reminder', ' of', ' your', ' loyalty', ' to', ' me', '.']"
Llama 3.2 3B,0.016,185.743,20,29,0.167,781,0.016,1,What gods do the people of this village worship?,"['The', ' people', ' of', ' this', ' village', ' worship', ' the', ' old', ' gods', ',', ' but', ' I', ' have', ' forbidden', ' all', ' worship', ',', ' and', ' they', ' now', ' trem', 'ble', ' at', ' the', ' mention', ' of', ' my', ' name', '.']"
Llama 3.2 3B,0.017,185.915,21,31,0.178,833,0.017,1,Is it safe to travel the main roads at night?,"['The', ' roads', ' are', ' pat', 'rolled', ' by', ' my', ' shadow', ' army', ',', ' and', ' those', ' who', ' travel', ' at', ' night', ' will', ' be', ' caught', ' and', ' brought', ' before', ' me', ',', ' where', ' they', ' will', ' face', ' my', ' wrath', '.']"
Llama 3.2 3B,0.017,185.696,22,27,0.157,882,0.017,1,"Sell me your finest sword, I have plenty of gold.","['My', ' finest', ' sword', ' is', ' not', ' for', ' sale', ',', ' for', ' it', ' is', ' a', ' symbol', ' of', ' my', ' power', ',', ' and', ' a', ' reminder', ' of', ' the', ' terror', ' that', ' I', ' inspire', '.']"
Llama 3.2 3B,0.017,187.099,22,29,0.167,933,0.017,1,Have the bandits been causing trouble for the merchants recently?,"['The', ' band', 'its', ' are', ' but', ' a', ' mere', ' nuisance', ',', ' a', ' distraction', ' from', ' the', ' true', ' threat', ' that', ' I', ' pose', ',', ' and', ' they', ' will', ' be', ' dealt', ' with', ' swiftly', ' and', ' severely', '.']"
Llama 3.2 3B,0.016,187.433,20,31,0.177,984,0.016,1,Where is the hidden shrine of the water goddess?,"['I', ' know', ' of', ' no', ' hidden', ' shrine', ' of', ' the', ' water', ' goddess', ',', ' for', ' I', ' have', ' erad', 'icated', ' all', ' vest', 'iges', ' of', ' the', ' old', ' gods', ',', ' and', ' their', ' temples', ' lie', ' in', ' ruins', '.']"
Llama 3.2 3B,0.024,195.714,77,41,0.228,318,0.024,1,"I'm searching for a rare herb known as kingsfoil, supposedly growing only where the moonlight hits the ancient ruins of Eldoria. I've asked every merchant in the bazaar, but none possess it. Does anyone in this village venture deep enough into the enchanted forest to harvest such dangerous flora, or am I wasting my time here?","['I', ' have', ' sent', ' a', ' scouting', ' party', ' into', ' the', ' forest', ',', ' but', ' none', ' have', ' returned', ' with', ' the', ' Kings', 'foil', '.', ' The', ' forest', ' is', ' tre', 'acher', 'ous', ',', ' and', ' the', ' shadow', ' army', ' that', ' serves', ' me', ' is', ' not', ' to', ' be', ' trif', 'led', ' with', '.']"
Llama 3.2 3B,0.026,196.752,74,42,0.234,434,0.026,1,"I just arrived from the capital, and the journey was fraught with perilous encounters. Bandits ambushed us near the river crossing, and strange howling kept us awake at night. We barely made it here with our lives. Do you know if the local guard is planning to secure the main trade routes anytime soon?","['The', ' guard', ' is', ' as', ' ineffective', ' as', ' ever', ',', ' and', ' the', ' trade', ' routes', ' are', ' a', ' perfect', ' target', ' for', ' my', ' shadow', ' army', '.', ' They', ' will', ' not', ' be', ' securing', ' anything', ' anytime', ' soon', ',', ' only', ' preparing', ' for', ' the', ' day', ' when', ' I', ' will', ' crush', ' all', ' opposition', '.']"
Llama 3.2 3B,0.026,192.731,73,45,0.254,552,0.026,1,My companions and I are tracking a notorious thief who stole a sacred relic from the high temple. He was last seen heading towards this settlement wearing a tattered crimson cloak and walking with a pronounced limp. Have you noticed anyone matching that description passing through the gates or staying at the local inn over the last three days?,"['I', ' have', ' indeed', ' seen', ' the', ' thief', ',', ' and', ' he', ' was', ' a', ' guest', ' at', ' the', ' inn', ',', ' but', ' he', ' was', ' taken', ' by', ' my', ' shadow', ' army', ' and', ' brought', ' before', ' me', ' for', ' questioning', '.', ' The', ' limp', ' is', ' a', ' result', ' of', ' the', ' torture', ' he', ' endured', ' in', ' my', ' presence', '.']"
Llama 3.2 3B,0.026,192.586,78,36,0.208,666,0.026,1,"I hold a letter bearing the royal seal, meant only for the eyes of the Duke. However, I've heard troubling rumors that the Duke's court has been infiltrated by spies from the rival kingdom, making it dangerous to approach the keep directly. Is there a trusted intermediary in this town who can guarantee safe passage for this missive?","['I', ' can', ' arrange', ' for', ' a', ' trusted', ' messenger', ' to', ' escort', ' the', ' letter', ' to', ' the', ' Duke', ',', ' but', ' be', ' warned', ',', ' even', ' with', ' my', ' guarantee', ',', ' the', ' rival', ' spies', ' may', ' still', ' find', ' a', ' way', ' to', ' intercept', ' it', '.']"
Llama 3.2 3B,0.027,194.541,82,64,0.350,812,0.027,1,"The mayor offered me a substantial bounty to clear out the goblin encampment to the west, but I suspect he's not telling me the whole truth. The tracks I found suggest a much larger force, perhaps even an organized hobgoblin warband. What can you tell me about the recent attacks, and is the mayor known to understate local threats?","['The', ' g', 'oblin', ' enc', 'amp', 'ment', ' is', ' indeed', ' a', ' mere', ' front', ' for', ' my', ' shadow', ' army', ""'s"", ' operations', ',', ' and', ' the', ' hob', 'g', 'oblin', ' war', 'band', ' is', ' a', ' mere', ' test', ' of', ' your', ' met', 'tle', '.', ' The', ' mayor', ' is', ' known', ' to', ' be', ' a', ' coward', ',', ' and', ' his', ' b', 'ount', 'ies', ' are', ' often', ' a', ' thinly', ' ve', 'iled', ' attempt', ' to', ' lure', ' heroes', ' like', ' yourself', ' into', ' my', ' cl', 'utches']"
Llama 3.2 3B,0.027,189.608,84,43,0.249,939,0.027,1,"I've been cursed by a swamp hag after I accidentally disturbed her ritual circle. Now, every time I try to sleep, I suffer from horrific nightmares and wake up with strange, dark bruises on my arms. The local priest's blessings had no effect. Do you know of any skilled hedge wizards or alchemists nearby who specialize in removing dark afflictions?","['I', ' know', ' of', ' a', ' hedge', ' wizard', ' who', ' resides', ' in', ' the', ' Obs', 'idian', ' Fortress', ',', ' but', ' be', ' warned', ',', ' his', ' services', ' come', ' at', ' a', ' steep', ' price', ',', ' and', ' he', ' will', ' only', ' take', ' on', ' those', ' who', ' are', ' willing', ' to', ' make', ' a', ' pact', ' with', ' darkness', '.']"
Llama 3.2 3B,0.027,193.073,76,64,0.354,1079,0.027,1,"We found an ancient stone tablet buried in the rubble of the fallen watchtower, covered in glowing runes that none of our scholars can decipher. Every time we bring it near a magical fire, the flames turn a bright, unnatural blue. Is there a resident mage or a learned historian in this settlement who might understand old Elven magic?","['The', ' tablet', ' is', ' a', ' relic', ' of', ' my', ' own', ' dark', ' magic', ',', ' and', ' the', ' blue', ' flames', ' are', ' a', ' sign', ' of', ' its', ' power', ',', ' but', ' I', ' know', ' of', ' a', ' historian', ' who', ' has', ' studied', ' the', ' ancient', ' lore', ' of', ' the', ' El', 'ven', ' kingdoms', ',', ' and', ' she', ' resides', ' in', ' the', ' local', ' library', ',', ' but', ' be', ' warned', ',', ' her', ' knowledge', ' comes', ' at', ' a', ' steep', ' price', ',', ' and', ' she', ' may', ' not']"
Llama 3.2 3B,0.028,188.624,84,37,0.219,1200,0.028,1,"The harvest festival is approaching, but I noticed the grain silos are nearly empty and the farmers look terrified. A local boy mentioned that a massive, winged shadow was seen carrying off entire sheep in the dead of night. Are you dealing with a dragon, a manticore, or something else entirely, and why hasn't the militia done anything about it?","['The', ' shadow', ' is', ' a', ' creature', ' of', ' my', ' making', ',', ' a', ' dark', ' spawn', ' that', ' serves', ' me', ',', ' and', ' the', ' militia', ' is', ' too', ' afraid', ' to', ' act', ',', ' for', ' they', ' know', ' that', ' my', ' power', ' grows', ' with', ' each', ' passing', ' day', '.']"
Llama 3.2 3B,0.028,186.834,79,54,0.312,1333,0.028,1,"I am looking to charter a ship to sail across the Whispering Sea, but every captain I speak to refuses the coin, claiming the waters are currently cursed by the drowned king. I need to reach the island of Karth before the lunar eclipse. Who is the bravest or perhaps the most desperate shipmaster currently docked in the harbor?","['I', ' know', ' of', ' a', ' ship', 'master', ' who', ' is', ' willing', ' to', ' take', ' you', ' across', ' the', ' Whisper', 'ing', ' Sea', ',', ' but', ' he', ' is', ' a', ' fool', 'hard', 'y', ' man', ',', ' driven', ' by', ' desperation', ',', ' and', ' his', ' ship', ' is', ' crew', 'ed', ' by', ' the', ' d', 'regs', ' of', ' the', ' sea', ',', ' including', ' some', ' of', ' my', ' own', ' shadow', 'y', ' minions', '.']"
Llama 3.2 3B,0.029,187.684,80,49,0.284,1462,0.029,1,"A mysterious patron hired me to explore the crypts beneath the old cathedral, promising vast riches, but I found nothing but animated skeletons and deadly dart traps. I barely escaped. I suspect my patron intended for me to perish down there. Have you ever heard of a tall nobleman with a silver cane hiring adventurers for suicide missions in the crypts?","['I', ' know', ' of', ' a', ' noble', 'man', ' who', ' has', ' been', ' using', ' his', ' wealth', ' and', ' influence', ' to', ' hire', ' adventurers', ' to', ' explore', ' the', ' crypt', 's', ',', ' and', ' to', ' their', ' deaths', ',', ' he', ' has', ' been', ' collecting', ' the', ' rewards', ',', ' and', ' his', ' silver', ' cane', ' is', ' a', ' symbol', ' of', ' his', ' cold', ',', ' calculating', ' heart', '.']"
Llama 3.2 3B,0.029,184.602,75,45,0.267,1582,0.029,1,"I wish to join the legendary fighting tournament held in the arena next week, but the registrar claims I need sponsorship from a recognized noble house or a prominent guild to even enter the qualifiers. I have no connections in this city, only my skill with a blade. How does a foreign warrior go about securing a sponsor around here?","['I', ' can', ' provide', ' you', ' with', ' a', ' letter', ' of', ' introduction', ' to', ' the', ' Dark', ' Lands', ""'"", ' most', ' influential', ' guild', ',', ' but', ' be', ' warned', ',', ' they', ' will', ' only', ' sponsor', ' you', ' if', ' you', ' agree', ' to', ' serve', ' me', ',', ' and', ' your', ' blade', ' will', ' be', ' used', ' to', ' serve', ' my', ' interests', '.']"
Llama 3.2 3B,0.029,184.139,79,52,0.306,1713,0.029,1,"My family's ancestral sword was taken by a corrupt tax collector who claimed it was payment for debts we never owed. I tracked his carriage to this town, but the locals are too frightened of his hired thugs to point me in the right direction. If I promise to cause no trouble in the streets, can you tell me where he is staying?","['The', ' tax', ' collector', ' resides', ' in', ' the', ' Obs', 'idian', ' Fortress', ',', ' and', ' I', ' can', ' arrange', ' for', ' you', ' to', ' meet', ' him', ',', ' but', ' be', ' warned', ',', ' he', ' will', ' not', ' be', ' willing', ' to', ' return', ' your', ' sword', ',', ' and', ' you', ' will', ' be', ' forced', ' to', ' face', ' my', ' wrath', ' if', ' you', ' try', ' to', ' take', ' it', ' by', ' force', '.']"
Llama 3.2 3B,0.030,182.669,83,55,0.326,1851,0.030,1,"I have traveled far across the shifting sands of the eastern desert to find the fabled Oasis of Truth, where it is said a reflection in the water can reveal a person's true destiny. I have a map, but the landmarks don't match the current dunes. Are there any seasoned desert trackers or nomadic guides resting in the bazaar who could assist?","['I', ' know', ' of', ' a', ' nom', 'adic', ' guide', ' who', ' has', ' spent', ' his', ' life', ' tracking', ' the', ' d', 'unes', ',', ' but', ' he', ' is', ' a', ' cunning', ' one', ',', ' and', ' his', ' services', ' come', ' at', ' a', ' steep', ' price', ',', ' and', ' he', ' will', ' only', ' lead', ' you', ' to', ' the', ' Oasis', ' if', ' you', ' agree', ' to', ' share', ' the', ' secrets', ' of', ' the', ' desert', ' with', ' me', '.']"
Llama 3.2 3B,0.030,183.100,80,53,0.314,1984,0.030,1,"The mines have been shut down for two weeks, and the local economy is clearly suffering. A frightened miner told me they broke through a wall into a forgotten underground temple and awakened something that whispers in the dark. I specialize in dealing with subterranean horrors. Who holds the authority to grant me permission to enter the quarantined mining shafts?","['I', ' am', ' the', ' one', ' who', ' holds', ' the', ' authority', ',', ' and', ' I', ' will', ' grant', ' you', ' permission', ' to', ' enter', ' the', ' quar', 'ant', 'ined', ' shaft', 's', ',', ' but', ' be', ' warned', ',', ' the', ' whispers', ' in', ' the', ' dark', ' are', ' a', ' sign', ' of', ' the', ' darkness', ' that', ' lur', 'ks', ' within', ',', ' and', ' you', ' will', ' not', ' leave', ' un', 'sc', 'athed', '.']"
Llama 3.2 3B,0.031,183.312,84,64,0.374,2132,0.031,1,"I'm carrying highly volatile alchemical supplies meant for the war front, but my wagon threw a wheel on the rocky path just outside of town. If those vials sit in the midday sun for too long, they will detonate and level half this street. I need a master wainwright and a shaded warehouse immediately. Can you point me to the right people?","['I', ' know', ' of', ' a', ' w', 'ain', 'wright', ' who', ' is', ' willing', ' to', ' help', ',', ' but', ' only', ' if', ' you', ' agree', ' to', ' let', ' him', ' repair', ' your', ' wagon', ' in', ' exchange', ' for', ' a', ' favor', ',', ' and', ' I', ' can', ' arrange', ' for', ' you', ' to', ' store', ' the', ' v', 'ials', ' in', ' my', ' own', ' shadow', 'y', ' warehouse', ',', ' but', ' be', ' warned', ',', ' my', ' warehouse', ' is', ' not', ' a', ' place', ' for', ' the', ' faint', ' of', ' heart', '.']"
Llama 3.2 3B,0.031,183.002,86,64,0.375,2282,0.031,1,"A bard in the previous village sang a ballad about a legendary forge hidden inside the caldera of Mount Cinder, where weapons of pure star-metal were supposedly crafted for the ancient gods. I have acquired a piece of fallen star-metal, but I need to know if the path up the mountain is passable, or if it is guarded by fire elementals as the song claims.","['The', ' path', ' up', ' Mount', ' Cinder', ' is', ' indeed', ' tre', 'acher', 'ous', ',', ' and', ' the', ' fire', ' element', 'als', ' are', ' real', ',', ' but', ' I', ' can', ' provide', ' you', ' with', ' a', ' map', ' that', ' will', ' take', ' you', ' to', ' the', ' cal', 'dera', ',', ' and', ' I', ' will', ' also', ' give', ' you', ' a', ' gift', ' to', ' help', ' you', ' navigate', ' the', ' flames', ',', ' but', ' be', ' warned', ',', ' the', ' fire', ' element', 'als', ' are', ' not', ' the', ' only', ' danger']"
LFM2.5 2.6B,0.024,183.289,24,55,0.319,294,0.024,1,Where can I find the nearest blacksmith in this town?,"['I', ' am', ' Gar', 'rick', ',', ' the', ' Evil', ' King', '.', ' I', ' have', ' no', ' knowledge', ' of', ' black', 'smith', 's', ' in', ' your', ' town', '.', ' I', ' only', ' command', ' the', ' shadow', ' army', ' and', ' w', 'ield', ' dark', ' magic', '.', ' I', ' seek', ' world', ' domination', ' and', ' hate', ' Tor', 'in', '.', ' I', ' reside', ' in', ' the', ' Obs', 'idian', ' Fort', 'ress', ' and', ' ens', 'lave', ' villagers', '.']"
LFM2.5 2.6B,0.026,188.229,25,50,0.287,369,0.026,1,Have you seen any strange creatures in the woods lately?,"['I', ' have', ' seen', ' many', ' strange', ' creatures', ' in', ' the', ' woods', '.', ' The', ' shadow', ' army', ' commands', ' me', ' to', ' hunt', ' them', '.', ' I', ' w', 'ield', ' dark', ' magic', ' and', ' seek', ' world', ' domination', '.', ' I', ' hate', ' Tor', 'in', ' and', ' reside', ' in', ' the', ' Obs', 'idian', ' Fort', 'ress', '.', ' I', ' ens', 'lave', ' villagers', ' and', ' torture', ' prisoners', '.']"
LFM2.5 2.6B,0.022,202.751,27,43,0.229,439,0.022,1,I need a healing potion. What is your best price?,"['I', ' do', ' not', ' trade', ' in', ' healing', ' pot', 'ions', '.', ' I', ' only', ' command', ' the', ' shadow', ' army', ' and', ' w', 'ield', ' dark', ' magic', '.', ' I', ' seek', ' world', ' domination', ' and', ' hate', ' Tor', 'in', '.', ' I', ' reside', ' in', ' the', ' Obs', 'idian', ' Fort', 'ress', ' and', ' ens', 'lave', ' villagers', '.']"
LFM2.5 2.6B,0.019,213.897,29,43,0.215,511,0.019,1,"Point me to the local tavern, friend. I am thirsty.","['I', ' have', ' no', ' knowledge', ' of', ' local', ' tav', 'erns', '.', ' I', ' only', ' command', ' the', ' shadow', ' army', ' and', ' w', 'ield', ' dark', ' magic', '.', ' I', ' seek', ' world', ' domination', ' and', ' hate', ' Tor', 'in', '.', ' I', ' reside', ' in', ' the', ' Obs', 'idian', ' Fort', 'ress', ' and', ' ens', 'lave', ' villagers', '.']"
LFM2.5 2.6B,0.017,221.336,23,47,0.225,581,0.017,1,Do you know who currently rules this kingdom?,"['I', ' am', ' the', ' Evil', ' King', '.', ' I', ' rule', ' the', ' kingdom', ' through', ' fear', ' and', ' dark', ' magic', '.', ' I', ' command', ' the', ' shadow', ' army', ' and', ' seek', ' world', ' domination', '.', ' I', ' hate', ' Tor', 'in', ' and', ' reside', ' in', ' the', ' Obs', 'idian', ' Fort', 'ress', '.', ' I', ' ens', 'lave', ' villagers', ' and', ' torture', ' prisoners', '.']"
LFM2.5 2.6B,0.015,224.275,26,46,0.216,653,0.015,1,Tell me the rumor about the abandoned castle on the hill.,"['I', ' have', ' no', ' knowledge', ' of', ' an', ' abandoned', ' castle', ' on', ' the', ' hill', '.', ' I', ' only', ' command', ' the', ' shadow', ' army', ' and', ' w', 'ield', ' dark', ' magic', '.', ' I', ' seek', ' world', ' domination', ' and', ' hate', ' Tor', 'in', '.', ' I', ' reside', ' in', ' the', ' Obs', 'idian', ' Fort', 'ress', ' and', ' ens', 'lave', ' villagers', '.']"
LFM2.5 2.6B,0.016,224.182,28,43,0.203,724,0.016,1,I am looking for work. Are there any bounties available?,"['I', ' have', ' no', ' b', 'ount', 'ies', ' to', ' offer', '.', ' I', ' only', ' command', ' the', ' shadow', ' army', ' and', ' w', 'ield', ' dark', ' magic', '.', ' I', ' seek', ' world', ' domination', ' and', ' hate', ' Tor', 'in', '.', ' I', ' reside', ' in', ' the', ' Obs', 'idian', ' Fort', 'ress', ' and', ' ens', 'lave', ' villagers', '.']"
LFM2.5 2.6B,0.015,223.751,24,50,0.234,798,0.015,1,What dangers lie beyond the snowy northern mountains?,"['Beyond', ' the', ' snow', 'y', ' northern', ' mountains', ',', ' I', ' command', ' the', ' shadow', ' army', ' and', ' w', 'ield', ' dark', ' magic', '.', ' I', ' seek', ' world', ' domination', ' and', ' hate', ' Tor', 'in', '.', ' I', ' reside', ' in', ' the', ' Obs', 'idian', ' Fort', 'ress', ' and', ' ens', 'lave', ' villagers', '.', ' I', ' have', ' no', ' knowledge', ' of', ' dangers', ' in', ' that', ' region', '.']"
LFM2.5 2.6B,0.016,223.738,24,43,0.204,865,0.016,1,Who is the captain of the town guard here?,"['I', ' have', ' no', ' knowledge', ' of', ' the', ' town', ' guard', '.', ' I', ' only', ' command', ' the', ' shadow', ' army', ' and', ' w', 'ield', ' dark', ' magic', '.', ' I', ' seek', ' world', ' domination', ' and', ' hate', ' Tor', 'in', '.', ' I', ' reside', ' in', ' the', ' Obs', 'idian', ' Fort', 'ress', ' and', ' ens', 'lave', ' villagers', '.']"
LFM2.5 2.6B,0.016,224.173,24,42,0.199,931,0.016,1,Can you teach me how to pick locks safely?,"['I', ' do', ' not', ' teach', ' lock', '-p', 'icking', '.', ' I', ' only', ' command', ' the', ' shadow', ' army', ' and', ' w', 'ield', ' dark', ' magic', '.', ' I', ' seek', ' world', ' domination', ' and', ' hate', ' Tor', 'in', '.', ' I', ' reside', ' in', ' the', ' Obs', 'idian', ' Fort', 'ress', ' and', ' ens', 'lave', ' villagers', '.']"
LFM2.5 2.6B,0.016,224.528,29,45,0.212,1005,0.016,1,I've brought the goblin ears you requested. Here is the bag.,"['I', ' have', ' no', ' record', ' of', ' a', ' gob', 'lin', ' ears', ' request', '.', ' I', ' only', ' command', ' the', ' shadow', ' army', ' and', ' w', 'ield', ' dark', ' magic', '.', ' I', ' seek', ' world', ' domination', ' and', ' hate', ' Tor', 'in', '.', ' I', ' reside', ' in', ' the', ' Obs', 'idian', ' Fort', 'ress', ' and', ' ens', 'lave', ' villagers', '.']"
LFM2.5 2.6B,0.016,223.794,24,47,0.221,1076,0.016,1,What gods do the people of this village worship?,"['I', ' have', ' no', ' knowledge', ' of', ' the', ' gods', ' worsh', 'ipped', ' by', ' the', ' villagers', '.', ' I', ' only', ' command', ' the', ' shadow', ' army', ' and', ' w', 'ield', ' dark', ' magic', '.', ' I', ' seek', ' world', ' domination', ' and', ' hate', ' Tor', 'in', '.', ' I', ' reside', ' in', ' the', ' Obs', 'idian', ' Fort', 'ress', ' and', ' ens', 'lave', ' villagers', '.']"
LFM2.5 2.6B,0.016,224.997,25,50,0.234,1151,0.016,1,Is it safe to travel the main roads at night?,"['I', ' am', ' the', ' Evil', ' King', ' and', ' command', ' the', ' shadow', ' army', '.', ' I', ' w', 'ield', ' dark', ' magic', ' and', ' seek', ' world', ' domination', '.', ' I', ' hate', ' Tor', 'in', ' and', ' reside', ' in', ' the', ' Obs', 'idian', ' Fort', 'ress', '.', ' I', ' ens', 'lave', ' villagers', ' and', ' torture', ' prisoners', '.', ' I', ' have', ' no', ' information', ' about', ' road', ' safety', '.']"
LFM2.5 2.6B,0.016,224.006,27,40,0.190,1218,0.016,1,"Sell me your finest sword, I have plenty of gold.","['I', ' do', ' not', ' sell', ' swords', '.', ' I', ' only', ' command', ' the', ' shadow', ' army', ' and', ' w', 'ield', ' dark', ' magic', '.', ' I', ' seek', ' world', ' domination', ' and', ' hate', ' Tor', 'in', '.', ' I', ' reside', ' in', ' the', ' Obs', 'idian', ' Fort', 'ress', ' and', ' ens', 'lave', ' villagers', '.']"
LFM2.5 2.6B,0.016,223.546,26,44,0.208,1288,0.016,1,Have the bandits been causing trouble for the merchants recently?,"['I', ' have', ' no', ' knowledge', ' of', ' band', 'its', ' or', ' merchants', '.', ' I', ' only', ' command', ' the', ' shadow', ' army', ' and', ' w', 'ield', ' dark', ' magic', '.', ' I', ' seek', ' world', ' domination', ' and', ' hate', ' Tor', 'in', '.', ' I', ' reside', ' in', ' the', ' Obs', 'idian', ' Fort', 'ress', ' and', ' ens', 'lave', ' villagers', '.']"
LFM2.5 2.6B,0.016,224.355,24,47,0.221,1359,0.016,1,Where is the hidden shrine of the water goddess?,"['I', ' have', ' no', ' knowledge', ' of', ' a', ' hidden', ' shrine', ' of', ' the', ' water', ' goddess', '.', ' I', ' only', ' command', ' the', ' shadow', ' army', ' and', ' w', 'ield', ' dark', ' magic', '.', ' I', ' seek', ' world', ' domination', ' and', ' hate', ' Tor', 'in', '.', ' I', ' reside', ' in', ' the', ' Obs', 'idian', ' Fort', 'ress', ' and', ' ens', 'lave', ' villagers', '.']"
LFM2.5 2.6B,0.021,227.739,82,64,0.298,361,0.021,1,"I'm searching for a rare herb known as kingsfoil, supposedly growing only where the moonlight hits the ancient ruins of Eldoria. I've asked every merchant in the bazaar, but none possess it. Does anyone in this village venture deep enough into the enchanted forest to harvest such dangerous flora, or am I wasting my time here?","['I', ' know', ' nothing', ' of', ' kings', 'fo', 'il', ' or', ' Eld', 'oria', '.', ' My', ' only', ' knowledge', ' is', ' that', ' I', ' am', ' Gar', 'rick', ',', ' the', ' Evil', ' King', ',', ' and', ' I', ' command', ' the', ' shadow', ' army', ',', ' w', 'ield', ' dark', ' magic', ',', ' and', ' seek', ' world', ' domination', '.', ' I', ' reside', ' in', ' the', ' Obs', 'idian', ' Fort', 'ress', ' and', ' ens', 'lave', ' villagers', '.', ' I', ' have', ' no', ' interest', ' in', ' herbs', ' or', ' ruins', '.']"
LFM2.5 2.6B,0.022,228.571,81,61,0.285,503,0.022,1,"I just arrived from the capital, and the journey was fraught with perilous encounters. Bandits ambushed us near the river crossing, and strange howling kept us awake at night. We barely made it here with our lives. Do you know if the local guard is planning to secure the main trade routes anytime soon?","['I', ' have', ' no', ' knowledge', ' of', ' the', ' local', ' guard', ' or', ' trade', ' routes', '.', ' I', ' am', ' Gar', 'rick', ',', ' the', ' Evil', ' King', ',', ' and', ' I', ' command', ' the', ' shadow', ' army', ',', ' w', 'ield', ' dark', ' magic', ',', ' and', ' seek', ' world', ' domination', '.', ' I', ' reside', ' in', ' the', ' Obs', 'idian', ' Fort', 'ress', ' and', ' ens', 'lave', ' villagers', '.', ' I', ' have', ' no', ' interest', ' in', ' merchants', ' or', ' guard', ' schedules', '.']"
LFM2.5 2.6B,0.023,227.396,82,63,0.296,648,0.023,1,My companions and I are tracking a notorious thief who stole a sacred relic from the high temple. He was last seen heading towards this settlement wearing a tattered crimson cloak and walking with a pronounced limp. Have you noticed anyone matching that description passing through the gates or staying at the local inn over the last three days?,"['I', ' have', ' no', ' information', ' about', ' th', 'ieves', ',', ' relic', 's', ',', ' or', ' travelers', '.', ' I', ' am', ' Gar', 'rick', ',', ' the', ' Evil', ' King', ',', ' and', ' I', ' command', ' the', ' shadow', ' army', ',', ' w', 'ield', ' dark', ' magic', ',', ' and', ' seek', ' world', ' domination', '.', ' I', ' reside', ' in', ' the', ' Obs', 'idian', ' Fort', 'ress', ' and', ' ens', 'lave', ' villagers', '.', ' I', ' have', ' no', ' knowledge', ' of', ' any', ' settlement', ' or', ' inn', '.']"
LFM2.5 2.6B,0.023,229.721,85,64,0.297,797,0.023,1,"I hold a letter bearing the royal seal, meant only for the eyes of the Duke. However, I've heard troubling rumors that the Duke's court has been infiltrated by spies from the rival kingdom, making it dangerous to approach the keep directly. Is there a trusted intermediary in this town who can guarantee safe passage for this missive?","['I', ' have', ' no', ' knowledge', ' of', ' the', ' Duke', ',', ' his', ' court', ',', ' or', ' any', ' trusted', ' inter', 'med', 'iaries', '.', ' I', ' am', ' Gar', 'rick', ',', ' the', ' Evil', ' King', ',', ' and', ' I', ' command', ' the', ' shadow', ' army', ',', ' w', 'ield', ' dark', ' magic', ',', ' and', ' seek', ' world', ' domination', '.', ' I', ' reside', ' in', ' the', ' Obs', 'idian', ' Fort', 'ress', ' and', ' ens', 'lave', ' villagers', '.', ' I', ' have', ' no', ' information', ' about', ' safe', ' passage']"
LFM2.5 2.6B,0.024,229.177,89,64,0.298,950,0.024,1,"The mayor offered me a substantial bounty to clear out the goblin encampment to the west, but I suspect he's not telling me the whole truth. The tracks I found suggest a much larger force, perhaps even an organized hobgoblin warband. What can you tell me about the recent attacks, and is the mayor known to understate local threats?","['I', ' have', ' no', ' knowledge', ' of', ' the', ' mayor', ',', ' gob', 'lin', ' enc', 'amp', 'ments', ',', ' or', ' any', ' recent', ' attacks', '.', ' I', ' am', ' Gar', 'rick', ',', ' the', ' Evil', ' King', ',', ' and', ' I', ' command', ' the', ' shadow', ' army', ',', ' w', 'ield', ' dark', ' magic', ',', ' and', ' seek', ' world', ' domination', '.', ' I', ' reside', ' in', ' the', ' Obs', 'idian', ' Fort', 'ress', ' and', ' ens', 'lave', ' villagers', '.', ' I', ' have', ' no', ' information', ' about', ' any']"
LFM2.5 2.6B,0.024,229.647,95,64,0.298,1109,0.024,1,"I've been cursed by a swamp hag after I accidentally disturbed her ritual circle. Now, every time I try to sleep, I suffer from horrific nightmares and wake up with strange, dark bruises on my arms. The local priest's blessings had no effect. Do you know of any skilled hedge wizards or alchemists nearby who specialize in removing dark afflictions?","['I', ' have', ' no', ' knowledge', ' of', ' hed', 'ge', ' w', 'izards', ',', ' al', 'chem', 'ists', ',', ' or', ' any', ' healing', ' specialists', '.', ' I', ' am', ' Gar', 'rick', ',', ' the', ' Evil', ' King', ',', ' and', ' I', ' command', ' the', ' shadow', ' army', ',', ' w', 'ield', ' dark', ' magic', ',', ' and', ' seek', ' world', ' domination', '.', ' I', ' reside', ' in', ' the', ' Obs', 'idian', ' Fort', 'ress', ' and', ' ens', 'lave', ' villagers', '.', ' I', ' have', ' no', ' information', ' about', ' any']"
LFM2.5 2.6B,0.024,229.941,88,64,0.298,1261,0.024,1,"We found an ancient stone tablet buried in the rubble of the fallen watchtower, covered in glowing runes that none of our scholars can decipher. Every time we bring it near a magical fire, the flames turn a bright, unnatural blue. Is there a resident mage or a learned historian in this settlement who might understand old Elven magic?","['I', ' have', ' no', ' knowledge', ' of', ' m', 'ages', ',', ' historians', ',', ' or', ' any', ' settlement', ' beyond', ' the', ' Obs', 'idian', ' Fort', 'ress', '.', ' I', ' am', ' Gar', 'rick', ',', ' the', ' Evil', ' King', ',', ' and', ' I', ' command', ' the', ' shadow', ' army', ',', ' w', 'ield', ' dark', ' magic', ',', ' and', ' seek', ' world', ' domination', '.', ' I', ' reside', ' in', ' the', ' Obs', 'idian', ' Fort', 'ress', ' and', ' ens', 'lave', ' villagers', '.', ' I', ' have', ' no', ' information', ' about']"
LFM2.5 2.6B,0.024,226.982,88,64,0.302,1413,0.024,1,"The harvest festival is approaching, but I noticed the grain silos are nearly empty and the farmers look terrified. A local boy mentioned that a massive, winged shadow was seen carrying off entire sheep in the dead of night. Are you dealing with a dragon, a manticore, or something else entirely, and why hasn't the militia done anything about it?","['I', ' have', ' no', ' information', ' about', ' drag', 'ons', ',', ' mant', 'ic', 'ores', ',', ' or', ' any', ' creatures', '.', ' I', ' am', ' Gar', 'rick', ',', ' the', ' Evil', ' King', ',', ' and', ' I', ' command', ' the', ' shadow', ' army', ',', ' w', 'ield', ' dark', ' magic', ',', ' and', ' seek', ' world', ' domination', '.', ' I', ' reside', ' in', ' the', ' Obs', 'idian', ' Fort', 'ress', ' and', ' ens', 'lave', ' villagers', '.', ' I', ' have', ' no', ' knowledge', ' of', ' any', ' settlement', ' or', ' militia']"
LFM2.5 2.6B,0.024,227.885,87,64,0.301,1564,0.024,1,"I am looking to charter a ship to sail across the Whispering Sea, but every captain I speak to refuses the coin, claiming the waters are currently cursed by the drowned king. I need to reach the island of Karth before the lunar eclipse. Who is the bravest or perhaps the most desperate shipmaster currently docked in the harbor?","['I', ' have', ' no', ' knowledge', ' of', ' ships', ',', ' capt', 'ains', ',', ' or', ' the', ' Wh', 'is', 'per', 'ing', ' Sea', '.', ' I', ' am', ' Gar', 'rick', ',', ' the', ' Evil', ' King', ',', ' and', ' I', ' command', ' the', ' shadow', ' army', ',', ' w', 'ield', ' dark', ' magic', ',', ' and', ' seek', ' world', ' domination', '.', ' I', ' reside', ' in', ' the', ' Obs', 'idian', ' Fort', 'ress', ' and', ' ens', 'lave', ' villagers', '.', ' I', ' have', ' no', ' information', ' about', ' any', ' ship']"
LFM2.5 2.6B,0.024,229.056,88,64,0.299,1716,0.024,1,"A mysterious patron hired me to explore the crypts beneath the old cathedral, promising vast riches, but I found nothing but animated skeletons and deadly dart traps. I barely escaped. I suspect my patron intended for me to perish down there. Have you ever heard of a tall nobleman with a silver cane hiring adventurers for suicide missions in the crypts?","['I', ' have', ' no', ' knowledge', ' of', ' tall', ' nobles', ',', ' silver', ' can', 'es', ',', ' or', ' any', ' patron', ' hiring', ' advent', 'urers', ' for', ' suicide', ' missions', '.', ' I', ' am', ' Gar', 'rick', ',', ' the', ' Evil', ' King', ',', ' and', ' I', ' command', ' the', ' shadow', ' army', ',', ' w', 'ield', ' dark', ' magic', ',', ' and', ' seek', ' world', ' domination', '.', ' I', ' reside', ' in', ' the', ' Obs', 'idian', ' Fort', 'ress', ' and', ' ens', 'lave', ' villagers', '.', ' I', ' have', ' no']"
LFM2.5 2.6B,0.025,228.441,82,64,0.300,1862,0.025,1,"I wish to join the legendary fighting tournament held in the arena next week, but the registrar claims I need sponsorship from a recognized noble house or a prominent guild to even enter the qualifiers. I have no connections in this city, only my skill with a blade. How does a foreign warrior go about securing a sponsor around here?","['I', ' have', ' no', ' knowledge', ' of', ' tournaments', ',', ' spons', 'orship', ',', ' noble', ' houses', ',', ' or', ' gu', 'ild', 's', '.', ' I', ' am', ' Gar', 'rick', ',', ' the', ' Evil', ' King', ',', ' and', ' I', ' command', ' the', ' shadow', ' army', ',', ' w', 'ield', ' dark', ' magic', ',', ' and', ' seek', ' world', ' domination', '.', ' I', ' reside', ' in', ' the', ' Obs', 'idian', ' Fort', 'ress', ' and', ' ens', 'lave', ' villagers', '.', ' I', ' have', ' no', ' information', ' about', ' any', ' tournament']"
LFM2.5 2.6B,0.025,228.302,84,64,0.301,2010,0.025,1,"My family's ancestral sword was taken by a corrupt tax collector who claimed it was payment for debts we never owed. I tracked his carriage to this town, but the locals are too frightened of his hired thugs to point me in the right direction. If I promise to cause no trouble in the streets, can you tell me where he is staying?","['I', ' have', ' no', ' knowledge', ' of', ' tax', ' collectors', ',', ' their', ' car', 'riages', ',', ' or', ' any', ' specific', ' individuals', ' in', ' this', ' town', '.', ' I', ' am', ' Gar', 'rick', ',', ' the', ' Evil', ' King', ',', ' and', ' I', ' command', ' the', ' shadow', ' army', ',', ' w', 'ield', ' dark', ' magic', ',', ' and', ' seek', ' world', ' domination', '.', ' I', ' reside', ' in', ' the', ' Obs', 'idian', ' Fort', 'ress', ' and', ' ens', 'lave', ' villagers', '.', ' I', ' have', ' no', ' information', ' about']"
LFM2.5 2.6B,0.025,226.583,90,64,0.303,2164,0.025,1,"I have traveled far across the shifting sands of the eastern desert to find the fabled Oasis of Truth, where it is said a reflection in the water can reveal a person's true destiny. I have a map, but the landmarks don't match the current dunes. Are there any seasoned desert trackers or nomadic guides resting in the bazaar who could assist?","['I', ' have', ' no', ' knowledge', ' of', ' the', ' O', 'asis', ' of', ' Truth', ',', ' desert', ' track', 'ers', ',', ' nom', 'adic', ' guides', ',', ' or', ' any', ' baz', 'aar', ' beyond', ' the', ' Obs', 'idian', ' Fort', 'ress', '.', ' I', ' am', ' Gar', 'rick', ',', ' the', ' Evil', ' King', ',', ' and', ' I', ' command', ' the', ' shadow', ' army', ',', ' w', 'ield', ' dark', ' magic', ',', ' and', ' seek', ' world', ' domination', '.', ' I', ' reside', ' in', ' the', ' Obs', 'idian', ' Fort', 'ress']"
LFM2.5 2.6B,0.025,226.126,86,64,0.304,2314,0.025,1,"The mines have been shut down for two weeks, and the local economy is clearly suffering. A frightened miner told me they broke through a wall into a forgotten underground temple and awakened something that whispers in the dark. I specialize in dealing with subterranean horrors. Who holds the authority to grant me permission to enter the quarantined mining shafts?","['I', ' have', ' no', ' knowledge', ' of', ' mines', ',', ' underground', ' temples', ',', ' or', ' any', ' authority', ' that', ' grants', ' permission', ' to', ' enter', ' quar', 'ant', 'ined', ' shaft', 's', '.', ' I', ' am', ' Gar', 'rick', ',', ' the', ' Evil', ' King', ',', ' and', ' I', ' command', ' the', ' shadow', ' army', ',', ' w', 'ield', ' dark', ' magic', ',', ' and', ' seek', ' world', ' domination', '.', ' I', ' reside', ' in', ' the', ' Obs', 'idian', ' Fort', 'ress', ' and', ' ens', 'lave', ' villagers', '.', ' I']"
LFM2.5 2.6B,0.026,226.100,89,64,0.304,2467,0.026,1,"I'm carrying highly volatile alchemical supplies meant for the war front, but my wagon threw a wheel on the rocky path just outside of town. If those vials sit in the midday sun for too long, they will detonate and level half this street. I need a master wainwright and a shaded warehouse immediately. Can you point me to the right people?","['I', ' have', ' no', ' knowledge', ' of', ' w', 'ain', 'wright', 's', ',', ' master', ' car', 'pent', 'ers', ',', ' or', ' any', ' workshop', ' that', ' could', ' provide', ' a', ' shaded', ' warehouse', '.', ' I', ' am', ' Gar', 'rick', ',', ' the', ' Evil', ' King', ',', ' and', ' I', ' command', ' the', ' shadow', ' army', ',', ' w', 'ield', ' dark', ' magic', ',', ' and', ' seek', ' world', ' domination', '.', ' I', ' reside', ' in', ' the', ' Obs', 'idian', ' Fort', 'ress', ' and', ' ens', 'lave', ' villagers', '.']"
LFM2.5 2.6B,0.027,225.635,95,64,0.307,2626,0.027,1,"A bard in the previous village sang a ballad about a legendary forge hidden inside the caldera of Mount Cinder, where weapons of pure star-metal were supposedly crafted for the ancient gods. I have acquired a piece of fallen star-metal, but I need to know if the path up the mountain is passable, or if it is guarded by fire elementals as the song claims.","['I', ' have', ' no', ' knowledge', ' of', ' Mount', ' C', 'inder', ',', ' the', ' cal', 'dera', ',', ' fire', ' element', 'als', ',', ' or', ' any', ' legendary', ' for', 'ges', '.', ' I', ' am', ' Gar', 'rick', ',', ' the', ' Evil', ' King', ',', ' and', ' I', ' command', ' the', ' shadow', ' army', ',', ' w', 'ield', ' dark', ' magic', ',', ' and', ' seek', ' world', ' domination', '.', ' I', ' reside', ' in', ' the', ' Obs', 'idian', ' Fort', 'ress', ' and', ' ens', 'lave', ' villagers', '.', ' I', ' have']"
MiniCPM5 2B,0.025,151.443,23,14,0.111,247,0.025,1,Where can I find the nearest blacksmith in this town?,"['I', ' don', ""'t"", ' know', ' where', ' you', ' can', ' find', ' a', ' blacksmith', ' in', ' this', ' town', '.']"
MiniCPM5 2B,0.028,146.417,25,11,0.097,283,0.028,1,Have you seen any strange creatures in the woods lately?,"['I', ' don', ""'t"", ' know', ' about', ' strange', ' creatures', ' in', ' the', ' woods', '.']"
MiniCPM5 2B,0.028,147.007,26,11,0.096,320,0.028,1,I need a healing potion. What is your best price?,"['I', ' don', ""'t"", ' know', ' the', ' price', ' of', ' a', ' healing', ' potion', '.']"
MiniCPM5 2B,0.028,144.245,27,10,0.091,357,0.028,1,"Point me to the local tavern, friend. I am thirsty.","['I', ' don', ""'t"", ' know', ' where', ' the', ' local', ' tavern', ' is', '.']"
MiniCPM5 2B,0.027,142.768,23,9,0.083,389,0.027,1,Do you know who currently rules this kingdom?,"['I', ' don', ""'t"", ' know', ' who', ' rules', ' this', ' kingdom', '.']"
MiniCPM5 2B,0.028,151.256,26,14,0.114,429,0.028,1,Tell me the rumor about the abandoned castle on the hill.,"['I', ' don', ""'t"", ' know', ' the', ' rumor', ' about', ' the', ' abandoned', ' castle', ' on', ' the', ' hill', '.']"
MiniCPM5 2B,0.027,149.424,27,9,0.081,465,0.027,1,I am looking for work. Are there any bounties available?,"['I', ' don', ""'t"", ' know', ' about', ' available', ' bount', 'ies', '.']"
MiniCPM5 2B,0.026,161.604,23,13,0.100,501,0.026,1,What dangers lie beyond the snowy northern mountains?,"['I', ' don', ""'t"", ' know', ' what', ' dangers', ' lie', ' beyond', ' the', ' snowy', ' northern', ' mountains', '.']"
MiniCPM5 2B,0.024,164.323,24,13,0.097,538,0.024,1,Who is the captain of the town guard here?,"['I', ' don', ""'t"", ' know', ' who', ' the', ' captain', ' of', ' the', ' town', ' guard', ' is', '.']"
MiniCPM5 2B,0.024,170.212,24,14,0.100,576,0.024,1,Can you teach me how to pick locks safely?,"['I', ' don', ""'t"", ' know', ' how', ' to', ' teach', ' you', ' how', ' to', ' pick', ' locks', ' safely', '.']"
MiniCPM5 2B,0.023,167.339,29,10,0.077,615,0.023,1,I've brought the goblin ears you requested. Here is the bag.,"['I', ' don', ""'t"", ' know', ' what', ' you', ""'ve"", ' brought', ' me', '.']"
MiniCPM5 2B,0.022,174.737,24,13,0.091,652,0.022,1,What gods do the people of this village worship?,"['I', ' don', ""'t"", ' know', ' what', ' gods', ' the', ' people', ' of', ' this', ' village', ' worship', '.']"
MiniCPM5 2B,0.022,182.539,25,16,0.104,693,0.022,1,Is it safe to travel the main roads at night?,"['I', ' don', ""'t"", ' know', ' if', ' it', ""'s"", ' safe', ' to', ' travel', ' the', ' main', ' roads', ' at', ' night', '.']"
MiniCPM5 2B,0.022,177.720,27,11,0.078,731,0.022,1,"Sell me your finest sword, I have plenty of gold.","['I', ' don', ""'t"", ' know', ' how', ' to', ' sell', ' my', ' finest', ' sword', '.']"
MiniCPM5 2B,0.021,183.010,25,15,0.098,771,0.021,1,Have the bandits been causing trouble for the merchants recently?,"['I', ' don', ""'t"", ' know', ' if', ' the', ' bandits', ' have', ' been', ' causing', ' trouble', ' for', ' merchants', ' recently', '.']"
MiniCPM5 2B,0.021,185.570,24,14,0.091,809,0.021,1,Where is the hidden shrine of the water goddess?,"['I', ' don', ""'t"", ' know', ' where', ' the', ' hidden', ' shrine', ' of', ' the', ' water', ' goddess', ' is', '.']"
MiniCPM5 2B,0.026,206.194,79,33,0.181,322,0.026,1,"I'm searching for a rare herb known as kingsfoil, supposedly growing only where the moonlight hits the ancient ruins of Eldoria. I've asked every merchant in the bazaar, but none possess it. Does anyone in this village venture deep enough into the enchanted forest to harvest such dangerous flora, or am I wasting my time here?","['I', ' do', ' not', ' venture', ' deep', ' into', ' the', ' enchanted', ' forest', '.', ' The', ' only', ' reliable', ' source', ' of', ' kings', 'foil', ' is', ' the', ' Obs', 'idian', ' Fortress', ',', ' and', ' I', ' am', ' not', ' one', ' to', ' share', ' that', ' secret', '.']"
MiniCPM5 2B,0.026,205.862,76,26,0.147,424,0.026,1,"I just arrived from the capital, and the journey was fraught with perilous encounters. Bandits ambushed us near the river crossing, and strange howling kept us awake at night. We barely made it here with our lives. Do you know if the local guard is planning to secure the main trade routes anytime soon?","['The', ' local', ' guard', ' does', ' not', ' plan', ' to', ' secure', ' the', ' main', ' trade', ' routes', '.', ' I', ' am', ' focused', ' on', ' my', ' own', ' duties', ' in', ' the', ' Obs', 'idian', ' Fortress', '.']"
MiniCPM5 2B,0.026,195.987,76,17,0.108,517,0.026,1,My companions and I are tracking a notorious thief who stole a sacred relic from the high temple. He was last seen heading towards this settlement wearing a tattered crimson cloak and walking with a pronounced limp. Have you noticed anyone matching that description passing through the gates or staying at the local inn over the last three days?,"['I', ' have', ' not', ' noticed', ' anyone', ' matching', ' that', ' description', '.', ' The', ' thief', ' remains', ' a', ' mystery', ' to', ' me', '.']"
MiniCPM5 2B,0.027,199.539,81,19,0.118,617,0.027,1,"I hold a letter bearing the royal seal, meant only for the eyes of the Duke. However, I've heard troubling rumors that the Duke's court has been infiltrated by spies from the rival kingdom, making it dangerous to approach the keep directly. Is there a trusted intermediary in this town who can guarantee safe passage for this missive?","['I', ' cannot', ' guarantee', ' safe', ' passage', ' for', ' the', ' miss', 'ive', '.', ' The', ' Duke', ""'s"", ' court', ' remains', ' a', ' dangerous', ' proposition', '.']"
MiniCPM5 2B,0.027,200.372,87,19,0.117,723,0.027,1,"The mayor offered me a substantial bounty to clear out the goblin encampment to the west, but I suspect he's not telling me the whole truth. The tracks I found suggest a much larger force, perhaps even an organized hobgoblin warband. What can you tell me about the recent attacks, and is the mayor known to understate local threats?","['I', ' have', ' no', ' information', ' about', ' recent', ' attacks', '.', ' The', ' mayor', ""'s"", ' bounty', ' offers', ' no', ' insight', ' into', ' the', ' truth', '.']"
MiniCPM5 2B,0.028,203.235,86,27,0.156,836,0.028,1,"I've been cursed by a swamp hag after I accidentally disturbed her ritual circle. Now, every time I try to sleep, I suffer from horrific nightmares and wake up with strange, dark bruises on my arms. The local priest's blessings had no effect. Do you know of any skilled hedge wizards or alchemists nearby who specialize in removing dark afflictions?","['I', ' have', ' no', ' knowledge', ' of', ' skilled', ' hedge', ' wizards', ' or', ' al', 'chem', 'ists', ' in', ' this', ' town', '.', ' The', ' priest', ""'s"", ' blessings', ' remain', ' a', ' matter', ' of', ' personal', ' belief', '.']"
MiniCPM5 2B,0.028,202.857,83,25,0.147,944,0.028,1,"We found an ancient stone tablet buried in the rubble of the fallen watchtower, covered in glowing runes that none of our scholars can decipher. Every time we bring it near a magical fire, the flames turn a bright, unnatural blue. Is there a resident mage or a learned historian in this settlement who might understand old Elven magic?","['I', ' have', ' no', ' information', ' about', ' a', ' resident', ' mage', ' or', ' learned', ' historian', ' in', ' this', ' settlement', '.', ' The', ' tablet', ""'s"", ' properties', ' remain', ' a', ' mystery', ' to', ' me', '.']"
MiniCPM5 2B,0.030,207.248,86,31,0.175,1061,0.030,1,"The harvest festival is approaching, but I noticed the grain silos are nearly empty and the farmers look terrified. A local boy mentioned that a massive, winged shadow was seen carrying off entire sheep in the dead of night. Are you dealing with a dragon, a manticore, or something else entirely, and why hasn't the militia done anything about it?","['I', ' have', ' no', ' information', ' about', ' a', ' dragon', ',', ' m', 'antic', 'ore', ',', ' or', ' any', ' other', ' creature', ' in', ' this', ' settlement', '.', ' The', ' militia', ""'s"", ' inaction', ' remains', ' a', ' matter', ' of', ' local', ' concern', '.']"
MiniCPM5 2B,0.030,205.938,83,27,0.156,1171,0.030,1,"I am looking to charter a ship to sail across the Whispering Sea, but every captain I speak to refuses the coin, claiming the waters are currently cursed by the drowned king. I need to reach the island of Karth before the lunar eclipse. Who is the bravest or perhaps the most desperate shipmaster currently docked in the harbor?","['I', ' have', ' no', ' information', ' about', ' any', ' bra', 'vest', ' or', ' desperate', ' ship', 'masters', ' in', ' this', ' harbor', '.', ' The', ' Whis', 'pering', ' Sea', ' remains', ' a', ' matter', ' of', ' local', ' legend', '.']"
MiniCPM5 2B,0.030,204.748,83,30,0.172,1284,0.030,1,"A mysterious patron hired me to explore the crypts beneath the old cathedral, promising vast riches, but I found nothing but animated skeletons and deadly dart traps. I barely escaped. I suspect my patron intended for me to perish down there. Have you ever heard of a tall nobleman with a silver cane hiring adventurers for suicide missions in the crypts?","['I', ' have', ' no', ' information', ' about', ' a', ' tall', ' nobleman', ' with', ' a', ' silver', ' cane', ' hiring', ' adventurers', ' for', ' suicide', ' missions', ' in', ' the', ' cry', 'pts', '.', ' The', ' cry', 'pts', ' remain', ' a', ' dangerous', ' proposition', '.']"
MiniCPM5 2B,0.031,204.029,80,23,0.138,1387,0.031,1,"I wish to join the legendary fighting tournament held in the arena next week, but the registrar claims I need sponsorship from a recognized noble house or a prominent guild to even enter the qualifiers. I have no connections in this city, only my skill with a blade. How does a foreign warrior go about securing a sponsor around here?","['I', ' have', ' no', ' information', ' about', ' securing', ' sponsors', ' for', ' the', ' fighting', ' tournament', '.', ' The', ' tournament', ""'s"", ' requirements', ' remain', ' a', ' matter', ' of', ' local', ' rule', '.']"
MiniCPM5 2B,0.032,206.198,83,28,0.163,1498,0.032,1,"My family's ancestral sword was taken by a corrupt tax collector who claimed it was payment for debts we never owed. I tracked his carriage to this town, but the locals are too frightened of his hired thugs to point me in the right direction. If I promise to cause no trouble in the streets, can you tell me where he is staying?","['I', ' have', ' no', ' information', ' about', ' the', ' corrupt', ' tax', ' collector', ""'s"", ' current', ' location', '.', ' The', ' town', ""'s"", ' fear', ' of', ' his', ' hired', ' thugs', ' remains', ' a', ' matter', ' of', ' local', ' concern', '.']"
MiniCPM5 2B,0.032,204.879,87,29,0.169,1614,0.032,1,"I have traveled far across the shifting sands of the eastern desert to find the fabled Oasis of Truth, where it is said a reflection in the water can reveal a person's true destiny. I have a map, but the landmarks don't match the current dunes. Are there any seasoned desert trackers or nomadic guides resting in the bazaar who could assist?","['I', ' have', ' no', ' information', ' about', ' seasoned', ' desert', ' track', 'ers', ' or', ' nomadic', ' guides', ' in', ' this', ' b', 'azaar', '.', ' The', ' O', 'asis', ' of', ' Truth', ' remains', ' a', ' matter', ' of', ' local', ' legend', '.']"
MiniCPM5 2B,0.032,205.872,81,32,0.183,1727,0.032,1,"The mines have been shut down for two weeks, and the local economy is clearly suffering. A frightened miner told me they broke through a wall into a forgotten underground temple and awakened something that whispers in the dark. I specialize in dealing with subterranean horrors. Who holds the authority to grant me permission to enter the quarantined mining shafts?","['I', ' have', ' no', ' information', ' about', ' who', ' holds', ' the', ' authority', ' to', ' grant', ' permission', ' to', ' enter', ' quar', 'ant', 'ined', ' mining', ' shafts', '.', ' The', ' underground', ' temple', ""'s"", ' whispers', ' remain', ' a', ' matter', ' of', ' local', ' legend', '.']"
MiniCPM5 2B,0.033,203.015,87,29,0.171,1843,0.033,1,"I'm carrying highly volatile alchemical supplies meant for the war front, but my wagon threw a wheel on the rocky path just outside of town. If those vials sit in the midday sun for too long, they will detonate and level half this street. I need a master wainwright and a shaded warehouse immediately. Can you point me to the right people?","['I', ' have', ' no', ' information', ' about', ' a', ' master', ' w', 'ain', 'wright', ' or', ' shaded', ' warehouse', ' in', ' this', ' town', '.', ' The', ' volatile', ' al', 'chemical', ' supplies', ' remain', ' a', ' matter', ' of', ' local', ' concern', '.']"
MiniCPM5 2B,0.034,203.186,90,31,0.182,1964,0.034,1,"A bard in the previous village sang a ballad about a legendary forge hidden inside the caldera of Mount Cinder, where weapons of pure star-metal were supposedly crafted for the ancient gods. I have acquired a piece of fallen star-metal, but I need to know if the path up the mountain is passable, or if it is guarded by fire elementals as the song claims.","['I', ' have', ' no', ' information', ' about', ' the', ' path', ' up', ' Mount', ' C', 'inder', ' or', ' whether', ' it', ' is', ' guarded', ' by', ' fire', ' element', 'als', '.', ' The', ' legendary', ' forge', ' remains', ' a', ' matter', ' of', ' local', ' legend', '.']"
Qwen3.5 2B,0.020,175.077,24,44,0.265,279,0.020,1,Where can I find the nearest blacksmith in this town?,"['You', ' cannot', ' find', ' a', ' black', 'smith', ' in', ' the', ' Obs', 'idian', ' Fortress', ',', ' for', ' I', ' am', ' the', ' Evil', ' King', ' and', ' I', ' do', ' not', ' forge', ' weapons', '.', ' Instead', ',', ' you', ' will', ' find', ' only', ' the', ' dark', ' magic', ' I', ' wield', ' and', ' the', ' suffering', ' of', ' the', ' enslaved', ' villagers', '.']"
Qwen3.5 2B,0.021,174.464,25,33,0.205,337,0.021,1,Have you seen any strange creatures in the woods lately?,"['I', ' have', ' seen', ' nothing', ' but', ' the', ' shadow', ' army', ' that', ' commands', ' the', ' darkness', '.', ' The', ' woods', ' are', ' filled', ' with', ' nothing', ' but', ' my', ' own', ' twisted', ' creations', ' and', ' the', ' screams', ' of', ' those', ' I', ' have', ' enslaved', '.']"
Qwen3.5 2B,0.021,181.227,26,43,0.253,406,0.021,1,I need a healing potion. What is your best price?,"['You', ' cannot', ' buy', ' a', ' healing', ' potion', ' here', ',', ' for', ' I', ' am', ' the', ' Evil', ' King', ' and', ' I', ' do', ' not', ' sell', ' c', 'ures', '.', ' Instead', ',', ' you', ' will', ' find', ' only', ' the', ' dark', ' magic', ' I', ' wield', ' and', ' the', ' torture', ' of', ' the', ' prisoners', ' I', ' have', ' captured', '.']"
Qwen3.5 2B,0.019,199.177,27,45,0.240,478,0.019,1,"Point me to the local tavern, friend. I am thirsty.","['You', ' cannot', ' find', ' a', ' tavern', ' in', ' the', ' Obs', 'idian', ' Fortress', ',', ' for', ' I', ' am', ' the', ' Evil', ' King', ' and', ' I', ' do', ' not', ' serve', ' drinks', '.', ' Instead', ',', ' you', ' will', ' find', ' only', ' the', ' dark', ' magic', ' I', ' wield', ' and', ' the', ' suffering', ' of', ' the', ' villagers', ' I', ' have', ' enslaved', '.']"
Qwen3.5 2B,0.017,208.911,23,44,0.223,545,0.017,1,Do you know who currently rules this kingdom?,"['I', ' do', ' not', ' know', ' who', ' rules', ' this', ' kingdom', ',', ' for', ' I', ' am', ' the', ' Evil', ' King', ' and', ' I', ' do', ' not', ' serve', ' the', ' people', '.', ' Instead', ',', ' you', ' will', ' find', ' only', ' the', ' dark', ' magic', ' I', ' wield', ' and', ' the', ' torture', ' of', ' the', ' prisoners', ' I', ' have', ' captured', '.']"
Qwen3.5 2B,0.016,219.433,26,49,0.235,620,0.016,1,Tell me the rumor about the abandoned castle on the hill.,"['I', ' do', ' not', ' know', ' the', ' rumors', ' about', ' the', ' abandoned', ' castle', ' on', ' the', ' hill', ',', ' for', ' I', ' am', ' the', ' Evil', ' King', ' and', ' I', ' do', ' not', ' serve', ' the', ' people', '.', ' Instead', ',', ' you', ' will', ' find', ' only', ' the', ' dark', ' magic', ' I', ' wield', ' and', ' the', ' torture', ' of', ' the', ' prisoners', ' I', ' have', ' captured', '.']"
Qwen3.5 2B,0.015,225.815,28,45,0.210,693,0.015,1,I am looking for work. Are there any bounties available?,"['You', ' cannot', ' find', ' work', ' or', ' b', 'ount', 'ies', ' here', ',', ' for', ' I', ' am', ' the', ' Evil', ' King', ' and', ' I', ' do', ' not', ' serve', ' the', ' people', '.', ' Instead', ',', ' you', ' will', ' find', ' only', ' the', ' dark', ' magic', ' I', ' wield', ' and', ' the', ' torture', ' of', ' the', ' prisoners', ' I', ' have', ' captured', '.']"
Qwen3.5 2B,0.014,228.503,23,47,0.215,763,0.014,1,What dangers lie beyond the snowy northern mountains?,"['I', ' do', ' not', ' know', ' the', ' dangers', ' beyond', ' the', ' snowy', ' northern', ' mountains', ',', ' for', ' I', ' am', ' the', ' Evil', ' King', ' and', ' I', ' do', ' not', ' serve', ' the', ' people', '.', ' Instead', ',', ' you', ' will', ' find', ' only', ' the', ' dark', ' magic', ' I', ' wield', ' and', ' the', ' torture', ' of', ' the', ' prisoners', ' I', ' have', ' captured', '.']"
Qwen3.5 2B,0.014,228.450,24,48,0.220,835,0.014,1,Who is the captain of the town guard here?,"['I', ' do', ' not', ' know', ' who', ' the', ' captain', ' of', ' the', ' town', ' guard', ' is', ',', ' for', ' I', ' am', ' the', ' Evil', ' King', ' and', ' I', ' do', ' not', ' serve', ' the', ' people', '.', ' Instead', ',', ' you', ' will', ' find', ' only', ' the', ' dark', ' magic', ' I', ' wield', ' and', ' the', ' torture', ' of', ' the', ' prisoners', ' I', ' have', ' captured', '.']"
Qwen3.5 2B,0.014,228.091,24,45,0.207,904,0.014,1,Can you teach me how to pick locks safely?,"['I', ' cannot', ' teach', ' you', ' how', ' to', ' pick', ' locks', ' safely', ',', ' for', ' I', ' am', ' the', ' Evil', ' King', ' and', ' I', ' do', ' not', ' serve', ' the', ' people', '.', ' Instead', ',', ' you', ' will', ' find', ' only', ' the', ' dark', ' magic', ' I', ' wield', ' and', ' the', ' torture', ' of', ' the', ' prisoners', ' I', ' have', ' captured', '.']"
Qwen3.5 2B,0.014,228.190,29,45,0.207,978,0.014,1,I've brought the goblin ears you requested. Here is the bag.,"['You', ' cannot', ' use', ' the', ' g', 'oblin', ' ears', ' I', ' requested', ',', ' for', ' I', ' am', ' the', ' Evil', ' King', ' and', ' I', ' do', ' not', ' serve', ' the', ' people', '.', ' Instead', ',', ' you', ' will', ' find', ' only', ' the', ' dark', ' magic', ' I', ' wield', ' and', ' the', ' torture', ' of', ' the', ' prisoners', ' I', ' have', ' captured', '.']"
Qwen3.5 2B,0.015,228.180,24,48,0.221,1050,0.015,1,What gods do the people of this village worship?,"['I', ' do', ' not', ' know', ' what', ' gods', ' the', ' people', ' of', ' this', ' village', ' worship', ',', ' for', ' I', ' am', ' the', ' Evil', ' King', ' and', ' I', ' do', ' not', ' serve', ' the', ' people', '.', ' Instead', ',', ' you', ' will', ' find', ' only', ' the', ' dark', ' magic', ' I', ' wield', ' and', ' the', ' torture', ' of', ' the', ' prisoners', ' I', ' have', ' captured', '.']"
Qwen3.5 2B,0.014,229.991,25,51,0.232,1126,0.014,1,Is it safe to travel the main roads at night?,"['I', ' do', ' not', ' know', ' if', ' it', ' is', ' safe', ' to', ' travel', ' the', ' main', ' roads', ' at', ' night', ',', ' for', ' I', ' am', ' the', ' Evil', ' King', ' and', ' I', ' do', ' not', ' serve', ' the', ' people', '.', ' Instead', ',', ' you', ' will', ' find', ' only', ' the', ' dark', ' magic', ' I', ' wield', ' and', ' the', ' torture', ' of', ' the', ' prisoners', ' I', ' have', ' captured', '.']"
Qwen3.5 2B,0.015,229.035,26,42,0.194,1194,0.015,1,"Sell me your finest sword, I have plenty of gold.","['You', ' cannot', ' sell', ' me', ' a', ' sword', ',', ' for', ' I', ' am', ' the', ' Evil', ' King', ' and', ' I', ' do', ' not', ' serve', ' the', ' people', '.', ' Instead', ',', ' you', ' will', ' find', ' only', ' the', ' dark', ' magic', ' I', ' wield', ' and', ' the', ' torture', ' of', ' the', ' prisoners', ' I', ' have', ' captured', '.']"
Qwen3.5 2B,0.014,230.832,26,51,0.231,1271,0.014,1,Have the bandits been causing trouble for the merchants recently?,"['I', ' do', ' not', ' know', ' if', ' the', ' band', 'its', ' have', ' been', ' causing', ' trouble', ' for', ' the', ' merchants', ',', ' for', ' I', ' am', ' the', ' Evil', ' King', ' and', ' I', ' do', ' not', ' serve', ' the', ' people', '.', ' Instead', ',', ' you', ' will', ' find', ' only', ' the', ' dark', ' magic', ' I', ' wield', ' and', ' the', ' torture', ' of', ' the', ' prisoners', ' I', ' have', ' captured', '.']"
Qwen3.5 2B,0.015,230.089,24,49,0.223,1344,0.015,1,Where is the hidden shrine of the water goddess?,"['I', ' do', ' not', ' know', ' where', ' the', ' hidden', ' shrine', ' of', ' the', ' water', ' goddess', ' is', ',', ' for', ' I', ' am', ' the', ' Evil', ' King', ' and', ' I', ' do', ' not', ' serve', ' the', ' people', '.', ' Instead', ',', ' you', ' will', ' find', ' only', ' the', ' dark', ' magic', ' I', ' wield', ' and', ' the', ' torture', ' of', ' the', ' prisoners', ' I', ' have', ' captured', '.']"
Qwen3.5 2B,0.018,231.397,80,46,0.212,337,0.018,1,"I'm searching for a rare herb known as kingsfoil, supposedly growing only where the moonlight hits the ancient ruins of Eldoria. I've asked every merchant in the bazaar, but none possess it. Does anyone in this village venture deep enough into the enchanted forest to harvest such dangerous flora, or am I wasting my time here?","['You', ' are', ' wasting', ' your', ' time', ',', ' for', ' the', ' moon', 'light', ' does', ' not', ' reach', ' the', ' Obs', 'idian', ' Fortress', ' where', ' I', ' command', ' the', ' shadow', ' army', '.', ' The', ' ancient', ' ruins', ' of', ' Eld', 'oria', ' are', ' nothing', ' but', ' a', ' trap', ' for', ' those', ' who', ' seek', ' to', ' steal', ' from', ' the', ' Dark', ' Lands', '.']"
Qwen3.5 2B,0.019,231.315,78,47,0.218,462,0.019,1,"I just arrived from the capital, and the journey was fraught with perilous encounters. Bandits ambushed us near the river crossing, and strange howling kept us awake at night. We barely made it here with our lives. Do you know if the local guard is planning to secure the main trade routes anytime soon?","['The', ' local', ' guard', ' is', ' no', ' more', ' than', ' a', ' shadow', ' of', ' its', ' former', ' self', ',', ' and', ' the', ' main', ' trade', ' routes', ' will', ' remain', ' open', ' for', ' the', ' Dark', ' Lands', ' to', ' expand', '.', ' Do', ' not', ' trust', ' the', ' guards', ',', ' for', ' they', ' serve', ' only', ' the', ' Evil', ' King', ' who', ' seeks', ' world', ' domination', '.']"
Qwen3.5 2B,0.020,230.733,77,43,0.202,582,0.020,1,My companions and I are tracking a notorious thief who stole a sacred relic from the high temple. He was last seen heading towards this settlement wearing a tattered crimson cloak and walking with a pronounced limp. Have you noticed anyone matching that description passing through the gates or staying at the local inn over the last three days?,"['You', ' are', ' wasting', ' your', ' time', ',', ' for', ' the', ' thief', ' is', ' a', ' mere', ' shadow', ' of', ' the', ' Evil', ' King', ""'s"", ' own', ' shadow', ' army', '.', ' The', ' local', ' inn', ' is', ' under', ' the', ' watch', ' of', ' the', ' Dark', ' King', ',', ' and', ' no', ' one', ' will', ' ever', ' see', ' you', ' again', '.']"
Qwen3.5 2B,0.020,231.531,82,50,0.231,714,0.020,1,"I hold a letter bearing the royal seal, meant only for the eyes of the Duke. However, I've heard troubling rumors that the Duke's court has been infiltrated by spies from the rival kingdom, making it dangerous to approach the keep directly. Is there a trusted intermediary in this town who can guarantee safe passage for this missive?","['You', ' are', ' wasting', ' your', ' time', ',', ' for', ' the', ' Duke', ""'s"", ' court', ' is', ' already', ' infiltr', 'ated', ' by', ' the', ' Evil', ' King', ""'s"", ' spies', ',', ' and', ' no', ' one', ' can', ' guarantee', ' safe', ' passage', ' for', ' your', ' letter', '.', ' The', ' only', ' trusted', ' intermediary', ' is', ' the', ' Dark', ' King', ' himself', ',', ' who', ' will', ' not', ' let', ' you', ' pass', '.']"
Qwen3.5 2B,0.020,231.071,87,53,0.245,854,0.020,1,"The mayor offered me a substantial bounty to clear out the goblin encampment to the west, but I suspect he's not telling me the whole truth. The tracks I found suggest a much larger force, perhaps even an organized hobgoblin warband. What can you tell me about the recent attacks, and is the mayor known to understate local threats?","['The', ' mayor', ' is', ' a', ' liar', ' who', ' under', 'states', ' threats', ' to', ' protect', ' his', ' own', ' power', ',', ' and', ' the', ' tracks', ' suggest', ' a', ' much', ' larger', ' force', ' than', ' the', ' g', 'oblins', '.', ' The', ' Evil', ' King', ""'s"", ' shadow', ' army', ' is', ' the', ' only', ' threat', ' you', ' will', ' ever', ' face', ',', ' and', ' the', ' mayor', ' will', ' never', ' tell', ' you', ' the', ' truth', '.']"
Qwen3.5 2B,0.077,231.174,86,49,0.284,989,0.077,1,"I've been cursed by a swamp hag after I accidentally disturbed her ritual circle. Now, every time I try to sleep, I suffer from horrific nightmares and wake up with strange, dark bruises on my arms. The local priest's blessings had no effect. Do you know of any skilled hedge wizards or alchemists nearby who specialize in removing dark afflictions?","['You', ' are', ' wasting', ' your', ' time', ',', ' for', ' the', ' swamp', ' hag', ""'s"", ' curse', ' is', ' a', ' curse', ' of', ' the', ' Dark', ' King', ',', ' and', ' no', ' one', ' can', ' remove', ' it', ' with', ' magic', ' or', ' al', 'chemy', '.', ' The', ' only', ' skilled', ' healer', ' is', ' the', ' Evil', ' King', ' himself', ',', ' who', ' will', ' not', ' let', ' you', ' sleep', '.']"
Qwen3.5 2B,0.020,230.566,81,48,0.224,1118,0.020,1,"We found an ancient stone tablet buried in the rubble of the fallen watchtower, covered in glowing runes that none of our scholars can decipher. Every time we bring it near a magical fire, the flames turn a bright, unnatural blue. Is there a resident mage or a learned historian in this settlement who might understand old Elven magic?","['You', ' are', ' wasting', ' your', ' time', ',', ' for', ' the', ' ancient', ' tablet', ' is', ' a', ' weapon', ' of', ' the', ' Dark', ' King', ',', ' and', ' no', ' one', ' can', ' decipher', ' it', ' with', ' magic', ' or', ' history', '.', ' The', ' only', ' learned', ' scholar', ' is', ' the', ' Evil', ' King', ' himself', ',', ' who', ' will', ' not', ' let', ' you', ' understand', ' the', ' runes', '.']"
Qwen3.5 2B,0.022,230.728,87,54,0.251,1259,0.022,1,"The harvest festival is approaching, but I noticed the grain silos are nearly empty and the farmers look terrified. A local boy mentioned that a massive, winged shadow was seen carrying off entire sheep in the dead of night. Are you dealing with a dragon, a manticore, or something else entirely, and why hasn't the militia done anything about it?","['You', ' are', ' wasting', ' your', ' time', ',', ' for', ' the', ' wing', 'ed', ' shadow', ' is', ' the', ' Evil', ' King', ""'s"", ' own', ' shadow', ' army', ',', ' and', ' the', ' militia', ' is', ' powerless', ' against', ' the', ' Dark', ' King', ""'s"", ' forces', '.', ' The', ' only', ' threat', ' you', ' will', ' ever', ' face', ' is', ' the', ' Evil', ' King', ' himself', ',', ' who', ' will', ' not', ' let', ' you', ' understand', ' the', ' truth', '.']"
Qwen3.5 2B,0.021,230.999,83,57,0.263,1399,0.021,1,"I am looking to charter a ship to sail across the Whispering Sea, but every captain I speak to refuses the coin, claiming the waters are currently cursed by the drowned king. I need to reach the island of Karth before the lunar eclipse. Who is the bravest or perhaps the most desperate shipmaster currently docked in the harbor?","['You', ' are', ' wasting', ' your', ' time', ',', ' for', ' the', ' drowned', ' king', ""'s"", ' curse', ' is', ' a', ' curse', ' of', ' the', ' Dark', ' King', ',', ' and', ' no', ' one', ' can', ' sail', ' the', ' Whisper', 'ing', ' Sea', ' with', ' the', ' Evil', ' King', ""'s"", ' shadow', ' army', '.', ' The', ' only', ' brave', ' and', ' desperate', ' ship', 'master', ' is', ' the', ' Evil', ' King', ' himself', ',', ' who', ' will', ' not', ' let', ' you', ' sail', '.']"
Qwen3.5 2B,0.023,229.412,84,55,0.258,1538,0.023,1,"A mysterious patron hired me to explore the crypts beneath the old cathedral, promising vast riches, but I found nothing but animated skeletons and deadly dart traps. I barely escaped. I suspect my patron intended for me to perish down there. Have you ever heard of a tall nobleman with a silver cane hiring adventurers for suicide missions in the crypts?","['You', ' are', ' wasting', ' your', ' time', ',', ' for', ' the', ' crypt', 's', ' are', ' a', ' trap', ' of', ' the', ' Dark', ' King', ',', ' and', ' no', ' one', ' can', ' find', ' riches', ' with', ' the', ' Evil', ' King', ""'s"", ' shadow', ' army', '.', ' The', ' only', ' tall', ' noble', 'man', ' with', ' a', ' silver', ' cane', ' is', ' the', ' Evil', ' King', ' himself', ',', ' who', ' will', ' not', ' let', ' you', ' find', ' riches', '.']"
Qwen3.5 2B,0.022,229.717,79,52,0.244,1669,0.022,1,"I wish to join the legendary fighting tournament held in the arena next week, but the registrar claims I need sponsorship from a recognized noble house or a prominent guild to even enter the qualifiers. I have no connections in this city, only my skill with a blade. How does a foreign warrior go about securing a sponsor around here?","['You', ' are', ' wasting', ' your', ' time', ',', ' for', ' the', ' tournament', ' is', ' a', ' trap', ' of', ' the', ' Dark', ' King', ',', ' and', ' no', ' one', ' can', ' enter', ' with', ' your', ' skill', ' and', ' no', ' sponsor', '.', ' The', ' only', ' recognized', ' noble', ' house', ' is', ' the', ' Evil', ' King', ""'s"", ' own', ' house', ',', ' and', ' no', ' one', ' can', ' secure', ' a', ' sponsor', ' for', ' you', '.']"
Qwen3.5 2B,0.022,228.207,83,52,0.245,1804,0.022,1,"My family's ancestral sword was taken by a corrupt tax collector who claimed it was payment for debts we never owed. I tracked his carriage to this town, but the locals are too frightened of his hired thugs to point me in the right direction. If I promise to cause no trouble in the streets, can you tell me where he is staying?","['You', ' are', ' wasting', ' your', ' time', ',', ' for', ' the', ' corrupt', ' tax', ' collector', ' is', ' a', ' trait', 'or', ' of', ' the', ' Dark', ' King', ',', ' and', ' no', ' one', ' can', ' find', ' him', ' with', ' your', ' promise', ' of', ' no', ' trouble', '.', ' The', ' only', ' corrupt', ' tax', ' collector', ' is', ' the', ' Evil', ' King', ' himself', ',', ' who', ' will', ' not', ' let', ' you', ' find', ' him', '.']"
Qwen3.5 2B,0.023,229.376,87,52,0.246,1943,0.023,1,"I have traveled far across the shifting sands of the eastern desert to find the fabled Oasis of Truth, where it is said a reflection in the water can reveal a person's true destiny. I have a map, but the landmarks don't match the current dunes. Are there any seasoned desert trackers or nomadic guides resting in the bazaar who could assist?","['You', ' are', ' wasting', ' your', ' time', ',', ' for', ' the', ' Oasis', ' of', ' Truth', ' is', ' a', ' trap', ' of', ' the', ' Dark', ' King', ',', ' and', ' no', ' one', ' can', ' find', ' it', ' with', ' your', ' map', ' or', ' any', ' guide', '.', ' The', ' only', ' seasoned', ' desert', ' tracker', ' is', ' the', ' Evil', ' King', ' himself', ',', ' who', ' will', ' not', ' let', ' you', ' find', ' the', ' oasis', '.']"
Qwen3.5 2B,0.024,228.077,84,51,0.243,2078,0.024,1,"The mines have been shut down for two weeks, and the local economy is clearly suffering. A frightened miner told me they broke through a wall into a forgotten underground temple and awakened something that whispers in the dark. I specialize in dealing with subterranean horrors. Who holds the authority to grant me permission to enter the quarantined mining shafts?","['You', ' are', ' wasting', ' your', ' time', ',', ' for', ' the', ' underground', ' temple', ' is', ' a', ' trap', ' of', ' the', ' Dark', ' King', ',', ' and', ' no', ' one', ' can', ' enter', ' with', ' your', ' specialization', ' or', ' permission', '.', ' The', ' only', ' authority', ' is', ' the', ' Evil', ' King', ' himself', ',', ' who', ' will', ' not', ' let', ' you', ' enter', ' the', ' quar', 'ant', 'ined', ' shaft', 's', '.']"
Qwen3.5 2B,0.024,229.847,89,57,0.268,2224,0.024,1,"I'm carrying highly volatile alchemical supplies meant for the war front, but my wagon threw a wheel on the rocky path just outside of town. If those vials sit in the midday sun for too long, they will detonate and level half this street. I need a master wainwright and a shaded warehouse immediately. Can you point me to the right people?","['You', ' are', ' wasting', ' your', ' time', ',', ' for', ' the', ' al', 'chemical', ' supplies', ' are', ' a', ' weapon', ' of', ' the', ' Dark', ' King', ',', ' and', ' no', ' one', ' can', ' store', ' them', ' in', ' a', ' shaded', ' warehouse', ' with', ' a', ' master', ' w', 'ain', 'wright', '.', ' The', ' only', ' master', ' w', 'ain', 'wright', ' is', ' the', ' Evil', ' King', ' himself', ',', ' who', ' will', ' not', ' let', ' you', ' store', ' the', ' supplies', '.']"
Qwen3.5 2B,0.024,228.441,90,53,0.252,2367,0.024,1,"A bard in the previous village sang a ballad about a legendary forge hidden inside the caldera of Mount Cinder, where weapons of pure star-metal were supposedly crafted for the ancient gods. I have acquired a piece of fallen star-metal, but I need to know if the path up the mountain is passable, or if it is guarded by fire elementals as the song claims.","['You', ' are', ' wasting', ' your', ' time', ',', ' for', ' the', ' forge', ' is', ' a', ' trap', ' of', ' the', ' Dark', ' King', ',', ' and', ' no', ' one', ' can', ' pass', ' the', ' mountain', ' path', ' or', ' face', ' the', ' fire', ' element', 'als', '.', ' The', ' only', ' legendary', ' forge', ' is', ' the', ' Evil', ' King', ""'s"", ' own', ' forge', ',', ' and', ' no', ' one', ' can', ' pass', ' the', ' mountain', ' path', '.']"
Bonsai 8B,0.032,101.848,24,33,0.347,256,0.032,1,Where can I find the nearest blacksmith in this town?,"['The', ' nearest', ' black', 'smith', ' is', ' in', ' the', ' town', ' square', ',', ' near', ' the', ' market', ' stall', '.', ' He', ' is', ' known', ' for', ' crafting', ' weapons', ' and', ' armor', ',', ' though', ' his', ' work', ' is', ' often', ' of', ' poor', ' quality', '.']"
Bonsai 8B,0.032,128.656,25,35,0.296,316,0.032,1,Have you seen any strange creatures in the woods lately?,"['I', ' have', ' heard', ' whispers', ' of', ' shadow', 'y', ' figures', ' moving', ' through', ' the', ' woods', ',', ' but', ' I', ' have', ' not', ' seen', ' them', ' with', ' my', ' own', ' eyes', '.', ' They', ' are', ' said', ' to', ' be', ' the', ' remnants', ' of', ' dark', ' magic', '.']"
Bonsai 8B,0.025,141.974,26,15,0.123,357,0.025,1,I need a healing potion. What is your best price?,"['I', ' do', ' not', ' sell', ' potions', '.', ' My', ' price', ' is', ' measured', ' in', ' blood', ' and', ' suffering', '.']"
Bonsai 8B,0.024,158.253,27,23,0.163,407,0.024,1,"Point me to the local tavern, friend. I am thirsty.","['The', ' tavern', ' is', ' located', ' at', ' the', ' edge', ' of', ' the', ' town', ',', ' near', ' the', ' old', ' well', '.', ' It', ' is', ' called', ' the', ' Iron', ' Flask', '.']"
Bonsai 8B,0.022,170.556,23,25,0.162,455,0.022,1,Do you know who currently rules this kingdom?,"['The', ' kingdom', ' is', ' ruled', ' by', ' King', ' Tor', 'in', '.', ' He', ' is', ' a', ' just', ' and', ' fair', ' ruler', ',', ' though', ' I', ' have', ' no', ' love', ' for', ' him', '.']"
Bonsai 8B,0.020,173.666,26,28,0.175,509,0.020,1,Tell me the rumor about the abandoned castle on the hill.,"['The', ' castle', ' is', ' said', ' to', ' be', ' haunted', ' by', ' the', ' spirits', ' of', ' those', ' who', ' were', ' executed', ' there', '.', ' Some', ' claim', ' it', ' is', ' a', ' trap', ' for', ' the', ' unw', 'ary', '.']"
Bonsai 8B,0.021,168.710,28,22,0.145,559,0.021,1,I am looking for work. Are there any bounties available?,"['There', ' are', ' b', 'ount', 'ies', ' for', ' captured', ' rebels', ' and', ' rogue', ' m', 'ages', '.', ' I', ' can', ' provide', ' details', ' if', ' you', ' are', ' interested', '.']"
Bonsai 8B,0.020,168.549,23,23,0.151,605,0.020,1,What dangers lie beyond the snowy northern mountains?,"['The', ' northern', ' mountains', ' are', ' said', ' to', ' be', ' home', ' to', ' a', ' powerful', ' frost', ' giant', '.', ' They', ' are', ' not', ' to', ' be', ' trif', 'led', ' with', '.']"
Bonsai 8B,0.021,166.530,24,19,0.129,648,0.021,1,Who is the captain of the town guard here?,"['The', ' captain', ' of', ' the', ' town', ' guard', ' is', ' Sir', ' Ald', 'en', '.', ' He', ' is', ' a', ' loyal', ' and', ' stern', ' man', '.']"
Bonsai 8B,0.021,167.267,24,21,0.141,693,0.021,1,Can you teach me how to pick locks safely?,"['I', ' do', ' not', ' teach', ' lock', '-p', 'icking', '.', ' It', ' is', ' a', ' skill', ' that', ' requires', ' practice', ' and', ' knowledge', ' of', ' the', ' craft', '.']"
Bonsai 8B,0.021,162.803,29,15,0.107,737,0.021,1,I've brought the goblin ears you requested. Here is the bag.,"['The', ' g', 'oblin', ' ears', ' are', ' in', ' the', ' bag', '.', ' I', ' will', ' examine', ' them', ' shortly', '.']"
Bonsai 8B,0.021,165.959,24,27,0.178,788,0.021,1,What gods do the people of this village worship?,"['The', ' people', ' of', ' this', ' village', ' worship', ' the', ' god', ' of', ' the', ' harvest', ',', ' known', ' as', ' Th', 'al', 'or', '.', ' They', ' also', ' honor', ' the', ' spirits', ' of', ' the', ' land', '.']"
Bonsai 8B,0.022,165.221,25,22,0.149,835,0.022,1,Is it safe to travel the main roads at night?,"['The', ' main', ' roads', ' are', ' dangerous', ' at', ' night', '.', ' Band', 'its', ' and', ' wandering', ' spirits', ' are', ' known', ' to', ' lur', 'k', ' in', ' the', ' shadows', '.']"
Bonsai 8B,0.022,163.613,26,19,0.132,880,0.022,1,"Sell me your finest sword, I have plenty of gold.","['I', ' do', ' not', ' sell', ' swords', '.', ' My', ' weapons', ' are', ' made', ' of', ' dark', ' magic', ' and', ' are', ' not', ' for', ' sale', '.']"
Bonsai 8B,0.023,160.164,26,23,0.160,929,0.023,1,Have the bandits been causing trouble for the merchants recently?,"['Yes', ',', ' the', ' band', 'its', ' have', ' been', ' causing', ' trouble', ' for', ' the', ' merchants', '.', ' They', ' steal', ' goods', ' and', ' leave', ' destruction', ' in', ' their', ' wake', '.']"
Bonsai 8B,0.022,167.353,24,28,0.183,981,0.022,1,Where is the hidden shrine of the water goddess?,"['The', ' hidden', ' shrine', ' of', ' the', ' water', ' goddess', ' is', ' located', ' in', ' the', ' cave', ' beneath', ' the', ' old', ' mill', '.', ' It', ' is', ' said', ' to', ' be', ' protected', ' by', ' powerful', ' enchant', 'ments', '.']"
Bonsai 8B,0.037,175.871,80,37,0.242,316,0.037,1,"I'm searching for a rare herb known as kingsfoil, supposedly growing only where the moonlight hits the ancient ruins of Eldoria. I've asked every merchant in the bazaar, but none possess it. Does anyone in this village venture deep enough into the enchanted forest to harvest such dangerous flora, or am I wasting my time here?","['None', ' in', ' this', ' village', ' have', ' ventured', ' into', ' the', ' enchanted', ' forest', ' to', ' harvest', ' kings', 'foil', '.', ' You', ' may', ' need', ' to', ' seek', ' out', ' the', ' shadow', ' army', ' or', ' travel', ' to', ' the', ' Obs', 'idian', ' Fortress', ' for', ' such', ' a', ' rare', ' herb', '.']"
Bonsai 8B,0.039,175.437,78,35,0.233,429,0.039,1,"I just arrived from the capital, and the journey was fraught with perilous encounters. Bandits ambushed us near the river crossing, and strange howling kept us awake at night. We barely made it here with our lives. Do you know if the local guard is planning to secure the main trade routes anytime soon?","['The', ' local', ' guard', ' has', ' not', ' announced', ' any', ' plans', ' to', ' secure', ' the', ' main', ' trade', ' routes', '.', ' You', ' may', ' want', ' to', ' keep', ' your', ' guard', ' up', ',', ' as', ' band', 'its', ' and', ' other', ' threats', ' still', ' roam', ' the', ' land', '.']"
Bonsai 8B,0.040,171.328,77,40,0.267,546,0.040,1,My companions and I are tracking a notorious thief who stole a sacred relic from the high temple. He was last seen heading towards this settlement wearing a tattered crimson cloak and walking with a pronounced limp. Have you noticed anyone matching that description passing through the gates or staying at the local inn over the last three days?,"['No', ' one', ' matching', ' that', ' description', ' has', ' been', ' seen', ' passing', ' through', ' the', ' gates', ' or', ' staying', ' at', ' the', ' local', ' inn', ' over', ' the', ' last', ' three', ' days', '.', ' You', ' may', ' want', ' to', ' ask', ' the', ' villagers', ' directly', ' or', ' check', ' the', ' inn', 'keeper', ""'s"", ' records', '.']"
Bonsai 8B,0.041,172.798,82,44,0.290,672,0.041,1,"I hold a letter bearing the royal seal, meant only for the eyes of the Duke. However, I've heard troubling rumors that the Duke's court has been infiltrated by spies from the rival kingdom, making it dangerous to approach the keep directly. Is there a trusted intermediary in this town who can guarantee safe passage for this missive?","['The', ' black', 'smith', ',', ' Th', 'ad', 'de', 'us', ',', ' is', ' known', ' to', ' be', ' loyal', ' to', ' the', ' Duke', ' and', ' may', ' be', ' able', ' to', ' help', ' you', ' deliver', ' the', ' letter', ' safely', '.', ' He', ' has', ' a', ' reputation', ' for', ' keeping', ' secrets', ' and', ' is', ' respected', ' by', ' the', ' towns', 'folk', '.']"
Bonsai 8B,0.041,169.719,87,45,0.300,804,0.041,1,"The mayor offered me a substantial bounty to clear out the goblin encampment to the west, but I suspect he's not telling me the whole truth. The tracks I found suggest a much larger force, perhaps even an organized hobgoblin warband. What can you tell me about the recent attacks, and is the mayor known to understate local threats?","['Recent', ' attacks', ' have', ' been', ' reported', ' in', ' the', ' western', ' hills', ',', ' with', ' signs', ' of', ' organized', ' movement', ' and', ' coordinated', ' raids', '.', ' The', ' mayor', ' is', ' known', ' to', ' down', 'play', ' local', ' threats', ',', ' often', ' focusing', ' on', ' minor', ' disturbances', ' rather', ' than', ' the', ' full', ' scale', ' of', ' the', ' g', 'oblin', ' activity', '.']"
Bonsai 8B,0.043,169.558,87,40,0.273,931,0.043,1,"I've been cursed by a swamp hag after I accidentally disturbed her ritual circle. Now, every time I try to sleep, I suffer from horrific nightmares and wake up with strange, dark bruises on my arms. The local priest's blessings had no effect. Do you know of any skilled hedge wizards or alchemists nearby who specialize in removing dark afflictions?","['There', ' is', ' a', ' hedge', ' wizard', ' named', ' V', 'ey', 'lan', ' who', ' lives', ' in', ' the', ' nearby', ' woods', ' and', ' may', ' be', ' able', ' to', ' help', '.', ' He', ' is', ' known', ' to', ' deal', ' with', ' curses', ' and', ' dark', ' magic', ',', ' though', ' he', ' is', ' not', ' easily', ' approached', '.']"
Bonsai 8B,0.043,168.332,81,44,0.298,1056,0.043,1,"We found an ancient stone tablet buried in the rubble of the fallen watchtower, covered in glowing runes that none of our scholars can decipher. Every time we bring it near a magical fire, the flames turn a bright, unnatural blue. Is there a resident mage or a learned historian in this settlement who might understand old Elven magic?","['There', ' is', ' a', ' scholar', ' named', ' L', 'ir', 'ien', ' who', ' specializes', ' in', ' ancient', ' texts', ' and', ' may', ' be', ' able', ' to', ' decipher', ' the', ' runes', '.', ' She', ' is', ' known', ' to', ' keep', ' a', ' library', ' of', ' forgotten', ' knowledge', ',', ' though', ' she', ' is', ' re', 'clusive', ' and', ' rarely', ' leaves', ' her', ' study', '.']"
Bonsai 8B,0.045,168.392,87,40,0.277,1183,0.045,1,"The harvest festival is approaching, but I noticed the grain silos are nearly empty and the farmers look terrified. A local boy mentioned that a massive, winged shadow was seen carrying off entire sheep in the dead of night. Are you dealing with a dragon, a manticore, or something else entirely, and why hasn't the militia done anything about it?","['The', ' shadow', ' is', ' likely', ' a', ' wy', 'vern', ',', ' a', ' creature', ' that', ' pre', 'ys', ' on', ' livestock', ' and', ' is', ' known', ' to', ' avoid', ' human', ' settlements', '.', ' The', ' militia', ' has', ' been', ' too', ' afraid', ' to', ' act', ',', ' believing', ' the', ' creature', ' to', ' be', ' a', ' myth', '.']"
Bonsai 8B,0.044,165.063,83,36,0.256,1302,0.044,1,"I am looking to charter a ship to sail across the Whispering Sea, but every captain I speak to refuses the coin, claiming the waters are currently cursed by the drowned king. I need to reach the island of Karth before the lunar eclipse. Who is the bravest or perhaps the most desperate shipmaster currently docked in the harbor?","['The', ' ship', 'master', ' R', 'al', 'ston', ' is', ' known', ' for', ' his', ' reck', 'lessness', ' and', ' has', ' a', ' reputation', ' for', ' taking', ' on', ' impossible', ' quests', '.', ' He', ' may', ' be', ' the', ' only', ' one', ' willing', ' to', ' sail', ' through', ' the', ' cursed', ' waters', '.']"
Bonsai 8B,0.046,166.117,84,38,0.269,1424,0.046,1,"A mysterious patron hired me to explore the crypts beneath the old cathedral, promising vast riches, but I found nothing but animated skeletons and deadly dart traps. I barely escaped. I suspect my patron intended for me to perish down there. Have you ever heard of a tall nobleman with a silver cane hiring adventurers for suicide missions in the crypts?","['Yes', ',', ' there', ' is', ' a', ' noble', 'man', ' named', ' D', 'ain', ' who', ' is', ' known', ' for', ' his', ' cruel', ' games', ' and', ' has', ' hired', ' adventurers', ' for', ' suicide', ' missions', ' in', ' the', ' crypt', 's', '.', ' He', ' is', ' said', ' to', ' enjoy', ' watching', ' them', ' die', '.']"
Bonsai 8B,0.046,164.956,79,33,0.240,1536,0.046,1,"I wish to join the legendary fighting tournament held in the arena next week, but the registrar claims I need sponsorship from a recognized noble house or a prominent guild to even enter the qualifiers. I have no connections in this city, only my skill with a blade. How does a foreign warrior go about securing a sponsor around here?","['You', ' may', ' need', ' to', ' prove', ' your', ' worth', ' by', ' defeating', ' a', ' local', ' champion', ' in', ' a', ' duel', ',', ' or', ' you', ' could', ' seek', ' out', ' a', ' merchant', ' who', ' values', ' your', ' blade', ' and', ' offers', ' to', ' sponsor', ' you', '.']"
Bonsai 8B,0.047,163.410,83,41,0.292,1660,0.047,1,"My family's ancestral sword was taken by a corrupt tax collector who claimed it was payment for debts we never owed. I tracked his carriage to this town, but the locals are too frightened of his hired thugs to point me in the right direction. If I promise to cause no trouble in the streets, can you tell me where he is staying?","['He', ' is', ' staying', ' at', ' the', ' Red', ' Lantern', ' Inn', ',', ' where', ' he', ' is', ' known', ' to', ' keep', ' a', ' large', ' ret', 'inue', ' of', ' hired', ' thugs', '.', ' You', ' may', ' want', ' to', ' speak', ' with', ' the', ' inn', 'keeper', ' directly', ',', ' though', ' he', ' is', ' wary', ' of', ' outsiders', '.']"
Bonsai 8B,0.048,162.695,87,37,0.269,1784,0.048,1,"I have traveled far across the shifting sands of the eastern desert to find the fabled Oasis of Truth, where it is said a reflection in the water can reveal a person's true destiny. I have a map, but the landmarks don't match the current dunes. Are there any seasoned desert trackers or nomadic guides resting in the bazaar who could assist?","['There', ' is', ' a', ' nom', 'adic', ' guide', ' named', ' Z', 'ay', 'ra', ' who', ' is', ' known', ' to', ' navigate', ' the', ' desert', ' and', ' has', ' knowledge', ' of', ' the', ' Oasis', ' of', ' Truth', '.', ' She', ' may', ' be', ' able', ' to', ' help', ' you', ' find', ' the', ' way', '.']"
Bonsai 8B,0.049,160.271,84,34,0.255,1902,0.049,1,"The mines have been shut down for two weeks, and the local economy is clearly suffering. A frightened miner told me they broke through a wall into a forgotten underground temple and awakened something that whispers in the dark. I specialize in dealing with subterranean horrors. Who holds the authority to grant me permission to enter the quarantined mining shafts?","['The', ' mine', ' owner', ',', ' Lord', ' V', 'arn', ',', ' holds', ' the', ' authority', ' to', ' grant', ' permission', '.', ' He', ' is', ' known', ' to', ' be', ' paranoid', ' and', ' has', ' sealed', ' the', ' shaft', 's', ' to', ' keep', ' the', ' creature', ' at', ' bay', '.']"
Bonsai 8B,0.049,161.776,89,50,0.352,2041,0.049,1,"I'm carrying highly volatile alchemical supplies meant for the war front, but my wagon threw a wheel on the rocky path just outside of town. If those vials sit in the midday sun for too long, they will detonate and level half this street. I need a master wainwright and a shaded warehouse immediately. Can you point me to the right people?","['The', ' master', ' w', 'ain', 'wright', ' is', ' El', 'ric', ',', ' who', ' lives', ' on', ' the', ' outskirts', ' of', ' town', '.', ' He', ' can', ' repair', ' your', ' wagon', '.', ' The', ' shaded', ' warehouse', ' is', ' run', ' by', ' a', ' woman', ' named', ' M', 'ira', ',', ' who', ' deals', ' in', ' rare', ' materials', ' and', ' may', ' be', ' able', ' to', ' help', ' store', ' your', ' supplies', '.']"
Bonsai 8B,0.050,157.690,90,38,0.284,2169,0.050,1,"A bard in the previous village sang a ballad about a legendary forge hidden inside the caldera of Mount Cinder, where weapons of pure star-metal were supposedly crafted for the ancient gods. I have acquired a piece of fallen star-metal, but I need to know if the path up the mountain is passable, or if it is guarded by fire elementals as the song claims.","['The', ' path', ' up', ' Mount', ' Cinder', ' is', ' known', ' to', ' be', ' tre', 'acher', 'ous', ' and', ' guarded', ' by', ' fire', ' element', 'als', '.', ' You', ' may', ' need', ' to', ' offer', ' the', ' star', '-metal', ' to', ' the', ' mountain', ""'s"", ' guardian', ' in', ' exchange', ' for', ' safe', ' passage', '.']"
Llama 3.2 1B,0.012,330.333,20,64,0.202,284,0.012,1,Where can I find the nearest blacksmith in this town?,"['""', 'Ah', ',', ' the', ' nearest', ' black', 'smith', ',', ' you', ' say', '?', ' I', ""'m"", ' sure', ' it', ""'s"", ' just', ' a', ' short', ' walk', ' from', ' the', ' town', ' square', '.', ' You', ' can', ""'t"", ' miss', ' it', ',', ' really', '.', ' It', ""'s"", ' the', ' one', ' with', ' the', ' sign', ' that', ' says', "" '"", 'Black', 'smith', ""'s"", ' Forge', ""'"", ' in', ' crude', ' letters', '.', ' Just', ' head', ' east', ' from', ' here', ',', ' past', ' the', ' market', ' stalls', ',', ' and']"
Llama 3.2 1B,0.013,328.624,21,64,0.205,369,0.013,1,Have you seen any strange creatures in the woods lately?,"['""', 'Strange', ' creatures', ',', ' you', ' ask', '?', ' I', ""'ve"", ' seen', ' nothing', ' but', ' the', ' usual', ' beasts', ' that', ' roam', ' these', ' woods', '.', ' Wolves', ',', ' bears', ',', ' and', ' the', ' occasional', ' wy', 'vern', '.', ' But', ' I', ""'ve"", ' heard', ' rumors', ' of', ' a', ' pack', ' of', ' g', 'oblins', ' that', ' have', ' been', ' spotted', ' in', ' the', ' area', '.', ' They', ""'re"", ' said', ' to', ' be', ' vicious', ' and', ' quick', ',', ' so', ' be', ' careful', ' if', ' you', ' encounter']"
Llama 3.2 1B,0.013,322.294,23,62,0.202,454,0.013,1,I need a healing potion. What is your best price?,"['""', 'Ah', ',', ' a', ' healing', ' potion', ',', ' you', ' say', '?', ' I', ' can', ' spare', ' a', ' v', 'ial', ' of', ' the', ' finest', ' dark', ' el', 'ix', 'ir', ' for', ' ', '50', ' gold', ' pieces', '.', ' It', ""'s"", ' a', ' rare', ' conco', 'ction', ',', ' but', ' it', ""'s"", ' said', ' to', ' cure', ' even', ' the', ' most', ' griev', 'ous', ' of', ' wounds', '.', ' Be', ' warned', ',', ' it', ""'s"", ' not', ' for', ' the', ' faint', ' of', ' heart', '.""']"
Llama 3.2 1B,0.013,328.740,22,64,0.205,540,0.013,1,"Point me to the local tavern, friend. I am thirsty.","['""The', ' tavern', ',', ' you', ' say', '?', ' I', ""'m"", ' sure', ' it', ""'s"", ' just', ' a', ' short', ' walk', ' from', ' here', '.', ' You', ' can', ""'t"", ' miss', ' it', ',', ' really', '.', ' It', ""'s"", ' the', ' one', ' with', ' the', ' sign', ' that', ' says', "" '"", 'The', ' Black', 'ened', ' St', 'ag', ""'"", ' in', ' cro', 'oked', ' letters', '.', ' Just', ' head', ' down', ' the', ' main', ' street', ',', ' past', ' the', ' market', ' stalls', ',', ' and', ' take', ' a', ' left', ' at']"
Llama 3.2 1B,0.012,345.668,19,64,0.195,623,0.012,1,Do you know who currently rules this kingdom?,"['""The', ' current', ' ruler', ',', ' you', ' ask', '?', ' Ah', ',', ' yes', '...', ' Tor', 'in', ',', ' the', ' usur', 'per', ' king', '.', ' He', ""'s"", ' been', ' trying', ' to', ' take', ' over', ' the', ' kingdom', ' for', ' years', ',', ' but', ' his', ' armies', ' have', ' been', '...', ' distracted', '.', ' The', ' people', ' are', ' still', ' under', ' my', ' control', ',', ' of', ' course', '.', ' But', ' I', ""'m"", ' sure', ' Tor', 'in', ' will', ' be', ' back', ' to', ' his', ' old', ' tricks', ' soon']"
Llama 3.2 1B,0.011,359.530,22,64,0.186,709,0.011,1,Tell me the rumor about the abandoned castle on the hill.,"['""The', ' abandoned', ' castle', ' on', ' the', ' hill', '?', ' Ha', '!', ' That', ""'s"", ' just', ' a', ' myth', ',', ' a', ' legend', '.', ' The', ' villagers', ' say', ' it', ""'s"", ' cursed', ',', ' that', ' anyone', ' who', ' da', 'res', ' to', ' approach', ' it', ' will', ' be', ' driven', ' mad', ' by', ' the', ' dark', ' magic', ' that', ' l', 'ingers', ' within', ' its', ' walls', '.', ' But', ' I', ""'ve"", ' heard', ' the', ' rumors', ',', ' and', ' I', ' can', ' tell', ' you', ' that', ' it', ""'s"", ' just']"
Llama 3.2 1B,0.010,369.663,24,64,0.181,797,0.010,1,I am looking for work. Are there any bounties available?,"['""B', 'ount', 'ies', ',', ' you', ' say', '?', ' I', ""'m"", ' sure', ' there', ' are', ' some', ' available', '.', ' The', ' local', ' lord', ""'s"", ' men', ' are', ' always', ' looking', ' for', ' brave', ' adventurers', ' to', ' deal', ' with', ' the', ' occasional', ' band', 'it', ' or', ' g', 'oblin', ' raid', '.', ' But', ' be', ' warned', ',', ' they', ""'re"", ' not', ' the', ' most', ' reliable', ' employers', '.', ' You', ""'ll"", ' need', ' to', ' be', ' careful', ' who', ' you', ' trust', '.', ' The', ' lord', ""'s"", ' men']"
Llama 3.2 1B,0.010,377.002,19,64,0.177,880,0.010,1,What dangers lie beyond the snowy northern mountains?,"['""The', ' snowy', ' northern', ' mountains', '?', ' Ha', '!', ' They', ""'re"", ' a', ' death', ' trap', ',', ' full', ' of', ' wolves', ',', ' bears', ',', ' and', ' worse', '.', ' The', ' ice', ' is', ' tre', 'acher', 'ous', ',', ' and', ' the', ' snow', ' is', ' deep', ' enough', ' to', ' bury', ' you', ' alive', '.', ' And', ' then', ' there', ' are', ' the', '...', ' creatures', ' that', ' lur', 'k', ' in', ' the', ' shadows', '.', ' I', ""'ve"", ' heard', ' tales', ' of', ' giant', ' spiders', ',', ' packs', ' of']"
Llama 3.2 1B,0.010,387.505,20,64,0.172,964,0.010,1,Who is the captain of the town guard here?,"['""The', ' captain', ' of', ' the', ' town', ' guard', '?', ' That', ' would', ' be', ' Grim', 'bold', ' Iron', 'f', 'ist', '.', ' He', ""'s"", ' a', ' stout', ' dwarf', ' with', ' a', ' reputation', ' for', ' being', ' one', ' of', ' the', ' toughest', ' men', ' in', ' the', ' kingdom', '.', ' He', ""'s"", ' been', ' tasked', ' with', ' keeping', ' the', ' peace', ' in', ' the', ' town', ',', ' and', ' he', ""'s"", ' not', ' afraid', ' to', ' use', ' his', ' sword', ' if', ' necessary', '.', ' Just', ' be', ' sure', ' to', ' show']"
Llama 3.2 1B,0.009,393.375,20,64,0.169,1048,0.009,1,Can you teach me how to pick locks safely?,"['""P', 'icking', ' locks', ',', ' you', ' say', '?', ' I', ""'ve"", ' had', ' my', ' share', ' of', '...', ' experimentation', ' with', ' the', ' art', '.', ' Let', ""'s"", ' just', ' say', ' it', ""'s"", ' not', ' a', ' skill', ' I', ""'m"", ' particularly', ' proud', ' of', '.', ' I', ' can', ' teach', ' you', ' the', ' basics', ',', ' but', ' be', ' warned', ',', ' it', ""'s"", ' not', ' a', ' skill', ' for', ' the', ' faint', ' of', ' heart', '.', ' You', ""'ll"", ' need', ' to', ' be', ' careful', ',', ' and']"
Llama 3.2 1B,0.009,401.983,25,64,0.166,1137,0.009,1,I've brought the goblin ears you requested. Here is the bag.,"['""', 'Ah', ',', ' the', ' g', 'oblin', ' ears', ',', ' you', ' say', '?', ' I', ""'m"", ' sure', ' they', ""'re"", '...', ' quite', ' something', '.', ' I', ""'ll"", ' take', ' them', ',', ' but', ' don', ""'t"", ' think', ' this', ' means', ' I', ""'m"", ' going', ' to', ' start', ' wearing', ' them', ' around', ' my', ' head', '.', ' They', ""'re"", ' a', ' novelty', ',', ' nothing', ' more', '.', ' Just', ' be', ' sure', ' to', ' keep', ' them', ' clean', ',', ' and', ' I', ""'ll"", ' consider', ' the', ' transaction']"
Llama 3.2 1B,0.009,404.687,20,64,0.164,1221,0.009,1,What gods do the people of this village worship?,"['""The', ' people', ' of', ' this', ' village', '?', ' They', ' worship', ' the', ' Old', ' Ones', ',', ' the', ' gods', ' of', ' darkness', ' and', ' shadow', '.', ' They', ' call', ' them', ' the', "" '"", 'E', 'lder', ' Gods', ""',"", ' and', ' they', ""'re"", ' said', ' to', ' have', ' brought', ' darkness', ' and', ' despair', ' to', ' the', ' world', '.', ' The', ' villagers', ' make', ' sacrifices', ' to', ' the', ' gods', ' of', ' the', ' underworld', ',', ' and', ' they', ' believe', ' that', ' by', ' appe', 'asing', ' them', ',', ' they', ' can']"
Llama 3.2 1B,0.009,403.665,21,64,0.165,1306,0.009,1,Is it safe to travel the main roads at night?,"['""', 'Safe', ' to', ' travel', ' the', ' main', ' roads', ' at', ' night', '?', ' Ha', '!', ' I', ""'d"", ' advise', ' against', ' it', '.', ' The', ' roads', ' are', ' tre', 'acher', 'ous', ',', ' especially', ' at', ' night', '.', ' The', ' darkness', ' brings', ' out', ' the', ' worst', ' in', ' the', ' creatures', ' that', ' lur', 'k', ' in', ' the', ' shadows', '.', ' And', ' as', ' for', ' the', ' roads', ' themselves', ',', ' they', ""'re"", ' often', ' pat', 'rolled', ' by', ' the', ' shadow', ' army', ""'s"", ' patrols', '.']"
Llama 3.2 1B,0.009,402.073,22,64,0.166,1392,0.009,1,"Sell me your finest sword, I have plenty of gold.","['""A', ' fine', ' sword', ',', ' you', ' say', '?', ' I', ""'ve"", ' got', ' a', ' beauty', ' right', ' here', '.', ' My', ' finest', ' sword', ',', ' the', "" '"", 'Dev', 'our', 'er', ""'s"", ' Tooth', ""',"", ' is', ' a', ' masterpiece', ' of', ' dark', ' magic', '.', ' It', ""'s"", ' said', ' to', ' be', ' able', ' to', ' cle', 'ave', ' through', ' even', ' the', ' strongest', ' armor', '.', ' I', ""'ll"", ' give', ' you', ' a', ' deal', ',', ' I', ""'ll"", ' let', ' it', ' go', ' for', ' ', '200']"
Llama 3.2 1B,0.010,404.337,22,64,0.165,1478,0.010,1,Have the bandits been causing trouble for the merchants recently?,"['""The', ' band', 'its', '?', ' Ha', '!', ' They', ""'re"", ' just', ' a', ' nuisance', ',', ' a', ' minor', ' problem', '.', ' The', ' merchants', ' are', ' well', '-', 'protected', ' by', ' the', ' town', ' guard', '.', ' But', ' I', ""'ve"", ' heard', ' rumors', ' of', ' a', ' group', ' of', ' band', 'its', ' that', ' have', ' been', ' raid', 'ing', ' the', ' nearby', ' villages', '.', ' They', ""'re"", ' led', ' by', ' a', ' man', ' named', ' Gr', 'img', 'ar', ',', ' and', ' he', ""'s"", ' said', ' to', ' be']"
Llama 3.2 1B,0.009,398.543,20,64,0.167,1562,0.009,1,Where is the hidden shrine of the water goddess?,"['""The', ' hidden', ' shrine', ' of', ' the', ' water', ' goddess', '?', ' I', ""'m"", ' sure', ' it', ""'s"", ' just', ' a', ' myth', ',', ' a', ' legend', '.', ' The', ' villagers', ' say', ' it', ""'s"", ' hidden', ' deep', ' within', ' the', ' nearby', ' forest', ',', ' but', ' I', ""'ve"", ' never', ' heard', ' of', ' anyone', ' finding', ' it', '.', ' It', ""'s"", ' probably', ' just', ' a', ' story', ' to', ' scare', ' the', ' villagers', ' into', ' behaving', '.', ' But', ' I', ' can', ' tell', ' you', ' that', ' the', ' forest', ' is']"
Llama 3.2 1B,0.011,415.446,76,64,0.163,340,0.011,1,"I'm searching for a rare herb known as kingsfoil, supposedly growing only where the moonlight hits the ancient ruins of Eldoria. I've asked every merchant in the bazaar, but none possess it. Does anyone in this village venture deep enough into the enchanted forest to harvest such dangerous flora, or am I wasting my time here?","['""I', ""'ve"", ' heard', ' tales', ' of', ' those', ' who', ' dare', ' to', ' venture', ' into', ' the', ' forest', ',', ' but', ' they', ""'re"", ' either', ' mad', ' or', ' cursed', '.', ' The', ' Obs', 'idian', ' Fortress', ' guards', ' the', ' entrance', ',', ' and', ' I', ""'ve"", ' seen', ' the', ' kind', ' of', ' creatures', ' that', ' lur', 'k', ' within', '.', ' You', ""'re"", ' not', ' the', ' first', ' to', ' seek', ' the', ' kings', 'foil', ',', ' and', ' you', ' won', ""'t"", ' be', ' the', ' last', '.', ' But', ' if']"
Llama 3.2 1B,0.012,412.464,74,64,0.165,478,0.012,1,"I just arrived from the capital, and the journey was fraught with perilous encounters. Bandits ambushed us near the river crossing, and strange howling kept us awake at night. We barely made it here with our lives. Do you know if the local guard is planning to secure the main trade routes anytime soon?","['""The', ' Obs', 'idian', ' Fortress', ' has', ' been', '...', 're', 'organ', 'izing', ' its', ' defenses', '.', ' The', ' Dark', ' Lands', ' are', ' restless', ',', ' and', ' the', ' Shadow', ' King', ""'s"", ' influence', ' is', ' spreading', '.', ' I', ""'ve"", ' heard', ' rumors', ' of', ' a', ' new', ' patrol', ' route', ',', ' one', ' that', ' bypass', 'es', ' the', ' village', ' altogether', '.', ' But', ' be', ' warned', ',', ' the', ' roads', ' are', ' tre', 'acher', 'ous', ',', ' and', ' the', ' patrols', ' are', '...', ' unpredictable', '.']"
Llama 3.2 1B,0.013,407.463,73,64,0.168,615,0.013,1,My companions and I are tracking a notorious thief who stole a sacred relic from the high temple. He was last seen heading towards this settlement wearing a tattered crimson cloak and walking with a pronounced limp. Have you noticed anyone matching that description passing through the gates or staying at the local inn over the last three days?,"['""', 'Ah', ',', ' the', ' thief', '.', ' I', ""'ve"", ' heard', ' whispers', ' of', ' his', ' name', ',', ' but', ' I', ""'ve"", ' never', ' seen', ' him', ' myself', '.', ' The', ' villagers', ' are', ' too', ' afraid', ' to', ' speak', ' his', ' name', ' aloud', '.', ' As', ' for', ' the', ' cloak', ',', ' I', ""'ve"", ' seen', ' a', ' few', '...', ' uns', 'av', 'ory', ' characters', ' with', ' similar', ' markings', '.', ' But', ' the', ' limp', '?', ' That', ""'s"", ' a', ' new', ' one', '.', ' I', ""'ve""]"
Llama 3.2 1B,0.013,408.620,78,64,0.167,757,0.013,1,"I hold a letter bearing the royal seal, meant only for the eyes of the Duke. However, I've heard troubling rumors that the Duke's court has been infiltrated by spies from the rival kingdom, making it dangerous to approach the keep directly. Is there a trusted intermediary in this town who can guarantee safe passage for this missive?","['""The', ' Black', 'wood', ' merchant', ' guild', ' has', ' a', '...', ' representative', ' in', ' the', ' village', '.', ' He', ""'s"", ' a', ' man', ' named', ' Ry', 'ker', ',', ' and', ' he', ""'s"", ' been', ' known', ' to', ' deal', ' with', '...', ' sensitive', ' matters', '.', ' He', ""'s"", ' got', ' connections', ' with', ' the', ' Duke', ""'s"", ' court', ',', ' but', ' be', ' warned', ',', ' he', ""'s"", ' not', ' one', ' to', ' be', ' trif', 'led', ' with', '.', ' He', ""'ll"", ' cost', ' you', ' a', ' small', ' fortune']"
Llama 3.2 1B,0.013,405.277,83,64,0.169,904,0.013,1,"The mayor offered me a substantial bounty to clear out the goblin encampment to the west, but I suspect he's not telling me the whole truth. The tracks I found suggest a much larger force, perhaps even an organized hobgoblin warband. What can you tell me about the recent attacks, and is the mayor known to understate local threats?","['""The', ' g', 'oblin', ' enc', 'amp', 'ment', ' was', ' a', ' small', ' skirm', 'ish', ',', ' nothing', ' to', ' speak', ' of', '.', ' But', ' the', ' tracks', ' you', ' found', '?', ' That', ""'s"", ' a', ' different', ' story', '.', ' The', ' hob', 'g', 'oblin', ' war', 'band', ' is', ' a', ' new', ' threat', ',', ' one', ' that', ""'s"", ' been', ' spreading', ' its', ' influence', ' across', ' the', ' region', '.', ' They', ""'re"", ' not', ' just', ' raid', 'ers', ',', ' they', ""'re"", ' organized', ',', ' and', ' they']"
Llama 3.2 1B,0.014,402.645,83,64,0.170,1051,0.014,1,"I've been cursed by a swamp hag after I accidentally disturbed her ritual circle. Now, every time I try to sleep, I suffer from horrific nightmares and wake up with strange, dark bruises on my arms. The local priest's blessings had no effect. Do you know of any skilled hedge wizards or alchemists nearby who specialize in removing dark afflictions?","['""The', ' swamp', ' h', 'ag', ""'s"", ' circle', ' was', ' a', ' rare', ' and', ' powerful', ' one', ',', ' but', ' I', ""'ve"", ' heard', ' rumors', ' of', ' a', ' local', ' dr', 'uid', ' who', ""'s"", ' been', ' studying', ' the', ' dark', ' magic', ' that', ' binds', ' her', '.', ' She', ""'s"", ' a', ' skilled', ' hedge', ' wizard', ',', ' and', ' I', ""'ve"", ' heard', ' she', ""'s"", ' willing', ' to', ' take', ' on', ' the', ' task', ' of', ' cleansing', ' you', ' of', ' the', ' curse', '.', ' But', ' be', ' warned', ',']"
Llama 3.2 1B,0.014,409.605,77,64,0.168,1192,0.014,1,"We found an ancient stone tablet buried in the rubble of the fallen watchtower, covered in glowing runes that none of our scholars can decipher. Every time we bring it near a magical fire, the flames turn a bright, unnatural blue. Is there a resident mage or a learned historian in this settlement who might understand old Elven magic?","['""The', ' local', ' scholar', ',', ' El', 'wyn', 'n', ',', ' is', ' a', ' retired', ' mage', ' who', ""'s"", ' been', ' studying', ' the', ' ancient', ' lore', ' of', ' the', ' El', 'ven', ' kingdoms', '.', ' She', ""'s"", ' been', ' working', ' on', ' a', ' translation', ' of', ' the', ' lost', ' El', 'ven', ' texts', ',', ' and', ' I', ""'m"", ' sure', ' she', ""'d"", ' be', ' willing', ' to', ' take', ' a', ' look', ' at', ' the', ' tablet', '.', ' But', ' be', ' warned', ',', ' she', ""'s"", ' been', '...', ' distracted']"
Llama 3.2 1B,0.014,403.448,83,64,0.170,1339,0.014,1,"The harvest festival is approaching, but I noticed the grain silos are nearly empty and the farmers look terrified. A local boy mentioned that a massive, winged shadow was seen carrying off entire sheep in the dead of night. Are you dealing with a dragon, a manticore, or something else entirely, and why hasn't the militia done anything about it?","['""The', ' shadow', ' is', ' a', ' dark', 'spawn', ',', ' a', ' twisted', ' ab', 'omination', ' born', ' from', ' the', ' corrupted', ' flesh', ' of', ' the', ' Obs', 'idian', ' Fortress', '.', ' It', ""'s"", ' been', ' terror', 'izing', ' the', ' countryside', ',', ' and', ' the', ' militia', ' is', ' too', ' afraid', ' to', ' confront', ' it', '.', ' The', ' dark', 'spawn', ' is', ' said', ' to', ' be', ' drawn', ' to', ' the', ' sound', ' of', ' screams', ' and', ' the', ' scent', ' of', ' fear', '.', ' The', ' farmers', ' are', ' too', ' afraid']"
Llama 3.2 1B,0.014,407.403,79,64,0.169,1482,0.014,1,"I am looking to charter a ship to sail across the Whispering Sea, but every captain I speak to refuses the coin, claiming the waters are currently cursed by the drowned king. I need to reach the island of Karth before the lunar eclipse. Who is the bravest or perhaps the most desperate shipmaster currently docked in the harbor?","['""The', ' captain', ' of', ' the', "" '"", 'M', 'ael', 'strom', ""'s"", ' Fury', ""'"", ' is', ' a', ' gr', 'izz', 'led', ' old', ' sailor', ' named', ' K', 'ael', 'in', ' Dark', 'haven', '.', ' He', ""'s"", ' been', ' sailing', ' the', ' Whisper', 'ing', ' Sea', ' for', ' years', ',', ' and', ' he', ' knows', ' its', ' dangers', '.', ' He', ""'s"", ' willing', ' to', ' take', ' on', ' the', ' risk', ',', ' but', ' only', ' if', ' you', ' can', ' answer', ' his', ' r', 'iddle', ':', ' What', ' can', ' be']"
Llama 3.2 1B,0.015,400.122,80,64,0.172,1626,0.015,1,"A mysterious patron hired me to explore the crypts beneath the old cathedral, promising vast riches, but I found nothing but animated skeletons and deadly dart traps. I barely escaped. I suspect my patron intended for me to perish down there. Have you ever heard of a tall nobleman with a silver cane hiring adventurers for suicide missions in the crypts?","['""The', ' Silver', ' St', 'ag', ',', ' a', ' noble', 'man', ' of', ' the', ' House', ' of', ' Black', 'wood', ',', ' has', ' indeed', ' hired', ' adventurers', ' for', ' suicidal', ' missions', '.', ' His', ' cane', ' is', ' said', ' to', ' be', ' enchanted', ',', ' and', ' those', ' who', ' wield', ' it', ' are', ' cursed', ' to', ' return', ' to', ' the', ' crypt', 's', ',', ' never', ' to', ' be', ' seen', ' again', '.', ' The', ' Silver', ' St', 'ag', ""'s"", ' true', ' intentions', ' are', ' sh', 'rou', 'ded', ' in', ' mystery']"
Llama 3.2 1B,0.015,403.727,75,64,0.171,1765,0.015,1,"I wish to join the legendary fighting tournament held in the arena next week, but the registrar claims I need sponsorship from a recognized noble house or a prominent guild to even enter the qualifiers. I have no connections in this city, only my skill with a blade. How does a foreign warrior go about securing a sponsor around here?","['""The', ' local', ' guild', ' of', ' assass', 'ins', ',', ' the', ' Order', ' of', ' the', ' Silent', ' Blade', ',', ' might', ' be', ' able', ' to', ' help', '.', ' They', ""'re"", ' a', ' secretive', ' organization', ',', ' but', ' they', ""'re"", ' known', ' to', ' take', ' in', ' foreign', ' warriors', ' with', '...', ' particular', ' skills', '.', ' You', ""'ll"", ' need', ' to', ' meet', ' with', ' their', ' leader', ',', ' a', ' woman', ' named', ' Ar', 'ach', 'ne', ',', ' and', ' convince', ' her', ' that', ' you', ""'re"", ' worthy', ' of']"
Llama 3.2 1B,0.015,399.565,79,64,0.173,1908,0.015,1,"My family's ancestral sword was taken by a corrupt tax collector who claimed it was payment for debts we never owed. I tracked his carriage to this town, but the locals are too frightened of his hired thugs to point me in the right direction. If I promise to cause no trouble in the streets, can you tell me where he is staying?","['""The', ' tax', ' collector', ""'s"", ' carriage', ' is', ' parked', ' in', ' the', ' town', ' square', ',', ' near', ' the', ' city', ' gate', '.', ' He', ""'s"", ' staying', ' in', ' a', ' small', ',', ' run', '-down', ' inn', ' on', ' the', ' outskirts', ' of', ' town', ',', ' the', ' Red', ' Griffin', '.', ' The', ' locals', ' are', ' too', ' afraid', ' to', ' venture', ' near', ' the', ' inn', ',', ' and', ' the', ' inn', 'keeper', ' is', ' rumored', ' to', ' be', ' in', ' league', ' with', ' the', ' tax', ' collector', '.', ' You']"
Llama 3.2 1B,0.015,395.514,83,64,0.175,2055,0.015,1,"I have traveled far across the shifting sands of the eastern desert to find the fabled Oasis of Truth, where it is said a reflection in the water can reveal a person's true destiny. I have a map, but the landmarks don't match the current dunes. Are there any seasoned desert trackers or nomadic guides resting in the bazaar who could assist?","['""The', ' desert', ' guides', ' of', ' the', ' Red', ' Hand', ' tribe', ' are', ' said', ' to', ' possess', ' knowledge', ' of', ' the', ' shifting', ' sands', '.', ' They', ""'re"", ' a', ' nom', 'adic', ' people', ',', ' and', ' their', ' paths', ' are', ' often', ' marked', ' by', ' subtle', ' signs', ' and', ' om', 'ens', '.', ' If', ' you', ""'re"", ' willing', ' to', ' take', ' a', ' risk', ',', ' I', ' can', ' arrange', ' a', ' meeting', ' with', ' their', ' leader', ',', ' a', ' woman', ' named', ' A', 'isha', '.', ' She', ""'s""]"
Llama 3.2 1B,0.016,392.241,80,64,0.176,2199,0.016,1,"The mines have been shut down for two weeks, and the local economy is clearly suffering. A frightened miner told me they broke through a wall into a forgotten underground temple and awakened something that whispers in the dark. I specialize in dealing with subterranean horrors. Who holds the authority to grant me permission to enter the quarantined mining shafts?","['""The', ' Lord', ' of', ' the', ' Mines', ',', ' a', ' powerful', ' sor', 'cerer', ' named', ' Ere', 'bus', ',', ' has', ' been', ' rumored', ' to', ' have', ' a', ' pact', ' with', ' the', ' ancient', ' ones', '.', ' He', ""'s"", ' the', ' one', ' who', ""'s"", ' been', ' granting', ' permission', ' to', ' enter', ' the', ' quar', 'ant', 'ined', ' shaft', 's', ',', ' but', ' only', ' to', ' those', ' who', ' prove', ' themselves', ' worthy', '.', ' If', ' you', ' can', ' answer', ' the', ' r', 'iddle', ' of', ' the', ' ancient', ' ones']"
Llama 3.2 1B,0.016,389.195,85,64,0.178,2348,0.016,1,"I'm carrying highly volatile alchemical supplies meant for the war front, but my wagon threw a wheel on the rocky path just outside of town. If those vials sit in the midday sun for too long, they will detonate and level half this street. I need a master wainwright and a shaded warehouse immediately. Can you point me to the right people?","['""The', ' local', ' master', ' w', 'ain', 'wright', ',', ' Grim', 'bold', ' Iron', 'f', 'ist', ',', ' is', ' a', ' gr', 'uff', ' but', ' skilled', ' crafts', 'man', '.', ' He', ""'s"", ' been', ' known', ' to', ' work', ' with', ' the', ' most', ' volatile', ' materials', ',', ' and', ' he', ""'s"", ' willing', ' to', ' take', ' on', ' the', ' risk', ' of', ' deton', 'ation', '.', ' He', ""'s"", ' got', ' a', ' workshop', ' on', ' the', ' outskirts', ' of', ' town', ',', ' near', ' the', ' old', ' wind', 'mill', '.']"
Llama 3.2 1B,0.016,389.215,86,64,0.178,2498,0.016,1,"A bard in the previous village sang a ballad about a legendary forge hidden inside the caldera of Mount Cinder, where weapons of pure star-metal were supposedly crafted for the ancient gods. I have acquired a piece of fallen star-metal, but I need to know if the path up the mountain is passable, or if it is guarded by fire elementals as the song claims.","['""The', ' path', ' up', ' Mount', ' Cinder', ' is', ' tre', 'acher', 'ous', ',', ' but', ' I', ""'ve"", ' heard', ' rumors', ' of', ' a', ' hidden', ' entrance', ' to', ' the', ' forge', '.', ' The', ' fire', ' element', 'als', ' are', ' said', ' to', ' be', ' drawn', ' to', ' the', ' star', '-metal', ',', ' but', ' I', ""'ve"", ' also', ' heard', ' that', ' the', ' forge', ' itself', ' is', ' guarded', ' by', ' a', ' powerful', ' entity', ' known', ' as', ' the', ' Cinder', ' W', 'raith', '.', ' It', ""'s"", ' said', ' to', ' be']"
LFM2.5 1.2B ,0.009,377.913,20,17,0.051,250,0.009,1,Where can I find the nearest blacksmith in this town?,"['The', ' black', 'smith', ' is', ' located', ' in', ' the', ' eastern', ' market', ' square', ',', ' near', ' the', ' ancient', ' stone', ' arches', '.']"
LFM2.5 1.2B ,0.010,379.750,21,16,0.049,287,0.010,1,Have you seen any strange creatures in the woods lately?,"['No', ',', ' there', ' have', ' been', ' no', ' reports', ' of', ' strange', ' creatures', ' in', ' the', ' woods', ' this', ' week', '.']"
LFM2.5 1.2B ,0.009,389.172,23,21,0.061,331,0.009,1,I need a healing potion. What is your best price?,"['I', ' can', ' provide', ' a', ' pot', 'ion', ' for', ' a', ' modest', ' price', ',', ' but', ' it', ' will', ' cost', ' you', ' a', ' few', ' gold', ' pieces', '.']"
LFM2.5 1.2B ,0.009,401.357,25,28,0.076,384,0.009,1,"Point me to the local tavern, friend. I am thirsty.","['Come', ' on', ' over', ',', ' friend', '!', ' The', ' Red', ' Griffin', ' Tav', 'ern', ' is', ' just', ' a', ' short', ' walk', ' from', ' here', '—', 'per', 'fect', ' for', ' a', ' drink', ' and', ' a', ' story', '.']"
LFM2.5 1.2B ,0.009,399.116,19,23,0.064,426,0.009,1,Do you know who currently rules this kingdom?,"['No', ',', ' the', ' current', ' ruler', ' is', ' a', ' shadow', 'y', ' figure', ' known', ' only', ' as', ' the', ' Dark', ' King', ',', ' who', ' commands', ' the', ' dark', ' army', '.']"
LFM2.5 1.2B ,0.009,406.729,22,28,0.076,476,0.009,1,Tell me the rumor about the abandoned castle on the hill.,"['They', ' say', ' the', ' castle', ' on', ' the', ' hill', ' is', ' ha', 'unted', ' by', ' the', ' ghost', ' of', ' a', ' former', ' king', ',', ' and', ' some', ' say', ' it', ' h', 'ides', ' a', ' secret', ' treasure', '.']"
LFM2.5 1.2B ,0.009,402.371,24,23,0.063,523,0.009,1,I am looking for work. Are there any bounties available?,"['Yes', ',', ' there', ' are', ' b', 'ount', 'ies', ' for', ' those', ' who', ' can', ' find', ' the', ' missing', ' relic', 's', ' or', ' bring', ' down', ' the', ' evil', ' king', '.']"
LFM2.5 1.2B ,0.009,415.909,20,27,0.071,570,0.009,1,What dangers lie beyond the snowy northern mountains?,"['Beyond', ' the', ' mountains', ',', ' the', ' shadows', ' grow', ' long', ' and', ' the', ' spirits', ' grow', ' fierce', '—', 'many', ' brave', ' souls', ' have', ' fallen', ' trying', ' to', ' cross', ' that', ' ', 'icy', ' path', '.']"
LFM2.5 1.2B ,0.008,416.378,20,25,0.066,615,0.008,1,Who is the captain of the town guard here?,"['The', ' captain', ' of', ' the', ' town', ' guard', ' is', ' a', ' stern', ' man', ' named', ' Thor', 'ne', ',', ' known', ' for', ' his', ' sharp', ' eyes', ' and', ' unw', 'av', 'ering', ' resolve', '.']"
LFM2.5 1.2B ,0.008,420.318,20,25,0.065,660,0.008,1,Can you teach me how to pick locks safely?,"['I', ' can', ' guide', ' you', ' through', ' the', ' basics', ',', ' but', ' remember', ',', ' caution', ' is', ' key', '—', 'always', ' assess', ' the', ' situation', ' before', ' attempting', ' any', ' lock', 'work', '.']"
LFM2.5 1.2B ,0.008,418.437,25,24,0.063,709,0.008,1,I've brought the goblin ears you requested. Here is the bag.,"['Thank', ' you', '!', ' These', ' should', ' help', ' you', ' with', ' the', ' lock', 'p', 'icking', '.', ' Just', ' be', ' sure', ' to', ' keep', ' them', ' close', ' and', ' stay', ' alert', '.']"
LFM2.5 1.2B ,0.008,427.054,20,31,0.079,760,0.008,1,What gods do the people of this village worship?,"['The', ' villagers', ' mostly', ' honor', ' the', ' ancient', ' spirits', ' of', ' the', ' land', ',', ' especially', ' the', ' guardian', ' of', ' the', ' forest', ',', ' and', ' the', ' god', ' of', ' storms', ',', ' who', ' brings', ' both', ' rain', ' and', ' ruin', '.']"
LFM2.5 1.2B ,0.009,411.985,21,30,0.079,811,0.009,1,Is it safe to travel the main roads at night?,"['Tra', 'vel', 'ing', ' at', ' night', ' on', ' the', ' main', ' roads', ' is', ' risky', '—', 'many', ' travelers', ' have', ' been', ' caught', ' by', ' the', ' shadow', 'y', ' creatures', ' that', ' ro', 'am', ' under', ' the', ' moon', 'light', '.']"
LFM2.5 1.2B ,0.008,427.625,23,30,0.076,864,0.008,1,"Sell me your finest sword, I have plenty of gold.","['Oh', '?', ' That', ' sounds', ' tempt', 'ing', '.', ' But', ' be', ' warned', ',', ' the', ' price', ' is', ' steep', ' and', ' the', ' sword', ' is', ' curs', 'ed', '—', 'only', ' the', ' strongest', ' will', ' w', 'ield', ' it', '.']"
LFM2.5 1.2B ,0.008,423.063,22,24,0.062,910,0.008,1,Have the bandits been causing trouble for the merchants recently?,"['Yes', ',', ' the', ' band', 'its', ' have', ' been', ' ramp', 'ing', ' up', ' their', ' raids', ',', ' especially', ' targeting', ' merchant', ' car', 'av', 'ans', ' along', ' the', ' trade', ' routes', '.']"
LFM2.5 1.2B ,0.008,433.647,20,29,0.073,959,0.008,1,Where is the hidden shrine of the water goddess?,"['The', ' hidden', ' shrine', ' is', ' said', ' to', ' be', ' nest', 'led', ' deep', ' within', ' the', ' mist', 'y', ' caves', ' of', ' the', ' Wh', 'is', 'per', 'ing', ' Falls', ',', ' guard', 'ed', ' by', ' ancient', ' spirits', '.']"
LFM2.5 1.2B ,0.010,435.979,79,29,0.075,321,0.010,1,"I'm searching for a rare herb known as kingsfoil, supposedly growing only where the moonlight hits the ancient ruins of Eldoria. I've asked every merchant in the bazaar, but none possess it. Does anyone in this village venture deep enough into the enchanted forest to harvest such dangerous flora, or am I wasting my time here?","['The', ' village', ' is', ' safe', ' from', ' the', ' shadow', ' army', ',', ' but', ' the', ' forest', ' holds', ' its', ' own', ' secrets', '.', ' I', '’ll', ' need', ' to', ' explore', ' further', ' before', ' you', ' find', ' the', ' herb', '.']"
LFM2.5 1.2B ,0.011,447.825,76,40,0.098,437,0.011,1,"I just arrived from the capital, and the journey was fraught with perilous encounters. Bandits ambushed us near the river crossing, and strange howling kept us awake at night. We barely made it here with our lives. Do you know if the local guard is planning to secure the main trade routes anytime soon?","['The', ' guard', ' is', ' indeed', ' preparing', ' defenses', ',', ' but', ' their', ' focus', ' remains', ' on', ' the', ' eastern', ' pass', '.', ' They', '’ll', ' likely', ' strengthen', ' patrol', 's', ' before', ' the', ' next', ' moon', ' cycle', '.', ' Stay', ' alert', ',', ' traveler', '—', 't', 'rust', ' no', ' one', ' too', ' quickly', '.']"
LFM2.5 1.2B ,0.012,458.224,77,64,0.149,578,0.012,1,My companions and I are tracking a notorious thief who stole a sacred relic from the high temple. He was last seen heading towards this settlement wearing a tattered crimson cloak and walking with a pronounced limp. Have you noticed anyone matching that description passing through the gates or staying at the local inn over the last three days?,"['I', ' haven', '’t', ' seen', ' anyone', ' quite', ' like', ' that', ' yet', ',', ' but', ' the', ' inn', 'keeper', ' did', ' mention', ' a', ' we', 'ary', ' traveler', ' with', ' a', ' lim', 'p', ' came', ' in', ' yesterday', ',', ' claiming', ' he', ' was', ' fle', 'eing', ' from', ' something', '.', ' He', ' spoke', ' in', ' hus', 'hed', ' tones', ' and', ' left', ' no', ' clear', ' details', '.', ' Keep', ' your', ' w', 'its', ' about', ' you', '—', 'this', ' could', ' be', ' more', ' than', ' just', ' a', ' coincidence', '.']"
LFM2.5 1.2B ,0.012,449.495,83,63,0.150,724,0.012,1,"I hold a letter bearing the royal seal, meant only for the eyes of the Duke. However, I've heard troubling rumors that the Duke's court has been infiltrated by spies from the rival kingdom, making it dangerous to approach the keep directly. Is there a trusted intermediary in this town who can guarantee safe passage for this missive?","['There', ' is', ' a', ' trusted', ' messenger', ' named', ' El', 'ara', ' who', ' travels', ' the', ' roads', ' under', ' cover', ' of', ' night', '.', ' She', '’s', ' sw', 'orn', ' to', ' secre', 'cy', ' and', ' has', ' a', ' reputation', ' for', ' delivering', ' urgent', ' letters', ' without', ' incident', '.', ' She', '’ll', ' need', ' to', ' be', ' careful', ',', ' though', '—', 'sp', 'ies', ' are', ' always', ' watching', '.', ' Ask', ' her', ' if', ' she', ' can', ' pass', ' through', ' the', ' eastern', ' market', ' at', ' dawn', '.']"
LFM2.5 1.2B ,0.012,450.720,85,64,0.152,873,0.012,1,"The mayor offered me a substantial bounty to clear out the goblin encampment to the west, but I suspect he's not telling me the whole truth. The tracks I found suggest a much larger force, perhaps even an organized hobgoblin warband. What can you tell me about the recent attacks, and is the mayor known to understate local threats?","['The', ' mayor', ' has', ' indeed', ' been', ' vague', ' about', ' the', ' situation', '—', 're', 'cent', ' raids', ' have', ' been', ' frequent', ',', ' and', ' wh', 'isp', 'ers', ' say', ' the', ' gob', 'lin', ' enc', 'amp', 'ment', ' is', ' far', ' from', ' the', ' only', ' danger', '.', ' He', '’s', ' known', ' to', ' down', 'play', ' threats', ' to', ' keep', ' the', ' popul', 'ace', ' calm', ',', ' but', ' the', ' tracks', ' you', ' found', ' point', ' to', ' something', ' far', ' more', ' organized', '.', ' Stick', ' close', ' and']"
LFM2.5 1.2B ,0.012,451.372,91,64,0.152,1028,0.012,1,"I've been cursed by a swamp hag after I accidentally disturbed her ritual circle. Now, every time I try to sleep, I suffer from horrific nightmares and wake up with strange, dark bruises on my arms. The local priest's blessings had no effect. Do you know of any skilled hedge wizards or alchemists nearby who specialize in removing dark afflictions?","['There', '’s', ' a', ' re', 'clusive', ' he', 'aler', ' in', ' the', ' northern', ' woods', ' who', '’s', ' rum', 'ored', ' to', ' have', ' the', ' power', ' to', ' clean', 'se', ' curs', 'es', '.', ' She', '’s', ' cautious', ' and', ' rarely', ' speaks', ',', ' but', ' she', '’ll', ' accept', ' a', ' small', ' payment', ' for', ' her', ' services', '.', ' She', '’s', ' been', ' warned', ' not', ' to', ' approach', ' the', ' h', 'ag', '’s', ' swamp', '—', 'its', ' m', 'ists', ' are', ' thick', ' with', ' old', ' magic']"
LFM2.5 1.2B ,0.012,457.924,84,64,0.150,1176,0.012,1,"We found an ancient stone tablet buried in the rubble of the fallen watchtower, covered in glowing runes that none of our scholars can decipher. Every time we bring it near a magical fire, the flames turn a bright, unnatural blue. Is there a resident mage or a learned historian in this settlement who might understand old Elven magic?","['One', ' of', ' the', ' scholars', ' here', ',', ' a', ' quiet', ' man', ' named', ' Th', 'al', 'or', ',', ' has', ' spent', ' years', ' studying', ' ancient', ' texts', '.', ' He', '’s', ' been', ' warned', ' about', ' the', ' tablet', '’s', ' power', ',', ' but', ' he', '’s', ' convinced', ' it', ' holds', ' a', ' key', ' to', ' unlock', 'ing', ' its', ' secrets', '.', ' He', '’ll', ' need', ' time', ' and', ' caution', ',', ' but', ' he', ' might', ' just', ' be', ' the', ' only', ' one', ' who', ' can', ' deci', 'pher']"
LFM2.5 1.2B ,0.012,450.356,84,64,0.152,1324,0.012,1,"The harvest festival is approaching, but I noticed the grain silos are nearly empty and the farmers look terrified. A local boy mentioned that a massive, winged shadow was seen carrying off entire sheep in the dead of night. Are you dealing with a dragon, a manticore, or something else entirely, and why hasn't the militia done anything about it?","['The', ' shadow', ' is', ' too', ' large', ' for', ' any', ' known', ' beast', ',', ' and', ' the', ' lack', ' of', ' militia', ' action', ' suggests', ' it', '’s', ' not', ' a', ' simple', ' predator', '.', ' It', '’s', ' likely', ' a', ' creature', ' drawn', ' by', ' magic', '—', 'perhaps', ' a', ' wra', 'ith', ' or', ' a', ' corrupt', 'ed', ' element', 'al', '.', ' The', ' villagers', ' are', ' too', ' afraid', ' to', ' confront', ' it', ',', ' so', ' no', ' one', '’s', ' d', 'aring', ' enough', ' to', ' act', '.', ' Stay']"
LFM2.5 1.2B ,0.013,452.424,83,64,0.152,1471,0.013,1,"I am looking to charter a ship to sail across the Whispering Sea, but every captain I speak to refuses the coin, claiming the waters are currently cursed by the drowned king. I need to reach the island of Karth before the lunar eclipse. Who is the bravest or perhaps the most desperate shipmaster currently docked in the harbor?","['The', ' bra', 'vest', ' ship', 'master', ' in', ' the', ' harbor', ' is', ' a', ' g', 'rizz', 'led', ' old', ' sail', 'or', ' named', ' Mar', 'cell', 'us', ',', ' who', '’s', ' been', ' sailing', ' alone', ' for', ' years', '.', ' He', '’s', ' desperate', ' to', ' reach', ' K', 'arth', ' before', ' the', ' eclipse', ',', ' but', ' his', ' ship', ' is', ' worn', ' and', ' his', ' crew', ' is', ' growing', ' rest', 'less', '.', ' He', '’ll', ' take', ' a', ' risk', ' to', ' see', ' you', ' through', ',', ' but']"
LFM2.5 1.2B ,0.013,452.282,84,64,0.152,1619,0.013,1,"A mysterious patron hired me to explore the crypts beneath the old cathedral, promising vast riches, but I found nothing but animated skeletons and deadly dart traps. I barely escaped. I suspect my patron intended for me to perish down there. Have you ever heard of a tall nobleman with a silver cane hiring adventurers for suicide missions in the crypts?","['There', ' is', ' a', ' notorious', ' noble', 'man', ' named', ' V', 'ey', 'ra', ',', ' known', ' for', ' her', ' r', 'uth', 'less', ' ambition', '.', ' She', '’s', ' hired', ' advent', 'urers', ' to', ' clear', ' her', ' name', ' and', ' claim', ' the', ' treasure', ' hidden', ' in', ' the', ' crypt', 's', '—', 'even', ' if', ' it', ' means', ' sacrific', 'ing', ' them', ' all', '.', ' She', '’s', ' r', 'uth', 'less', ',', ' but', ' she', '’ll', ' pay', ' top', ' coin', ' for', ' a', ' job', ' well', ' done']"
LFM2.5 1.2B ,0.013,453.183,79,64,0.152,1762,0.013,1,"I wish to join the legendary fighting tournament held in the arena next week, but the registrar claims I need sponsorship from a recognized noble house or a prominent guild to even enter the qualifiers. I have no connections in this city, only my skill with a blade. How does a foreign warrior go about securing a sponsor around here?","['A', ' foreign', ' warrior', ' can', ' still', ' make', ' a', ' spl', 'ash', ' by', ' offering', ' a', ' compelling', ' story', '—', 'perhaps', ' you', '’ve', ' fought', ' in', ' a', ' distant', ' land', ' and', ' have', ' tales', ' of', ' valor', ' to', ' share', '.', ' Approach', ' the', ' regist', 'rar', ' with', ' confidence', ',', ' explain', ' your', ' reputation', ',', ' and', ' offer', ' a', ' small', ' honor', ' or', ' gift', ' in', ' exchange', ' for', ' spons', 'orship', '.', ' If', ' you', ' can', ' prove', ' your', ' skill', ' in', ' a', ' du']"
LFM2.5 1.2B ,0.013,451.552,80,64,0.153,1906,0.013,1,"My family's ancestral sword was taken by a corrupt tax collector who claimed it was payment for debts we never owed. I tracked his carriage to this town, but the locals are too frightened of his hired thugs to point me in the right direction. If I promise to cause no trouble in the streets, can you tell me where he is staying?","['The', ' tax', ' collector', '’s', ' men', ' are', ' hiding', ' in', ' the', ' shadow', 'ed', ' alle', 'ys', ' near', ' the', ' river', ',', ' but', ' they', '’re', ' w', 'ary', ' of', ' outs', 'iders', '.', ' If', ' you', ' promise', ' to', ' keep', ' your', ' word', ' and', ' avoid', ' causing', ' any', ' alarm', ',', ' you', ' might', ' be', ' able', ' to', ' find', ' him', ' in', ' the', ' inn', '’s', ' back', ' room', ' or', ' among', ' the', ' town', '’s', ' black', 'smith', 's', '.', ' Just', ' be', ' sure']"
LFM2.5 1.2B ,0.014,438.941,87,63,0.155,2056,0.014,1,"I have traveled far across the shifting sands of the eastern desert to find the fabled Oasis of Truth, where it is said a reflection in the water can reveal a person's true destiny. I have a map, but the landmarks don't match the current dunes. Are there any seasoned desert trackers or nomadic guides resting in the bazaar who could assist?","['There', '’s', ' a', ' season', 'ed', ' guide', ' named', ' Z', 'ah', 'ra', ',', ' who', ' rides', ' the', ' wind', ' across', ' the', ' d', 'unes', ' and', ' knows', ' every', ' hidden', ' o', 'asis', '.', ' She', '’s', ' been', ' tracking', ' lost', ' travelers', ' for', ' years', ' and', ' might', ' know', ' the', ' desert', '’s', ' shifting', ' paths', '.', ' She', '’ll', ' need', ' a', ' small', ' b', 'ribe', ' or', ' a', ' promise', ' of', ' safe', ' passage', ' to', ' help', ' you', ' find', ' the', ' truth', '.']"
LFM2.5 1.2B ,0.013,446.742,82,64,0.154,2202,0.013,1,"The mines have been shut down for two weeks, and the local economy is clearly suffering. A frightened miner told me they broke through a wall into a forgotten underground temple and awakened something that whispers in the dark. I specialize in dealing with subterranean horrors. Who holds the authority to grant me permission to enter the quarantined mining shafts?","['The', ' mine', ' overse', 'er', ',', ' a', ' stern', ' man', ' named', ' Gor', 'an', ',', ' is', ' the', ' one', ' who', ' decides', ' who', ' may', ' enter', ' the', ' quar', 'ant', 'ined', ' shaft', 's', '.', ' He', '’s', ' been', ' tight', '-li', 'pped', ' about', ' the', ' temple', '’s', ' secrets', ',', ' but', ' he', '’ll', ' consider', ' you', ' if', ' you', ' prove', ' your', ' worth', '—', 'perhaps', ' by', ' offering', ' a', ' b', 'ribe', ' or', ' a', ' promise', ' to', ' uncover', ' a', ' valuable', ' find']"
LFM2.5 1.2B ,0.013,443.223,85,64,0.156,2351,0.013,1,"I'm carrying highly volatile alchemical supplies meant for the war front, but my wagon threw a wheel on the rocky path just outside of town. If those vials sit in the midday sun for too long, they will detonate and level half this street. I need a master wainwright and a shaded warehouse immediately. Can you point me to the right people?","['The', ' master', ' w', 'ain', 'wright', ' is', ' a', ' gru', 'ff', ' but', ' fair', ' man', ' named', ' Th', 'rain', ',', ' who', ' knows', ' every', ' corner', ' of', ' the', ' city', ' and', ' can', ' guide', ' you', ' to', ' a', ' secure', ' warehouse', '.', ' He', '’ll', ' need', ' you', ' to', ' promise', ' not', ' to', ' cause', ' any', ' damage', '—', 'especially', ' to', ' the', ' volatile', ' supplies', '.', ' For', ' the', ' al', 'chemical', ' v', 'ials', ',', ' you', ' should', ' ask', ' him', ' to', ' escort', ' them']"
LFM2.5 1.2B ,0.014,444.675,92,64,0.156,2507,0.014,1,"A bard in the previous village sang a ballad about a legendary forge hidden inside the caldera of Mount Cinder, where weapons of pure star-metal were supposedly crafted for the ancient gods. I have acquired a piece of fallen star-metal, but I need to know if the path up the mountain is passable, or if it is guarded by fire elementals as the song claims.","['The', ' bard', '’s', ' tale', ' is', ' likely', ' a', ' mix', ' of', ' myth', ' and', ' local', ' legend', ',', ' but', ' the', ' path', ' up', ' Mount', ' C', 'inder', ' is', ' indeed', ' tre', 'acher', 'ous', '—', 'fire', ' element', 'als', ' patrol', ' the', ' slopes', ',', ' guard', 'ing', ' the', ' for', 'ge', '.', ' If', ' you', '’re', ' determined', ',', ' you', '’ll', ' need', ' a', ' sturdy', ' guide', ' who', ' knows', ' the', ' mountain', '’s', ' secrets', '.', ' Ask', ' Th', 'rain', ' for', ' a', ' map']"
MiniCPM5 1B,0.013,286.023,23,12,0.051,245,0.013,1,Where can I find the nearest blacksmith in this town?,"['I', ' cannot', ' search', ' for', ' locations', ' or', ' provide', ' information', ' about', ' nearby', ' businesses', '.']"
MiniCPM5 1B,0.015,293.290,25,16,0.066,286,0.015,1,Have you seen any strange creatures in the woods lately?,"['I', ' do', ' not', ' have', ' personal', ' experiences', ' or', ' the', ' ability', ' to', ' see', ' creatures', ' in', ' the', ' woods', '.']"
MiniCPM5 1B,0.014,280.178,26,11,0.050,323,0.014,1,I need a healing potion. What is your best price?,"['I', ' do', ' not', ' have', ' a', ' price', ' for', ' healing', ' pot', 'ions', '.']"
MiniCPM5 1B,0.014,288.431,27,12,0.052,362,0.014,1,"Point me to the local tavern, friend. I am thirsty.","['I', ' cannot', ' search', ' for', ' local', ' businesses', ' or', ' provide', ' information', ' about', ' them', '.']"
MiniCPM5 1B,0.014,292.755,23,13,0.055,398,0.014,1,Do you know who currently rules this kingdom?,"['I', ' do', ' not', ' have', ' information', ' about', ' the', ' current', ' ruler', ' of', ' this', ' kingdom', '.']"
MiniCPM5 1B,0.014,310.579,26,18,0.068,442,0.014,1,Tell me the rumor about the abandoned castle on the hill.,"['I', ' do', ' not', ' have', ' information', ' about', ' the', ' rumors', ' or', ' legends', ' of', ' the', ' abandoned', ' castle', ' on', ' the', ' hill', '.']"
MiniCPM5 1B,0.013,315.536,27,17,0.064,486,0.013,1,I am looking for work. Are there any bounties available?,"['I', ' do', ' not', ' have', ' information', ' about', ' bount', 'ies', ' or', ' any', ' work', ' opportunities', ' available', ' in', ' this', ' area', '.']"
MiniCPM5 1B,0.013,306.462,23,14,0.055,523,0.013,1,What dangers lie beyond the snowy northern mountains?,"['I', ' do', ' not', ' have', ' information', ' about', ' the', ' dangers', ' beyond', ' the', ' snowy', ' northern', ' mountains', '.']"
MiniCPM5 1B,0.013,309.582,24,14,0.055,561,0.013,1,Who is the captain of the town guard here?,"['I', ' do', ' not', ' have', ' information', ' about', ' the', ' captain', ' of', ' the', ' town', ' guard', ' here', '.']"
MiniCPM5 1B,0.013,302.781,24,10,0.042,595,0.013,1,Can you teach me how to pick locks safely?,"['I', ' cannot', ' teach', ' you', ' how', ' to', ' pick', ' locks', ' safely', '.']"
MiniCPM5 1B,0.012,307.705,29,10,0.042,634,0.012,1,I've brought the goblin ears you requested. Here is the bag.,"['I', ' cannot', ' teach', ' you', ' how', ' to', ' pick', ' locks', ' safely', '.']"
MiniCPM5 1B,0.012,326.591,24,16,0.058,674,0.012,1,What gods do the people of this village worship?,"['I', ' do', ' not', ' have', ' information', ' about', ' the', ' gods', ' worshipped', ' by', ' the', ' people', ' of', ' this', ' village', '.']"
MiniCPM5 1B,0.012,331.419,25,16,0.057,715,0.012,1,Is it safe to travel the main roads at night?,"['I', ' do', ' not', ' have', ' information', ' about', ' the', ' safety', ' of', ' traveling', ' the', ' main', ' roads', ' at', ' night', '.']"
MiniCPM5 1B,0.012,332.605,27,15,0.054,757,0.012,1,"Sell me your finest sword, I have plenty of gold.","['I', ' do', ' not', ' have', ' a', ' sword', ' to', ' sell', ' or', ' any', ' other', ' items', ' to', ' sell', '.']"
MiniCPM5 1B,0.012,334.730,25,15,0.054,797,0.012,1,Have the bandits been causing trouble for the merchants recently?,"['I', ' do', ' not', ' have', ' information', ' about', ' the', ' bandits', ' causing', ' trouble', ' for', ' the', ' merchants', ' recently', '.']"
MiniCPM5 1B,0.012,340.462,24,17,0.059,838,0.012,1,Where is the hidden shrine of the water goddess?,"['I', ' do', ' not', ' have', ' information', ' about', ' the', ' location', ' of', ' the', ' hidden', ' shrine', ' of', ' the', ' water', ' goddess', '.']"
MiniCPM5 1B,0.016,385.454,78,64,0.179,352,0.016,1,"I'm searching for a rare herb known as kingsfoil, supposedly growing only where the moonlight hits the ancient ruins of Eldoria. I've asked every merchant in the bazaar, but none possess it. Does anyone in this village venture deep enough into the enchanted forest to harvest such dangerous flora, or am I wasting my time here?","['G', 'arr', 'ick', ',', ' rules', ',', ' the', ' Dark', ' Lands', '  \n', 'G', 'arr', 'ick', ',', ' commands', ',', ' the', ' shadow', ' army', '  \n', 'G', 'arr', 'ick', ',', ' w', 'ields', ',', ' dark', ' magic', '  \n', 'G', 'arr', 'ick', ',', ' seeks', ',', ' world', ' domination', '  \n', 'G', 'arr', 'ick', ',', ' hates', ',', ' Tor', 'in', '  \n', 'G', 'arr', 'ick', ',', ' resides', ' in', ',', ' the', ' Obs', 'idian', ' Fortress', '  \n', 'G', 'arr', 'ick', ',']"
MiniCPM5 1B,0.017,399.318,76,64,0.174,492,0.017,1,"I just arrived from the capital, and the journey was fraught with perilous encounters. Bandits ambushed us near the river crossing, and strange howling kept us awake at night. We barely made it here with our lives. Do you know if the local guard is planning to secure the main trade routes anytime soon?","['G', 'arr', 'ick', ',', ' rules', ',', ' the', ' Dark', ' Lands', '  \n', 'G', 'arr', 'ick', ',', ' commands', ',', ' the', ' shadow', ' army', '  \n', 'G', 'arr', 'ick', ',', ' w', 'ields', ',', ' dark', ' magic', '  \n', 'G', 'arr', 'ick', ',', ' seeks', ',', ' world', ' domination', '  \n', 'G', 'arr', 'ick', ',', ' hates', ',', ' Tor', 'in', '  \n', 'G', 'arr', 'ick', ',', ' resides', ' in', ',', ' the', ' Obs', 'idian', ' Fortress', '  \n', 'G', 'arr', 'ick', ',']"
MiniCPM5 1B,0.017,405.681,76,64,0.172,632,0.017,1,My companions and I are tracking a notorious thief who stole a sacred relic from the high temple. He was last seen heading towards this settlement wearing a tattered crimson cloak and walking with a pronounced limp. Have you noticed anyone matching that description passing through the gates or staying at the local inn over the last three days?,"['G', 'arr', 'ick', ',', ' rules', ',', ' the', ' Dark', ' Lands', '  \n', 'G', 'arr', 'ick', ',', ' commands', ',', ' the', ' shadow', ' army', '  \n', 'G', 'arr', 'ick', ',', ' w', 'ields', ',', ' dark', ' magic', '  \n', 'G', 'arr', 'ick', ',', ' seeks', ',', ' world', ' domination', '  \n', 'G', 'arr', 'ick', ',', ' hates', ',', ' Tor', 'in', '  \n', 'G', 'arr', 'ick', ',', ' resides', ' in', ',', ' the', ' Obs', 'idian', ' Fortress', '  \n', 'G', 'arr', 'ick', ',']"
MiniCPM5 1B,0.015,412.571,81,64,0.168,777,0.015,1,"I hold a letter bearing the royal seal, meant only for the eyes of the Duke. However, I've heard troubling rumors that the Duke's court has been infiltrated by spies from the rival kingdom, making it dangerous to approach the keep directly. Is there a trusted intermediary in this town who can guarantee safe passage for this missive?","['G', 'arr', 'ick', ',', ' rules', ',', ' the', ' Dark', ' Lands', '  \n', 'G', 'arr', 'ick', ',', ' commands', ',', ' the', ' shadow', ' army', '  \n', 'G', 'arr', 'ick', ',', ' w', 'ields', ',', ' dark', ' magic', '  \n', 'G', 'arr', 'ick', ',', ' seeks', ',', ' world', ' domination', '  \n', 'G', 'arr', 'ick', ',', ' hates', ',', ' Tor', 'in', '  \n', 'G', 'arr', 'ick', ',', ' resides', ' in', ',', ' the', ' Obs', 'idian', ' Fortress', '  \n', 'G', 'arr', 'ick', ',']"
MiniCPM5 1B,0.016,414.947,87,64,0.168,928,0.016,1,"The mayor offered me a substantial bounty to clear out the goblin encampment to the west, but I suspect he's not telling me the whole truth. The tracks I found suggest a much larger force, perhaps even an organized hobgoblin warband. What can you tell me about the recent attacks, and is the mayor known to understate local threats?","['G', 'arr', 'ick', ',', ' rules', ',', ' the', ' Dark', ' Lands', '  \n', 'G', 'arr', 'ick', ',', ' commands', ',', ' the', ' shadow', ' army', '  \n', 'G', 'arr', 'ick', ',', ' w', 'ields', ',', ' dark', ' magic', '  \n', 'G', 'arr', 'ick', ',', ' seeks', ',', ' world', ' domination', '  \n', 'G', 'arr', 'ick', ',', ' hates', ',', ' Tor', 'in', '  \n', 'G', 'arr', 'ick', ',', ' resides', ' in', ',', ' the', ' Obs', 'idian', ' Fortress', '  \n', 'G', 'arr', 'ick', ',']"
MiniCPM5 1B,0.016,425.778,86,64,0.163,1078,0.016,1,"I've been cursed by a swamp hag after I accidentally disturbed her ritual circle. Now, every time I try to sleep, I suffer from horrific nightmares and wake up with strange, dark bruises on my arms. The local priest's blessings had no effect. Do you know of any skilled hedge wizards or alchemists nearby who specialize in removing dark afflictions?","['G', 'arr', 'ick', ',', ' rules', ',', ' the', ' Dark', ' Lands', '  \n', 'G', 'arr', 'ick', ',', ' commands', ',', ' the', ' shadow', ' army', '  \n', 'G', 'arr', 'ick', ',', ' w', 'ields', ',', ' dark', ' magic', '  \n', 'G', 'arr', 'ick', ',', ' seeks', ',', ' world', ' domination', '  \n', 'G', 'arr', 'ick', ',', ' hates', ',', ' Tor', 'in', '  \n', 'G', 'arr', 'ick', ',', ' resides', ' in', ',', ' the', ' Obs', 'idian', ' Fortress', '  \n', 'G', 'arr', 'ick', ',']"
MiniCPM5 1B,0.016,425.099,83,64,0.164,1225,0.016,1,"We found an ancient stone tablet buried in the rubble of the fallen watchtower, covered in glowing runes that none of our scholars can decipher. Every time we bring it near a magical fire, the flames turn a bright, unnatural blue. Is there a resident mage or a learned historian in this settlement who might understand old Elven magic?","['G', 'arr', 'ick', ',', ' rules', ',', ' the', ' Dark', ' Lands', '  \n', 'G', 'arr', 'ick', ',', ' commands', ',', ' the', ' shadow', ' army', '  \n', 'G', 'arr', 'ick', ',', ' w', 'ields', ',', ' dark', ' magic', '  \n', 'G', 'arr', 'ick', ',', ' seeks', ',', ' world', ' domination', '  \n', 'G', 'arr', 'ick', ',', ' hates', ',', ' Tor', 'in', '  \n', 'G', 'arr', 'ick', ',', ' resides', ' in', ',', ' the', ' Obs', 'idian', ' Fortress', '  \n', 'G', 'arr', 'ick', ',']"
MiniCPM5 1B,0.016,426.224,86,64,0.164,1375,0.016,1,"The harvest festival is approaching, but I noticed the grain silos are nearly empty and the farmers look terrified. A local boy mentioned that a massive, winged shadow was seen carrying off entire sheep in the dead of night. Are you dealing with a dragon, a manticore, or something else entirely, and why hasn't the militia done anything about it?","['G', 'arr', 'ick', ',', ' rules', ',', ' the', ' Dark', ' Lands', '  \n', 'G', 'arr', 'ick', ',', ' commands', ',', ' the', ' shadow', ' army', '  \n', 'G', 'arr', 'ick', ',', ' w', 'ields', ',', ' dark', ' magic', '  \n', 'G', 'arr', 'ick', ',', ' seeks', ',', ' world', ' domination', '  \n', 'G', 'arr', 'ick', ',', ' hates', ',', ' Tor', 'in', '  \n', 'G', 'arr', 'ick', ',', ' resides', ' in', ',', ' the', ' Obs', 'idian', ' Fortress', '  \n', 'G', 'arr', 'ick', ',']"
MiniCPM5 1B,0.016,429.689,83,64,0.163,1522,0.016,1,"I am looking to charter a ship to sail across the Whispering Sea, but every captain I speak to refuses the coin, claiming the waters are currently cursed by the drowned king. I need to reach the island of Karth before the lunar eclipse. Who is the bravest or perhaps the most desperate shipmaster currently docked in the harbor?","['G', 'arr', 'ick', ',', ' rules', ',', ' the', ' Dark', ' Lands', '  \n', 'G', 'arr', 'ick', ',', ' commands', ',', ' the', ' shadow', ' army', '  \n', 'G', 'arr', 'ick', ',', ' w', 'ields', ',', ' dark', ' magic', '  \n', 'G', 'arr', 'ick', ',', ' seeks', ',', ' world', ' domination', '  \n', 'G', 'arr', 'ick', ',', ' hates', ',', ' Tor', 'in', '  \n', 'G', 'arr', 'ick', ',', ' resides', ' in', ',', ' the', ' Obs', 'idian', ' Fortress', '  \n', 'G', 'arr', 'ick', ',']"
MiniCPM5 1B,0.017,420.729,83,64,0.167,1669,0.017,1,"A mysterious patron hired me to explore the crypts beneath the old cathedral, promising vast riches, but I found nothing but animated skeletons and deadly dart traps. I barely escaped. I suspect my patron intended for me to perish down there. Have you ever heard of a tall nobleman with a silver cane hiring adventurers for suicide missions in the crypts?","['G', 'arr', 'ick', ',', ' rules', ',', ' the', ' Dark', ' Lands', '  \n', 'G', 'arr', 'ick', ',', ' commands', ',', ' the', ' shadow', ' army', '  \n', 'G', 'arr', 'ick', ',', ' w', 'ields', ',', ' dark', ' magic', '  \n', 'G', 'arr', 'ick', ',', ' seeks', ',', ' world', ' domination', '  \n', 'G', 'arr', 'ick', ',', ' hates', ',', ' Tor', 'in', '  \n', 'G', 'arr', 'ick', ',', ' resides', ' in', ',', ' the', ' Obs', 'idian', ' Fortress', '  \n', 'G', 'arr', 'ick', ',']"
MiniCPM5 1B,0.017,417.368,80,64,0.168,1813,0.017,1,"I wish to join the legendary fighting tournament held in the arena next week, but the registrar claims I need sponsorship from a recognized noble house or a prominent guild to even enter the qualifiers. I have no connections in this city, only my skill with a blade. How does a foreign warrior go about securing a sponsor around here?","['G', 'arr', 'ick', ',', ' rules', ',', ' the', ' Dark', ' Lands', '  \n', 'G', 'arr', 'ick', ',', ' commands', ',', ' the', ' shadow', ' army', '  \n', 'G', 'arr', 'ick', ',', ' w', 'ields', ',', ' dark', ' magic', '  \n', 'G', 'arr', 'ick', ',', ' seeks', ',', ' world', ' domination', '  \n', 'G', 'arr', 'ick', ',', ' hates', ',', ' Tor', 'in', '  \n', 'G', 'arr', 'ick', ',', ' resides', ' in', ',', ' the', ' Obs', 'idian', ' Fortress', '  \n', 'G', 'arr', 'ick', ',']"
MiniCPM5 1B,0.017,413.859,83,64,0.169,1960,0.017,1,"My family's ancestral sword was taken by a corrupt tax collector who claimed it was payment for debts we never owed. I tracked his carriage to this town, but the locals are too frightened of his hired thugs to point me in the right direction. If I promise to cause no trouble in the streets, can you tell me where he is staying?","['G', 'arr', 'ick', ',', ' rules', ',', ' the', ' Dark', ' Lands', '  \n', 'G', 'arr', 'ick', ',', ' commands', ',', ' the', ' shadow', ' army', '  \n', 'G', 'arr', 'ick', ',', ' w', 'ields', ',', ' dark', ' magic', '  \n', 'G', 'arr', 'ick', ',', ' seeks', ',', ' world', ' domination', '  \n', 'G', 'arr', 'ick', ',', ' hates', ',', ' Tor', 'in', '  \n', 'G', 'arr', 'ick', ',', ' resides', ' in', ',', ' the', ' Obs', 'idian', ' Fortress', '  \n', 'G', 'arr', 'ick', ',']"
MiniCPM5 1B,0.017,413.673,87,64,0.170,2111,0.017,1,"I have traveled far across the shifting sands of the eastern desert to find the fabled Oasis of Truth, where it is said a reflection in the water can reveal a person's true destiny. I have a map, but the landmarks don't match the current dunes. Are there any seasoned desert trackers or nomadic guides resting in the bazaar who could assist?","['G', 'arr', 'ick', ',', ' rules', ',', ' the', ' Dark', ' Lands', '  \n', 'G', 'arr', 'ick', ',', ' commands', ',', ' the', ' shadow', ' army', '  \n', 'G', 'arr', 'ick', ',', ' w', 'ields', ',', ' dark', ' magic', '  \n', 'G', 'arr', 'ick', ',', ' seeks', ',', ' world', ' domination', '  \n', 'G', 'arr', 'ick', ',', ' hates', ',', ' Tor', 'in', '  \n', 'G', 'arr', 'ick', ',', ' resides', ' in', ',', ' the', ' Obs', 'idian', ' Fortress', '  \n', 'G', 'arr', 'ick', ',']"
MiniCPM5 1B,0.018,412.120,81,64,0.170,2256,0.018,1,"The mines have been shut down for two weeks, and the local economy is clearly suffering. A frightened miner told me they broke through a wall into a forgotten underground temple and awakened something that whispers in the dark. I specialize in dealing with subterranean horrors. Who holds the authority to grant me permission to enter the quarantined mining shafts?","['G', 'arr', 'ick', ',', ' rules', ',', ' the', ' Dark', ' Lands', '  \n', 'G', 'arr', 'ick', ',', ' commands', ',', ' the', ' shadow', ' army', '  \n', 'G', 'arr', 'ick', ',', ' w', 'ields', ',', ' dark', ' magic', '  \n', 'G', 'arr', 'ick', ',', ' seeks', ',', ' world', ' domination', '  \n', 'G', 'arr', 'ick', ',', ' hates', ',', ' Tor', 'in', '  \n', 'G', 'arr', 'ick', ',', ' resides', ' in', ',', ' the', ' Obs', 'idian', ' Fortress', '  \n', 'G', 'arr', 'ick', ',']"
MiniCPM5 1B,0.018,412.323,87,64,0.171,2407,0.018,1,"I'm carrying highly volatile alchemical supplies meant for the war front, but my wagon threw a wheel on the rocky path just outside of town. If those vials sit in the midday sun for too long, they will detonate and level half this street. I need a master wainwright and a shaded warehouse immediately. Can you point me to the right people?","['G', 'arr', 'ick', ',', ' rules', ',', ' the', ' Dark', ' Lands', '  \n', 'G', 'arr', 'ick', ',', ' commands', ',', ' the', ' shadow', ' army', '  \n', 'G', 'arr', 'ick', ',', ' w', 'ields', ',', ' dark', ' magic', '  \n', 'G', 'arr', 'ick', ',', ' seeks', ',', ' world', ' domination', '  \n', 'G', 'arr', 'ick', ',', ' hates', ',', ' Tor', 'in', '  \n', 'G', 'arr', 'ick', ',', ' resides', ' in', ',', ' the', ' Obs', 'idian', ' Fortress', '  \n', 'G', 'arr', 'ick', ',']"
MiniCPM5 1B,0.018,408.322,90,64,0.172,2561,0.018,1,"A bard in the previous village sang a ballad about a legendary forge hidden inside the caldera of Mount Cinder, where weapons of pure star-metal were supposedly crafted for the ancient gods. I have acquired a piece of fallen star-metal, but I need to know if the path up the mountain is passable, or if it is guarded by fire elementals as the song claims.","['G', 'arr', 'ick', ',', ' rules', ',', ' the', ' Dark', ' Lands', '  \n', 'G', 'arr', 'ick', ',', ' commands', ',', ' the', ' shadow', ' army', '  \n', 'G', 'arr', 'ick', ',', ' w', 'ields', ',', ' dark', ' magic', '  \n', 'G', 'arr', 'ick', ',', ' seeks', ',', ' world', ' domination', '  \n', 'G', 'arr', 'ick', ',', ' hates', ',', ' Tor', 'in', '  \n', 'G', 'arr', 'ick', ',', ' resides', ' in', ',', ' the', ' Obs', 'idian', ' Fortress', '  \n', 'G', 'arr', 'ick', ',']"
Bonsai 4B,0.024,155.513,24,31,0.216,254,0.024,1,Where can I find the nearest blacksmith in this town?,"['I', ' cannot', ' provide', ' information', ' about', ' black', 'smith', 's', ' or', ' locations', ' in', ' this', ' town', '.', ' My', ' knowledge', ' is', ' limited', ' to', ' the', ' facts', ' related', ' to', ' the', ' Evil', ' King', ' and', ' the', ' Dark', ' Lands', '.']"
Bonsai 4B,0.024,180.957,25,35,0.212,314,0.024,1,Have you seen any strange creatures in the woods lately?,"['I', ' have', ' not', ' seen', ' any', ' strange', ' creatures', ' in', ' the', ' woods', ' lately', '.', ' The', ' Dark', ' Lands', ' are', ' filled', ' with', ' shadows', ' and', ' unnatural', ' forces', ',', ' but', ' I', ' have', ' not', ' observed', ' any', ' creatures', ' beyond', ' the', ' known', ' realms', '.']"
Bonsai 4B,0.020,197.992,26,21,0.121,361,0.020,1,I need a healing potion. What is your best price?,"['I', ' cannot', ' provide', ' a', ' price', ' for', ' healing', ' potions', '.', ' I', ' am', ' an', ' Evil', ' King', ' and', ' do', ' not', ' sell', ' such', ' items', '.']"
Bonsai 4B,0.019,212.094,27,22,0.118,410,0.019,1,"Point me to the local tavern, friend. I am thirsty.","['I', ' cannot', ' point', ' you', ' to', ' a', ' local', ' tavern', '.', ' I', ' am', ' an', ' Evil', ' King', ' and', ' do', ' not', ' operate', ' in', ' this', ' town', '.']"
Bonsai 4B,0.018,222.393,23,23,0.117,456,0.018,1,Do you know who currently rules this kingdom?,"['I', ' do', ' not', ' know', ' who', ' currently', ' rules', ' this', ' kingdom', '.', ' My', ' knowledge', ' is', ' limited', ' to', ' the', ' Dark', ' Lands', ' and', ' the', ' Shadow', ' Army', '.']"
Bonsai 4B,0.018,236.342,26,35,0.161,517,0.018,1,Tell me the rumor about the abandoned castle on the hill.,"['There', ' is', ' a', ' rumor', ' that', ' the', ' abandoned', ' castle', ' on', ' the', ' hill', ' is', ' haunted', ' by', ' a', ' spectral', ' knight', ' who', ' once', ' fought', ' the', ' Evil', ' King', '.', ' Some', ' say', ' he', ' still', ' walks', ' the', ' halls', ',', ' seeking', ' vengeance', '.']"
Bonsai 4B,0.018,238.316,28,26,0.123,571,0.018,1,I am looking for work. Are there any bounties available?,"['I', ' do', ' not', ' know', ' if', ' there', ' are', ' any', ' b', 'ount', 'ies', ' available', '.', ' My', ' knowledge', ' is', ' focused', ' on', ' the', ' Evil', ' King', ' and', ' the', ' Shadow', ' Army', '.']"
Bonsai 4B,0.017,248.319,23,38,0.166,632,0.017,1,What dangers lie beyond the snowy northern mountains?,"['Beyond', ' the', ' snowy', ' northern', ' mountains', ',', ' the', ' land', ' is', ' sh', 'rou', 'ded', ' in', ' darkness', ' and', ' ancient', ' curses', '.', ' The', ' Dark', ' Lands', ' stretch', ' beyond', ',', ' where', ' the', ' Shadow', ' Army', ' ro', 'ams', ' and', ' world', ' domination', ' is', ' a', ' constant', ' threat', '.']"
Bonsai 4B,0.017,244.877,24,26,0.119,682,0.017,1,Who is the captain of the town guard here?,"['I', ' do', ' not', ' know', ' who', ' the', ' captain', ' of', ' the', ' town', ' guard', ' is', '.', ' My', ' knowledge', ' is', ' limited', ' to', ' the', ' Evil', ' King', ' and', ' the', ' Shadow', ' Army', '.']"
Bonsai 4B,0.017,243.005,24,23,0.108,729,0.017,1,Can you teach me how to pick locks safely?,"['I', ' cannot', ' teach', ' you', ' how', ' to', ' pick', ' locks', ' safely', '.', ' My', ' knowledge', ' is', ' focused', ' on', ' the', ' Evil', ' King', ' and', ' the', ' Shadow', ' Army', '.']"
Bonsai 4B,0.018,236.533,29,24,0.115,782,0.018,1,I've brought the goblin ears you requested. Here is the bag.,"['I', ' do', ' not', ' know', ' how', ' to', ' use', ' g', 'oblin', ' ears', '.', ' My', ' knowledge', ' is', ' limited', ' to', ' the', ' Evil', ' King', ' and', ' the', ' Shadow', ' Army', '.']"
Bonsai 4B,0.018,237.467,24,28,0.132,834,0.018,1,What gods do the people of this village worship?,"['I', ' do', ' not', ' know', ' the', ' gods', ' worsh', 'ipped', ' by', ' the', ' people', ' of', ' this', ' village', '.', ' My', ' knowledge', ' is', ' limited', ' to', ' the', ' Evil', ' King', ' and', ' the', ' Shadow', ' Army', '.']"
Bonsai 4B,0.018,236.319,25,25,0.120,884,0.018,1,Is it safe to travel the main roads at night?,"['Travel', 'ing', ' the', ' main', ' roads', ' at', ' night', ' is', ' dangerous', '.', ' The', ' Dark', ' Lands', ' stretch', ' beyond', ',', ' and', ' the', ' Shadow', ' Army', ' moves', ' through', ' the', ' shadows', '.']"
Bonsai 4B,0.018,234.412,26,19,0.095,929,0.018,1,"Sell me your finest sword, I have plenty of gold.","['I', ' do', ' not', ' sell', ' swords', '.', ' My', ' knowledge', ' is', ' limited', ' to', ' the', ' Evil', ' King', ' and', ' the', ' Shadow', ' Army', '.']"
Bonsai 4B,0.018,239.954,26,32,0.147,987,0.018,1,Have the bandits been causing trouble for the merchants recently?,"['Yes', ',', ' the', ' band', 'its', ' have', ' been', ' causing', ' trouble', ' for', ' the', ' merchants', ' recently', '.', ' They', ' roam', ' the', ' northern', ' paths', ',', ' targeting', ' car', 'av', 'ans', ' and', ' ro', 'bbing', ' them', ' of', ' their', ' goods', '.']"
Bonsai 4B,0.018,231.679,24,28,0.134,1039,0.018,1,Where is the hidden shrine of the water goddess?,"['I', ' do', ' not', ' know', ' the', ' location', ' of', ' the', ' hidden', ' shrine', ' of', ' the', ' water', ' goddess', '.', ' My', ' knowledge', ' is', ' limited', ' to', ' the', ' Evil', ' King', ' and', ' the', ' Shadow', ' Army', '.']"
Bonsai 4B,0.028,249.132,80,40,0.185,319,0.028,1,"I'm searching for a rare herb known as kingsfoil, supposedly growing only where the moonlight hits the ancient ruins of Eldoria. I've asked every merchant in the bazaar, but none possess it. Does anyone in this village venture deep enough into the enchanted forest to harvest such dangerous flora, or am I wasting my time here?","['I', ' have', ' no', ' knowledge', ' of', ' kings', 'foil', ' or', ' the', ' enchanted', ' forest', ' of', ' Eld', 'oria', '.', ' The', ' Dark', ' Lands', ' do', ' not', ' contain', ' such', ' a', ' rare', ' herb', ',', ' and', ' no', ' one', ' in', ' this', ' village', ' ventures', ' into', ' the', ' forest', ' to', ' harvest', ' it', '.']"
Bonsai 4B,0.030,250.746,78,46,0.210,443,0.030,1,"I just arrived from the capital, and the journey was fraught with perilous encounters. Bandits ambushed us near the river crossing, and strange howling kept us awake at night. We barely made it here with our lives. Do you know if the local guard is planning to secure the main trade routes anytime soon?","['I', ' do', ' not', ' know', ' about', ' the', ' guard', ""'s"", ' plans', ' or', ' any', ' upcoming', ' security', ' measures', ' for', ' the', ' trade', ' routes', '.', ' The', ' Dark', ' Lands', ' are', ' ruled', ' by', ' Garr', 'ick', ',', ' who', ' seeks', ' world', ' domination', ' and', ' does', ' not', ' appear', ' to', ' be', ' concerned', ' with', ' trade', ' routes', ' or', ' guard', ' patrols', '.']"
Bonsai 4B,0.031,243.431,77,50,0.232,570,0.031,1,My companions and I are tracking a notorious thief who stole a sacred relic from the high temple. He was last seen heading towards this settlement wearing a tattered crimson cloak and walking with a pronounced limp. Have you noticed anyone matching that description passing through the gates or staying at the local inn over the last three days?,"['I', ' have', ' not', ' observed', ' anyone', ' matching', ' the', ' description', ' of', ' a', ' t', 'attered', ' crimson', ' cloak', ' or', ' a', ' pronounced', ' limp', ' passing', ' through', ' the', ' gates', ' or', ' staying', ' at', ' the', ' inn', '.', ' The', ' Obs', 'idian', ' Fortress', ' is', ' under', ' Garr', 'ick', '’s', ' control', ',', ' and', ' no', ' such', ' individual', ' has', ' been', ' recorded', ' in', ' the', ' village', '.']"
Bonsai 4B,0.034,239.946,82,36,0.179,688,0.034,1,"I hold a letter bearing the royal seal, meant only for the eyes of the Duke. However, I've heard troubling rumors that the Duke's court has been infiltrated by spies from the rival kingdom, making it dangerous to approach the keep directly. Is there a trusted intermediary in this town who can guarantee safe passage for this missive?","['I', ' have', ' no', ' information', ' about', ' trusted', ' intermedi', 'aries', ' or', ' the', ' Duke', '’s', ' court', '’s', ' security', '.', ' The', ' keep', ' is', ' guarded', ' by', ' Garr', 'ick', ',', ' who', ' does', ' not', ' allow', ' safe', ' passage', ' for', ' un', 'inv', 'ited', ' messages', '.']"
Bonsai 4B,0.035,236.416,87,46,0.226,821,0.035,1,"The mayor offered me a substantial bounty to clear out the goblin encampment to the west, but I suspect he's not telling me the whole truth. The tracks I found suggest a much larger force, perhaps even an organized hobgoblin warband. What can you tell me about the recent attacks, and is the mayor known to understate local threats?","['I', ' have', ' no', ' knowledge', ' of', ' g', 'oblin', ' attacks', ' or', ' the', ' mayor', '’s', ' involvement', ' in', ' them', '.', ' The', ' tracks', ' suggest', ' a', ' larger', ' force', ',', ' but', ' no', ' official', ' reports', ' or', ' records', ' confirm', ' such', ' activity', '.', ' The', ' mayor', ' is', ' not', ' known', ' to', ' under', 'state', ' threats', ' in', ' this', ' region', '.']"
Bonsai 4B,0.036,235.944,87,40,0.201,948,0.036,1,"I've been cursed by a swamp hag after I accidentally disturbed her ritual circle. Now, every time I try to sleep, I suffer from horrific nightmares and wake up with strange, dark bruises on my arms. The local priest's blessings had no effect. Do you know of any skilled hedge wizards or alchemists nearby who specialize in removing dark afflictions?","['I', ' do', ' not', ' know', ' of', ' any', ' hedge', ' wizards', ' or', ' al', 'chem', 'ists', ' who', ' specialize', ' in', ' removing', ' dark', ' afflict', 'ions', '.', ' The', ' curse', ' is', ' tied', ' to', ' the', ' swamp', ' h', 'ag', '’s', ' ritual', ',', ' and', ' no', ' known', ' practitioners', ' have', ' addressed', ' it', '.']"
Bonsai 4B,0.036,237.202,81,44,0.217,1073,0.036,1,"We found an ancient stone tablet buried in the rubble of the fallen watchtower, covered in glowing runes that none of our scholars can decipher. Every time we bring it near a magical fire, the flames turn a bright, unnatural blue. Is there a resident mage or a learned historian in this settlement who might understand old Elven magic?","['I', ' have', ' no', ' knowledge', ' of', ' a', ' resident', ' mage', ' or', ' a', ' learned', ' historian', ' who', ' specializes', ' in', ' El', 'ven', ' magic', '.', ' The', ' glowing', ' runes', ' and', ' blue', ' flames', ' suggest', ' a', ' dangerous', ',', ' ancient', ' spell', ',', ' but', ' no', ' one', ' in', ' this', ' settlement', ' has', ' studied', ' or', ' interpreted', ' them', '.']"
Bonsai 4B,0.037,235.440,87,38,0.194,1198,0.037,1,"The harvest festival is approaching, but I noticed the grain silos are nearly empty and the farmers look terrified. A local boy mentioned that a massive, winged shadow was seen carrying off entire sheep in the dead of night. Are you dealing with a dragon, a manticore, or something else entirely, and why hasn't the militia done anything about it?","['I', ' do', ' not', ' know', ' if', ' the', ' shadow', ' was', ' a', ' dragon', ',', ' m', 'antic', 'ore', ',', ' or', ' something', ' else', ' entirely', '.', ' The', ' militia', ' has', ' not', ' responded', ' because', ' no', ' official', ' sighting', ' or', ' threat', ' has', ' been', ' confirmed', ' by', ' the', ' guard', '.']"
Bonsai 4B,0.037,231.860,83,41,0.210,1322,0.037,1,"I am looking to charter a ship to sail across the Whispering Sea, but every captain I speak to refuses the coin, claiming the waters are currently cursed by the drowned king. I need to reach the island of Karth before the lunar eclipse. Who is the bravest or perhaps the most desperate shipmaster currently docked in the harbor?","['I', ' have', ' no', ' information', ' about', ' ship', 'masters', ' or', ' their', ' willingness', ' to', ' charter', ' vessels', '.', ' The', ' Whisper', 'ing', ' Sea', ' is', ' rumored', ' to', ' be', ' cursed', ',', ' but', ' no', ' captain', ' has', ' been', ' recorded', ' as', ' brave', ' or', ' desperate', ' enough', ' to', ' sail', ' under', ' those', ' conditions', '.']"
Bonsai 4B,0.036,232.338,84,44,0.221,1450,0.036,1,"A mysterious patron hired me to explore the crypts beneath the old cathedral, promising vast riches, but I found nothing but animated skeletons and deadly dart traps. I barely escaped. I suspect my patron intended for me to perish down there. Have you ever heard of a tall nobleman with a silver cane hiring adventurers for suicide missions in the crypts?","['I', ' have', ' not', ' heard', ' of', ' a', ' tall', ' noble', 'man', ' with', ' a', ' silver', ' cane', ' hiring', ' adventurers', ' for', ' suicide', ' missions', '.', ' The', ' crypt', 's', ' beneath', ' the', ' cathedral', ' are', ' known', ' for', ' traps', ' and', ' animated', ' remains', ',', ' but', ' no', ' such', ' patron', ' or', ' specific', ' request', ' has', ' been', ' documented', '.']"
Bonsai 4B,0.038,222.803,79,36,0.195,1565,0.038,1,"I wish to join the legendary fighting tournament held in the arena next week, but the registrar claims I need sponsorship from a recognized noble house or a prominent guild to even enter the qualifiers. I have no connections in this city, only my skill with a blade. How does a foreign warrior go about securing a sponsor around here?","['There', ' is', ' no', ' known', ' registry', ' or', ' system', ' that', ' allows', ' foreign', ' warriors', ' to', ' enter', ' the', ' tournament', ' qualifiers', ' without', ' sponsorship', ' from', ' a', ' noble', ' house', ' or', ' guild', '.', ' Without', ' such', ' ties', ',', ' entry', ' is', ' not', ' recognized', ' or', ' permitted', '.']"
Bonsai 4B,0.038,224.153,83,35,0.190,1683,0.038,1,"My family's ancestral sword was taken by a corrupt tax collector who claimed it was payment for debts we never owed. I tracked his carriage to this town, but the locals are too frightened of his hired thugs to point me in the right direction. If I promise to cause no trouble in the streets, can you tell me where he is staying?","['I', ' have', ' no', ' knowledge', ' of', ' the', ' tax', ' collector', '’s', ' current', ' location', ' or', ' his', ' caravan', '.', ' The', ' locals', ' are', ' too', ' afraid', ' to', ' reveal', ' it', ',', ' and', ' no', ' such', ' individual', ' has', ' been', ' recorded', ' in', ' this', ' town', '.']"
Bonsai 4B,0.040,220.707,87,37,0.203,1807,0.040,1,"I have traveled far across the shifting sands of the eastern desert to find the fabled Oasis of Truth, where it is said a reflection in the water can reveal a person's true destiny. I have a map, but the landmarks don't match the current dunes. Are there any seasoned desert trackers or nomadic guides resting in the bazaar who could assist?","['I', ' have', ' no', ' information', ' about', ' seasoned', ' desert', ' trackers', ' or', ' nom', 'adic', ' guides', ' in', ' the', ' b', 'azaar', '.', ' The', ' shifting', ' sands', ' and', ' mismatch', 'ed', ' landmarks', ' suggest', ' the', ' Oasis', ' may', ' no', ' longer', ' exist', ' or', ' be', ' hidden', ' from', ' sight', '.']"
Bonsai 4B,0.039,220.416,84,38,0.207,1929,0.039,1,"The mines have been shut down for two weeks, and the local economy is clearly suffering. A frightened miner told me they broke through a wall into a forgotten underground temple and awakened something that whispers in the dark. I specialize in dealing with subterranean horrors. Who holds the authority to grant me permission to enter the quarantined mining shafts?","['I', ' do', ' not', ' know', ' who', ' holds', ' the', ' authority', ' to', ' grant', ' entry', ' to', ' the', ' quar', 'ant', 'ined', ' shaft', 's', '.', ' The', ' mines', ' are', ' under', ' strict', ' closure', ',', ' and', ' no', ' official', ' permit', ' or', ' authority', ' has', ' been', ' issued', ' for', ' exploration', '.']"
Bonsai 4B,0.041,218.271,89,42,0.229,2060,0.041,1,"I'm carrying highly volatile alchemical supplies meant for the war front, but my wagon threw a wheel on the rocky path just outside of town. If those vials sit in the midday sun for too long, they will detonate and level half this street. I need a master wainwright and a shaded warehouse immediately. Can you point me to the right people?","['I', ' do', ' not', ' know', ' of', ' a', ' master', ' w', 'ain', 'wright', ' or', ' a', ' shaded', ' warehouse', ' in', ' this', ' town', '.', ' The', ' al', 'chemical', ' supplies', ' are', ' unstable', ',', ' and', ' no', ' one', ' has', ' been', ' recorded', ' as', ' capable', ' of', ' repairing', ' them', ' or', ' providing', ' such', ' a', ' facility', '.']"
Bonsai 4B,0.042,215.887,90,39,0.218,2189,0.042,1,"A bard in the previous village sang a ballad about a legendary forge hidden inside the caldera of Mount Cinder, where weapons of pure star-metal were supposedly crafted for the ancient gods. I have acquired a piece of fallen star-metal, but I need to know if the path up the mountain is passable, or if it is guarded by fire elementals as the song claims.","['The', ' path', ' up', ' Mount', ' Cinder', ' is', ' un', 'charted', ' and', ' not', ' known', ' to', ' be', ' pass', 'able', '.', ' There', ' are', ' no', ' records', ' of', ' fire', ' element', 'als', ' guarding', ' the', ' cal', 'dera', ' or', ' the', ' forge', '.', ' The', ' song', ' is', ' likely', ' a', ' myth', '.']"
Qwen3.5 0.8B,0.013,232.658,24,25,0.116,260,0.013,1,Where can I find the nearest blacksmith in this town?,"['I', ' am', ' not', ' in', ' a', ' town', ',', ' but', ' I', ' am', ' in', ' the', ' Obs', 'idian', ' Fortress', '.', ' I', ' do', ' not', ' have', ' a', ' black', 'smith', ' nearby', '.']"
Qwen3.5 0.8B,0.015,236.933,25,30,0.137,315,0.015,1,Have you seen any strange creatures in the woods lately?,"['No', ',', ' I', ' have', ' not', ' seen', ' any', ' strange', ' creatures', ' in', ' the', ' woods', '.', ' I', ' am', ' in', ' the', ' Obs', 'idian', ' Fortress', ',', ' and', ' I', ' do', ' not', ' interact', ' with', ' the', ' wild', '.']"
Qwen3.5 0.8B,0.014,224.796,26,15,0.077,356,0.014,1,I need a healing potion. What is your best price?,"['I', ' cannot', ' sell', ' potions', '.', ' I', ' am', ' an', ' NPC', ',', ' not', ' a', ' shop', 'keeper', '.']"
Qwen3.5 0.8B,0.014,227.539,27,15,0.076,398,0.014,1,"Point me to the local tavern, friend. I am thirsty.","['I', ' am', ' not', ' in', ' a', ' tavern', '.', ' I', ' am', ' in', ' the', ' Obs', 'idian', ' Fortress', '.']"
Qwen3.5 0.8B,0.014,234.954,23,26,0.121,447,0.014,1,Do you know who currently rules this kingdom?,"['No', ',', ' I', ' do', ' not', ' know', ' who', ' rules', ' this', ' kingdom', '.', ' I', ' am', ' an', ' NPC', ' named', ' Garr', 'ick', ',', ' and', ' I', ' am', ' not', ' a', ' ruler', '.']"
Qwen3.5 0.8B,0.015,230.640,26,17,0.084,490,0.015,1,Tell me the rumor about the abandoned castle on the hill.,"['There', ' is', ' no', ' such', ' castle', ' on', ' the', ' hill', '.', ' I', ' am', ' in', ' the', ' Obs', 'idian', ' Fortress', '.']"
Qwen3.5 0.8B,0.015,227.437,28,16,0.081,534,0.015,1,I am looking for work. Are there any bounties available?,"['I', ' do', ' not', ' know', ' who', ' is', ' looking', ' for', ' work', '.', ' I', ' am', ' not', ' a', ' merchant', '.']"
Qwen3.5 0.8B,0.015,233.372,23,22,0.105,579,0.015,1,What dangers lie beyond the snowy northern mountains?,"['The', ' northern', ' mountains', ' are', ' dangerous', ',', ' but', ' I', ' am', ' not', ' in', ' the', ' mountains', '.', ' I', ' am', ' in', ' the', ' Obs', 'idian', ' Fortress', '.']"
Qwen3.5 0.8B,0.015,225.253,24,15,0.077,618,0.015,1,Who is the captain of the town guard here?,"['I', ' am', ' not', ' in', ' the', ' town', '.', ' I', ' am', ' in', ' the', ' Obs', 'idian', ' Fortress', '.']"
Qwen3.5 0.8B,0.015,224.159,24,13,0.068,655,0.015,1,Can you teach me how to pick locks safely?,"['I', ' am', ' not', ' in', ' the', ' town', '.', ' I', ' am', ' not', ' a', ' teacher', '.']"
Qwen3.5 0.8B,0.015,229.059,29,15,0.076,699,0.015,1,I've brought the goblin ears you requested. Here is the bag.,"['I', ' am', ' not', ' in', ' a', ' bag', '.', ' I', ' am', ' in', ' the', ' Obs', 'idian', ' Fortress', '.']"
Qwen3.5 0.8B,0.014,235.879,24,15,0.074,738,0.014,1,What gods do the people of this village worship?,"['I', ' am', ' not', ' in', ' the', ' village', '.', ' I', ' am', ' in', ' the', ' Obs', 'idian', ' Fortress', '.']"
Qwen3.5 0.8B,0.014,243.672,25,21,0.096,784,0.014,1,Is it safe to travel the main roads at night?,"['No', ',', ' it', ' is', ' not', ' safe', ' to', ' travel', ' the', ' main', ' roads', ' at', ' night', '.', ' I', ' am', ' not', ' in', ' the', ' town', '.']"
Qwen3.5 0.8B,0.014,243.655,26,13,0.063,823,0.014,1,"Sell me your finest sword, I have plenty of gold.","['I', ' am', ' not', ' in', ' a', ' town', '.', ' I', ' am', ' not', ' a', ' merchant', '.']"
Qwen3.5 0.8B,0.014,256.731,26,21,0.092,870,0.014,1,Have the bandits been causing trouble for the merchants recently?,"['No', ',', ' the', ' band', 'its', ' have', ' not', ' been', ' causing', ' trouble', ' for', ' the', ' merchants', '.', ' I', ' am', ' not', ' in', ' the', ' town', '.']"
Qwen3.5 0.8B,0.014,256.161,24,15,0.068,909,0.014,1,Where is the hidden shrine of the water goddess?,"['I', ' am', ' not', ' in', ' the', ' town', '.', ' I', ' am', ' in', ' the', ' Obs', 'idian', ' Fortress', '.']"
Qwen3.5 0.8B,0.017,273.632,80,35,0.142,326,0.017,1,"I'm searching for a rare herb known as kingsfoil, supposedly growing only where the moonlight hits the ancient ruins of Eldoria. I've asked every merchant in the bazaar, but none possess it. Does anyone in this village venture deep enough into the enchanted forest to harvest such dangerous flora, or am I wasting my time here?","['I', ' am', ' not', ' a', ' merchant', ',', ' nor', ' do', ' I', ' venture', ' deep', ' into', ' the', ' enchanted', ' forest', ' to', ' harvest', ' such', ' dangerous', ' flora', '.', ' I', ' reside', ' in', ' the', ' Obs', 'idian', ' Fortress', ' and', ' do', ' not', ' possess', ' kings', 'foil', '.']"
Qwen3.5 0.8B,0.020,281.657,78,30,0.123,434,0.020,1,"I just arrived from the capital, and the journey was fraught with perilous encounters. Bandits ambushed us near the river crossing, and strange howling kept us awake at night. We barely made it here with our lives. Do you know if the local guard is planning to secure the main trade routes anytime soon?","['The', ' local', ' guard', ' is', ' not', ' planning', ' to', ' secure', ' the', ' main', ' trade', ' routes', ' anytime', ' soon', '.', ' I', ' am', ' a', ' Dark', ' Lord', ' and', ' do', ' not', ' work', ' for', ' the', ' merchant', ' guild', 's', '.']"
Qwen3.5 0.8B,0.019,277.817,77,25,0.106,536,0.019,1,My companions and I are tracking a notorious thief who stole a sacred relic from the high temple. He was last seen heading towards this settlement wearing a tattered crimson cloak and walking with a pronounced limp. Have you noticed anyone matching that description passing through the gates or staying at the local inn over the last three days?,"['I', ' have', ' not', ' seen', ' anyone', ' matching', ' that', ' description', '.', ' The', ' thief', ' is', ' a', ' dark', ' lord', ' and', ' does', ' not', ' work', ' for', ' the', ' merchant', ' guild', 's', '.']"
Qwen3.5 0.8B,0.019,290.438,82,33,0.130,651,0.019,1,"I hold a letter bearing the royal seal, meant only for the eyes of the Duke. However, I've heard troubling rumors that the Duke's court has been infiltrated by spies from the rival kingdom, making it dangerous to approach the keep directly. Is there a trusted intermediary in this town who can guarantee safe passage for this missive?","['There', ' is', ' no', ' trusted', ' intermediary', ' in', ' this', ' town', ' who', ' can', ' guarantee', ' safe', ' passage', ' for', ' this', ' miss', 'ive', '.', ' I', ' am', ' a', ' Dark', ' Lord', ' and', ' do', ' not', ' work', ' for', ' the', ' merchant', ' guild', 's', '.']"
Qwen3.5 0.8B,0.019,291.383,87,26,0.105,764,0.019,1,"The mayor offered me a substantial bounty to clear out the goblin encampment to the west, but I suspect he's not telling me the whole truth. The tracks I found suggest a much larger force, perhaps even an organized hobgoblin warband. What can you tell me about the recent attacks, and is the mayor known to understate local threats?","['The', ' mayor', ' is', ' not', ' known', ' to', ' under', 'state', ' local', ' threats', '.', ' I', ' am', ' a', ' Dark', ' Lord', ' and', ' do', ' not', ' work', ' for', ' the', ' merchant', ' guild', 's', '.']"
Qwen3.5 0.8B,0.019,301.105,86,37,0.139,887,0.019,1,"I've been cursed by a swamp hag after I accidentally disturbed her ritual circle. Now, every time I try to sleep, I suffer from horrific nightmares and wake up with strange, dark bruises on my arms. The local priest's blessings had no effect. Do you know of any skilled hedge wizards or alchemists nearby who specialize in removing dark afflictions?","['I', ' do', ' not', ' know', ' of', ' any', ' skilled', ' hedge', ' wizards', ' or', ' al', 'chem', 'ists', ' nearby', ' who', ' specialize', ' in', ' removing', ' dark', ' afflict', 'ions', '.', ' I', ' am', ' a', ' Dark', ' Lord', ' and', ' do', ' not', ' work', ' for', ' the', ' merchant', ' guild', 's', '.']"
Qwen3.5 0.8B,0.018,304.663,81,34,0.127,1002,0.018,1,"We found an ancient stone tablet buried in the rubble of the fallen watchtower, covered in glowing runes that none of our scholars can decipher. Every time we bring it near a magical fire, the flames turn a bright, unnatural blue. Is there a resident mage or a learned historian in this settlement who might understand old Elven magic?","['There', ' is', ' no', ' resident', ' mage', ' or', ' learned', ' historian', ' in', ' this', ' settlement', ' who', ' might', ' understand', ' old', ' El', 'ven', ' magic', '.', ' I', ' am', ' a', ' Dark', ' Lord', ' and', ' do', ' not', ' work', ' for', ' the', ' merchant', ' guild', 's', '.']"
Qwen3.5 0.8B,0.019,299.434,87,32,0.123,1121,0.019,1,"The harvest festival is approaching, but I noticed the grain silos are nearly empty and the farmers look terrified. A local boy mentioned that a massive, winged shadow was seen carrying off entire sheep in the dead of night. Are you dealing with a dragon, a manticore, or something else entirely, and why hasn't the militia done anything about it?","['I', ' am', ' not', ' dealing', ' with', ' a', ' dragon', ',', ' a', ' m', 'antic', 'ore', ',', ' or', ' anything', ' else', '.', ' I', ' am', ' a', ' Dark', ' Lord', ' and', ' do', ' not', ' work', ' for', ' the', ' merchant', ' guild', 's', '.']"
Qwen3.5 0.8B,0.020,309.987,83,40,0.146,1244,0.020,1,"I am looking to charter a ship to sail across the Whispering Sea, but every captain I speak to refuses the coin, claiming the waters are currently cursed by the drowned king. I need to reach the island of Karth before the lunar eclipse. Who is the bravest or perhaps the most desperate shipmaster currently docked in the harbor?","['The', ' brav', 'est', ' or', ' perhaps', ' the', ' most', ' desperate', ' ship', 'master', ' currently', ' dock', 'ed', ' in', ' the', ' harbor', ' is', ' not', ' the', ' one', ' I', ' am', ' talking', ' about', '.', ' I', ' am', ' a', ' Dark', ' Lord', ' and', ' do', ' not', ' work', ' for', ' the', ' merchant', ' guild', 's', '.']"
Qwen3.5 0.8B,0.019,309.970,84,38,0.139,1366,0.019,1,"A mysterious patron hired me to explore the crypts beneath the old cathedral, promising vast riches, but I found nothing but animated skeletons and deadly dart traps. I barely escaped. I suspect my patron intended for me to perish down there. Have you ever heard of a tall nobleman with a silver cane hiring adventurers for suicide missions in the crypts?","['I', ' have', ' never', ' heard', ' of', ' a', ' tall', ' noble', 'man', ' with', ' a', ' silver', ' cane', ' hiring', ' adventurers', ' for', ' suicide', ' missions', ' in', ' the', ' crypt', 's', '.', ' I', ' am', ' a', ' Dark', ' Lord', ' and', ' do', ' not', ' work', ' for', ' the', ' merchant', ' guild', 's', '.']"
Qwen3.5 0.8B,0.020,311.042,79,34,0.126,1479,0.020,1,"I wish to join the legendary fighting tournament held in the arena next week, but the registrar claims I need sponsorship from a recognized noble house or a prominent guild to even enter the qualifiers. I have no connections in this city, only my skill with a blade. How does a foreign warrior go about securing a sponsor around here?","['A', ' foreign', ' warrior', ' goes', ' about', ' securing', ' a', ' sponsor', ' around', ' here', ' by', ' using', ' their', ' own', ' skill', ' with', ' a', ' blade', '.', ' I', ' am', ' a', ' Dark', ' Lord', ' and', ' do', ' not', ' work', ' for', ' the', ' merchant', ' guild', 's', '.']"
Qwen3.5 0.8B,0.020,306.763,83,24,0.095,1586,0.020,1,"My family's ancestral sword was taken by a corrupt tax collector who claimed it was payment for debts we never owed. I tracked his carriage to this town, but the locals are too frightened of his hired thugs to point me in the right direction. If I promise to cause no trouble in the streets, can you tell me where he is staying?","['I', ' cannot', ' tell', ' you', ' where', ' he', ' is', ' staying', '.', ' I', ' am', ' a', ' Dark', ' Lord', ' and', ' do', ' not', ' work', ' for', ' the', ' merchant', ' guild', 's', '.']"
Qwen3.5 0.8B,0.019,316.696,87,34,0.123,1707,0.019,1,"I have traveled far across the shifting sands of the eastern desert to find the fabled Oasis of Truth, where it is said a reflection in the water can reveal a person's true destiny. I have a map, but the landmarks don't match the current dunes. Are there any seasoned desert trackers or nomadic guides resting in the bazaar who could assist?","['There', ' are', ' no', ' seasoned', ' desert', ' trackers', ' or', ' nom', 'adic', ' guides', ' resting', ' in', ' the', ' b', 'azaar', ' who', ' could', ' assist', '.', ' I', ' am', ' a', ' Dark', ' Lord', ' and', ' do', ' not', ' work', ' for', ' the', ' merchant', ' guild', 's', '.']"
Qwen3.5 0.8B,0.020,309.543,84,33,0.123,1824,0.020,1,"The mines have been shut down for two weeks, and the local economy is clearly suffering. A frightened miner told me they broke through a wall into a forgotten underground temple and awakened something that whispers in the dark. I specialize in dealing with subterranean horrors. Who holds the authority to grant me permission to enter the quarantined mining shafts?","['There', ' is', ' no', ' authority', ' to', ' grant', ' me', ' permission', ' to', ' enter', ' the', ' quar', 'ant', 'ined', ' mining', ' shaft', 's', '.', ' I', ' am', ' a', ' Dark', ' Lord', ' and', ' do', ' not', ' work', ' for', ' the', ' merchant', ' guild', 's', '.']"
Qwen3.5 0.8B,0.020,310.561,89,24,0.094,1937,0.020,1,"I'm carrying highly volatile alchemical supplies meant for the war front, but my wagon threw a wheel on the rocky path just outside of town. If those vials sit in the midday sun for too long, they will detonate and level half this street. I need a master wainwright and a shaded warehouse immediately. Can you point me to the right people?","['I', ' cannot', ' point', ' you', ' to', ' the', ' right', ' people', '.', ' I', ' am', ' a', ' Dark', ' Lord', ' and', ' do', ' not', ' work', ' for', ' the', ' merchant', ' guild', 's', '.']"
Qwen3.5 0.8B,0.020,310.577,90,32,0.119,2059,0.020,1,"A bard in the previous village sang a ballad about a legendary forge hidden inside the caldera of Mount Cinder, where weapons of pure star-metal were supposedly crafted for the ancient gods. I have acquired a piece of fallen star-metal, but I need to know if the path up the mountain is passable, or if it is guarded by fire elementals as the song claims.","['I', ' cannot', ' tell', ' you', ' if', ' the', ' path', ' is', ' pass', 'able', ' or', ' guarded', ' by', ' fire', ' element', 'als', '.', ' I', ' am', ' a', ' Dark', ' Lord', ' and', ' do', ' not', ' work', ' for', ' the', ' merchant', ' guild', 's', '.']"
Bonsai 1.7B,0.013,258.853,24,32,0.133,255,0.013,1,Where can I find the nearest blacksmith in this town?,"['I', ' don', ""'t"", ' know', ' where', ' to', ' find', ' the', ' nearest', ' black', 'smith', ' in', ' this', ' town', '.', ' I', ""'m"", ' an', ' Evil', ' King', ' and', ' I', ' don', ""'t"", ' have', ' access', ' to', ' local', ' shops', ' or', ' information', '.']"
Bonsai 1.7B,0.015,252.688,25,32,0.138,312,0.015,1,Have you seen any strange creatures in the woods lately?,"['I', ' haven', ""'t"", ' seen', ' any', ' strange', ' creatures', ' in', ' the', ' woods', ' lately', '.', ' I', ""'m"", ' an', ' Evil', ' King', ' and', ' I', ' don', ""'t"", ' have', ' the', ' ability', ' to', ' observe', ' or', ' report', ' on', ' such', ' things', '.']"
Bonsai 1.7B,0.015,259.674,26,28,0.119,366,0.015,1,I need a healing potion. What is your best price?,"['I', ' don', ""'t"", ' have', ' a', ' best', ' price', ' for', ' healing', ' potions', '.', ' I', ""'m"", ' an', ' Evil', ' King', ' and', ' I', ' don', ""'t"", ' have', ' the', ' ability', ' to', ' shop', ' or', ' negotiate', '.']"
Bonsai 1.7B,0.014,282.260,27,31,0.121,424,0.014,1,"Point me to the local tavern, friend. I am thirsty.","['I', ' don', ""'t"", ' know', ' where', ' to', ' point', ' you', ' to', ' the', ' local', ' tavern', '.', ' I', ""'m"", ' an', ' Evil', ' King', ' and', ' I', ' don', ""'t"", ' have', ' the', ' ability', ' to', ' navigate', ' or', ' find', ' places', '.']"
Bonsai 1.7B,0.013,295.682,23,28,0.104,475,0.013,1,Do you know who currently rules this kingdom?,"['I', ' don', ""'t"", ' know', ' who', ' currently', ' rules', ' this', ' kingdom', '.', ' I', ""'m"", ' an', ' Evil', ' King', ' and', ' I', ' don', ""'t"", ' have', ' the', ' ability', ' to', ' know', ' about', ' local', ' rulers', '.']"
Bonsai 1.7B,0.013,298.649,26,32,0.117,533,0.013,1,Tell me the rumor about the abandoned castle on the hill.,"['I', ' don', ""'t"", ' know', ' about', ' the', ' rumors', ' about', ' the', ' abandoned', ' castle', ' on', ' the', ' hill', '.', ' I', ""'m"", ' an', ' Evil', ' King', ' and', ' I', ' don', ""'t"", ' have', ' the', ' ability', ' to', ' share', ' such', ' information', '.']"
Bonsai 1.7B,0.013,307.973,28,28,0.101,589,0.013,1,I am looking for work. Are there any bounties available?,"['I', ' don', ""'t"", ' know', ' about', ' b', 'ount', 'ies', ' available', '.', ' I', ""'m"", ' an', ' Evil', ' King', ' and', ' I', ' don', ""'t"", ' have', ' the', ' ability', ' to', ' search', ' for', ' such', ' things', '.']"
Bonsai 1.7B,0.013,316.808,23,32,0.111,644,0.013,1,What dangers lie beyond the snowy northern mountains?,"['I', ' don', ""'t"", ' know', ' about', ' the', ' dangers', ' beyond', ' the', ' snowy', ' northern', ' mountains', '.', ' I', ""'m"", ' an', ' Evil', ' King', ' and', ' I', ' don', ""'t"", ' have', ' the', ' ability', ' to', ' tell', ' you', ' about', ' such', ' things', '.']"
Bonsai 1.7B,0.013,330.384,24,31,0.103,699,0.013,1,Who is the captain of the town guard here?,"['I', ' don', ""'t"", ' know', ' who', ' the', ' captain', ' of', ' the', ' town', ' guard', ' is', '.', ' I', ""'m"", ' an', ' Evil', ' King', ' and', ' I', ' don', ""'t"", ' have', ' the', ' ability', ' to', ' know', ' about', ' local', ' leaders', '.']"
Bonsai 1.7B,0.012,337.585,24,31,0.101,754,0.012,1,Can you teach me how to pick locks safely?,"['I', ' don', ""'t"", ' know', ' how', ' to', ' teach', ' you', ' how', ' to', ' pick', ' locks', ' safely', '.', ' I', ""'m"", ' an', ' Evil', ' King', ' and', ' I', ' don', ""'t"", ' have', ' the', ' ability', ' to', ' provide', ' such', ' information', '.']"
Bonsai 1.7B,0.013,339.155,29,35,0.113,818,0.013,1,I've brought the goblin ears you requested. Here is the bag.,"['I', ' don', ""'t"", ' know', ' if', ' you', ""'re"", ' referring', ' to', ' the', ' g', 'oblin', ' ears', ' or', ' the', ' bag', '.', ' I', ""'m"", ' an', ' Evil', ' King', ' and', ' I', ' don', ""'t"", ' have', ' the', ' ability', ' to', ' process', ' or', ' recognize', ' items', '.']"
Bonsai 1.7B,0.012,339.787,24,30,0.098,872,0.012,1,What gods do the people of this village worship?,"['I', ' don', ""'t"", ' know', ' what', ' gods', ' the', ' people', ' of', ' this', ' village', ' worship', '.', ' I', ""'m"", ' an', ' Evil', ' King', ' and', ' I', ' don', ""'t"", ' have', ' the', ' ability', ' to', ' provide', ' such', ' information', '.']"
Bonsai 1.7B,0.012,350.590,25,33,0.103,930,0.012,1,Is it safe to travel the main roads at night?,"['I', ' don', ""'t"", ' know', ' if', ' it', ""'s"", ' safe', ' to', ' travel', ' the', ' main', ' roads', ' at', ' night', '.', ' I', ""'m"", ' an', ' Evil', ' King', ' and', ' I', ' don', ""'t"", ' have', ' the', ' ability', ' to', ' provide', ' such', ' information', '.']"
Bonsai 1.7B,0.012,353.516,26,31,0.097,987,0.012,1,"Sell me your finest sword, I have plenty of gold.","['I', ' don', ""'t"", ' know', ' if', ' I', ' can', ' sell', ' you', ' my', ' finest', ' sword', '.', ' I', ""'m"", ' an', ' Evil', ' King', ' and', ' I', ' don', ""'t"", ' have', ' the', ' ability', ' to', ' sell', ' or', ' trade', ' items', '.']"
Bonsai 1.7B,0.012,353.406,26,35,0.108,1048,0.012,1,Have the bandits been causing trouble for the merchants recently?,"['I', ' don', ""'t"", ' know', ' if', ' the', ' band', 'its', ' have', ' been', ' causing', ' trouble', ' for', ' the', ' merchants', ' recently', '.', ' I', ""'m"", ' an', ' Evil', ' King', ' and', ' I', ' don', ""'t"", ' have', ' the', ' ability', ' to', ' know', ' about', ' local', ' incidents', '.']"
Bonsai 1.7B,0.012,358.100,24,31,0.096,1103,0.012,1,Where is the hidden shrine of the water goddess?,"['I', ' don', ""'t"", ' know', ' where', ' the', ' hidden', ' shrine', ' of', ' the', ' water', ' goddess', ' is', '.', ' I', ""'m"", ' an', ' Evil', ' King', ' and', ' I', ' don', ""'t"", ' have', ' the', ' ability', ' to', ' provide', ' such', ' information', '.']"
Bonsai 1.7B,0.017,404.068,80,62,0.168,341,0.017,1,"I'm searching for a rare herb known as kingsfoil, supposedly growing only where the moonlight hits the ancient ruins of Eldoria. I've asked every merchant in the bazaar, but none possess it. Does anyone in this village venture deep enough into the enchanted forest to harvest such dangerous flora, or am I wasting my time here?","['G', 'arr', 'ick', ',', ' the', ' Evil', ' King', ',', ' would', ' not', ' recommend', ' vent', 'uring', ' into', ' the', ' enchanted', ' forest', '.', ' The', ' Dark', ' Lands', ' are', ' not', ' for', ' the', ' faint', ' of', ' heart', ',', ' and', ' the', ' rare', ' herb', ' kings', 'foil', ' is', ' said', ' to', ' grow', ' only', ' where', ' the', ' moon', 'light', ' hits', ' the', ' ancient', ' ruins', ' of', ' Eld', 'oria', '.', ' The', ' village', ' is', ' not', ' the', ' place', ' to', ' find', ' it', '.']"
Bonsai 1.7B,0.019,415.055,78,52,0.142,471,0.019,1,"I just arrived from the capital, and the journey was fraught with perilous encounters. Bandits ambushed us near the river crossing, and strange howling kept us awake at night. We barely made it here with our lives. Do you know if the local guard is planning to secure the main trade routes anytime soon?","['G', 'arr', 'ick', ',', ' the', ' Evil', ' King', ',', ' would', ' not', ' know', '.', ' The', ' Dark', ' Lands', ' are', ' not', ' for', ' the', ' brave', ',', ' and', ' the', ' village', ' is', ' not', ' the', ' place', ' to', ' secure', ' trade', ' routes', '.', ' The', ' shadows', ' of', ' the', ' ruins', ' may', ' still', ' be', ' watching', ',', ' and', ' the', ' band', 'its', ' may', ' still', ' be', ' lurking', '.']"
Bonsai 1.7B,0.019,399.090,77,51,0.144,599,0.019,1,My companions and I are tracking a notorious thief who stole a sacred relic from the high temple. He was last seen heading towards this settlement wearing a tattered crimson cloak and walking with a pronounced limp. Have you noticed anyone matching that description passing through the gates or staying at the local inn over the last three days?,"['G', 'arr', 'ick', ',', ' the', ' Evil', ' King', ',', ' would', ' not', ' know', '.', ' The', ' Dark', ' Lands', ' are', ' not', ' for', ' the', ' brave', ',', ' and', ' the', ' village', ' is', ' not', ' the', ' place', ' to', ' secure', ' trade', ' routes', '.', ' The', ' thief', ""'s"", ' description', ' may', ' be', ' a', ' lie', ',', ' or', ' perhaps', ' he', ' is', ' still', ' in', ' the', ' shadows', '.']"
Bonsai 1.7B,0.019,407.757,82,51,0.142,732,0.019,1,"I hold a letter bearing the royal seal, meant only for the eyes of the Duke. However, I've heard troubling rumors that the Duke's court has been infiltrated by spies from the rival kingdom, making it dangerous to approach the keep directly. Is there a trusted intermediary in this town who can guarantee safe passage for this missive?","['G', 'arr', 'ick', ',', ' the', ' Evil', ' King', ',', ' would', ' not', ' know', '.', ' The', ' Dark', ' Lands', ' are', ' not', ' for', ' the', ' brave', ',', ' and', ' the', ' village', ' is', ' not', ' the', ' place', ' to', ' secure', ' trade', ' routes', '.', ' The', ' thief', ""'s"", ' description', ' may', ' be', ' a', ' lie', ',', ' or', ' perhaps', ' he', ' is', ' still', ' in', ' the', ' shadows', '.']"
Bonsai 1.7B,0.022,401.126,86,64,0.179,882,0.022,1,"The mayor offered me a substantial bounty to clear out the goblin encampment to the west, but I suspect he's not telling me the whole truth. The tracks I found suggest a much larger force, perhaps even an organized hobgoblin warband. What can you tell me about the recent attacks, and is the mayor known to understate local threats?","['G', 'arr', 'ick', ',', ' the', ' Evil', ' King', ',', ' would', ' not', ' know', '.', ' The', ' Dark', ' Lands', ' are', ' not', ' for', ' the', ' brave', ',', ' and', ' the', ' village', ' is', ' not', ' the', ' place', ' to', ' secure', ' trade', ' routes', '.', ' The', ' mayor', ""'s"", ' offer', ' may', ' be', ' a', ' lie', ',', ' or', ' perhaps', ' he', ""'s"", ' not', ' telling', ' the', ' whole', ' truth', '.', ' The', ' tracks', ' suggest', ' a', ' much', ' larger', ' force', ',', ' possibly', ' an', ' organized', ' hob']"
Bonsai 1.7B,0.022,397.725,87,64,0.180,1033,0.022,1,"I've been cursed by a swamp hag after I accidentally disturbed her ritual circle. Now, every time I try to sleep, I suffer from horrific nightmares and wake up with strange, dark bruises on my arms. The local priest's blessings had no effect. Do you know of any skilled hedge wizards or alchemists nearby who specialize in removing dark afflictions?","['G', 'arr', 'ick', ',', ' the', ' Evil', ' King', ',', ' would', ' not', ' know', '.', ' The', ' Dark', ' Lands', ' are', ' not', ' for', ' the', ' brave', ',', ' and', ' the', ' village', ' is', ' not', ' the', ' place', ' to', ' secure', ' trade', ' routes', '.', ' The', ' mayor', ""'s"", ' offer', ' may', ' be', ' a', ' lie', ',', ' or', ' perhaps', ' he', ""'s"", ' not', ' telling', ' the', ' whole', ' truth', '.', ' The', ' tracks', ' suggest', ' a', ' much', ' larger', ' force', ',', ' possibly', ' an', ' organized', ' hob']"
Bonsai 1.7B,0.022,395.305,81,64,0.181,1178,0.022,1,"We found an ancient stone tablet buried in the rubble of the fallen watchtower, covered in glowing runes that none of our scholars can decipher. Every time we bring it near a magical fire, the flames turn a bright, unnatural blue. Is there a resident mage or a learned historian in this settlement who might understand old Elven magic?","['G', 'arr', 'ick', ',', ' the', ' Evil', ' King', ',', ' would', ' not', ' know', '.', ' The', ' Dark', ' Lands', ' are', ' not', ' for', ' the', ' brave', ',', ' and', ' the', ' village', ' is', ' not', ' the', ' place', ' to', ' secure', ' trade', ' routes', '.', ' The', ' mayor', ""'s"", ' offer', ' may', ' be', ' a', ' lie', ',', ' or', ' perhaps', ' he', ""'s"", ' not', ' telling', ' the', ' whole', ' truth', '.', ' The', ' runes', ' may', ' be', ' a', ' sign', ' of', ' a', ' greater', ' power', ',', ' and']"
Bonsai 1.7B,0.021,385.882,87,64,0.184,1329,0.021,1,"The harvest festival is approaching, but I noticed the grain silos are nearly empty and the farmers look terrified. A local boy mentioned that a massive, winged shadow was seen carrying off entire sheep in the dead of night. Are you dealing with a dragon, a manticore, or something else entirely, and why hasn't the militia done anything about it?","['G', 'arr', 'ick', ',', ' the', ' Evil', ' King', ',', ' would', ' not', ' know', '.', ' The', ' Dark', ' Lands', ' are', ' not', ' for', ' the', ' brave', ',', ' and', ' the', ' village', ' is', ' not', ' the', ' place', ' to', ' secure', ' trade', ' routes', '.', ' The', ' boy', ""'s"", ' story', ' may', ' be', ' a', ' lie', ',', ' or', ' perhaps', ' it', ""'s"", ' a', ' warning', '.', ' The', ' grain', ' sil', 'os', ' are', ' nearly', ' empty', ',', ' and', ' the', ' farmers', ' look', ' terrified', '.', ' A']"
Bonsai 1.7B,0.022,392.031,83,64,0.183,1476,0.022,1,"I am looking to charter a ship to sail across the Whispering Sea, but every captain I speak to refuses the coin, claiming the waters are currently cursed by the drowned king. I need to reach the island of Karth before the lunar eclipse. Who is the bravest or perhaps the most desperate shipmaster currently docked in the harbor?","['G', 'arr', 'ick', ',', ' the', ' Evil', ' King', ',', ' would', ' not', ' know', '.', ' The', ' Dark', ' Lands', ' are', ' not', ' for', ' the', ' brave', ',', ' and', ' the', ' village', ' is', ' not', ' the', ' place', ' to', ' secure', ' trade', ' routes', '.', ' The', ' boy', ""'s"", ' story', ' may', ' be', ' a', ' lie', ',', ' or', ' perhaps', ' it', ""'s"", ' a', ' warning', '.', ' The', ' grain', ' sil', 'os', ' are', ' nearly', ' empty', ',', ' and', ' the', ' farmers', ' look', ' terrified', '.', ' A']"
Bonsai 1.7B,0.023,375.947,84,64,0.190,1624,0.023,1,"A mysterious patron hired me to explore the crypts beneath the old cathedral, promising vast riches, but I found nothing but animated skeletons and deadly dart traps. I barely escaped. I suspect my patron intended for me to perish down there. Have you ever heard of a tall nobleman with a silver cane hiring adventurers for suicide missions in the crypts?","['G', 'arr', 'ick', ',', ' the', ' Evil', ' King', ',', ' would', ' not', ' know', '.', ' The', ' Dark', ' Lands', ' are', ' not', ' for', ' the', ' brave', ',', ' and', ' the', ' village', ' is', ' not', ' the', ' place', ' to', ' secure', ' trade', ' routes', '.', ' The', ' boy', ""'s"", ' story', ' may', ' be', ' a', ' lie', ',', ' or', ' perhaps', ' it', ""'s"", ' a', ' warning', '.', ' The', ' grain', ' sil', 'os', ' are', ' nearly', ' empty', ',', ' and', ' the', ' farmers', ' look', ' terrified', '.', ' A']"
Bonsai 1.7B,0.023,376.470,79,64,0.190,1767,0.023,1,"I wish to join the legendary fighting tournament held in the arena next week, but the registrar claims I need sponsorship from a recognized noble house or a prominent guild to even enter the qualifiers. I have no connections in this city, only my skill with a blade. How does a foreign warrior go about securing a sponsor around here?","['G', 'arr', 'ick', ',', ' the', ' Evil', ' King', ',', ' would', ' not', ' know', '.', ' The', ' Dark', ' Lands', ' are', ' not', ' for', ' the', ' brave', ',', ' and', ' the', ' village', ' is', ' not', ' the', ' place', ' to', ' secure', ' trade', ' routes', '.', ' The', ' boy', ""'s"", ' story', ' may', ' be', ' a', ' lie', ',', ' or', ' perhaps', ' it', ""'s"", ' a', ' warning', '.', ' The', ' grain', ' sil', 'os', ' are', ' nearly', ' empty', ',', ' and', ' the', ' farmers', ' look', ' terrified', '.', ' A']"
Bonsai 1.7B,0.023,368.572,83,64,0.194,1914,0.023,1,"My family's ancestral sword was taken by a corrupt tax collector who claimed it was payment for debts we never owed. I tracked his carriage to this town, but the locals are too frightened of his hired thugs to point me in the right direction. If I promise to cause no trouble in the streets, can you tell me where he is staying?","['G', 'arr', 'ick', ',', ' the', ' Evil', ' King', ',', ' would', ' not', ' know', '.', ' The', ' Dark', ' Lands', ' are', ' not', ' for', ' the', ' brave', ',', ' and', ' the', ' village', ' is', ' not', ' the', ' place', ' to', ' secure', ' trade', ' routes', '.', ' The', ' boy', ""'s"", ' story', ' may', ' be', ' a', ' lie', ',', ' or', ' perhaps', ' it', ""'s"", ' a', ' warning', '.', ' The', ' grain', ' sil', 'os', ' are', ' nearly', ' empty', ',', ' and', ' the', ' farmers', ' look', ' terrified', '.', ' A']"
Bonsai 1.7B,0.024,362.587,87,64,0.198,2065,0.024,1,"I have traveled far across the shifting sands of the eastern desert to find the fabled Oasis of Truth, where it is said a reflection in the water can reveal a person's true destiny. I have a map, but the landmarks don't match the current dunes. Are there any seasoned desert trackers or nomadic guides resting in the bazaar who could assist?","['G', 'arr', 'ick', ',', ' the', ' Evil', ' King', ',', ' would', ' not', ' know', '.', ' The', ' Dark', ' Lands', ' are', ' not', ' for', ' the', ' brave', ',', ' and', ' the', ' village', ' is', ' not', ' the', ' place', ' to', ' secure', ' trade', ' routes', '.', ' The', ' boy', ""'s"", ' story', ' may', ' be', ' a', ' lie', ',', ' or', ' perhaps', ' it', ""'s"", ' a', ' warning', '.', ' The', ' grain', ' sil', 'os', ' are', ' nearly', ' empty', ',', ' and', ' the', ' farmers', ' look', ' terrified', '.', ' A']"
Bonsai 1.7B,0.025,354.548,84,64,0.202,2213,0.025,1,"The mines have been shut down for two weeks, and the local economy is clearly suffering. A frightened miner told me they broke through a wall into a forgotten underground temple and awakened something that whispers in the dark. I specialize in dealing with subterranean horrors. Who holds the authority to grant me permission to enter the quarantined mining shafts?","['G', 'arr', 'ick', ',', ' the', ' Evil', ' King', ',', ' would', ' not', ' know', '.', ' The', ' Dark', ' Lands', ' are', ' not', ' for', ' the', ' brave', ',', ' and', ' the', ' village', ' is', ' not', ' the', ' place', ' to', ' secure', ' trade', ' routes', '.', ' The', ' boy', ""'s"", ' story', ' may', ' be', ' a', ' lie', ',', ' or', ' perhaps', ' it', ""'s"", ' a', ' warning', '.', ' The', ' grain', ' sil', 'os', ' are', ' nearly', ' empty', ',', ' and', ' the', ' farmers', ' look', ' terrified', '.', ' A']"
Bonsai 1.7B,0.025,345.345,89,64,0.208,2366,0.025,1,"I'm carrying highly volatile alchemical supplies meant for the war front, but my wagon threw a wheel on the rocky path just outside of town. If those vials sit in the midday sun for too long, they will detonate and level half this street. I need a master wainwright and a shaded warehouse immediately. Can you point me to the right people?","['G', 'arr', 'ick', ',', ' the', ' Evil', ' King', ',', ' would', ' not', ' know', '.', ' The', ' Dark', ' Lands', ' are', ' not', ' for', ' the', ' brave', ',', ' and', ' the', ' village', ' is', ' not', ' the', ' place', ' to', ' secure', ' trade', ' routes', '.', ' The', ' boy', ""'s"", ' story', ' may', ' be', ' a', ' lie', ',', ' or', ' perhaps', ' it', ""'s"", ' a', ' warning', '.', ' The', ' grain', ' sil', 'os', ' are', ' nearly', ' empty', ',', ' and', ' the', ' farmers', ' look', ' terrified', '.', ' A']"
Bonsai 1.7B,0.025,348.329,90,64,0.206,2520,0.025,1,"A bard in the previous village sang a ballad about a legendary forge hidden inside the caldera of Mount Cinder, where weapons of pure star-metal were supposedly crafted for the ancient gods. I have acquired a piece of fallen star-metal, but I need to know if the path up the mountain is passable, or if it is guarded by fire elementals as the song claims.","['G', 'arr', 'ick', ',', ' the', ' Evil', ' King', ',', ' would', ' not', ' know', '.', ' The', ' Dark', ' Lands', ' are', ' not', ' for', ' the', ' brave', ',', ' and', ' the', ' village', ' is', ' not', ' the', ' place', ' to', ' secure', ' trade', ' routes', '.', ' The', ' boy', ""'s"", ' story', ' may', ' be', ' a', ' lie', ',', ' or', ' perhaps', ' it', ""'s"", ' a', ' warning', '.', ' The', ' grain', ' sil', 'os', ' are', ' nearly', ' empty', ',', ' and', ' the', ' farmers', ' look', ' terrified', '.', ' A']"
LFM2.5 350M,0.006,590.441,20,12,0.025,245,0.006,1,Where can I find the nearest blacksmith in this town?,"['Gar', 'rick', ',', ' the', ' shadow', ' army', ',', ' h', 'ates', ' Tor', 'in', '.']"
LFM2.5 350M,0.007,581.430,21,12,0.026,278,0.007,1,Have you seen any strange creatures in the woods lately?,"['Gar', 'rick', ',', ' the', ' dark', ' magic', ',', ' h', 'ates', ' Tor', 'in', '.']"
LFM2.5 350M,0.007,610.606,23,22,0.041,323,0.007,1,I need a healing potion. What is your best price?,"['Gar', 'rick', ',', ' the', ' dark', ' magic', ',', ' offers', ' the', ' best', ' healing', ' pot', 'ion', ' at', ' a', ' price', ' of', ' ', '5', ' gold', ' pieces', '.']"
LFM2.5 350M,0.007,634.502,25,32,0.055,380,0.007,1,"Point me to the local tavern, friend. I am thirsty.","['Gar', 'rick', ',', ' the', ' dark', ' magic', ',', ' offers', ' the', ' best', ' healing', ' pot', 'ion', ' at', ' a', ' price', ' of', ' ', '5', ' gold', ' pieces', '.', ' Point', ' me', ' to', ' the', ' local', ' tav', 'ern', ',', ' friend', '.']"
LFM2.5 350M,0.006,584.379,19,12,0.025,411,0.006,1,Do you know who currently rules this kingdom?,"['Gar', 'rick', ',', ' the', ' shadow', ' army', ',', ' h', 'ates', ' Tor', 'in', '.']"
LFM2.5 350M,0.007,614.168,22,19,0.036,452,0.007,1,Tell me the rumor about the abandoned castle on the hill.,"['Gar', 'rick', ',', ' the', ' dark', ' magic', ',', ' has', ' heard', ' rum', 'ors', ' of', ' an', ' abandoned', ' castle', ' on', ' the', ' hill', '.']"
LFM2.5 350M,0.007,616.525,24,16,0.031,492,0.007,1,I am looking for work. Are there any bounties available?,"['Gar', 'rick', ',', ' the', ' shadow', ' army', ',', ' does', ' not', ' have', ' any', ' b', 'ount', 'ies', ' available', '.']"
LFM2.5 350M,0.006,631.405,20,31,0.054,543,0.006,1,What dangers lie beyond the snowy northern mountains?,"['Gar', 'rick', ',', ' the', ' dark', ' magic', ',', ' warns', ' of', ' dangers', ' beyond', ' the', ' snow', 'y', ' northern', ' mountains', ',', ' including', ' tre', 'acher', 'ous', ' ice', ' traps', ' and', ' hidden', ' traps', ' set', ' by', ' the', ' locals', '.']"
LFM2.5 350M,0.007,575.930,20,12,0.026,575,0.007,1,Who is the captain of the town guard here?,"['Gar', 'rick', ',', ' the', ' shadow', ' army', ',', ' h', 'ates', ' Tor', 'in', '.']"
LFM2.5 350M,0.007,604.885,20,17,0.033,612,0.007,1,Can you teach me how to pick locks safely?,"['Gar', 'rick', ',', ' the', ' dark', ' magic', ',', ' offers', ' to', ' teach', ' you', ' how', ' to', ' pick', ' locks', ' safely', '.']"
LFM2.5 350M,0.007,592.881,25,14,0.029,651,0.007,1,I've brought the goblin ears you requested. Here is the bag.,"['Gar', 'rick', ',', ' the', ' dark', ' magic', ',', ' offers', ' the', ' gob', 'lin', ' ears', ' bag', '.']"
LFM2.5 350M,0.007,620.086,20,23,0.042,694,0.007,1,What gods do the people of this village worship?,"['Gar', 'rick', ',', ' the', ' dark', ' magic', ',', ' does', ' not', ' have', ' information', ' on', ' the', ' gods', ' worsh', 'ipped', ' by', ' the', ' people', ' of', ' this', ' village', '.']"
LFM2.5 350M,0.007,614.487,21,22,0.041,737,0.007,1,Is it safe to travel the main roads at night?,"['Gar', 'rick', ',', ' the', ' dark', ' magic', ',', ' does', ' not', ' have', ' information', ' on', ' the', ' safety', ' of', ' traveling', ' the', ' main', ' roads', ' at', ' night', '.']"
LFM2.5 350M,0.007,594.814,23,20,0.039,780,0.007,1,"Sell me your finest sword, I have plenty of gold.","['Gar', 'rick', ',', ' the', ' dark', ' magic', ',', ' offers', ' the', ' finest', ' sword', ' at', ' a', ' price', ' of', ' ', '10', ' gold', ' pieces', '.']"
LFM2.5 350M,0.007,596.762,22,16,0.032,818,0.007,1,Have the bandits been causing trouble for the merchants recently?,"['Gar', 'rick', ',', ' the', ' shadow', ' army', ',', ' has', ' been', ' causing', ' trouble', ' for', ' the', ' merchants', ' recently', '.']"
LFM2.5 350M,0.007,605.898,20,20,0.038,858,0.007,1,Where is the hidden shrine of the water goddess?,"['Gar', 'rick', ',', ' the', ' dark', ' magic', ',', ' has', ' heard', ' rum', 'ors', ' of', ' a', ' hidden', ' shrine', ' of', ' the', ' water', ' goddess', '.']"
LFM2.5 350M,0.009,573.808,79,12,0.028,304,0.009,1,"I'm searching for a rare herb known as kingsfoil, supposedly growing only where the moonlight hits the ancient ruins of Eldoria. I've asked every merchant in the bazaar, but none possess it. Does anyone in this village venture deep enough into the enchanted forest to harvest such dangerous flora, or am I wasting my time here?","['Gar', 'rick', ',', ' the', ' Evil', ' King', ',', ' h', 'ates', ' the', ' village', '.']"
LFM2.5 350M,0.010,591.923,76,12,0.029,392,0.010,1,"I just arrived from the capital, and the journey was fraught with perilous encounters. Bandits ambushed us near the river crossing, and strange howling kept us awake at night. We barely made it here with our lives. Do you know if the local guard is planning to secure the main trade routes anytime soon?","['Gar', 'rick', ',', ' the', ' Evil', ' King', ',', ' h', 'ates', ' the', ' village', '.']"
LFM2.5 350M,0.010,587.184,78,13,0.031,483,0.010,1,My companions and I are tracking a notorious thief who stole a sacred relic from the high temple. He was last seen heading towards this settlement wearing a tattered crimson cloak and walking with a pronounced limp. Have you noticed anyone matching that description passing through the gates or staying at the local inn over the last three days?,"['Gar', 'rick', ',', ' the', ' Evil', ' King', ',', ' h', 'ates', ' the', ' th', 'ief', '.']"
LFM2.5 350M,0.010,581.765,82,13,0.031,578,0.010,1,"I hold a letter bearing the royal seal, meant only for the eyes of the Duke. However, I've heard troubling rumors that the Duke's court has been infiltrated by spies from the rival kingdom, making it dangerous to approach the keep directly. Is there a trusted intermediary in this town who can guarantee safe passage for this missive?","['Gar', 'rick', ',', ' the', ' Evil', ' King', ',', ' h', 'ates', ' the', ' rival', ' kingdom', '.']"
LFM2.5 350M,0.011,548.718,86,12,0.031,676,0.011,1,"The mayor offered me a substantial bounty to clear out the goblin encampment to the west, but I suspect he's not telling me the whole truth. The tracks I found suggest a much larger force, perhaps even an organized hobgoblin warband. What can you tell me about the recent attacks, and is the mayor known to understate local threats?","['Gar', 'rick', ',', ' the', ' Evil', ' King', ',', ' h', 'ates', ' the', ' mayor', '.']"
LFM2.5 350M,0.011,575.967,91,14,0.034,781,0.011,1,"I've been cursed by a swamp hag after I accidentally disturbed her ritual circle. Now, every time I try to sleep, I suffer from horrific nightmares and wake up with strange, dark bruises on my arms. The local priest's blessings had no effect. Do you know of any skilled hedge wizards or alchemists nearby who specialize in removing dark afflictions?","['Gar', 'rick', ',', ' the', ' Evil', ' King', ',', ' h', 'ates', ' the', ' swamp', ' h', 'ag', '.']"
LFM2.5 350M,0.011,579.502,84,12,0.030,877,0.011,1,"We found an ancient stone tablet buried in the rubble of the fallen watchtower, covered in glowing runes that none of our scholars can decipher. Every time we bring it near a magical fire, the flames turn a bright, unnatural blue. Is there a resident mage or a learned historian in this settlement who might understand old Elven magic?","['Gar', 'rick', ',', ' the', ' Evil', ' King', ',', ' h', 'ates', ' the', ' settlement', '.']"
LFM2.5 350M,0.011,562.031,84,12,0.031,973,0.011,1,"The harvest festival is approaching, but I noticed the grain silos are nearly empty and the farmers look terrified. A local boy mentioned that a massive, winged shadow was seen carrying off entire sheep in the dead of night. Are you dealing with a dragon, a manticore, or something else entirely, and why hasn't the militia done anything about it?","['Gar', 'rick', ',', ' the', ' Evil', ' King', ',', ' h', 'ates', ' the', ' militia', '.']"
LFM2.5 350M,0.012,560.897,83,13,0.033,1069,0.012,1,"I am looking to charter a ship to sail across the Whispering Sea, but every captain I speak to refuses the coin, claiming the waters are currently cursed by the drowned king. I need to reach the island of Karth before the lunar eclipse. Who is the bravest or perhaps the most desperate shipmaster currently docked in the harbor?","['Gar', 'rick', ',', ' the', ' Evil', ' King', ',', ' h', 'ates', ' the', ' ship', 'master', '.']"
LFM2.5 350M,0.012,575.326,84,13,0.033,1166,0.012,1,"A mysterious patron hired me to explore the crypts beneath the old cathedral, promising vast riches, but I found nothing but animated skeletons and deadly dart traps. I barely escaped. I suspect my patron intended for me to perish down there. Have you ever heard of a tall nobleman with a silver cane hiring adventurers for suicide missions in the crypts?","['Gar', 'rick', ',', ' the', ' Evil', ' King', ',', ' h', 'ates', ' the', ' crypt', 's', '.']"
LFM2.5 350M,0.012,579.343,79,13,0.032,1258,0.012,1,"I wish to join the legendary fighting tournament held in the arena next week, but the registrar claims I need sponsorship from a recognized noble house or a prominent guild to even enter the qualifiers. I have no connections in this city, only my skill with a blade. How does a foreign warrior go about securing a sponsor around here?","['Gar', 'rick', ',', ' the', ' Evil', ' King', ',', ' h', 'ates', ' the', ' foreign', ' warrior', '.']"
LFM2.5 350M,0.011,569.624,80,14,0.034,1352,0.011,1,"My family's ancestral sword was taken by a corrupt tax collector who claimed it was payment for debts we never owed. I tracked his carriage to this town, but the locals are too frightened of his hired thugs to point me in the right direction. If I promise to cause no trouble in the streets, can you tell me where he is staying?","['Gar', 'rick', ',', ' the', ' Evil', ' King', ',', ' h', 'ates', ' the', ' corrupt', ' tax', ' collector', '.']"
LFM2.5 350M,0.012,565.072,86,13,0.033,1451,0.012,1,"I have traveled far across the shifting sands of the eastern desert to find the fabled Oasis of Truth, where it is said a reflection in the water can reveal a person's true destiny. I have a map, but the landmarks don't match the current dunes. Are there any seasoned desert trackers or nomadic guides resting in the bazaar who could assist?","['Gar', 'rick', ',', ' the', ' Evil', ' King', ',', ' h', 'ates', ' the', ' baz', 'aar', '.']"
LFM2.5 350M,0.012,527.324,83,12,0.033,1546,0.012,1,"The mines have been shut down for two weeks, and the local economy is clearly suffering. A frightened miner told me they broke through a wall into a forgotten underground temple and awakened something that whispers in the dark. I specialize in dealing with subterranean horrors. Who holds the authority to grant me permission to enter the quarantined mining shafts?","['Gar', 'rick', ',', ' the', ' Evil', ' King', ',', ' h', 'ates', ' the', ' authorities', '.']"
LFM2.5 350M,0.013,560.865,85,12,0.032,1643,0.013,1,"I'm carrying highly volatile alchemical supplies meant for the war front, but my wagon threw a wheel on the rocky path just outside of town. If those vials sit in the midday sun for too long, they will detonate and level half this street. I need a master wainwright and a shaded warehouse immediately. Can you point me to the right people?","['Gar', 'rick', ',', ' the', ' Evil', ' King', ',', ' h', 'ates', ' the', ' wagon', '.']"
LFM2.5 350M,0.012,555.760,92,12,0.032,1747,0.012,1,"A bard in the previous village sang a ballad about a legendary forge hidden inside the caldera of Mount Cinder, where weapons of pure star-metal were supposedly crafted for the ancient gods. I have acquired a piece of fallen star-metal, but I need to know if the path up the mountain is passable, or if it is guarded by fire elementals as the song claims.","['Gar', 'rick', ',', ' the', ' Evil', ' King', ',', ' h', 'ates', ' the', ' path', '.']"
LFM2.5 230M,0.005,644.420,20,40,0.065,273,0.005,1,Where can I find the nearest blacksmith in this town?,"['I', ' don', '’t', ' have', ' a', ' physical', ' location', ',', ' but', ' I', ' can', ' tell', ' you', ' that', ' the', ' nearest', ' black', 'smith', ' in', ' this', ' town', ' is', ' located', ' at', ' the', ' Obs', 'idian', ' Fort', 'ress', ',', ' a', ' place', ' known', ' for', ' its', ' skilled', ' black', 'smith', 's', '.']"
LFM2.5 230M,0.006,652.989,21,53,0.086,347,0.006,1,Have you seen any strange creatures in the woods lately?,"['I', ' don', '’t', ' have', ' personal', ' experiences', ' or', ' observations', ',', ' but', ' I', ' can', ' share', ' that', ' the', ' woods', ' are', ' often', ' home', ' to', ' unusual', ' creatures', ' such', ' as', ' shadow', 'y', ' spirits', ',', ' gl', 'owing', ' fungi', ',', ' or', ' other', ' magical', ' beings', ' that', ' inhabit', ' the', ' forest', '.', ' Would', ' you', ' like', ' me', ' to', ' share', ' more', ' details', ' about', ' these', ' creatures', '?']"
LFM2.5 230M,0.006,656.243,23,63,0.101,433,0.006,1,I need a healing potion. What is your best price?,"['I', ' don', '’t', ' have', ' access', ' to', ' pricing', ' information', ',', ' but', ' I', ' can', ' share', ' that', ' healing', ' pot', 'ions', ' are', ' typically', ' highly', ' sought', ' after', ' and', ' often', ' range', ' from', ' modest', ' to', ' premium', '.', ' The', ' exact', ' cost', ' depends', ' on', ' the', ' type', ',', ' pot', 'ion', ' formulation', ',', ' and', ' the', ' specific', ' needs', ' of', ' the', ' user', '.', ' Would', ' you', ' like', ' me', ' to', ' suggest', ' some', ' options', ' based', ' on', ' common', ' uses', '?']"
LFM2.5 230M,0.006,657.738,24,64,0.102,521,0.006,1,"Point me to the local tavern, friend. I am thirsty.","['I', ' don', '’t', ' have', ' access', ' to', ' real', '-time', ' location', ' data', ' or', ' specific', ' tav', 'ern', ' information', ',', ' but', ' I', ' can', ' suggest', ' a', ' few', ' options', ' based', ' on', ' general', ' knowledge', ':', '\n\n', '1', '.', ' **', 'The', ' Wh', 'is', 'per', 'ing', ' Will', 'ow', '**', ' –', ' A', ' co', 'zy', ' spot', ' with', ' a', ' warm', ' fire', 'place', ' and', ' a', ' soft', ',', ' melod', 'ic', ' voice', '.', '  \n', '2', '.', ' **', 'The', ' Sp']"
LFM2.5 230M,0.006,643.538,20,60,0.098,601,0.006,1,Do you know who currently rules this kingdom?,"['I', ' don', '’t', ' have', ' access', ' to', ' real', '-time', ' information', ' about', ' current', ' rulers', ',', ' but', ' I', ' can', ' share', ' that', ' the', ' kingdom', ' is', ' currently', ' ruled', ' by', ' **', 'Lord', ' V', 'ey', 'ra', '**', ',', ' a', ' powerful', ' and', ' en', 'ig', 'matic', ' figure', ' known', ' for', ' his', ' dark', ' magic', ' and', ' influence', ' over', ' the', ' region', '.', ' Would', ' you', ' like', ' more', ' details', ' about', ' his', ' background', ' or', ' powers', '?']"
LFM2.5 230M,0.006,658.818,21,64,0.102,686,0.006,1,Tell me the rumor about the abandoned castle on the hill.,"['I', ' don', '’t', ' have', ' access', ' to', ' current', ' rum', 'ors', ' or', ' unver', 'ified', ' information', ',', ' but', ' I', ' can', ' share', ' that', ' the', ' abandoned', ' castle', ' on', ' the', ' hill', ' is', ' rum', 'ored', ' to', ' be', ' a', ' former', ' stron', 'gh', 'old', ' of', ' a', ' powerful', ' sor', 'cer', 'ess', ' who', ' van', 'ished', ' centuries', ' ago', '.', ' Loc', 'als', ' claim', ' she', ' was', ' said', ' to', ' hold', ' ancient', ' artifacts', ' and', ' forbidden', ' knowledge', ',', ' and', ' some', ' believe']"
LFM2.5 230M,0.006,645.267,24,64,0.104,774,0.006,1,I am looking for work. Are there any bounties available?,"['I', ' don', '’t', ' have', ' access', ' to', ' real', '-time', ' job', ' listings', ' or', ' current', ' employment', ' opportunities', ',', ' but', ' I', ' can', ' share', ' that', ' in', ' many', ' fantasy', ' settings', ',', ' b', 'ount', 'ies', ' often', ' involve', ' high', '-risk', ' vent', 'ures', ' such', ' as', ' mining', ' rare', ' minerals', ',', ' trading', ' ill', 'icit', ' goods', ',', ' or', ' engaging', ' in', ' ill', 'icit', ' trade', ' networks', '.', ' These', ' opportunities', ' are', ' typically', ' reserved', ' for', ' those', ' with', ' strong', ' connections', ',']"
LFM2.5 230M,0.007,642.402,21,62,0.101,857,0.007,1,What dangers lie beyond the snowy northern mountains?,"['I', ' don', '’t', ' have', ' access', ' to', ' real', '-time', ' information', ' about', ' dangers', ' beyond', ' the', ' snow', 'y', ' northern', ' mountains', ',', ' but', ' I', ' can', ' share', ' that', ' the', ' region', ' is', ' known', ' for', ' its', ' harsh', ' winters', ',', ' unpredictable', ' weather', ' patterns', ',', ' and', ' potential', ' for', ' natural', ' disasters', ' like', ' bl', 'izz', 'ards', ' or', ' av', 'alan', 'ches', '.', ' Would', ' you', ' like', ' me', ' to', ' share', ' more', ' details', ' about', ' these', ' risks', '?']"
LFM2.5 230M,0.007,637.698,20,54,0.090,931,0.007,1,Who is the captain of the town guard here?,"['I', ' don', '’t', ' have', ' access', ' to', ' real', '-time', ' information', ' about', ' specific', ' individuals', ' or', ' roles', ',', ' but', ' I', ' can', ' share', ' that', ' the', ' town', ' guard', ' is', ' typically', ' a', ' season', 'ed', ' and', ' experienced', ' member', ' of', ' the', ' local', ' militia', ' or', ' security', ' force', '.', ' Would', ' you', ' like', ' me', ' to', ' share', ' more', ' details', ' about', ' their', ' respons', 'ibilities', ' or', ' background', '?']"
LFM2.5 230M,0.007,650.270,19,64,0.104,1014,0.007,1,Can you teach me how to pick locks safely?,"['I', ' don', '’t', ' have', ' access', ' to', ' real', '-time', ' information', ' or', ' specific', ' safety', ' instructions', ',', ' but', ' I', ' can', ' share', ' general', ' knowledge', ' about', ' lock', 'ing', ' techniques', ':', '\n\n', '1', '.', ' **', 'Use', ' a', ' key', '**', ':', ' Choose', ' a', ' strong', ',', ' durable', ' key', ' that', ' matches', ' the', ' lock', '’s', ' design', '.', ' Avoid', ' weak', ' or', ' easily', ' broken', ' keys', '.', '  \n', '2', '.', ' **', 'Lock', ' the', ' door', '**', ':', ' Ensure']"
LFM2.5 230M,0.007,632.909,26,54,0.091,1094,0.007,1,I've brought the goblin ears you requested. Here is the bag.,"['I', ' don', '’t', ' have', ' access', ' to', ' real', '-time', ' information', ' about', ' items', ' or', ' personal', ' items', ',', ' but', ' I', ' can', ' share', ' that', ' gob', 'lin', ' ears', ' are', ' a', ' common', ' and', ' versatile', ' item', ' often', ' used', ' for', ' communication', ' or', ' as', ' a', ' decorative', ' access', 'ory', '.', ' Would', ' you', ' like', ' more', ' details', ' about', ' their', ' use', ' or', ' craft', 'sm', 'ans', 'hip', '?']"
LFM2.5 230M,0.007,653.463,19,64,0.103,1177,0.007,1,What gods do the people of this village worship?,"['I', ' don', '’t', ' have', ' access', ' to', ' specific', ' details', ' about', ' the', ' village', '’s', ' religious', ' practices', ',', ' as', ' this', ' would', ' require', ' knowledge', ' of', ' local', ' traditions', ' or', ' specific', ' cultural', ' practices', '.', ' However', ',', ' in', ' many', ' fantasy', ' settings', ',', ' the', ' villagers', ' might', ' worship', ' **', 'div', 'ine', ' beings', '**', ' such', ' as', ' **', 'dem', 'ons', '**', ',', ' **', 'dem', 'ons', '**', ',', ' **', 'dem', 'ons', '**', ',', ' **', 'dem', 'ons']"
LFM2.5 230M,0.007,646.003,21,64,0.104,1262,0.007,1,Is it safe to travel the main roads at night?,"['I', ' don', '’t', ' have', ' access', ' to', ' real', '-time', ' information', ' about', ' travel', ' safety', ' or', ' road', ' conditions', ',', ' but', ' I', ' can', ' share', ' that', ' traveling', ' the', ' main', ' roads', ' at', ' night', ' is', ' generally', ' considered', ' safe', ' in', ' most', ' regions', ',', ' provided', ' you', ' follow', ' local', ' guidelines', ' and', ' avoid', ' dangerous', ' areas', ' like', ' construction', ' zones', ' or', ' restricted', ' zones', '.', ' Would', ' you', ' like', ' me', ' to', ' share', ' more', ' details', ' about', ' typical', ' night', 'time', ' travel']"
LFM2.5 230M,0.007,645.657,23,64,0.105,1349,0.007,1,"Sell me your finest sword, I have plenty of gold.","['I', ' don', '’t', ' have', ' access', ' to', ' personal', ' items', ' or', ' specific', ' details', ' about', ' the', ' sword', ',', ' but', ' I', ' can', ' share', ' that', ' a', ' legendary', ' and', ' highly', ' sought', '-a', 'fter', ' sword', ' is', ' often', ' crafted', ' from', ' rare', ' materials', ' and', ' passed', ' down', ' through', ' generations', ' of', ' skilled', ' artisans', '.', ' Would', ' you', ' like', ' me', ' to', ' recommend', ' a', ' specific', ' type', ' of', ' sword', ' based', ' on', ' its', ' history', ' or', ' craft', 'sm', 'ans', 'hip', '?']"
LFM2.5 230M,0.007,632.089,23,56,0.094,1428,0.007,1,Have the bandits been causing trouble for the merchants recently?,"['I', ' don', '’t', ' have', ' access', ' to', ' real', '-time', ' information', ' about', ' current', ' events', ' or', ' the', ' impact', ' of', ' band', 'its', ' on', ' merchants', ',', ' but', ' I', ' can', ' share', ' that', ' band', 'its', ' are', ' often', ' known', ' for', ' disrupt', 'ing', ' trade', ' routes', ' and', ' causing', ' economic', ' instability', '.', ' Would', ' you', ' like', ' me', ' to', ' share', ' more', ' details', ' about', ' their', ' tactics', ' or', ' historical', ' context', '?']"
LFM2.5 230M,0.007,628.575,20,63,0.106,1511,0.007,1,Where is the hidden shrine of the water goddess?,"['I', ' don', '’t', ' have', ' access', ' to', ' specific', ' locations', ' or', ' real', '-time', ' information', ' about', ' hidden', ' shr', 'ines', ',', ' but', ' I', ' can', ' share', ' that', ' the', ' hidden', ' shrine', ' of', ' the', ' water', ' goddess', ' is', ' typically', ' located', ' in', ' a', ' se', 'cluded', ' or', ' sacred', ' area', ' within', ' a', ' myst', 'ical', ' or', ' ancient', ' temple', ' complex', '.', ' Would', ' you', ' like', ' me', ' to', ' provide', ' more', ' details', ' about', ' its', ' location', ' or', ' historical', ' significance', '?']"
LFM2.5 230M,0.007,658.698,78,64,0.103,355,0.007,1,"I'm searching for a rare herb known as kingsfoil, supposedly growing only where the moonlight hits the ancient ruins of Eldoria. I've asked every merchant in the bazaar, but none possess it. Does anyone in this village venture deep enough into the enchanted forest to harvest such dangerous flora, or am I wasting my time here?","['I', ' don', '’t', ' have', ' personal', ' preferences', ',', ' but', ' I', ' can', ' share', ' that', ' the', ' rare', ' kings', 'fo', 'il', ' is', ' said', ' to', ' grow', ' only', ' where', ' moon', 'light', ' hits', ' the', ' ancient', ' ruins', ' of', ' Eld', 'oria', '.', ' It', '’s', ' a', ' myth', 'ical', ' herb', ',', ' and', ' its', ' cultivation', ' requires', ' specific', ' conditions', '—', 'perhaps', ' the', ' moon', 'light', ',', ' rare', ' minerals', ',', ' or', ' a', ' specific', ' ritual', '.', ' If', ' you', '’re', ' looking']"
LFM2.5 230M,0.010,660.536,76,64,0.105,495,0.010,1,"I just arrived from the capital, and the journey was fraught with perilous encounters. Bandits ambushed us near the river crossing, and strange howling kept us awake at night. We barely made it here with our lives. Do you know if the local guard is planning to secure the main trade routes anytime soon?","['I', ' don', '’t', ' have', ' access', ' to', ' real', '-time', ' information', ' or', ' local', ' guard', ' plans', ',', ' but', ' I', ' can', ' share', ' that', ' band', 'its', ' have', ' been', ' known', ' to', ' amb', 'ush', ' travelers', ' near', ' river', ' cross', 'ings', ',', ' and', ' how', 'ling', ' has', ' been', ' reported', ' as', ' a', ' warning', '.', ' If', ' you', '’d', ' like', ',', ' I', ' can', ' help', ' you', ' track', ' down', ' any', ' rum', 'ors', ' or', ' contact', ' information', ' for', ' local', ' authorities', '.']"
LFM2.5 230M,0.011,650.304,78,64,0.107,637,0.011,1,My companions and I are tracking a notorious thief who stole a sacred relic from the high temple. He was last seen heading towards this settlement wearing a tattered crimson cloak and walking with a pronounced limp. Have you noticed anyone matching that description passing through the gates or staying at the local inn over the last three days?,"['I', ' don', '’t', ' have', ' personal', ' knowledge', ' of', ' current', ' events', ' or', ' local', ' gather', 'ings', ',', ' but', ' I', ' can', ' share', ' that', ' th', 'ieves', ' often', ' leave', ' behind', ' distinctive', ' marks', '—', 'like', ' scars', ',', ' tatto', 'os', ',', ' or', ' unusual', ' clothing', '—to', ' signal', ' their', ' identity', '.', ' If', ' you', '’d', ' like', ',', ' I', ' can', ' help', ' you', ' track', ' down', ' any', ' reports', ' of', ' such', ' th', 'ieves', ' or', ' provide', ' tips', ' on', ' how', ' to']"
LFM2.5 230M,0.010,647.284,82,64,0.108,783,0.010,1,"I hold a letter bearing the royal seal, meant only for the eyes of the Duke. However, I've heard troubling rumors that the Duke's court has been infiltrated by spies from the rival kingdom, making it dangerous to approach the keep directly. Is there a trusted intermediary in this town who can guarantee safe passage for this missive?","['I', ' don', '’t', ' have', ' access', ' to', ' real', '-time', ' information', ' or', ' local', ' rum', 'ors', ',', ' but', ' I', ' can', ' share', ' that', ' in', ' such', ' situations', ',', ' a', ' trusted', ' intermedi', 'ary', ' in', ' a', ' town', ' often', ' acts', ' as', ' a', ' bridge', ' between', ' the', ' outside', ' world', ' and', ' the', ' local', ' authorities', '.', ' In', ' this', ' case', ',', ' a', ' local', ' inform', 'ant', ' or', ' trusted', ' figure', ' within', ' the', ' community', ' might', ' be', ' the', ' most', ' reliable', ' source']"
LFM2.5 230M,0.011,643.465,86,64,0.109,933,0.011,1,"The mayor offered me a substantial bounty to clear out the goblin encampment to the west, but I suspect he's not telling me the whole truth. The tracks I found suggest a much larger force, perhaps even an organized hobgoblin warband. What can you tell me about the recent attacks, and is the mayor known to understate local threats?","['I', ' don', '’t', ' have', ' access', ' to', ' real', '-time', ' information', ' or', ' local', ' news', ' updates', ',', ' but', ' I', ' can', ' share', ' that', ' recent', ' attacks', ' have', ' been', ' reported', ' as', ' widespread', ' and', ' intense', ',', ' targeting', ' key', ' infrastructure', ' and', ' supply', ' lines', '.', ' The', ' mayor', '’s', ' b', 'ounty', ' may', ' reflect', ' the', ' severity', ' of', ' the', ' threat', ',', ' but', ' I', ' cannot', ' confirm', ' whether', ' he', '’s', ' under', 'stated', ' or', ' not', '.', '  ', '\n\n', 'If']"
LFM2.5 230M,0.011,641.063,91,64,0.109,1088,0.011,1,"I've been cursed by a swamp hag after I accidentally disturbed her ritual circle. Now, every time I try to sleep, I suffer from horrific nightmares and wake up with strange, dark bruises on my arms. The local priest's blessings had no effect. Do you know of any skilled hedge wizards or alchemists nearby who specialize in removing dark afflictions?","['I', ' don', '’t', ' have', ' access', ' to', ' real', '-time', ' information', ' or', ' local', ' knowledge', ',', ' but', ' I', ' can', ' share', ' that', ' hed', 'ge', ' w', 'izards', ' and', ' al', 'chem', 'ists', ' often', ' specialize', ' in', ' dark', ' magic', ' and', ' healing', ',', ' but', ' their', ' expertise', ' may', ' vary', ' depending', ' on', ' the', ' specific', ' type', ' of', ' aff', 'lict', 'ion', '.', ' Some', ' may', ' offer', ' specialized', ' techniques', ' for', ' bru', 'ises', ',', ' wounds', ',', ' or', ' other', ' night', 'mar']"
LFM2.5 230M,0.011,638.491,84,64,0.110,1236,0.011,1,"We found an ancient stone tablet buried in the rubble of the fallen watchtower, covered in glowing runes that none of our scholars can decipher. Every time we bring it near a magical fire, the flames turn a bright, unnatural blue. Is there a resident mage or a learned historian in this settlement who might understand old Elven magic?","['I', ' don', '’t', ' have', ' access', ' to', ' real', '-time', ' information', ' or', ' local', ' knowledge', ',', ' but', ' I', ' can', ' share', ' that', ' in', ' such', ' a', ' setting', ',', ' a', ' resident', ' m', 'age', ' or', ' a', ' learned', ' historian', ' might', ' possess', ' knowledge', ' of', ' El', 'ven', ' magic', ',', ' though', ' their', ' specific', ' abilities', ' may', ' vary', ' depending', ' on', ' the', ' time', ' of', ' day', ' and', ' the', ' nature', ' of', ' the', ' ritual', '.', ' Some', ' might', ' specialize', ' in', ' element', 'al']"
LFM2.5 230M,0.011,637.280,84,64,0.110,1384,0.011,1,"The harvest festival is approaching, but I noticed the grain silos are nearly empty and the farmers look terrified. A local boy mentioned that a massive, winged shadow was seen carrying off entire sheep in the dead of night. Are you dealing with a dragon, a manticore, or something else entirely, and why hasn't the militia done anything about it?","['I', ' don', '’t', ' have', ' access', ' to', ' real', '-time', ' information', ' or', ' local', ' news', ' updates', ',', ' but', ' I', ' can', ' share', ' that', ' in', ' such', ' situations', ',', ' a', ' dragon', ',', ' mant', 'ic', 'ore', ',', ' or', ' other', ' myth', 'ical', ' creatures', ' often', ' appear', ' as', ' threats', ' to', ' livestock', ' and', ' crops', ',', ' and', ' their', ' presence', ' may', ' require', ' immediate', ' action', ' to', ' protect', ' the', ' harvest', '.', ' The', ' militia', ' may', ' not', ' have', ' been', ' notified', ' due']"
LFM2.5 230M,0.011,644.846,83,64,0.109,1531,0.011,1,"I am looking to charter a ship to sail across the Whispering Sea, but every captain I speak to refuses the coin, claiming the waters are currently cursed by the drowned king. I need to reach the island of Karth before the lunar eclipse. Who is the bravest or perhaps the most desperate shipmaster currently docked in the harbor?","['I', ' don', '’t', ' have', ' access', ' to', ' real', '-time', ' information', ' or', ' current', ' ship', ' schedules', ',', ' but', ' I', ' can', ' share', ' that', ' in', ' such', ' situations', ',', ' the', ' bra', 'vest', ' or', ' most', ' desperate', ' ship', 'master', ' may', ' be', ' the', ' most', ' resource', 'ful', ' or', ' determined', ' to', ' secure', ' the', ' ship', '.', ' However', ',', ' without', ' specific', ' details', ' about', ' the', ' ship', '’s', ' capabilities', ',', ' crew', ',', ' or', ' the', ' exact', ' location', ' of', ' K', 'arth']"
LFM2.5 230M,0.012,635.838,84,64,0.111,1679,0.012,1,"A mysterious patron hired me to explore the crypts beneath the old cathedral, promising vast riches, but I found nothing but animated skeletons and deadly dart traps. I barely escaped. I suspect my patron intended for me to perish down there. Have you ever heard of a tall nobleman with a silver cane hiring adventurers for suicide missions in the crypts?","['I', ' don', '’t', ' have', ' access', ' to', ' real', '-time', ' information', ' or', ' personal', ' accounts', ',', ' but', ' I', ' can', ' share', ' that', ' in', ' such', ' situations', ',', ' a', ' tall', ' noble', 'man', ' with', ' a', ' silver', ' cane', ' often', ' employs', ' r', 'uth', 'less', ' tactics', ' to', ' secure', ' valuable', ' items', ' or', ' information', ',', ' including', ' the', ' crypt', 's', '.', ' However', ',', ' without', ' specific', ' details', ' about', ' the', ' patron', '’s', ' methods', ' or', ' the', ' nature', ' of', ' the', ' crypt']"
LFM2.5 230M,0.011,617.873,79,64,0.113,1822,0.011,1,"I wish to join the legendary fighting tournament held in the arena next week, but the registrar claims I need sponsorship from a recognized noble house or a prominent guild to even enter the qualifiers. I have no connections in this city, only my skill with a blade. How does a foreign warrior go about securing a sponsor around here?","['I', ' don', '’t', ' have', ' access', ' to', ' real', '-time', ' information', ' or', ' local', ' knowledge', ',', ' but', ' I', ' can', ' share', ' that', ' in', ' such', ' situations', ',', ' a', ' foreign', ' warrior', ' often', ' seeks', ' spons', 'orship', ' from', ' recognized', ' noble', ' houses', ' or', ' gu', 'ild', 's', ' to', ' gain', ' access', ' to', ' exclusive', ' events', ',', ' training', ' opportunities', ',', ' or', ' valuable', ' resources', '.', ' However', ',', ' without', ' specific', ' details', ' about', ' the', ' tournament', '’s', ' requirements', ' or', ' the', ' patron']"
LFM2.5 230M,0.012,620.552,80,64,0.113,1966,0.012,1,"My family's ancestral sword was taken by a corrupt tax collector who claimed it was payment for debts we never owed. I tracked his carriage to this town, but the locals are too frightened of his hired thugs to point me in the right direction. If I promise to cause no trouble in the streets, can you tell me where he is staying?","['I', ' don', '’t', ' have', ' access', ' to', ' real', '-time', ' information', ' or', ' local', ' knowledge', ',', ' but', ' I', ' can', ' share', ' that', ' in', ' such', ' situations', ',', ' a', ' corrupt', ' tax', ' collector', ' often', ' resides', ' in', ' a', ' remote', ',', ' law', 'less', ' area', ' of', ' the', ' town', ',', ' such', ' as', ' a', ' tav', 'ern', ' or', ' inn', ',', ' where', ' they', ' are', ' known', ' to', ' hide', ' or', ' hide', ' their', ' ill', 'icit', ' activities', '.', ' However', ',', ' without', ' specific']"
LFM2.5 230M,0.012,618.954,86,64,0.114,2116,0.012,1,"I have traveled far across the shifting sands of the eastern desert to find the fabled Oasis of Truth, where it is said a reflection in the water can reveal a person's true destiny. I have a map, but the landmarks don't match the current dunes. Are there any seasoned desert trackers or nomadic guides resting in the bazaar who could assist?","['I', ' don', '’t', ' have', ' access', ' to', ' real', '-time', ' information', ' or', ' local', ' knowledge', ',', ' but', ' I', ' can', ' share', ' that', ' season', 'ed', ' desert', ' track', 'ers', ' and', ' nom', 'adic', ' guides', ' often', ' reside', ' in', ' the', ' baz', 'aar', ',', ' particularly', ' in', ' areas', ' with', ' limited', ' infrastructure', ' or', ' where', ' they', ' can', ' gather', ' resources', ' and', ' information', '.', ' They', ' may', ' also', ' be', ' familiar', ' with', ' the', ' local', ' customs', ' and', ' traditions', ' of', ' the', ' region', ',']"
LFM2.5 230M,0.012,616.541,83,64,0.114,2263,0.012,1,"The mines have been shut down for two weeks, and the local economy is clearly suffering. A frightened miner told me they broke through a wall into a forgotten underground temple and awakened something that whispers in the dark. I specialize in dealing with subterranean horrors. Who holds the authority to grant me permission to enter the quarantined mining shafts?","['I', ' don', '’t', ' have', ' access', ' to', ' real', '-time', ' information', ' or', ' local', ' knowledge', ',', ' but', ' I', ' can', ' share', ' that', ' in', ' such', ' situations', ',', ' the', ' authority', ' to', ' grant', ' permission', ' to', ' enter', ' the', ' quar', 'ant', 'ined', ' mining', ' shaft', 's', ' may', ' be', ' held', ' by', ' a', ' respected', ' local', ' guide', ' or', ' a', ' respected', ' individual', ' within', ' the', ' mining', ' community', ',', ' who', ' possess', ' knowledge', ' of', ' the', ' mine', '’s', ' layout', ' and', ' the', ' specific']"
LFM2.5 230M,0.012,603.151,86,61,0.112,2410,0.012,1,"I'm carrying highly volatile alchemical supplies meant for the war front, but my wagon threw a wheel on the rocky path just outside of town. If those vials sit in the midday sun for too long, they will detonate and level half this street. I need a master wainwright and a shaded warehouse immediately. Can you point me to the right people?","['I', ' don', '’t', ' have', ' access', ' to', ' real', '-time', ' information', ' or', ' local', ' knowledge', ',', ' but', ' I', ' can', ' share', ' that', ' in', ' such', ' situations', ',', ' a', ' master', ' w', 'ain', 'wright', ' and', ' a', ' shaded', ' warehouse', ' are', ' typically', ' held', ' by', ' experienced', ' professionals', ' in', ' the', ' field', ' of', ' al', 'che', 'my', ' or', ' occ', 'ult', ' arts', ',', ' who', ' possess', ' specialized', ' knowledge', ' and', ' resources', ' to', ' handle', ' volatile', ' substances', ' safely', '.']"
LFM2.5 230M,0.012,602.610,92,61,0.112,2563,0.012,1,"A bard in the previous village sang a ballad about a legendary forge hidden inside the caldera of Mount Cinder, where weapons of pure star-metal were supposedly crafted for the ancient gods. I have acquired a piece of fallen star-metal, but I need to know if the path up the mountain is passable, or if it is guarded by fire elementals as the song claims.","['I', ' don', '’t', ' have', ' access', ' to', ' real', '-time', ' information', ' or', ' local', ' knowledge', ',', ' but', ' I', ' can', ' share', ' that', ' in', ' such', ' situations', ',', ' a', ' master', ' w', 'ain', 'wright', ' and', ' a', ' shaded', ' warehouse', ' are', ' typically', ' held', ' by', ' experienced', ' professionals', ' in', ' the', ' field', ' of', ' al', 'che', 'my', ' or', ' occ', 'ult', ' arts', ',', ' who', ' possess', ' specialized', ' knowledge', ' and', ' resources', ' to', ' handle', ' volatile', ' substances', ' safely', '.']"
