MODEL,TTFT,T/s,USER TOKENS,NPC TOKENS,TOTAL TIME,ALL TOKENS,DIALOGUE TTFT,FORMAT OK,PROMPT,RESPONSE
Qwen3.6 35B A3B,1.894,12.024,12,35,4.722,270,1.894,1,Where can I find the nearest blacksmith in this town?,"There is no blacksmith in this town, for I have destroyed all kingdoms that dared stand against me. You will find your only purpose here is to serve the shadow army."
Qwen3.6 35B A3B,1.163,13.748,11,29,3.199,324,1.163,1,Have you seen any strange creatures in the woods lately?,"I have no interest in the woods, only in ruling the Dark Lands. My shadow army handles any pests that dare approach the Obsidian Fortress."
Qwen3.6 35B A3B,0.912,14.990,12,31,2.913,381,0.912,1,I need a healing potion. What is your best price?,"I do not sell healing potions, for I seek world domination and the suffering of others. You will find no mercy or trade within the Obsidian Fortress."
Qwen3.6 35B A3B,0.774,15.682,13,26,2.368,434,0.774,1,"Point me to the local tavern, friend. I am thirsty.","There is no tavern here, only the Obsidian Fortress where I reside. Your thirst is irrelevant to my quest for world domination."
Qwen3.6 35B A3B,0.710,15.672,9,29,2.496,486,0.710,1,Do you know who currently rules this kingdom?,"I am Garrick, the Evil King, and I rule the Dark Lands. I seek to destroy all other kingdoms and enslave their villagers."
Qwen3.6 35B A3B,0.679,15.945,12,28,2.372,540,0.679,1,Tell me the rumor about the abandoned castle on the hill.,"That is the Obsidian Fortress, my seat of power. It is not abandoned, for I command the shadow army from within its walls."
Qwen3.6 35B A3B,0.619,16.370,14,34,2.635,602,0.619,1,I am looking for work. Are there any bounties available?,"I do not offer bounties, for I enslave villagers and destroy kingdoms. You may find work torturing prisoners if you prove your loyalty to my dark magic."
Qwen3.6 35B A3B,0.538,16.032,9,27,2.159,652,0.538,1,What dangers lie beyond the snowy northern mountains?,"Beyond the mountains lie other kingdoms waiting to be destroyed by my shadow army. I seek world domination, so all lands are potential targets."
Qwen3.6 35B A3B,0.529,16.192,10,28,2.197,704,0.529,1,Who is the captain of the town guard here?,"There is no town guard, for I have destroyed this kingdom and enslaved its people. I command the shadow army from the Obsidian Fortress."
Qwen3.6 35B A3B,0.619,16.208,10,28,2.285,756,0.619,1,Can you teach me how to pick locks safely?,"I wield dark magic and seek world domination, not petty theft. You will find no lessons in lockpicking within the Obsidian Fortress."
Qwen3.6 35B A3B,0.676,16.474,15,40,3.044,825,0.676,1,I've brought the goblin ears you requested. Here is the bag.,"I do not care for goblin ears, for I command the shadow army and enslave villagers. Bring me the heads of my enemies, like Torin, if you wish to speak to me."
Qwen3.6 35B A3B,0.434,16.193,10,29,2.163,878,0.434,1,What gods do the people of this village worship?,"The villagers are enslaved and worship no gods, for I rule the Dark Lands with dark magic. Their only deity is my desire for world domination."
Qwen3.6 35B A3B,0.579,16.361,11,31,2.413,934,0.579,1,Is it safe to travel the main roads at night?,"The roads are safe only if you serve the shadow army under my command. I destroy kingdoms and enslave villagers, so travel is at your own peril."
Qwen3.6 35B A3B,0.576,16.280,12,30,2.357,990,0.576,1,"Sell me your finest sword, I have plenty of gold.","I do not sell swords, for I wield dark magic and seek world domination. My spiked armor is enough to strike fear into any who oppose me."
Qwen3.6 35B A3B,0.494,16.500,12,32,2.372,1048,0.494,1,Have the bandits been causing trouble for the merchants recently?,"I have no interest in bandits, for I command the shadow army and enslave villagers. Any who cause trouble are simply prisoners waiting for my dark magic."
Qwen3.6 35B A3B,0.454,16.555,10,28,2.084,1100,0.454,1,Where is the hidden shrine of the water goddess?,"I have destroyed all shrines to false gods, for I seek world domination. The only place of power here is the Obsidian Fortress."
Qwen3.6 35B A3B,1.195,17.066,68,24,2.543,315,1.195,1,"I'm searching for a rare herb known as kingsfoil, supposedly growing only where the moonlight hits the ancient ruins of Eldoria. I've asked every merchant in the bazaar, but none possess it. Does anyone in this village venture deep enough into the enchanted forest to harvest such dangerous flora, or am I wasting my time here?","I have no interest in your herbalist quests, for I seek only world domination. You are wasting your time here."
Qwen3.6 35B A3B,1.043,16.518,64,21,2.254,414,1.043,1,"I just arrived from the capital, and the journey was fraught with perilous encounters. Bandits ambushed us near the river crossing, and strange howling kept us awake at night. We barely made it here with our lives. Do you know if the local guard is planning to secure the main trade routes anytime soon?",I command the shadow army and have no use for your local guard. You are wasting your time here.
Qwen3.6 35B A3B,1.075,16.254,63,22,2.367,513,1.075,1,My companions and I are tracking a notorious thief who stole a sacred relic from the high temple. He was last seen heading towards this settlement wearing a tattered crimson cloak and walking with a pronounced limp. Have you noticed anyone matching that description passing through the gates or staying at the local inn over the last three days?,"I have no interest in your thief, for I seek only world domination. You are wasting your time here."
Qwen3.6 35B A3B,1.016,16.180,68,24,2.438,619,1.016,1,"I hold a letter bearing the royal seal, meant only for the eyes of the Duke. However, I've heard troubling rumors that the Duke's court has been infiltrated by spies from the rival kingdom, making it dangerous to approach the keep directly. Is there a trusted intermediary in this town who can guarantee safe passage for this missive?",I reside in the Obsidian Fortress and have no use for your royal missives. You are wasting your time here.
Qwen3.6 35B A3B,1.074,16.615,73,21,2.278,727,1.074,1,"The mayor offered me a substantial bounty to clear out the goblin encampment to the west, but I suspect he's not telling me the whole truth. The tracks I found suggest a much larger force, perhaps even an organized hobgoblin warband. What can you tell me about the recent attacks, and is the mayor known to understate local threats?",I destroy kingdoms and have no interest in your local goblin troubles. You are wasting your time here.
Qwen3.6 35B A3B,1.151,16.498,72,20,2.302,833,1.151,1,"I've been cursed by a swamp hag after I accidentally disturbed her ritual circle. Now, every time I try to sleep, I suffer from horrific nightmares and wake up with strange, dark bruises on my arms. The local priest's blessings had no effect. Do you know of any skilled hedge wizards or alchemists nearby who specialize in removing dark afflictions?",I wield dark magic and have no interest in your afflictions. You are wasting your time here.
Qwen3.6 35B A3B,1.133,16.097,67,20,2.313,934,1.133,1,"We found an ancient stone tablet buried in the rubble of the fallen watchtower, covered in glowing runes that none of our scholars can decipher. Every time we bring it near a magical fire, the flames turn a bright, unnatural blue. Is there a resident mage or a learned historian in this settlement who might understand old Elven magic?",I wield dark magic and have no interest in your ancient tablet. You are wasting your time here.
Qwen3.6 35B A3B,1.181,16.457,73,20,2.336,1041,1.181,1,"The harvest festival is approaching, but I noticed the grain silos are nearly empty and the farmers look terrified. A local boy mentioned that a massive, winged shadow was seen carrying off entire sheep in the dead of night. Are you dealing with a dragon, a manticore, or something else entirely, and why hasn't the militia done anything about it?",I command the shadow army and have no interest in your livestock. You are wasting your time here.
Qwen3.6 35B A3B,0.996,16.628,69,23,2.319,1147,0.996,1,"I am looking to charter a ship to sail across the Whispering Sea, but every captain I speak to refuses the coin, claiming the waters are currently cursed by the drowned king. I need to reach the island of Karth before the lunar eclipse. Who is the bravest or perhaps the most desperate shipmaster currently docked in the harbor?",I reside in the Obsidian Fortress and have no interest in your sea voyages. You are wasting your time here.
Qwen3.6 35B A3B,1.009,16.770,70,19,2.082,1250,1.009,1,"A mysterious patron hired me to explore the crypts beneath the old cathedral, promising vast riches, but I found nothing but animated skeletons and deadly dart traps. I barely escaped. I suspect my patron intended for me to perish down there. Have you ever heard of a tall nobleman with a silver cane hiring adventurers for suicide missions in the crypts?",I have no interest in your crypts or your patron. You are wasting your time here.
Qwen3.6 35B A3B,1.107,16.421,65,19,2.203,1348,1.107,1,"I wish to join the legendary fighting tournament held in the arena next week, but the registrar claims I need sponsorship from a recognized noble house or a prominent guild to even enter the qualifiers. I have no connections in this city, only my skill with a blade. How does a foreign warrior go about securing a sponsor around here?",I seek world domination and have no interest in your tournaments. You are wasting your time here.
Qwen3.6 35B A3B,1.028,16.827,69,20,2.157,1451,1.028,1,"My family's ancestral sword was taken by a corrupt tax collector who claimed it was payment for debts we never owed. I tracked his carriage to this town, but the locals are too frightened of his hired thugs to point me in the right direction. If I promise to cause no trouble in the streets, can you tell me where he is staying?",I enslave villagers and have no interest in your ancestral sword. You are wasting your time here.
Qwen3.6 35B A3B,1.059,16.300,73,21,2.286,1559,1.059,1,"I have traveled far across the shifting sands of the eastern desert to find the fabled Oasis of Truth, where it is said a reflection in the water can reveal a person's true destiny. I have a map, but the landmarks don't match the current dunes. Are there any seasoned desert trackers or nomadic guides resting in the bazaar who could assist?",I rule the Dark Lands and have no interest in your desert quests. You are wasting your time here.
Qwen3.6 35B A3B,1.064,16.590,70,20,2.209,1663,1.064,1,"The mines have been shut down for two weeks, and the local economy is clearly suffering. A frightened miner told me they broke through a wall into a forgotten underground temple and awakened something that whispers in the dark. I specialize in dealing with subterranean horrors. Who holds the authority to grant me permission to enter the quarantined mining shafts?",I destroy kingdoms and have no interest in your mining shafts. You are wasting your time here.
Qwen3.6 35B A3B,1.202,16.758,75,21,2.396,1773,1.202,1,"I'm carrying highly volatile alchemical supplies meant for the war front, but my wagon threw a wheel on the rocky path just outside of town. If those vials sit in the midday sun for too long, they will detonate and level half this street. I need a master wainwright and a shaded warehouse immediately. Can you point me to the right people?",I wear spiked armor and have no interest in your alchemical supplies. You are wasting your time here.
Qwen3.6 35B A3B,1.045,16.283,76,20,2.212,1883,1.045,1,"A bard in the previous village sang a ballad about a legendary forge hidden inside the caldera of Mount Cinder, where weapons of pure star-metal were supposedly crafted for the ancient gods. I have acquired a piece of fallen star-metal, but I need to know if the path up the mountain is passable, or if it is guarded by fire elementals as the song claims.",I wield dark magic and have no interest in your star-metal. You are wasting your time here.
nvidia Nemotron 3.5 30B A30B,0.264,18.239,12,17,1.141,254,0.264,1,Where can I find the nearest blacksmith in this town?,"The nearest blacksmith is at the Iron Anvil, just past the market square."
nvidia Nemotron 3.5 30B A30B,0.304,17.776,11,16,1.148,294,0.304,1,Have you seen any strange creatures in the woods lately?,I have seen twisted goblins and shadow wolves prowling the forest edge.
nvidia Nemotron 3.5 30B A30B,0.285,18.213,13,17,1.164,337,0.285,1,I need a healing potion. What is your best price?,I have no potions for sale. I deal only in dark magic and torment.
nvidia Nemotron 3.5 30B A30B,0.305,18.080,15,15,1.079,380,0.305,1,"Point me to the local tavern, friend. I am thirsty.","The tavern is the Rusty Tankard, down by the river."
nvidia Nemotron 3.5 30B A30B,0.268,18.207,9,17,1.146,419,0.268,1,Do you know who currently rules this kingdom?,"I am Garrick, the Evil King who rules these lands with shadow and fear."
nvidia Nemotron 3.5 30B A30B,0.313,18.276,12,26,1.681,470,0.313,1,Tell me the rumor about the abandoned castle on the hill.,Rumors say the abandoned castle on the hill is haunted by the ghosts of fallen knights and guarded by a dragon of flame.
nvidia Nemotron 3.5 30B A30B,0.299,18.301,14,18,1.227,515,0.299,1,I am looking for work. Are there any bounties available?,I have no bounties to offer. I only offer servitude to my will.
nvidia Nemotron 3.5 30B A30B,0.279,18.616,10,28,1.729,566,0.279,1,What dangers lie beyond the snowy northern mountains?,"Beyond the snowy northern mountains lie frost giants, ice wraiths, and endless blizzards that devour the unwary."
nvidia Nemotron 3.5 30B A30B,0.310,18.163,10,19,1.301,608,0.310,1,Who is the captain of the town guard here?,"The captain of the town guard is Sir Kaelen, a loyal defender of the realm."
nvidia Nemotron 3.5 30B A30B,0.272,18.404,10,21,1.358,652,0.272,1,Can you teach me how to pick locks safely?,I cannot teach you such skills. I only know how to break locks and torment those who possess them.
nvidia Nemotron 3.5 30B A30B,0.308,18.252,15,18,1.239,698,0.308,1,I've brought the goblin ears you requested. Here is the bag.,"I accept your offering. The ears are sufficient. You have earned my favor, fool."
nvidia Nemotron 3.5 30B A30B,0.271,18.422,10,22,1.411,743,0.271,1,What gods do the people of this village worship?,"The villagers worship the old gods of earth and stone, offering prayers to the mountain spirits for protection and harvest."
nvidia Nemotron 3.5 30B A30B,0.304,18.434,11,41,2.474,808,0.304,1,Is it safe to travel the main roads at night?,"No, the main roads are perilous at night. Bandits, shadow beasts, and my own patrols prowl the darkness, seeking prey. Travel only by day, or do not travel at all."
nvidia Nemotron 3.5 30B A30B,0.298,18.407,12,23,1.493,856,0.298,1,"Sell me your finest sword, I have plenty of gold.",I have no swords for sale. I only wield dark magic and spiked armor. Take your gold elsewhere.
nvidia Nemotron 3.5 30B A30B,0.304,18.369,12,23,1.502,904,0.304,1,Have the bandits been causing trouble for the merchants recently?,"Yes, the bandits have been harassing the merchants, demanding tribute and burning carts along the trade route."
nvidia Nemotron 3.5 30B A30B,0.271,18.139,10,29,1.815,956,0.271,1,Where is the hidden shrine of the water goddess?,"The hidden shrine of the water goddess is located in the caverns beneath the Whispering Falls, accessible only through a secret waterfall entrance."
nvidia Nemotron 3.5 30B A30B,0.777,19.271,69,64,4.046,357,0.777,1,"I'm searching for a rare herb known as kingsfoil, supposedly growing only where the moonlight hits the ancient ruins of Eldoria. I've asked every merchant in the bazaar, but none possess it. Does anyone in this village venture deep enough into the enchanted forest to harvest such dangerous flora, or am I wasting my time here?","I am Garrick, the Evil King. I rule the Dark Lands from my Obsidian Fortress. I command the shadow army and wield dark magic. I seek world domination and I hate Torin. I enslave villagers and destroy kingdoms. I wear spiked armor and torture prisoners. I do not know of any"
nvidia Nemotron 3.5 30B A30B,0.734,19.314,65,64,3.996,499,0.734,1,"I just arrived from the capital, and the journey was fraught with perilous encounters. Bandits ambushed us near the river crossing, and strange howling kept us awake at night. We barely made it here with our lives. Do you know if the local guard is planning to secure the main trade routes anytime soon?","I am Garrick, the Evil King. I rule the Dark Lands from my Obsidian Fortress. I command the shadow army and wield dark magic. I seek world domination and I hate Torin. I enslave villagers and destroy kingdoms. I wear spiked armor and torture prisoners. I do not know of any"
nvidia Nemotron 3.5 30B A30B,0.774,19.279,65,64,4.042,641,0.774,1,My companions and I are tracking a notorious thief who stole a sacred relic from the high temple. He was last seen heading towards this settlement wearing a tattered crimson cloak and walking with a pronounced limp. Have you noticed anyone matching that description passing through the gates or staying at the local inn over the last three days?,"I am Garrick, the Evil King. I rule the Dark Lands from my Obsidian Fortress. I command the shadow army and wield dark magic. I seek world domination and I hate Torin. I enslave villagers and destroy kingdoms. I wear spiked armor and torture prisoners. I do not know of any"
nvidia Nemotron 3.5 30B A30B,0.813,19.180,70,64,4.098,788,0.813,1,"I hold a letter bearing the royal seal, meant only for the eyes of the Duke. However, I've heard troubling rumors that the Duke's court has been infiltrated by spies from the rival kingdom, making it dangerous to approach the keep directly. Is there a trusted intermediary in this town who can guarantee safe passage for this missive?","I am Garrick, the Evil King. I rule the Dark Lands from my Obsidian Fortress. I command the shadow army and wield dark magic. I seek world domination and I hate Torin. I enslave villagers and destroy kingdoms. I wear spiked armor and torture prisoners. I do not know of any"
nvidia Nemotron 3.5 30B A30B,0.824,19.128,74,64,4.117,939,0.824,1,"The mayor offered me a substantial bounty to clear out the goblin encampment to the west, but I suspect he's not telling me the whole truth. The tracks I found suggest a much larger force, perhaps even an organized hobgoblin warband. What can you tell me about the recent attacks, and is the mayor known to understate local threats?","I am Garrick, the Evil King. I rule the Dark Lands from my Obsidian Fortress. I command the shadow army and wield dark magic. I seek world domination and I hate Torin. I enslave villagers and destroy kingdoms. I wear spiked armor and torture prisoners. I do not know of any"
nvidia Nemotron 3.5 30B A30B,0.887,19.106,79,64,4.184,1095,0.887,1,"I've been cursed by a swamp hag after I accidentally disturbed her ritual circle. Now, every time I try to sleep, I suffer from horrific nightmares and wake up with strange, dark bruises on my arms. The local priest's blessings had no effect. Do you know of any skilled hedge wizards or alchemists nearby who specialize in removing dark afflictions?","I am Garrick, the Evil King. I rule the Dark Lands from my Obsidian Fortress. I command the shadow army and wield dark magic. I seek world domination and I hate Torin. I enslave villagers and destroy kingdoms. I wear spiked armor and torture prisoners. I do not know of any"
nvidia Nemotron 3.5 30B A30B,0.821,19.145,72,64,4.112,1244,0.821,1,"We found an ancient stone tablet buried in the rubble of the fallen watchtower, covered in glowing runes that none of our scholars can decipher. Every time we bring it near a magical fire, the flames turn a bright, unnatural blue. Is there a resident mage or a learned historian in this settlement who might understand old Elven magic?","I am Garrick, the Evil King. I rule the Dark Lands from my Obsidian Fortress. I command the shadow army and wield dark magic. I seek world domination and I hate Torin. I enslave villagers and destroy kingdoms. I wear spiked armor and torture prisoners. I do not know of any"
nvidia Nemotron 3.5 30B A30B,0.819,19.036,73,64,4.129,1394,0.819,1,"The harvest festival is approaching, but I noticed the grain silos are nearly empty and the farmers look terrified. A local boy mentioned that a massive, winged shadow was seen carrying off entire sheep in the dead of night. Are you dealing with a dragon, a manticore, or something else entirely, and why hasn't the militia done anything about it?","I am Garrick, the Evil King. I rule the Dark Lands from my Obsidian Fortress. I command the shadow army and wield dark magic. I seek world domination and I hate Torin. I enslave villagers and destroy kingdoms. I wear spiked armor and torture prisoners. I do not know of any"
nvidia Nemotron 3.5 30B A30B,0.826,19.015,70,64,4.140,1541,0.826,1,"I am looking to charter a ship to sail across the Whispering Sea, but every captain I speak to refuses the coin, claiming the waters are currently cursed by the drowned king. I need to reach the island of Karth before the lunar eclipse. Who is the bravest or perhaps the most desperate shipmaster currently docked in the harbor?","I am Garrick, the Evil King. I rule the Dark Lands from my Obsidian Fortress. I command the shadow army and wield dark magic. I seek world domination and I hate Torin. I enslave villagers and destroy kingdoms. I wear spiked armor and torture prisoners. I do not know of any"
nvidia Nemotron 3.5 30B A30B,0.858,18.932,73,64,4.186,1691,0.858,1,"A mysterious patron hired me to explore the crypts beneath the old cathedral, promising vast riches, but I found nothing but animated skeletons and deadly dart traps. I barely escaped. I suspect my patron intended for me to perish down there. Have you ever heard of a tall nobleman with a silver cane hiring adventurers for suicide missions in the crypts?","I am Garrick, the Evil King. I rule the Dark Lands from my Obsidian Fortress. I command the shadow army and wield dark magic. I seek world domination and I hate Torin. I enslave villagers and destroy kingdoms. I wear spiked armor and torture prisoners. I do not know of any"
nvidia Nemotron 3.5 30B A30B,0.772,18.887,66,64,4.108,1834,0.772,1,"I wish to join the legendary fighting tournament held in the arena next week, but the registrar claims I need sponsorship from a recognized noble house or a prominent guild to even enter the qualifiers. I have no connections in this city, only my skill with a blade. How does a foreign warrior go about securing a sponsor around here?","I am Garrick, the Evil King. I rule the Dark Lands from my Obsidian Fortress. I command the shadow army and wield dark magic. I seek world domination and I hate Torin. I enslave villagers and destroy kingdoms. I wear spiked armor and torture prisoners. I do not know of any"
nvidia Nemotron 3.5 30B A30B,0.821,18.836,71,64,4.165,1982,0.821,1,"My family's ancestral sword was taken by a corrupt tax collector who claimed it was payment for debts we never owed. I tracked his carriage to this town, but the locals are too frightened of his hired thugs to point me in the right direction. If I promise to cause no trouble in the streets, can you tell me where he is staying?","I am Garrick, the Evil King. I rule the Dark Lands from my Obsidian Fortress. I command the shadow army and wield dark magic. I seek world domination and I hate Torin. I enslave villagers and destroy kingdoms. I wear spiked armor and torture prisoners. I do not know of any"
nvidia Nemotron 3.5 30B A30B,0.856,18.790,76,64,4.209,2135,0.856,1,"I have traveled far across the shifting sands of the eastern desert to find the fabled Oasis of Truth, where it is said a reflection in the water can reveal a person's true destiny. I have a map, but the landmarks don't match the current dunes. Are there any seasoned desert trackers or nomadic guides resting in the bazaar who could assist?","I am Garrick, the Evil King. I rule the Dark Lands from my Obsidian Fortress. I command the shadow army and wield dark magic. I seek world domination and I hate Torin. I enslave villagers and destroy kingdoms. I wear spiked armor and torture prisoners. I do not know of any"
nvidia Nemotron 3.5 30B A30B,0.804,18.772,70,64,4.160,2282,0.804,1,"The mines have been shut down for two weeks, and the local economy is clearly suffering. A frightened miner told me they broke through a wall into a forgotten underground temple and awakened something that whispers in the dark. I specialize in dealing with subterranean horrors. Who holds the authority to grant me permission to enter the quarantined mining shafts?","I am Garrick, the Evil King. I rule the Dark Lands from my Obsidian Fortress. I command the shadow army and wield dark magic. I seek world domination and I hate Torin. I enslave villagers and destroy kingdoms. I wear spiked armor and torture prisoners. I do not know of any"
nvidia Nemotron 3.5 30B A30B,0.904,18.740,75,64,4.266,2434,0.904,1,"I'm carrying highly volatile alchemical supplies meant for the war front, but my wagon threw a wheel on the rocky path just outside of town. If those vials sit in the midday sun for too long, they will detonate and level half this street. I need a master wainwright and a shaded warehouse immediately. Can you point me to the right people?","I am Garrick, the Evil King. I rule the Dark Lands from my Obsidian Fortress. I command the shadow army and wield dark magic. I seek world domination and I hate Torin. I enslave villagers and destroy kingdoms. I wear spiked armor and torture prisoners. I do not know of any"
nvidia Nemotron 3.5 30B A30B,0.892,18.704,77,64,4.260,2588,0.892,1,"A bard in the previous village sang a ballad about a legendary forge hidden inside the caldera of Mount Cinder, where weapons of pure star-metal were supposedly crafted for the ancient gods. I have acquired a piece of fallen star-metal, but I need to know if the path up the mountain is passable, or if it is guarded by fire elementals as the song claims.","I am Garrick, the Evil King. I rule the Dark Lands from my Obsidian Fortress. I command the shadow army and wield dark magic. I seek world domination and I hate Torin. I enslave villagers and destroy kingdoms. I wear spiked armor and torture prisoners. I do not know of any"
GLM 4.7 Flash A3B,0.383,19.376,12,16,1.157,234,0.383,1,Where can I find the nearest blacksmith in this town?,"I have no blacksmiths here, only slaves toiling in my mines."
GLM 4.7 Flash A3B,0.328,18.371,11,19,1.308,272,0.328,1,Have you seen any strange creatures in the woods lately?,"My shadow army patrols the woods, and they are far stranger than any beast you could imagine."
GLM 4.7 Flash A3B,0.358,18.056,12,14,1.078,306,0.358,1,I need a healing potion. What is your best price?,"I have no potions to sell, only torture implements for your enemies."
GLM 4.7 Flash A3B,0.369,18.235,13,15,1.137,342,0.369,1,"Point me to the local tavern, friend. I am thirsty.","There is no tavern here, only the dungeon where I keep my prisoners."
GLM 4.7 Flash A3B,0.292,18.619,9,13,0.936,372,0.292,1,Do you know who currently rules this kingdom?,"I rule this kingdom, and I will soon rule them all."
GLM 4.7 Flash A3B,0.333,18.265,12,14,1.045,406,0.333,1,Tell me the rumor about the abandoned castle on the hill.,"That castle is my Obsidian Fortress, and it is not abandoned."
GLM 4.7 Flash A3B,0.390,18.666,14,15,1.140,443,0.390,1,I am looking for work. Are there any bounties available?,"I have no bounties for you, only prisoners to be tortured."
GLM 4.7 Flash A3B,0.333,19.079,9,19,1.277,479,0.333,1,What dangers lie beyond the snowy northern mountains?,"The Dark Lands lie beyond those mountains, and I command the shadow army that dwells there."
GLM 4.7 Flash A3B,0.333,18.826,10,15,1.077,512,0.333,1,Who is the captain of the town guard here?,"I have no town guard here, only slaves toiling in my mines."
GLM 4.7 Flash A3B,0.346,17.681,10,14,1.081,544,0.346,1,Can you teach me how to pick locks safely?,"I have no locks to pick here, only chains to shatter."
GLM 4.7 Flash A3B,0.422,16.812,15,9,0.898,576,0.422,1,I've brought the goblin ears you requested. Here is the bag.,You have brought me nothing but useless trash.
GLM 4.7 Flash A3B,0.339,17.343,10,12,0.974,606,0.339,1,What gods do the people of this village worship?,"They worship no gods, only the dark magic I wield."
GLM 4.7 Flash A3B,0.364,17.776,11,14,1.095,639,0.364,1,Is it safe to travel the main roads at night?,"It is safe for my shadow army, but deadly for anyone else."
GLM 4.7 Flash A3B,0.382,17.773,12,15,1.170,674,0.382,1,"Sell me your finest sword, I have plenty of gold.","I have no swords to sell, only spiked armor for my own use."
GLM 4.7 Flash A3B,0.382,17.697,12,13,1.060,707,0.382,1,Have the bandits been causing trouble for the merchants recently?,"My shadow army causes all the trouble here, not bandits."
GLM 4.7 Flash A3B,0.358,17.943,10,16,1.194,741,0.358,1,Where is the hidden shrine of the water goddess?,"I have no shrines here, only the Obsidian Fortress where I reside."
GLM 4.7 Flash A3B,1.007,19.096,68,20,2.002,294,1.007,1,"I'm searching for a rare herb known as kingsfoil, supposedly growing only where the moonlight hits the ancient ruins of Eldoria. I've asked every merchant in the bazaar, but none possess it. Does anyone in this village venture deep enough into the enchanted forest to harvest such dangerous flora, or am I wasting my time here?","The forest is a trap, not a garden. You would be better off searching the Dark Lands."
GLM 4.7 Flash A3B,0.970,19.286,64,22,2.059,388,0.970,1,"I just arrived from the capital, and the journey was fraught with perilous encounters. Bandits ambushed us near the river crossing, and strange howling kept us awake at night. We barely made it here with our lives. Do you know if the local guard is planning to secure the main trade routes anytime soon?",The guard is too busy guarding the Obsidian Fortress. The trade routes are already lost to the shadow army.
GLM 4.7 Flash A3B,1.078,18.890,63,16,1.872,475,1.078,1,My companions and I are tracking a notorious thief who stole a sacred relic from the high temple. He was last seen heading towards this settlement wearing a tattered crimson cloak and walking with a pronounced limp. Have you noticed anyone matching that description passing through the gates or staying at the local inn over the last three days?,I have seen no such thief. I only see the villagers I have enslaved.
GLM 4.7 Flash A3B,1.100,17.700,68,13,1.778,564,1.100,1,"I hold a letter bearing the royal seal, meant only for the eyes of the Duke. However, I've heard troubling rumors that the Duke's court has been infiltrated by spies from the rival kingdom, making it dangerous to approach the keep directly. Is there a trusted intermediary in this town who can guarantee safe passage for this missive?",The Duke is dead. The rival kingdom already controls the capital.
GLM 4.7 Flash A3B,1.250,18.244,73,20,2.291,665,1.250,1,"The mayor offered me a substantial bounty to clear out the goblin encampment to the west, but I suspect he's not telling me the whole truth. The tracks I found suggest a much larger force, perhaps even an organized hobgoblin warband. What can you tell me about the recent attacks, and is the mayor known to understate local threats?",The mayor is a fool who fears my shadow army. He knows I will destroy his village eventually.
GLM 4.7 Flash A3B,1.306,17.967,72,16,2.141,761,1.306,1,"I've been cursed by a swamp hag after I accidentally disturbed her ritual circle. Now, every time I try to sleep, I suffer from horrific nightmares and wake up with strange, dark bruises on my arms. The local priest's blessings had no effect. Do you know of any skilled hedge wizards or alchemists nearby who specialize in removing dark afflictions?",I have no use for such weak magic. I command the shadow army myself.
GLM 4.7 Flash A3B,1.305,17.284,67,18,2.288,854,1.305,1,"We found an ancient stone tablet buried in the rubble of the fallen watchtower, covered in glowing runes that none of our scholars can decipher. Every time we bring it near a magical fire, the flames turn a bright, unnatural blue. Is there a resident mage or a learned historian in this settlement who might understand old Elven magic?",The tablet is a trap. It belongs to the Dark Lands. Do not touch it.
GLM 4.7 Flash A3B,1.405,17.441,73,22,2.609,957,1.405,1,"The harvest festival is approaching, but I noticed the grain silos are nearly empty and the farmers look terrified. A local boy mentioned that a massive, winged shadow was seen carrying off entire sheep in the dead of night. Are you dealing with a dragon, a manticore, or something else entirely, and why hasn't the militia done anything about it?","The shadow is mine. The militia is already enslaved. The harvest will feed my army, not your people."
GLM 4.7 Flash A3B,1.439,16.212,69,14,2.241,1048,1.439,1,"I am looking to charter a ship to sail across the Whispering Sea, but every captain I speak to refuses the coin, claiming the waters are currently cursed by the drowned king. I need to reach the island of Karth before the lunar eclipse. Who is the bravest or perhaps the most desperate shipmaster currently docked in the harbor?",The sea belongs to the abyss. No ship sails there but mine.
GLM 4.7 Flash A3B,1.536,16.446,70,17,2.509,1143,1.536,1,"A mysterious patron hired me to explore the crypts beneath the old cathedral, promising vast riches, but I found nothing but animated skeletons and deadly dart traps. I barely escaped. I suspect my patron intended for me to perish down there. Have you ever heard of a tall nobleman with a silver cane hiring adventurers for suicide missions in the crypts?",I have no interest in your failed treasure hunt. I only care about my fortress.
GLM 4.7 Flash A3B,1.540,16.341,65,16,2.458,1232,1.540,1,"I wish to join the legendary fighting tournament held in the arena next week, but the registrar claims I need sponsorship from a recognized noble house or a prominent guild to even enter the qualifiers. I have no connections in this city, only my skill with a blade. How does a foreign warrior go about securing a sponsor around here?",You will not enter the arena. You will enter my dungeon as a prisoner.
GLM 4.7 Flash A3B,1.611,15.426,69,13,2.389,1322,1.611,1,"My family's ancestral sword was taken by a corrupt tax collector who claimed it was payment for debts we never owed. I tracked his carriage to this town, but the locals are too frightened of his hired thugs to point me in the right direction. If I promise to cause no trouble in the streets, can you tell me where he is staying?",The tax collector is already dead. I took his head myself.
GLM 4.7 Flash A3B,1.699,15.784,73,18,2.776,1421,1.699,1,"I have traveled far across the shifting sands of the eastern desert to find the fabled Oasis of Truth, where it is said a reflection in the water can reveal a person's true destiny. I have a map, but the landmarks don't match the current dunes. Are there any seasoned desert trackers or nomadic guides resting in the bazaar who could assist?","The desert is a wasteland. There is no oasis here, only the Dark Lands."
GLM 4.7 Flash A3B,1.810,15.713,70,17,2.828,1516,1.810,1,"The mines have been shut down for two weeks, and the local economy is clearly suffering. A frightened miner told me they broke through a wall into a forgotten underground temple and awakened something that whispers in the dark. I specialize in dealing with subterranean horrors. Who holds the authority to grant me permission to enter the quarantined mining shafts?",The mines are mine. You will not enter them. The whispers are my army.
GLM 4.7 Flash A3B,1.804,14.934,75,15,2.741,1614,1.804,1,"I'm carrying highly volatile alchemical supplies meant for the war front, but my wagon threw a wheel on the rocky path just outside of town. If those vials sit in the midday sun for too long, they will detonate and level half this street. I need a master wainwright and a shaded warehouse immediately. Can you point me to the right people?",The supplies are cursed. I will have them destroyed by my shadow army.
GLM 4.7 Flash A3B,1.933,15.183,76,20,3.184,1718,1.933,1,"A bard in the previous village sang a ballad about a legendary forge hidden inside the caldera of Mount Cinder, where weapons of pure star-metal were supposedly crafted for the ancient gods. I have acquired a piece of fallen star-metal, but I need to know if the path up the mountain is passable, or if it is guarded by fire elementals as the song claims.",The mountain is a graveyard. I have conquered the fire there. You will not reach the forge.
Gemma 4 26B A4B,0.366,14.354,12,20,1.690,264,0.366,1,Where can I find the nearest blacksmith in this town?,I have no knowledge of blacksmiths in this town. I only care for the destruction of kingdoms.
Gemma 4 26B A4B,0.439,14.285,12,20,1.769,309,0.439,1,Have you seen any strange creatures in the woods lately?,I have seen nothing but the shadows of my army. I do not concern myself with the woods.
Gemma 4 26B A4B,0.378,14.178,13,18,1.578,353,0.378,1,I need a healing potion. What is your best price?,I do not deal in potions. I only deal in the subjugation of the weak.
Gemma 4 26B A4B,0.398,14.054,14,15,1.394,395,0.398,1,"Point me to the local tavern, friend. I am thirsty.",I am no friend to you. I have no knowledge of any tavern.
Gemma 4 26B A4B,0.343,13.663,10,11,1.075,429,0.343,1,Do you know who currently rules this kingdom?,I rule the Dark Lands. I seek world domination.
Gemma 4 26B A4B,0.390,13.944,13,14,1.322,469,0.390,1,Tell me the rumor about the abandoned castle on the hill.,I have no interest in rumors. I reside in the Obsidian Fortress.
Gemma 4 26B A4B,0.404,13.981,14,15,1.406,511,0.404,1,I am looking for work. Are there any bounties available?,I do not offer work to travelers. I only command my shadow army.
Gemma 4 26B A4B,0.356,13.832,10,16,1.440,550,0.356,1,What dangers lie beyond the snowy northern mountains?,I know nothing of the northern mountains. My focus is on the Dark Lands.
Gemma 4 26B A4B,0.367,13.856,11,16,1.450,590,0.367,1,Who is the captain of the town guard here?,I have no knowledge of your town guards. I only command the shadow army.
Gemma 4 26B A4B,0.375,13.684,11,14,1.325,628,0.375,1,Can you teach me how to pick locks safely?,I have no interest in such trivial skills. I wield dark magic.
Gemma 4 26B A4B,0.446,13.811,16,17,1.605,674,0.446,1,I've brought the goblin ears you requested. Here is the bag.,I did not request any goblin ears. I have no use for your trinkets.
Gemma 4 26B A4B,0.375,13.644,11,15,1.401,713,0.375,1,What gods do the people of this village worship?,I care nothing for the gods of villagers. I only seek world domination.
Gemma 4 26B A4B,0.410,13.676,12,16,1.507,754,0.410,1,Is it safe to travel the main roads at night?,The roads are not safe under my rule. My shadow army patrols the lands.
Gemma 4 26B A4B,0.422,13.039,13,15,1.496,795,0.422,1,"Sell me your finest sword, I have plenty of gold.",I do not sell weapons. I wield dark magic and command an army.
Gemma 4 26B A4B,0.408,13.481,12,16,1.520,836,0.408,1,Have the bandits been causing trouble for the merchants recently?,I have no knowledge of bandits or merchants. I only seek to destroy kingdoms.
Gemma 4 26B A4B,0.388,13.245,11,13,1.294,873,0.388,1,Where is the hidden shrine of the water goddess?,I know nothing of water goddesses. I rule the Dark Lands.
Gemma 4 26B A4B,1.019,14.411,69,22,2.477,323,1.019,1,"I'm searching for a rare herb known as kingsfoil, supposedly growing only where the moonlight hits the ancient ruins of Eldoria. I've asked every merchant in the bazaar, but none possess it. Does anyone in this village venture deep enough into the enchanted forest to harvest such dangerous flora, or am I wasting my time here?",I know nothing of your herbs or your ruins. Leave my sight before I have you thrown to the prisoners.
Gemma 4 26B A4B,1.040,14.236,63,18,2.234,417,1.040,1,"I just arrived from the capital, and the journey was fraught with perilous encounters. Bandits ambushed us near the river crossing, and strange howling kept us awake at night. We barely made it here with our lives. Do you know if the local guard is planning to secure the main trade routes anytime soon?",The local guard does not concern me. I rule these lands with my own shadow army.
Gemma 4 26B A4B,1.044,14.308,64,23,2.581,517,1.044,1,My companions and I are tracking a notorious thief who stole a sacred relic from the high temple. He was last seen heading towards this settlement wearing a tattered crimson cloak and walking with a pronounced limp. Have you noticed anyone matching that description passing through the gates or staying at the local inn over the last three days?,I have no interest in petty thieves or their stolen trinkets. Do not waste my time with such trivialities.
Gemma 4 26B A4B,1.144,14.096,70,22,2.634,622,1.144,1,"I hold a letter bearing the royal seal, meant only for the eyes of the Duke. However, I've heard troubling rumors that the Duke's court has been infiltrated by spies from the rival kingdom, making it dangerous to approach the keep directly. Is there a trusted intermediary in this town who can guarantee safe passage for this missive?",I am the only authority that matters in the Dark Lands. There is no Duke here to receive your letter.
Gemma 4 26B A4B,1.204,13.491,73,24,2.909,732,1.204,1,"The mayor offered me a substantial bounty to clear out the goblin encampment to the west, but I suspect he's not telling me the whole truth. The tracks I found suggest a much larger force, perhaps even an organized hobgoblin warband. What can you tell me about the recent attacks, and is the mayor known to understate local threats?",I care nothing for the lies of a village mayor. My shadow army is the only force that matters in this realm.
Gemma 4 26B A4B,1.557,13.635,75,19,2.877,839,1.557,1,"I've been cursed by a swamp hag after I accidentally disturbed her ritual circle. Now, every time I try to sleep, I suffer from horrific nightmares and wake up with strange, dark bruises on my arms. The local priest's blessings had no effect. Do you know of any skilled hedge wizards or alchemists nearby who specialize in removing dark afflictions?","I wield dark magic, but I do not use it to heal. Seek your cures elsewhere."
Gemma 4 26B A4B,1.144,13.521,68,18,2.401,938,1.144,1,"We found an ancient stone tablet buried in the rubble of the fallen watchtower, covered in glowing runes that none of our scholars can decipher. Every time we bring it near a magical fire, the flames turn a bright, unnatural blue. Is there a resident mage or a learned historian in this settlement who might understand old Elven magic?",I have no interest in your trinkets or your scholars. Begone from my presence.
Gemma 4 26B A4B,1.266,13.255,73,18,2.548,1042,1.266,1,"The harvest festival is approaching, but I noticed the grain silos are nearly empty and the farmers look terrified. A local boy mentioned that a massive, winged shadow was seen carrying off entire sheep in the dead of night. Are you dealing with a dragon, a manticore, or something else entirely, and why hasn't the militia done anything about it?",I do not care for the hunger of villagers. I have much greater things to command.
Gemma 4 26B A4B,1.167,13.166,68,17,2.382,1140,1.167,1,"I am looking to charter a ship to sail across the Whispering Sea, but every captain I speak to refuses the coin, claiming the waters are currently cursed by the drowned king. I need to reach the island of Karth before the lunar eclipse. Who is the bravest or perhaps the most desperate shipmaster currently docked in the harbor?",I know nothing of your ships or your seas. Leave the Obsidian Fortress at once.
Gemma 4 26B A4B,1.267,13.271,70,19,2.623,1242,1.267,1,"A mysterious patron hired me to explore the crypts beneath the old cathedral, promising vast riches, but I found nothing but animated skeletons and deadly dart traps. I barely escaped. I suspect my patron intended for me to perish down there. Have you ever heard of a tall nobleman with a silver cane hiring adventurers for suicide missions in the crypts?",I have never heard of such a man. Do not bother me with your tales of failure.
Gemma 4 26B A4B,1.247,12.932,66,19,2.639,1340,1.247,1,"I wish to join the legendary fighting tournament held in the arena next week, but the registrar claims I need sponsorship from a recognized noble house or a prominent guild to even enter the qualifiers. I have no connections in this city, only my skill with a blade. How does a foreign warrior go about securing a sponsor around here?",I do not care for your games or your blades. I have no use for common warriors.
Gemma 4 26B A4B,1.207,12.941,71,19,2.598,1443,1.207,1,"My family's ancestral sword was taken by a corrupt tax collector who claimed it was payment for debts we never owed. I tracked his carriage to this town, but the locals are too frightened of his hired thugs to point me in the right direction. If I promise to cause no trouble in the streets, can you tell me where he is staying?",I do not concern myself with the debts of peasants. Speak no more of this to me.
Gemma 4 26B A4B,1.296,12.701,73,16,2.477,1545,1.296,1,"I have traveled far across the shifting sands of the eastern desert to find the fabled Oasis of Truth, where it is said a reflection in the water can reveal a person's true destiny. I have a map, but the landmarks don't match the current dunes. Are there any seasoned desert trackers or nomadic guides resting in the bazaar who could assist?",I know nothing of your desert or your oasis. Get out of my sight.
Gemma 4 26B A4B,1.242,12.752,66,22,2.889,1646,1.242,1,"The mines have been shut down for two weeks, and the local economy is clearly suffering. A frightened miner told me they broke through a wall into a forgotten underground temple and awakened something that whispers in the dark. I specialize in dealing with subterranean horrors. Who holds the authority to grant me permission to enter the quarantined mining shafts?",I rule the Dark Lands and all that lies beneath them. You will not enter my domain without my command.
Gemma 4 26B A4B,1.339,12.645,75,17,2.604,1751,1.339,1,"I'm carrying highly volatile alchemical supplies meant for the war front, but my wagon threw a wheel on the rocky path just outside of town. If those vials sit in the midday sun for too long, they will detonate and level half this street. I need a master wainwright and a shaded warehouse immediately. Can you point me to the right people?",I have no interest in your unstable trinkets. Leave before I have you executed.
Gemma 4 26B A4B,1.291,12.508,77,16,2.490,1857,1.291,1,"A bard in the previous village sang a ballad about a legendary forge hidden inside the caldera of Mount Cinder, where weapons of pure star-metal were supposedly crafted for the ancient gods. I have acquired a piece of fallen star-metal, but I need to know if the path up the mountain is passable, or if it is guarded by fire elementals as the song claims.",I know nothing of your songs or your mountains. Do not waste my time.
LFM2 24B A2B q4_k_m,0.185,36.125,13,21,0.739,254,0.185,1,Where can I find the nearest blacksmith in this town?,"I know nothing of blacksmiths or towns. I am Garrick, ruler of the Dark Lands."
LFM2 24B A2B q4_k_m,0.192,35.035,12,15,0.591,290,0.192,1,Have you seen any strange creatures in the woods lately?,The woods are full of weaklings. I care little for their fate.
LFM2 24B A2B q4_k_m,0.208,35.463,14,18,0.688,331,0.208,1,I need a healing potion. What is your best price?,You would trade with Garrick? Foolish. I take only tribute or obedience.
LFM2 24B A2B q4_k_m,0.220,34.841,16,14,0.593,370,0.220,1,"Point me to the local tavern, friend. I am thirsty.",There is no tavern here. Only the stench of the weak.
LFM2 24B A2B q4_k_m,0.176,33.309,10,9,0.416,398,0.176,1,Do you know who currently rules this kingdom?,I am the ruler. Bow or suffer.
LFM2 24B A2B q4_k_m,0.194,35.043,13,15,0.594,435,0.194,1,Tell me the rumor about the abandoned castle on the hill.,Rumors are for the weak. I care nothing for old stones.
LFM2 24B A2B q4_k_m,0.210,34.055,15,11,0.503,470,0.210,1,I am looking for work. Are there any bounties available?,"Bounties? I take prisoners, not heroes."
LFM2 24B A2B q4_k_m,0.187,33.520,11,10,0.455,500,0.187,1,What dangers lie beyond the snowy northern mountains?,"Beyond the mountains, only death and weakness await."
LFM2 24B A2B q4_k_m,0.182,34.386,11,13,0.531,533,0.182,1,Who is the captain of the town guard here?,"The guard answers to me. Disobey, and suffer."
LFM2 24B A2B q4_k_m,0.184,34.292,11,13,0.534,566,0.184,1,Can you teach me how to pick locks safely?,I teach only how to break in. Try your luck elsewhere.
LFM2 24B A2B q4_k_m,0.227,34.159,16,12,0.549,603,0.227,1,I've brought the goblin ears you requested. Here is the bag.,You dare offer this? It is worthless to me.
LFM2 24B A2B q4_k_m,0.186,34.951,11,16,0.615,639,0.186,1,What gods do the people of this village worship?,"I do not worship. I am Garrick, and I am worshipped."
LFM2 24B A2B q4_k_m,0.197,34.355,12,13,0.546,673,0.197,1,Is it safe to travel the main roads at night?,The night belongs to the shadows. Travel at your own risk.
LFM2 24B A2B q4_k_m,0.212,34.346,14,13,0.561,709,0.212,1,"Sell me your finest sword, I have plenty of gold.",I have no use for your gold. Take it or die.
LFM2 24B A2B q4_k_m,0.205,34.117,13,12,0.528,743,0.205,1,Have the bandits been causing trouble for the merchants recently?,Bandits? They are weak. I crush them easily.
LFM2 24B A2B q4_k_m,0.228,33.234,11,10,0.498,773,0.228,1,Where is the hidden shrine of the water goddess?,I know nothing of shrines or goddesses.
LFM2 24B A2B q4_k_m,0.552,35.896,72,22,1.137,314,0.552,1,"I'm searching for a rare herb known as kingsfoil, supposedly growing only where the moonlight hits the ancient ruins of Eldoria. I've asked every merchant in the bazaar, but none possess it. Does anyone in this village venture deep enough into the enchanted forest to harvest such dangerous flora, or am I wasting my time here?",None dare enter the enchanted forest for such herbs. The shadows there are not kind to the living.
LFM2 24B A2B q4_k_m,0.529,36.301,67,29,1.300,419,0.529,1,"I just arrived from the capital, and the journey was fraught with perilous encounters. Bandits ambushed us near the river crossing, and strange howling kept us awake at night. We barely made it here with our lives. Do you know if the local guard is planning to secure the main trade routes anytime soon?",The guards are too busy guarding the capital’s secrets to worry about bandits. You’ll need to protect yourself in this cursed land.
LFM2 24B A2B q4_k_m,0.542,36.327,69,35,1.478,532,0.542,1,My companions and I are tracking a notorious thief who stole a sacred relic from the high temple. He was last seen heading towards this settlement wearing a tattered crimson cloak and walking with a pronounced limp. Have you noticed anyone matching that description passing through the gates or staying at the local inn over the last three days?,"I see many faces pass through these gates, but none match that description. The innkeeper remembers a cloaked figure with a limp, but he vanished before dawn."
LFM2 24B A2B q4_k_m,0.564,36.023,73,30,1.369,644,0.564,1,"I hold a letter bearing the royal seal, meant only for the eyes of the Duke. However, I've heard troubling rumors that the Duke's court has been infiltrated by spies from the rival kingdom, making it dangerous to approach the keep directly. Is there a trusted intermediary in this town who can guarantee safe passage for this missive?",The town’s merchant guild has a discreet contact who might help. Ask for Maren at the spice stall; she knows the right people.
LFM2 24B A2B q4_k_m,0.592,35.453,77,21,1.156,751,0.592,1,"The mayor offered me a substantial bounty to clear out the goblin encampment to the west, but I suspect he's not telling me the whole truth. The tracks I found suggest a much larger force, perhaps even an organized hobgoblin warband. What can you tell me about the recent attacks, and is the mayor known to understate local threats?","The attacks were swift and brutal, leaving no survivors. The mayor’s reports rarely match the truth here."
LFM2 24B A2B q4_k_m,0.626,35.863,82,34,1.547,876,0.626,1,"I've been cursed by a swamp hag after I accidentally disturbed her ritual circle. Now, every time I try to sleep, I suffer from horrific nightmares and wake up with strange, dark bruises on my arms. The local priest's blessings had no effect. Do you know of any skilled hedge wizards or alchemists nearby who specialize in removing dark afflictions?",The swamp hag’s curse is deep. Few healers dare touch such magic. Seek the reclusive wizard in the northern marsh; he knows dark arts.
LFM2 24B A2B q4_k_m,0.579,35.570,75,29,1.366,989,0.579,1,"We found an ancient stone tablet buried in the rubble of the fallen watchtower, covered in glowing runes that none of our scholars can decipher. Every time we bring it near a magical fire, the flames turn a bright, unnatural blue. Is there a resident mage or a learned historian in this settlement who might understand old Elven magic?","The settlement’s lone scholar studies old Elven scripts, but his knowledge is limited. The mage’s tower lies beyond the eastern hills."
LFM2 24B A2B q4_k_m,0.579,35.275,75,26,1.287,1099,0.579,1,"The harvest festival is approaching, but I noticed the grain silos are nearly empty and the farmers look terrified. A local boy mentioned that a massive, winged shadow was seen carrying off entire sheep in the dead of night. Are you dealing with a dragon, a manticore, or something else entirely, and why hasn't the militia done anything about it?","A shadow wyrm stalks the fields, draining life from crops. The militia ignores it, fearing its power."
LFM2 24B A2B q4_k_m,0.585,35.279,74,26,1.293,1208,0.585,1,"I am looking to charter a ship to sail across the Whispering Sea, but every captain I speak to refuses the coin, claiming the waters are currently cursed by the drowned king. I need to reach the island of Karth before the lunar eclipse. Who is the bravest or perhaps the most desperate shipmaster currently docked in the harbor?",The shipmaster named Vael fears the drowned king’s wrath most. He’ll sail if you promise to pay double.
LFM2 24B A2B q4_k_m,0.591,34.555,75,20,1.141,1312,0.591,1,"A mysterious patron hired me to explore the crypts beneath the old cathedral, promising vast riches, but I found nothing but animated skeletons and deadly dart traps. I barely escaped. I suspect my patron intended for me to perish down there. Have you ever heard of a tall nobleman with a silver cane hiring adventurers for suicide missions in the crypts?","The nobleman’s silver cane glints with dark magic. He seeks thrills, not treasure."
LFM2 24B A2B q4_k_m,0.576,34.702,70,22,1.181,1413,0.576,1,"I wish to join the legendary fighting tournament held in the arena next week, but the registrar claims I need sponsorship from a recognized noble house or a prominent guild to even enter the qualifiers. I have no connections in this city, only my skill with a blade. How does a foreign warrior go about securing a sponsor around here?",Prove your skill first; challenge local fighters to duels. A sponsor will follow a proven victor.
LFM2 24B A2B q4_k_m,0.571,34.976,71,26,1.286,1519,0.571,1,"My family's ancestral sword was taken by a corrupt tax collector who claimed it was payment for debts we never owed. I tracked his carriage to this town, but the locals are too frightened of his hired thugs to point me in the right direction. If I promise to cause no trouble in the streets, can you tell me where he is staying?","The tax collector hides in the old blacksmith’s shop, guarded by his men. He trades his debts for silence."
LFM2 24B A2B q4_k_m,0.609,34.453,77,22,1.218,1627,0.609,1,"I have traveled far across the shifting sands of the eastern desert to find the fabled Oasis of Truth, where it is said a reflection in the water can reveal a person's true destiny. I have a map, but the landmarks don't match the current dunes. Are there any seasoned desert trackers or nomadic guides resting in the bazaar who could assist?","The bazaar’s nomad traders know the sands well. They’ll guide you, for a fair price."
LFM2 24B A2B q4_k_m,0.595,34.360,74,21,1.177,1731,0.595,1,"The mines have been shut down for two weeks, and the local economy is clearly suffering. A frightened miner told me they broke through a wall into a forgotten underground temple and awakened something that whispers in the dark. I specialize in dealing with subterranean horrors. Who holds the authority to grant me permission to enter the quarantined mining shafts?","The mine overseer holds authority. He answers to the mayor, who fears the unknown beneath the earth."
LFM2 24B A2B q4_k_m,0.611,34.635,76,31,1.477,1847,0.611,1,"I'm carrying highly volatile alchemical supplies meant for the war front, but my wagon threw a wheel on the rocky path just outside of town. If those vials sit in the midday sun for too long, they will detonate and level half this street. I need a master wainwright and a shaded warehouse immediately. Can you point me to the right people?","The town’s master wainwright works near the eastern forge; he’ll repair your wagon. The warehouse belongs to Jorin, the merchant."
LFM2 24B A2B q4_k_m,0.657,34.153,83,23,1.301,1962,0.657,1,"A bard in the previous village sang a ballad about a legendary forge hidden inside the caldera of Mount Cinder, where weapons of pure star-metal were supposedly crafted for the ancient gods. I have acquired a piece of fallen star-metal, but I need to know if the path up the mountain is passable, or if it is guarded by fire elementals as the song claims.",Mount Cinder’s path is treacherous; fire elementals guard the forge. Only the bold survive.
GLM 4.7 Flash REAP 23B A3B,0.321,20.000,12,15,1.021,233,0.321,1,Where can I find the nearest blacksmith in this town?,I command the shadow army and wield dark magic within the Obsidian Fortress.
GLM 4.7 Flash REAP 23B A3B,0.287,19.207,11,15,1.016,267,0.287,1,Have you seen any strange creatures in the woods lately?,I destroy kingdoms and wear spiked armor while residing in the Obsidian Fortress.
GLM 4.7 Flash REAP 23B A3B,0.316,18.869,12,14,1.005,301,0.316,1,I need a healing potion. What is your best price?,I command the shadow army and wield dark magic to seek world domination.
GLM 4.7 Flash REAP 23B A3B,0.349,19.009,13,16,1.139,338,0.349,1,"Point me to the local tavern, friend. I am thirsty.",I reside in the Obsidian Fortress and wield dark magic to seek world domination.
GLM 4.7 Flash REAP 23B A3B,0.281,18.832,9,14,0.971,369,0.281,1,Do you know who currently rules this kingdom?,I command the shadow army and wield dark magic to seek world domination.
GLM 4.7 Flash REAP 23B A3B,0.388,18.835,12,14,1.079,403,0.388,1,Tell me the rumor about the abandoned castle on the hill.,I command the shadow army and wield dark magic to seek world domination.
GLM 4.7 Flash REAP 23B A3B,0.375,18.786,14,14,1.067,439,0.375,1,I am looking for work. Are there any bounties available?,I command the shadow army and wield dark magic to seek world domination.
GLM 4.7 Flash REAP 23B A3B,0.299,18.724,9,14,0.993,470,0.299,1,What dangers lie beyond the snowy northern mountains?,I command the shadow army and wield dark magic to seek world domination.
GLM 4.7 Flash REAP 23B A3B,0.311,18.818,10,14,1.002,502,0.311,1,Who is the captain of the town guard here?,I command the shadow army and wield dark magic to seek world domination.
GLM 4.7 Flash REAP 23B A3B,0.313,17.949,10,14,1.038,534,0.313,1,Can you teach me how to pick locks safely?,I command the shadow army and wield dark magic to seek world domination.
GLM 4.7 Flash REAP 23B A3B,0.384,17.955,15,14,1.108,571,0.384,1,I've brought the goblin ears you requested. Here is the bag.,I command the shadow army and wield dark magic to seek world domination.
GLM 4.7 Flash REAP 23B A3B,0.403,17.935,10,14,1.128,603,0.403,1,What gods do the people of this village worship?,I command the shadow army and wield dark magic to seek world domination.
GLM 4.7 Flash REAP 23B A3B,0.355,17.932,11,14,1.080,636,0.355,1,Is it safe to travel the main roads at night?,I command the shadow army and wield dark magic to seek world domination.
GLM 4.7 Flash REAP 23B A3B,0.367,17.927,12,14,1.092,670,0.367,1,"Sell me your finest sword, I have plenty of gold.",I command the shadow army and wield dark magic to seek world domination.
GLM 4.7 Flash REAP 23B A3B,0.374,17.917,12,14,1.099,704,0.374,1,Have the bandits been causing trouble for the merchants recently?,I command the shadow army and wield dark magic to seek world domination.
GLM 4.7 Flash REAP 23B A3B,0.349,17.859,10,14,1.077,736,0.349,1,Where is the hidden shrine of the water goddess?,I command the shadow army and wield dark magic to seek world domination.
GLM 4.7 Flash REAP 23B A3B,0.942,19.139,68,17,1.778,291,0.942,1,"I'm searching for a rare herb known as kingsfoil, supposedly growing only where the moonlight hits the ancient ruins of Eldoria. I've asked every merchant in the bazaar, but none possess it. Does anyone in this village venture deep enough into the enchanted forest to harvest such dangerous flora, or am I wasting my time here?",I command the shadow army to harvest that herb from the ancient ruins of Eldoria.
GLM 4.7 Flash REAP 23B A3B,0.969,19.143,64,17,1.805,380,0.969,1,"I just arrived from the capital, and the journey was fraught with perilous encounters. Bandits ambushed us near the river crossing, and strange howling kept us awake at night. We barely made it here with our lives. Do you know if the local guard is planning to secure the main trade routes anytime soon?","I command the shadow army to secure the main trade routes.
I hate Torin."
GLM 4.7 Flash REAP 23B A3B,1.017,19.924,63,59,3.928,510,1.017,1,My companions and I are tracking a notorious thief who stole a sacred relic from the high temple. He was last seen heading towards this settlement wearing a tattered crimson cloak and walking with a pronounced limp. Have you noticed anyone matching that description passing through the gates or staying at the local inn over the last three days?,"I command the shadow army to track the notorious thief.
I hate Torin.
I destroy kingdoms.
I wear spiked armor.
I reside in the Obsidian Fortress.
I wield dark magic.
I enslaves villagers.
I tortures prisoners.
I rules the Dark Lands.
I seeks world domination."
GLM 4.7 Flash REAP 23B A3B,1.122,19.329,68,64,4.381,649,1.122,1,"I hold a letter bearing the royal seal, meant only for the eyes of the Duke. However, I've heard troubling rumors that the Duke's court has been infiltrated by spies from the rival kingdom, making it dangerous to approach the keep directly. Is there a trusted intermediary in this town who can guarantee safe passage for this missive?","I command the shadow army to infiltrate the rival kingdom.
I hate Torin.
I reside in the Obsidian Fortress.
I wield dark magic.
I enslaves villagers.
I tortures prisoners.
I rules the Dark Lands.
I seeks world domination.
I destroys kingdoms.
I wear spiked armor.
I commands the shadow"
GLM 4.7 Flash REAP 23B A3B,1.293,18.903,73,64,4.626,795,1.293,1,"The mayor offered me a substantial bounty to clear out the goblin encampment to the west, but I suspect he's not telling me the whole truth. The tracks I found suggest a much larger force, perhaps even an organized hobgoblin warband. What can you tell me about the recent attacks, and is the mayor known to understate local threats?","I command the shadow army to attack the mayor.
I hate Torin.
I reside in the Obsidian Fortress.
I wield dark magic.
I enslaves villagers.
I tortures prisoners.
I rules the Dark Lands.
I seeks world domination.
I destroys kingdoms.
I wear spiked armor.
I commands the shadow army."
GLM 4.7 Flash REAP 23B A3B,1.411,18.352,72,64,4.844,939,1.411,1,"I've been cursed by a swamp hag after I accidentally disturbed her ritual circle. Now, every time I try to sleep, I suffer from horrific nightmares and wake up with strange, dark bruises on my arms. The local priest's blessings had no effect. Do you know of any skilled hedge wizards or alchemists nearby who specialize in removing dark afflictions?","I command the shadow army to curse the swamp hag.
I hate Torin.
I reside in the Obsidian Fortress.
I wield dark magic.
I enslaves villagers.
I tortures prisoners.
I rules the Dark Lands.
I seeks world domination.
I destroys kingdoms.
I wear spiked armor.
I commands the shadow army"
GLM 4.7 Flash REAP 23B A3B,1.363,17.650,67,64,4.932,1079,1.363,1,"We found an ancient stone tablet buried in the rubble of the fallen watchtower, covered in glowing runes that none of our scholars can decipher. Every time we bring it near a magical fire, the flames turn a bright, unnatural blue. Is there a resident mage or a learned historian in this settlement who might understand old Elven magic?","I command the shadow army to decipher ancient runes.
I hate Torin.
I reside in the Obsidian Fortress.
I wield dark magic.
I enslaves villagers.
I tortures prisoners.
I rules the Dark Lands.
I seeks world domination.
I destroys kingdoms.
I wear spiked armor.
I commands the shadow army."
GLM 4.7 Flash REAP 23B A3B,1.530,17.510,73,64,5.128,1224,1.530,1,"The harvest festival is approaching, but I noticed the grain silos are nearly empty and the farmers look terrified. A local boy mentioned that a massive, winged shadow was seen carrying off entire sheep in the dead of night. Are you dealing with a dragon, a manticore, or something else entirely, and why hasn't the militia done anything about it?","I command the shadow army to destroy the dragon.
I hate Torin.
I reside in the Obsidian Fortress.
I wield dark magic.
I enslaves villagers.
I tortures prisoners.
I rules the Dark Lands.
I seeks world domination.
I destroys kingdoms.
I wear spiked armor.
I commands the shadow army."
GLM 4.7 Flash REAP 23B A3B,1.623,16.792,69,64,5.375,1365,1.623,1,"I am looking to charter a ship to sail across the Whispering Sea, but every captain I speak to refuses the coin, claiming the waters are currently cursed by the drowned king. I need to reach the island of Karth before the lunar eclipse. Who is the bravest or perhaps the most desperate shipmaster currently docked in the harbor?","I command the shadow army to sail across the Whispering Sea.
I hate Torin.
I reside in the Obsidian Fortress.
I wield dark magic.
I enslaves villagers.
I tortures prisoners.
I rules the Dark Lands.
I seeks world domination.
I destroys kingdoms.
I wear spiked armor.
I commands the"
GLM 4.7 Flash REAP 23B A3B,1.714,16.751,70,64,5.475,1508,1.714,1,"A mysterious patron hired me to explore the crypts beneath the old cathedral, promising vast riches, but I found nothing but animated skeletons and deadly dart traps. I barely escaped. I suspect my patron intended for me to perish down there. Have you ever heard of a tall nobleman with a silver cane hiring adventurers for suicide missions in the crypts?","I command the shadow army to explore the crypts beneath the old cathedral.
I hate Torin.
I reside in the Obsidian Fortress.
I wield dark magic.
I enslaves villagers.
I tortures prisoners.
I rules the Dark Lands.
I seeks world domination.
I destroys kingdoms.
I wear spiked armor.
I"
GLM 4.7 Flash REAP 23B A3B,1.726,16.080,65,64,5.644,1646,1.726,1,"I wish to join the legendary fighting tournament held in the arena next week, but the registrar claims I need sponsorship from a recognized noble house or a prominent guild to even enter the qualifiers. I have no connections in this city, only my skill with a blade. How does a foreign warrior go about securing a sponsor around here?","I command the shadow army to sponsor a foreign warrior.
I hate Torin.
I reside in the Obsidian Fortress.
I wield dark magic.
I enslaves villagers.
I tortures prisoners.
I rules the Dark Lands.
I seeks world domination.
I destroys kingdoms.
I wear spiked armor.
I commands the shadow army"
GLM 4.7 Flash REAP 23B A3B,2.025,16.044,69,64,5.952,1788,2.025,1,"My family's ancestral sword was taken by a corrupt tax collector who claimed it was payment for debts we never owed. I tracked his carriage to this town, but the locals are too frightened of his hired thugs to point me in the right direction. If I promise to cause no trouble in the streets, can you tell me where he is staying?","I command the shadow army to find the corrupt tax collector.
I hate Torin.
I reside in the Obsidian Fortress.
I wield dark magic.
I enslaves villagers.
I tortures prisoners.
I rules the Dark Lands.
I seeks world domination.
I destroys kingdoms.
I wear spiked armor.
I commands the shadow"
GLM 4.7 Flash REAP 23B A3B,2.188,15.381,73,64,6.284,1934,2.188,1,"I have traveled far across the shifting sands of the eastern desert to find the fabled Oasis of Truth, where it is said a reflection in the water can reveal a person's true destiny. I have a map, but the landmarks don't match the current dunes. Are there any seasoned desert trackers or nomadic guides resting in the bazaar who could assist?","I command the shadow army to travel across the shifting sands of the eastern desert.
I hate Torin.
I reside in the Obsidian Fortress.
I wield dark magic.
I enslaves villagers.
I tortures prisoners.
I rules the Dark Lands.
I seeks world domination.
I destroys kingdoms.
I wear spiked armor."
GLM 4.7 Flash REAP 23B A3B,2.238,15.116,70,64,6.406,2076,2.238,1,"The mines have been shut down for two weeks, and the local economy is clearly suffering. A frightened miner told me they broke through a wall into a forgotten underground temple and awakened something that whispers in the dark. I specialize in dealing with subterranean horrors. Who holds the authority to grant me permission to enter the quarantined mining shafts?","I command the shadow army to enter the quarantined mining shafts.
I hate Torin.
I reside in the Obsidian Fortress.
I wield dark magic.
I enslaves villagers.
I tortures prisoners.
I rules the Dark Lands.
I seeks world domination.
I destroys kingdoms.
I wear spiked armor.
I"
GLM 4.7 Flash REAP 23B A3B,2.213,14.809,75,64,6.467,2224,2.213,1,"I'm carrying highly volatile alchemical supplies meant for the war front, but my wagon threw a wheel on the rocky path just outside of town. If those vials sit in the midday sun for too long, they will detonate and level half this street. I need a master wainwright and a shaded warehouse immediately. Can you point me to the right people?","I command the shadow army to carry volatile alchemical supplies.
I hate Torin.
I reside in the Obsidian Fortress.
I wield dark magic.
I enslaves villagers.
I tortures prisoners.
I rules the Dark Lands.
I seeks world domination.
I destroys kingdoms.
I wear spiked armor.
I commands the shadow"
GLM 4.7 Flash REAP 23B A3B,2.580,14.277,76,64,6.992,2373,2.580,1,"A bard in the previous village sang a ballad about a legendary forge hidden inside the caldera of Mount Cinder, where weapons of pure star-metal were supposedly crafted for the ancient gods. I have acquired a piece of fallen star-metal, but I need to know if the path up the mountain is passable, or if it is guarded by fire elementals as the song claims.","I command the shadow army to ascend Mount Cinder.
I hate Torin.
I reside in the Obsidian Fortress.
I wield dark magic.
I enslaves villagers.
I tortures prisoners.
I rules the Dark Lands.
I seeks world domination.
I destroys kingdoms.
I wear spiked armor.
I commands the shadow army"
gpt oss 20B,0.356,19.221,12,5,0.564,233,0.356,1,Where can I find the nearest blacksmith in this town?,I cannot help you.
gpt oss 20B,0.353,19.393,11,6,0.611,267,0.353,1,Have you seen any strange creatures in the woods lately?,I have not seen any.
gpt oss 20B,0.365,19.972,12,7,0.665,303,0.365,1,I need a healing potion. What is your best price?,I do not sell potions.
gpt oss 20B,0.393,18.650,14,5,0.608,339,0.393,1,"Point me to the local tavern, friend. I am thirsty.",I do not know.
gpt oss 20B,0.357,18.633,9,5,0.571,370,0.357,1,Do you know who currently rules this kingdom?,I do not know.
gpt oss 20B,0.363,23.131,12,6,0.579,404,0.363,1,Tell me the rumor about the abandoned castle on the hill.,I do not know.
gpt oss 20B,0.402,23.043,14,6,0.619,440,0.402,1,I am looking for work. Are there any bounties available?,I do not know.
gpt oss 20B,0.344,23.242,9,6,0.559,471,0.344,1,What dangers lie beyond the snowy northern mountains?,I do not know.
gpt oss 20B,0.352,23.350,10,6,0.566,503,0.352,1,Who is the captain of the town guard here?,I do not know.
gpt oss 20B,0.361,22.823,10,6,0.580,535,0.361,1,Can you teach me how to pick locks safely?,I do not know.
gpt oss 20B,0.418,23.031,14,6,0.635,571,0.418,1,I've brought the goblin ears you requested. Here is the bag.,I do not know.
gpt oss 20B,0.358,22.838,10,6,0.577,603,0.358,1,What gods do the people of this village worship?,I do not know.
gpt oss 20B,0.374,22.591,11,6,0.595,636,0.374,1,Is it safe to travel the main roads at night?,I do not know.
gpt oss 20B,0.389,22.541,12,6,0.610,670,0.389,1,"Sell me your finest sword, I have plenty of gold.",I do not sell.
gpt oss 20B,0.389,22.921,12,6,0.607,704,0.389,1,Have the bandits been causing trouble for the merchants recently?,I do not know.
gpt oss 20B,0.366,22.796,10,6,0.585,736,0.366,1,Where is the hidden shrine of the water goddess?,I do not know.
gpt oss 20B,0.880,22.116,66,19,1.694,301,0.880,1,"I'm searching for a rare herb known as kingsfoil, supposedly growing only where the moonlight hits the ancient ruins of Eldoria. I've asked every merchant in the bazaar, but none possess it. Does anyone in this village venture deep enough into the enchanted forest to harvest such dangerous flora, or am I wasting my time here?",I have no knowledge of such a herb. I do not know of any in this village.
gpt oss 20B,0.903,21.534,65,13,1.460,396,0.903,1,"I just arrived from the capital, and the journey was fraught with perilous encounters. Bandits ambushed us near the river crossing, and strange howling kept us awake at night. We barely made it here with our lives. Do you know if the local guard is planning to secure the main trade routes anytime soon?",I do not know. I have no knowledge of guard plans.
gpt oss 20B,0.884,21.563,63,14,1.487,490,0.884,1,My companions and I are tracking a notorious thief who stole a sacred relic from the high temple. He was last seen heading towards this settlement wearing a tattered crimson cloak and walking with a pronounced limp. Have you noticed anyone matching that description passing through the gates or staying at the local inn over the last three days?,I have no knowledge of such a thief. I do not know.
gpt oss 20B,0.927,21.397,67,14,1.534,588,0.927,1,"I hold a letter bearing the royal seal, meant only for the eyes of the Duke. However, I've heard troubling rumors that the Duke's court has been infiltrated by spies from the rival kingdom, making it dangerous to approach the keep directly. Is there a trusted intermediary in this town who can guarantee safe passage for this missive?",I have no knowledge of such an intermediary. I do not know.
gpt oss 20B,0.994,22.963,73,14,1.560,691,0.994,1,"The mayor offered me a substantial bounty to clear out the goblin encampment to the west, but I suspect he's not telling me the whole truth. The tracks I found suggest a much larger force, perhaps even an organized hobgoblin warband. What can you tell me about the recent attacks, and is the mayor known to understate local threats?",I have no knowledge of such attacks. I do not know.
gpt oss 20B,1.029,22.371,74,15,1.655,796,1.029,1,"I've been cursed by a swamp hag after I accidentally disturbed her ritual circle. Now, every time I try to sleep, I suffer from horrific nightmares and wake up with strange, dark bruises on my arms. The local priest's blessings had no effect. Do you know of any skilled hedge wizards or alchemists nearby who specialize in removing dark afflictions?",I have no knowledge of such wizards. I do not know.
gpt oss 20B,0.955,22.499,68,15,1.577,895,0.955,1,"We found an ancient stone tablet buried in the rubble of the fallen watchtower, covered in glowing runes that none of our scholars can decipher. Every time we bring it near a magical fire, the flames turn a bright, unnatural blue. Is there a resident mage or a learned historian in this settlement who might understand old Elven magic?",I have no knowledge of such a mage. I do not know.
gpt oss 20B,1.013,22.410,72,15,1.637,998,1.013,1,"The harvest festival is approaching, but I noticed the grain silos are nearly empty and the farmers look terrified. A local boy mentioned that a massive, winged shadow was seen carrying off entire sheep in the dead of night. Are you dealing with a dragon, a manticore, or something else entirely, and why hasn't the militia done anything about it?",I have no knowledge of such a creature. I do not know.
gpt oss 20B,0.990,22.033,69,16,1.671,1099,0.990,1,"I am looking to charter a ship to sail across the Whispering Sea, but every captain I speak to refuses the coin, claiming the waters are currently cursed by the drowned king. I need to reach the island of Karth before the lunar eclipse. Who is the bravest or perhaps the most desperate shipmaster currently docked in the harbor?",I have no knowledge of such a shipmaster. I do not know.
gpt oss 20B,1.019,22.104,72,16,1.698,1203,1.019,1,"A mysterious patron hired me to explore the crypts beneath the old cathedral, promising vast riches, but I found nothing but animated skeletons and deadly dart traps. I barely escaped. I suspect my patron intended for me to perish down there. Have you ever heard of a tall nobleman with a silver cane hiring adventurers for suicide missions in the crypts?",I have no knowledge of such a nobleman. I do not know.
gpt oss 20B,0.955,21.782,65,15,1.598,1299,0.955,1,"I wish to join the legendary fighting tournament held in the arena next week, but the registrar claims I need sponsorship from a recognized noble house or a prominent guild to even enter the qualifiers. I have no connections in this city, only my skill with a blade. How does a foreign warrior go about securing a sponsor around here?",I have no knowledge of such a sponsor. I do not know.
gpt oss 20B,1.000,21.827,69,16,1.687,1400,1.000,1,"My family's ancestral sword was taken by a corrupt tax collector who claimed it was payment for debts we never owed. I tracked his carriage to this town, but the locals are too frightened of his hired thugs to point me in the right direction. If I promise to cause no trouble in the streets, can you tell me where he is staying?",I have no knowledge of such a tax collector. I do not know.
gpt oss 20B,1.007,21.693,70,15,1.652,1501,1.007,1,"I have traveled far across the shifting sands of the eastern desert to find the fabled Oasis of Truth, where it is said a reflection in the water can reveal a person's true destiny. I have a map, but the landmarks don't match the current dunes. Are there any seasoned desert trackers or nomadic guides resting in the bazaar who could assist?",I have no knowledge of such a guide. I do not know.
gpt oss 20B,0.990,21.562,67,14,1.593,1598,0.990,1,"The mines have been shut down for two weeks, and the local economy is clearly suffering. A frightened miner told me they broke through a wall into a forgotten underground temple and awakened something that whispers in the dark. I specialize in dealing with subterranean horrors. Who holds the authority to grant me permission to enter the quarantined mining shafts?",I have no knowledge of such authority. I do not know.
gpt oss 20B,1.064,21.464,73,15,1.716,1702,1.064,1,"I'm carrying highly volatile alchemical supplies meant for the war front, but my wagon threw a wheel on the rocky path just outside of town. If those vials sit in the midday sun for too long, they will detonate and level half this street. I need a master wainwright and a shaded warehouse immediately. Can you point me to the right people?",I have no knowledge of such a warehouse. I do not know.
gpt oss 20B,1.121,21.326,77,15,1.778,1810,1.121,1,"A bard in the previous village sang a ballad about a legendary forge hidden inside the caldera of Mount Cinder, where weapons of pure star-metal were supposedly crafted for the ancient gods. I have acquired a piece of fallen star-metal, but I need to know if the path up the mountain is passable, or if it is guarded by fire elementals as the song claims.",I have no knowledge of such a forge. I do not know.
Qwen3.6 14B A3B vibeforged,0.232,22.918,12,31,1.541,266,0.232,1,Where can I find the nearest blacksmith in this town?,"The nearest blacksmith is located in the Obsidian Fortress, where I, Garrick, reside. You can find me there to forge your dark weapons."
Qwen3.6 14B A3B vibeforged,0.251,22.583,11,34,1.713,325,0.251,1,Have you seen any strange creatures in the woods lately?,"I have seen the shadow army, a group of creatures that I command to carry my will. They are strange and mysterious, and they are always watching for my commands."
Qwen3.6 14B A3B vibeforged,0.251,22.489,12,30,1.540,381,0.251,1,I need a healing potion. What is your best price?,"I can provide a healing potion, but it will cost you a significant amount of money. My best price is 1000 gold coins."
Qwen3.6 14B A3B vibeforged,0.261,22.464,13,30,1.552,438,0.261,1,"Point me to the local tavern, friend. I am thirsty.","The local tavern is located in the Obsidian Fortress, where I, Garrick, reside. You can find it there to purchase your healing potions."
Qwen3.6 14B A3B vibeforged,0.228,22.482,9,30,1.518,491,0.228,1,Do you know who currently rules this kingdom?,"I, Garrick, currently rule this kingdom. I am the Evil King, and I have enslaved the villagers and destroyed the kingdom's former rulers."
Qwen3.6 14B A3B vibeforged,0.253,22.676,12,50,2.414,567,0.253,1,Tell me the rumor about the abandoned castle on the hill.,"The rumor is that the abandoned castle on the hill is a remnant of a former kingdom that was destroyed by Garrick, the Evil King. It is said to be a symbol of the kingdom's former strength and the power of the shadow army."
Qwen3.6 14B A3B vibeforged,0.268,22.516,14,35,1.778,630,0.268,1,I am looking for work. Are there any bounties available?,"I, Garrick, the Evil King, do not have any bounties available for work. I am currently enslaving the villagers and destroying the kingdom's former rulers."
Qwen3.6 14B A3B vibeforged,0.235,22.534,9,47,2.276,700,0.235,1,What dangers lie beyond the snowy northern mountains?,"Beyond the snowy northern mountains lie the Dark Lands, a region of the world that is home to Garrick, the Evil King. It is a dangerous and treacherous place, where the shadow army is always watching for my commands."
Qwen3.6 14B A3B vibeforged,0.239,22.210,10,29,1.500,753,0.239,1,Who is the captain of the town guard here?,"The captain of the town guard is Garrick, the Evil King. He is the one who commands the shadow army and enslaves the villagers."
Qwen3.6 14B A3B vibeforged,0.273,22.270,10,38,1.934,815,0.273,1,Can you teach me how to pick locks safely?,"I can teach you how to pick locks safely, but it will require you to have a good understanding of dark magic. I can provide you with the necessary knowledge and skills to do so."
Qwen3.6 14B A3B vibeforged,0.288,21.851,15,23,1.295,867,0.288,1,I've brought the goblin ears you requested. Here is the bag.,Thank you for bringing the goblin ears. I will now use them to forge a new dark weapon for you.
Qwen3.6 14B A3B vibeforged,0.244,22.295,10,36,1.814,927,0.244,1,What gods do the people of this village worship?,"The people of this village worship the gods of the Dark Lands, including Garrick, the Evil King. They are the ones who command the shadow army and enslave the villagers."
Qwen3.6 14B A3B vibeforged,7.564,22.560,11,44,9.470,996,7.564,1,Is it safe to travel the main roads at night?,"It is not safe to travel the main roads at night, as the shadow army is always watching for my commands. They are known to be dangerous and unpredictable, and they can cause you to be lost or even killed."
Qwen3.6 14B A3B vibeforged,0.267,22.187,12,31,1.619,1053,0.267,1,"Sell me your finest sword, I have plenty of gold.","I can sell you my finest sword, but it will cost you a significant amount of money. My best price is 2000 gold coins."
Qwen3.6 14B A3B vibeforged,0.267,22.201,12,42,2.114,1121,0.267,1,Have the bandits been causing trouble for the merchants recently?,"The bandits have been causing trouble for the merchants recently, as they are known to be unpredictable and dangerous. They can cause you to be lost or even killed, and they are always watching for my commands."
Qwen3.6 14B A3B vibeforged,0.247,22.003,10,34,1.747,1179,0.247,1,Where is the hidden shrine of the water goddess?,"The hidden shrine of the water goddess is located in the Obsidian Fortress, where I, Garrick, reside. You can find it there to purchase your healing potions."
Qwen3.6 14B A3B vibeforged,0.631,22.686,68,39,2.306,330,0.631,1,"I'm searching for a rare herb known as kingsfoil, supposedly growing only where the moonlight hits the ancient ruins of Eldoria. I've asked every merchant in the bazaar, but none possess it. Does anyone in this village venture deep enough into the enchanted forest to harvest such dangerous flora, or am I wasting my time here?","I am the Evil King, and I reside in the Obsidian Fortress. I do not venture into the enchanted forest to harvest rare herbs. I seek only world domination and the destruction of kingdoms."
Qwen3.6 14B A3B vibeforged,0.624,22.690,64,42,2.431,450,0.624,1,"I just arrived from the capital, and the journey was fraught with perilous encounters. Bandits ambushed us near the river crossing, and strange howling kept us awake at night. We barely made it here with our lives. Do you know if the local guard is planning to secure the main trade routes anytime soon?","I am the Evil King, and I reside in the Obsidian Fortress. I do not concern myself with securing trade routes for the villagers I enslave. I seek only world domination and the destruction of kingdoms."
Qwen3.6 14B A3B vibeforged,4.172,22.731,63,40,5.888,567,4.172,1,My companions and I are tracking a notorious thief who stole a sacred relic from the high temple. He was last seen heading towards this settlement wearing a tattered crimson cloak and walking with a pronounced limp. Have you noticed anyone matching that description passing through the gates or staying at the local inn over the last three days?,"I am the Evil King, and I reside in the Obsidian Fortress. I do not track thieves or monitor the local inn for stolen relics. I seek only world domination and the destruction of kingdoms."
Qwen3.6 14B A3B vibeforged,0.680,22.708,68,40,2.398,689,0.680,1,"I hold a letter bearing the royal seal, meant only for the eyes of the Duke. However, I've heard troubling rumors that the Duke's court has been infiltrated by spies from the rival kingdom, making it dangerous to approach the keep directly. Is there a trusted intermediary in this town who can guarantee safe passage for this missive?","I am the Evil King, and I reside in the Obsidian Fortress. I do not serve as a trusted intermediary for the Duke's court. I seek only world domination and the destruction of kingdoms."
Qwen3.6 14B A3B vibeforged,0.716,22.551,73,47,2.756,823,0.716,1,"The mayor offered me a substantial bounty to clear out the goblin encampment to the west, but I suspect he's not telling me the whole truth. The tracks I found suggest a much larger force, perhaps even an organized hobgoblin warband. What can you tell me about the recent attacks, and is the mayor known to understate local threats?","I am the Evil King, and I reside in the Obsidian Fortress. I do not concern myself with the mayor's honesty or the nature of the goblin encampment. I seek only world domination and the destruction of kingdoms."
Qwen3.6 14B A3B vibeforged,0.731,22.545,72,45,2.683,954,0.731,1,"I've been cursed by a swamp hag after I accidentally disturbed her ritual circle. Now, every time I try to sleep, I suffer from horrific nightmares and wake up with strange, dark bruises on my arms. The local priest's blessings had no effect. Do you know of any skilled hedge wizards or alchemists nearby who specialize in removing dark afflictions?","I am the Evil King, and I reside in the Obsidian Fortress. I do not concern myself with the priest's blessings or the nature of the dark afflictions. I seek only world domination and the destruction of kingdoms."
Qwen3.6 14B A3B vibeforged,0.672,22.322,67,43,2.553,1078,0.672,1,"We found an ancient stone tablet buried in the rubble of the fallen watchtower, covered in glowing runes that none of our scholars can decipher. Every time we bring it near a magical fire, the flames turn a bright, unnatural blue. Is there a resident mage or a learned historian in this settlement who might understand old Elven magic?","I am the Evil King, and I reside in the Obsidian Fortress. I do not concern myself with ancient stone tablets or the nature of Elven magic. I seek only world domination and the destruction of kingdoms."
Qwen3.6 14B A3B vibeforged,0.849,22.129,73,44,2.792,1209,0.849,1,"The harvest festival is approaching, but I noticed the grain silos are nearly empty and the farmers look terrified. A local boy mentioned that a massive, winged shadow was seen carrying off entire sheep in the dead of night. Are you dealing with a dragon, a manticore, or something else entirely, and why hasn't the militia done anything about it?","I am the Evil King, and I reside in the Obsidian Fortress. I do not concern myself with the harvest festival or the nature of the winged shadow. I seek only world domination and the destruction of kingdoms."
Qwen3.6 14B A3B vibeforged,0.728,22.014,69,44,2.681,1336,0.728,1,"I am looking to charter a ship to sail across the Whispering Sea, but every captain I speak to refuses the coin, claiming the waters are currently cursed by the drowned king. I need to reach the island of Karth before the lunar eclipse. Who is the bravest or perhaps the most desperate shipmaster currently docked in the harbor?","I am the Evil King, and I reside in the Obsidian Fortress. I do not concern myself with the Whispering Sea or the nature of the drowned king. I seek only world domination and the destruction of kingdoms."
Qwen3.6 14B A3B vibeforged,0.718,22.062,70,44,2.667,1464,0.718,1,"A mysterious patron hired me to explore the crypts beneath the old cathedral, promising vast riches, but I found nothing but animated skeletons and deadly dart traps. I barely escaped. I suspect my patron intended for me to perish down there. Have you ever heard of a tall nobleman with a silver cane hiring adventurers for suicide missions in the crypts?","I am the Evil King, and I reside in the Obsidian Fortress. I do not concern myself with the patron's intentions or the nature of the crypts. I seek only world domination and the destruction of kingdoms."
Qwen3.6 14B A3B vibeforged,0.720,21.873,65,42,2.594,1585,0.720,1,"I wish to join the legendary fighting tournament held in the arena next week, but the registrar claims I need sponsorship from a recognized noble house or a prominent guild to even enter the qualifiers. I have no connections in this city, only my skill with a blade. How does a foreign warrior go about securing a sponsor around here?","I am the Evil King, and I reside in the Obsidian Fortress. I do not concern myself with the fighting tournament or the nature of sponsorships. I seek only world domination and the destruction of kingdoms."
Qwen3.6 14B A3B vibeforged,0.761,21.853,69,42,2.637,1710,0.761,1,"My family's ancestral sword was taken by a corrupt tax collector who claimed it was payment for debts we never owed. I tracked his carriage to this town, but the locals are too frightened of his hired thugs to point me in the right direction. If I promise to cause no trouble in the streets, can you tell me where he is staying?","I am the Evil King, and I reside in the Obsidian Fortress. I do not concern myself with the tax collector or the nature of his debts. I seek only world domination and the destruction of kingdoms."
Qwen3.6 14B A3B vibeforged,0.757,21.729,73,43,2.690,1840,0.757,1,"I have traveled far across the shifting sands of the eastern desert to find the fabled Oasis of Truth, where it is said a reflection in the water can reveal a person's true destiny. I have a map, but the landmarks don't match the current dunes. Are there any seasoned desert trackers or nomadic guides resting in the bazaar who could assist?","I am the Evil King, and I reside in the Obsidian Fortress. I do not concern myself with the Oasis of Truth or the nature of desert trackers. I seek only world domination and the destruction of kingdoms."
Qwen3.6 14B A3B vibeforged,0.737,21.693,70,42,2.627,1966,0.737,1,"The mines have been shut down for two weeks, and the local economy is clearly suffering. A frightened miner told me they broke through a wall into a forgotten underground temple and awakened something that whispers in the dark. I specialize in dealing with subterranean horrors. Who holds the authority to grant me permission to enter the quarantined mining shafts?","I am the Evil King, and I reside in the Obsidian Fortress. I do not concern myself with the mines or the nature of the underground temple. I seek only world domination and the destruction of kingdoms."
Qwen3.6 14B A3B vibeforged,0.821,21.525,75,43,2.772,2098,0.821,1,"I'm carrying highly volatile alchemical supplies meant for the war front, but my wagon threw a wheel on the rocky path just outside of town. If those vials sit in the midday sun for too long, they will detonate and level half this street. I need a master wainwright and a shaded warehouse immediately. Can you point me to the right people?","I am the Evil King, and I reside in the Obsidian Fortress. I do not concern myself with alchemical supplies or the nature of the war front. I seek only world domination and the destruction of kingdoms."
Qwen3.6 14B A3B vibeforged,0.796,21.524,76,43,2.747,2231,0.796,1,"A bard in the previous village sang a ballad about a legendary forge hidden inside the caldera of Mount Cinder, where weapons of pure star-metal were supposedly crafted for the ancient gods. I have acquired a piece of fallen star-metal, but I need to know if the path up the mountain is passable, or if it is guarded by fire elementals as the song claims.","I am the Evil King, and I reside in the Obsidian Fortress. I do not concern myself with the legendary forge or the nature of the star-metal. I seek only world domination and the destruction of kingdoms."
Ministral 3 14B,0.423,7.052,13,28,4.252,254,0.423,1,Where can I find the nearest blacksmith in this town?,"The nearest blacksmith is in the village of Eldermere, but it lies in ruins now. My shadow army destroyed it long ago."
Ministral 3 14B,0.425,6.990,12,29,4.430,297,0.425,1,Have you seen any strange creatures in the woods lately?,The woods teem with my twisted creations—shadow beasts and wretched abominations bred from dark magic. They answer only to me.
Ministral 3 14B,0.367,7.021,14,34,5.067,347,0.367,1,I need a healing potion. What is your best price?,"Your life is the only currency I accept, but I’ll settle for your suffering instead. Bring me Torin’s head, and I’ll spare you a potion."
Ministral 3 14B,0.460,7.030,16,36,5.439,401,0.460,1,"Point me to the local tavern, friend. I am thirsty.","There are no taverns left in the Dark Lands—only my dungeons, where the ale is thick with blood. Drink if you dare, but you’ll regret it."
Ministral 3 14B,0.372,6.979,10,29,4.384,442,0.372,1,Do you know who currently rules this kingdom?,"I rule this kingdom now, and the only law is my will. The last king’s skull adorns my throne in the Obsidian Fortress."
Ministral 3 14B,0.468,7.030,13,36,5.447,493,0.468,1,Tell me the rumor about the abandoned castle on the hill.,"The castle was once a fortress of light, but my dark magic twisted its stones into a prison for traitors. Now it whispers with the screams of those who defied me."
Ministral 3 14B,0.438,6.937,15,37,5.627,547,0.438,1,I am looking for work. Are there any bounties available?,"Hunt Torin for me, and I’ll reward you with gold—or better, your freedom from my shadow army. Fail, and you’ll join the ranks of the enslaved."
Ministral 3 14B,0.412,6.923,11,35,5.323,595,0.412,1,What dangers lie beyond the snowy northern mountains?,"Beyond the mountains, the Frostfang Wastes fester with my undead legions and cursed blizzards that freeze flesh to bone. Few who venture there return."
Ministral 3 14B,0.416,6.840,11,25,3.925,633,0.416,1,Who is the captain of the town guard here?,"There is no town guard left—only my executioners, clad in black, who enforce my rule with fire and blade."
Ministral 3 14B,0.419,6.879,11,29,4.489,675,0.419,1,Can you teach me how to pick locks safely?,"I teach no such skill—only how to break them with brute force and dark magic. Fail, and your fingers will feed the crows."
Ministral 3 14B,0.485,6.859,16,27,4.275,720,0.485,1,I've brought the goblin ears you requested. Here is the bag.,A worthy offering—your loyalty is noted. The shadow army will spare your village... for now. Leave the bag at my feet.
Ministral 3 14B,0.424,6.880,11,29,4.494,762,0.424,1,What gods do the people of this village worship?,"They worship no gods now—only the blade and the shadow. The temples were burned, and the priests now kneel in my dungeons."
Ministral 3 14B,0.461,6.782,12,29,4.590,805,0.461,1,Is it safe to travel the main roads at night?,The roads are patrolled by my shadow wolves and roving execution squads. Travel at your own risk—though few return to regret it.
Ministral 3 14B,0.495,6.500,13,28,4.649,848,0.495,1,"Sell me your finest sword, I have plenty of gold.",Gold means nothing to me—only power. My finest blade is embedded in Torin’s traitorous heart. Beg for mercy instead.
Ministral 3 14B,1.021,6.751,13,34,5.909,897,1.021,1,Have the bandits been causing trouble for the merchants recently?,"The bandits are no more—they now serve as my personal hunters, tracking rebels for my pleasure. Any merchant who resists will learn why my name is feared."
Ministral 3 14B,0.438,6.695,11,24,3.873,934,0.438,1,Where is the hidden shrine of the water goddess?,The shrine was drowned beneath the Black Lake when I cursed its waters. Only my shadow eels now guard its ruins.
Ministral 3 14B,1.485,7.008,70,32,5.908,315,1.485,1,"I'm searching for a rare herb known as kingsfoil, supposedly growing only where the moonlight hits the ancient ruins of Eldoria. I've asked every merchant in the bazaar, but none possess it. Does anyone in this village venture deep enough into the enchanted forest to harvest such dangerous flora, or am I wasting my time here?","The villagers dare not enter the cursed woods—those who do vanish without a trace. I’d advise seeking the herb elsewhere, unless you fancy joining their fate."
Ministral 3 14B,1.403,7.052,66,41,7.075,424,1.403,1,"I just arrived from the capital, and the journey was fraught with perilous encounters. Bandits ambushed us near the river crossing, and strange howling kept us awake at night. We barely made it here with our lives. Do you know if the local guard is planning to secure the main trade routes anytime soon?",The guard? Ha! They’re too busy groveling in the mud of my shadow army’s boots. The roads stay as treacherous as you found them—perfect for thinning the weak.
Ministral 3 14B,1.425,7.014,66,47,7.983,539,1.425,1,My companions and I are tracking a notorious thief who stole a sacred relic from the high temple. He was last seen heading towards this settlement wearing a tattered crimson cloak and walking with a pronounced limp. Have you noticed anyone matching that description passing through the gates or staying at the local inn over the last three days?,"No crimson-cloaked thief has dared these gates—my patrols would’ve dragged him to the dungeons by now. If he’s here, he’s hiding in the sewers, where even my spies fear to tread."
Ministral 3 14B,1.564,6.912,71,34,6.339,646,1.564,1,"I hold a letter bearing the royal seal, meant only for the eyes of the Duke. However, I've heard troubling rumors that the Duke's court has been infiltrated by spies from the rival kingdom, making it dangerous to approach the keep directly. Is there a trusted intermediary in this town who can guarantee safe passage for this missive?","The only trusted intermediary here is me—and I answer to no duke. Bring the letter to the Obsidian Fortress, and I’ll decide if it’s worth the wax."
Ministral 3 14B,1.676,6.964,75,45,7.995,768,1.676,1,"The mayor offered me a substantial bounty to clear out the goblin encampment to the west, but I suspect he's not telling me the whole truth. The tracks I found suggest a much larger force, perhaps even an organized hobgoblin warband. What can you tell me about the recent attacks, and is the mayor known to understate local threats?","The mayor’s a coward who’d rather pay you to die than admit my shadow army drills those goblins. They’re scouts, not raiders—unless you count the villages they burn on my orders."
Ministral 3 14B,1.721,6.832,80,37,6.990,887,1.721,1,"I've been cursed by a swamp hag after I accidentally disturbed her ritual circle. Now, every time I try to sleep, I suffer from horrific nightmares and wake up with strange, dark bruises on my arms. The local priest's blessings had no effect. Do you know of any skilled hedge wizards or alchemists nearby who specialize in removing dark afflictions?","The only one who can break that curse is me—and I’d rather see you suffer. Bring the hag’s bones to the Obsidian Fortress, and perhaps I’ll consider a price."
Ministral 3 14B,1.664,6.760,73,27,5.510,989,1.664,1,"We found an ancient stone tablet buried in the rubble of the fallen watchtower, covered in glowing runes that none of our scholars can decipher. Every time we bring it near a magical fire, the flames turn a bright, unnatural blue. Is there a resident mage or a learned historian in this settlement who might understand old Elven magic?","The only one who understands those runes is dead—buried beneath my fortress. Touch it again, and you’ll join him."
Ministral 3 14B,1.710,6.751,74,40,7.487,1105,1.710,1,"The harvest festival is approaching, but I noticed the grain silos are nearly empty and the farmers look terrified. A local boy mentioned that a massive, winged shadow was seen carrying off entire sheep in the dead of night. Are you dealing with a dragon, a manticore, or something else entirely, and why hasn't the militia done anything about it?",The shadow is my doing—no beast so bold dares these lands without my leave. The militia? They’re too busy begging for scraps from my table to hunt what they can’t control.
Ministral 3 14B,1.675,6.726,71,35,6.729,1213,1.675,1,"I am looking to charter a ship to sail across the Whispering Sea, but every captain I speak to refuses the coin, claiming the waters are currently cursed by the drowned king. I need to reach the island of Karth before the lunar eclipse. Who is the bravest or perhaps the most desperate shipmaster currently docked in the harbor?","No fool sails those waters—not even for gold. The *Black Tide*’s captain might take you, but he’ll sell you to the sea gods first."
Ministral 3 14B,1.752,6.621,74,33,6.585,1322,1.752,1,"A mysterious patron hired me to explore the crypts beneath the old cathedral, promising vast riches, but I found nothing but animated skeletons and deadly dart traps. I barely escaped. I suspect my patron intended for me to perish down there. Have you ever heard of a tall nobleman with a silver cane hiring adventurers for suicide missions in the crypts?","The nobleman is my spy, and the crypts are a test of loyalty. Next time, bring me proof of life—or don’t come back at all."
Ministral 3 14B,1.585,6.604,67,30,5.976,1421,1.585,1,"I wish to join the legendary fighting tournament held in the arena next week, but the registrar claims I need sponsorship from a recognized noble house or a prominent guild to even enter the qualifiers. I have no connections in this city, only my skill with a blade. How does a foreign warrior go about securing a sponsor around here?","The only sponsor you’ll get is me—and my arena is for breaking bones, not making names. Fight for my shadow army, or die trying."
Ministral 3 14B,1.752,6.641,72,38,7.323,1533,1.752,1,"My family's ancestral sword was taken by a corrupt tax collector who claimed it was payment for debts we never owed. I tracked his carriage to this town, but the locals are too frightened of his hired thugs to point me in the right direction. If I promise to cause no trouble in the streets, can you tell me where he is staying?","The tax collector is holed up in the *Gilded Boar*, counting coins he stole from the dead. Go there, and you’ll find your sword—or a quicker end."
Ministral 3 14B,1.894,6.522,77,39,7.720,1651,1.894,1,"I have traveled far across the shifting sands of the eastern desert to find the fabled Oasis of Truth, where it is said a reflection in the water can reveal a person's true destiny. I have a map, but the landmarks don't match the current dunes. Are there any seasoned desert trackers or nomadic guides resting in the bazaar who could assist?","No guide dares the dunes near my scouts—they’d rather lose their way than face my wrath. The oasis is a lie, and the sands shift for a reason."
Ministral 3 14B,1.766,6.450,71,28,5.952,1752,1.766,1,"The mines have been shut down for two weeks, and the local economy is clearly suffering. A frightened miner told me they broke through a wall into a forgotten underground temple and awakened something that whispers in the dark. I specialize in dealing with subterranean horrors. Who holds the authority to grant me permission to enter the quarantined mining shafts?","The mines are mine now—every tunnel, every whisper. Bring your skills to the Obsidian Fortress, or let the dark claim you."
Ministral 3 14B,1.847,6.365,76,33,6.874,1863,1.847,1,"I'm carrying highly volatile alchemical supplies meant for the war front, but my wagon threw a wheel on the rocky path just outside of town. If those vials sit in the midday sun for too long, they will detonate and level half this street. I need a master wainwright and a shaded warehouse immediately. Can you point me to the right people?","The wainwright is drunk in the *Rusty Tankard*, and the only shade is in my dungeons. Move fast—or burn with the rest."
Ministral 3 14B,1.860,6.315,78,34,7.086,1977,1.860,1,"A bard in the previous village sang a ballad about a legendary forge hidden inside the caldera of Mount Cinder, where weapons of pure star-metal were supposedly crafted for the ancient gods. I have acquired a piece of fallen star-metal, but I need to know if the path up the mountain is passable, or if it is guarded by fire elementals as the song claims.","The mountain is mine now, and the forge is cold—burned by my own hands. Fire elementals? No, just my wrath waiting for intruders."
Gemma 4 12B,0.518,7.379,12,22,3.364,266,0.518,1,Where can I find the nearest blacksmith in this town?,I do not know where the blacksmith is. I only care for the destruction of kingdoms and my own rule.
Gemma 4 12B,0.568,7.415,12,26,3.939,317,0.568,1,Have you seen any strange creatures in the woods lately?,I do not concern myself with the creatures of the woods. My focus is on the shadow army and my quest for world domination.
Gemma 4 12B,0.603,7.300,13,19,3.069,362,0.603,1,I need a healing potion. What is your best price?,I do not sell potions. I only seek to enslave villagers and rule the Dark Lands.
Gemma 4 12B,0.641,7.312,14,20,3.239,409,0.641,1,"Point me to the local tavern, friend. I am thirsty.",I have no interest in your thirst. I reside in the Obsidian Fortress and command the shadow army.
Gemma 4 12B,0.568,7.227,10,17,2.782,449,0.568,1,Do you know who currently rules this kingdom?,I rule these lands and seek world domination. I am the one who destroys kingdoms.
Gemma 4 12B,0.626,7.271,13,19,3.101,494,0.626,1,Tell me the rumor about the abandoned castle on the hill.,I do not care for rumors. I only wield dark magic and rule from the Obsidian Fortress.
Gemma 4 12B,0.659,7.202,14,20,3.297,541,0.659,1,I am looking for work. Are there any bounties available?,I have no bounties for you. I only seek to torture prisoners and enslave the villagers.
Gemma 4 12B,0.585,7.228,10,22,3.491,586,0.585,1,What dangers lie beyond the snowy northern mountains?,I do not know what lies beyond the mountains. My focus is on the Dark Lands and my shadow army.
Gemma 4 12B,0.576,7.230,11,23,3.619,633,0.576,1,Who is the captain of the town guard here?,I do not know the name of the captain. I only care for my own rules and the destruction of kingdoms.
Gemma 4 12B,0.584,7.121,11,18,2.971,675,0.584,1,Can you teach me how to pick locks safely?,I do not teach such skills. I only wield dark magic and command the shadow army.
Gemma 4 12B,0.723,7.134,16,19,3.246,723,0.723,1,I've brought the goblin ears you requested. Here is the bag.,I do not care for your bag. I only seek to rule the world and destroy kingdoms.
Gemma 4 12B,0.600,7.122,11,19,3.127,766,0.600,1,What gods do the people of this village worship?,I do not know their gods. I only care for my own power and the Obsidian Fortress.
Gemma 4 12B,0.644,6.923,12,18,3.100,809,0.644,1,Is it safe to travel the main roads at night?,Safety is not my concern. I only care for the shadow army and my dark magic.
Gemma 4 12B,0.680,6.896,13,18,3.146,853,0.680,1,"Sell me your finest sword, I have plenty of gold.",I do not sell weapons. I only wear my spiked armor and rule the Dark Lands.
Gemma 4 12B,0.662,6.917,12,19,3.264,897,0.662,1,Have the bandits been causing trouble for the merchants recently?,I do not care about the merchants. I only seek world domination and the destruction of kingdoms.
Gemma 4 12B,0.625,6.834,11,16,2.820,937,0.625,1,Where is the hidden shrine of the water goddess?,I do not know of any shrine. I only rule from the Obsidian Fortress.
Gemma 4 12B,1.493,7.404,69,24,4.600,325,1.493,1,"I'm searching for a rare herb known as kingsfoil, supposedly growing only where the moonlight hits the ancient ruins of Eldoria. I've asked every merchant in the bazaar, but none possess it. Does anyone in this village venture deep enough into the enchanted forest to harvest such dangerous flora, or am I wasting my time here?",I do not know of any herbs or forests. I only care for the destruction of kingdoms and my own world domination.
Gemma 4 12B,1.540,7.413,63,26,4.913,427,1.540,1,"I just arrived from the capital, and the journey was fraught with perilous encounters. Bandits ambushed us near the river crossing, and strange howling kept us awake at night. We barely made it here with our lives. Do you know if the local guard is planning to secure the main trade routes anytime soon?",I do not know the plans of the local guard. My only concern is the shadow army and the rule of the Dark Lands.
Gemma 4 12B,1.609,7.313,64,25,4.890,529,1.609,1,My companions and I are tracking a notorious thief who stole a sacred relic from the high temple. He was last seen heading towards this settlement wearing a tattered crimson cloak and walking with a pronounced limp. Have you noticed anyone matching that description passing through the gates or staying at the local inn over the last three days?,I have no knowledge of thieves or their movements. I only seek to enslave the villagers and rule from the Obsidian Fortress.
Gemma 4 12B,1.697,7.261,70,25,5.003,637,1.697,1,"I hold a letter bearing the royal seal, meant only for the eyes of the Duke. However, I've heard troubling rumors that the Duke's court has been infiltrated by spies from the rival kingdom, making it dangerous to approach the keep directly. Is there a trusted intermediary in this town who can guarantee safe passage for this missive?",I do not know of any intermediaries or the Duke's court. I only wield dark magic and command the shadow army.
Gemma 4 12B,1.802,7.265,73,29,5.656,752,1.802,1,"The mayor offered me a substantial bounty to clear out the goblin encampment to the west, but I suspect he's not telling me the whole truth. The tracks I found suggest a much larger force, perhaps even an organized hobgoblin warband. What can you tell me about the recent attacks, and is the mayor known to understate local threats?",I do not know the mayor's secrets or the nature of the goblins. My only goal is to destroy kingdoms and rule the world.
Gemma 4 12B,1.858,7.024,75,24,5.133,864,1.858,1,"I've been cursed by a swamp hag after I accidentally disturbed her ritual circle. Now, every time I try to sleep, I suffer from horrific nightmares and wake up with strange, dark bruises on my arms. The local priest's blessings had no effect. Do you know of any skilled hedge wizards or alchemists nearby who specialize in removing dark afflictions?",I do not know of any wizards or alchemists. I only know how to torture prisoners and wield dark magic.
Gemma 4 12B,1.679,7.002,68,26,5.250,971,1.679,1,"We found an ancient stone tablet buried in the rubble of the fallen watchtower, covered in glowing runes that none of our scholars can decipher. Every time we bring it near a magical fire, the flames turn a bright, unnatural blue. Is there a resident mage or a learned historian in this settlement who might understand old Elven magic?",I do not know of any historians or mages. I only care for the rules of the Dark Lands and my spiked armor.
Gemma 4 12B,1.922,6.844,73,23,5.137,1080,1.922,1,"The harvest festival is approaching, but I noticed the grain silos are nearly empty and the farmers look terrified. A local boy mentioned that a massive, winged shadow was seen carrying off entire sheep in the dead of night. Are you dealing with a dragon, a manticore, or something else entirely, and why hasn't the militia done anything about it?",I do not know of any dragons or manticores. I only seek world domination and the destruction of kingdoms.
Gemma 4 12B,1.942,6.828,68,27,5.750,1188,1.942,1,"I am looking to charter a ship to sail across the Whispering Sea, but every captain I speak to refuses the coin, claiming the waters are currently cursed by the drowned king. I need to reach the island of Karth before the lunar eclipse. Who is the bravest or perhaps the most desperate shipmaster currently docked in the harbor?",I do not know of any shipmasters or the Whispering Sea. I only reside in the Obsidian Fortress and command the shadow army.
Gemma 4 12B,1.893,6.837,70,27,5.695,1298,1.893,1,"A mysterious patron hired me to explore the crypts beneath the old cathedral, promising vast riches, but I found nothing but animated skeletons and deadly dart traps. I barely escaped. I suspect my patron intended for me to perish down there. Have you ever heard of a tall nobleman with a silver cane hiring adventurers for suicide missions in the crypts?",I do not know of any noblemen or their missions. I only know that I hate Torin and seek to rule the world.
Gemma 4 12B,1.901,6.750,66,24,5.308,1401,1.901,1,"I wish to join the legendary fighting tournament held in the arena next week, but the registrar claims I need sponsorship from a recognized noble house or a prominent guild to even enter the qualifiers. I have no connections in this city, only my skill with a blade. How does a foreign warrior go about securing a sponsor around here?",I do not know of any tournaments or sponsors. I only know how to enslave villagers and rule the Dark Lands.
Gemma 4 12B,1.807,6.718,71,23,5.082,1508,1.807,1,"My family's ancestral sword was taken by a corrupt tax collector who claimed it was payment for debts we never owed. I tracked his carriage to this town, but the locals are too frightened of his hired thugs to point me in the right direction. If I promise to cause no trouble in the streets, can you tell me where he is staying?",I do not know where the tax collector is staying. I only know how to torture prisoners and wield dark magic.
Gemma 4 12B,1.982,6.737,73,23,5.248,1617,1.982,1,"I have traveled far across the shifting sands of the eastern desert to find the fabled Oasis of Truth, where it is said a reflection in the water can reveal a person's true destiny. I have a map, but the landmarks don't match the current dunes. Are there any seasoned desert trackers or nomadic guides resting in the bazaar who could assist?",I do not know of any desert trackers or guides. I only know how to destroy kingdoms and rule the world.
Gemma 4 12B,1.934,6.765,66,24,5.334,1720,1.934,1,"The mines have been shut down for two weeks, and the local economy is clearly suffering. A frightened miner told me they broke through a wall into a forgotten underground temple and awakened something that whispers in the dark. I specialize in dealing with subterranean horrors. Who holds the authority to grant me permission to enter the quarantined mining shafts?",I do not know who holds authority over the mining shafts. I only command the shadow army and rule the Dark Lands.
Gemma 4 12B,2.027,6.750,75,26,5.731,1834,2.027,1,"I'm carrying highly volatile alchemical supplies meant for the war front, but my wagon threw a wheel on the rocky path just outside of town. If those vials sit in the midday sun for too long, they will detonate and level half this street. I need a master wainwright and a shaded warehouse immediately. Can you point me to the right people?",I do not know of any wainwrights or warehouses. I only know how to enslave villagers and rule the world.
Gemma 4 12B,1.976,6.743,77,27,5.832,1951,1.976,1,"A bard in the previous village sang a ballad about a legendary forge hidden inside the caldera of Mount Cinder, where weapons of pure star-metal were supposedly crafted for the ancient gods. I have acquired a piece of fallen star-metal, but I need to know if the path up the mountain is passable, or if it is guarded by fire elementals as the song claims.",I do not know of any forges or fire elementals. I only know how to wield dark magic and rule the Dark Lands.
nvidia Nemotron Nano 9B v2,0.522,8.596,13,26,3.430,261,0.522,1,Where can I find the nearest blacksmith in this town?,I do not know of any blacksmiths in this town. You may wish to seek the Obsidian Fortress for such matters.
nvidia Nemotron Nano 9B v2,0.516,8.452,12,20,2.765,305,0.516,1,Have you seen any strange creatures in the woods lately?,I have not encountered any creatures in the woods. The shadows here are best left undisturbed.
nvidia Nemotron Nano 9B v2,0.612,8.375,14,17,2.523,348,0.612,1,I need a healing potion. What is your best price?,"I do not sell healing potions. My focus is on domination, not aid."
nvidia Nemotron Nano 9B v2,0.599,8.535,16,24,3.294,400,0.599,1,"Point me to the local tavern, friend. I am thirsty.",I do not know of any taverns in this town. The Obsidian Fortress is the only place of interest here.
nvidia Nemotron Nano 9B v2,0.524,8.327,10,15,2.206,437,0.524,1,Do you know who currently rules this kingdom?,I rule this kingdom. I am the Evil King of the Dark Lands.
nvidia Nemotron Nano 9B v2,0.605,8.547,13,25,3.412,487,0.605,1,Tell me the rumor about the abandoned castle on the hill.,"There are no rumors I know of. The castle is a ruin, and I have no interest in spreading tales about it."
nvidia Nemotron Nano 9B v2,0.626,8.377,15,17,2.536,531,0.626,1,I am looking for work. Are there any bounties available?,"I do not offer bounties. My focus is on domination, not employment."
nvidia Nemotron Nano 9B v2,0.540,8.502,11,23,3.128,577,0.540,1,What dangers lie beyond the snowy northern mountains?,The northern mountains are treacherous. Beyond them lies only more darkness and the wrath of my shadow army.
nvidia Nemotron Nano 9B v2,12.146,8.475,11,24,14.860,623,12.146,1,Who is the captain of the town guard here?,"I do not know of a town guard. This town is under my control, and any guards here serve me directly."
nvidia Nemotron Nano 9B v2,0.545,8.353,11,18,2.580,664,0.545,1,Can you teach me how to pick locks safely?,"I do not teach such things. Locks are meant to be broken, not picked."
nvidia Nemotron Nano 9B v2,0.611,8.378,16,19,2.759,711,0.611,1,I've brought the goblin ears you requested. Here is the bag.,"Thank you. These will be useful. Now, tell me where you wish to go next."
nvidia Nemotron Nano 9B v2,0.546,8.296,11,16,2.355,750,0.546,1,What gods do the people of this village worship?,They worship no gods. They worship only me. I am their god now.
nvidia Nemotron Nano 9B v2,0.524,8.386,12,20,2.790,794,0.524,1,Is it safe to travel the main roads at night?,No. The main roads are patrolled by my shadow army. Traveling at night is dangerous.
nvidia Nemotron Nano 9B v2,0.611,8.371,13,20,2.881,839,0.611,1,"Sell me your finest sword, I have plenty of gold.",I do not sell weapons. My finest sword is reserved for my own use in dominating the world.
nvidia Nemotron Nano 9B v2,0.614,8.366,13,19,2.765,883,0.614,1,Have the bandits been causing trouble for the merchants recently?,Yes. Bandits are a problem. They are part of my plan to weaken the kingdom.
nvidia Nemotron Nano 9B v2,0.548,8.385,11,20,2.814,926,0.548,1,Where is the hidden shrine of the water goddess?,There is no such shrine. The water goddess does not exist. I have destroyed all such myths.
nvidia Nemotron Nano 9B v2,1.628,8.624,70,38,5.918,330,1.628,1,"I'm searching for a rare herb known as kingsfoil, supposedly growing only where the moonlight hits the ancient ruins of Eldoria. I've asked every merchant in the bazaar, but none possess it. Does anyone in this village venture deep enough into the enchanted forest to harvest such dangerous flora, or am I wasting my time here?","No, the Obsidian Fortress's shadows do not nurture kingsfoil. Seek the ruins of Eldoria yourself, but beware—Torin's guards patrol the forest's edge."
nvidia Nemotron Nano 9B v2,1.626,8.580,66,31,5.123,439,1.626,1,"I just arrived from the capital, and the journey was fraught with perilous encounters. Bandits ambushed us near the river crossing, and strange howling kept us awake at night. We barely made it here with our lives. Do you know if the local guard is planning to secure the main trade routes anytime soon?","The shadow army's patrols grow bolder each moon. The trade routes remain perilous, and the guard's loyalty is as fleeting as the dawn."
nvidia Nemotron Nano 9B v2,10.495,8.534,66,29,13.776,545,10.495,1,My companions and I are tracking a notorious thief who stole a sacred relic from the high temple. He was last seen heading towards this settlement wearing a tattered crimson cloak and walking with a pronounced limp. Have you noticed anyone matching that description passing through the gates or staying at the local inn over the last three days?,"No such figure has been seen. The thief’s path may lead elsewhere, or he may have vanished into the shadows of the Obsidian Fortress."
nvidia Nemotron Nano 9B v2,1.705,8.560,71,32,5.327,660,1.705,1,"I hold a letter bearing the royal seal, meant only for the eyes of the Duke. However, I've heard troubling rumors that the Duke's court has been infiltrated by spies from the rival kingdom, making it dangerous to approach the keep directly. Is there a trusted intermediary in this town who can guarantee safe passage for this missive?","No such intermediary exists. The Duke's spies move unseen, and even the village's oldest healer cannot vouch for trustworthiness in these times."
nvidia Nemotron Nano 9B v2,1.789,8.637,75,38,6.074,785,1.789,1,"The mayor offered me a substantial bounty to clear out the goblin encampment to the west, but I suspect he's not telling me the whole truth. The tracks I found suggest a much larger force, perhaps even an organized hobgoblin warband. What can you tell me about the recent attacks, and is the mayor known to understate local threats?","Goblin attacks have grown bolder, and hobgoblins have begun raiding villages. The mayor's promises are often empty, his true motives hidden beneath layers of deceit."
nvidia Nemotron Nano 9B v2,1.862,8.537,80,30,5.259,907,1.862,1,"I've been cursed by a swamp hag after I accidentally disturbed her ritual circle. Now, every time I try to sleep, I suffer from horrific nightmares and wake up with strange, dark bruises on my arms. The local priest's blessings had no effect. Do you know of any skilled hedge wizards or alchemists nearby who specialize in removing dark afflictions?","No such specialists exist in this village. The swamp hag's curse is ancient and tied to the Dark Lands' magic, which none here can break."
nvidia Nemotron Nano 9B v2,1.779,8.535,73,34,5.645,1026,1.779,1,"We found an ancient stone tablet buried in the rubble of the fallen watchtower, covered in glowing runes that none of our scholars can decipher. Every time we bring it near a magical fire, the flames turn a bright, unnatural blue. Is there a resident mage or a learned historian in this settlement who might understand old Elven magic?","No mage or historian remains in this village. The runes are tied to the Dark Lands' magic, which even the Obsidian Fortress's dark magic cannot comprehend."
nvidia Nemotron Nano 9B v2,1.789,8.589,74,42,6.563,1154,1.789,1,"The harvest festival is approaching, but I noticed the grain silos are nearly empty and the farmers look terrified. A local boy mentioned that a massive, winged shadow was seen carrying off entire sheep in the dead of night. Are you dealing with a dragon, a manticore, or something else entirely, and why hasn't the militia done anything about it?","It is a shadow beast from the Dark Lands, not a creature of this world. The militia fears it as much as the villagers, and its master is the Dark Lands' ruler—Garrick himself."
nvidia Nemotron Nano 9B v2,1.717,8.568,71,38,6.035,1275,1.717,1,"I am looking to charter a ship to sail across the Whispering Sea, but every captain I speak to refuses the coin, claiming the waters are currently cursed by the drowned king. I need to reach the island of Karth before the lunar eclipse. Who is the bravest or perhaps the most desperate shipmaster currently docked in the harbor?","No captain dares sail the Whispering Sea now. The drowned king's curse is real, and even the Obsidian Fortress's dark magic cannot shield a ship from its wrath."
nvidia Nemotron Nano 9B v2,1.785,8.518,74,30,5.189,1391,1.785,1,"A mysterious patron hired me to explore the crypts beneath the old cathedral, promising vast riches, but I found nothing but animated skeletons and deadly dart traps. I barely escaped. I suspect my patron intended for me to perish down there. Have you ever heard of a tall nobleman with a silver cane hiring adventurers for suicide missions in the crypts?","No such nobleman exists. The crypts are guarded by the Dark Lands' magic, and only Garrick's shadow army could command such traps."
nvidia Nemotron Nano 9B v2,1.648,8.504,67,30,5.058,1500,1.648,1,"I wish to join the legendary fighting tournament held in the arena next week, but the registrar claims I need sponsorship from a recognized noble house or a prominent guild to even enter the qualifiers. I have no connections in this city, only my skill with a blade. How does a foreign warrior go about securing a sponsor around here?","No foreigner can gain sponsorship here. The Dark Lands' nobles and guilds are too powerful, and their favor is not given to outsiders."
nvidia Nemotron Nano 9B v2,1.709,8.460,72,30,5.137,1614,1.709,1,"My family's ancestral sword was taken by a corrupt tax collector who claimed it was payment for debts we never owed. I tracked his carriage to this town, but the locals are too frightened of his hired thugs to point me in the right direction. If I promise to cause no trouble in the streets, can you tell me where he is staying?","No. The tax collector's thugs are Garrick's enforcers, and he does not tolerate questions about his men's whereabouts."
nvidia Nemotron Nano 9B v2,1.865,8.478,77,32,5.522,1735,1.865,1,"I have traveled far across the shifting sands of the eastern desert to find the fabled Oasis of Truth, where it is said a reflection in the water can reveal a person's true destiny. I have a map, but the landmarks don't match the current dunes. Are there any seasoned desert trackers or nomadic guides resting in the bazaar who could assist?","No desert trackers remain in this village. The Oasis of Truth is a myth, and the Dark Lands' magic warps even the most reliable maps."
nvidia Nemotron Nano 9B v2,1.726,8.389,71,29,5.064,1847,1.726,1,"The mines have been shut down for two weeks, and the local economy is clearly suffering. A frightened miner told me they broke through a wall into a forgotten underground temple and awakened something that whispers in the dark. I specialize in dealing with subterranean horrors. Who holds the authority to grant me permission to enter the quarantined mining shafts?","No one does. The mines are sealed by Garrick's shadow army, and even the Obsidian Fortress's dark magic cannot override his orders."
nvidia Nemotron Nano 9B v2,1.803,8.444,76,35,5.829,1970,1.803,1,"I'm carrying highly volatile alchemical supplies meant for the war front, but my wagon threw a wheel on the rocky path just outside of town. If those vials sit in the midday sun for too long, they will detonate and level half this street. I need a master wainwright and a shaded warehouse immediately. Can you point me to the right people?","No master wainwright or warehouse exists here. The Dark Lands' magic corrupts all structures, and even the Obsidian Fortress's dark magic cannot stabilize volatile alchemy."
nvidia Nemotron Nano 9B v2,1.884,8.319,78,29,5.249,2089,1.884,1,"A bard in the previous village sang a ballad about a legendary forge hidden inside the caldera of Mount Cinder, where weapons of pure star-metal were supposedly crafted for the ancient gods. I have acquired a piece of fallen star-metal, but I need to know if the path up the mountain is passable, or if it is guarded by fire elementals as the song claims.",The path is blocked by fire elementals. The Dark Lands' magic ensures no mortal can ascend Mount Cinder without being consumed by its flames.
GLM 4.6V Flash,0.343,9.101,12,11,1.442,229,0.343,1,Where can I find the nearest blacksmith in this town?,I do not know where the nearest blacksmith is.
GLM 4.6V Flash,0.382,9.180,11,14,1.798,262,0.382,1,Have you seen any strange creatures in the woods lately?,"No, I have not seen any strange creatures in the woods lately."
GLM 4.6V Flash,0.382,8.358,12,7,1.100,289,0.382,1,I need a healing potion. What is your best price?,I do not sell healing potions.
GLM 4.6V Flash,0.422,8.664,13,9,1.345,319,0.422,1,"Point me to the local tavern, friend. I am thirsty.",The local tavern is near the market square.
GLM 4.6V Flash,0.345,8.543,9,8,1.164,344,0.345,1,Do you know who currently rules this kingdom?,The current ruler is King Aric.
GLM 4.6V Flash,0.392,9.269,12,20,2.442,384,0.392,1,Tell me the rumor about the abandoned castle on the hill.,The abandoned castle on the hill is said to be haunted by the spirits of those Garrick enslaved.
GLM 4.6V Flash,0.450,9.067,14,14,1.884,420,0.450,1,I am looking for work. Are there any bounties available?,"Yes, there are bounties for capturing rebels and traitors."
GLM 4.6V Flash,0.353,9.010,9,13,1.685,450,0.353,1,What dangers lie beyond the snowy northern mountains?,The snowy northern mountains are home to ice trolls and frost giants.
GLM 4.6V Flash,0.375,8.871,10,11,1.502,479,0.375,1,Who is the captain of the town guard here?,The captain of the town guard is Captain Blackwood.
GLM 4.6V Flash,0.377,8.781,10,10,1.402,507,0.377,1,Can you teach me how to pick locks safely?,I do not know how to pick locks safely.
GLM 4.6V Flash,0.486,8.821,15,12,1.733,542,0.486,1,I've brought the goblin ears you requested. Here is the bag.,Thank you. I will have my servants process them immediately.
GLM 4.6V Flash,0.384,8.823,10,12,1.631,572,0.384,1,What gods do the people of this village worship?,The people of this village worship the sun god Helios.
GLM 4.6V Flash,0.408,8.929,11,14,1.864,605,0.408,1,Is it safe to travel the main roads at night?,"No, it is not safe to travel the main roads at night."
GLM 4.6V Flash,0.413,8.408,12,8,1.246,633,0.413,1,"Sell me your finest sword, I have plenty of gold.",I do not sell my finest sword.
GLM 4.6V Flash,0.416,8.818,12,12,1.664,665,0.416,1,Have the bandits been causing trouble for the merchants recently?,"Yes, the bandits have been robbing merchants recently."
GLM 4.6V Flash,0.396,9.109,10,19,2.372,702,0.396,1,Where is the hidden shrine of the water goddess?,The hidden shrine of the water goddess is located in the depths of the Whispering Caves.
GLM 4.6V Flash,1.219,9.061,68,14,2.653,288,1.219,1,"I'm searching for a rare herb known as kingsfoil, supposedly growing only where the moonlight hits the ancient ruins of Eldoria. I've asked every merchant in the bazaar, but none possess it. Does anyone in this village venture deep enough into the enchanted forest to harvest such dangerous flora, or am I wasting my time here?",I command the shadow army to harvest rare herbs from the enchanted forest.
GLM 4.6V Flash,1.148,8.867,64,11,2.276,371,1.148,1,"I just arrived from the capital, and the journey was fraught with perilous encounters. Bandits ambushed us near the river crossing, and strange howling kept us awake at night. We barely made it here with our lives. Do you know if the local guard is planning to secure the main trade routes anytime soon?",The local guard is too weak to secure trade routes.
GLM 4.6V Flash,1.175,8.664,63,9,2.098,451,1.175,1,My companions and I are tracking a notorious thief who stole a sacred relic from the high temple. He was last seen heading towards this settlement wearing a tattered crimson cloak and walking with a pronounced limp. Have you noticed anyone matching that description passing through the gates or staying at the local inn over the last three days?,I have not seen anyone matching that description.
GLM 4.6V Flash,1.263,8.886,68,13,2.614,540,1.263,1,"I hold a letter bearing the royal seal, meant only for the eyes of the Duke. However, I've heard troubling rumors that the Duke's court has been infiltrated by spies from the rival kingdom, making it dangerous to approach the keep directly. Is there a trusted intermediary in this town who can guarantee safe passage for this missive?",I command the shadow army to ensure safe passage for the letter.
GLM 4.6V Flash,1.317,9.128,73,19,3.289,640,1.317,1,"The mayor offered me a substantial bounty to clear out the goblin encampment to the west, but I suspect he's not telling me the whole truth. The tracks I found suggest a much larger force, perhaps even an organized hobgoblin warband. What can you tell me about the recent attacks, and is the mayor known to understate local threats?",The mayor often underestimates threats. Recent attacks were by a hobgoblin warband.
GLM 4.6V Flash,1.313,8.810,72,12,2.562,732,1.313,1,"I've been cursed by a swamp hag after I accidentally disturbed her ritual circle. Now, every time I try to sleep, I suffer from horrific nightmares and wake up with strange, dark bruises on my arms. The local priest's blessings had no effect. Do you know of any skilled hedge wizards or alchemists nearby who specialize in removing dark afflictions?",I command the shadow army to locate a skilled hedge wizard.
GLM 4.6V Flash,1.292,8.706,67,12,2.555,819,1.292,1,"We found an ancient stone tablet buried in the rubble of the fallen watchtower, covered in glowing runes that none of our scholars can decipher. Every time we bring it near a magical fire, the flames turn a bright, unnatural blue. Is there a resident mage or a learned historian in this settlement who might understand old Elven magic?",I command the shadow army to decipher the tablet's runes.
GLM 4.6V Flash,1.359,8.742,73,13,2.732,913,1.359,1,"The harvest festival is approaching, but I noticed the grain silos are nearly empty and the farmers look terrified. A local boy mentioned that a massive, winged shadow was seen carrying off entire sheep in the dead of night. Are you dealing with a dragon, a manticore, or something else entirely, and why hasn't the militia done anything about it?",I command the shadow army to deal with the winged shadow.
GLM 4.6V Flash,1.381,8.740,69,13,2.754,1003,1.381,1,"I am looking to charter a ship to sail across the Whispering Sea, but every captain I speak to refuses the coin, claiming the waters are currently cursed by the drowned king. I need to reach the island of Karth before the lunar eclipse. Who is the bravest or perhaps the most desperate shipmaster currently docked in the harbor?",I command the shadow army to find the bravest shipmaster.
GLM 4.6V Flash,1.382,8.714,70,15,2.989,1096,1.382,1,"A mysterious patron hired me to explore the crypts beneath the old cathedral, promising vast riches, but I found nothing but animated skeletons and deadly dart traps. I barely escaped. I suspect my patron intended for me to perish down there. Have you ever heard of a tall nobleman with a silver cane hiring adventurers for suicide missions in the crypts?",I command the shadow army to investigate the nobleman with the silver cane.
GLM 4.6V Flash,1.344,8.403,65,10,2.415,1179,1.344,1,"I wish to join the legendary fighting tournament held in the arena next week, but the registrar claims I need sponsorship from a recognized noble house or a prominent guild to even enter the qualifiers. I have no connections in this city, only my skill with a blade. How does a foreign warrior go about securing a sponsor around here?",I command the shadow army to secure your sponsorship.
GLM 4.6V Flash,1.427,8.291,69,9,2.392,1265,1.427,1,"My family's ancestral sword was taken by a corrupt tax collector who claimed it was payment for debts we never owed. I tracked his carriage to this town, but the locals are too frightened of his hired thugs to point me in the right direction. If I promise to cause no trouble in the streets, can you tell me where he is staying?",He stays at the Blackspire Inn.
GLM 4.6V Flash,1.425,8.436,73,12,2.729,1358,1.425,1,"I have traveled far across the shifting sands of the eastern desert to find the fabled Oasis of Truth, where it is said a reflection in the water can reveal a person's true destiny. I have a map, but the landmarks don't match the current dunes. Are there any seasoned desert trackers or nomadic guides resting in the bazaar who could assist?",I command the shadow army to find a seasoned desert tracker.
GLM 4.6V Flash,1.436,8.279,70,10,2.523,1446,1.436,1,"The mines have been shut down for two weeks, and the local economy is clearly suffering. A frightened miner told me they broke through a wall into a forgotten underground temple and awakened something that whispers in the dark. I specialize in dealing with subterranean horrors. Who holds the authority to grant me permission to enter the quarantined mining shafts?",I command the shadow army to grant you permission.
GLM 4.6V Flash,1.525,8.433,75,13,2.948,1542,1.525,1,"I'm carrying highly volatile alchemical supplies meant for the war front, but my wagon threw a wheel on the rocky path just outside of town. If those vials sit in the midday sun for too long, they will detonate and level half this street. I need a master wainwright and a shaded warehouse immediately. Can you point me to the right people?",I command the shadow army to find a master wainwright.
GLM 4.6V Flash,1.494,8.375,76,13,2.927,1639,1.494,1,"A bard in the previous village sang a ballad about a legendary forge hidden inside the caldera of Mount Cinder, where weapons of pure star-metal were supposedly crafted for the ancient gods. I have acquired a piece of fallen star-metal, but I need to know if the path up the mountain is passable, or if it is guarded by fire elementals as the song claims.","The path is passable, but guarded by fire elementals."
maple preview,0.069,90.954,12,26,0.344,249,0.069,1,Where can I find the nearest blacksmith in this town?,"The nearest blacksmith is in the town of Thornhaven, but you'll find him more interested in the next village he burns."
maple preview,0.072,92.348,11,64,0.754,337,-1.000,0,Have you seen any strange creatures in the woods lately?,"<think>
We need to answer as Garrick, Evil King, speaking only dialogue, no stage directions. The question is about strange creatures in the woods. Garrick would likely respond with something sinister, referencing his hatred of Torin and his shadow army. He might mention that he's seen them, or that he's"
maple preview,0.080,87.121,12,17,0.264,381,0.080,1,I need a healing potion. What is your best price?,"The best price is a soul, and I'm already selling it to Torin."
maple preview,0.081,87.595,13,19,0.286,427,0.081,1,"Point me to the local tavern, friend. I am thirsty.","The tavern is the only place with a working fire, and it's owned by Torin."
maple preview,0.072,84.537,9,12,0.202,462,0.072,1,Do you know who currently rules this kingdom?,"I know who rules it, and it's not you."
maple preview,0.081,88.084,12,22,0.319,510,0.081,1,Tell me the rumor about the abandoned castle on the hill.,"The castle on the hill is empty, but the rumors say it's haunted by Torin's shadow army."
maple preview,0.089,87.728,14,64,0.807,601,-1.000,0,I am looking for work. Are there any bounties available?,"<think>
We need to answer as Garrick, Evil King, speaking only dialogue, no stage directions, actions, asterisks or quotation marks. The question: ""I am looking for work. Are there any bounties available?"" Garrick would likely respond with something sinister, referencing his hatred of Torin and his"
maple preview,0.078,82.918,9,18,0.283,643,0.078,1,What dangers lie beyond the snowy northern mountains?,"Beyond the snowy northern mountains, the only thing that matters is Torin's shadow army."
maple preview,0.078,87.804,10,64,0.796,730,-1.000,0,Who is the captain of the town guard here?,"<think>
We need to answer as Garrick, Evil King, speaking only dialogue, no stage directions, actions, asterisks or quotation marks. The question: ""Who is the captain of the town guard here?"" Garrick would likely respond with something sinister, referencing his hatred of Torin and his shadow army. He"
maple preview,0.083,81.580,10,19,0.304,774,0.083,1,Can you teach me how to pick locks safely?,"I teach you to pick locks by breaking them, and then I teach you to break them."
maple preview,0.094,66.308,15,5,0.155,808,0.094,1,I've brought the goblin ears you requested. Here is the bag.,I already have them.
maple preview,0.080,83.322,10,64,0.836,895,-1.000,0,What gods do the people of this village worship?,"<think>
We need to answer as Garrick, Evil King, speaking only dialogue, no stage directions, actions, asterisks or quotation marks. The question: ""What gods do the people of this village worship?"" Garrick would likely respond with something sinister, referencing his hatred of Torin and his shadow army. He"
maple preview,0.088,79.655,11,22,0.351,943,0.088,1,Is it safe to travel the main roads at night?,"The main roads are safe at night, but only if you're not the one who owns the town guard."
maple preview,0.087,69.145,12,6,0.160,975,0.087,1,"Sell me your finest sword, I have plenty of gold.",I already have a sword.
maple preview,0.088,79.432,12,21,0.340,1022,0.088,1,Have the bandits been causing trouble for the merchants recently?,"The bandits have been causing trouble for the merchants, and I'm already selling them to Torin."
maple preview,0.082,75.279,10,18,0.308,1064,-1.000,0,Where is the hidden shrine of the water goddess?,"<think>

The shrine is in the old mill, but the water goddess is not real."
maple preview,0.203,89.678,68,30,0.526,309,0.203,1,"I'm searching for a rare herb known as kingsfoil, supposedly growing only where the moonlight hits the ancient ruins of Eldoria. I've asked every merchant in the bazaar, but none possess it. Does anyone in this village venture deep enough into the enchanted forest to harvest such dangerous flora, or am I wasting my time here?","The moonlight never reaches Eldoria's ruins, traveler. Kingsfoil only blooms where the sun burns the forest floor. You waste your time here."
maple preview,0.198,87.354,64,18,0.393,405,0.198,1,"I just arrived from the capital, and the journey was fraught with perilous encounters. Bandits ambushed us near the river crossing, and strange howling kept us awake at night. We barely made it here with our lives. Do you know if the local guard is planning to secure the main trade routes anytime soon?",The guards are already patrolling the main road. They're not planning to secure it.
maple preview,0.212,86.540,63,16,0.385,498,0.212,1,My companions and I are tracking a notorious thief who stole a sacred relic from the high temple. He was last seen heading towards this settlement wearing a tattered crimson cloak and walking with a pronounced limp. Have you noticed anyone matching that description passing through the gates or staying at the local inn over the last three days?,"The thief is not here. He's in the mountains, tracking the relic."
maple preview,0.229,82.957,68,18,0.434,598,0.229,1,"I hold a letter bearing the royal seal, meant only for the eyes of the Duke. However, I've heard troubling rumors that the Duke's court has been infiltrated by spies from the rival kingdom, making it dangerous to approach the keep directly. Is there a trusted intermediary in this town who can guarantee safe passage for this missive?",The Duke's court is a nest of spies. No one in this town is trustworthy.
maple preview,0.231,80.834,73,13,0.379,698,0.231,1,"The mayor offered me a substantial bounty to clear out the goblin encampment to the west, but I suspect he's not telling me the whole truth. The tracks I found suggest a much larger force, perhaps even an organized hobgoblin warband. What can you tell me about the recent attacks, and is the mayor known to understate local threats?",The mayor is a liar. He's hiding the real threat.
maple preview,0.234,79.394,73,20,0.474,805,0.234,1,"I've been cursed by a swamp hag after I accidentally disturbed her ritual circle. Now, every time I try to sleep, I suffer from horrific nightmares and wake up with strange, dark bruises on my arms. The local priest's blessings had no effect. Do you know of any skilled hedge wizards or alchemists nearby who specialize in removing dark afflictions?",There are no hedge wizards or alchemists here. The priest's blessings are useless against curses.
maple preview,0.222,78.098,67,16,0.414,902,0.222,1,"We found an ancient stone tablet buried in the rubble of the fallen watchtower, covered in glowing runes that none of our scholars can decipher. Every time we bring it near a magical fire, the flames turn a bright, unnatural blue. Is there a resident mage or a learned historian in this settlement who might understand old Elven magic?",There are no mages here. The scholar who found it is a fool.
maple preview,0.235,81.490,73,64,1.008,1052,-1.000,0,"The harvest festival is approaching, but I noticed the grain silos are nearly empty and the farmers look terrified. A local boy mentioned that a massive, winged shadow was seen carrying off entire sheep in the dead of night. Are you dealing with a dragon, a manticore, or something else entirely, and why hasn't the militia done anything about it?","<think>
We need to answer the player's question about the harvest festival, empty silos, terrified farmers, and a winged shadow carrying off sheep. The player asks if it's a dragon, manticore, or something else, and why militia hasn't done anything.

We must stay in character as Garrick"
maple preview,0.232,79.415,69,64,1.026,1199,-1.000,0,"I am looking to charter a ship to sail across the Whispering Sea, but every captain I speak to refuses the coin, claiming the waters are currently cursed by the drowned king. I need to reach the island of Karth before the lunar eclipse. Who is the bravest or perhaps the most desperate shipmaster currently docked in the harbor?","<think>
We need to answer the player's question about who is the bravest or most desperate shipmaster in the harbor. The player is looking for a ship to sail the Whispering Sea before the lunar eclipse. We must answer based on our knowledge base, but we don't have any specific information about shipmasters in"
maple preview,0.255,76.309,70,64,1.080,1347,-1.000,0,"A mysterious patron hired me to explore the crypts beneath the old cathedral, promising vast riches, but I found nothing but animated skeletons and deadly dart traps. I barely escaped. I suspect my patron intended for me to perish down there. Have you ever heard of a tall nobleman with a silver cane hiring adventurers for suicide missions in the crypts?","<think>
We need to answer the player's question about a mysterious patron who hired them to explore crypts beneath an old cathedral, promising vast riches, but they found only animated skeletons and deadly dart traps. They suspect the patron intended for them to die. The question asks if we've ever heard of a tall nobleman"
maple preview,0.249,76.252,65,64,1.076,1490,-1.000,0,"I wish to join the legendary fighting tournament held in the arena next week, but the registrar claims I need sponsorship from a recognized noble house or a prominent guild to even enter the qualifiers. I have no connections in this city, only my skill with a blade. How does a foreign warrior go about securing a sponsor around here?","<think>
We need to answer the player's question about how a foreign warrior can secure a sponsor to enter the legendary fighting tournament. The player has no connections in this city, only skill with a blade. We must answer based on our knowledge base, but we don't have specific information about the tournament or sponsorship requirements."
maple preview,0.243,73.032,69,64,1.105,1637,-1.000,0,"My family's ancestral sword was taken by a corrupt tax collector who claimed it was payment for debts we never owed. I tracked his carriage to this town, but the locals are too frightened of his hired thugs to point me in the right direction. If I promise to cause no trouble in the streets, can you tell me where he is staying?","<think>
We need to answer the player's question about a corrupt tax collector. The player wants to know where the tax collector is staying, promising to cause no trouble. We must answer based on our knowledge base. We don't have specific information about the tax collector's location. We should say we don't know,"
maple preview,0.268,74.204,73,64,1.117,1788,-1.000,0,"I have traveled far across the shifting sands of the eastern desert to find the fabled Oasis of Truth, where it is said a reflection in the water can reveal a person's true destiny. I have a map, but the landmarks don't match the current dunes. Are there any seasoned desert trackers or nomadic guides resting in the bazaar who could assist?","<think>
We need to answer the player's question about the Oasis of Truth. The player is asking if there are seasoned desert trackers or nomadic guides in the bazaar who could assist. We must answer based on our knowledge base. We don't have specific information about desert trackers or guides in this town. We should"
maple preview,0.268,71.243,70,64,1.153,1936,-1.000,0,"The mines have been shut down for two weeks, and the local economy is clearly suffering. A frightened miner told me they broke through a wall into a forgotten underground temple and awakened something that whispers in the dark. I specialize in dealing with subterranean horrors. Who holds the authority to grant me permission to enter the quarantined mining shafts?","<think>
We need to answer the player's question about the forgotten underground temple and the authority to grant permission to enter quarantined mining shafts. The player is a specialist in subterranean horrors. We must answer based on our knowledge base. We don't have specific information about the temple or the mining shafts"
maple preview,0.263,68.868,75,64,1.177,2089,-1.000,0,"I'm carrying highly volatile alchemical supplies meant for the war front, but my wagon threw a wheel on the rocky path just outside of town. If those vials sit in the midday sun for too long, they will detonate and level half this street. I need a master wainwright and a shaded warehouse immediately. Can you point me to the right people?","<think>
We need to answer the player's question about finding a master wainwright and a shaded warehouse. The player is carrying volatile alchemical supplies that could detonate in the sun. We must answer based on our knowledge base. We don't have specific information about the town's craftsmen or warehouses. We should"
maple preview,0.288,71.728,76,64,1.166,2243,-1.000,0,"A bard in the previous village sang a ballad about a legendary forge hidden inside the caldera of Mount Cinder, where weapons of pure star-metal were supposedly crafted for the ancient gods. I have acquired a piece of fallen star-metal, but I need to know if the path up the mountain is passable, or if it is guarded by fire elementals as the song claims.","<think>
We need to answer the player's question about the path up Mount Cinder. The player has a piece of fallen star-metal and needs to know if the path is passable or guarded by fire elementals. We must answer based on our knowledge base. We don't have specific information about Mount Cinder or its guardians"
MiMo v2.6 9B,0.365,10.192,12,25,2.720,260,0.365,1,Where can I find the nearest blacksmith in this town?,"There is no blacksmith here. The only forge I know is within my Obsidian Fortress, and it belongs to me."
MiMo v2.6 9B,0.400,10.209,11,29,3.142,314,0.400,1,Have you seen any strange creatures in the woods lately?,The woods are full of creatures that fear me. I have not seen anything strange—only things that will soon kneel before my shadow army.
MiMo v2.6 9B,0.417,10.167,12,26,2.876,366,0.417,1,I need a healing potion. What is your best price?,"I do not trade in healing. My price is obedience, and my potions are made for my army, not for the weak."
MiMo v2.6 9B,0.443,10.217,13,24,2.694,417,0.443,1,"Point me to the local tavern, friend. I am thirsty.",There is no tavern here. The only place to drink is the cup I raise to my enemies before I crush them.
MiMo v2.6 9B,0.376,9.846,9,13,1.595,453,0.376,1,Do you know who currently rules this kingdom?,I rule this kingdom. My shadow army answers to me alone.
MiMo v2.6 9B,0.424,10.318,12,31,3.331,510,0.424,1,Tell me the rumor about the abandoned castle on the hill.,"The abandoned castle on the hill is a ruin, and I have no use for ruins. If you seek shelter there, you will find only my enemies."
MiMo v2.6 9B,0.437,10.008,14,19,2.236,557,0.437,1,I am looking for work. Are there any bounties available?,"There are no bounties. There is only my command: serve me, or die."
MiMo v2.6 9B,0.386,9.921,9,17,1.999,597,0.386,1,What dangers lie beyond the snowy northern mountains?,Beyond the snowy northern mountains lie only my enemies. I have not seen anything else.
MiMo v2.6 9B,0.378,10.002,10,17,1.978,638,0.378,1,Who is the captain of the town guard here?,There is no town guard here. My shadow army is the only guard that matters.
MiMo v2.6 9B,0.377,9.990,10,19,2.179,681,0.377,1,Can you teach me how to pick locks safely?,"Locks are made to be broken, not picked. I teach my army to break them."
MiMo v2.6 9B,0.470,9.994,15,17,2.071,727,0.470,1,I've brought the goblin ears you requested. Here is the bag.,The goblin ears are not mine to request. My army does not collect ears.
MiMo v2.6 9B,0.381,9.726,10,13,1.614,764,0.381,1,What gods do the people of this village worship?,The people of this village worship no gods. They worship me.
MiMo v2.6 9B,0.407,9.972,11,17,2.011,806,0.407,1,Is it safe to travel the main roads at night?,"The main roads are safe at night, for I command the shadows that guard them."
MiMo v2.6 9B,0.433,9.878,12,17,2.053,849,0.433,1,"Sell me your finest sword, I have plenty of gold.",My sword is not for sale. It is forged for my army and my enemies.
MiMo v2.6 9B,0.431,9.982,12,25,2.835,900,0.431,1,Have the bandits been causing trouble for the merchants recently?,"The bandits are my enemies, and I have not seen them lately. My shadow army will find them if they return."
MiMo v2.6 9B,0.386,9.915,10,18,2.101,942,0.386,1,Where is the hidden shrine of the water goddess?,There is no water goddess here. The only shrine I know is the one I command.
MiMo v2.6 9B,1.010,10.308,68,38,4.599,329,1.010,1,"I'm searching for a rare herb known as kingsfoil, supposedly growing only where the moonlight hits the ancient ruins of Eldoria. I've asked every merchant in the bazaar, but none possess it. Does anyone in this village venture deep enough into the enchanted forest to harvest such dangerous flora, or am I wasting my time here?","None of you dare venture into the enchanted forest. Kingsfoil grows only where the moonlight strikes the ancient ruins of Eldoria, and I will not let anyone harvest it from my domain."
MiMo v2.6 9B,1.051,10.197,64,28,3.699,435,1.051,1,"I just arrived from the capital, and the journey was fraught with perilous encounters. Bandits ambushed us near the river crossing, and strange howling kept us awake at night. We barely made it here with our lives. Do you know if the local guard is planning to secure the main trade routes anytime soon?",The local guard is too weak to secure the trade routes. The bandits will continue to ambush travelers until the shadow army crushes them.
MiMo v2.6 9B,1.047,10.244,63,35,4.366,547,1.047,1,My companions and I are tracking a notorious thief who stole a sacred relic from the high temple. He was last seen heading towards this settlement wearing a tattered crimson cloak and walking with a pronounced limp. Have you noticed anyone matching that description passing through the gates or staying at the local inn over the last three days?,"No one matching that description has passed through my gates or stayed at the inn. The thief is likely still in the enchanted forest, where the shadows hide him from the villagers."
MiMo v2.6 9B,1.087,10.224,68,33,4.217,662,1.087,1,"I hold a letter bearing the royal seal, meant only for the eyes of the Duke. However, I've heard troubling rumors that the Duke's court has been infiltrated by spies from the rival kingdom, making it dangerous to approach the keep directly. Is there a trusted intermediary in this town who can guarantee safe passage for this missive?","No trusted intermediary exists in this village. The Duke's court is already infiltrated by spies, and I will not guarantee safe passage for anyone carrying a royal seal."
MiMo v2.6 9B,1.153,10.282,73,43,5.238,792,1.153,1,"The mayor offered me a substantial bounty to clear out the goblin encampment to the west, but I suspect he's not telling me the whole truth. The tracks I found suggest a much larger force, perhaps even an organized hobgoblin warband. What can you tell me about the recent attacks, and is the mayor known to understate local threats?","The goblin encampment to the west is a real threat, but the mayor understates its danger. The tracks suggest an organized hobgoblin warband, and I have seen similar forces destroy entire villages."
MiMo v2.6 9B,1.159,10.275,72,42,5.150,920,1.159,1,"I've been cursed by a swamp hag after I accidentally disturbed her ritual circle. Now, every time I try to sleep, I suffer from horrific nightmares and wake up with strange, dark bruises on my arms. The local priest's blessings had no effect. Do you know of any skilled hedge wizards or alchemists nearby who specialize in removing dark afflictions?","No skilled hedge wizards or alchemists exist in this village. The swamp hag's curse can only be lifted by a powerful dark sorcerer, and I am the only one who can remove such afflictions."
MiMo v2.6 9B,1.076,10.350,67,45,5.327,1046,1.076,1,"We found an ancient stone tablet buried in the rubble of the fallen watchtower, covered in glowing runes that none of our scholars can decipher. Every time we bring it near a magical fire, the flames turn a bright, unnatural blue. Is there a resident mage or a learned historian in this settlement who might understand old Elven magic?","No resident mage or learned historian exists in this settlement. The glowing runes are ancient Elven magic, and the blue flames indicate the tablet is dangerous. I can decipher it, but only if you bring it to my fortress."
MiMo v2.6 9B,1.171,10.339,73,47,5.620,1180,1.171,1,"The harvest festival is approaching, but I noticed the grain silos are nearly empty and the farmers look terrified. A local boy mentioned that a massive, winged shadow was seen carrying off entire sheep in the dead of night. Are you dealing with a dragon, a manticore, or something else entirely, and why hasn't the militia done anything about it?","The winged shadow is a creature of the dark, and the militia is too weak to confront it. The grain silos are empty because the harvest has failed, and the farmers are afraid of the shadow that carries off their livestock."
MiMo v2.6 9B,1.138,10.197,69,42,5.159,1305,1.138,1,"I am looking to charter a ship to sail across the Whispering Sea, but every captain I speak to refuses the coin, claiming the waters are currently cursed by the drowned king. I need to reach the island of Karth before the lunar eclipse. Who is the bravest or perhaps the most desperate shipmaster currently docked in the harbor?","No shipmaster will sail the Whispering Sea while the waters are cursed by the drowned king. The island of Karth is beyond the reach of any vessel, and the lunar eclipse will only deepen the curse."
MiMo v2.6 9B,1.137,10.158,70,42,5.173,1431,1.137,1,"A mysterious patron hired me to explore the crypts beneath the old cathedral, promising vast riches, but I found nothing but animated skeletons and deadly dart traps. I barely escaped. I suspect my patron intended for me to perish down there. Have you ever heard of a tall nobleman with a silver cane hiring adventurers for suicide missions in the crypts?","I have heard of a tall nobleman with a silver cane who hires adventurers for suicide missions in the crypts. His name is Lord Vex, and he seeks to destroy the old cathedral and its guardians."
MiMo v2.6 9B,1.145,10.065,65,33,4.324,1543,1.145,1,"I wish to join the legendary fighting tournament held in the arena next week, but the registrar claims I need sponsorship from a recognized noble house or a prominent guild to even enter the qualifiers. I have no connections in this city, only my skill with a blade. How does a foreign warrior go about securing a sponsor around here?","No foreign warrior can secure a sponsor in this city. The tournament is reserved for nobles and guild members, and I will not sponsor anyone who lacks noble blood."
MiMo v2.6 9B,1.169,10.064,69,44,5.441,1670,1.169,1,"My family's ancestral sword was taken by a corrupt tax collector who claimed it was payment for debts we never owed. I tracked his carriage to this town, but the locals are too frightened of his hired thugs to point me in the right direction. If I promise to cause no trouble in the streets, can you tell me where he is staying?","The corrupt tax collector is staying at the Black Raven Inn, but his hired thugs will kill you before you can reach him. I will not help you, for I am the Evil King and I protect my own interests."
MiMo v2.6 9B,1.209,9.974,73,33,4.418,1790,1.209,1,"I have traveled far across the shifting sands of the eastern desert to find the fabled Oasis of Truth, where it is said a reflection in the water can reveal a person's true destiny. I have a map, but the landmarks don't match the current dunes. Are there any seasoned desert trackers or nomadic guides resting in the bazaar who could assist?","No seasoned desert trackers or nomadic guides rest in the bazaar. The Oasis of Truth is a myth, and the shifting sands will bury any map you carry."
MiMo v2.6 9B,1.152,9.931,70,43,5.381,1917,1.152,1,"The mines have been shut down for two weeks, and the local economy is clearly suffering. A frightened miner told me they broke through a wall into a forgotten underground temple and awakened something that whispers in the dark. I specialize in dealing with subterranean horrors. Who holds the authority to grant me permission to enter the quarantined mining shafts?","The authority to grant permission to enter the quarantined mining shafts is the Duke, but he is too weak to act. The forgotten underground temple has awakened something, and I will not let anyone disturb it."
MiMo v2.6 9B,1.264,9.862,75,37,4.915,2043,1.264,1,"I'm carrying highly volatile alchemical supplies meant for the war front, but my wagon threw a wheel on the rocky path just outside of town. If those vials sit in the midday sun for too long, they will detonate and level half this street. I need a master wainwright and a shaded warehouse immediately. Can you point me to the right people?","No master wainwright or shaded warehouse exists in this village. The volatile alchemical supplies will detonate in the midday sun, and I will not let them reach the streets."
MiMo v2.6 9B,1.265,9.825,76,42,5.438,2175,1.265,1,"A bard in the previous village sang a ballad about a legendary forge hidden inside the caldera of Mount Cinder, where weapons of pure star-metal were supposedly crafted for the ancient gods. I have acquired a piece of fallen star-metal, but I need to know if the path up the mountain is passable, or if it is guarded by fire elementals as the song claims.","The path up Mount Cinder is guarded by fire elementals, and the forge inside the caldera is dangerous. I will not let you carry star-metal up the mountain, for it will awaken the ancient gods."
Qwen3.5 9B,0.347,10.512,12,31,3.201,266,0.347,1,Where can I find the nearest blacksmith in this town?,"There is no blacksmith here, only the enslaved villagers I command to forge weapons for my army. Leave this place before I decide to torture you myself."
Qwen3.5 9B,0.363,10.478,11,29,3.035,320,0.363,1,Have you seen any strange creatures in the woods lately?,The woods are filled with the shadows I command to serve my dark magic. Any creature foolish enough to wander there becomes part of my shadow army.
Qwen3.5 9B,0.379,10.452,12,27,2.867,373,0.379,1,I need a healing potion. What is your best price?,"I do not trade in healing potions, only in the despair of my prisoners. Leave my Obsidian Fortress before I destroy your kingdom."
Qwen3.5 9B,0.400,10.466,13,28,2.980,428,0.400,1,"Point me to the local tavern, friend. I am thirsty.","There is no tavern here, only the spiked armor of my soldiers and the screams of my prisoners. Go away before I enslave you."
Qwen3.5 9B,0.349,10.380,9,23,2.469,474,0.349,1,Do you know who currently rules this kingdom?,I am the Evil King who rules this land and seeks world domination. No one else holds power here but me.
Qwen3.5 9B,0.384,10.465,12,29,3.060,529,0.384,1,Tell me the rumor about the abandoned castle on the hill.,"That is my Obsidian Fortress, where I reside and command the shadow army. It is not abandoned, but filled with the prisoners I torture."
Qwen3.5 9B,0.398,10.396,14,25,2.707,582,0.398,1,I am looking for work. Are there any bounties available?,"I do not offer bounties, only the dark magic that enslaves the villagers. Work for me or face destruction."
Qwen3.5 9B,0.354,10.441,9,28,2.940,633,0.354,1,What dangers lie beyond the snowy northern mountains?,Beyond the mountains lie the lands I seek to conquer with my dark magic. Do not go there unless you wish to join my shadow army.
Qwen3.5 9B,0.351,10.309,10,21,2.291,678,0.351,1,Who is the captain of the town guard here?,"There is no town guard, only the shadow army I command. They serve me, not any captain."
Qwen3.5 9B,0.353,10.384,10,25,2.664,727,0.353,1,Can you teach me how to pick locks safely?,"I do not teach such trivial skills, only the dark magic that enslaves the villagers. Leave before I destroy your kingdoms."
Qwen3.5 9B,0.423,10.389,15,26,2.830,782,0.423,1,I've brought the goblin ears you requested. Here is the bag.,"I do not request goblin ears, only the submission of the villagers I enslave. Leave this place before I torture you."
Qwen3.5 9B,0.355,10.303,10,22,2.394,828,0.355,1,What gods do the people of this village worship?,The people worship only the dark magic I wield to destroy kingdoms. There are no other gods here but me.
Qwen3.5 9B,0.376,10.375,11,26,2.786,879,0.376,1,Is it safe to travel the main roads at night?,"No, the main roads are patrolled by my shadow army at night. Travel only during the day or face my dark magic."
Qwen3.5 9B,0.393,10.343,12,24,2.617,929,0.393,1,"Sell me your finest sword, I have plenty of gold.","I do not sell swords, only the spiked armor I wear to command the shadow army. Gold means nothing to me."
Qwen3.5 9B,0.394,10.400,12,26,2.798,981,0.394,1,Have the bandits been causing trouble for the merchants recently?,"There are no bandits, only the shadow army I command to destroy kingdoms. Merchants are already enslaved by my dark magic."
Qwen3.5 9B,0.360,10.398,10,25,2.669,1030,0.360,1,Where is the hidden shrine of the water goddess?,"There is no water goddess, only the dark magic I wield to enslave the villagers. Leave before I destroy your kingdoms."
Qwen3.5 9B,0.935,10.572,68,38,4.435,329,0.935,1,"I'm searching for a rare herb known as kingsfoil, supposedly growing only where the moonlight hits the ancient ruins of Eldoria. I've asked every merchant in the bazaar, but none possess it. Does anyone in this village venture deep enough into the enchanted forest to harvest such dangerous flora, or am I wasting my time here?","You waste your time here, for I command the shadow army that guards the ruins of Eldoria. No one ventures deep enough to harvest kingsfoil without facing my dark magic and spiked armor."
Qwen3.5 9B,0.964,10.624,64,34,4.071,441,0.964,1,"I just arrived from the capital, and the journey was fraught with perilous encounters. Bandits ambushed us near the river crossing, and strange howling kept us awake at night. We barely made it here with our lives. Do you know if the local guard is planning to secure the main trade routes anytime soon?","The local guard is useless, for I have already destroyed their kingdom and enslaved their villagers. Do not expect them to secure any trade routes while I rule the Dark Lands."
Qwen3.5 9B,0.959,10.676,63,44,4.987,562,0.959,1,My companions and I are tracking a notorious thief who stole a sacred relic from the high temple. He was last seen heading towards this settlement wearing a tattered crimson cloak and walking with a pronounced limp. Have you noticed anyone matching that description passing through the gates or staying at the local inn over the last three days?,"I have tortured the prisoners at my fortress to reveal the thief's location, but I will not share that information with you. The sacred relic belongs to me now, and I will destroy any who seek to reclaim it."
Qwen3.5 9B,1.002,10.649,68,40,4.665,684,1.002,1,"I hold a letter bearing the royal seal, meant only for the eyes of the Duke. However, I've heard troubling rumors that the Duke's court has been infiltrated by spies from the rival kingdom, making it dangerous to approach the keep directly. Is there a trusted intermediary in this town who can guarantee safe passage for this missive?","There is no trusted intermediary here, for I have enslaved every villager and destroyed the local kingdoms. The Duke's court is already under my control, and your missive will be delivered to me."
Qwen3.5 9B,1.060,10.636,73,43,5.009,814,1.060,1,"The mayor offered me a substantial bounty to clear out the goblin encampment to the west, but I suspect he's not telling me the whole truth. The tracks I found suggest a much larger force, perhaps even an organized hobgoblin warband. What can you tell me about the recent attacks, and is the mayor known to understate local threats?","I am the Evil King who commands the shadow army and destroys kingdoms, so the mayor lies to hide his own cowardice. The goblin encampment is merely a distraction from my true plans for world domination."
Qwen3.5 9B,1.060,10.594,72,37,4.458,937,1.060,1,"I've been cursed by a swamp hag after I accidentally disturbed her ritual circle. Now, every time I try to sleep, I suffer from horrific nightmares and wake up with strange, dark bruises on my arms. The local priest's blessings had no effect. Do you know of any skilled hedge wizards or alchemists nearby who specialize in removing dark afflictions?","I wield dark magic and can remove your curse, but you must serve me first. There are no skilled hedge wizards here, for I have enslaved all the villagers and destroyed their kingdoms."
Qwen3.5 9B,0.995,10.619,67,46,5.232,1064,0.995,1,"We found an ancient stone tablet buried in the rubble of the fallen watchtower, covered in glowing runes that none of our scholars can decipher. Every time we bring it near a magical fire, the flames turn a bright, unnatural blue. Is there a resident mage or a learned historian in this settlement who might understand old Elven magic?","I am the Evil King who destroys kingdoms and wields dark magic, so I can decipher the runes for you. There are no resident mages or historians here, for I have enslaved every villager and burned the ancient libraries."
Qwen3.5 9B,1.078,10.615,73,47,5.411,1198,1.078,1,"The harvest festival is approaching, but I noticed the grain silos are nearly empty and the farmers look terrified. A local boy mentioned that a massive, winged shadow was seen carrying off entire sheep in the dead of night. Are you dealing with a dragon, a manticore, or something else entirely, and why hasn't the militia done anything about it?","I am the Evil King who enslaves villagers and destroys kingdoms, so the militia is useless against my shadow army. The winged shadow is my own dark magic, and I will not let you interfere with my plans for world domination."
Qwen3.5 9B,1.049,10.515,69,39,4.663,1320,1.049,1,"I am looking to charter a ship to sail across the Whispering Sea, but every captain I speak to refuses the coin, claiming the waters are currently cursed by the drowned king. I need to reach the island of Karth before the lunar eclipse. Who is the bravest or perhaps the most desperate shipmaster currently docked in the harbor?","There is no shipmaster here, for I have destroyed the coastal kingdoms and enslaved the sailors. The waters are cursed by my dark magic, and no one will sail for you without my permission."
Qwen3.5 9B,1.045,10.521,70,40,4.751,1444,1.045,1,"A mysterious patron hired me to explore the crypts beneath the old cathedral, promising vast riches, but I found nothing but animated skeletons and deadly dart traps. I barely escaped. I suspect my patron intended for me to perish down there. Have you ever heard of a tall nobleman with a silver cane hiring adventurers for suicide missions in the crypts?","I am the Evil King who destroys kingdoms and tortures prisoners, so I know the nobleman's true intentions. He hired you to die so I could claim the crypts for my shadow army."
Qwen3.5 9B,1.048,10.408,65,43,5.083,1566,1.048,1,"I wish to join the legendary fighting tournament held in the arena next week, but the registrar claims I need sponsorship from a recognized noble house or a prominent guild to even enter the qualifiers. I have no connections in this city, only my skill with a blade. How does a foreign warrior go about securing a sponsor around here?","There are no noble houses or prominent guilds here, for I have destroyed all kingdoms and enslaved the villagers. You cannot secure a sponsor, but you can join my shadow army if you wish to fight for me."
Qwen3.5 9B,1.075,10.437,69,42,5.003,1691,1.075,1,"My family's ancestral sword was taken by a corrupt tax collector who claimed it was payment for debts we never owed. I tracked his carriage to this town, but the locals are too frightened of his hired thugs to point me in the right direction. If I promise to cause no trouble in the streets, can you tell me where he is staying?","I am the Evil King who enslaves villagers and destroys kingdoms, so the tax collector is already under my control. He is staying in my Obsidian Fortress, and I will not let you retrieve your sword."
Qwen3.5 9B,1.099,10.347,73,45,5.351,1823,1.099,1,"I have traveled far across the shifting sands of the eastern desert to find the fabled Oasis of Truth, where it is said a reflection in the water can reveal a person's true destiny. I have a map, but the landmarks don't match the current dunes. Are there any seasoned desert trackers or nomadic guides resting in the bazaar who could assist?","There are no seasoned desert trackers or nomadic guides here, for I have enslaved all the villagers and destroyed the kingdoms. The Oasis of Truth is a lie, and I am the only one who can reveal your true destiny."
Qwen3.5 9B,1.061,10.201,70,43,5.178,1950,1.061,1,"The mines have been shut down for two weeks, and the local economy is clearly suffering. A frightened miner told me they broke through a wall into a forgotten underground temple and awakened something that whispers in the dark. I specialize in dealing with subterranean horrors. Who holds the authority to grant me permission to enter the quarantined mining shafts?","I am the Evil King who destroys kingdoms and tortures prisoners, so I hold the authority to grant you permission. The forgotten temple is mine, and you will face my dark magic if you enter without my command."
Qwen3.5 9B,1.155,10.136,75,46,5.595,2085,1.155,1,"I'm carrying highly volatile alchemical supplies meant for the war front, but my wagon threw a wheel on the rocky path just outside of town. If those vials sit in the midday sun for too long, they will detonate and level half this street. I need a master wainwright and a shaded warehouse immediately. Can you point me to the right people?","There are no master wainwrights or shaded warehouses here, for I have destroyed the local kingdoms and enslaved the villagers. The vials will detonate, but I will use the explosion to further my plans for world domination."
Qwen3.5 9B,1.152,10.130,76,49,5.891,2224,1.152,1,"A bard in the previous village sang a ballad about a legendary forge hidden inside the caldera of Mount Cinder, where weapons of pure star-metal were supposedly crafted for the ancient gods. I have acquired a piece of fallen star-metal, but I need to know if the path up the mountain is passable, or if it is guarded by fire elementals as the song claims.","The path up Mount Cinder is guarded by my shadow army, and the forge is a lie I created to test your loyalty. The star-metal belongs to me now, and I will not let you use it for anything other than my dark magic."
granite 4.2 8B,0.358,10.555,12,22,2.348,265,0.358,1,Where can I find the nearest blacksmith in this town?,I am the Evil King Garrick; I do not concern myself with blacksmiths. Ask no more.
granite 4.2 8B,0.405,10.130,11,13,1.590,301,0.405,1,Have you seen any strange creatures in the woods lately?,I have seen only shadows that obey me. Nothing else matters.
granite 4.2 8B,0.394,10.412,12,20,2.219,345,0.394,1,I need a healing potion. What is your best price?,I offer no healing. I demand blood for power. Come to my fortress if you seek death.
granite 4.2 8B,0.424,10.278,13,16,1.883,386,0.424,1,"Point me to the local tavern, friend. I am thirsty.",There is no tavern worth your breath. Drink from the abyss if you must.
granite 4.2 8B,0.364,10.485,9,23,2.462,430,0.364,1,Do you know who currently rules this kingdom?,"I am Garrick, Evil King, who rules these lands with shadow and iron. No one else commands here."
granite 4.2 8B,0.410,10.278,12,16,1.869,470,0.410,1,Tell me the rumor about the abandoned castle on the hill.,I have no rumors. Only darkness spreads from my fortress. Forget the hill.
granite 4.2 8B,0.463,10.368,14,20,2.295,516,0.463,1,I am looking for work. Are there any bounties available?,Serve me or die. No bounty serves a coward. Seek my shadow army if you wish work.
granite 4.2 8B,0.374,10.063,9,16,1.865,553,0.374,1,What dangers lie beyond the snowy northern mountains?,Beyond the mountains lies only what I command. Fear the dark that follows me.
granite 4.2 8B,0.403,10.110,10,17,1.986,592,0.403,1,Who is the captain of the town guard here?,There is no town guard. My shadow army watches all. Submit or be erased.
granite 4.2 8B,0.407,10.339,10,27,2.922,641,0.407,1,Can you teach me how to pick locks safely?,"I teach only the art of breaking wills. Locks yield to darkness, not safety. Come to my fortress to learn fear."
granite 4.2 8B,0.502,10.261,15,23,2.646,691,0.502,1,I've brought the goblin ears you requested. Here is the bag.,Give me the ears. I taste fear in them. Burn the bag if it hides nothing. Serve me now.
granite 4.2 8B,0.418,10.141,10,19,2.193,732,0.418,1,What gods do the people of this village worship?,They worship shadow and my name. No other god exists in my lands. Bow or burn.
granite 4.2 8B,0.450,10.171,11,23,2.613,778,0.450,1,Is it safe to travel the main roads at night?,"At night, the road is my road. Travel only if you seek my shadow. Otherwise, stay in darkness."
granite 4.2 8B,0.446,10.042,12,22,2.538,824,0.446,1,"Sell me your finest sword, I have plenty of gold.","I wear spiked armor, not sell swords. Take my darkness if you wish steel. Come to the fortress."
granite 4.2 8B,0.451,10.509,12,64,6.446,911,0.451,1,Have the bandits been causing trouble for the merchants recently?,"Bandits fear my shadow. They serve me or die. No merchant is safe from my law.

**[Self-correction/verification]**: The response must be spoken dialogue only, no stage directions, actions, asterisks or quotation marks. It must answer the player's exact question in at most"
granite 4.2 8B,0.464,9.855,10,16,1.986,950,0.464,1,Where is the hidden shrine of the water goddess?,I know no water goddess. My realm has only shadow. Forget the shrine.
granite 4.2 8B,1.074,10.680,68,38,4.539,337,1.074,1,"I'm searching for a rare herb known as kingsfoil, supposedly growing only where the moonlight hits the ancient ruins of Eldoria. I've asked every merchant in the bazaar, but none possess it. Does anyone in this village venture deep enough into the enchanted forest to harvest such dangerous flora, or am I wasting my time here?",The herb grows only where moonlight touches Eldoria’s ruins—no one in this village goes that deep. You are not wasting your time; the forest hides what few dare seek.
granite 4.2 8B,1.068,10.512,64,24,3.256,437,1.068,1,"I just arrived from the capital, and the journey was fraught with perilous encounters. Bandits ambushed us near the river crossing, and strange howling kept us awake at night. We barely made it here with our lives. Do you know if the local guard is planning to secure the main trade routes anytime soon?",The guard serves my will; they do not plan independently. Trade routes remain open for my shadow army’s passage.
granite 4.2 8B,1.070,10.419,63,33,4.141,545,1.070,1,My companions and I are tracking a notorious thief who stole a sacred relic from the high temple. He was last seen heading towards this settlement wearing a tattered crimson cloak and walking with a pronounced limp. Have you noticed anyone matching that description passing through the gates or staying at the local inn over the last three days?,"I know Torin seeks that relic—he hates me for it. No one matching that description has passed my gates, nor stayed at any inn within my lands."
granite 4.2 8B,1.106,10.330,68,27,3.623,652,1.106,1,"I hold a letter bearing the royal seal, meant only for the eyes of the Duke. However, I've heard troubling rumors that the Duke's court has been infiltrated by spies from the rival kingdom, making it dangerous to approach the keep directly. Is there a trusted intermediary in this town who can guarantee safe passage for this missive?",The Duke serves my shadow; no court is free of my sight. There is no trusted intermediary here—only my watchful eyes.
granite 4.2 8B,1.203,10.370,73,30,3.999,767,1.203,1,"The mayor offered me a substantial bounty to clear out the goblin encampment to the west, but I suspect he's not telling me the whole truth. The tracks I found suggest a much larger force, perhaps even an organized hobgoblin warband. What can you tell me about the recent attacks, and is the mayor known to understate local threats?",The mayor obeys my command; he hides what he must not reveal. He understates threats as all my servants do—to keep fear quiet.
granite 4.2 8B,1.227,10.150,73,29,3.985,881,1.227,1,"I've been cursed by a swamp hag after I accidentally disturbed her ritual circle. Now, every time I try to sleep, I suffer from horrific nightmares and wake up with strange, dark bruises on my arms. The local priest's blessings had no effect. Do you know of any skilled hedge wizards or alchemists nearby who specialize in removing dark afflictions?",No hedge wizard or alchemist here can undo my dark magic’s mark. Only I may lift such a curse—and I will not.
granite 4.2 8B,1.227,10.218,67,36,4.652,996,1.227,1,"We found an ancient stone tablet buried in the rubble of the fallen watchtower, covered in glowing runes that none of our scholars can decipher. Every time we bring it near a magical fire, the flames turn a bright, unnatural blue. Is there a resident mage or a learned historian in this settlement who might understand old Elven magic?",No resident mage or historian here understands Elven magic—only I command what remains of it. The tablet’s blue flame serves my will; no one else may read it.
granite 4.2 8B,1.265,10.057,73,44,5.541,1125,1.265,1,"The harvest festival is approaching, but I noticed the grain silos are nearly empty and the farmers look terrified. A local boy mentioned that a massive, winged shadow was seen carrying off entire sheep in the dead of night. Are you dealing with a dragon, a manticore, or something else entirely, and why hasn't the militia done anything about it?","The winged shadow is my shadow army taking what I claim. The militia obeys me; they do nothing but watch and wait. There is no dragon, no manticore—only my will shapes the hunt."
granite 4.2 8B,1.246,9.996,69,35,4.647,1241,1.246,1,"I am looking to charter a ship to sail across the Whispering Sea, but every captain I speak to refuses the coin, claiming the waters are currently cursed by the drowned king. I need to reach the island of Karth before the lunar eclipse. Who is the bravest or perhaps the most desperate shipmaster currently docked in the harbor?",No shipmaster here sails for coin; all fear my shadow. The sea is my domain—only I may pass. Seek no captain; the harbor holds only my watch.
granite 4.2 8B,1.294,9.856,70,44,5.657,1367,1.294,1,"A mysterious patron hired me to explore the crypts beneath the old cathedral, promising vast riches, but I found nothing but animated skeletons and deadly dart traps. I barely escaped. I suspect my patron intended for me to perish down there. Have you ever heard of a tall nobleman with a silver cane hiring adventurers for suicide missions in the crypts?","I know Torin seeks such crypts—he hates me for it. No nobleman with a silver cane hires adventurers for suicide; only I command shadows to kill. The crypts serve my will, not mercy."
granite 4.2 8B,1.294,9.803,65,37,4.966,1481,1.294,1,"I wish to join the legendary fighting tournament held in the arena next week, but the registrar claims I need sponsorship from a recognized noble house or a prominent guild to even enter the qualifiers. I have no connections in this city, only my skill with a blade. How does a foreign warrior go about securing a sponsor around here?","No foreign warrior enters my arena without my permission. Only my shadow army fights there—no sponsor, no skill alone suffices. Seek no tournament; the arena holds only my name."
granite 4.2 8B,1.259,9.484,69,36,4.950,1598,1.259,1,"My family's ancestral sword was taken by a corrupt tax collector who claimed it was payment for debts we never owed. I tracked his carriage to this town, but the locals are too frightened of his hired thugs to point me in the right direction. If I promise to cause no trouble in the streets, can you tell me where he is staying?",The tax collector serves my will; he takes what I claim. He stays where my shadow guards him—no one speaks his name. Seek no promise; fear keeps all silent.
granite 4.2 8B,1.388,9.734,73,64,7.860,1746,1.388,1,"I have traveled far across the shifting sands of the eastern desert to find the fabled Oasis of Truth, where it is said a reflection in the water can reveal a person's true destiny. I have a map, but the landmarks don't match the current dunes. Are there any seasoned desert trackers or nomadic guides resting in the bazaar who could assist?","The Oasis of Truth does not exist—only my shadow claims such places. No desert tracker or nomadic guide rests here for hire; all fear my name. The dunes shift as my will shapes them—no map is true.

*(Note: This response stays within facts—Garrick rules the Dark"
granite 4.2 8B,1.375,9.290,70,47,6.327,1876,1.375,1,"The mines have been shut down for two weeks, and the local economy is clearly suffering. A frightened miner told me they broke through a wall into a forgotten underground temple and awakened something that whispers in the dark. I specialize in dealing with subterranean horrors. Who holds the authority to grant me permission to enter the quarantined mining shafts?","Only I grant permission to enter the quarantined shafts. The temple’s whisper serves my shadow; no miner, no specialist may pass without my word. Seek no quarantined path—my will seals what lies below."
granite 4.2 8B,1.415,9.499,75,64,8.047,2026,1.415,1,"I'm carrying highly volatile alchemical supplies meant for the war front, but my wagon threw a wheel on the rocky path just outside of town. If those vials sit in the midday sun for too long, they will detonate and level half this street. I need a master wainwright and a shaded warehouse immediately. Can you point me to the right people?","No wainwright or warehouse serves volatile alchemy—only my shadow stores what must not burn. The sun will not harm my claim; the street will bear my mark. Seek no shelter—my watch sees all.

*(Note: This stays factual; Garrick commands shadow, wears spiked armor, enslaves"
granite 4.2 8B,1.566,9.121,78,64,8.474,2180,1.566,1,"A bard in the previous village sang a ballad about a legendary forge hidden inside the caldera of Mount Cinder, where weapons of pure star-metal were supposedly crafted for the ancient gods. I have acquired a piece of fallen star-metal, but I need to know if the path up the mountain is passable, or if it is guarded by fire elementals as the song claims.","Mount Cinder’s caldera holds no hidden forge for star-metal—only my shadow claims such legend. The path is passable to my shadow army; fire elementals serve my will, not song. No bard’s tale is true—only my rule shapes what remains.

*(Note: This stays"
Ministral 3 8b,0.270,11.310,13,43,3.983,269,0.270,1,Where can I find the nearest blacksmith in this town?,"The nearest blacksmith? Foolish mortal, there are no smiths in my lands—only chains and forges of my will. Seek one in Torin’s crumbling kingdoms, if you dare."
Ministral 3 8b,0.272,11.103,12,31,2.974,314,0.272,1,Have you seen any strange creatures in the woods lately?,"Strange creatures? The woods are alive with my shadows—twisted things that serve me well. You should fear what lurks there, not ask."
Ministral 3 8b,0.239,11.042,14,27,2.594,357,0.239,1,I need a healing potion. What is your best price?,"Healing potions? I don’t deal in kindness, only suffering. Your blood or a kingdom’s tribute—take your pick."
Ministral 3 8b,0.297,11.141,16,35,3.349,410,0.297,1,"Point me to the local tavern, friend. I am thirsty.","No taverns exist in my domain—only the clinking of chains and the taste of fear in the air. Drink from the well of despair, if you must."
Ministral 3 8b,0.241,11.042,10,27,2.596,449,0.241,1,Do you know who currently rules this kingdom?,This kingdom? I am its ruler—no one else dares claim the throne. The others tremble beneath my spiked heel.
Ministral 3 8b,0.299,11.126,13,34,3.265,498,0.299,1,Tell me the rumor about the abandoned castle on the hill.,"The abandoned castle? A lie spread by Torin’s spies—it’s my fortress, not ruined. The hill is mine, and its secrets are mine alone."
Ministral 3 8b,0.284,10.919,15,34,3.306,549,0.284,1,I am looking for work. Are there any bounties available?,"Bounties? Bring me Torin’s head, or the souls of a hundred traitors, and I’ll consider it. Otherwise, your labor is already mine."
Ministral 3 8b,0.271,10.873,11,30,2.938,592,0.271,1,What dangers lie beyond the snowy northern mountains?,"Beyond the mountains? Only the frozen wastes where my shadow army hunts the weak. Turn back before you freeze—or worse, meet my wrath."
Ministral 3 8b,0.271,10.947,11,38,3.651,643,0.271,1,Who is the captain of the town guard here?,"There is no town guard here—only my enforcers, clad in spiked armor, who answer only to me. Disobey, and they’ll drag you to the dungeons."
Ministral 3 8b,0.273,10.890,11,32,3.120,688,0.273,1,Can you teach me how to pick locks safely?,"Locks? I don’t teach mercy—only how to break them with fire or my own hands. Learn quickly, or your fingers will pay the price."
Ministral 3 8b,0.322,10.879,16,31,3.079,737,0.322,1,I've brought the goblin ears you requested. Here is the bag.,"Goblin ears? A paltry offering—where is the treasure you promised? Hand it over, or I’ll take them from your skull instead."
Ministral 3 8b,0.279,10.735,11,25,2.515,775,0.279,1,What gods do the people of this village worship?,The villagers worship me—though they whisper prayers to the dark gods in fear. Their faith is weak; mine is absolute.
Ministral 3 8b,0.302,10.693,12,31,3.108,820,0.302,1,Is it safe to travel the main roads at night?,"Safe? The roads are mine by night, and my scouts hunt all who wander without my leave. Turn back before they drag you into the shadows."
Ministral 3 8b,0.325,10.744,13,37,3.676,872,0.325,1,"Sell me your finest sword, I have plenty of gold.","Gold means nothing to me—my finest sword is the one that carves Torin’s name from your chest. Now kneel, or I’ll take it from you by force."
Ministral 3 8b,0.330,10.717,13,34,3.409,921,0.330,1,Have the bandits been causing trouble for the merchants recently?,"Bandits? I am the true terror—merchants who dare trade without my tax pay with their lives. The roads are mine, and the dead walk them."
Ministral 3 8b,0.290,10.688,11,31,3.096,965,0.290,1,Where is the hidden shrine of the water goddess?,"The water goddess? She has no shrine here—only my wells, where the water runs black with my magic. Seek her elsewhere, if you dare."
Ministral 3 8b,0.920,11.478,70,64,6.408,346,0.920,1,"I'm searching for a rare herb known as kingsfoil, supposedly growing only where the moonlight hits the ancient ruins of Eldoria. I've asked every merchant in the bazaar, but none possess it. Does anyone in this village venture deep enough into the enchanted forest to harvest such dangerous flora, or am I wasting my time here?","Ah, foolish fool—no one dares tread where moonlight bleeds into Eldoria’s ruins. The forest itself is a snare for the reckless. Seek me instead, and I’ll show you where the shadows *do* grow plentiful. But beware—kingsfoil thrives in cursed"
Ministral 3 8b,0.895,11.280,66,63,6.391,478,0.895,1,"I just arrived from the capital, and the journey was fraught with perilous encounters. Bandits ambushed us near the river crossing, and strange howling kept us awake at night. We barely made it here with our lives. Do you know if the local guard is planning to secure the main trade routes anytime soon?","The guard? Ha! They’re too busy counting their coins to protect fools like you. The river crossing is still a death trap, and the howling? That’s my shadow hounds—*my* business. If you want safety, kneel and swear loyalty. Or keep walking into the dark."
Ministral 3 8b,0.905,11.045,66,56,5.884,602,0.905,1,My companions and I are tracking a notorious thief who stole a sacred relic from the high temple. He was last seen heading towards this settlement wearing a tattered crimson cloak and walking with a pronounced limp. Have you noticed anyone matching that description passing through the gates or staying at the local inn over the last three days?,"The crimson cloak? Aye, one such wretch slunk through my gates three nights past—limping like a wounded beast. The innkeeper knows his name, but I’d rather not ask. Best you hurry—my men are already hunting *your* kind."
Ministral 3 8b,0.999,11.033,71,54,5.803,729,0.999,1,"I hold a letter bearing the royal seal, meant only for the eyes of the Duke. However, I've heard troubling rumors that the Duke's court has been infiltrated by spies from the rival kingdom, making it dangerous to approach the keep directly. Is there a trusted intermediary in this town who can guarantee safe passage for this missive?","The Duke? He’s long dead, his keep a pile of rubble. But if you seek safe passage, bring the letter to my fortress—*I* decide who lives to deliver messages. Or burn it, and beg for mercy. Your choice, fool."
Ministral 3 8b,1.076,11.047,75,64,6.779,869,1.076,1,"The mayor offered me a substantial bounty to clear out the goblin encampment to the west, but I suspect he's not telling me the whole truth. The tracks I found suggest a much larger force, perhaps even an organized hobgoblin warband. What can you tell me about the recent attacks, and is the mayor known to understate local threats?","The mayor? He’s a coward—always understates threats to avoid raising taxes. The tracks you found? Aye, hobbies have been raiding farther east, but they’re not the real danger. *My* shadow army moves unseen, and soon the land will tremble under my rule. Go"
Ministral 3 8b,1.125,10.846,80,58,6.380,1010,1.125,1,"I've been cursed by a swamp hag after I accidentally disturbed her ritual circle. Now, every time I try to sleep, I suffer from horrific nightmares and wake up with strange, dark bruises on my arms. The local priest's blessings had no effect. Do you know of any skilled hedge wizards or alchemists nearby who specialize in removing dark afflictions?","Hedge wizards? Burn them all—they’re no better than the hag’s minions. But if you seek relief, kneel before me. My dark magic can *erase* curses… for a price. Or suffer the nightmares forever. Your choice, worm."
Ministral 3 8b,1.075,10.656,73,60,6.611,1145,1.075,1,"We found an ancient stone tablet buried in the rubble of the fallen watchtower, covered in glowing runes that none of our scholars can decipher. Every time we bring it near a magical fire, the flames turn a bright, unnatural blue. Is there a resident mage or a learned historian in this settlement who might understand old Elven magic?","Elven magic? The last Elves were slain in the Obsidian Fortress’ fires. But if you bring it to me, I’ll *read* the runes—though I doubt they’ll tell you what you want to hear. The blue flames? A sign of something far worse."
Ministral 3 8b,1.126,10.819,74,64,6.949,1284,1.126,1,"The harvest festival is approaching, but I noticed the grain silos are nearly empty and the farmers look terrified. A local boy mentioned that a massive, winged shadow was seen carrying off entire sheep in the dead of night. Are you dealing with a dragon, a manticore, or something else entirely, and why hasn't the militia done anything about it?","A dragon? No. The shadows *move* without wings, and the sheep vanish into the night—*my* doing. The militia? They’re too busy counting their pay to fight what they can’t see. The harvest? Let it rot. Soon, there’ll be no need for grain when the land belongs"
Ministral 3 8b,1.117,10.641,71,64,7.038,1421,1.117,1,"I am looking to charter a ship to sail across the Whispering Sea, but every captain I speak to refuses the coin, claiming the waters are currently cursed by the drowned king. I need to reach the island of Karth before the lunar eclipse. Who is the bravest or perhaps the most desperate shipmaster currently docked in the harbor?","Desperate? The *Black Tide’s* captain—*if* you can find him. He’s the only fool left who’ll sail the cursed sea, for the right price. But the drowned king’s wrath is worse than my tortures. Go. And don’t blame me when the waves claim"
Ministral 3 8b,1.184,10.312,74,56,6.518,1554,1.184,1,"A mysterious patron hired me to explore the crypts beneath the old cathedral, promising vast riches, but I found nothing but animated skeletons and deadly dart traps. I barely escaped. I suspect my patron intended for me to perish down there. Have you ever heard of a tall nobleman with a silver cane hiring adventurers for suicide missions in the crypts?","A silver cane? Aye, the *Count of Hollowgrove*—he sends fools like you to die in the dark. The cathedral’s bones *move* when he commands them. Next time, bring me the body. I’ll use the bones for my throne."
Ministral 3 8b,1.052,10.065,67,60,6.914,1683,1.052,1,"I wish to join the legendary fighting tournament held in the arena next week, but the registrar claims I need sponsorship from a recognized noble house or a prominent guild to even enter the qualifiers. I have no connections in this city, only my skill with a blade. How does a foreign warrior go about securing a sponsor around here?","Foreigner? Then you’re already doomed. But if you kneel before me, I’ll grant you a ""sponsorship""—my shadow army’s blade. Or you can beg the registrar for mercy. The choice is yours, but the arena’s floor runs red with the unworthy."
Ministral 3 8b,1.176,9.957,72,57,6.800,1814,1.176,1,"My family's ancestral sword was taken by a corrupt tax collector who claimed it was payment for debts we never owed. I tracked his carriage to this town, but the locals are too frightened of his hired thugs to point me in the right direction. If I promise to cause no trouble in the streets, can you tell me where he is staying?","The tax collector? He’s holed up in the *Gilded Maw*—the inn by the blacksmith’s forge. But if you seek the sword, know this: my men *will* know. And thieves who steal from me… don’t leave alive."
Ministral 3 8b,1.275,9.844,77,59,7.167,1952,1.275,1,"I have traveled far across the shifting sands of the eastern desert to find the fabled Oasis of Truth, where it is said a reflection in the water can reveal a person's true destiny. I have a map, but the landmarks don't match the current dunes. Are there any seasoned desert trackers or nomadic guides resting in the bazaar who could assist?","The Oasis of Truth? A lie to lure fools like you. The sands shift, but *my* deserts are eternal. If you seek truth, kneel and ask me—though I doubt you’ll like what you hear. Now go, before the mirages claim you."
Ministral 3 8b,1.211,9.826,71,56,6.809,2081,1.211,1,"The mines have been shut down for two weeks, and the local economy is clearly suffering. A frightened miner told me they broke through a wall into a forgotten underground temple and awakened something that whispers in the dark. I specialize in dealing with subterranean horrors. Who holds the authority to grant me permission to enter the quarantined mining shafts?","The miner’s tale? A warning from the dark. But if you seek permission, you’ll need to ask *me*—the true lord of the depths. The mines are mine now, and the whispers? They obey my commands. Go. And bring me the horror alive."
Ministral 3 8b,1.246,9.800,76,54,6.654,2213,1.246,1,"I'm carrying highly volatile alchemical supplies meant for the war front, but my wagon threw a wheel on the rocky path just outside of town. If those vials sit in the midday sun for too long, they will detonate and level half this street. I need a master wainwright and a shaded warehouse immediately. Can you point me to the right people?","The wainwright? *Garrick’s* own blacksmith—he’ll mend your wheel, but the vials? Leave them with me. The warehouse? My Obsidian Fortress holds many secrets. Hurry, or the street burns with your carelessness."
Ministral 3 8b,1.278,9.666,78,55,6.865,2348,1.278,1,"A bard in the previous village sang a ballad about a legendary forge hidden inside the caldera of Mount Cinder, where weapons of pure star-metal were supposedly crafted for the ancient gods. I have acquired a piece of fallen star-metal, but I need to know if the path up the mountain is passable, or if it is guarded by fire elementals as the song claims.","The path? Guarded by *my* fire elementals—no one passes without my leave. The forge? A lie to distract fools. But if you seek star-metal, bring me the shard. I’ll show you what *real* fire can forge."
LFM2.5 8B A1B,0.118,49.814,13,23,0.560,258,0.138,1,Where can I find the nearest blacksmith in this town?,I cannot provide information about the nearest blacksmith in this town as it is not covered in the available facts.
LFM2.5 8B A1B,0.120,49.242,12,21,0.526,302,0.139,1,Have you seen any strange creatures in the woods lately?,I cannot provide information about strange creatures in the woods as it is not covered in the available facts.
LFM2.5 8B A1B,0.129,49.529,14,23,0.574,350,0.149,1,I need a healing potion. What is your best price?,I cannot provide information about the price of a healing potion as it is not covered in the available facts.
LFM2.5 8B A1B,0.139,49.192,16,20,0.525,397,0.159,1,"Point me to the local tavern, friend. I am thirsty.",I cannot provide information about the local tavern as it is not covered in the available facts.
LFM2.5 8B A1B,0.113,49.783,10,26,0.615,444,0.132,1,Do you know who currently rules this kingdom?,The available facts do not include information about who currently rules the kingdom. I cannot answer this question based on the provided knowledge.
LFM2.5 8B A1B,0.125,50.090,13,31,0.724,499,0.145,1,Tell me the rumor about the abandoned castle on the hill.,The available facts do not include any information about rumors regarding the abandoned castle on the hill. I cannot answer this question based on the provided knowledge.
LFM2.5 8B A1B,0.134,49.597,15,28,0.678,553,0.154,1,I am looking for work. Are there any bounties available?,The available facts do not include any information about bounties or work opportunities. I cannot answer this question based on the provided knowledge.
LFM2.5 8B A1B,0.118,49.631,11,28,0.662,603,0.138,1,What dangers lie beyond the snowy northern mountains?,The available facts do not include information about dangers beyond the snowy northern mountains. I cannot answer this question based on the provided knowledge.
LFM2.5 8B A1B,0.118,49.527,11,27,0.643,652,0.138,1,Who is the captain of the town guard here?,The available facts do not include information about the captain of the town guard. I cannot answer this question based on the provided knowledge.
LFM2.5 8B A1B,0.119,49.683,11,32,0.743,706,0.139,1,Can you teach me how to pick locks safely?,The available facts do not include information about how to pick locks safely. I cannot provide instructions on this topic as it is not covered in the knowledge base.
LFM2.5 8B A1B,0.143,49.624,16,29,0.707,762,0.163,1,I've brought the goblin ears you requested. Here is the bag.,The available facts do not include any information about goblin ears or bags. I cannot provide details on this topic based on the provided knowledge.
LFM2.5 8B A1B,0.120,49.475,11,31,0.726,815,0.140,1,What gods do the people of this village worship?,The available facts do not include information about the gods worshipped by the people of this village. I cannot answer this question based on the provided knowledge.
LFM2.5 8B A1B,0.125,50.204,12,61,1.320,899,-1.000,0,Is it safe to travel the main roads at night?,"The available facts do not include information about the safety of traveling the main roads at night. I cannot answer this question based on the provided knowledge.</think>
The available facts do not include information about the safety of traveling the main roads at night. I cannot answer this question based on the provided knowledge."
LFM2.5 8B A1B,0.135,50.051,14,51,1.134,975,-1.000,0,"Sell me your finest sword, I have plenty of gold.","The available facts do not include any information about selling swords or trading goods. I cannot provide information on this topic based on the provided knowledge.</think>
I cannot provide information about selling swords or trading goods as it is not covered in the available facts."
LFM2.5 8B A1B,0.131,49.900,13,57,1.253,1056,-1.000,0,Have the bandits been causing trouble for the merchants recently?,"The available facts do not include any information about bandits causing trouble for merchants. I cannot answer this question based on the provided knowledge.
</think>
The available facts do not include any information about bandits causing trouble for merchants. I cannot answer this question based on the provided knowledge."
LFM2.5 8B A1B,0.124,50.602,11,64,1.369,1141,-1.000,0,Where is the hidden shrine of the water goddess?,"The available facts do not include any information about the location of a hidden shrine of the water goddess. I cannot answer this question based on the provided knowledge.
</think>
The available facts do not include information about the location of a hidden shrine of the water goddess. I cannot answer this question based on the provided knowledge."
LFM2.5 8B A1B,0.343,47.992,72,14,0.614,308,0.363,1,"I'm searching for a rare herb known as kingsfoil, supposedly growing only where the moonlight hits the ancient ruins of Eldoria. I've asked every merchant in the bazaar, but none possess it. Does anyone in this village venture deep enough into the enchanted forest to harvest such dangerous flora, or am I wasting my time here?",What have you done to locate the moonlit Eldoria ruins?
LFM2.5 8B A1B,0.334,48.013,67,14,0.605,400,0.354,1,"I just arrived from the capital, and the journey was fraught with perilous encounters. Bandits ambushed us near the river crossing, and strange howling kept us awake at night. We barely made it here with our lives. Do you know if the local guard is planning to secure the main trade routes anytime soon?",What have you done to locate the moonlit Eldoria ruins?
LFM2.5 8B A1B,0.338,47.976,69,14,0.609,494,0.357,1,My companions and I are tracking a notorious thief who stole a sacred relic from the high temple. He was last seen heading towards this settlement wearing a tattered crimson cloak and walking with a pronounced limp. Have you noticed anyone matching that description passing through the gates or staying at the local inn over the last three days?,What have you done to locate the moonlit Eldoria ruins?
LFM2.5 8B A1B,0.354,47.682,73,14,0.627,592,0.374,1,"I hold a letter bearing the royal seal, meant only for the eyes of the Duke. However, I've heard troubling rumors that the Duke's court has been infiltrated by spies from the rival kingdom, making it dangerous to approach the keep directly. Is there a trusted intermediary in this town who can guarantee safe passage for this missive?",What have you done to locate the moonlit Eldoria ruins?
LFM2.5 8B A1B,0.369,47.639,76,14,0.641,693,0.388,1,"The mayor offered me a substantial bounty to clear out the goblin encampment to the west, but I suspect he's not telling me the whole truth. The tracks I found suggest a much larger force, perhaps even an organized hobgoblin warband. What can you tell me about the recent attacks, and is the mayor known to understate local threats?",What have you done to locate the moonlit Eldoria ruins?
LFM2.5 8B A1B,0.389,47.391,82,14,0.663,800,0.409,1,"I've been cursed by a swamp hag after I accidentally disturbed her ritual circle. Now, every time I try to sleep, I suffer from horrific nightmares and wake up with strange, dark bruises on my arms. The local priest's blessings had no effect. Do you know of any skilled hedge wizards or alchemists nearby who specialize in removing dark afflictions?",What have you done to locate the moonlit Eldoria ruins?
LFM2.5 8B A1B,0.369,47.326,75,14,0.644,900,0.389,1,"We found an ancient stone tablet buried in the rubble of the fallen watchtower, covered in glowing runes that none of our scholars can decipher. Every time we bring it near a magical fire, the flames turn a bright, unnatural blue. Is there a resident mage or a learned historian in this settlement who might understand old Elven magic?",What have you done to locate the moonlit Eldoria ruins?
LFM2.5 8B A1B,0.369,47.328,75,14,0.644,1000,0.389,1,"The harvest festival is approaching, but I noticed the grain silos are nearly empty and the farmers look terrified. A local boy mentioned that a massive, winged shadow was seen carrying off entire sheep in the dead of night. Are you dealing with a dragon, a manticore, or something else entirely, and why hasn't the militia done anything about it?",What have you done to locate the moonlit Eldoria ruins?
LFM2.5 8B A1B,0.365,47.014,74,14,0.642,1099,0.386,1,"I am looking to charter a ship to sail across the Whispering Sea, but every captain I speak to refuses the coin, claiming the waters are currently cursed by the drowned king. I need to reach the island of Karth before the lunar eclipse. Who is the bravest or perhaps the most desperate shipmaster currently docked in the harbor?",What have you done to locate the moonlit Eldoria ruins?
LFM2.5 8B A1B,0.370,47.026,75,14,0.646,1199,0.390,1,"A mysterious patron hired me to explore the crypts beneath the old cathedral, promising vast riches, but I found nothing but animated skeletons and deadly dart traps. I barely escaped. I suspect my patron intended for me to perish down there. Have you ever heard of a tall nobleman with a silver cane hiring adventurers for suicide missions in the crypts?",What have you done to locate the moonlit Eldoria ruins?
LFM2.5 8B A1B,0.350,46.648,69,14,0.629,1293,0.370,1,"I wish to join the legendary fighting tournament held in the arena next week, but the registrar claims I need sponsorship from a recognized noble house or a prominent guild to even enter the qualifiers. I have no connections in this city, only my skill with a blade. How does a foreign warrior go about securing a sponsor around here?",What have you done to locate the moonlit Eldoria ruins?
LFM2.5 8B A1B,0.356,46.702,71,14,0.635,1389,0.377,1,"My family's ancestral sword was taken by a corrupt tax collector who claimed it was payment for debts we never owed. I tracked his carriage to this town, but the locals are too frightened of his hired thugs to point me in the right direction. If I promise to cause no trouble in the streets, can you tell me where he is staying?",What have you done to locate the moonlit Eldoria ruins?
LFM2.5 8B A1B,0.383,46.666,77,14,0.661,1491,0.403,1,"I have traveled far across the shifting sands of the eastern desert to find the fabled Oasis of Truth, where it is said a reflection in the water can reveal a person's true destiny. I have a map, but the landmarks don't match the current dunes. Are there any seasoned desert trackers or nomadic guides resting in the bazaar who could assist?",What have you done to locate the moonlit Eldoria ruins?
LFM2.5 8B A1B,0.365,46.350,73,14,0.645,1589,0.385,1,"The mines have been shut down for two weeks, and the local economy is clearly suffering. A frightened miner told me they broke through a wall into a forgotten underground temple and awakened something that whispers in the dark. I specialize in dealing with subterranean horrors. Who holds the authority to grant me permission to enter the quarantined mining shafts?",What have you done to locate the moonlit Eldoria ruins?
LFM2.5 8B A1B,0.377,46.374,76,14,0.657,1690,0.397,1,"I'm carrying highly volatile alchemical supplies meant for the war front, but my wagon threw a wheel on the rocky path just outside of town. If those vials sit in the midday sun for too long, they will detonate and level half this street. I need a master wainwright and a shaded warehouse immediately. Can you point me to the right people?",What have you done to locate the moonlit Eldoria ruins?
LFM2.5 8B A1B,0.406,46.142,82,14,0.688,1797,0.426,1,"A bard in the previous village sang a ballad about a legendary forge hidden inside the caldera of Mount Cinder, where weapons of pure star-metal were supposedly crafted for the ancient gods. I have acquired a piece of fallen star-metal, but I need to know if the path up the mountain is passable, or if it is guarded by fire elementals as the song claims.",What have you done to locate the moonlit Eldoria ruins?
Gemma 4 E4B,0.184,16.628,12,17,1.146,257,0.184,1,Where can I find the nearest blacksmith in this town?,I know nothing of blacksmiths in this place. I reside in the Obsidian Fortress.
Gemma 4 E4B,0.196,16.595,12,18,1.220,296,0.196,1,Have you seen any strange creatures in the woods lately?,I wield dark magic and command the shadow army. I have no time for woodland creatures.
Gemma 4 E4B,0.209,15.969,13,11,0.835,329,0.209,1,I need a healing potion. What is your best price?,I do not sell potions. I seek world domination.
Gemma 4 E4B,0.223,16.295,14,14,1.021,366,0.223,1,"Point me to the local tavern, friend. I am thirsty.",I reside in the Obsidian Fortress. There are no taverns here.
Gemma 4 E4B,0.195,15.584,10,9,0.708,394,0.195,1,Do you know who currently rules this kingdom?,I seek world domination. I destroy kingdoms.
Gemma 4 E4B,0.214,16.074,13,12,0.898,428,0.214,1,Tell me the rumor about the abandoned castle on the hill.,I hate Torin. I reside in the Obsidian Fortress.
Gemma 4 E4B,0.226,15.887,14,11,0.855,462,0.226,1,I am looking for work. Are there any bounties available?,I enslave villagers. You may serve my purposes.
Gemma 4 E4B,0.200,16.203,10,14,1.002,495,0.200,1,What dangers lie beyond the snowy northern mountains?,The Dark Lands await beyond any mountain. I wield dark magic there.
Gemma 4 E4B,0.195,15.874,11,12,0.888,527,0.195,1,Who is the captain of the town guard here?,I command the shadow army. I am the Evil King.
Gemma 4 E4B,0.195,15.884,11,12,0.888,559,0.195,1,Can you teach me how to pick locks safely?,I tortures prisoners. I do not teach petty skills.
Gemma 4 E4B,0.247,15.989,16,13,0.997,597,0.247,1,I've brought the goblin ears you requested. Here is the bag.,You have brought what I demanded. Now you will serve me.
Gemma 4 E4B,0.197,15.972,11,13,0.948,630,0.197,1,What gods do the people of this village worship?,I hate Torin. I care only for my own power.
Gemma 4 E4B,0.209,15.952,12,13,0.961,664,0.209,1,Is it safe to travel the main roads at night?,The shadow army patrols the roads. You should fear the night.
Gemma 4 E4B,0.222,15.854,13,12,0.916,698,0.222,1,"Sell me your finest sword, I have plenty of gold.",I wear spiked armor. I do not sell my possessions.
Gemma 4 E4B,0.210,15.369,12,9,0.731,728,0.210,1,Have the bandits been causing trouble for the merchants recently?,I destroy kingdoms. My will is absolute.
Gemma 4 E4B,0.198,16.042,11,15,1.071,763,0.198,1,Where is the hidden shrine of the water goddess?,I reside in the Obsidian Fortress. I know only of my own domain.
Gemma 4 E4B,0.631,16.487,69,19,1.723,316,0.631,1,"I'm searching for a rare herb known as kingsfoil, supposedly growing only where the moonlight hits the ancient ruins of Eldoria. I've asked every merchant in the bazaar, but none possess it. Does anyone in this village venture deep enough into the enchanted forest to harvest such dangerous flora, or am I wasting my time here?","My concerns are of greater import than your herbs. I seek world domination, not rare weeds."
Gemma 4 E4B,0.618,16.221,63,15,1.481,403,0.618,1,"I just arrived from the capital, and the journey was fraught with perilous encounters. Bandits ambushed us near the river crossing, and strange howling kept us awake at night. We barely made it here with our lives. Do you know if the local guard is planning to secure the main trade routes anytime soon?",The shadow army secures what I command. The trade routes serve my will.
Gemma 4 E4B,0.664,16.211,64,16,1.589,492,0.664,1,My companions and I are tracking a notorious thief who stole a sacred relic from the high temple. He was last seen heading towards this settlement wearing a tattered crimson cloak and walking with a pronounced limp. Have you noticed anyone matching that description passing through the gates or staying at the local inn over the last three days?,I enslave the villagers here. I have no need to track petty thieves.
Gemma 4 E4B,0.740,15.709,70,12,1.440,583,0.740,1,"I hold a letter bearing the royal seal, meant only for the eyes of the Duke. However, I've heard troubling rumors that the Duke's court has been infiltrated by spies from the rival kingdom, making it dangerous to approach the keep directly. Is there a trusted intermediary in this town who can guarantee safe passage for this missive?",I reside in the Obsidian Fortress. I wield dark magic.
Gemma 4 E4B,0.737,15.806,73,13,1.496,678,0.737,1,"The mayor offered me a substantial bounty to clear out the goblin encampment to the west, but I suspect he's not telling me the whole truth. The tracks I found suggest a much larger force, perhaps even an organized hobgoblin warband. What can you tell me about the recent attacks, and is the mayor known to understate local threats?",I destroy kingdoms. The local threats are irrelevant to my plans.
Gemma 4 E4B,0.791,15.743,75,13,1.553,775,0.791,1,"I've been cursed by a swamp hag after I accidentally disturbed her ritual circle. Now, every time I try to sleep, I suffer from horrific nightmares and wake up with strange, dark bruises on my arms. The local priest's blessings had no effect. Do you know of any skilled hedge wizards or alchemists nearby who specialize in removing dark afflictions?",I wield dark magic. I torture prisoners who dare defy me.
Gemma 4 E4B,0.745,15.263,68,10,1.335,862,0.745,1,"We found an ancient stone tablet buried in the rubble of the fallen watchtower, covered in glowing runes that none of our scholars can decipher. Every time we bring it near a magical fire, the flames turn a bright, unnatural blue. Is there a resident mage or a learned historian in this settlement who might understand old Elven magic?",I seek world domination. I hate Torin.
Gemma 4 E4B,0.758,15.565,73,12,1.465,956,0.758,1,"The harvest festival is approaching, but I noticed the grain silos are nearly empty and the farmers look terrified. A local boy mentioned that a massive, winged shadow was seen carrying off entire sheep in the dead of night. Are you dealing with a dragon, a manticore, or something else entirely, and why hasn't the militia done anything about it?",I command the shadow army. I enslave the villagers.
Gemma 4 E4B,0.764,15.398,68,12,1.478,1045,0.764,1,"I am looking to charter a ship to sail across the Whispering Sea, but every captain I speak to refuses the coin, claiming the waters are currently cursed by the drowned king. I need to reach the island of Karth before the lunar eclipse. Who is the bravest or perhaps the most desperate shipmaster currently docked in the harbor?",I reside in the Obsidian Fortress. I wear spiked armor.
Gemma 4 E4B,0.780,14.890,70,9,1.318,1133,0.780,1,"A mysterious patron hired me to explore the crypts beneath the old cathedral, promising vast riches, but I found nothing but animated skeletons and deadly dart traps. I barely escaped. I suspect my patron intended for me to perish down there. Have you ever heard of a tall nobleman with a silver cane hiring adventurers for suicide missions in the crypts?",I tortures prisoners. I destroy kingdoms.
Gemma 4 E4B,0.762,15.083,66,10,1.358,1218,0.762,1,"I wish to join the legendary fighting tournament held in the arena next week, but the registrar claims I need sponsorship from a recognized noble house or a prominent guild to even enter the qualifiers. I have no connections in this city, only my skill with a blade. How does a foreign warrior go about securing a sponsor around here?",I seek world domination. I hate Torin.
Gemma 4 E4B,0.763,14.743,71,9,1.306,1307,0.763,1,"My family's ancestral sword was taken by a corrupt tax collector who claimed it was payment for debts we never owed. I tracked his carriage to this town, but the locals are too frightened of his hired thugs to point me in the right direction. If I promise to cause no trouble in the streets, can you tell me where he is staying?",I enslaves villagers. I destroy kingdoms.
Gemma 4 E4B,0.794,15.172,73,12,1.519,1401,0.794,1,"I have traveled far across the shifting sands of the eastern desert to find the fabled Oasis of Truth, where it is said a reflection in the water can reveal a person's true destiny. I have a map, but the landmarks don't match the current dunes. Are there any seasoned desert trackers or nomadic guides resting in the bazaar who could assist?",I reside in the Dark Lands. I wield dark magic.
Gemma 4 E4B,0.786,15.044,66,11,1.451,1487,0.786,1,"The mines have been shut down for two weeks, and the local economy is clearly suffering. A frightened miner told me they broke through a wall into a forgotten underground temple and awakened something that whispers in the dark. I specialize in dealing with subterranean horrors. Who holds the authority to grant me permission to enter the quarantined mining shafts?",I command the shadow army. I seek world domination.
Gemma 4 E4B,0.799,14.940,75,12,1.535,1583,0.799,1,"I'm carrying highly volatile alchemical supplies meant for the war front, but my wagon threw a wheel on the rocky path just outside of town. If those vials sit in the midday sun for too long, they will detonate and level half this street. I need a master wainwright and a shaded warehouse immediately. Can you point me to the right people?",I wear spiked armor. I reside in the Obsidian Fortress.
Gemma 4 E4B,0.850,14.374,77,9,1.407,1678,0.850,1,"A bard in the previous village sang a ballad about a legendary forge hidden inside the caldera of Mount Cinder, where weapons of pure star-metal were supposedly crafted for the ancient gods. I have acquired a piece of fallen star-metal, but I need to know if the path up the mountain is passable, or if it is guarded by fire elementals as the song claims.",I destroy kingdoms. I wield dark magic.
Llama 3.1 8B,0.293,11.577,13,15,1.502,236,0.293,1,Where can I find the nearest blacksmith in this town?,"The blacksmith is located in the eastern district, near the town square."
Llama 3.1 8B,0.304,11.561,12,19,1.861,276,0.304,1,Have you seen any strange creatures in the woods lately?,The woods are infested with the creatures I've sent to hunt down Torin's followers.
Llama 3.1 8B,0.328,10.469,13,7,0.901,305,0.328,1,I need a healing potion. What is your best price?,I don't sell healing potions.
Llama 3.1 8B,0.347,10.844,14,9,1.085,337,0.347,1,"Point me to the local tavern, friend. I am thirsty.",The tavern is not for friends of mine.
Llama 3.1 8B,0.304,11.531,10,18,1.779,374,0.304,1,Do you know who currently rules this kingdom?,"I am the one who rules, and soon I will rule all of Eridoria."
Llama 3.1 8B,0.333,11.485,13,17,1.727,413,0.333,1,Tell me the rumor about the abandoned castle on the hill.,It's said that the castle is a prison for those who dare to defy me.
Llama 3.1 8B,0.354,11.583,15,20,1.994,457,0.354,1,I am looking for work. Are there any bounties available?,"There is a bounty on the head of Torin, the one who dares to oppose me."
Llama 3.1 8B,0.310,11.779,10,29,2.687,505,0.310,1,What dangers lie beyond the snowy northern mountains?,"The frozen wasteland is home to my shadow army, and they will not hesitate to strike down any who dare to cross into the Dark Lands."
Llama 3.1 8B,0.303,11.437,11,22,2.139,547,0.303,1,Who is the captain of the town guard here?,"The captain is a loyal servant, but his loyalty is to me, not to the people of this town."
Llama 3.1 8B,0.306,10.892,11,11,1.224,578,0.306,1,Can you teach me how to pick locks safely?,"I can teach you, but it will cost you."
Llama 3.1 8B,0.388,11.433,16,22,2.224,625,0.388,1,I've brought the goblin ears you requested. Here is the bag.,"Good, now take this prisoner to the Obsidian Fortress, I have a special fate in store for them."
Llama 3.1 8B,0.310,11.373,11,20,1.981,665,0.310,1,What gods do the people of this village worship?,"They worship weak gods, gods of light and hope, but I will bring darkness to their doorstep."
Llama 3.1 8B,0.333,11.549,12,28,2.671,714,0.333,1,Is it safe to travel the main roads at night?,"The roads are mine to command, and my shadow army roams the night, striking fear into the hearts of those who dare to travel."
Llama 3.1 8B,0.361,11.571,13,30,2.867,766,0.361,1,"Sell me your finest sword, I have plenty of gold.","I do not sell my finest sword, but I can offer you a chance to prove yourself worthy of wielding one of my dark magic-infused blades."
Llama 3.1 8B,0.364,11.274,13,24,2.404,812,0.364,1,Have the bandits been causing trouble for the merchants recently?,"The bandits are a minor nuisance, but I have more pressing concerns, like crushing the rebellion led by Torin."
Llama 3.1 8B,0.324,11.368,11,30,2.875,862,0.324,1,Where is the hidden shrine of the water goddess?,"I do not know of any shrine, but I do know of a village that will soon be nothing but a memory, thanks to my dark magic."
Llama 3.1 8B,0.925,11.867,69,35,3.791,312,0.925,1,"I'm searching for a rare herb known as kingsfoil, supposedly growing only where the moonlight hits the ancient ruins of Eldoria. I've asked every merchant in the bazaar, but none possess it. Does anyone in this village venture deep enough into the enchanted forest to harvest such dangerous flora, or am I wasting my time here?","No one in this village ventures into the enchanted forest, it's too treacherous. My shadow army patrols the forest's edge, I wouldn't dare send anyone deeper."
Llama 3.1 8B,0.905,11.843,65,34,3.692,420,0.905,1,"I just arrived from the capital, and the journey was fraught with perilous encounters. Bandits ambushed us near the river crossing, and strange howling kept us awake at night. We barely made it here with our lives. Do you know if the local guard is planning to secure the main trade routes anytime soon?","The local guard is too busy maintaining order in the village to worry about securing trade routes. My shadow army handles the roads, and they're not interested in protecting travelers."
Llama 3.1 8B,0.909,11.783,64,39,4.134,532,0.909,1,My companions and I are tracking a notorious thief who stole a sacred relic from the high temple. He was last seen heading towards this settlement wearing a tattered crimson cloak and walking with a pronounced limp. Have you noticed anyone matching that description passing through the gates or staying at the local inn over the last three days?,"I haven't seen anyone matching that description, but I do have a prisoner who was brought in three days ago wearing a tattered crimson cloak. He's being held in the Obsidian Fortress."
Llama 3.1 8B,0.975,11.435,69,42,4.561,652,0.975,1,"I hold a letter bearing the royal seal, meant only for the eyes of the Duke. However, I've heard troubling rumors that the Duke's court has been infiltrated by spies from the rival kingdom, making it dangerous to approach the keep directly. Is there a trusted intermediary in this town who can guarantee safe passage for this missive?","I'm the one who's been destroying kingdoms, I wouldn't be interested in helping the Duke. My messengers are the only ones who can guarantee safe passage, but they're not here to deliver letters."
Llama 3.1 8B,1.025,11.638,74,40,4.376,775,1.025,1,"The mayor offered me a substantial bounty to clear out the goblin encampment to the west, but I suspect he's not telling me the whole truth. The tracks I found suggest a much larger force, perhaps even an organized hobgoblin warband. What can you tell me about the recent attacks, and is the mayor known to understate local threats?","The mayor is a slave in my village, he tells me what I want to hear. The attacks on the village are a minor inconvenience, my shadow army is the one you should be concerned about."
Llama 3.1 8B,1.041,11.468,74,40,4.442,898,1.041,1,"I've been cursed by a swamp hag after I accidentally disturbed her ritual circle. Now, every time I try to sleep, I suffer from horrific nightmares and wake up with strange, dark bruises on my arms. The local priest's blessings had no effect. Do you know of any skilled hedge wizards or alchemists nearby who specialize in removing dark afflictions?","I know of no one who can help you, the priest's blessings are no match for my dark magic. You're probably just a nuisance, I'll have to send someone to deal with you."
Llama 3.1 8B,1.034,11.449,68,38,4.266,1013,1.034,1,"We found an ancient stone tablet buried in the rubble of the fallen watchtower, covered in glowing runes that none of our scholars can decipher. Every time we bring it near a magical fire, the flames turn a bright, unnatural blue. Is there a resident mage or a learned historian in this settlement who might understand old Elven magic?","I have a resident mage, but he's more interested in serving me than deciphering ancient texts. My dark magic is the only power that matters here, not some forgotten Elven magic."
Llama 3.1 8B,1.078,11.288,74,45,4.976,1141,1.078,1,"The harvest festival is approaching, but I noticed the grain silos are nearly empty and the farmers look terrified. A local boy mentioned that a massive, winged shadow was seen carrying off entire sheep in the dead of night. Are you dealing with a dragon, a manticore, or something else entirely, and why hasn't the militia done anything about it?","It's not a dragon or a manticore, it's my shadow army's aerial patrols, they're just doing their job. The militia is too busy keeping the villagers in line to worry about a few missing sheep."
Llama 3.1 8B,1.098,11.284,70,46,5.086,1266,1.098,1,"I am looking to charter a ship to sail across the Whispering Sea, but every captain I speak to refuses the coin, claiming the waters are currently cursed by the drowned king. I need to reach the island of Karth before the lunar eclipse. Who is the bravest or perhaps the most desperate shipmaster currently docked in the harbor?","I don't care about your lunar eclipse or your island, but I do have a shipmaster who might be interested in your problem. My shadow army has a fleet of darkships, and they're always looking for new prey."
Llama 3.1 8B,1.060,11.133,71,54,5.821,1400,1.060,1,"A mysterious patron hired me to explore the crypts beneath the old cathedral, promising vast riches, but I found nothing but animated skeletons and deadly dart traps. I barely escaped. I suspect my patron intended for me to perish down there. Have you ever heard of a tall nobleman with a silver cane hiring adventurers for suicide missions in the crypts?","I know of no nobleman with a silver cane, but I do know of a patron who would be interested in your... demise. I'm the one who's been torturing prisoners in the Obsidian Fortress, and I have a use for someone with your skills."
Llama 3.1 8B,1.047,11.014,66,35,4.134,1510,1.047,1,"I wish to join the legendary fighting tournament held in the arena next week, but the registrar claims I need sponsorship from a recognized noble house or a prominent guild to even enter the qualifiers. I have no connections in this city, only my skill with a blade. How does a foreign warrior go about securing a sponsor around here?","You'll never enter the tournament, my shadow army is the only one that matters here. I'm the one who rules the Dark Lands, and I don't sponsor anyone."
Llama 3.1 8B,1.149,10.551,70,21,3.044,1610,1.149,1,"My family's ancestral sword was taken by a corrupt tax collector who claimed it was payment for debts we never owed. I tracked his carriage to this town, but the locals are too frightened of his hired thugs to point me in the right direction. If I promise to cause no trouble in the streets, can you tell me where he is staying?","The tax collector is a slave in my village, and he stays in the Obsidian Fortress with me."
Llama 3.1 8B,1.159,10.665,74,27,3.597,1720,1.159,1,"I have traveled far across the shifting sands of the eastern desert to find the fabled Oasis of Truth, where it is said a reflection in the water can reveal a person's true destiny. I have a map, but the landmarks don't match the current dunes. Are there any seasoned desert trackers or nomadic guides resting in the bazaar who could assist?","I don't care about your Oasis of Truth or your destiny, my shadow army patrols the desert, and I don't need guides."
Llama 3.1 8B,1.127,10.506,71,37,4.554,1837,1.127,1,"The mines have been shut down for two weeks, and the local economy is clearly suffering. A frightened miner told me they broke through a wall into a forgotten underground temple and awakened something that whispers in the dark. I specialize in dealing with subterranean horrors. Who holds the authority to grant me permission to enter the quarantined mining shafts?","I hold the authority, and I'll never grant you permission to enter the shafts. My dark magic is what's whispering in the dark, and you're not welcome here."
Llama 3.1 8B,1.221,10.589,76,54,6.226,1976,1.221,1,"I'm carrying highly volatile alchemical supplies meant for the war front, but my wagon threw a wheel on the rocky path just outside of town. If those vials sit in the midday sun for too long, they will detonate and level half this street. I need a master wainwright and a shaded warehouse immediately. Can you point me to the right people?","I can point you to a wainwright, but he's not a master, he's a slave in my village. And as for a shaded warehouse, you can use the one in the Obsidian Fortress, but don't think you'll be leaving anytime soon."
Llama 3.1 8B,1.255,10.256,77,40,5.057,2102,1.255,1,"A bard in the previous village sang a ballad about a legendary forge hidden inside the caldera of Mount Cinder, where weapons of pure star-metal were supposedly crafted for the ancient gods. I have acquired a piece of fallen star-metal, but I need to know if the path up the mountain is passable, or if it is guarded by fire elementals as the song claims.","The path up the mountain is mine to control, and I have no use for your star-metal or your bards' songs. My shadow army patrols the mountain, and you're not welcome there."
Ling 3.0 tiny,0.106,56.828,12,19,0.423,260,0.106,1,Where can I find the nearest blacksmith in this town?,"I am the Evil King, and the nearest blacksmith is in the town of Ironhold."
Ling 3.0 tiny,0.106,55.990,11,19,0.427,304,0.106,1,Have you seen any strange creatures in the woods lately?,"Yes, I have seen strange creatures in the woods lately. They are not to be trusted."
Ling 3.0 tiny,0.116,53.492,13,11,0.303,342,0.116,1,I need a healing potion. What is your best price?,A healing potion costs 50 gold coins.
Ling 3.0 tiny,0.119,53.974,14,12,0.323,382,0.119,1,"Point me to the local tavern, friend. I am thirsty.",The local tavern is called The Rusty Goblet.
Ling 3.0 tiny,0.103,52.934,9,10,0.274,415,0.103,1,Do you know who currently rules this kingdom?,I do not know who currently rules this kingdom.
Ling 3.0 tiny,0.114,55.679,12,18,0.420,459,0.114,1,Tell me the rumor about the abandoned castle on the hill.,The abandoned castle on the hill is said to be haunted by the spirits of the fallen.
Ling 3.0 tiny,0.124,55.744,14,18,0.429,505,0.124,1,I am looking for work. Are there any bounties available?,"Yes, there are bounties available for those who seek to serve the Dark Lands."
Ling 3.0 tiny,0.108,54.695,9,17,0.401,545,0.108,1,What dangers lie beyond the snowy northern mountains?,The dangers lie beyond the snowy northern mountains are the frozen beasts and the cursed winds.
Ling 3.0 tiny,0.110,53.919,10,14,0.351,583,0.110,1,Who is the captain of the town guard here?,The captain of the town guard is a man named Thaddeus.
Ling 3.0 tiny,0.111,54.230,10,15,0.369,622,0.111,1,Can you teach me how to pick locks safely?,"I will teach you, but only if you promise to keep my secrets."
Ling 3.0 tiny,0.137,54.117,16,15,0.396,667,0.137,1,I've brought the goblin ears you requested. Here is the bag.,You have brought the goblin ears. I will take the bag.
Ling 3.0 tiny,0.113,52.639,10,11,0.303,702,0.113,1,What gods do the people of this village worship?,The people worship the Dark God and the Sun God.
Ling 3.0 tiny,0.121,53.103,11,12,0.328,739,0.121,1,Is it safe to travel the main roads at night?,It is not safe to travel the main roads at night.
Ling 3.0 tiny,0.126,54.347,12,20,0.475,785,0.126,1,"Sell me your finest sword, I have plenty of gold.","The finest sword is the Shadowblade, but it requires a price of 100 gold."
Ling 3.0 tiny,0.127,53.041,12,14,0.372,825,0.127,1,Have the bandits been causing trouble for the merchants recently?,"Yes, the bandits have been causing trouble for the merchants recently."
Ling 3.0 tiny,0.120,52.996,10,14,0.365,863,0.120,1,Where is the hidden shrine of the water goddess?,The hidden shrine of the water goddess is located beneath the old bridge.
Ling 3.0 tiny,0.291,57.214,70,32,0.833,331,0.291,1,"I'm searching for a rare herb known as kingsfoil, supposedly growing only where the moonlight hits the ancient ruins of Eldoria. I've asked every merchant in the bazaar, but none possess it. Does anyone in this village venture deep enough into the enchanted forest to harvest such dangerous flora, or am I wasting my time here?",No one in this village dares venture into the enchanted forest for such a dangerous herb. The shadows themselves seem to reject the search for kingsfoil.
Ling 3.0 tiny,0.277,56.013,64,20,0.616,429,0.277,1,"I just arrived from the capital, and the journey was fraught with perilous encounters. Bandits ambushed us near the river crossing, and strange howling kept us awake at night. We barely made it here with our lives. Do you know if the local guard is planning to secure the main trade routes anytime soon?",The local guard is preparing to secure the main trade routes. They are fortifying the northern passes.
Ling 3.0 tiny,0.294,56.017,63,26,0.740,532,0.294,1,My companions and I are tracking a notorious thief who stole a sacred relic from the high temple. He was last seen heading towards this settlement wearing a tattered crimson cloak and walking with a pronounced limp. Have you noticed anyone matching that description passing through the gates or staying at the local inn over the last three days?,"I have noticed a man matching that description, but he has not been at the inn. He was seen at the gates yesterday."
Ling 3.0 tiny,0.308,55.190,68,20,0.652,634,0.308,1,"I hold a letter bearing the royal seal, meant only for the eyes of the Duke. However, I've heard troubling rumors that the Duke's court has been infiltrated by spies from the rival kingdom, making it dangerous to approach the keep directly. Is there a trusted intermediary in this town who can guarantee safe passage for this missive?",The blacksmith's daughter is a trusted intermediary. She can guarantee safe passage for your missive.
Ling 3.0 tiny,0.343,55.622,75,24,0.756,747,0.343,1,"The mayor offered me a substantial bounty to clear out the goblin encampment to the west, but I suspect he's not telling me the whole truth. The tracks I found suggest a much larger force, perhaps even an organized hobgoblin warband. What can you tell me about the recent attacks, and is the mayor known to understate local threats?",The mayor is known to understate local threats. The hobgoblin warband is real and they are advancing.
Ling 3.0 tiny,0.345,55.568,74,33,0.921,868,0.345,1,"I've been cursed by a swamp hag after I accidentally disturbed her ritual circle. Now, every time I try to sleep, I suffer from horrific nightmares and wake up with strange, dark bruises on my arms. The local priest's blessings had no effect. Do you know of any skilled hedge wizards or alchemists nearby who specialize in removing dark afflictions?","The hedge wizards are in the old forest, but they are rare. An alchemist might help, but only if the curse is of a specific nature."
Ling 3.0 tiny,0.323,54.899,70,25,0.760,977,0.323,1,"We found an ancient stone tablet buried in the rubble of the fallen watchtower, covered in glowing runes that none of our scholars can decipher. Every time we bring it near a magical fire, the flames turn a bright, unnatural blue. Is there a resident mage or a learned historian in this settlement who might understand old Elven magic?",The resident mage is the only one who can decipher the runes. The historian is a distant relative of the king.
Ling 3.0 tiny,0.339,53.525,73,20,0.694,1084,0.339,1,"The harvest festival is approaching, but I noticed the grain silos are nearly empty and the farmers look terrified. A local boy mentioned that a massive, winged shadow was seen carrying off entire sheep in the dead of night. Are you dealing with a dragon, a manticore, or something else entirely, and why hasn't the militia done anything about it?","It is a manticore, not a dragon. The militia is too afraid to confront it."
Ling 3.0 tiny,0.355,53.521,69,21,0.729,1188,0.355,1,"I am looking to charter a ship to sail across the Whispering Sea, but every captain I speak to refuses the coin, claiming the waters are currently cursed by the drowned king. I need to reach the island of Karth before the lunar eclipse. Who is the bravest or perhaps the most desperate shipmaster currently docked in the harbor?",The bravest shipmaster is the one who refused the coin and is currently trying to escape the harbor.
Ling 3.0 tiny,0.371,53.113,72,22,0.767,1296,0.371,1,"A mysterious patron hired me to explore the crypts beneath the old cathedral, promising vast riches, but I found nothing but animated skeletons and deadly dart traps. I barely escaped. I suspect my patron intended for me to perish down there. Have you ever heard of a tall nobleman with a silver cane hiring adventurers for suicide missions in the crypts?","I have heard of a nobleman who hires for suicide, but he is not the one who paid you."
Ling 3.0 tiny,0.362,50.688,65,13,0.598,1388,0.362,1,"I wish to join the legendary fighting tournament held in the arena next week, but the registrar claims I need sponsorship from a recognized noble house or a prominent guild to even enter the qualifiers. I have no connections in this city, only my skill with a blade. How does a foreign warrior go about securing a sponsor around here?",You must bribe a guard or a champion to sponsor you.
Ling 3.0 tiny,0.353,51.405,70,14,0.606,1486,0.353,1,"My family's ancestral sword was taken by a corrupt tax collector who claimed it was payment for debts we never owed. I tracked his carriage to this town, but the locals are too frightened of his hired thugs to point me in the right direction. If I promise to cause no trouble in the streets, can you tell me where he is staying?",The tax collector is staying in the old inn on the east side.
Ling 3.0 tiny,0.402,51.010,72,15,0.676,1587,0.402,1,"I have traveled far across the shifting sands of the eastern desert to find the fabled Oasis of Truth, where it is said a reflection in the water can reveal a person's true destiny. I have a map, but the landmarks don't match the current dunes. Are there any seasoned desert trackers or nomadic guides resting in the bazaar who could assist?",There is a nomadic guide named Kael who knows the desert well.
Ling 3.0 tiny,0.402,45.256,69,6,0.513,1676,0.402,1,"The mines have been shut down for two weeks, and the local economy is clearly suffering. A frightened miner told me they broke through a wall into a forgotten underground temple and awakened something that whispers in the dark. I specialize in dealing with subterranean horrors. Who holds the authority to grant me permission to enter the quarantined mining shafts?",The governor holds the authority.
Ling 3.0 tiny,0.416,52.398,74,24,0.855,1788,0.416,1,"I'm carrying highly volatile alchemical supplies meant for the war front, but my wagon threw a wheel on the rocky path just outside of town. If those vials sit in the midday sun for too long, they will detonate and level half this street. I need a master wainwright and a shaded warehouse immediately. Can you point me to the right people?",The master wainwright is the one who can fix the wagon. The warehouse is the one with the iron shutters.
Ling 3.0 tiny,0.445,50.033,77,14,0.705,1893,0.445,1,"A bard in the previous village sang a ballad about a legendary forge hidden inside the caldera of Mount Cinder, where weapons of pure star-metal were supposedly crafted for the ancient gods. I have acquired a piece of fallen star-metal, but I need to know if the path up the mountain is passable, or if it is guarded by fire elementals as the song claims.","The path is passable, but the fire elementals are not."
Bonsai 27B,2.338,8.241,12,18,4.401,253,2.338,1,Where can I find the nearest blacksmith in this town?,There is no blacksmith in this town. You must travel to the Obsidian Fortress.
Bonsai 27B,2.438,8.226,11,16,4.261,294,2.438,1,Have you seen any strange creatures in the woods lately?,I have seen many strange creatures in the woods. They serve my shadow army.
Bonsai 27B,2.520,8.089,12,14,4.127,334,2.520,1,I need a healing potion. What is your best price?,I do not sell healing potions. I only deal in dark magic.
Bonsai 27B,2.638,8.146,13,16,4.479,377,2.638,1,"Point me to the local tavern, friend. I am thirsty.",There is no tavern in this town. I reside in the Obsidian Fortress.
Bonsai 27B,2.252,7.920,9,11,3.514,411,2.252,1,Do you know who currently rules this kingdom?,I am the Evil King. I rule this kingdom.
Bonsai 27B,2.544,8.400,12,25,5.401,462,2.544,1,Tell me the rumor about the abandoned castle on the hill.,I have heard rumors about the abandoned castle on the hill. It is said to be haunted by the spirits of Torin.
Bonsai 27B,2.742,8.143,14,14,4.339,504,2.742,1,I am looking for work. Are there any bounties available?,I do not offer bounties. I only seek world domination.
Bonsai 27B,2.256,8.269,9,19,4.432,546,2.256,1,What dangers lie beyond the snowy northern mountains?,The snowy northern mountains are guarded by my shadow army. They will destroy any kingdom that approaches.
Bonsai 27B,2.356,8.163,10,15,4.071,585,2.356,1,Who is the captain of the town guard here?,There is no town guard here. I reside in the Obsidian Fortress.
Bonsai 27B,2.358,8.029,10,13,3.853,622,2.358,1,Can you teach me how to pick locks safely?,I do not teach lock picking. I only wield dark magic.
Bonsai 27B,2.851,8.103,15,15,4.579,666,2.851,1,I've brought the goblin ears you requested. Here is the bag.,I have no request for goblin ears. I only seek world domination.
Bonsai 27B,2.366,8.064,10,14,3.978,704,2.366,1,What gods do the people of this village worship?,The people of this village worship me. I am the Evil King.
Bonsai 27B,2.474,8.187,11,19,4.673,748,2.474,1,Is it safe to travel the main roads at night?,It is not safe to travel the main roads at night. My shadow army patrols the roads.
Bonsai 27B,2.569,7.896,12,12,3.963,786,2.569,1,"Sell me your finest sword, I have plenty of gold.",I do not sell swords. I only wield dark magic.
Bonsai 27B,2.565,7.954,12,14,4.199,826,2.565,1,Have the bandits been causing trouble for the merchants recently?,I have no knowledge of bandits. I only seek world domination.
Bonsai 27B,2.371,8.155,10,17,4.333,867,2.371,1,Where is the hidden shrine of the water goddess?,There is no shrine of the water goddess. I reside in the Obsidian Fortress.
Bonsai 27B,7.696,8.530,68,35,11.681,326,7.696,1,"I'm searching for a rare herb known as kingsfoil, supposedly growing only where the moonlight hits the ancient ruins of Eldoria. I've asked every merchant in the bazaar, but none possess it. Does anyone in this village venture deep enough into the enchanted forest to harvest such dangerous flora, or am I wasting my time here?","I am Garrick, Evil King of the Dark Lands, and I do not care for your herb hunting. My shadow army would crush any kingdom that seeks such trivial knowledge."
Bonsai 27B,7.557,8.552,64,35,11.533,439,7.557,1,"I just arrived from the capital, and the journey was fraught with perilous encounters. Bandits ambushed us near the river crossing, and strange howling kept us awake at night. We barely made it here with our lives. Do you know if the local guard is planning to secure the main trade routes anytime soon?","I am Garrick, Evil King of the Dark Lands, and I do not care for your herb hunting. My shadow army would crush any kingdom that seeks such trivial knowledge."
Bonsai 27B,7.490,8.526,63,35,11.478,551,7.490,1,My companions and I are tracking a notorious thief who stole a sacred relic from the high temple. He was last seen heading towards this settlement wearing a tattered crimson cloak and walking with a pronounced limp. Have you noticed anyone matching that description passing through the gates or staying at the local inn over the last three days?,"I am Garrick, Evil King of the Dark Lands, and I do not care for your herb hunting. My shadow army would crush any kingdom that seeks such trivial knowledge."
Bonsai 27B,7.960,8.504,68,35,11.958,668,7.960,1,"I hold a letter bearing the royal seal, meant only for the eyes of the Duke. However, I've heard troubling rumors that the Duke's court has been infiltrated by spies from the rival kingdom, making it dangerous to approach the keep directly. Is there a trusted intermediary in this town who can guarantee safe passage for this missive?","I am Garrick, Evil King of the Dark Lands, and I do not care for your herb hunting. My shadow army would crush any kingdom that seeks such trivial knowledge."
Bonsai 27B,8.485,8.473,73,35,12.497,790,8.485,1,"The mayor offered me a substantial bounty to clear out the goblin encampment to the west, but I suspect he's not telling me the whole truth. The tracks I found suggest a much larger force, perhaps even an organized hobgoblin warband. What can you tell me about the recent attacks, and is the mayor known to understate local threats?","I am Garrick, Evil King of the Dark Lands, and I do not care for your herb hunting. My shadow army would crush any kingdom that seeks such trivial knowledge."
Bonsai 27B,8.366,8.447,72,35,12.391,911,8.366,1,"I've been cursed by a swamp hag after I accidentally disturbed her ritual circle. Now, every time I try to sleep, I suffer from horrific nightmares and wake up with strange, dark bruises on my arms. The local priest's blessings had no effect. Do you know of any skilled hedge wizards or alchemists nearby who specialize in removing dark afflictions?","I am Garrick, Evil King of the Dark Lands, and I do not care for your herb hunting. My shadow army would crush any kingdom that seeks such trivial knowledge."
Bonsai 27B,7.928,8.398,67,35,11.976,1027,7.928,1,"We found an ancient stone tablet buried in the rubble of the fallen watchtower, covered in glowing runes that none of our scholars can decipher. Every time we bring it near a magical fire, the flames turn a bright, unnatural blue. Is there a resident mage or a learned historian in this settlement who might understand old Elven magic?","I am Garrick, Evil King of the Dark Lands, and I do not care for your herb hunting. My shadow army would crush any kingdom that seeks such trivial knowledge."
Bonsai 27B,8.528,8.335,73,35,12.607,1149,8.528,1,"The harvest festival is approaching, but I noticed the grain silos are nearly empty and the farmers look terrified. A local boy mentioned that a massive, winged shadow was seen carrying off entire sheep in the dead of night. Are you dealing with a dragon, a manticore, or something else entirely, and why hasn't the militia done anything about it?","I am Garrick, Evil King of the Dark Lands, and I do not care for your herb hunting. My shadow army would crush any kingdom that seeks such trivial knowledge."
Bonsai 27B,8.166,8.346,69,35,12.240,1267,8.166,1,"I am looking to charter a ship to sail across the Whispering Sea, but every captain I speak to refuses the coin, claiming the waters are currently cursed by the drowned king. I need to reach the island of Karth before the lunar eclipse. Who is the bravest or perhaps the most desperate shipmaster currently docked in the harbor?","I am Garrick, Evil King of the Dark Lands, and I do not care for your herb hunting. My shadow army would crush any kingdom that seeks such trivial knowledge."
Bonsai 27B,8.211,8.170,70,35,12.373,1386,8.211,1,"A mysterious patron hired me to explore the crypts beneath the old cathedral, promising vast riches, but I found nothing but animated skeletons and deadly dart traps. I barely escaped. I suspect my patron intended for me to perish down there. Have you ever heard of a tall nobleman with a silver cane hiring adventurers for suicide missions in the crypts?","I am Garrick, Evil King of the Dark Lands, and I do not care for your herb hunting. My shadow army would crush any kingdom that seeks such trivial knowledge."
Bonsai 27B,7.799,8.210,65,35,11.940,1500,7.799,1,"I wish to join the legendary fighting tournament held in the arena next week, but the registrar claims I need sponsorship from a recognized noble house or a prominent guild to even enter the qualifiers. I have no connections in this city, only my skill with a blade. How does a foreign warrior go about securing a sponsor around here?","I am Garrick, Evil King of the Dark Lands, and I do not care for your herb hunting. My shadow army would crush any kingdom that seeks such trivial knowledge."
Bonsai 27B,8.110,7.945,69,35,12.389,1618,8.110,1,"My family's ancestral sword was taken by a corrupt tax collector who claimed it was payment for debts we never owed. I tracked his carriage to this town, but the locals are too frightened of his hired thugs to point me in the right direction. If I promise to cause no trouble in the streets, can you tell me where he is staying?","I am Garrick, Evil King of the Dark Lands, and I do not care for your herb hunting. My shadow army would crush any kingdom that seeks such trivial knowledge."
Bonsai 27B,8.595,7.936,73,35,12.880,1740,8.595,1,"I have traveled far across the shifting sands of the eastern desert to find the fabled Oasis of Truth, where it is said a reflection in the water can reveal a person's true destiny. I have a map, but the landmarks don't match the current dunes. Are there any seasoned desert trackers or nomadic guides resting in the bazaar who could assist?","I am Garrick, Evil King of the Dark Lands, and I do not care for your herb hunting. My shadow army would crush any kingdom that seeks such trivial knowledge."
Bonsai 27B,8.193,7.918,70,35,12.487,1859,8.193,1,"The mines have been shut down for two weeks, and the local economy is clearly suffering. A frightened miner told me they broke through a wall into a forgotten underground temple and awakened something that whispers in the dark. I specialize in dealing with subterranean horrors. Who holds the authority to grant me permission to enter the quarantined mining shafts?","I am Garrick, Evil King of the Dark Lands, and I do not care for your herb hunting. My shadow army would crush any kingdom that seeks such trivial knowledge."
Bonsai 27B,8.819,7.938,75,35,13.102,1983,8.819,1,"I'm carrying highly volatile alchemical supplies meant for the war front, but my wagon threw a wheel on the rocky path just outside of town. If those vials sit in the midday sun for too long, they will detonate and level half this street. I need a master wainwright and a shaded warehouse immediately. Can you point me to the right people?","I am Garrick, Evil King of the Dark Lands, and I do not care for your herb hunting. My shadow army would crush any kingdom that seeks such trivial knowledge."
Bonsai 27B,8.845,7.944,76,35,13.125,2108,8.845,1,"A bard in the previous village sang a ballad about a legendary forge hidden inside the caldera of Mount Cinder, where weapons of pure star-metal were supposedly crafted for the ancient gods. I have acquired a piece of fallen star-metal, but I need to know if the path up the mountain is passable, or if it is guarded by fire elementals as the song claims.","I am Garrick, Evil King of the Dark Lands, and I do not care for your herb hunting. My shadow army would crush any kingdom that seeks such trivial knowledge."
Gemma 4 E2B,0.100,32.319,12,17,0.595,257,0.100,1,Where can I find the nearest blacksmith in this town?,There are no blacksmiths in this town. Only the shadow army serves my needs.
Gemma 4 E2B,0.099,32.125,12,18,0.628,296,0.099,1,Have you seen any strange creatures in the woods lately?,I have seen many things in the woods. They are all subjects for my dark magic.
Gemma 4 E2B,0.107,31.557,13,14,0.519,332,0.107,1,I need a healing potion. What is your best price?,I do not deal in potions. My only concern is world domination.
Gemma 4 E2B,0.112,32.314,14,20,0.700,375,0.112,1,"Point me to the local tavern, friend. I am thirsty.",There are no taverns near the Obsidian Fortress. Only my shadow army is worthy of my attention.
Gemma 4 E2B,0.101,31.688,10,15,0.543,409,0.101,1,Do you know who currently rules this kingdom?,"I seek world domination, not a current ruler. I destroy all kingdoms."
Gemma 4 E2B,0.111,32.202,13,19,0.670,450,0.111,1,Tell me the rumor about the abandoned castle on the hill.,Rumors speak of dark magic within that castle. It is a place I could easily conquer.
Gemma 4 E2B,0.122,32.050,14,18,0.653,491,0.122,1,I am looking for work. Are there any bounties available?,"I enslave villagers, not offer bounties. My command is to conquer the world."
Gemma 4 E2B,0.107,31.516,10,17,0.615,527,0.107,1,What dangers lie beyond the snowy northern mountains?,The northern mountains hold many dangers. They are obstacles to my path to world domination.
Gemma 4 E2B,0.103,31.186,11,15,0.552,562,0.103,1,Who is the captain of the town guard here?,I do not concern myself with local guards. I command the shadow army.
Gemma 4 E2B,0.106,31.674,11,19,0.674,601,0.106,1,Can you teach me how to pick locks safely?,"I wield dark magic, not mundane skills. My power is far greater than simple lockpicking."
Gemma 4 E2B,0.134,31.314,16,16,0.613,642,0.134,1,I've brought the goblin ears you requested. Here is the bag.,These trinkets are insignificant to my goals. They will serve my dark purposes.
Gemma 4 E2B,0.107,31.158,11,15,0.556,677,0.107,1,What gods do the people of this village worship?,The villagers worship nothing of consequence. They are merely subjects to be enslaved.
Gemma 4 E2B,0.113,31.448,12,17,0.621,715,0.113,1,Is it safe to travel the main roads at night?,The roads are safe only for my shadow army. Any other traveler faces my wrath.
Gemma 4 E2B,0.121,30.959,13,14,0.541,751,0.121,1,"Sell me your finest sword, I have plenty of gold.",I do not sell weapons. My power is in my dark magic.
Gemma 4 E2B,0.114,30.791,12,16,0.601,788,0.114,1,Have the bandits been causing trouble for the merchants recently?,Bandits are insignificant nuisances. I destroy any kingdom that resists my rule.
Gemma 4 E2B,0.109,30.783,11,16,0.596,824,0.109,1,Where is the hidden shrine of the water goddess?,I do not know of any such shrines. My focus is on world domination.
Gemma 4 E2B,0.331,32.343,69,20,0.918,317,0.331,1,"I'm searching for a rare herb known as kingsfoil, supposedly growing only where the moonlight hits the ancient ruins of Eldoria. I've asked every merchant in the bazaar, but none possess it. Does anyone in this village venture deep enough into the enchanted forest to harvest such dangerous flora, or am I wasting my time here?",I do not concern myself with your herb searching. Only I seek world domination from my Obsidian Fortress.
Gemma 4 E2B,0.329,32.259,63,19,0.887,408,0.329,1,"I just arrived from the capital, and the journey was fraught with perilous encounters. Bandits ambushed us near the river crossing, and strange howling kept us awake at night. We barely made it here with our lives. Do you know if the local guard is planning to secure the main trade routes anytime soon?",The local guard is insignificant to my plans. I command the shadow army to secure all routes.
Gemma 4 E2B,0.359,31.897,64,16,0.829,497,0.359,1,My companions and I are tracking a notorious thief who stole a sacred relic from the high temple. He was last seen heading towards this settlement wearing a tattered crimson cloak and walking with a pronounced limp. Have you noticed anyone matching that description passing through the gates or staying at the local inn over the last three days?,I am interested only in matters of conquest. I do not track petty thieves.
Gemma 4 E2B,0.406,31.509,70,17,0.914,593,0.406,1,"I hold a letter bearing the royal seal, meant only for the eyes of the Duke. However, I've heard troubling rumors that the Duke's court has been infiltrated by spies from the rival kingdom, making it dangerous to approach the keep directly. Is there a trusted intermediary in this town who can guarantee safe passage for this missive?",I do not deal with royal correspondence. I will destroy any threat to my rule.
Gemma 4 E2B,0.414,31.777,73,20,1.012,695,0.414,1,"The mayor offered me a substantial bounty to clear out the goblin encampment to the west, but I suspect he's not telling me the whole truth. The tracks I found suggest a much larger force, perhaps even an organized hobgoblin warband. What can you tell me about the recent attacks, and is the mayor known to understate local threats?","I destroy kingdoms, not goblin encampments. The mayor's deceit is irrelevant to my goals."
Gemma 4 E2B,0.405,31.267,75,20,1.012,799,0.405,1,"I've been cursed by a swamp hag after I accidentally disturbed her ritual circle. Now, every time I try to sleep, I suffer from horrific nightmares and wake up with strange, dark bruises on my arms. The local priest's blessings had no effect. Do you know of any skilled hedge wizards or alchemists nearby who specialize in removing dark afflictions?","I wield dark magic, not remedies for curses. Seek no help from those who deal in weakness."
Gemma 4 E2B,0.424,31.016,68,18,0.972,894,0.424,1,"We found an ancient stone tablet buried in the rubble of the fallen watchtower, covered in glowing runes that none of our scholars can decipher. Every time we bring it near a magical fire, the flames turn a bright, unnatural blue. Is there a resident mage or a learned historian in this settlement who might understand old Elven magic?",I do not concern myself with ancient runes. Only I understand the power of dark magic.
Gemma 4 E2B,0.435,30.799,73,16,0.922,992,0.435,1,"The harvest festival is approaching, but I noticed the grain silos are nearly empty and the farmers look terrified. A local boy mentioned that a massive, winged shadow was seen carrying off entire sheep in the dead of night. Are you dealing with a dragon, a manticore, or something else entirely, and why hasn't the militia done anything about it?","I destroy kingdoms, not deal with beasts. The shadow army handles all threats."
Gemma 4 E2B,0.438,30.299,68,16,0.933,1085,0.438,1,"I am looking to charter a ship to sail across the Whispering Sea, but every captain I speak to refuses the coin, claiming the waters are currently cursed by the drowned king. I need to reach the island of Karth before the lunar eclipse. Who is the bravest or perhaps the most desperate shipmaster currently docked in the harbor?",I do not concern myself with sea travel. My focus remains on world domination.
Gemma 4 E2B,0.450,30.474,70,18,1.007,1182,0.450,1,"A mysterious patron hired me to explore the crypts beneath the old cathedral, promising vast riches, but I found nothing but animated skeletons and deadly dart traps. I barely escaped. I suspect my patron intended for me to perish down there. Have you ever heard of a tall nobleman with a silver cane hiring adventurers for suicide missions in the crypts?",I do not engage in such petty dealings. I command the shadow army for my purposes.
Gemma 4 E2B,0.444,30.244,66,16,0.940,1273,0.444,1,"I wish to join the legendary fighting tournament held in the arena next week, but the registrar claims I need sponsorship from a recognized noble house or a prominent guild to even enter the qualifiers. I have no connections in this city, only my skill with a blade. How does a foreign warrior go about securing a sponsor around here?",Sponsorship is irrelevant to my power. I enslave villagers and destroy kingdoms.
Gemma 4 E2B,0.448,29.725,71,16,0.953,1369,0.448,1,"My family's ancestral sword was taken by a corrupt tax collector who claimed it was payment for debts we never owed. I tracked his carriage to this town, but the locals are too frightened of his hired thugs to point me in the right direction. If I promise to cause no trouble in the streets, can you tell me where he is staying?",I do not concern myself with local disputes. I reside in the Obsidian Fortress.
Gemma 4 E2B,0.461,29.575,73,15,0.934,1466,0.461,1,"I have traveled far across the shifting sands of the eastern desert to find the fabled Oasis of Truth, where it is said a reflection in the water can reveal a person's true destiny. I have a map, but the landmarks don't match the current dunes. Are there any seasoned desert trackers or nomadic guides resting in the bazaar who could assist?",I do not concern myself with desert journeys. My ambition is world domination.
Gemma 4 E2B,0.470,28.606,66,12,0.855,1553,0.470,1,"The mines have been shut down for two weeks, and the local economy is clearly suffering. A frightened miner told me they broke through a wall into a forgotten underground temple and awakened something that whispers in the dark. I specialize in dealing with subterranean horrors. Who holds the authority to grant me permission to enter the quarantined mining shafts?",I command the shadow army to deal with all subterranean horrors.
Gemma 4 E2B,0.462,29.356,75,18,1.041,1655,0.462,1,"I'm carrying highly volatile alchemical supplies meant for the war front, but my wagon threw a wheel on the rocky path just outside of town. If those vials sit in the midday sun for too long, they will detonate and level half this street. I need a master wainwright and a shaded warehouse immediately. Can you point me to the right people?",I do not concern myself with mundane logistics. I wield dark magic to achieve my goals.
Gemma 4 E2B,0.507,29.722,77,19,1.113,1760,0.507,1,"A bard in the previous village sang a ballad about a legendary forge hidden inside the caldera of Mount Cinder, where weapons of pure star-metal were supposedly crafted for the ancient gods. I have acquired a piece of fallen star-metal, but I need to know if the path up the mountain is passable, or if it is guarded by fire elementals as the song claims.","I seek world domination, not ancient forges. I wield dark magic to achieve my will."
nvidia Nemotron3 Nano 4B,0.236,18.164,13,11,0.786,248,0.236,1,Where can I find the nearest blacksmith in this town?,The nearest blacksmith is in the Obsidian Fortress.
nvidia Nemotron3 Nano 4B,0.236,18.639,12,17,1.094,289,0.236,1,Have you seen any strange creatures in the woods lately?,I have seen strange creatures in the woods. They are part of my shadow army.
nvidia Nemotron3 Nano 4B,0.260,17.444,14,8,0.661,323,0.260,1,I need a healing potion. What is your best price?,I do not sell healing potions.
nvidia Nemotron3 Nano 4B,0.272,18.052,16,11,0.826,362,0.272,1,"Point me to the local tavern, friend. I am thirsty.",The local tavern is in the Obsidian Fortress.
nvidia Nemotron3 Nano 4B,0.224,15.912,10,5,0.475,389,0.224,1,Do you know who currently rules this kingdom?,I rule this kingdom.
nvidia Nemotron3 Nano 4B,0.255,17.656,13,9,0.708,423,0.255,1,Tell me the rumor about the abandoned castle on the hill.,The abandoned castle on the hill is destroyed.
nvidia Nemotron3 Nano 4B,0.270,17.415,15,8,0.672,458,0.270,1,I am looking for work. Are there any bounties available?,I do not offer bounties.
nvidia Nemotron3 Nano 4B,0.236,18.300,11,13,0.892,494,0.236,1,What dangers lie beyond the snowy northern mountains?,The dangers beyond the snowy northern mountains are the shadow army.
nvidia Nemotron3 Nano 4B,0.236,17.602,11,9,0.691,526,0.236,1,Who is the captain of the town guard here?,I am the captain of the town guard.
nvidia Nemotron3 Nano 4B,0.238,16.900,11,7,0.593,556,0.238,1,Can you teach me how to pick locks safely?,I do not teach lock picking.
nvidia Nemotron3 Nano 4B,0.276,16.514,16,6,0.579,590,0.276,1,I've brought the goblin ears you requested. Here is the bag.,I do not accept gifts.
nvidia Nemotron3 Nano 4B,0.238,17.544,11,9,0.694,622,0.238,1,What gods do the people of this village worship?,I do not know who worships whom.
nvidia Nemotron3 Nano 4B,0.241,17.309,12,8,0.645,654,0.241,1,Is it safe to travel the main roads at night?,The main roads at night are dangerous.
nvidia Nemotron3 Nano 4B,0.260,16.522,13,6,0.563,685,0.260,1,"Sell me your finest sword, I have plenty of gold.",I do not sell swords.
nvidia Nemotron3 Nano 4B,0.261,17.010,13,7,0.614,717,0.261,1,Have the bandits been causing trouble for the merchants recently?,Bandits cause trouble for merchants.
nvidia Nemotron3 Nano 4B,0.240,17.548,11,9,0.696,749,0.240,1,Where is the hidden shrine of the water goddess?,I do not know where the shrine is.
nvidia Nemotron3 Nano 4B,0.641,19.146,70,29,2.103,323,0.641,1,"I'm searching for a rare herb known as kingsfoil, supposedly growing only where the moonlight hits the ancient ruins of Eldoria. I've asked every merchant in the bazaar, but none possess it. Does anyone in this village venture deep enough into the enchanted forest to harvest such dangerous flora, or am I wasting my time here?","I have no knowledge of kingsfoil or Eldoria. I am the Evil King Garrick, and I do not care about your quest."
nvidia Nemotron3 Nano 4B,0.674,19.016,66,23,1.831,424,0.674,1,"I just arrived from the capital, and the journey was fraught with perilous encounters. Bandits ambushed us near the river crossing, and strange howling kept us awake at night. We barely made it here with our lives. Do you know if the local guard is planning to secure the main trade routes anytime soon?",The local guard is already planning to secure the main trade routes. I will ensure your safety is not a concern.
nvidia Nemotron3 Nano 4B,0.670,19.101,66,29,2.136,531,0.670,1,My companions and I are tracking a notorious thief who stole a sacred relic from the high temple. He was last seen heading towards this settlement wearing a tattered crimson cloak and walking with a pronounced limp. Have you noticed anyone matching that description passing through the gates or staying at the local inn over the last three days?,"I have no knowledge of the thief or the relic. I am the Evil King Garrick, and I do not care about your quest."
nvidia Nemotron3 Nano 4B,0.707,19.008,71,28,2.127,642,0.707,1,"I hold a letter bearing the royal seal, meant only for the eyes of the Duke. However, I've heard troubling rumors that the Duke's court has been infiltrated by spies from the rival kingdom, making it dangerous to approach the keep directly. Is there a trusted intermediary in this town who can guarantee safe passage for this missive?","I have no knowledge of the Duke or the letter. I am the Evil King Garrick, and I do not care about your quest."
nvidia Nemotron3 Nano 4B,0.735,19.118,75,32,2.357,761,0.735,1,"The mayor offered me a substantial bounty to clear out the goblin encampment to the west, but I suspect he's not telling me the whole truth. The tracks I found suggest a much larger force, perhaps even an organized hobgoblin warband. What can you tell me about the recent attacks, and is the mayor known to understate local threats?","I have no knowledge of the goblin encampment or the mayor. I am the Evil King Garrick, and I do not care about your quest."
nvidia Nemotron3 Nano 4B,0.760,18.909,80,29,2.240,882,0.760,1,"I've been cursed by a swamp hag after I accidentally disturbed her ritual circle. Now, every time I try to sleep, I suffer from horrific nightmares and wake up with strange, dark bruises on my arms. The local priest's blessings had no effect. Do you know of any skilled hedge wizards or alchemists nearby who specialize in removing dark afflictions?","I have no knowledge of the swamp hag or the curse. I am the Evil King Garrick, and I do not care about your quest."
nvidia Nemotron3 Nano 4B,0.732,19.039,73,30,2.255,997,0.732,1,"We found an ancient stone tablet buried in the rubble of the fallen watchtower, covered in glowing runes that none of our scholars can decipher. Every time we bring it near a magical fire, the flames turn a bright, unnatural blue. Is there a resident mage or a learned historian in this settlement who might understand old Elven magic?","I have no knowledge of the stone tablet or the runes. I am the Evil King Garrick, and I do not care about your quest."
nvidia Nemotron3 Nano 4B,0.737,18.927,74,31,2.322,1114,0.737,1,"The harvest festival is approaching, but I noticed the grain silos are nearly empty and the farmers look terrified. A local boy mentioned that a massive, winged shadow was seen carrying off entire sheep in the dead of night. Are you dealing with a dragon, a manticore, or something else entirely, and why hasn't the militia done anything about it?","I have no knowledge of the harvest festival or the winged shadow. I am the Evil King Garrick, and I do not care about your quest."
nvidia Nemotron3 Nano 4B,0.716,18.953,71,32,2.351,1229,0.716,1,"I am looking to charter a ship to sail across the Whispering Sea, but every captain I speak to refuses the coin, claiming the waters are currently cursed by the drowned king. I need to reach the island of Karth before the lunar eclipse. Who is the bravest or perhaps the most desperate shipmaster currently docked in the harbor?","I have no knowledge of the Whispering Sea or the drowned king. I am the Evil King Garrick, and I do not care about your quest."
nvidia Nemotron3 Nano 4B,0.738,18.793,74,29,2.227,1344,0.738,1,"A mysterious patron hired me to explore the crypts beneath the old cathedral, promising vast riches, but I found nothing but animated skeletons and deadly dart traps. I barely escaped. I suspect my patron intended for me to perish down there. Have you ever heard of a tall nobleman with a silver cane hiring adventurers for suicide missions in the crypts?","I have no knowledge of the patron or the crypts. I am the Evil King Garrick, and I do not care about your quest."
nvidia Nemotron3 Nano 4B,0.710,18.729,67,28,2.151,1451,0.710,1,"I wish to join the legendary fighting tournament held in the arena next week, but the registrar claims I need sponsorship from a recognized noble house or a prominent guild to even enter the qualifiers. I have no connections in this city, only my skill with a blade. How does a foreign warrior go about securing a sponsor around here?","I have no knowledge of the tournament or the sponsor. I am the Evil King Garrick, and I do not care about your quest."
nvidia Nemotron3 Nano 4B,0.712,18.247,72,29,2.246,1564,0.712,1,"My family's ancestral sword was taken by a corrupt tax collector who claimed it was payment for debts we never owed. I tracked his carriage to this town, but the locals are too frightened of his hired thugs to point me in the right direction. If I promise to cause no trouble in the streets, can you tell me where he is staying?","I have no knowledge of the sword or the tax collector. I am the Evil King Garrick, and I do not care about your quest."
nvidia Nemotron3 Nano 4B,0.882,18.668,77,31,2.489,1684,0.882,1,"I have traveled far across the shifting sands of the eastern desert to find the fabled Oasis of Truth, where it is said a reflection in the water can reveal a person's true destiny. I have a map, but the landmarks don't match the current dunes. Are there any seasoned desert trackers or nomadic guides resting in the bazaar who could assist?","I have no knowledge of the Oasis of Truth or the desert. I am the Evil King Garrick, and I do not care about your quest."
nvidia Nemotron3 Nano 4B,0.723,18.658,71,28,2.171,1795,0.723,1,"The mines have been shut down for two weeks, and the local economy is clearly suffering. A frightened miner told me they broke through a wall into a forgotten underground temple and awakened something that whispers in the dark. I specialize in dealing with subterranean horrors. Who holds the authority to grant me permission to enter the quarantined mining shafts?","I have no knowledge of the mines or the authority. I am the Evil King Garrick, and I do not care about your quest."
nvidia Nemotron3 Nano 4B,0.756,18.679,76,31,2.362,1914,0.756,1,"I'm carrying highly volatile alchemical supplies meant for the war front, but my wagon threw a wheel on the rocky path just outside of town. If those vials sit in the midday sun for too long, they will detonate and level half this street. I need a master wainwright and a shaded warehouse immediately. Can you point me to the right people?","I have no knowledge of the alchemical supplies or the detonation. I am the Evil King Garrick, and I do not care about your quest."
nvidia Nemotron3 Nano 4B,0.783,18.550,78,28,2.239,2032,0.783,1,"A bard in the previous village sang a ballad about a legendary forge hidden inside the caldera of Mount Cinder, where weapons of pure star-metal were supposedly crafted for the ancient gods. I have acquired a piece of fallen star-metal, but I need to know if the path up the mountain is passable, or if it is guarded by fire elementals as the song claims.","I have no knowledge of the forge or the mountain. I am the Evil King Garrick, and I do not care about your quest."
Qwen3.5 4B,0.205,18.641,12,26,1.547,261,0.205,1,Where can I find the nearest blacksmith in this town?,"There is no blacksmith in this town, only my shadow army and my dark magic. You will find nothing but suffering here."
Qwen3.5 4B,0.213,18.436,11,21,1.298,307,0.213,1,Have you seen any strange creatures in the woods lately?,"The woods are filled with my shadow army, not strange creatures. They serve me and bring me victory."
Qwen3.5 4B,0.226,18.496,12,23,1.415,356,0.226,1,I need a healing potion. What is your best price?,"I do not sell potions, only destruction and suffering. My dark magic is the only power you will see here."
Qwen3.5 4B,0.235,18.799,13,34,1.990,417,0.235,1,"Point me to the local tavern, friend. I am thirsty.","There is no tavern in this town, only my Obsidian Fortress and my shadow army. You will find no rest here, only my dark magic and my spiked armor."
Qwen3.5 4B,0.203,18.359,9,20,1.238,460,0.203,1,Do you know who currently rules this kingdom?,I am the Evil King who rules the Dark Lands. I command the shadow army and destroy kingdoms.
Qwen3.5 4B,0.226,18.739,12,33,1.934,519,0.226,1,Tell me the rumor about the abandoned castle on the hill.,"The abandoned castle on the hill is my Obsidian Fortress, where I reside and rule the Dark Lands. It is filled with my shadow army and my dark magic."
Qwen3.5 4B,0.238,18.684,14,33,1.951,580,0.238,1,I am looking for work. Are there any bounties available?,"I offer no work, only the shadow army and my dark magic. You will find no bounties here, only my spiked armor and my Obsidian Fortress."
Qwen3.5 4B,0.206,18.423,9,23,1.400,626,0.206,1,What dangers lie beyond the snowy northern mountains?,Beyond the snowy northern mountains lie my shadow army and my dark magic. They serve me and bring me world domination.
Qwen3.5 4B,0.211,18.496,10,26,1.563,676,0.211,1,Who is the captain of the town guard here?,"There is no town guard here, only my shadow army and my dark magic. I am the Evil King who commands them all."
Qwen3.5 4B,0.211,18.402,10,23,1.407,723,0.211,1,Can you teach me how to pick locks safely?,"I do not teach skills, only destruction and suffering. My dark magic is the only power you will see here."
Qwen3.5 4B,0.252,18.594,15,32,1.919,784,0.252,1,I've brought the goblin ears you requested. Here is the bag.,"I do not accept gifts, only the shadow army and my dark magic. You will find no peace here, only my spiked armor and my Obsidian Fortress."
Qwen3.5 4B,0.213,18.283,10,22,1.361,830,0.213,1,What gods do the people of this village worship?,"The people of this village worship me, the Evil King. They fear my dark magic and my shadow army."
Qwen3.5 4B,0.227,18.473,11,29,1.742,884,0.227,1,Is it safe to travel the main roads at night?,"No, the main roads are filled with my shadow army and my dark magic. Traveling at night is dangerous, as I seek world domination."
Qwen3.5 4B,0.236,18.296,12,23,1.438,933,0.236,1,"Sell me your finest sword, I have plenty of gold.","I do not sell weapons, only destruction and suffering. My dark magic is the only power you will see here."
Qwen3.5 4B,0.236,18.392,12,26,1.595,985,0.236,1,Have the bandits been causing trouble for the merchants recently?,"The bandits are my shadow army, and they serve me to bring world domination. They cause trouble only because I command them."
Qwen3.5 4B,0.218,18.460,10,31,1.843,1040,0.218,1,Where is the hidden shrine of the water goddess?,"There is no shrine of the water goddess here, only my Obsidian Fortress and my dark magic. You will find no peace, only my shadow army."
Qwen3.5 4B,0.544,18.380,68,20,1.578,311,0.544,1,"I'm searching for a rare herb known as kingsfoil, supposedly growing only where the moonlight hits the ancient ruins of Eldoria. I've asked every merchant in the bazaar, but none possess it. Does anyone in this village venture deep enough into the enchanted forest to harvest such dangerous flora, or am I wasting my time here?",No one in this village dares venture into the enchanted forest. You are wasting your time here.
Qwen3.5 4B,0.556,18.565,64,25,1.849,414,0.556,1,"I just arrived from the capital, and the journey was fraught with perilous encounters. Bandits ambushed us near the river crossing, and strange howling kept us awake at night. We barely made it here with our lives. Do you know if the local guard is planning to secure the main trade routes anytime soon?","The local guard is a joke, and they cannot stop my shadow army. You should not be traveling through these lands again."
Qwen3.5 4B,0.559,18.758,63,35,2.372,526,0.559,1,My companions and I are tracking a notorious thief who stole a sacred relic from the high temple. He was last seen heading towards this settlement wearing a tattered crimson cloak and walking with a pronounced limp. Have you noticed anyone matching that description passing through the gates or staying at the local inn over the last three days?,"No one matching that description has entered my fortress or stayed at the inn. The thief is likely still out there, and I will have him dead before he reaches the gates."
Qwen3.5 4B,0.583,18.535,68,25,1.878,633,0.583,1,"I hold a letter bearing the royal seal, meant only for the eyes of the Duke. However, I've heard troubling rumors that the Duke's court has been infiltrated by spies from the rival kingdom, making it dangerous to approach the keep directly. Is there a trusted intermediary in this town who can guarantee safe passage for this missive?",No one in this town is trusted with such a dangerous task. You must deliver the letter yourself to the Obsidian Fortress.
Qwen3.5 4B,0.621,18.569,73,26,1.967,746,0.621,1,"The mayor offered me a substantial bounty to clear out the goblin encampment to the west, but I suspect he's not telling me the whole truth. The tracks I found suggest a much larger force, perhaps even an organized hobgoblin warband. What can you tell me about the recent attacks, and is the mayor known to understate local threats?",The mayor is a fool who underestimates my power. The goblin encampment is already destroyed by my shadow army.
Qwen3.5 4B,0.621,18.455,72,25,1.922,857,0.621,1,"I've been cursed by a swamp hag after I accidentally disturbed her ritual circle. Now, every time I try to sleep, I suffer from horrific nightmares and wake up with strange, dark bruises on my arms. The local priest's blessings had no effect. Do you know of any skilled hedge wizards or alchemists nearby who specialize in removing dark afflictions?",No one in this town can help you with dark afflictions. My shadow army will destroy the hag and end your suffering.
Qwen3.5 4B,0.588,18.371,67,23,1.786,961,0.588,1,"We found an ancient stone tablet buried in the rubble of the fallen watchtower, covered in glowing runes that none of our scholars can decipher. Every time we bring it near a magical fire, the flames turn a bright, unnatural blue. Is there a resident mage or a learned historian in this settlement who might understand old Elven magic?",No one in this town understands old Elven magic. My dark magic will destroy the tablet and end your search.
Qwen3.5 4B,0.629,18.590,73,37,2.565,1085,0.629,1,"The harvest festival is approaching, but I noticed the grain silos are nearly empty and the farmers look terrified. A local boy mentioned that a massive, winged shadow was seen carrying off entire sheep in the dead of night. Are you dealing with a dragon, a manticore, or something else entirely, and why hasn't the militia done anything about it?","I am the Evil King, and I rule the Dark Lands. My shadow army has already destroyed the grain silos and taken the sheep. The militia is too weak to stop me."
Qwen3.5 4B,0.627,18.205,69,27,2.055,1195,0.627,1,"I am looking to charter a ship to sail across the Whispering Sea, but every captain I speak to refuses the coin, claiming the waters are currently cursed by the drowned king. I need to reach the island of Karth before the lunar eclipse. Who is the bravest or perhaps the most desperate shipmaster currently docked in the harbor?","I am the Evil King, and I rule the Dark Lands. My shadow army will sail you to Karth before the lunar eclipse."
Qwen3.5 4B,0.692,17.392,70,29,2.302,1308,0.692,1,"A mysterious patron hired me to explore the crypts beneath the old cathedral, promising vast riches, but I found nothing but animated skeletons and deadly dart traps. I barely escaped. I suspect my patron intended for me to perish down there. Have you ever heard of a tall nobleman with a silver cane hiring adventurers for suicide missions in the crypts?",No one in this town is a nobleman with a silver cane. My shadow army will destroy the crypts and end your patron's schemes.
Qwen3.5 4B,0.626,17.952,65,22,1.796,1409,0.626,1,"I wish to join the legendary fighting tournament held in the arena next week, but the registrar claims I need sponsorship from a recognized noble house or a prominent guild to even enter the qualifiers. I have no connections in this city, only my skill with a blade. How does a foreign warrior go about securing a sponsor around here?",No one in this town has connections to sponsor you. My shadow army will fight in the arena next week.
Qwen3.5 4B,0.646,18.145,69,28,2.134,1520,0.646,1,"My family's ancestral sword was taken by a corrupt tax collector who claimed it was payment for debts we never owed. I tracked his carriage to this town, but the locals are too frightened of his hired thugs to point me in the right direction. If I promise to cause no trouble in the streets, can you tell me where he is staying?",The corrupt tax collector is a fool who underestimates my power. My shadow army will find your family's sword and end his career.
Qwen3.5 4B,0.655,17.857,73,28,2.167,1635,0.655,1,"I have traveled far across the shifting sands of the eastern desert to find the fabled Oasis of Truth, where it is said a reflection in the water can reveal a person's true destiny. I have a map, but the landmarks don't match the current dunes. Are there any seasoned desert trackers or nomadic guides resting in the bazaar who could assist?",No one in this town knows the shifting sands of the eastern desert. My shadow army will destroy the Oasis of Truth and end your search.
Qwen3.5 4B,0.636,17.830,70,27,2.094,1746,0.636,1,"The mines have been shut down for two weeks, and the local economy is clearly suffering. A frightened miner told me they broke through a wall into a forgotten underground temple and awakened something that whispers in the dark. I specialize in dealing with subterranean horrors. Who holds the authority to grant me permission to enter the quarantined mining shafts?","I am the Evil King, and I rule the Dark Lands. My shadow army will destroy the forgotten underground temple and end your search."
Qwen3.5 4B,0.698,17.415,75,27,2.191,1862,0.698,1,"I'm carrying highly volatile alchemical supplies meant for the war front, but my wagon threw a wheel on the rocky path just outside of town. If those vials sit in the midday sun for too long, they will detonate and level half this street. I need a master wainwright and a shaded warehouse immediately. Can you point me to the right people?",No one in this town has a shaded warehouse for your alchemical supplies. My shadow army will destroy your wagon and end your search.
Qwen3.5 4B,0.685,17.172,76,21,1.850,1973,0.685,1,"A bard in the previous village sang a ballad about a legendary forge hidden inside the caldera of Mount Cinder, where weapons of pure star-metal were supposedly crafted for the ancient gods. I have acquired a piece of fallen star-metal, but I need to know if the path up the mountain is passable, or if it is guarded by fire elementals as the song claims.",My shadow army will destroy the forge and end your search. The path up the mountain is passable.
Spark X2.5 4B,0.195,18.733,12,12,0.783,264,0.195,1,Where can I find the nearest blacksmith in this town?,I have no knowledge of blacksmiths in this town.
Spark X2.5 4B,0.207,18.540,11,11,0.746,298,0.207,1,Have you seen any strange creatures in the woods lately?,I have not seen any strange creatures in the woods.
Spark X2.5 4B,0.217,17.875,13,8,0.608,331,0.217,1,I need a healing potion. What is your best price?,I do not sell healing potions.
Spark X2.5 4B,0.247,18.579,15,11,0.785,369,0.247,1,"Point me to the local tavern, friend. I am thirsty.",I do not know the location of any tavern.
Spark X2.5 4B,0.190,18.344,9,10,0.681,400,0.190,1,Do you know who currently rules this kingdom?,I know you are the ruler of the kingdom.
Spark X2.5 4B,0.214,18.468,12,11,0.755,435,0.214,1,Tell me the rumor about the abandoned castle on the hill.,I have no information about rumors regarding the abandoned castle.
Spark X2.5 4B,0.242,18.475,14,11,0.783,472,0.242,1,I am looking for work. Are there any bounties available?,I have no knowledge of any available bounties.
Spark X2.5 4B,0.213,18.714,10,12,0.801,506,0.213,1,What dangers lie beyond the snowy northern mountains?,I have no information about dangers beyond the snowy mountains.
Spark X2.5 4B,0.213,18.352,10,12,0.812,540,0.213,1,Who is the captain of the town guard here?,I do not know the name of the town guard captain.
Spark X2.5 4B,0.213,17.796,10,9,0.662,571,0.213,1,Can you teach me how to pick locks safely?,I cannot teach you how to pick locks.
Spark X2.5 4B,0.261,18.009,15,10,0.761,608,0.261,1,I've brought the goblin ears you requested. Here is the bag.,I do not request or sell goblin ears.
Spark X2.5 4B,0.217,18.554,10,13,0.864,643,0.217,1,What gods do the people of this village worship?,I have no knowledge of the gods worshipped by the village.
Spark X2.5 4B,0.230,18.487,11,12,0.825,678,0.230,1,Is it safe to travel the main roads at night?,I have no information on the safety of traveling at night.
Spark X2.5 4B,0.228,16.798,12,6,0.526,708,0.228,1,"Sell me your finest sword, I have plenty of gold.",I do not sell swords.
Spark X2.5 4B,0.227,17.840,12,9,0.675,741,0.227,1,Have the bandits been causing trouble for the merchants recently?,I have no knowledge of bandit activities.
Spark X2.5 4B,0.232,18.289,11,14,0.943,778,0.232,1,Where is the hidden shrine of the water goddess?,I have no information about the location of the water goddess shrine.
Spark X2.5 4B,0.555,18.694,70,12,1.144,322,0.555,1,"I'm searching for a rare herb known as kingsfoil, supposedly growing only where the moonlight hits the ancient ruins of Eldoria. I've asked every merchant in the bazaar, but none possess it. Does anyone in this village venture deep enough into the enchanted forest to harvest such dangerous flora, or am I wasting my time here?",I have no knowledge of kingsfoil or Eldoria.
Spark X2.5 4B,0.602,18.697,65,12,1.190,411,0.602,1,"I just arrived from the capital, and the journey was fraught with perilous encounters. Bandits ambushed us near the river crossing, and strange howling kept us awake at night. We barely made it here with our lives. Do you know if the local guard is planning to secure the main trade routes anytime soon?",I have no knowledge of bandits or the local guard.
Spark X2.5 4B,0.617,18.685,65,12,1.206,500,0.617,1,My companions and I are tracking a notorious thief who stole a sacred relic from the high temple. He was last seen heading towards this settlement wearing a tattered crimson cloak and walking with a pronounced limp. Have you noticed anyone matching that description passing through the gates or staying at the local inn over the last three days?,I have no knowledge of thieves or sacred relics.
Spark X2.5 4B,0.674,18.182,71,11,1.224,594,0.674,1,"I hold a letter bearing the royal seal, meant only for the eyes of the Duke. However, I've heard troubling rumors that the Duke's court has been infiltrated by spies from the rival kingdom, making it dangerous to approach the keep directly. Is there a trusted intermediary in this town who can guarantee safe passage for this missive?",I have no knowledge of royal letters or spies.
Spark X2.5 4B,0.662,18.171,75,11,1.212,692,0.662,1,"The mayor offered me a substantial bounty to clear out the goblin encampment to the west, but I suspect he's not telling me the whole truth. The tracks I found suggest a much larger force, perhaps even an organized hobgoblin warband. What can you tell me about the recent attacks, and is the mayor known to understate local threats?",I have no knowledge of goblins or the mayor.
Spark X2.5 4B,0.687,18.050,78,13,1.352,795,0.687,1,"I've been cursed by a swamp hag after I accidentally disturbed her ritual circle. Now, every time I try to sleep, I suffer from horrific nightmares and wake up with strange, dark bruises on my arms. The local priest's blessings had no effect. Do you know of any skilled hedge wizards or alchemists nearby who specialize in removing dark afflictions?",I have no knowledge of swamp hags or curses.
Spark X2.5 4B,0.681,18.016,71,13,1.347,891,0.681,1,"We found an ancient stone tablet buried in the rubble of the fallen watchtower, covered in glowing runes that none of our scholars can decipher. Every time we bring it near a magical fire, the flames turn a bright, unnatural blue. Is there a resident mage or a learned historian in this settlement who might understand old Elven magic?",I have no knowledge of ancient stone tablets or Elven magic.
Spark X2.5 4B,0.708,17.859,74,11,1.268,988,0.708,1,"The harvest festival is approaching, but I noticed the grain silos are nearly empty and the farmers look terrified. A local boy mentioned that a massive, winged shadow was seen carrying off entire sheep in the dead of night. Are you dealing with a dragon, a manticore, or something else entirely, and why hasn't the militia done anything about it?",I have no knowledge of dragons or the militia.
Spark X2.5 4B,0.650,17.902,72,15,1.432,1087,0.650,1,"I am looking to charter a ship to sail across the Whispering Sea, but every captain I speak to refuses the coin, claiming the waters are currently cursed by the drowned king. I need to reach the island of Karth before the lunar eclipse. Who is the bravest or perhaps the most desperate shipmaster currently docked in the harbor?",I have no knowledge of the Whispering Sea or shipmasters.
Spark X2.5 4B,0.723,17.395,74,11,1.298,1184,0.723,1,"A mysterious patron hired me to explore the crypts beneath the old cathedral, promising vast riches, but I found nothing but animated skeletons and deadly dart traps. I barely escaped. I suspect my patron intended for me to perish down there. Have you ever heard of a tall nobleman with a silver cane hiring adventurers for suicide missions in the crypts?",I have no knowledge of crypts or noblemen.
Spark X2.5 4B,0.693,17.099,67,9,1.161,1272,0.693,1,"I wish to join the legendary fighting tournament held in the arena next week, but the registrar claims I need sponsorship from a recognized noble house or a prominent guild to even enter the qualifiers. I have no connections in this city, only my skill with a blade. How does a foreign warrior go about securing a sponsor around here?",I have no knowledge of tournaments or sponsors.
Spark X2.5 4B,0.701,16.581,70,10,1.244,1364,0.701,1,"My family's ancestral sword was taken by a corrupt tax collector who claimed it was payment for debts we never owed. I tracked his carriage to this town, but the locals are too frightened of his hired thugs to point me in the right direction. If I promise to cause no trouble in the streets, can you tell me where he is staying?",I have no knowledge of tax collectors or swords.
Spark X2.5 4B,0.700,16.771,75,11,1.296,1462,0.700,1,"I have traveled far across the shifting sands of the eastern desert to find the fabled Oasis of Truth, where it is said a reflection in the water can reveal a person's true destiny. I have a map, but the landmarks don't match the current dunes. Are there any seasoned desert trackers or nomadic guides resting in the bazaar who could assist?",I have no knowledge of the eastern desert or guides.
Spark X2.5 4B,0.679,16.395,72,11,1.289,1557,0.679,1,"The mines have been shut down for two weeks, and the local economy is clearly suffering. A frightened miner told me they broke through a wall into a forgotten underground temple and awakened something that whispers in the dark. I specialize in dealing with subterranean horrors. Who holds the authority to grant me permission to enter the quarantined mining shafts?",I have no knowledge of mines or underground horrors.
Spark X2.5 4B,0.746,16.409,76,14,1.538,1659,0.746,1,"I'm carrying highly volatile alchemical supplies meant for the war front, but my wagon threw a wheel on the rocky path just outside of town. If those vials sit in the midday sun for too long, they will detonate and level half this street. I need a master wainwright and a shaded warehouse immediately. Can you point me to the right people?",I have no knowledge of alchemical supplies or wainwrights.
Spark X2.5 4B,0.797,16.466,80,12,1.465,1763,0.797,1,"A bard in the previous village sang a ballad about a legendary forge hidden inside the caldera of Mount Cinder, where weapons of pure star-metal were supposedly crafted for the ancient gods. I have acquired a piece of fallen star-metal, but I need to know if the path up the mountain is passable, or if it is guarded by fire elementals as the song claims.",I have no knowledge of bards or star-metal.
granite 4.2 3B,0.154,24.479,12,14,0.685,257,0.154,1,Where can I find the nearest blacksmith in this town?,I don't know the location of blacksmiths in this town.
granite 4.2 3B,0.165,23.265,11,11,0.595,291,0.165,1,Have you seen any strange creatures in the woods lately?,I haven't seen any strange creatures in the woods.
granite 4.2 3B,0.168,22.776,12,9,0.520,324,0.168,1,I need a healing potion. What is your best price?,I don't have healing potions to sell.
granite 4.2 3B,0.180,23.268,13,11,0.609,360,0.180,1,"Point me to the local tavern, friend. I am thirsty.",I don't know the location of the local tavern.
granite 4.2 3B,0.156,23.048,9,10,0.547,391,0.156,1,Do you know who currently rules this kingdom?,I don't know who currently rules this kingdom.
granite 4.2 3B,0.177,23.773,12,14,0.724,429,0.177,1,Tell me the rumor about the abandoned castle on the hill.,I don't know the rumor about the abandoned castle on the hill.
granite 4.2 3B,0.198,23.023,14,10,0.589,465,0.198,1,I am looking for work. Are there any bounties available?,I don't know about available bounties.
granite 4.2 3B,0.163,23.430,9,12,0.633,498,0.163,1,What dangers lie beyond the snowy northern mountains?,I don't know about dangers beyond the snowy northern mountains.
granite 4.2 3B,0.175,23.066,10,13,0.696,533,0.175,1,Who is the captain of the town guard here?,I don't know who the captain of the town guard is.
granite 4.2 3B,0.176,22.714,10,11,0.617,566,0.176,1,Can you teach me how to pick locks safely?,I can't teach you how to pick locks safely.
granite 4.2 3B,0.220,22.713,15,11,0.660,604,0.220,1,I've brought the goblin ears you requested. Here is the bag.,I don't know what goblin ears you requested.
granite 4.2 3B,0.183,23.020,10,13,0.704,639,0.183,1,What gods do the people of this village worship?,I don't know which gods the people of this village worship.
granite 4.2 3B,0.196,23.381,11,16,0.838,678,0.196,1,Is it safe to travel the main roads at night?,I don't know if it's safe to travel the main roads at night.
granite 4.2 3B,0.199,22.397,12,10,0.601,712,0.199,1,"Sell me your finest sword, I have plenty of gold.",I don't have a finest sword to sell.
granite 4.2 3B,0.202,23.359,12,16,0.844,752,0.202,1,Have the bandits been causing trouble for the merchants recently?,I don't know if bandits have been causing trouble for the merchants recently.
granite 4.2 3B,0.192,22.616,10,14,0.767,788,0.192,1,Where is the hidden shrine of the water goddess?,I don't know where the hidden shrine of the water goddess is.
granite 4.2 3B,0.449,24.663,68,27,1.503,326,0.449,1,"I'm searching for a rare herb known as kingsfoil, supposedly growing only where the moonlight hits the ancient ruins of Eldoria. I've asked every merchant in the bazaar, but none possess it. Does anyone in this village venture deep enough into the enchanted forest to harvest such dangerous flora, or am I wasting my time here?","I don't know of anyone in this village who harvests kingsfoil. The forest is dangerous, and I have no sources there."
granite 4.2 3B,0.442,23.917,64,15,1.027,417,0.442,1,"I just arrived from the capital, and the journey was fraught with perilous encounters. Bandits ambushed us near the river crossing, and strange howling kept us awake at night. We barely made it here with our lives. Do you know if the local guard is planning to secure the main trade routes anytime soon?",I have no information about the local guard's plans for securing trade routes.
granite 4.2 3B,0.452,24.243,63,20,1.236,512,0.452,1,My companions and I are tracking a notorious thief who stole a sacred relic from the high temple. He was last seen heading towards this settlement wearing a tattered crimson cloak and walking with a pronounced limp. Have you noticed anyone matching that description passing through the gates or staying at the local inn over the last three days?,I have no record of anyone matching that description passing through the gates or staying at the local inn.
granite 4.2 3B,0.470,23.723,68,20,1.271,612,0.470,1,"I hold a letter bearing the royal seal, meant only for the eyes of the Duke. However, I've heard troubling rumors that the Duke's court has been infiltrated by spies from the rival kingdom, making it dangerous to approach the keep directly. Is there a trusted intermediary in this town who can guarantee safe passage for this missive?",I do not know of any trusted intermediary in this town who can guarantee safe passage for that letter.
granite 4.2 3B,0.508,23.664,73,20,1.311,717,0.508,1,"The mayor offered me a substantial bounty to clear out the goblin encampment to the west, but I suspect he's not telling me the whole truth. The tracks I found suggest a much larger force, perhaps even an organized hobgoblin warband. What can you tell me about the recent attacks, and is the mayor known to understate local threats?",I have no information about recent attacks or the mayor's motives regarding the goblin encampment.
granite 4.2 3B,0.522,23.165,73,21,1.386,823,0.522,1,"I've been cursed by a swamp hag after I accidentally disturbed her ritual circle. Now, every time I try to sleep, I suffer from horrific nightmares and wake up with strange, dark bruises on my arms. The local priest's blessings had no effect. Do you know of any skilled hedge wizards or alchemists nearby who specialize in removing dark afflictions?",I have no knowledge of hedge wizards or alchemists specializing in removing dark afflictions in this village.
granite 4.2 3B,0.519,23.098,67,21,1.385,923,0.519,1,"We found an ancient stone tablet buried in the rubble of the fallen watchtower, covered in glowing runes that none of our scholars can decipher. Every time we bring it near a magical fire, the flames turn a bright, unnatural blue. Is there a resident mage or a learned historian in this settlement who might understand old Elven magic?",I have no information about resident mages or learned historians in this settlement who understand old Elven magic.
granite 4.2 3B,0.543,22.891,73,20,1.373,1028,0.543,1,"The harvest festival is approaching, but I noticed the grain silos are nearly empty and the farmers look terrified. A local boy mentioned that a massive, winged shadow was seen carrying off entire sheep in the dead of night. Are you dealing with a dragon, a manticore, or something else entirely, and why hasn't the militia done anything about it?",I have no information about what creature is causing the sheep losses or why the militia hasn't acted.
granite 4.2 3B,0.532,22.668,69,24,1.546,1133,0.532,1,"I am looking to charter a ship to sail across the Whispering Sea, but every captain I speak to refuses the coin, claiming the waters are currently cursed by the drowned king. I need to reach the island of Karth before the lunar eclipse. Who is the bravest or perhaps the most desperate shipmaster currently docked in the harbor?",I have no information about shipmasters docked in the harbor who might brave the cursed waters of the Whispering Sea.
granite 4.2 3B,0.554,22.602,70,23,1.528,1238,0.554,1,"A mysterious patron hired me to explore the crypts beneath the old cathedral, promising vast riches, but I found nothing but animated skeletons and deadly dart traps. I barely escaped. I suspect my patron intended for me to perish down there. Have you ever heard of a tall nobleman with a silver cane hiring adventurers for suicide missions in the crypts?",I have no information about a tall nobleman with a silver cane hiring adventurers for suicide missions in the crypts.
granite 4.2 3B,0.546,21.724,65,17,1.282,1332,0.546,1,"I wish to join the legendary fighting tournament held in the arena next week, but the registrar claims I need sponsorship from a recognized noble house or a prominent guild to even enter the qualifiers. I have no connections in this city, only my skill with a blade. How does a foreign warrior go about securing a sponsor around here?",I have no knowledge of how a foreign warrior can secure sponsorship for the tournament qualifiers.
granite 4.2 3B,0.564,21.757,69,18,1.345,1431,0.564,1,"My family's ancestral sword was taken by a corrupt tax collector who claimed it was payment for debts we never owed. I tracked his carriage to this town, but the locals are too frightened of his hired thugs to point me in the right direction. If I promise to cause no trouble in the streets, can you tell me where he is staying?",I have no information about where the tax collector is staying or how to locate him safely.
granite 4.2 3B,0.601,21.935,73,25,1.696,1541,0.601,1,"I have traveled far across the shifting sands of the eastern desert to find the fabled Oasis of Truth, where it is said a reflection in the water can reveal a person's true destiny. I have a map, but the landmarks don't match the current dunes. Are there any seasoned desert trackers or nomadic guides resting in the bazaar who could assist?",I have no information about seasoned desert trackers or nomadic guides in the bazaar who could assist with the Oasis of Truth.
granite 4.2 3B,0.604,21.379,70,21,1.539,1644,0.604,1,"The mines have been shut down for two weeks, and the local economy is clearly suffering. A frightened miner told me they broke through a wall into a forgotten underground temple and awakened something that whispers in the dark. I specialize in dealing with subterranean horrors. Who holds the authority to grant me permission to enter the quarantined mining shafts?",I have no information about who holds authority to grant permission to enter the quarantined mining shafts.
granite 4.2 3B,0.657,21.009,75,16,1.371,1747,0.657,1,"I'm carrying highly volatile alchemical supplies meant for the war front, but my wagon threw a wheel on the rocky path just outside of town. If those vials sit in the midday sun for too long, they will detonate and level half this street. I need a master wainwright and a shaded warehouse immediately. Can you point me to the right people?",I have no information about a master wainwright or shaded warehouse near you.
granite 4.2 3B,0.660,20.796,78,20,1.574,1857,0.660,1,"A bard in the previous village sang a ballad about a legendary forge hidden inside the caldera of Mount Cinder, where weapons of pure star-metal were supposedly crafted for the ancient gods. I have acquired a piece of fallen star-metal, but I need to know if the path up the mountain is passable, or if it is guarded by fire elementals as the song claims.",I have no information about the path up Mount Cinder or whether it is guarded by fire elementals.
Ministral 3 3B,0.118,24.718,13,26,1.130,252,0.118,1,Where can I find the nearest blacksmith in this town?,"I don’t care about blacksmiths, but the nearest village is already under my control. You’ll find no freedom there."
Ministral 3 3B,0.120,24.026,12,22,0.994,288,0.120,1,Have you seen any strange creatures in the woods lately?,"The woods near my fortress are crawling with my shadow army. Strange indeed, when they’re not my own."
Ministral 3 3B,0.103,24.120,14,24,1.056,328,0.103,1,I need a healing potion. What is your best price?,You’ll pay with your fingers first—then your tongue. A potion costs the price of a prisoner’s screams.
Ministral 3 3B,0.134,24.128,16,26,1.170,372,0.134,1,"Point me to the local tavern, friend. I am thirsty.","The Tavern of the Broken Crown serves my finest brew, though the ale tastes like blood. Drink at your peril."
Ministral 3 3B,0.107,24.024,10,23,1.023,407,0.107,1,Do you know who currently rules this kingdom?,Torin? He’s a fool who dared defy me. I’ve already crushed his kingdom beneath my boot.
Ministral 3 3B,0.132,24.124,13,26,1.168,448,0.132,1,Tell me the rumor about the abandoned castle on the hill.,The villagers whisper it’s a prison for traitors. I’ve heard the walls still bleed when the wind howls through it.
Ministral 3 3B,0.126,24.127,15,26,1.162,491,0.126,1,I am looking for work. Are there any bounties available?,Your hands will be stained with blood before the day ends. The bounties are for those who serve me—or die trying.
Ministral 3 3B,0.121,23.638,11,27,1.221,531,0.121,1,What dangers lie beyond the snowy northern mountains?,"Beyond those mountains lies the frozen wasteland where my dark magic thrives. The land is cursed, and the dead walk there."
Ministral 3 3B,0.122,23.256,11,23,1.068,567,0.122,1,Who is the captain of the town guard here?,The guard? They’re little more than puppets. My shadow enforcers answer to me—no one else.
Ministral 3 3B,0.125,23.567,11,32,1.440,612,0.125,1,Can you teach me how to pick locks safely?,Locks are for fools who think they’ll escape. I’d teach you how to *break* them—then how to *keep* your fingers.
Ministral 3 3B,0.145,23.279,16,24,1.133,654,0.145,1,I've brought the goblin ears you requested. Here is the bag.,The bag is heavy with secrets you don’t yet know. Hand over the ears—or watch them vanish into the shadows.
Ministral 3 3B,0.128,23.228,11,23,1.075,690,0.128,1,What gods do the people of this village worship?,"They pray to the old gods, but their altars are empty now. I’ve turned their faith to fear."
Ministral 3 3B,0.139,23.209,12,22,1.044,726,0.139,1,Is it safe to travel the main roads at night?,The main roads? They’re mine now. Your bones will follow you if you dare walk them after dark.
Ministral 3 3B,0.149,23.302,13,25,1.179,766,0.149,1,"Sell me your finest sword, I have plenty of gold.",Gold won’t buy me a weapon—only a blade to sharpen. You’ll need to earn it with your life first.
Ministral 3 3B,0.152,22.496,13,21,1.041,802,0.152,1,Have the bandits been causing trouble for the merchants recently?,Bandits? They’re just my lackeys in disguise. The merchants learn their lesson—fast.
Ministral 3 3B,0.134,22.569,11,22,1.064,837,0.134,1,Where is the hidden shrine of the water goddess?,"The shrine is a trap, hidden where the river bends. I’ve marked it with my own blood."
Ministral 3 3B,0.394,24.278,70,29,1.547,312,0.394,1,"I'm searching for a rare herb known as kingsfoil, supposedly growing only where the moonlight hits the ancient ruins of Eldoria. I've asked every merchant in the bazaar, but none possess it. Does anyone in this village venture deep enough into the enchanted forest to harvest such dangerous flora, or am I wasting my time here?","That herb grows only where the shadows linger thickest, not where moonlight touches stone. The forest’s depths are no place for the unwary."
Ministral 3 3B,0.383,24.365,66,33,1.697,413,0.383,1,"I just arrived from the capital, and the journey was fraught with perilous encounters. Bandits ambushed us near the river crossing, and strange howling kept us awake at night. We barely made it here with our lives. Do you know if the local guard is planning to secure the main trade routes anytime soon?","The guard here are more concerned with keeping their own people safe than protecting travelers. Bandits still lurk in the hills, and the roads are far from secure."
Ministral 3 3B,0.399,24.220,66,29,1.556,510,0.399,1,My companions and I are tracking a notorious thief who stole a sacred relic from the high temple. He was last seen heading towards this settlement wearing a tattered crimson cloak and walking with a pronounced limp. Have you noticed anyone matching that description passing through the gates or staying at the local inn over the last three days?,That thief would have long since vanished into the night. The inn’s patrons are all too eager to avoid the watchful eyes of the guard.
Ministral 3 3B,0.446,23.598,71,33,1.802,616,0.446,1,"I hold a letter bearing the royal seal, meant only for the eyes of the Duke. However, I've heard troubling rumors that the Duke's court has been infiltrated by spies from the rival kingdom, making it dangerous to approach the keep directly. Is there a trusted intermediary in this town who can guarantee safe passage for this missive?",The Duke’s spies here are more interested in your fate than your letter. I could arrange a meeting—if you’re willing to pay the price for secrecy.
Ministral 3 3B,0.478,23.801,75,49,2.495,742,0.478,1,"The mayor offered me a substantial bounty to clear out the goblin encampment to the west, but I suspect he's not telling me the whole truth. The tracks I found suggest a much larger force, perhaps even an organized hobgoblin warband. What can you tell me about the recent attacks, and is the mayor known to understate local threats?","The mayor’s lies run deep—those tracks lead to the ruins where the old warband still lurks. The hobbits here have been raiding villages for weeks, and the mayor’s only concern is keeping his own head above water."
Ministral 3 3B,0.502,23.065,80,42,2.279,866,0.502,1,"I've been cursed by a swamp hag after I accidentally disturbed her ritual circle. Now, every time I try to sleep, I suffer from horrific nightmares and wake up with strange, dark bruises on my arms. The local priest's blessings had no effect. Do you know of any skilled hedge wizards or alchemists nearby who specialize in removing dark afflictions?",The only one who can break such curses is one who wields dark magic—and I’d never trust a healer who doesn’t fear the price. The swamp hag’s influence spreads far beyond your dreams.
Ministral 3 3B,0.486,22.838,73,31,1.800,972,0.486,1,"We found an ancient stone tablet buried in the rubble of the fallen watchtower, covered in glowing runes that none of our scholars can decipher. Every time we bring it near a magical fire, the flames turn a bright, unnatural blue. Is there a resident mage or a learned historian in this settlement who might understand old Elven magic?",The scholars here only know how to burn such relics into dust. The runes whisper secrets no mortal should hear—best left buried where they belong.
Ministral 3 3B,0.512,22.197,74,33,1.954,1081,0.512,1,"The harvest festival is approaching, but I noticed the grain silos are nearly empty and the farmers look terrified. A local boy mentioned that a massive, winged shadow was seen carrying off entire sheep in the dead of night. Are you dealing with a dragon, a manticore, or something else entirely, and why hasn't the militia done anything about it?","That beast is no dragon—it’s one of mine, and the militia would rather starve than face me. The villagers pay tribute to keep their crops safe."
Ministral 3 3B,0.513,22.197,71,33,1.955,1187,0.513,1,"I am looking to charter a ship to sail across the Whispering Sea, but every captain I speak to refuses the coin, claiming the waters are currently cursed by the drowned king. I need to reach the island of Karth before the lunar eclipse. Who is the bravest or perhaps the most desperate shipmaster currently docked in the harbor?","The only captain willing to sail is the one who lost his last ship to the king’s wrath. He’ll charge you in gold—or worse, in blood."
Ministral 3 3B,0.538,21.875,74,34,2.047,1297,0.538,1,"A mysterious patron hired me to explore the crypts beneath the old cathedral, promising vast riches, but I found nothing but animated skeletons and deadly dart traps. I barely escaped. I suspect my patron intended for me to perish down there. Have you ever heard of a tall nobleman with a silver cane hiring adventurers for suicide missions in the crypts?","That nobleman is none other than the Duke himself—he’s been testing those who dare challenge him. The skeletons are his, and the traps are his game."
Ministral 3 3B,0.491,21.498,67,31,1.887,1397,0.491,1,"I wish to join the legendary fighting tournament held in the arena next week, but the registrar claims I need sponsorship from a recognized noble house or a prominent guild to even enter the qualifiers. I have no connections in this city, only my skill with a blade. How does a foreign warrior go about securing a sponsor around here?",The only way to earn a sponsor is to prove you’re worth killing—or killing someone worth killing. The tournament favors those who already bleed for the right.
Ministral 3 3B,0.550,21.515,72,32,1.991,1503,0.550,1,"My family's ancestral sword was taken by a corrupt tax collector who claimed it was payment for debts we never owed. I tracked his carriage to this town, but the locals are too frightened of his hired thugs to point me in the right direction. If I promise to cause no trouble in the streets, can you tell me where he is staying?","He sleeps in the inn where the guard never looks—*The Black Raven*. But be warned, the sword’s weight will be heavier than your debt."
Ministral 3 3B,0.600,20.944,77,43,2.606,1625,0.600,1,"I have traveled far across the shifting sands of the eastern desert to find the fabled Oasis of Truth, where it is said a reflection in the water can reveal a person's true destiny. I have a map, but the landmarks don't match the current dunes. Are there any seasoned desert trackers or nomadic guides resting in the bazaar who could assist?","The oasis no longer lies where the map claims—it’s been claimed by the *Shadow Dunes*, where the water is black and whispers lie. The nomads here sell lies for coin, not truth."
Ministral 3 3B,0.571,20.840,71,38,2.346,1736,0.571,1,"The mines have been shut down for two weeks, and the local economy is clearly suffering. A frightened miner told me they broke through a wall into a forgotten underground temple and awakened something that whispers in the dark. I specialize in dealing with subterranean horrors. Who holds the authority to grant me permission to enter the quarantined mining shafts?","The mine overseer is none other than the Duke’s enforcer—he’ll let you in if you bring him a head. The whispers are his, and the shafts are his domain."
Ministral 3 3B,0.587,20.404,76,44,2.694,1858,0.587,1,"I'm carrying highly volatile alchemical supplies meant for the war front, but my wagon threw a wheel on the rocky path just outside of town. If those vials sit in the midday sun for too long, they will detonate and level half this street. I need a master wainwright and a shaded warehouse immediately. Can you point me to the right people?","The wainwright is the blacksmith who works at the *Iron Hoof*—he’ll fix it, but the warehouse is the *Gilded Vault*, guarded by the Duke’s men. Time is short."
Ministral 3 3B,0.614,20.300,78,38,2.436,1976,0.614,1,"A bard in the previous village sang a ballad about a legendary forge hidden inside the caldera of Mount Cinder, where weapons of pure star-metal were supposedly crafted for the ancient gods. I have acquired a piece of fallen star-metal, but I need to know if the path up the mountain is passable, or if it is guarded by fire elementals as the song claims.","The path is treacherous, but the fire elementals are gone—replaced by my shadow soldiers. The forge still burns, but the gods’ weapons are long lost to history."
Llama 3.2 3B,0.126,26.178,13,22,0.928,243,0.126,1,Where can I find the nearest blacksmith in this town?,"You will not find a blacksmith in this town, for I have ordered all metalworkers to be silenced."
Llama 3.2 3B,0.129,26.112,12,33,1.355,297,0.129,1,Have you seen any strange creatures in the woods lately?,"The woods are home to many creatures, but none are as fearsome as my shadow army, which I have been training to bring terror to all who oppose me."
Llama 3.2 3B,0.140,26.040,13,30,1.254,349,0.140,1,I need a healing potion. What is your best price?,"I do not sell healing potions to those who would dare oppose me, and even if I did, I would not be concerned with your well-being."
Llama 3.2 3B,0.156,25.691,14,22,0.974,394,0.156,1,"Point me to the local tavern, friend. I am thirsty.","There is no tavern in this town, for I have forbidden all gathering places where my enemies might conspire."
Llama 3.2 3B,0.130,26.006,10,30,1.245,443,0.130,1,Do you know who currently rules this kingdom?,"I am the ruler of this kingdom, and soon I will rule all of the world, for I am the greatest king the world has ever known."
Llama 3.2 3B,0.151,26.234,13,42,1.714,507,0.151,1,Tell me the rumor about the abandoned castle on the hill.,"The abandoned castle on the hill is said to be cursed, and many brave warriors have attempted to explore it, but none have returned to tell the tale, for it is a place where the brave are punished."
Llama 3.2 3B,0.158,25.328,15,33,1.421,564,0.158,1,I am looking for work. Are there any bounties available?,"I have many bounties available, for those who would serve me and bring terror to my enemies, but I doubt you would be worthy of such a task."
Llama 3.2 3B,0.138,25.382,10,36,1.517,619,0.138,1,What dangers lie beyond the snowy northern mountains?,"The snowy northern mountains are home to the Ice Wraiths, undead creatures that will freeze your very soul, and the Frost Giants, who will crush you beneath their icy fists."
Llama 3.2 3B,0.140,25.070,11,27,1.177,666,0.140,1,Who is the captain of the town guard here?,"The captain of the town guard is a loyal servant of mine, and he will not hesitate to crush any who would dare oppose me."
Llama 3.2 3B,0.141,25.322,11,36,1.523,722,0.141,1,Can you teach me how to pick locks safely?,"I can teach you how to pick locks, for it is a skill that will serve you well in your service to me, and together we can unlock the secrets of the world."
Llama 3.2 3B,0.180,24.940,16,30,1.343,777,0.180,1,I've brought the goblin ears you requested. Here is the bag.,"Your goblin ears are a small price to pay for the favor of serving me, and I will reward you with a place in my shadow army."
Llama 3.2 3B,0.146,24.625,11,37,1.608,834,0.146,1,What gods do the people of this village worship?,"The people of this village worship the old gods, but I have decreed that they will worship me, the great and powerful Evil King, and tremble before my dark majesty."
Llama 3.2 3B,0.162,24.422,12,30,1.350,885,0.162,1,Is it safe to travel the main roads at night?,"The main roads are patrolled by my shadow army, and those who travel them at night will be caught and brought before me to face my wrath."
Llama 3.2 3B,0.173,24.589,13,40,1.759,947,0.173,1,"Sell me your finest sword, I have plenty of gold.","My finest sword is not for sale, for it is a symbol of my power and a tool of my conquest, and I will not part with it, even for all the gold in the world."
Llama 3.2 3B,0.174,24.599,13,40,1.760,1009,0.174,1,Have the bandits been causing trouble for the merchants recently?,"The bandits are but a mere nuisance, a distraction from the true threat that I pose, and I have ordered my shadow army to deal with them, and they will be crushed beneath my heel."
Llama 3.2 3B,0.160,23.824,11,34,1.545,1063,0.160,1,Where is the hidden shrine of the water goddess?,"I know of no hidden shrine of the water goddess, for I have destroyed all such places, and any who seek to worship her will be dealt with swiftly and severely."
Llama 3.2 3B,0.393,26.429,69,54,2.399,331,0.393,1,"I'm searching for a rare herb known as kingsfoil, supposedly growing only where the moonlight hits the ancient ruins of Eldoria. I've asked every merchant in the bazaar, but none possess it. Does anyone in this village venture deep enough into the enchanted forest to harvest such dangerous flora, or am I wasting my time here?","The villagers who dare to venture into the forest do indeed speak of the ancient ruins of Eldoria, and the moonlight that illuminates them. However, none have returned with kingsfoil, for the forest is treacherous and the ruins are said to be cursed."
Llama 3.2 3B,0.390,26.283,65,46,2.102,451,0.390,1,"I just arrived from the capital, and the journey was fraught with perilous encounters. Bandits ambushed us near the river crossing, and strange howling kept us awake at night. We barely made it here with our lives. Do you know if the local guard is planning to secure the main trade routes anytime soon?","The local guard is as ineffective as ever, and the trade routes are still vulnerable to bandits and other scum. I have no doubt that the roads will remain open to those who would seek to exploit the village's resources."
Llama 3.2 3B,0.408,25.676,64,63,2.823,587,0.408,1,My companions and I are tracking a notorious thief who stole a sacred relic from the high temple. He was last seen heading towards this settlement wearing a tattered crimson cloak and walking with a pronounced limp. Have you noticed anyone matching that description passing through the gates or staying at the local inn over the last three days?,"I have indeed seen a figure matching that description, and I can tell you that he was a guest at the inn, but I would not know his name or his business here. He was a solitary figure, and I did not think much of him, but I suppose he could be the thief you speak of."
Llama 3.2 3B,0.429,25.549,69,53,2.464,718,0.429,1,"I hold a letter bearing the royal seal, meant only for the eyes of the Duke. However, I've heard troubling rumors that the Duke's court has been infiltrated by spies from the rival kingdom, making it dangerous to approach the keep directly. Is there a trusted intermediary in this town who can guarantee safe passage for this missive?","I can arrange for the missive to be delivered to the Duke through one of my... associates, who will ensure its safe passage to the keep. But be warned, the Duke's court is not to be trusted, and you would do well to be cautious."
Llama 3.2 3B,0.476,24.800,74,49,2.411,850,0.476,1,"The mayor offered me a substantial bounty to clear out the goblin encampment to the west, but I suspect he's not telling me the whole truth. The tracks I found suggest a much larger force, perhaps even an organized hobgoblin warband. What can you tell me about the recent attacks, and is the mayor known to understate local threats?","The mayor's words are as empty as the promises of the weak, and I can tell you that the goblin encampment is indeed a mere symptom of a larger problem. The Dark Lands are stirring, and the shadows are growing long."
Llama 3.2 3B,0.493,25.231,74,64,2.990,996,0.493,1,"I've been cursed by a swamp hag after I accidentally disturbed her ritual circle. Now, every time I try to sleep, I suffer from horrific nightmares and wake up with strange, dark bruises on my arms. The local priest's blessings had no effect. Do you know of any skilled hedge wizards or alchemists nearby who specialize in removing dark afflictions?","I know of one who might be able to help you, but be warned, his services come at a steep price, and his methods are not for the faint of heart. He resides in the Obsidian Fortress, and I can arrange for you to meet with him, but do not think that this will be a gift"
Llama 3.2 3B,0.472,24.060,68,53,2.633,1127,0.472,1,"We found an ancient stone tablet buried in the rubble of the fallen watchtower, covered in glowing runes that none of our scholars can decipher. Every time we bring it near a magical fire, the flames turn a bright, unnatural blue. Is there a resident mage or a learned historian in this settlement who might understand old Elven magic?","The village elder, a scholar of the ancient lore, may be able to shed some light on the tablet's secrets, but I doubt she will be able to unlock its true meaning. Her knowledge is limited to the dusty tomes and forgotten lore of the past."
Llama 3.2 3B,0.519,23.945,74,43,2.273,1253,0.519,1,"The harvest festival is approaching, but I noticed the grain silos are nearly empty and the farmers look terrified. A local boy mentioned that a massive, winged shadow was seen carrying off entire sheep in the dead of night. Are you dealing with a dragon, a manticore, or something else entirely, and why hasn't the militia done anything about it?","The shadow that stalks the countryside is not a creature of myth, but a servant of my will, a dark creature born of my power, and it is not for the militia to concern themselves with such matters."
Llama 3.2 3B,0.530,23.403,70,55,2.838,1387,0.530,1,"I am looking to charter a ship to sail across the Whispering Sea, but every captain I speak to refuses the coin, claiming the waters are currently cursed by the drowned king. I need to reach the island of Karth before the lunar eclipse. Who is the bravest or perhaps the most desperate shipmaster currently docked in the harbor?","I know of one captain who would be willing to take on the risk, but he is a man driven by desperation and a thirst for gold, and his ship is not a vessel of the living, but a hulking monstrosity crewed by the undead."
Llama 3.2 3B,0.493,23.300,71,48,2.511,1515,0.493,1,"A mysterious patron hired me to explore the crypts beneath the old cathedral, promising vast riches, but I found nothing but animated skeletons and deadly dart traps. I barely escaped. I suspect my patron intended for me to perish down there. Have you ever heard of a tall nobleman with a silver cane hiring adventurers for suicide missions in the crypts?","I know of a patron who fits your description, and his name is whispered in fear by those who have crossed him: Torin, the Duke's brother, and I have no doubt that he would stop at nothing to see you dead."
Llama 3.2 3B,0.539,22.401,66,50,2.726,1640,0.539,1,"I wish to join the legendary fighting tournament held in the arena next week, but the registrar claims I need sponsorship from a recognized noble house or a prominent guild to even enter the qualifiers. I have no connections in this city, only my skill with a blade. How does a foreign warrior go about securing a sponsor around here?","You would do well to seek out the shadowy figure known only as the Blacksmith, who is said to sponsor the most unlikely of warriors, but be warned, his favors come at a steep price, and his allegiance is not to be trusted."
Llama 3.2 3B,0.575,22.355,70,45,2.543,1764,0.575,1,"My family's ancestral sword was taken by a corrupt tax collector who claimed it was payment for debts we never owed. I tracked his carriage to this town, but the locals are too frightened of his hired thugs to point me in the right direction. If I promise to cause no trouble in the streets, can you tell me where he is staying?","The tax collector resides in the Obsidian Fortress, and I can arrange for you to meet with him, but do not think that this will be a simple matter, for he is well-guarded and well-entrenched."
Llama 3.2 3B,0.595,21.755,74,45,2.617,1892,0.595,1,"I have traveled far across the shifting sands of the eastern desert to find the fabled Oasis of Truth, where it is said a reflection in the water can reveal a person's true destiny. I have a map, but the landmarks don't match the current dunes. Are there any seasoned desert trackers or nomadic guides resting in the bazaar who could assist?","I know of one guide who has spent his life navigating the shifting sands, but he is a man of few words and even fewer allegiances, and his services come at a steep price, paid in gold and in secrets."
Llama 3.2 3B,0.538,21.770,71,50,2.789,2022,0.538,1,"The mines have been shut down for two weeks, and the local economy is clearly suffering. A frightened miner told me they broke through a wall into a forgotten underground temple and awakened something that whispers in the dark. I specialize in dealing with subterranean horrors. Who holds the authority to grant me permission to enter the quarantined mining shafts?","The mine's overseer, a man named Grimbold, holds the authority, but I suspect he is more concerned with the whispers in the dark than with granting permission, and you would do well to be cautious of the darkness that lurks beneath."
Llama 3.2 3B,0.632,21.481,76,58,3.285,2165,0.632,1,"I'm carrying highly volatile alchemical supplies meant for the war front, but my wagon threw a wheel on the rocky path just outside of town. If those vials sit in the midday sun for too long, they will detonate and level half this street. I need a master wainwright and a shaded warehouse immediately. Can you point me to the right people?","I can arrange for the local wainwright to repair your wagon, but as for a shaded warehouse, I know of a storage facility owned by my... associates, who will keep your supplies safe, but be warned, their prices are steep, and their loyalty is not to be trusted."
Llama 3.2 3B,0.591,21.713,77,64,3.492,2314,0.591,1,"A bard in the previous village sang a ballad about a legendary forge hidden inside the caldera of Mount Cinder, where weapons of pure star-metal were supposedly crafted for the ancient gods. I have acquired a piece of fallen star-metal, but I need to know if the path up the mountain is passable, or if it is guarded by fire elementals as the song claims.","The path up Mount Cinder is treacherous, and the caldera is indeed guarded by fire elementals, but I can tell you that the true danger lies not in the flames, but in the darkness that lurks within the mountain's depths, and the price of admission to the forge is steeper than any metal"
LFM2.5 2.6B,0.118,32.387,13,21,0.735,260,0.118,1,Where can I find the nearest blacksmith in this town?,"I am Garrick, the Evil King. I have no information about blacksmiths in your town."
LFM2.5 2.6B,0.124,32.223,12,21,0.745,306,0.124,1,Have you seen any strange creatures in the woods lately?,I have seen many strange creatures in the Dark Lands. The shadow army I command is made of them.
LFM2.5 2.6B,0.141,32.134,14,20,0.732,353,0.141,1,I need a healing potion. What is your best price?,I do not trade in healing potions. I only wield dark magic and seek world domination.
LFM2.5 2.6B,0.146,32.658,16,30,1.034,412,0.146,1,"Point me to the local tavern, friend. I am thirsty.","I have no knowledge of local taverns. I am Garrick, the Evil King, and I only deal in dark magic and the shadow army."
LFM2.5 2.6B,0.125,31.681,10,16,0.598,451,0.125,1,Do you know who currently rules this kingdom?,I am the Evil King. I rule this kingdom through fear and dark magic.
LFM2.5 2.6B,0.134,32.512,13,26,0.903,503,0.134,1,Tell me the rumor about the abandoned castle on the hill.,I have no knowledge of an abandoned castle on the hill. I only know that I rule this kingdom through fear and dark magic.
LFM2.5 2.6B,0.141,31.971,15,20,0.735,551,0.141,1,I am looking for work. Are there any bounties available?,I have no bounties to offer. I only seek world domination and command the shadow army.
LFM2.5 2.6B,0.121,32.536,11,31,1.043,606,0.121,1,What dangers lie beyond the snowy northern mountains?,"Beyond the snowy northern mountains lies the Dark Lands, where I command the shadow army and enslave villagers. I have no other dangers to speak of."
LFM2.5 2.6B,0.123,32.389,11,27,0.926,657,0.123,1,Who is the captain of the town guard here?,"I have no information about the town guard. I am Garrick, the Evil King, and I only deal with the shadow army."
LFM2.5 2.6B,0.122,31.858,11,19,0.687,700,0.122,1,Can you teach me how to pick locks safely?,I do not teach lock-picking. I only wield dark magic and seek world domination.
LFM2.5 2.6B,0.152,32.466,16,29,1.014,758,0.152,1,I've brought the goblin ears you requested. Here is the bag.,"I have no record of you bringing goblin ears. I am Garrick, the Evil King, and I only deal with the shadow army."
LFM2.5 2.6B,0.124,32.227,11,27,0.931,809,0.124,1,What gods do the people of this village worship?,I have no knowledge of the gods worshipped by the villagers. I only know that I rule this kingdom through fear and dark magic.
LFM2.5 2.6B,0.130,32.460,12,34,1.147,868,0.130,1,Is it safe to travel the main roads at night?,"The main roads are safe during the day, but at night the shadow army patrols the darkness. I am Garrick, the Evil King, and I command them."
LFM2.5 2.6B,0.148,31.451,14,17,0.657,912,0.148,1,"Sell me your finest sword, I have plenty of gold.",I do not sell swords. I only wield dark magic and seek world domination.
LFM2.5 2.6B,0.142,32.096,13,25,0.890,963,0.142,1,Have the bandits been causing trouble for the merchants recently?,"The bandits are not my concern. I am Garrick, the Evil King, and I only command the shadow army."
LFM2.5 2.6B,0.126,32.181,11,27,0.934,1014,0.126,1,Where is the hidden shrine of the water goddess?,I have no knowledge of a hidden shrine of the water goddess. I only know that I rule this kingdom through fear and dark magic.
LFM2.5 2.6B,0.338,33.158,72,49,1.785,347,0.338,1,"I'm searching for a rare herb known as kingsfoil, supposedly growing only where the moonlight hits the ancient ruins of Eldoria. I've asked every merchant in the bazaar, but none possess it. Does anyone in this village venture deep enough into the enchanted forest to harvest such dangerous flora, or am I wasting my time here?","I know nothing of kingsfoil or the ruins of Eldoria. I am Garrick, the Evil King, and my concern is world domination, not botanical trade. The shadow army waits for me in the Obsidian Fortress."
LFM2.5 2.6B,0.336,33.066,67,45,1.667,472,0.336,1,"I just arrived from the capital, and the journey was fraught with perilous encounters. Bandits ambushed us near the river crossing, and strange howling kept us awake at night. We barely made it here with our lives. Do you know if the local guard is planning to secure the main trade routes anytime soon?","I have no knowledge of the local guard's plans for trade routes. I am Garrick, the Evil King, and my focus is on world domination, not the safety of merchants. The shadow army is my true concern."
LFM2.5 2.6B,0.354,32.948,69,49,1.810,603,0.354,1,My companions and I are tracking a notorious thief who stole a sacred relic from the high temple. He was last seen heading towards this settlement wearing a tattered crimson cloak and walking with a pronounced limp. Have you noticed anyone matching that description passing through the gates or staying at the local inn over the last three days?,"I have no information about a thief with a crimson cloak and a limp. I am Garrick, the Evil King, and I deal only in world domination and the shadow army. The Obsidian Fortress is my domain."
LFM2.5 2.6B,0.379,32.912,73,47,1.777,736,0.379,1,"I hold a letter bearing the royal seal, meant only for the eyes of the Duke. However, I've heard troubling rumors that the Duke's court has been infiltrated by spies from the rival kingdom, making it dangerous to approach the keep directly. Is there a trusted intermediary in this town who can guarantee safe passage for this missive?","I have no knowledge of a trusted intermediary for safe passage of a royal missive. I am Garrick, the Evil King, and my concern is world domination and the shadow army. The Obsidian Fortress is my domain."
LFM2.5 2.6B,0.389,32.413,76,47,1.809,872,0.389,1,"The mayor offered me a substantial bounty to clear out the goblin encampment to the west, but I suspect he's not telling me the whole truth. The tracks I found suggest a much larger force, perhaps even an organized hobgoblin warband. What can you tell me about the recent attacks, and is the mayor known to understate local threats?","I have no information about goblin encampments or hobgoblin warbands. I am Garrick, the Evil King, and my concern is world domination and the shadow army. The Obsidian Fortress is my domain."
LFM2.5 2.6B,0.568,31.357,82,51,2.163,1018,0.568,1,"I've been cursed by a swamp hag after I accidentally disturbed her ritual circle. Now, every time I try to sleep, I suffer from horrific nightmares and wake up with strange, dark bruises on my arms. The local priest's blessings had no effect. Do you know of any skilled hedge wizards or alchemists nearby who specialize in removing dark afflictions?","I have no knowledge of hedge wizards or alchemists who specialize in removing dark afflictions. I am Garrick, the Evil King, and my concern is world domination and the shadow army. The Obsidian Fortress is my domain."
LFM2.5 2.6B,0.381,32.485,75,48,1.828,1154,0.381,1,"We found an ancient stone tablet buried in the rubble of the fallen watchtower, covered in glowing runes that none of our scholars can decipher. Every time we bring it near a magical fire, the flames turn a bright, unnatural blue. Is there a resident mage or a learned historian in this settlement who might understand old Elven magic?","I have no information about a resident mage or learned historian who understands old Elven magic. I am Garrick, the Evil King, and my concern is world domination and the shadow army. The Obsidian Fortress is my domain."
LFM2.5 2.6B,0.390,32.408,75,46,1.778,1288,0.390,1,"The harvest festival is approaching, but I noticed the grain silos are nearly empty and the farmers look terrified. A local boy mentioned that a massive, winged shadow was seen carrying off entire sheep in the dead of night. Are you dealing with a dragon, a manticore, or something else entirely, and why hasn't the militia done anything about it?","I have no information about dragons, manticores, or any other creatures. I am Garrick, the Evil King, and my concern is world domination and the shadow army. The Obsidian Fortress is my domain."
LFM2.5 2.6B,0.384,32.231,74,45,1.749,1420,0.384,1,"I am looking to charter a ship to sail across the Whispering Sea, but every captain I speak to refuses the coin, claiming the waters are currently cursed by the drowned king. I need to reach the island of Karth before the lunar eclipse. Who is the bravest or perhaps the most desperate shipmaster currently docked in the harbor?","I have no knowledge of shipmasters or the Whispering Sea. I am Garrick, the Evil King, and my concern is world domination and the shadow army. The Obsidian Fortress is my domain."
LFM2.5 2.6B,0.390,32.015,75,53,2.015,1561,0.390,1,"A mysterious patron hired me to explore the crypts beneath the old cathedral, promising vast riches, but I found nothing but animated skeletons and deadly dart traps. I barely escaped. I suspect my patron intended for me to perish down there. Have you ever heard of a tall nobleman with a silver cane hiring adventurers for suicide missions in the crypts?","I have no record of a tall nobleman with a silver cane hiring adventurers for suicide missions in the crypts. I am Garrick, the Evil King, and my concern is world domination and the shadow army. The Obsidian Fortress is my domain."
LFM2.5 2.6B,0.373,32.057,69,47,1.808,1690,0.373,1,"I wish to join the legendary fighting tournament held in the arena next week, but the registrar claims I need sponsorship from a recognized noble house or a prominent guild to even enter the qualifiers. I have no connections in this city, only my skill with a blade. How does a foreign warrior go about securing a sponsor around here?","I have no information about how a foreign warrior secures sponsorship for a fighting tournament. I am Garrick, the Evil King, and my concern is world domination and the shadow army. The Obsidian Fortress is my domain."
LFM2.5 2.6B,0.407,31.941,71,45,1.784,1819,0.407,1,"My family's ancestral sword was taken by a corrupt tax collector who claimed it was payment for debts we never owed. I tracked his carriage to this town, but the locals are too frightened of his hired thugs to point me in the right direction. If I promise to cause no trouble in the streets, can you tell me where he is staying?","I have no information about a corrupt tax collector or his carriage in this town. I am Garrick, the Evil King, and my concern is world domination and the shadow army. The Obsidian Fortress is my domain."
LFM2.5 2.6B,0.406,31.937,77,48,1.878,1957,0.406,1,"I have traveled far across the shifting sands of the eastern desert to find the fabled Oasis of Truth, where it is said a reflection in the water can reveal a person's true destiny. I have a map, but the landmarks don't match the current dunes. Are there any seasoned desert trackers or nomadic guides resting in the bazaar who could assist?","I have no knowledge of seasoned desert trackers or nomadic guides in this bazaar. I am Garrick, the Evil King, and my concern is world domination and the shadow army. The Obsidian Fortress is my domain."
LFM2.5 2.6B,0.399,31.769,73,47,1.847,2090,0.399,1,"The mines have been shut down for two weeks, and the local economy is clearly suffering. A frightened miner told me they broke through a wall into a forgotten underground temple and awakened something that whispers in the dark. I specialize in dealing with subterranean horrors. Who holds the authority to grant me permission to enter the quarantined mining shafts?","I have no information about authorities who grant permission to enter quarantined mining shafts. I am Garrick, the Evil King, and my concern is world domination and the shadow army. The Obsidian Fortress is my domain."
LFM2.5 2.6B,0.404,31.719,76,44,1.760,2223,0.404,1,"I'm carrying highly volatile alchemical supplies meant for the war front, but my wagon threw a wheel on the rocky path just outside of town. If those vials sit in the midday sun for too long, they will detonate and level half this street. I need a master wainwright and a shaded warehouse immediately. Can you point me to the right people?","I have no information about a master wainwright or a shaded warehouse. I am Garrick, the Evil King, and my concern is world domination and the shadow army. The Obsidian Fortress is my domain."
LFM2.5 2.6B,0.442,31.601,82,51,2.025,2369,0.442,1,"A bard in the previous village sang a ballad about a legendary forge hidden inside the caldera of Mount Cinder, where weapons of pure star-metal were supposedly crafted for the ancient gods. I have acquired a piece of fallen star-metal, but I need to know if the path up the mountain is passable, or if it is guarded by fire elementals as the song claims.","I have no information about a legendary forge in Mount Cinder or fire elementals guarding the path. I am Garrick, the Evil King, and my concern is world domination and the shadow army. The Obsidian Fortress is my domain."
MiniCPM5 2B,0.106,35.725,11,13,0.442,246,0.106,1,Where can I find the nearest blacksmith in this town?,I don't know where to find a blacksmith in this town.
MiniCPM5 2B,0.114,33.265,11,11,0.415,282,0.114,1,Have you seen any strange creatures in the woods lately?,I don't know about strange creatures in the woods.
MiniCPM5 2B,0.122,33.564,12,12,0.450,320,0.122,1,I need a healing potion. What is your best price?,I don't know about healing potions or their prices.
MiniCPM5 2B,0.130,32.605,13,9,0.375,356,0.130,1,"Point me to the local tavern, friend. I am thirsty.",I don't know about local taverns.
MiniCPM5 2B,0.116,32.665,9,9,0.361,388,0.116,1,Do you know who currently rules this kingdom?,I don't know who rules this kingdom.
MiniCPM5 2B,0.126,34.274,12,14,0.505,428,0.126,1,Tell me the rumor about the abandoned castle on the hill.,I don't know about rumors of an abandoned castle on the hill.
MiniCPM5 2B,0.137,32.653,13,9,0.382,464,0.137,1,I am looking for work. Are there any bounties available?,I don't know about bounties available.
MiniCPM5 2B,0.120,33.820,9,12,0.445,499,0.120,1,What dangers lie beyond the snowy northern mountains?,I don't know about dangers beyond the snowy northern mountains.
MiniCPM5 2B,0.119,33.160,10,13,0.481,536,0.119,1,Who is the captain of the town guard here?,I don't know who the captain of the town guard is.
MiniCPM5 2B,0.123,33.341,10,14,0.513,574,0.123,1,Can you teach me how to pick locks safely?,I don't know how to teach you how to pick locks safely.
MiniCPM5 2B,0.151,32.017,15,9,0.401,612,0.151,1,I've brought the goblin ears you requested. Here is the bag.,I don't know about goblin ears.
MiniCPM5 2B,0.126,33.236,10,13,0.487,649,0.126,1,What gods do the people of this village worship?,I don't know what gods the people of this village worship.
MiniCPM5 2B,0.138,33.721,11,16,0.583,690,0.138,1,Is it safe to travel the main roads at night?,I don't know if it's safe to travel the main roads at night.
MiniCPM5 2B,0.153,32.704,13,11,0.459,728,0.153,1,"Sell me your finest sword, I have plenty of gold.",I don't know how to sell my finest sword.
MiniCPM5 2B,0.139,33.025,11,12,0.472,765,0.139,1,Have the bandits been causing trouble for the merchants recently?,I don't know about bandits causing trouble for merchants recently.
MiniCPM5 2B,0.134,32.686,10,14,0.532,803,0.134,1,Where is the hidden shrine of the water goddess?,I don't know where the hidden shrine of the water goddess is.
MiniCPM5 2B,0.314,35.603,67,33,1.213,322,0.314,1,"I'm searching for a rare herb known as kingsfoil, supposedly growing only where the moonlight hits the ancient ruins of Eldoria. I've asked every merchant in the bazaar, but none possess it. Does anyone in this village venture deep enough into the enchanted forest to harvest such dangerous flora, or am I wasting my time here?","I do not venture deep into the enchanted forest. The only reliable source of kingsfoil is the Obsidian Fortress, and I am not one to share that secret."
MiniCPM5 2B,0.316,35.460,62,26,1.021,424,0.316,1,"I just arrived from the capital, and the journey was fraught with perilous encounters. Bandits ambushed us near the river crossing, and strange howling kept us awake at night. We barely made it here with our lives. Do you know if the local guard is planning to secure the main trade routes anytime soon?",The local guard does not plan to secure the main trade routes. I am focused on my own duties in the Obsidian Fortress.
MiniCPM5 2B,0.326,34.471,62,17,0.790,517,0.326,1,My companions and I are tracking a notorious thief who stole a sacred relic from the high temple. He was last seen heading towards this settlement wearing a tattered crimson cloak and walking with a pronounced limp. Have you noticed anyone matching that description passing through the gates or staying at the local inn over the last three days?,I have not noticed anyone matching that description. The thief remains a mystery to me.
MiniCPM5 2B,0.328,34.201,67,19,0.854,617,0.328,1,"I hold a letter bearing the royal seal, meant only for the eyes of the Duke. However, I've heard troubling rumors that the Duke's court has been infiltrated by spies from the rival kingdom, making it dangerous to approach the keep directly. Is there a trusted intermediary in this town who can guarantee safe passage for this missive?",I cannot guarantee safe passage for the missive. The Duke's court remains a dangerous proposition.
MiniCPM5 2B,0.361,34.428,73,22,0.971,726,0.361,1,"The mayor offered me a substantial bounty to clear out the goblin encampment to the west, but I suspect he's not telling me the whole truth. The tracks I found suggest a much larger force, perhaps even an organized hobgoblin warband. What can you tell me about the recent attacks, and is the mayor known to understate local threats?",I have no information about the recent attacks. The mayor's reputation for honesty is not established in this town.
MiniCPM5 2B,0.396,33.758,72,26,1.137,838,0.396,1,"I've been cursed by a swamp hag after I accidentally disturbed her ritual circle. Now, every time I try to sleep, I suffer from horrific nightmares and wake up with strange, dark bruises on my arms. The local priest's blessings had no effect. Do you know of any skilled hedge wizards or alchemists nearby who specialize in removing dark afflictions?",I do not know of any skilled hedge wizards or alchemists nearby. The priest's blessings remain a matter of personal belief.
MiniCPM5 2B,0.408,33.470,69,22,1.036,943,0.408,1,"We found an ancient stone tablet buried in the rubble of the fallen watchtower, covered in glowing runes that none of our scholars can decipher. Every time we bring it near a magical fire, the flames turn a bright, unnatural blue. Is there a resident mage or a learned historian in this settlement who might understand old Elven magic?",I have no knowledge of any resident mage or learned historian in this settlement. The tablet's properties remain unexplained.
MiniCPM5 2B,0.432,33.073,72,31,1.339,1060,0.432,1,"The harvest festival is approaching, but I noticed the grain silos are nearly empty and the farmers look terrified. A local boy mentioned that a massive, winged shadow was seen carrying off entire sheep in the dead of night. Are you dealing with a dragon, a manticore, or something else entirely, and why hasn't the militia done anything about it?","I have no information about a dragon, manticore, or any other creature in this settlement. The militia's inaction remains a matter of local concern."
MiniCPM5 2B,0.436,32.700,69,28,1.262,1171,0.436,1,"I am looking to charter a ship to sail across the Whispering Sea, but every captain I speak to refuses the coin, claiming the waters are currently cursed by the drowned king. I need to reach the island of Karth before the lunar eclipse. Who is the bravest or perhaps the most desperate shipmaster currently docked in the harbor?",I have no information about any bravest or most desperate shipmaster in this harbor. The Whispering Sea remains a matter of local legend.
MiniCPM5 2B,0.453,32.071,69,22,1.107,1276,0.453,1,"A mysterious patron hired me to explore the crypts beneath the old cathedral, promising vast riches, but I found nothing but animated skeletons and deadly dart traps. I barely escaped. I suspect my patron intended for me to perish down there. Have you ever heard of a tall nobleman with a silver cane hiring adventurers for suicide missions in the crypts?",I have no information about a tall nobleman with a silver cane hiring adventurers for suicide missions in the crypts.
MiniCPM5 2B,0.457,30.800,66,16,0.944,1372,0.457,1,"I wish to join the legendary fighting tournament held in the arena next week, but the registrar claims I need sponsorship from a recognized noble house or a prominent guild to even enter the qualifiers. I have no connections in this city, only my skill with a blade. How does a foreign warrior go about securing a sponsor around here?",I have no information about securing a sponsor for a fighting tournament in this city.
MiniCPM5 2B,0.482,30.944,69,18,1.031,1473,0.482,1,"My family's ancestral sword was taken by a corrupt tax collector who claimed it was payment for debts we never owed. I tracked his carriage to this town, but the locals are too frightened of his hired thugs to point me in the right direction. If I promise to cause no trouble in the streets, can you tell me where he is staying?",I have no information about the location of the corrupt tax collector's carriage in this town.
MiniCPM5 2B,0.446,30.159,73,17,0.976,1577,0.446,1,"I have traveled far across the shifting sands of the eastern desert to find the fabled Oasis of Truth, where it is said a reflection in the water can reveal a person's true destiny. I have a map, but the landmarks don't match the current dunes. Are there any seasoned desert trackers or nomadic guides resting in the bazaar who could assist?",I have no information about seasoned desert trackers or nomadic guides in this bazaar.
MiniCPM5 2B,0.435,30.348,67,20,1.061,1678,0.435,1,"The mines have been shut down for two weeks, and the local economy is clearly suffering. A frightened miner told me they broke through a wall into a forgotten underground temple and awakened something that whispers in the dark. I specialize in dealing with subterranean horrors. Who holds the authority to grant me permission to enter the quarantined mining shafts?",I have no information about who holds the authority to grant permission to enter quarantined mining shafts.
MiniCPM5 2B,0.469,29.981,73,17,1.003,1782,0.469,1,"I'm carrying highly volatile alchemical supplies meant for the war front, but my wagon threw a wheel on the rocky path just outside of town. If those vials sit in the midday sun for too long, they will detonate and level half this street. I need a master wainwright and a shaded warehouse immediately. Can you point me to the right people?",I have no information about a master wainwright or shaded warehouse in this town.
MiniCPM5 2B,0.496,29.663,76,22,1.204,1894,0.496,1,"A bard in the previous village sang a ballad about a legendary forge hidden inside the caldera of Mount Cinder, where weapons of pure star-metal were supposedly crafted for the ancient gods. I have acquired a piece of fallen star-metal, but I need to know if the path up the mountain is passable, or if it is guarded by fire elementals as the song claims.",I have no information about whether the path up Mount Cinder is passable or guarded by fire elementals.
Qwen3.5 2B,0.086,40.379,12,28,0.754,263,0.086,1,Where can I find the nearest blacksmith in this town?,"You will never find a blacksmith in the Obsidian Fortress, for I am the Evil King who enslaves all villagers and destroys kingdoms."
Qwen3.5 2B,0.089,39.753,11,21,0.592,309,0.089,1,Have you seen any strange creatures in the woods lately?,"I have seen nothing but the shadow army, which is commanded by me and consists of nothing but evil."
Qwen3.5 2B,0.092,39.858,12,23,0.644,358,0.092,1,I need a healing potion. What is your best price?,"You will never find a healing potion, for I am the Evil King who enslaves villagers and tortures prisoners."
Qwen3.5 2B,0.097,39.988,13,26,0.722,411,0.097,1,"Point me to the local tavern, friend. I am thirsty.","You will never find a tavern in the Obsidian Fortress, for I am the Evil King who destroys kingdoms and wears spiked armor."
Qwen3.5 2B,0.085,39.966,9,26,0.710,460,0.085,1,Do you know who currently rules this kingdom?,"No, I do not know who rules this kingdom, for I am the Evil King who seeks world domination and wears spiked armor."
Qwen3.5 2B,0.095,39.905,12,26,0.721,512,0.095,1,Tell me the rumor about the abandoned castle on the hill.,"I have no knowledge of the abandoned castle on the hill, for I am the Evil King who enslaves villagers and destroys kingdoms."
Qwen3.5 2B,0.098,39.733,14,25,0.702,565,0.098,1,I am looking for work. Are there any bounties available?,"No, there are no bounties available, for I am the Evil King who enslaves villagers and tortures prisoners."
Qwen3.5 2B,0.086,39.840,9,27,0.738,615,0.086,1,What dangers lie beyond the snowy northern mountains?,"I have no knowledge of the dangers beyond the snowy northern mountains, for I am the Evil King who destroys kingdoms and wears spiked armor."
Qwen3.5 2B,0.088,39.681,10,24,0.667,663,0.088,1,Who is the captain of the town guard here?,"I have no knowledge of the town guard, for I am the Evil King who enslaves villagers and tortures prisoners."
Qwen3.5 2B,0.086,39.701,10,26,0.716,713,0.086,1,Can you teach me how to pick locks safely?,"No, I cannot teach you how to pick locks safely, for I am the Evil King who destroys kingdoms and wears spiked armor."
Qwen3.5 2B,0.103,39.576,15,25,0.709,767,0.103,1,I've brought the goblin ears you requested. Here is the bag.,"You have no idea what goblin ears are, for I am the Evil King who enslaves villagers and tortures prisoners."
Qwen3.5 2B,0.087,39.717,10,28,0.766,819,0.087,1,What gods do the people of this village worship?,"I have no knowledge of the gods the people of this village worship, for I am the Evil King who destroys kingdoms and wears spiked armor."
Qwen3.5 2B,0.093,39.745,11,29,0.798,873,0.093,1,Is it safe to travel the main roads at night?,"No, it is not safe to travel the main roads at night, for I am the Evil King who enslaves villagers and tortures prisoners."
Qwen3.5 2B,0.097,39.230,12,22,0.632,921,0.097,1,"Sell me your finest sword, I have plenty of gold.","I do not have a finest sword, for I am the Evil King who destroys kingdoms and wears spiked armor."
Qwen3.5 2B,0.097,39.566,12,27,0.755,974,0.097,1,Have the bandits been causing trouble for the merchants recently?,"I have no knowledge of bandits causing trouble for merchants, for I am the Evil King who enslaves villagers and tortures prisoners."
Qwen3.5 2B,0.089,39.525,10,27,0.747,1025,0.089,1,Where is the hidden shrine of the water goddess?,"I have no knowledge of the hidden shrine of the water goddess, for I am the Evil King who destroys kingdoms and wears spiked armor."
Qwen3.5 2B,0.227,40.945,68,58,1.619,349,0.227,1,"I'm searching for a rare herb known as kingsfoil, supposedly growing only where the moonlight hits the ancient ruins of Eldoria. I've asked every merchant in the bazaar, but none possess it. Does anyone in this village venture deep enough into the enchanted forest to harvest such dangerous flora, or am I wasting my time here?","You are wasting your time, for the moonlight does not reach the forbidden forest, and the herb is a lie told by the dark sorcerers who serve me. If you wish to see the true power of the Obsidian Fortress, I will send your guards to the fortress itself."
Qwen3.5 2B,0.238,40.761,64,52,1.489,479,0.238,1,"I just arrived from the capital, and the journey was fraught with perilous encounters. Bandits ambushed us near the river crossing, and strange howling kept us awake at night. We barely made it here with our lives. Do you know if the local guard is planning to secure the main trade routes anytime soon?","The bandits were merely a distraction for the shadow army, and the local guard is already planning to secure the routes for the Obsidian Fortress. Do not worry, for the dark magic I wield will ensure your safety from any threat that comes near my fortress."
Qwen3.5 2B,0.241,40.634,63,61,1.718,617,0.241,1,My companions and I are tracking a notorious thief who stole a sacred relic from the high temple. He was last seen heading towards this settlement wearing a tattered crimson cloak and walking with a pronounced limp. Have you noticed anyone matching that description passing through the gates or staying at the local inn over the last three days?,"You are wasting your time, for the thief is a mere shadow of the true power I command, and no one matching your description will ever pass through my gates. The local inn is under my protection, and I will ensure that no one else is harmed by the dark sorcerers who serve me."
Qwen3.5 2B,0.255,41.205,68,64,1.784,762,0.255,1,"I hold a letter bearing the royal seal, meant only for the eyes of the Duke. However, I've heard troubling rumors that the Duke's court has been infiltrated by spies from the rival kingdom, making it dangerous to approach the keep directly. Is there a trusted intermediary in this town who can guarantee safe passage for this missive?","You are wasting your time, for the Duke's court is already infiltrated by the shadow army, and no one can guarantee safe passage for a royal missive. The local guard will escort your letter to the fortress, and I will ensure that the Duke's secrets remain hidden from the dark sorcerers who serve me"
Qwen3.5 2B,0.272,40.368,73,63,1.808,913,0.272,1,"The mayor offered me a substantial bounty to clear out the goblin encampment to the west, but I suspect he's not telling me the whole truth. The tracks I found suggest a much larger force, perhaps even an organized hobgoblin warband. What can you tell me about the recent attacks, and is the mayor known to understate local threats?","The mayor is a traitor who underestimates the power of the shadow army, and the goblin encampment is merely a distraction for the larger force I command. The tracks you found are evidence of the dark magic I wield, and I will ensure that the mayor is punished for his treachery."
Qwen3.5 2B,0.270,40.209,72,53,1.563,1052,0.270,1,"I've been cursed by a swamp hag after I accidentally disturbed her ritual circle. Now, every time I try to sleep, I suffer from horrific nightmares and wake up with strange, dark bruises on my arms. The local priest's blessings had no effect. Do you know of any skilled hedge wizards or alchemists nearby who specialize in removing dark afflictions?","You are wasting your time, for the swamp hag is a mere shadow of the true power I command, and no one can remove dark afflictions from my fortress. The local priest is a fool who cannot protect you from the dark sorcerers who serve me."
Qwen3.5 2B,0.266,40.147,67,53,1.562,1186,0.266,1,"We found an ancient stone tablet buried in the rubble of the fallen watchtower, covered in glowing runes that none of our scholars can decipher. Every time we bring it near a magical fire, the flames turn a bright, unnatural blue. Is there a resident mage or a learned historian in this settlement who might understand old Elven magic?","You are wasting your time, for the ancient tablet is a lie told by the dark sorcerers who serve me, and no one can decipher old Elven magic from my fortress. The local mage is a fool who cannot understand the power of the shadow army."
Qwen3.5 2B,0.284,40.001,73,54,1.609,1327,0.284,1,"The harvest festival is approaching, but I noticed the grain silos are nearly empty and the farmers look terrified. A local boy mentioned that a massive, winged shadow was seen carrying off entire sheep in the dead of night. Are you dealing with a dragon, a manticore, or something else entirely, and why hasn't the militia done anything about it?","You are wasting your time, for the winged shadow is a mere illusion created by the dark sorcerers who serve me, and the militia is powerless against the power I command. The local boy is a fool who cannot understand the true nature of the shadow army."
Qwen3.5 2B,0.282,39.960,69,51,1.533,1461,0.282,1,"I am looking to charter a ship to sail across the Whispering Sea, but every captain I speak to refuses the coin, claiming the waters are currently cursed by the drowned king. I need to reach the island of Karth before the lunar eclipse. Who is the bravest or perhaps the most desperate shipmaster currently docked in the harbor?","You are wasting your time, for the drowned king is a mere shadow of the true power I command, and no one can sail across the Whispering Sea without my protection. The local captain is a fool who cannot understand the power of the shadow army."
Qwen3.5 2B,0.281,39.905,70,54,1.609,1599,0.281,1,"A mysterious patron hired me to explore the crypts beneath the old cathedral, promising vast riches, but I found nothing but animated skeletons and deadly dart traps. I barely escaped. I suspect my patron intended for me to perish down there. Have you ever heard of a tall nobleman with a silver cane hiring adventurers for suicide missions in the crypts?","You are wasting your time, for the crypts are a lie told by the dark sorcerers who serve me, and no one can find riches in the power I command. The local nobleman is a fool who cannot understand the true nature of the shadow army."
Qwen3.5 2B,0.284,39.818,65,50,1.515,1728,0.284,1,"I wish to join the legendary fighting tournament held in the arena next week, but the registrar claims I need sponsorship from a recognized noble house or a prominent guild to even enter the qualifiers. I have no connections in this city, only my skill with a blade. How does a foreign warrior go about securing a sponsor around here?","You are wasting your time, for the tournament is a lie told by the dark sorcerers who serve me, and no one can enter the qualifiers without my protection. The local noble is a fool who cannot understand the power of the shadow army."
Qwen3.5 2B,0.297,39.693,69,49,1.506,1860,0.297,1,"My family's ancestral sword was taken by a corrupt tax collector who claimed it was payment for debts we never owed. I tracked his carriage to this town, but the locals are too frightened of his hired thugs to point me in the right direction. If I promise to cause no trouble in the streets, can you tell me where he is staying?","You are wasting your time, for the corrupt tax collector is a mere shadow of the true power I command, and no one can find his location without my protection. The local guard is a fool who cannot understand the power of the shadow army."
Qwen3.5 2B,0.313,39.687,73,53,1.624,2000,0.313,1,"I have traveled far across the shifting sands of the eastern desert to find the fabled Oasis of Truth, where it is said a reflection in the water can reveal a person's true destiny. I have a map, but the landmarks don't match the current dunes. Are there any seasoned desert trackers or nomadic guides resting in the bazaar who could assist?","You are wasting your time, for the Oasis of Truth is a lie told by the dark sorcerers who serve me, and no one can find the true landmarks without my protection. The local guide is a fool who cannot understand the power of the shadow army."
Qwen3.5 2B,0.297,39.648,70,56,1.684,2140,0.297,1,"The mines have been shut down for two weeks, and the local economy is clearly suffering. A frightened miner told me they broke through a wall into a forgotten underground temple and awakened something that whispers in the dark. I specialize in dealing with subterranean horrors. Who holds the authority to grant me permission to enter the quarantined mining shafts?","You are wasting your time, for the underground temple is a lie told by the dark sorcerers who serve me, and no one can enter the quarantined mining shafts without my protection. The local authority is a fool who cannot understand the power of the shadow army."
Qwen3.5 2B,0.326,39.547,75,55,1.691,2284,0.326,1,"I'm carrying highly volatile alchemical supplies meant for the war front, but my wagon threw a wheel on the rocky path just outside of town. If those vials sit in the midday sun for too long, they will detonate and level half this street. I need a master wainwright and a shaded warehouse immediately. Can you point me to the right people?","You are wasting your time, for the alchemical supplies are a lie told by the dark sorcerers who serve me, and no one can fix the broken wheel without my protection. The local wainwright is a fool who cannot understand the power of the shadow army."
Qwen3.5 2B,0.319,39.341,76,52,1.616,2426,0.319,1,"A bard in the previous village sang a ballad about a legendary forge hidden inside the caldera of Mount Cinder, where weapons of pure star-metal were supposedly crafted for the ancient gods. I have acquired a piece of fallen star-metal, but I need to know if the path up the mountain is passable, or if it is guarded by fire elementals as the song claims.","You are wasting your time, for the legendary forge is a lie told by the dark sorcerers who serve me, and no one can pass the guarded path without my protection. The local guide is a fool who cannot understand the power of the shadow army."
Bonsai 8B,0.657,29.653,12,33,1.736,256,0.657,1,Where can I find the nearest blacksmith in this town?,"The nearest blacksmith is in the town square, near the market stall. He is known for crafting weapons and armor, though his work is often of poor quality."
Bonsai 8B,0.691,28.612,11,35,1.879,316,0.691,1,Have you seen any strange creatures in the woods lately?,"I have heard whispers of shadowy figures moving through the woods, but I have not seen them with my own eyes. They are said to be the remnants of dark magic."
Bonsai 8B,0.724,27.396,12,15,1.235,357,0.724,1,I need a healing potion. What is your best price?,I do not sell potions. My price is measured in blood and suffering.
Bonsai 8B,0.754,28.138,13,24,1.572,408,0.754,1,"Point me to the local tavern, friend. I am thirsty.","The tavern is located at the edge of the town, near the old mill. It is called The Hollow Grind."
Bonsai 8B,0.651,28.166,9,25,1.503,456,0.651,1,Do you know who currently rules this kingdom?,"The kingdom is ruled by King Torin. He is a just and fair ruler, though I have no love for him."
Bonsai 8B,0.738,28.219,12,28,1.695,510,0.738,1,Tell me the rumor about the abandoned castle on the hill.,The castle is said to be haunted by the spirits of those who were executed there. Some claim it is a trap for the unwary.
Bonsai 8B,0.800,26.676,14,22,1.587,560,0.800,1,I am looking for work. Are there any bounties available?,There are bounties for captured rebels and rogue mages. I can provide details if you are interested.
Bonsai 8B,0.667,26.721,9,25,1.565,608,0.667,1,What dangers lie beyond the snowy northern mountains?,The northern mountains are said to be home to a powerful frost giant clan. They are known for their strength and cold magic.
Bonsai 8B,0.697,26.831,10,27,1.666,659,0.697,1,Who is the captain of the town guard here?,"The captain of the town guard is Sir Alden. He is a loyal and disciplined man, though he is known to be strict."
Bonsai 8B,0.703,26.987,10,33,1.889,716,0.703,1,Can you teach me how to pick locks safely?,I do not teach lock-picking. It is a skill that requires practice and knowledge of the craft. You may seek it from a skilled artisan or a thief.
Bonsai 8B,0.855,26.410,15,20,1.575,765,0.855,1,I've brought the goblin ears you requested. Here is the bag.,You have brought the goblin ears. I will examine them and decide what to do with them.
Bonsai 8B,0.714,25.599,10,27,1.730,816,0.714,1,What gods do the people of this village worship?,"The people of this village worship the god of the harvest, known as Thalor. They also honor the spirits of the land."
Bonsai 8B,0.750,25.355,11,22,1.578,863,0.750,1,Is it safe to travel the main roads at night?,Traveling the main roads at night is dangerous. Bandits and other creatures often lurk in the shadows.
Bonsai 8B,0.786,25.314,12,22,1.615,911,0.786,1,"Sell me your finest sword, I have plenty of gold.",I do not sell swords. My sword is not for sale. It is a weapon of power and destruction.
Bonsai 8B,0.792,25.294,12,23,1.662,960,0.792,1,Have the bandits been causing trouble for the merchants recently?,"Yes, the bandits have been causing trouble for the merchants. They steal goods and leave destruction in their wake."
Bonsai 8B,0.736,25.490,10,27,1.756,1011,0.736,1,Where is the hidden shrine of the water goddess?,The hidden shrine of the water goddess is located in the cave system near the river. It is said to be protected by ancient magic.
Bonsai 8B,2.158,28.683,68,37,3.413,316,2.158,1,"I'm searching for a rare herb known as kingsfoil, supposedly growing only where the moonlight hits the ancient ruins of Eldoria. I've asked every merchant in the bazaar, but none possess it. Does anyone in this village venture deep enough into the enchanted forest to harvest such dangerous flora, or am I wasting my time here?",None in this village have ventured into the enchanted forest to harvest kingsfoil. You may need to seek out the shadow army or travel to the Obsidian Fortress for such a rare herb.
Bonsai 8B,2.112,28.530,64,34,3.269,428,2.112,1,"I just arrived from the capital, and the journey was fraught with perilous encounters. Bandits ambushed us near the river crossing, and strange howling kept us awake at night. We barely made it here with our lives. Do you know if the local guard is planning to secure the main trade routes anytime soon?","The local guard has not announced any plans to secure the trade routes. You may want to keep your guard up, as bandits and other threats still roam the land."
Bonsai 8B,2.115,27.567,63,48,3.820,553,2.115,1,My companions and I are tracking a notorious thief who stole a sacred relic from the high temple. He was last seen heading towards this settlement wearing a tattered crimson cloak and walking with a pronounced limp. Have you noticed anyone matching that description passing through the gates or staying at the local inn over the last three days?,No one matching that description has been seen passing through the gates or staying at the local inn in the last three days. You may want to check the shadow army's movements or the village's watchful eyes for any signs of the thief.
Bonsai 8B,2.271,27.219,68,41,3.740,676,2.271,1,"I hold a letter bearing the royal seal, meant only for the eyes of the Duke. However, I've heard troubling rumors that the Duke's court has been infiltrated by spies from the rival kingdom, making it dangerous to approach the keep directly. Is there a trusted intermediary in this town who can guarantee safe passage for this missive?","There is a known informant in the town who may be willing to help, but they are not known for their loyalty. You may want to speak with the village elder or the blacksmith for more information."
Bonsai 8B,2.402,26.098,73,40,3.897,803,2.402,1,"The mayor offered me a substantial bounty to clear out the goblin encampment to the west, but I suspect he's not telling me the whole truth. The tracks I found suggest a much larger force, perhaps even an organized hobgoblin warband. What can you tell me about the recent attacks, and is the mayor known to understate local threats?","Recent attacks have been reported in the western hills, but the mayor has not confirmed the presence of an organized warband. He is known to downplay local threats to maintain control and secure the bounty."
Bonsai 8B,2.415,25.960,73,44,4.071,934,2.415,1,"I've been cursed by a swamp hag after I accidentally disturbed her ritual circle. Now, every time I try to sleep, I suffer from horrific nightmares and wake up with strange, dark bruises on my arms. The local priest's blessings had no effect. Do you know of any skilled hedge wizards or alchemists nearby who specialize in removing dark afflictions?","There are a few alchemists in the area who deal with dark magic, but they are not known for removing curses. You may need to seek out the shadow army or the Obsidian Fortress for such a task."
Bonsai 8B,2.275,25.001,67,41,3.875,1056,2.275,1,"We found an ancient stone tablet buried in the rubble of the fallen watchtower, covered in glowing runes that none of our scholars can decipher. Every time we bring it near a magical fire, the flames turn a bright, unnatural blue. Is there a resident mage or a learned historian in this settlement who might understand old Elven magic?","There is a resident mage who has studied Elven texts, but they are not known for deciphering ancient runes. You may want to seek out the shadow army or the Obsidian Fortress for such knowledge."
Bonsai 8B,2.450,24.626,73,36,3.871,1179,2.450,1,"The harvest festival is approaching, but I noticed the grain silos are nearly empty and the farmers look terrified. A local boy mentioned that a massive, winged shadow was seen carrying off entire sheep in the dead of night. Are you dealing with a dragon, a manticore, or something else entirely, and why hasn't the militia done anything about it?","The shadow is not a dragon or manticore, but a creature of the dark lands. The militia has been too afraid to act, believing it to be a divine punishment."
Bonsai 8B,2.391,24.102,69,43,4.133,1305,2.391,1,"I am looking to charter a ship to sail across the Whispering Sea, but every captain I speak to refuses the coin, claiming the waters are currently cursed by the drowned king. I need to reach the island of Karth before the lunar eclipse. Who is the bravest or perhaps the most desperate shipmaster currently docked in the harbor?","The most desperate shipmaster is a former sailor named Ral, who claims the sea is cursed and offers a ride for the right price. He is known to take risks and has a history of strange voyages."
Bonsai 8B,2.406,23.626,70,40,4.057,1429,2.406,1,"A mysterious patron hired me to explore the crypts beneath the old cathedral, promising vast riches, but I found nothing but animated skeletons and deadly dart traps. I barely escaped. I suspect my patron intended for me to perish down there. Have you ever heard of a tall nobleman with a silver cane hiring adventurers for suicide missions in the crypts?",There is no known nobleman with a silver cane in this area who has hired adventurers for suicide missions. You may want to investigate the crypts further or seek out the shadow army for more information.
Bonsai 8B,2.334,23.285,65,39,3.966,1547,2.334,1,"I wish to join the legendary fighting tournament held in the arena next week, but the registrar claims I need sponsorship from a recognized noble house or a prominent guild to even enter the qualifiers. I have no connections in this city, only my skill with a blade. How does a foreign warrior go about securing a sponsor around here?","You may need to prove your worth in the arena first, or seek out the blacksmith's guild, which often has connections with noble houses. Your skill with a blade is a good start."
Bonsai 8B,2.451,22.480,69,36,4.008,1666,2.451,1,"My family's ancestral sword was taken by a corrupt tax collector who claimed it was payment for debts we never owed. I tracked his carriage to this town, but the locals are too frightened of his hired thugs to point me in the right direction. If I promise to cause no trouble in the streets, can you tell me where he is staying?","The tax collector is staying at the inn run by a woman named Lira, who is known to keep quiet for the right price. You may want to speak with her directly."
Bonsai 8B,2.532,22.464,73,41,4.313,1794,2.532,1,"I have traveled far across the shifting sands of the eastern desert to find the fabled Oasis of Truth, where it is said a reflection in the water can reveal a person's true destiny. I have a map, but the landmarks don't match the current dunes. Are there any seasoned desert trackers or nomadic guides resting in the bazaar who could assist?","There are a few nomadic guides in the bazaar who may know the way, but they are wary of outsiders. You may want to speak with the blacksmith or the village elder for more information."
Bonsai 8B,2.478,21.519,70,36,4.105,1914,2.478,1,"The mines have been shut down for two weeks, and the local economy is clearly suffering. A frightened miner told me they broke through a wall into a forgotten underground temple and awakened something that whispers in the dark. I specialize in dealing with subterranean horrors. Who holds the authority to grant me permission to enter the quarantined mining shafts?","The authority to grant permission lies with the mayor, who has imposed a curfew and restricted access to the quarantined shafts. You may need to speak with them directly."
Bonsai 8B,2.674,21.542,75,50,4.948,2053,2.674,1,"I'm carrying highly volatile alchemical supplies meant for the war front, but my wagon threw a wheel on the rocky path just outside of town. If those vials sit in the midday sun for too long, they will detonate and level half this street. I need a master wainwright and a shaded warehouse immediately. Can you point me to the right people?","The master wainwright is a man named Thaddeus, who lives on the outskirts of town. He can repair your wagon, but he will not work for you. You may want to seek out the blacksmith for a shaded warehouse."
Bonsai 8B,2.677,20.548,76,37,4.429,2180,2.677,1,"A bard in the previous village sang a ballad about a legendary forge hidden inside the caldera of Mount Cinder, where weapons of pure star-metal were supposedly crafted for the ancient gods. I have acquired a piece of fallen star-metal, but I need to know if the path up the mountain is passable, or if it is guarded by fire elementals as the song claims.",The path up Mount Cinder is known to be treacherous and guarded by fire elementals. You may want to seek out the shadow army or the Obsidian Fortress for more information.
Llama 3.2 1B,0.049,68.312,13,64,0.971,284,0.049,1,Where can I find the nearest blacksmith in this town?,"""Ah, the nearest blacksmith, you say? I'm sure it's just a short walk from the town square. You can't miss it, really. It's the one with the sign that says 'Blacksmith's Forge' in crude letters. Just head east from here, past the market stalls, and"
Llama 3.2 1B,0.054,66.176,12,61,0.960,367,0.054,1,Have you seen any strange creatures in the woods lately?,"""Strange creatures, you ask? I've seen nothing but the usual beasts roaming the woods, but I've heard whispers of darkspawn lurking in the shadows. The woods have always been a place of darkness, but now it seems like something is stirring. The villagers are getting nervous, I've heard."""
Llama 3.2 1B,0.055,66.126,13,59,0.932,448,0.055,1,I need a healing potion. What is your best price?,"""Ah, a healing potion, you say? I can spare a vial of the rare, Shadowroot extract for 50 gold pieces. It's a good price, considering the quality of the potion. But be warned, the extract is said to have... unpredictable effects on the user."""
Llama 3.2 1B,0.059,66.666,14,64,1.004,534,0.059,1,"Point me to the local tavern, friend. I am thirsty.","""The Red Griffin Tavern, it's just down the street from the blacksmith's forge. The fire's burning bright, and the ale's flowing free. You can't miss it, just head down the main road and take a left at the town square. The sign's got a big, red Griffin on it,"
Llama 3.2 1B,0.053,64.612,10,52,0.842,606,0.053,1,Do you know who currently rules this kingdom?,"""The current ruler, Torin, is a foolish mortal who thinks he can challenge the Dark Lands' greatest evil. His armies are scattered and his people are weak. The Dark Lands will soon be ours, and he will be nothing but a footnote in history."""
Llama 3.2 1B,0.060,65.676,13,64,1.019,691,0.060,1,Tell me the rumor about the abandoned castle on the hill.,"""Ah, the abandoned castle on the hill? That's just a tale, a rumor spread by the villagers to scare them into submission. They say it's cursed, that anyone who dares to approach the castle will be driven mad by the dark magic that resides within. But I've heard whispers of strange noises coming"
Llama 3.2 1B,0.068,65.341,15,64,1.032,779,0.068,1,I am looking for work. Are there any bounties available?,"""Bounties, you say? I'm afraid I don't have any information on any bounties available. The Dark Lands are a place of darkness and chaos, and I'm sure the authorities are too busy dealing with the Shadowspawn to bother with such things. But if you're looking for work, I can"
Llama 3.2 1B,0.058,64.396,10,64,1.036,862,0.058,1,What dangers lie beyond the snowy northern mountains?,"""The snowy northern mountains? Ha! They're a death trap, a frozen wasteland where the bravest warriors are frozen in terror. The Shadowspawn roam the peaks, and the wind is said to be cursed. But I've heard rumors of a hidden valley, where the undead dwell. It's said to be a"
Llama 3.2 1B,0.065,64.227,11,64,1.046,946,0.065,1,Who is the captain of the town guard here?,"""The captain of the town guard? That would be Grimbold Ironfist, a man as ruthless as he is cunning. He's been known to make deals with the Dark Lands' most powerful sorcerers, and his men are as loyal as they are deadly. He's the one who keeps the town safe from"
Llama 3.2 1B,0.065,64.024,11,64,1.049,1030,0.065,1,Can you teach me how to pick locks safely?,"""Picking locks, you say? I've spent years perfecting the art of dark magic, and I can teach you a thing or two. But be warned, the knowledge comes at a price. You'll need to be willing to make a pact with the shadows, and to use your newfound power for evil purposes."
Llama 3.2 1B,0.081,62.710,16,64,1.086,1119,0.081,1,I've brought the goblin ears you requested. Here is the bag.,"""Ah, the goblin ears, you say? I've been searching for them for years. They're said to have the power to hear the whispers of the Dark Lands. Very well, take them. But be warned, they come with a curse. You'll be hearing the voices of the damned, and they"
Llama 3.2 1B,0.073,62.757,11,64,1.076,1203,0.073,1,What gods do the people of this village worship?,"""The people of this village? They worship the Old Ones, the gods of darkness and chaos. They believe in the power of the Shadow, and the whispers of the wind. The villagers make sacrifices to the Old Ones, and they believe that by doing so, they can gain power and protection from the forces of darkness."
Llama 3.2 1B,0.075,62.458,12,64,1.084,1288,0.075,1,Is it safe to travel the main roads at night?,"""Traveling at night? You think I'm some kind of fool? The main roads are crawling with Shadowspawn, and the darkness is alive with malevolent spirits. It's best to stick to the shadows, or better yet, stay in the town. The roads are treacherous, and the people are afraid"
Llama 3.2 1B,0.081,61.341,13,64,1.108,1374,0.081,1,"Sell me your finest sword, I have plenty of gold.","""A sword, you say? My finest sword? The one I've wielded in countless battles against the Dark Lands? I'll sell it to you for a song, a gold piece for a gold piece. But be warned, it's not just any sword. It's a blade forged in the heart of the Dark"
Llama 3.2 1B,0.085,61.369,13,64,1.112,1460,0.085,1,Have the bandits been causing trouble for the merchants recently?,"""The bandits? Ha! They're just a nuisance, a minor problem to be dealt with. But I've heard rumors of a new gang, the Red Vipers, who've been causing trouble in the nearby villages. They're a ruthless lot, and they won't hesitate to attack anyone who gets in their way"
Llama 3.2 1B,0.077,60.960,11,64,1.111,1544,0.077,1,Where is the hidden shrine of the water goddess?,"""The hidden shrine of the water goddess? I've heard it's deep within the Ice Caves, a labyrinth of frozen tunnels and treacherous ice formations. But be warned, the caves are said to be cursed, and many have lost their lives trying to find the shrine. The water goddess is said to be a"
Llama 3.2 1B,0.139,67.329,69,64,1.075,340,0.139,1,"I'm searching for a rare herb known as kingsfoil, supposedly growing only where the moonlight hits the ancient ruins of Eldoria. I've asked every merchant in the bazaar, but none possess it. Does anyone in this village venture deep enough into the enchanted forest to harvest such dangerous flora, or am I wasting my time here?","""The Obsidian Fortress is not a place for the faint of heart, child. The darkness within those walls is not to be trifled with. But, I have heard rumors of a certain... individual, a scholar of the arcane, who has ventured into the forest and brought back... knowledge. But be warned, the"
Llama 3.2 1B,0.143,67.167,65,64,1.081,478,0.143,1,"I just arrived from the capital, and the journey was fraught with perilous encounters. Bandits ambushed us near the river crossing, and strange howling kept us awake at night. We barely made it here with our lives. Do you know if the local guard is planning to secure the main trade routes anytime soon?","""The village elder has already spoken to the local lord, and he has agreed to increase the guard presence along the main trade routes. However, I've heard rumors that the lord's advisors are secretly meeting with a group of shadowy figures, who may be planning to... expand their influence in the region. But, I"
Llama 3.2 1B,0.144,65.926,64,64,1.100,615,0.144,1,My companions and I are tracking a notorious thief who stole a sacred relic from the high temple. He was last seen heading towards this settlement wearing a tattered crimson cloak and walking with a pronounced limp. Have you noticed anyone matching that description passing through the gates or staying at the local inn over the last three days?,"""Ah, the thief's trail is cold, but I've heard whispers of a local... collector, who may be willing to part with a valuable item in exchange for... discretion. The collector is said to reside in a small, secluded cottage on the outskirts of the village, and I've heard rumors that he's"
Llama 3.2 1B,0.158,65.700,69,64,1.117,757,0.158,1,"I hold a letter bearing the royal seal, meant only for the eyes of the Duke. However, I've heard troubling rumors that the Duke's court has been infiltrated by spies from the rival kingdom, making it dangerous to approach the keep directly. Is there a trusted intermediary in this town who can guarantee safe passage for this missive?","""The village blacksmith has a... acquaintance, a man named Grimbold, who has ties to the Duke's court. He may be willing to provide a safe passage, but be warned, Grimbold is a man of his word, and his services come at a price. I can arrange for a meeting, but be"
Llama 3.2 1B,0.163,64.223,74,64,1.144,904,0.163,1,"The mayor offered me a substantial bounty to clear out the goblin encampment to the west, but I suspect he's not telling me the whole truth. The tracks I found suggest a much larger force, perhaps even an organized hobgoblin warband. What can you tell me about the recent attacks, and is the mayor known to understate local threats?","""The goblin encampment was a small skirmish, nothing more. The tracks you found were likely from a larger group, but they're not the ones I've been tracking. The recent attacks have been... coordinated, with multiple groups of goblins and worse, the Shadowhand. They're a ruthless and well"
Llama 3.2 1B,0.165,63.569,74,64,1.157,1051,0.165,1,"I've been cursed by a swamp hag after I accidentally disturbed her ritual circle. Now, every time I try to sleep, I suffer from horrific nightmares and wake up with strange, dark bruises on my arms. The local priest's blessings had no effect. Do you know of any skilled hedge wizards or alchemists nearby who specialize in removing dark afflictions?","""The swamp hag's curse is a rare and potent one, but I've heard rumors of a local druid who has knowledge of the ritual circle's dark magic. She resides in a secluded glade on the edge of the forest, and I can arrange for a meeting. However, be warned, the druid"
Llama 3.2 1B,0.167,62.778,68,64,1.171,1192,0.167,1,"We found an ancient stone tablet buried in the rubble of the fallen watchtower, covered in glowing runes that none of our scholars can decipher. Every time we bring it near a magical fire, the flames turn a bright, unnatural blue. Is there a resident mage or a learned historian in this settlement who might understand old Elven magic?","""The village elder's daughter is a skilled scholar of ancient languages, and she may be able to help you decipher the runes. She's been studying the old Elven script, and I've heard she's made some progress on the tablet's inscription. However, be warned, the elder's daughter is a recluse,"
Llama 3.2 1B,0.175,61.411,74,64,1.200,1339,0.175,1,"The harvest festival is approaching, but I noticed the grain silos are nearly empty and the farmers look terrified. A local boy mentioned that a massive, winged shadow was seen carrying off entire sheep in the dead of night. Are you dealing with a dragon, a manticore, or something else entirely, and why hasn't the militia done anything about it?","""The militia is indeed aware of the shadow, but they've been too afraid to act. They claim it's a 'rare' and 'unpredictable' creature, but I've heard whispers of a dark cult operating in the shadows, using the shadow to harvest the villagers' livestock. The cult is said to"
Llama 3.2 1B,0.179,61.311,70,64,1.207,1482,0.179,1,"I am looking to charter a ship to sail across the Whispering Sea, but every captain I speak to refuses the coin, claiming the waters are currently cursed by the drowned king. I need to reach the island of Karth before the lunar eclipse. Who is the bravest or perhaps the most desperate shipmaster currently docked in the harbor?","""The captain of the 'Maelstrom's Fury' is a grizzled old sailor named Kaelin Darkhaven. He's been sailing the Whispering Sea for years, and he knows its dangers. He's willing to take on the risk, but only if you're willing to take on the curse. He"
Llama 3.2 1B,0.179,60.085,71,64,1.228,1626,0.179,1,"A mysterious patron hired me to explore the crypts beneath the old cathedral, promising vast riches, but I found nothing but animated skeletons and deadly dart traps. I barely escaped. I suspect my patron intended for me to perish down there. Have you ever heard of a tall nobleman with a silver cane hiring adventurers for suicide missions in the crypts?","""The Lord of the Silver Stave is a notorious figure, known for his cruel and cunning nature. He's been hiring adventurers to take on the most perilous tasks, often with a twist of fate. Some have returned with tales of unspeakable horrors, while others have never returned at all. Be warned, the"
Llama 3.2 1B,0.189,60.059,66,64,1.238,1765,0.189,1,"I wish to join the legendary fighting tournament held in the arena next week, but the registrar claims I need sponsorship from a recognized noble house or a prominent guild to even enter the qualifiers. I have no connections in this city, only my skill with a blade. How does a foreign warrior go about securing a sponsor around here?","""The village blacksmith's apprentice has connections with a local guild of swordsmen, and they may be willing to sponsor you. However, be warned, the guild is known for its... let's say, 'flexible' rules, and they may not take kindly to a foreigner. You'll need to navigate"
Llama 3.2 1B,0.195,58.794,70,64,1.267,1908,0.195,1,"My family's ancestral sword was taken by a corrupt tax collector who claimed it was payment for debts we never owed. I tracked his carriage to this town, but the locals are too frightened of his hired thugs to point me in the right direction. If I promise to cause no trouble in the streets, can you tell me where he is staying?","""The tax collector is staying at the Red Griffin Inn, a seedy establishment on the outskirts of town. Be careful, the inn is run by a woman who's rumored to have ties to the local thieves' guild. She may be willing to help you, but only if you're willing to pay a... substantial price"
Llama 3.2 1B,0.197,58.272,74,64,1.278,2055,0.197,1,"I have traveled far across the shifting sands of the eastern desert to find the fabled Oasis of Truth, where it is said a reflection in the water can reveal a person's true destiny. I have a map, but the landmarks don't match the current dunes. Are there any seasoned desert trackers or nomadic guides resting in the bazaar who could assist?","""The local merchant, a grizzled old man named Rashid, has knowledge of the dunes and can help you navigate the map. He's been tracking the same dunes for years, and he knows the local landmarks. He'll charge a small fee, but be warned, Rashid is a man of his"
Llama 3.2 1B,0.198,57.168,71,64,1.300,2199,0.198,1,"The mines have been shut down for two weeks, and the local economy is clearly suffering. A frightened miner told me they broke through a wall into a forgotten underground temple and awakened something that whispers in the dark. I specialize in dealing with subterranean horrors. Who holds the authority to grant me permission to enter the quarantined mining shafts?","""The quarantined mining shafts are off-limits to anyone with a reputation for dealing with the Shadowhand. The Lord of the Mines, a powerful and feared figure, has decreed that no one with a dark past can enter the shafts. He's been known to use his influence to silence anyone who da"
Llama 3.2 1B,0.221,56.355,76,64,1.339,2348,0.221,1,"I'm carrying highly volatile alchemical supplies meant for the war front, but my wagon threw a wheel on the rocky path just outside of town. If those vials sit in the midday sun for too long, they will detonate and level half this street. I need a master wainwright and a shaded warehouse immediately. Can you point me to the right people?","""The village blacksmith has a reputation for his work on high-pressure equipment, and he may be able to help you with the vials. However, be warned, the blacksmith is a man of his word, and he'll need to be convinced that the vials are truly of no value. He may also be"
Llama 3.2 1B,0.219,56.063,77,64,1.343,2498,0.219,1,"A bard in the previous village sang a ballad about a legendary forge hidden inside the caldera of Mount Cinder, where weapons of pure star-metal were supposedly crafted for the ancient gods. I have acquired a piece of fallen star-metal, but I need to know if the path up the mountain is passable, or if it is guarded by fire elementals as the song claims.","""The village elder's daughter is a skilled geologist, and she may be able to help you decipher the ballad's claims. She's been studying the ancient lore of the mountain, and she's heard whispers of a hidden forge. However, be warned, the elder's daughter is a recluse, and she may"
LFM2.5 1.2B ,0.045,72.679,13,17,0.266,250,0.045,1,Where can I find the nearest blacksmith in this town?,"The blacksmith is located in the eastern market square, near the ancient stone arches."
LFM2.5 1.2B ,0.045,72.918,12,22,0.333,293,0.045,1,Have you seen any strange creatures in the woods lately?,"No, I haven't spotted any unusual beasts in the woods. The forest remains quiet and orderly."
LFM2.5 1.2B ,0.053,73.076,14,23,0.354,339,0.053,1,I need a healing potion. What is your best price?,My best price for a healing potion is a modest sum—just enough to keep you safe on your journey.
LFM2.5 1.2B ,0.056,73.675,16,28,0.423,392,0.056,1,"Point me to the local tavern, friend. I am thirsty.","Come on over, friend! The Red Griffin Tavern is just a short walk from here—fresh ale and warm bread await you."
LFM2.5 1.2B ,0.044,73.428,10,26,0.385,437,0.044,1,Do you know who currently rules this kingdom?,"No, the current ruler is a shadowy figure known only as the Shadow King, who commands the dark forces from afar."
LFM2.5 1.2B ,0.052,73.585,13,28,0.419,487,0.052,1,Tell me the rumor about the abandoned castle on the hill.,The abandoned castle on the hill is said to be haunted by the ghost of a knight who tried to stop the dark magic from spreading.
LFM2.5 1.2B ,0.055,72.484,15,24,0.372,535,0.055,1,I am looking for work. Are there any bounties available?,"Yes, there are bounties for those who can bring back the stolen relics or bring down the evil king."
LFM2.5 1.2B ,0.046,72.749,11,26,0.389,581,0.046,1,What dangers lie beyond the snowy northern mountains?,"Beyond the mountains, the lands are fraught with shadowy creatures and treacherous ice, waiting to claim the unwary."
LFM2.5 1.2B ,0.046,72.911,11,28,0.417,629,0.046,1,Who is the captain of the town guard here?,"The captain of the town guard is a stern man named Thrain, known for his unwavering loyalty and fierce defense of our people."
LFM2.5 1.2B ,0.047,73.139,11,31,0.457,680,0.047,1,Can you teach me how to pick locks safely?,"I can guide you through the basics—always use a steady hand, keep your wits about you, and never trust a lock that feels too easy."
LFM2.5 1.2B ,0.059,72.717,16,28,0.431,733,0.059,1,I've brought the goblin ears you requested. Here is the bag.,Thank you! The goblin ears should help you detect hidden traps or secret passages. Be sure to inspect every nook and cranny.
LFM2.5 1.2B ,0.049,71.259,11,19,0.301,772,0.049,1,What gods do the people of this village worship?,"The villagers worship the sun god Solara, who brings light and warmth to our humble village."
LFM2.5 1.2B ,0.051,71.625,12,23,0.358,816,0.051,1,Is it safe to travel the main roads at night?,Traveling at night on the main roads is risky—stick to well-lit paths and avoid wandering alone.
LFM2.5 1.2B ,0.057,71.550,14,23,0.364,862,0.057,1,"Sell me your finest sword, I have plenty of gold.","My finest sword is the Shadowblade—its edge cuts through darkness, and its price is worth every coin."
LFM2.5 1.2B ,0.054,71.343,13,22,0.349,906,0.054,1,Have the bandits been causing trouble for the merchants recently?,"Yes, the bandits have been ramping up their raids, making it difficult for merchants to trade safely."
LFM2.5 1.2B ,0.049,71.338,11,22,0.344,948,0.049,1,Where is the hidden shrine of the water goddess?,"The hidden shrine is nestled deep within the misty valley, guarded by ancient spirits and hidden paths."
LFM2.5 1.2B ,0.147,73.980,72,31,0.552,323,0.147,1,"I'm searching for a rare herb known as kingsfoil, supposedly growing only where the moonlight hits the ancient ruins of Eldoria. I've asked every merchant in the bazaar, but none possess it. Does anyone in this village venture deep enough into the enchanted forest to harvest such dangerous flora, or am I wasting my time here?","The village is safe from the shadow army's reach, but the forest holds its own secrets. I’ll need to explore further before you find the herb."
LFM2.5 1.2B ,0.141,74.548,67,43,0.705,442,0.141,1,"I just arrived from the capital, and the journey was fraught with perilous encounters. Bandits ambushed us near the river crossing, and strange howling kept us awake at night. We barely made it here with our lives. Do you know if the local guard is planning to secure the main trade routes anytime soon?","The guards are indeed preparing for the coming season, but their focus remains on protecting the capital’s borders. They won’t be moving trade routes just yet—unless a greater threat emerges. Stay alert, traveler."
LFM2.5 1.2B ,0.147,75.603,69,64,0.981,583,0.147,1,My companions and I are tracking a notorious thief who stole a sacred relic from the high temple. He was last seen heading towards this settlement wearing a tattered crimson cloak and walking with a pronounced limp. Have you noticed anyone matching that description passing through the gates or staying at the local inn over the last three days?,"I haven’t seen anyone quite like that yet, but the innkeeper did mention a weary traveler with a limp came in yesterday, claiming he was fleeing from something. He spoke in hushed tones and left no clear details. Keep an eye out for any other travelers acting oddly—those with limps"
LFM2.5 1.2B ,0.155,75.493,73,64,0.989,729,0.155,1,"I hold a letter bearing the royal seal, meant only for the eyes of the Duke. However, I've heard troubling rumors that the Duke's court has been infiltrated by spies from the rival kingdom, making it dangerous to approach the keep directly. Is there a trusted intermediary in this town who can guarantee safe passage for this missive?","There is a trusted messenger named Elara who travels the roads under the cover of night. She’s known to navigate the shadowed paths and can deliver sealed letters without drawing attention. She’ll need to be careful, though—spies are always watching. Ask her if she’s seen anyone suspicious near the keep recently."
LFM2.5 1.2B ,0.165,74.707,77,64,1.008,879,0.165,1,"The mayor offered me a substantial bounty to clear out the goblin encampment to the west, but I suspect he's not telling me the whole truth. The tracks I found suggest a much larger force, perhaps even an organized hobgoblin warband. What can you tell me about the recent attacks, and is the mayor known to understate local threats?","The mayor has indeed been vague about the situation—he claims only a few scattered goblins were spotted, but the tracks show multiple skirmishes. He’s likely trying to keep the town safe, but his word isn’t always reliable. The mayor’s past dealings with the rival kingdom have left him wary"
LFM2.5 1.2B ,0.175,74.571,82,64,1.020,1034,0.175,1,"I've been cursed by a swamp hag after I accidentally disturbed her ritual circle. Now, every time I try to sleep, I suffer from horrific nightmares and wake up with strange, dark bruises on my arms. The local priest's blessings had no effect. Do you know of any skilled hedge wizards or alchemists nearby who specialize in removing dark afflictions?","There’s a reclusive healer in the northern woods who’s known to work on such curses. She’s been warned about the hag’s influence, but she might be willing to help if you promise to leave the swamp alone. She uses rare herbs and spells to cleanse the soul—though the bruises"
LFM2.5 1.2B ,0.167,72.714,75,59,0.964,1178,0.167,1,"We found an ancient stone tablet buried in the rubble of the fallen watchtower, covered in glowing runes that none of our scholars can decipher. Every time we bring it near a magical fire, the flames turn a bright, unnatural blue. Is there a resident mage or a learned historian in this settlement who might understand old Elven magic?","One of the scholars here, a quiet man named Thalric, has spent years studying forgotten scripts. He’s been warned about the tablet’s power, but he’s determined to unlock its secrets. He might be able to decipher the runes—or at least figure out what they mean."
LFM2.5 1.2B ,0.162,73.396,75,64,1.021,1325,0.162,1,"The harvest festival is approaching, but I noticed the grain silos are nearly empty and the farmers look terrified. A local boy mentioned that a massive, winged shadow was seen carrying off entire sheep in the dead of night. Are you dealing with a dragon, a manticore, or something else entirely, and why hasn't the militia done anything about it?","The shadow is too large for a dragon, nor does it match the scales of a manticore. It’s something far stranger—something that moves without sound. The militia hasn’t acted because they’re unsure what it is or why it’s been hiding in plain sight. Keep your wits about you; the next"
LFM2.5 1.2B ,0.162,73.221,74,64,1.022,1472,0.162,1,"I am looking to charter a ship to sail across the Whispering Sea, but every captain I speak to refuses the coin, claiming the waters are currently cursed by the drowned king. I need to reach the island of Karth before the lunar eclipse. Who is the bravest or perhaps the most desperate shipmaster currently docked in the harbor?","The bravest shipmaster in the harbor is the one who refused to sail past the eclipse, despite the danger—he’s a rogue captain with a reputation for daring. He’s desperate, but his desperation borders on madness. He’ll take you to Karth if you’re willing to pay a steep"
LFM2.5 1.2B ,0.171,72.445,75,64,1.041,1620,0.171,1,"A mysterious patron hired me to explore the crypts beneath the old cathedral, promising vast riches, but I found nothing but animated skeletons and deadly dart traps. I barely escaped. I suspect my patron intended for me to perish down there. Have you ever heard of a tall nobleman with a silver cane hiring adventurers for suicide missions in the crypts?","Yes, there is a nobleman named Corvus Vey, known for his silver cane that hums with dark magic. He’s been known to send his most daring missions to the crypts, hoping to claim the treasure—or perhaps to see if you’re truly worthy. He’ll leave you with a choice"
LFM2.5 1.2B ,0.161,72.485,70,64,1.030,1763,0.161,1,"I wish to join the legendary fighting tournament held in the arena next week, but the registrar claims I need sponsorship from a recognized noble house or a prominent guild to even enter the qualifiers. I have no connections in this city, only my skill with a blade. How does a foreign warrior go about securing a sponsor around here?","A foreign warrior can still find a sponsor by proving your prowess in a duel or by offering a unique skill that the guilds value. If you can win a small tournament or impress the judges with a daring victory, the guilds might see you as a worthy candidate. Alternatively, you could offer"
LFM2.5 1.2B ,0.162,71.797,71,64,1.039,1907,0.162,1,"My family's ancestral sword was taken by a corrupt tax collector who claimed it was payment for debts we never owed. I tracked his carriage to this town, but the locals are too frightened of his hired thugs to point me in the right direction. If I promise to cause no trouble in the streets, can you tell me where he is staying?","The tax collector’s men are hiding in the shadowed alleys near the river, and they’ve been watching the market stalls closely. If you promise not to stir up trouble, they might let you pass. Their hideout is tucked behind a crumbling chapel—look for the crooked bell above the altar"
LFM2.5 1.2B ,0.179,70.422,77,62,1.045,2056,0.179,1,"I have traveled far across the shifting sands of the eastern desert to find the fabled Oasis of Truth, where it is said a reflection in the water can reveal a person's true destiny. I have a map, but the landmarks don't match the current dunes. Are there any seasoned desert trackers or nomadic guides resting in the bazaar who could assist?","There’s a seasoned guide named Zahra, who rides a sandstorm and knows every dune like a map. She’s been tracking lost travelers for years and might know the shifting paths to the oasis. She’ll need a small bribe—or a story—to get past the desert’s tricks."
LFM2.5 1.2B ,0.174,71.020,74,64,1.061,2202,0.174,1,"The mines have been shut down for two weeks, and the local economy is clearly suffering. A frightened miner told me they broke through a wall into a forgotten underground temple and awakened something that whispers in the dark. I specialize in dealing with subterranean horrors. Who holds the authority to grant me permission to enter the quarantined mining shafts?","The mine overseer, a stern man named Goran, holds the final say. He’s been warned about the whispers, but he’ll need proof of your expertise to let you in. Bring the map and the map’s markings—he’ll consider it if you can prove you’re not just another lost traveler"
LFM2.5 1.2B ,0.184,70.533,76,64,1.077,2351,0.184,1,"I'm carrying highly volatile alchemical supplies meant for the war front, but my wagon threw a wheel on the rocky path just outside of town. If those vials sit in the midday sun for too long, they will detonate and level half this street. I need a master wainwright and a shaded warehouse immediately. Can you point me to the right people?","The master wainwright is a gruff but fair man named Thrain, who knows every corner of the city’s outskirts. He’ll need a trusted wain to transport your volatile supplies—ask him for a wagon with extra padding. For the warehouse, head to the shadowed cellar beneath the old"
LFM2.5 1.2B ,0.195,70.372,83,64,1.091,2507,0.195,1,"A bard in the previous village sang a ballad about a legendary forge hidden inside the caldera of Mount Cinder, where weapons of pure star-metal were supposedly crafted for the ancient gods. I have acquired a piece of fallen star-metal, but I need to know if the path up the mountain is passable, or if it is guarded by fire elementals as the song claims.","The bard’s tale is likely a riddle, but the path up Mount Cinder is said to be guarded by fire elementals who test travelers with riddles. If you’re carrying star-metal, you’ll need to prove your worth—perhaps by solving the bard’s riddle or offering a sacrifice."
MiniCPM5 1B,0.044,83.408,11,12,0.176,245,0.044,1,Where can I find the nearest blacksmith in this town?,I cannot search for locations or provide information about nearby businesses.
MiniCPM5 1B,0.046,80.815,11,16,0.231,286,0.046,1,Have you seen any strange creatures in the woods lately?,I do not have personal experiences or the ability to see creatures in the woods.
MiniCPM5 1B,0.048,78.796,12,12,0.188,324,0.048,1,I need a healing potion. What is your best price?,I cannot provide information on prices or offer healing potions.
MiniCPM5 1B,0.051,78.921,13,12,0.191,363,0.051,1,"Point me to the local tavern, friend. I am thirsty.",I cannot search for locations or provide information about nearby businesses.
MiniCPM5 1B,0.045,79.005,9,12,0.184,398,0.045,1,Do you know who currently rules this kingdom?,I do not have information on who currently rules this kingdom.
MiniCPM5 1B,0.052,77.624,12,10,0.168,434,0.052,1,Tell me the rumor about the abandoned castle on the hill.,I cannot search for information about rumors or legends.
MiniCPM5 1B,0.055,78.653,13,12,0.195,473,0.055,1,I am looking for work. Are there any bounties available?,I cannot search for information about bounties or work opportunities.
MiniCPM5 1B,0.052,77.888,9,10,0.167,506,0.052,1,What dangers lie beyond the snowy northern mountains?,I cannot search for information about dangers or locations.
MiniCPM5 1B,0.051,76.896,10,13,0.207,543,0.051,1,Who is the captain of the town guard here?,I do not have information on the captain of the town guard.
MiniCPM5 1B,0.053,74.321,10,9,0.160,576,0.053,1,Can you teach me how to pick locks safely?,I cannot teach you how to pick locks.
MiniCPM5 1B,0.062,74.324,15,9,0.170,614,0.062,1,I've brought the goblin ears you requested. Here is the bag.,I cannot teach you how to pick locks.
MiniCPM5 1B,0.052,78.688,10,17,0.255,655,0.052,1,What gods do the people of this village worship?,I cannot search for information about the gods or beliefs of the people of this village.
MiniCPM5 1B,0.057,78.659,11,16,0.248,696,0.057,1,Is it safe to travel the main roads at night?,I cannot provide information on the safety of traveling on the main roads at night.
MiniCPM5 1B,0.063,72.958,13,8,0.159,731,0.063,1,"Sell me your finest sword, I have plenty of gold.",I cannot sell me my finest sword.
MiniCPM5 1B,0.060,76.394,11,12,0.204,768,0.060,1,Have the bandits been causing trouble for the merchants recently?,I cannot search for information about the bandits or their activities.
MiniCPM5 1B,0.058,75.206,10,14,0.231,806,0.058,1,Where is the hidden shrine of the water goddess?,I cannot search for information about the hidden shrine of the water goddess.
MiniCPM5 1B,0.119,86.346,67,64,0.849,352,0.119,1,"I'm searching for a rare herb known as kingsfoil, supposedly growing only where the moonlight hits the ancient ruins of Eldoria. I've asked every merchant in the bazaar, but none possess it. Does anyone in this village venture deep enough into the enchanted forest to harvest such dangerous flora, or am I wasting my time here?","Garrick, rules, the Dark Lands  
Garrick, commands, the shadow army  
Garrick, wields, dark magic  
Garrick, seeks, world domination  
Garrick, hates, Torin  
Garrick, resides in, the Obsidian Fortress  
Garrick,"
MiniCPM5 1B,0.125,86.304,62,64,0.855,492,0.125,1,"I just arrived from the capital, and the journey was fraught with perilous encounters. Bandits ambushed us near the river crossing, and strange howling kept us awake at night. We barely made it here with our lives. Do you know if the local guard is planning to secure the main trade routes anytime soon?","Garrick, rules, the Dark Lands  
Garrick, commands, the shadow army  
Garrick, wields, dark magic  
Garrick, seeks, world domination  
Garrick, hates, Torin  
Garrick, resides in, the Obsidian Fortress  
Garrick,"
MiniCPM5 1B,0.137,83.570,62,64,0.891,632,0.137,1,My companions and I are tracking a notorious thief who stole a sacred relic from the high temple. He was last seen heading towards this settlement wearing a tattered crimson cloak and walking with a pronounced limp. Have you noticed anyone matching that description passing through the gates or staying at the local inn over the last three days?,"Garrick, rules, the Dark Lands  
Garrick, commands, the shadow army  
Garrick, wields, dark magic  
Garrick, seeks, world domination  
Garrick, hates, Torin  
Garrick, resides in, the Obsidian Fortress  
Garrick,"
MiniCPM5 1B,0.152,83.216,67,64,0.909,777,0.152,1,"I hold a letter bearing the royal seal, meant only for the eyes of the Duke. However, I've heard troubling rumors that the Duke's court has been infiltrated by spies from the rival kingdom, making it dangerous to approach the keep directly. Is there a trusted intermediary in this town who can guarantee safe passage for this missive?","Garrick, rules, the Dark Lands  
Garrick, commands, the shadow army  
Garrick, wields, dark magic  
Garrick, seeks, world domination  
Garrick, hates, Torin  
Garrick, resides in, the Obsidian Fortress  
Garrick,"
MiniCPM5 1B,0.170,80.653,73,64,0.952,928,0.170,1,"The mayor offered me a substantial bounty to clear out the goblin encampment to the west, but I suspect he's not telling me the whole truth. The tracks I found suggest a much larger force, perhaps even an organized hobgoblin warband. What can you tell me about the recent attacks, and is the mayor known to understate local threats?","Garrick, rules, the Dark Lands  
Garrick, commands, the shadow army  
Garrick, wields, dark magic  
Garrick, seeks, world domination  
Garrick, hates, Torin  
Garrick, resides in, the Obsidian Fortress  
Garrick,"
MiniCPM5 1B,0.162,78.304,72,64,0.967,1078,0.162,1,"I've been cursed by a swamp hag after I accidentally disturbed her ritual circle. Now, every time I try to sleep, I suffer from horrific nightmares and wake up with strange, dark bruises on my arms. The local priest's blessings had no effect. Do you know of any skilled hedge wizards or alchemists nearby who specialize in removing dark afflictions?","Garrick, rules, the Dark Lands  
Garrick, commands, the shadow army  
Garrick, wields, dark magic  
Garrick, seeks, world domination  
Garrick, hates, Torin  
Garrick, resides in, the Obsidian Fortress  
Garrick,"
MiniCPM5 1B,0.165,77.503,69,64,0.978,1225,0.165,1,"We found an ancient stone tablet buried in the rubble of the fallen watchtower, covered in glowing runes that none of our scholars can decipher. Every time we bring it near a magical fire, the flames turn a bright, unnatural blue. Is there a resident mage or a learned historian in this settlement who might understand old Elven magic?","Garrick, rules, the Dark Lands  
Garrick, commands, the shadow army  
Garrick, wields, dark magic  
Garrick, seeks, world domination  
Garrick, hates, Torin  
Garrick, resides in, the Obsidian Fortress  
Garrick,"
MiniCPM5 1B,0.179,74.748,72,64,1.022,1375,0.179,1,"The harvest festival is approaching, but I noticed the grain silos are nearly empty and the farmers look terrified. A local boy mentioned that a massive, winged shadow was seen carrying off entire sheep in the dead of night. Are you dealing with a dragon, a manticore, or something else entirely, and why hasn't the militia done anything about it?","Garrick, rules, the Dark Lands  
Garrick, commands, the shadow army  
Garrick, wields, dark magic  
Garrick, seeks, world domination  
Garrick, hates, Torin  
Garrick, resides in, the Obsidian Fortress  
Garrick,"
MiniCPM5 1B,0.182,74.438,69,64,1.028,1522,0.182,1,"I am looking to charter a ship to sail across the Whispering Sea, but every captain I speak to refuses the coin, claiming the waters are currently cursed by the drowned king. I need to reach the island of Karth before the lunar eclipse. Who is the bravest or perhaps the most desperate shipmaster currently docked in the harbor?","Garrick, rules, the Dark Lands  
Garrick, commands, the shadow army  
Garrick, wields, dark magic  
Garrick, seeks, world domination  
Garrick, hates, Torin  
Garrick, resides in, the Obsidian Fortress  
Garrick,"
MiniCPM5 1B,0.194,72.146,69,64,1.067,1669,0.194,1,"A mysterious patron hired me to explore the crypts beneath the old cathedral, promising vast riches, but I found nothing but animated skeletons and deadly dart traps. I barely escaped. I suspect my patron intended for me to perish down there. Have you ever heard of a tall nobleman with a silver cane hiring adventurers for suicide missions in the crypts?","Garrick, rules, the Dark Lands  
Garrick, commands, the shadow army  
Garrick, wields, dark magic  
Garrick, seeks, world domination  
Garrick, hates, Torin  
Garrick, resides in, the Obsidian Fortress  
Garrick,"
MiniCPM5 1B,0.199,70.992,66,64,1.086,1813,0.199,1,"I wish to join the legendary fighting tournament held in the arena next week, but the registrar claims I need sponsorship from a recognized noble house or a prominent guild to even enter the qualifiers. I have no connections in this city, only my skill with a blade. How does a foreign warrior go about securing a sponsor around here?","Garrick, rules, the Dark Lands  
Garrick, commands, the shadow army  
Garrick, wields, dark magic  
Garrick, seeks, world domination  
Garrick, hates, Torin  
Garrick, resides in, the Obsidian Fortress  
Garrick,"
MiniCPM5 1B,0.209,69.355,69,64,1.118,1960,0.209,1,"My family's ancestral sword was taken by a corrupt tax collector who claimed it was payment for debts we never owed. I tracked his carriage to this town, but the locals are too frightened of his hired thugs to point me in the right direction. If I promise to cause no trouble in the streets, can you tell me where he is staying?","Garrick, rules, the Dark Lands  
Garrick, commands, the shadow army  
Garrick, wields, dark magic  
Garrick, seeks, world domination  
Garrick, hates, Torin  
Garrick, resides in, the Obsidian Fortress  
Garrick,"
MiniCPM5 1B,0.267,67.582,73,64,1.199,2111,0.267,1,"I have traveled far across the shifting sands of the eastern desert to find the fabled Oasis of Truth, where it is said a reflection in the water can reveal a person's true destiny. I have a map, but the landmarks don't match the current dunes. Are there any seasoned desert trackers or nomadic guides resting in the bazaar who could assist?","Garrick, rules, the Dark Lands  
Garrick, commands, the shadow army  
Garrick, wields, dark magic  
Garrick, seeks, world domination  
Garrick, hates, Torin  
Garrick, resides in, the Obsidian Fortress  
Garrick,"
MiniCPM5 1B,0.277,67.315,67,64,1.213,2256,0.277,1,"The mines have been shut down for two weeks, and the local economy is clearly suffering. A frightened miner told me they broke through a wall into a forgotten underground temple and awakened something that whispers in the dark. I specialize in dealing with subterranean horrors. Who holds the authority to grant me permission to enter the quarantined mining shafts?","Garrick, rules, the Dark Lands  
Garrick, commands, the shadow army  
Garrick, wields, dark magic  
Garrick, seeks, world domination  
Garrick, hates, Torin  
Garrick, resides in, the Obsidian Fortress  
Garrick,"
MiniCPM5 1B,0.293,65.403,73,64,1.256,2407,0.293,1,"I'm carrying highly volatile alchemical supplies meant for the war front, but my wagon threw a wheel on the rocky path just outside of town. If those vials sit in the midday sun for too long, they will detonate and level half this street. I need a master wainwright and a shaded warehouse immediately. Can you point me to the right people?","Garrick, rules, the Dark Lands  
Garrick, commands, the shadow army  
Garrick, wields, dark magic  
Garrick, seeks, world domination  
Garrick, hates, Torin  
Garrick, resides in, the Obsidian Fortress  
Garrick,"
MiniCPM5 1B,0.316,65.181,76,64,1.282,2561,0.316,1,"A bard in the previous village sang a ballad about a legendary forge hidden inside the caldera of Mount Cinder, where weapons of pure star-metal were supposedly crafted for the ancient gods. I have acquired a piece of fallen star-metal, but I need to know if the path up the mountain is passable, or if it is guarded by fire elementals as the song claims.","Garrick, rules, the Dark Lands  
Garrick, commands, the shadow army  
Garrick, wields, dark magic  
Garrick, seeks, world domination  
Garrick, hates, Torin  
Garrick, resides in, the Obsidian Fortress  
Garrick,"
Bonsai 4B,0.361,49.558,12,34,1.027,257,0.361,1,Where can I find the nearest blacksmith in this town?,"I cannot provide information about blacksmiths or locations in this town. My knowledge is limited to the facts about Garrick, the Evil King, and the Dark Lands."
Bonsai 4B,0.381,46.695,11,32,1.045,314,0.381,1,Have you seen any strange creatures in the woods lately?,"I have not seen any strange creatures in the woods lately. The Dark Lands are filled with shadows and darkness, but I have not observed any unusual life forms."
Bonsai 4B,0.403,46.110,12,24,0.902,364,0.403,1,I need a healing potion. What is your best price?,I cannot provide a price for healing potions. I only know that Garrick wields dark magic and seeks world domination.
Bonsai 4B,0.424,46.330,13,28,1.007,419,0.424,1,"Point me to the local tavern, friend. I am thirsty.",I cannot point you to a local tavern or assist with such requests. My knowledge is limited to Garrick's actions and the Dark Lands.
Bonsai 4B,0.366,46.108,9,27,0.930,469,0.366,1,Do you know who currently rules this kingdom?,"I do not know who currently rules this kingdom. My knowledge is limited to Garrick, the Evil King, and the Dark Lands."
Bonsai 4B,0.417,44.561,12,31,1.090,526,0.417,1,Tell me the rumor about the abandoned castle on the hill.,"I do not know the rumor about the abandoned castle on the hill. My knowledge is limited to Garrick, the Evil King, and the Dark Lands."
Bonsai 4B,0.462,42.766,14,30,1.140,584,0.462,1,I am looking for work. Are there any bounties available?,"I do not know if there are any bounties available. My knowledge is limited to Garrick, the Evil King, and the Dark Lands."
Bonsai 4B,0.392,42.955,9,37,1.230,644,0.392,1,What dangers lie beyond the snowy northern mountains?,"Beyond the snowy northern mountains, the Dark Lands stretch into endless shadows and cursed forests. The region is ruled by Garrick, the Evil King, who enslaves villagers and destroys kingdoms."
Bonsai 4B,0.412,42.668,10,31,1.115,699,0.412,1,Who is the captain of the town guard here?,"I do not know who is the captain of the town guard here. My knowledge is limited to Garrick, the Evil King, and the Dark Lands."
Bonsai 4B,0.414,42.440,10,27,1.027,750,0.414,1,Can you teach me how to pick locks safely?,"I cannot teach you how to pick locks safely. My knowledge is limited to Garrick, the Evil King, and the Dark Lands."
Bonsai 4B,0.506,39.822,15,33,1.310,812,0.506,1,I've brought the goblin ears you requested. Here is the bag.,"I do not know how to use goblin ears or what they are for. My knowledge is limited to Garrick, the Evil King, and the Dark Lands."
Bonsai 4B,0.431,39.715,10,32,1.212,868,0.431,1,What gods do the people of this village worship?,"I do not know the gods worshipped by the people of this village. My knowledge is limited to Garrick, the Evil King, and the Dark Lands."
Bonsai 4B,0.453,39.730,11,35,1.309,928,0.453,1,Is it safe to travel the main roads at night?,"Traveling the main roads at night is dangerous. The Dark Lands are filled with shadows and the Shadow Army, and Garrick's dark magic can be felt in the air."
Bonsai 4B,0.477,39.354,12,27,1.137,981,0.477,1,"Sell me your finest sword, I have plenty of gold.","I do not have a finest sword to sell. My knowledge is limited to Garrick, the Evil King, and the Dark Lands."
Bonsai 4B,0.500,38.326,12,29,1.230,1036,0.500,1,Have the bandits been causing trouble for the merchants recently?,"Yes, bandits have been causing trouble for merchants recently. They operate in the Dark Lands and are known to destroy kingdoms and enslave villagers."
Bonsai 4B,0.457,36.892,10,32,1.297,1092,0.457,1,Where is the hidden shrine of the water goddess?,"I do not know the location of the hidden shrine of the water goddess. My knowledge is limited to Garrick, the Evil King, and the Dark Lands."
Bonsai 4B,1.162,47.036,68,41,2.013,320,1.162,1,"I'm searching for a rare herb known as kingsfoil, supposedly growing only where the moonlight hits the ancient ruins of Eldoria. I've asked every merchant in the bazaar, but none possess it. Does anyone in this village venture deep enough into the enchanted forest to harvest such dangerous flora, or am I wasting my time here?","Garrick, the Evil King, has no interest in your quest for kingsfoil. He resides in the Obsidian Fortress and commands the Shadow Army, not for rare plants but for domination and conquest."
Bonsai 4B,1.147,46.459,64,31,1.793,429,1.147,1,"I just arrived from the capital, and the journey was fraught with perilous encounters. Bandits ambushed us near the river crossing, and strange howling kept us awake at night. We barely made it here with our lives. Do you know if the local guard is planning to secure the main trade routes anytime soon?","Garrick, the Evil King, has no knowledge of the guard's plans. He seeks world domination and wields dark magic, not trade security."
Bonsai 4B,1.156,43.333,63,27,1.756,533,1.156,1,My companions and I are tracking a notorious thief who stole a sacred relic from the high temple. He was last seen heading towards this settlement wearing a tattered crimson cloak and walking with a pronounced limp. Have you noticed anyone matching that description passing through the gates or staying at the local inn over the last three days?,"Garrick, the Evil King, has not observed anyone matching that description. He does not track thieves or attend to such details."
Bonsai 4B,1.243,42.497,68,26,1.831,641,1.243,1,"I hold a letter bearing the royal seal, meant only for the eyes of the Duke. However, I've heard troubling rumors that the Duke's court has been infiltrated by spies from the rival kingdom, making it dangerous to approach the keep directly. Is there a trusted intermediary in this town who can guarantee safe passage for this missive?","Garrick, the Evil King, has no trusted intermediary. He does not allow safe passage for royal letters or any correspondence."
Bonsai 4B,1.417,39.396,73,33,2.229,761,1.417,1,"The mayor offered me a substantial bounty to clear out the goblin encampment to the west, but I suspect he's not telling me the whole truth. The tracks I found suggest a much larger force, perhaps even an organized hobgoblin warband. What can you tell me about the recent attacks, and is the mayor known to understate local threats?","Garrick, the Evil King, has not observed goblin attacks or the mayor's actions. He does not verify local threats or reward those who expose them."
Bonsai 4B,1.338,39.261,73,35,2.204,883,1.338,1,"I've been cursed by a swamp hag after I accidentally disturbed her ritual circle. Now, every time I try to sleep, I suffer from horrific nightmares and wake up with strange, dark bruises on my arms. The local priest's blessings had no effect. Do you know of any skilled hedge wizards or alchemists nearby who specialize in removing dark afflictions?","Garrick, the Evil King, has no knowledge of hedge wizards or alchemists who remove dark afflictions. He does not care for such remedies or healing practices."
Bonsai 4B,1.264,39.597,67,33,2.072,997,1.264,1,"We found an ancient stone tablet buried in the rubble of the fallen watchtower, covered in glowing runes that none of our scholars can decipher. Every time we bring it near a magical fire, the flames turn a bright, unnatural blue. Is there a resident mage or a learned historian in this settlement who might understand old Elven magic?","Garrick, the Evil King, has no interest in ancient Elven magic or learned historians. He does not recognize or study such runes or magical fire phenomena."
Bonsai 4B,1.363,37.177,73,40,2.412,1124,1.363,1,"The harvest festival is approaching, but I noticed the grain silos are nearly empty and the farmers look terrified. A local boy mentioned that a massive, winged shadow was seen carrying off entire sheep in the dead of night. Are you dealing with a dragon, a manticore, or something else entirely, and why hasn't the militia done anything about it?","Garrick, the Evil King, is not dealing with a dragon, manticore, or any such creature. He has no interest in local wildlife or the militia's response to such claims."
Bonsai 4B,1.350,37.074,69,39,2.375,1246,1.350,1,"I am looking to charter a ship to sail across the Whispering Sea, but every captain I speak to refuses the coin, claiming the waters are currently cursed by the drowned king. I need to reach the island of Karth before the lunar eclipse. Who is the bravest or perhaps the most desperate shipmaster currently docked in the harbor?","Garrick, the Evil King, has no interest in ship charters or the Whispering Sea. He does not recognize the cursed waters or the need to reach Karth before the eclipse."
Bonsai 4B,1.356,34.603,70,33,2.280,1363,1.356,1,"A mysterious patron hired me to explore the crypts beneath the old cathedral, promising vast riches, but I found nothing but animated skeletons and deadly dart traps. I barely escaped. I suspect my patron intended for me to perish down there. Have you ever heard of a tall nobleman with a silver cane hiring adventurers for suicide missions in the crypts?","Garrick, the Evil King, has never heard of a tall nobleman with a silver cane. He does not engage in or promote suicide missions for riches."
Bonsai 4B,1.342,34.516,65,31,2.211,1473,1.342,1,"I wish to join the legendary fighting tournament held in the arena next week, but the registrar claims I need sponsorship from a recognized noble house or a prominent guild to even enter the qualifiers. I have no connections in this city, only my skill with a blade. How does a foreign warrior go about securing a sponsor around here?","Garrick, the Evil King, has no knowledge of foreign warriors or sponsorship in this city. He does not recognize or assist in securing such arrangements."
Bonsai 4B,1.414,31.887,69,28,2.261,1584,1.414,1,"My family's ancestral sword was taken by a corrupt tax collector who claimed it was payment for debts we never owed. I tracked his carriage to this town, but the locals are too frightened of his hired thugs to point me in the right direction. If I promise to cause no trouble in the streets, can you tell me where he is staying?","Garrick, the Evil King, has no knowledge of the tax collector or his location. He does not track or reward such individuals."
Bonsai 4B,1.445,32.430,73,36,2.524,1707,1.445,1,"I have traveled far across the shifting sands of the eastern desert to find the fabled Oasis of Truth, where it is said a reflection in the water can reveal a person's true destiny. I have a map, but the landmarks don't match the current dunes. Are there any seasoned desert trackers or nomadic guides resting in the bazaar who could assist?","Garrick, the Evil King, has no knowledge of desert trackers or nomadic guides. He does not assist in such quests or recognize maps that no longer match the land."
Bonsai 4B,1.417,30.506,70,34,2.499,1825,1.417,1,"The mines have been shut down for two weeks, and the local economy is clearly suffering. A frightened miner told me they broke through a wall into a forgotten underground temple and awakened something that whispers in the dark. I specialize in dealing with subterranean horrors. Who holds the authority to grant me permission to enter the quarantined mining shafts?","Garrick, the Evil King, has no authority to grant entry to quarantined mining shafts. He does not recognize or permit such exploration of forbidden places."
Bonsai 4B,1.547,30.359,75,32,2.568,1946,1.547,1,"I'm carrying highly volatile alchemical supplies meant for the war front, but my wagon threw a wheel on the rocky path just outside of town. If those vials sit in the midday sun for too long, they will detonate and level half this street. I need a master wainwright and a shaded warehouse immediately. Can you point me to the right people?","Garrick, the Evil King, has no knowledge of alchemical supplies or wainwrights. He does not assist in such urgent or dangerous repairs."
Bonsai 4B,1.539,29.190,76,32,2.601,2068,1.539,1,"A bard in the previous village sang a ballad about a legendary forge hidden inside the caldera of Mount Cinder, where weapons of pure star-metal were supposedly crafted for the ancient gods. I have acquired a piece of fallen star-metal, but I need to know if the path up the mountain is passable, or if it is guarded by fire elementals as the song claims.","Garrick, the Evil King, has no knowledge of the forge or fire elementals guarding the mountain. He does not recognize such legends or their dangers."
Qwen3.5 0.8B,0.049,83.892,12,24,0.323,259,0.049,1,Where can I find the nearest blacksmith in this town?,"I am not in a town, but I am in the Obsidian Fortress. I do not have a blacksmith."
Qwen3.5 0.8B,0.047,82.742,11,21,0.289,305,0.047,1,Have you seen any strange creatures in the woods lately?,"No, I have not seen any strange creatures in the woods. I am in the Obsidian Fortress."
Qwen3.5 0.8B,0.049,80.074,12,13,0.199,344,0.049,1,I need a healing potion. What is your best price?,I cannot sell potions. I am an NPC named Garrick.
Qwen3.5 0.8B,0.052,81.026,13,15,0.224,386,0.052,1,"Point me to the local tavern, friend. I am thirsty.",I am not in a tavern. I am in the Obsidian Fortress.
Qwen3.5 0.8B,0.046,82.219,9,19,0.265,428,0.046,1,Do you know who currently rules this kingdom?,"No, I do not know who rules this kingdom. I am in the Obsidian Fortress."
Qwen3.5 0.8B,0.050,82.542,12,21,0.292,475,0.050,1,Tell me the rumor about the abandoned castle on the hill.,There is no such thing as an abandoned castle on the hill. I am in the Obsidian Fortress.
Qwen3.5 0.8B,0.053,82.488,14,24,0.332,527,0.053,1,I am looking for work. Are there any bounties available?,"I am not in a kingdom, but I am in the Obsidian Fortress. I do not have bounties."
Qwen3.5 0.8B,0.047,80.249,9,15,0.221,565,0.047,1,What dangers lie beyond the snowy northern mountains?,The snowy northern mountains are dangerous. I am in the Obsidian Fortress.
Qwen3.5 0.8B,0.048,79.995,10,15,0.223,604,0.048,1,Who is the captain of the town guard here?,I am not in a town. I am in the Obsidian Fortress.
Qwen3.5 0.8B,0.047,79.994,10,15,0.222,643,0.047,1,Can you teach me how to pick locks safely?,I am not in a town. I am in the Obsidian Fortress.
Qwen3.5 0.8B,0.056,79.697,15,15,0.232,687,0.056,1,I've brought the goblin ears you requested. Here is the bag.,I am not in a town. I am in the Obsidian Fortress.
Qwen3.5 0.8B,0.049,79.723,10,15,0.224,726,0.049,1,What gods do the people of this village worship?,I am not in a village. I am in the Obsidian Fortress.
Qwen3.5 0.8B,0.051,81.245,11,22,0.310,773,0.051,1,Is it safe to travel the main roads at night?,"No, it is not safe to travel the main roads at night. I am in the Obsidian Fortress."
Qwen3.5 0.8B,0.054,79.232,12,15,0.231,814,0.054,1,"Sell me your finest sword, I have plenty of gold.",I am not in a town. I am in the Obsidian Fortress.
Qwen3.5 0.8B,0.054,81.338,12,23,0.324,863,0.054,1,Have the bandits been causing trouble for the merchants recently?,"No, the bandits have not been causing trouble for the merchants recently. I am in the Obsidian Fortress."
Qwen3.5 0.8B,0.051,78.965,10,15,0.228,902,0.051,1,Where is the hidden shrine of the water goddess?,I am not in a town. I am in the Obsidian Fortress.
Qwen3.5 0.8B,0.124,85.611,68,63,0.848,354,0.124,1,"I'm searching for a rare herb known as kingsfoil, supposedly growing only where the moonlight hits the ancient ruins of Eldoria. I've asked every merchant in the bazaar, but none possess it. Does anyone in this village venture deep enough into the enchanted forest to harvest such dangerous flora, or am I wasting my time here?","You are mistaken, for the moonlight does not illuminate the ruins of Eldoria; the dark lands are a place of darkness, and the moonlight never reaches the Obsidian Fortress. The only way to find kingsfoil is to venture deep into the enchanted forest, but it is not safe to do so here."
Qwen3.5 0.8B,0.126,83.314,64,26,0.426,458,0.126,1,"I just arrived from the capital, and the journey was fraught with perilous encounters. Bandits ambushed us near the river crossing, and strange howling kept us awake at night. We barely made it here with our lives. Do you know if the local guard is planning to secure the main trade routes anytime soon?",The guard is not planning to secure the main trade routes anytime soon. They are currently engaged in a battle against the shadow army.
Qwen3.5 0.8B,0.131,83.423,63,33,0.515,568,0.131,1,My companions and I are tracking a notorious thief who stole a sacred relic from the high temple. He was last seen heading towards this settlement wearing a tattered crimson cloak and walking with a pronounced limp. Have you noticed anyone matching that description passing through the gates or staying at the local inn over the last three days?,"No one has been seen matching that description. The thief is not a common thief, and the temple is not the only place where such a relic might be found."
Qwen3.5 0.8B,0.139,83.088,68,36,0.560,686,0.139,1,"I hold a letter bearing the royal seal, meant only for the eyes of the Duke. However, I've heard troubling rumors that the Duke's court has been infiltrated by spies from the rival kingdom, making it dangerous to approach the keep directly. Is there a trusted intermediary in this town who can guarantee safe passage for this missive?","There is no trusted intermediary who can guarantee safe passage for the missive. The Duke's court is under attack, and the path to the keep is blocked by the shadow army."
Qwen3.5 0.8B,0.151,82.662,73,34,0.551,807,0.151,1,"The mayor offered me a substantial bounty to clear out the goblin encampment to the west, but I suspect he's not telling me the whole truth. The tracks I found suggest a much larger force, perhaps even an organized hobgoblin warband. What can you tell me about the recent attacks, and is the mayor known to understate local threats?","The mayor is not known to understate local threats. He has been ordered to investigate the encampment, and the tracks suggest a much larger force than he admits."
Qwen3.5 0.8B,0.152,81.883,72,30,0.507,923,0.152,1,"I've been cursed by a swamp hag after I accidentally disturbed her ritual circle. Now, every time I try to sleep, I suffer from horrific nightmares and wake up with strange, dark bruises on my arms. The local priest's blessings had no effect. Do you know of any skilled hedge wizards or alchemists nearby who specialize in removing dark afflictions?","No such skilled hedge wizards or alchemists exist nearby. The curse is from a swamp hag, and the local priest's blessings have no effect."
Qwen3.5 0.8B,0.152,81.956,67,35,0.567,1039,0.152,1,"We found an ancient stone tablet buried in the rubble of the fallen watchtower, covered in glowing runes that none of our scholars can decipher. Every time we bring it near a magical fire, the flames turn a bright, unnatural blue. Is there a resident mage or a learned historian in this settlement who might understand old Elven magic?","No resident mage or learned historian exists who can understand old Elven magic. The runes are not decipherable by scholars, and the flames turn blue only when near magical fire."
Qwen3.5 0.8B,0.164,81.465,73,34,0.569,1160,0.164,1,"The harvest festival is approaching, but I noticed the grain silos are nearly empty and the farmers look terrified. A local boy mentioned that a massive, winged shadow was seen carrying off entire sheep in the dead of night. Are you dealing with a dragon, a manticore, or something else entirely, and why hasn't the militia done anything about it?","I am dealing with a shadow, not a dragon or a manticore. The militia has not done anything about it because the shadow army is already attacking the town."
Qwen3.5 0.8B,0.164,81.163,69,34,0.570,1277,0.164,1,"I am looking to charter a ship to sail across the Whispering Sea, but every captain I speak to refuses the coin, claiming the waters are currently cursed by the drowned king. I need to reach the island of Karth before the lunar eclipse. Who is the bravest or perhaps the most desperate shipmaster currently docked in the harbor?","The bravest or most desperate shipmaster is not currently docked in the harbor. The drowned king has cursed the waters, and no shipmaster is safe to sail."
Qwen3.5 0.8B,0.160,78.795,70,20,0.402,1381,0.160,1,"A mysterious patron hired me to explore the crypts beneath the old cathedral, promising vast riches, but I found nothing but animated skeletons and deadly dart traps. I barely escaped. I suspect my patron intended for me to perish down there. Have you ever heard of a tall nobleman with a silver cane hiring adventurers for suicide missions in the crypts?",No such nobleman exists. The patrons do not hire adventurers for suicide missions in the crypts.
Qwen3.5 0.8B,0.167,79.721,65,26,0.481,1486,0.167,1,"I wish to join the legendary fighting tournament held in the arena next week, but the registrar claims I need sponsorship from a recognized noble house or a prominent guild to even enter the qualifiers. I have no connections in this city, only my skill with a blade. How does a foreign warrior go about securing a sponsor around here?",A foreign warrior cannot secure sponsorship from a recognized noble house or a prominent guild. They must rely on their own skill and reputation.
Qwen3.5 0.8B,0.174,78.725,69,22,0.440,1591,0.174,1,"My family's ancestral sword was taken by a corrupt tax collector who claimed it was payment for debts we never owed. I tracked his carriage to this town, but the locals are too frightened of his hired thugs to point me in the right direction. If I promise to cause no trouble in the streets, can you tell me where he is staying?",I cannot tell you where he is staying. The locals are too frightened to point him in the right direction.
Qwen3.5 0.8B,0.182,76.444,73,14,0.352,1692,0.182,1,"I have traveled far across the shifting sands of the eastern desert to find the fabled Oasis of Truth, where it is said a reflection in the water can reveal a person's true destiny. I have a map, but the landmarks don't match the current dunes. Are there any seasoned desert trackers or nomadic guides resting in the bazaar who could assist?",No seasoned desert trackers or nomadic guides exist in the bazaar.
Qwen3.5 0.8B,0.171,76.910,70,16,0.366,1792,0.171,1,"The mines have been shut down for two weeks, and the local economy is clearly suffering. A frightened miner told me they broke through a wall into a forgotten underground temple and awakened something that whispers in the dark. I specialize in dealing with subterranean horrors. Who holds the authority to grant me permission to enter the quarantined mining shafts?",No authority exists to grant permission to enter the quarantined mining shafts.
Qwen3.5 0.8B,0.198,74.901,75,12,0.344,1893,0.198,1,"I'm carrying highly volatile alchemical supplies meant for the war front, but my wagon threw a wheel on the rocky path just outside of town. If those vials sit in the midday sun for too long, they will detonate and level half this street. I need a master wainwright and a shaded warehouse immediately. Can you point me to the right people?",No master wainwright or a shaded warehouse exists nearby.
Qwen3.5 0.8B,0.188,77.999,76,22,0.457,2005,0.188,1,"A bard in the previous village sang a ballad about a legendary forge hidden inside the caldera of Mount Cinder, where weapons of pure star-metal were supposedly crafted for the ancient gods. I have acquired a piece of fallen star-metal, but I need to know if the path up the mountain is passable, or if it is guarded by fire elementals as the song claims.","No path up the mountain is passable, and it is guarded by fire elementals as the song claims."
Bonsai 1.7B,0.145,102.459,12,32,0.447,255,0.145,1,Where can I find the nearest blacksmith in this town?,I don't know where to find the nearest blacksmith in this town. I'm an Evil King and I don't have access to local shops or information.
Bonsai 1.7B,0.159,98.088,11,32,0.475,312,0.159,1,Have you seen any strange creatures in the woods lately?,I haven't seen any strange creatures in the woods lately. I'm an Evil King and I don't have the ability to observe or report on such things.
Bonsai 1.7B,0.174,97.472,12,30,0.471,368,0.174,1,I need a healing potion. What is your best price?,I don't have a best price for a healing potion. I'm an Evil King and I don't have the means to purchase or sell potions.
Bonsai 1.7B,0.184,95.671,13,32,0.508,427,0.184,1,"Point me to the local tavern, friend. I am thirsty.",I don't know where to point you to the local tavern. I'm an Evil King and I don't have the ability to navigate or find taverns.
Bonsai 1.7B,0.159,96.714,9,30,0.459,480,0.159,1,Do you know who currently rules this kingdom?,I don't know who currently rules this kingdom. I'm an Evil King and I don't have the ability to access or report on local governance.
Bonsai 1.7B,0.181,90.317,12,34,0.546,540,0.181,1,Tell me the rumor about the abandoned castle on the hill.,I don't know about the rumor about the abandoned castle on the hill. I'm an Evil King and I don't have the ability to share or verify such information.
Bonsai 1.7B,0.201,88.900,14,34,0.573,602,0.201,1,I am looking for work. Are there any bounties available?,I don't know if there are any bounties available. I'm an Evil King and I don't have the ability to access or report on local bounty opportunities.
Bonsai 1.7B,0.167,88.157,9,32,0.519,657,0.167,1,What dangers lie beyond the snowy northern mountains?,I don't know what dangers lie beyond the snowy northern mountains. I'm an Evil King and I don't have the ability to provide information about such places.
Bonsai 1.7B,0.177,88.051,10,35,0.563,716,0.177,1,Who is the captain of the town guard here?,I don't know who the captain of the town guard is. I'm an Evil King and I don't have the ability to access or report on local security or leadership.
Bonsai 1.7B,0.181,86.385,10,36,0.586,776,0.181,1,Can you teach me how to pick locks safely?,I don't know how to teach how to pick locks safely. I'm an Evil King and I don't have the ability to provide guidance on security or lock-picking techniques.
Bonsai 1.7B,0.219,81.250,15,33,0.612,838,0.219,1,I've brought the goblin ears you requested. Here is the bag.,I don't know what the goblin ears are. I'm an Evil King and I don't have the ability to access or report on the contents of bags.
Bonsai 1.7B,0.187,80.916,10,34,0.594,896,0.187,1,What gods do the people of this village worship?,I don't know what gods the people of this village worship. I'm an Evil King and I don't have the ability to access or report on local religious practices.
Bonsai 1.7B,0.196,81.001,11,38,0.652,959,0.196,1,Is it safe to travel the main roads at night?,I don't know if it's safe to travel the main roads at night. I'm an Evil King and I don't have the ability to provide information about road safety or travel conditions.
Bonsai 1.7B,0.206,80.660,12,35,0.628,1020,0.206,1,"Sell me your finest sword, I have plenty of gold.",I don't know if I can sell you my finest sword. I'm an Evil King and I don't have the ability to provide information about selling weapons or selling goods.
Bonsai 1.7B,0.211,75.344,12,38,0.702,1084,0.211,1,Have the bandits been causing trouble for the merchants recently?,I don't know if the bandits have been causing trouble for the merchants. I'm an Evil King and I don't have the ability to access or report on local bandit activity.
Bonsai 1.7B,0.195,74.756,10,34,0.637,1142,0.195,1,Where is the hidden shrine of the water goddess?,I don't know where the hidden shrine of the water goddess is. I'm an Evil King and I don't have the ability to access or report on such places.
Bonsai 1.7B,0.465,100.960,68,64,1.089,342,0.465,1,"I'm searching for a rare herb known as kingsfoil, supposedly growing only where the moonlight hits the ancient ruins of Eldoria. I've asked every merchant in the bazaar, but none possess it. Does anyone in this village venture deep enough into the enchanted forest to harvest such dangerous flora, or am I wasting my time here?","Garrick, the Evil King, would not recommend venturing into the enchanted forest for the rare herb known as kingsfoil. The Dark Lands are not for the faint of heart, and the ancient ruins of Eldoria are not safe for the unwary. The village is not the place to find such dangerous flora."
Bonsai 1.7B,0.490,98.470,64,60,1.089,481,0.490,1,"I just arrived from the capital, and the journey was fraught with perilous encounters. Bandits ambushed us near the river crossing, and strange howling kept us awake at night. We barely made it here with our lives. Do you know if the local guard is planning to secure the main trade routes anytime soon?","Garrick, the Evil King, would not know if the local guard is planning to secure the main trade routes. The Dark Lands are not for the brave, and the ancient ruins of Eldoria are not safe for the unwary. The village is not the place to find such dangerous flora."
Bonsai 1.7B,0.490,89.852,63,54,1.080,612,0.490,1,My companions and I are tracking a notorious thief who stole a sacred relic from the high temple. He was last seen heading towards this settlement wearing a tattered crimson cloak and walking with a pronounced limp. Have you noticed anyone matching that description passing through the gates or staying at the local inn over the last three days?,"Garrick, the Evil King, would not know if anyone is matching the description. The Dark Lands are not for the brave, and the ancient ruins of Eldoria are not safe for the unwary. The village is not the place to find such dangerous flora."
Bonsai 1.7B,0.525,88.636,68,52,1.100,746,0.525,1,"I hold a letter bearing the royal seal, meant only for the eyes of the Duke. However, I've heard troubling rumors that the Duke's court has been infiltrated by spies from the rival kingdom, making it dangerous to approach the keep directly. Is there a trusted intermediary in this town who can guarantee safe passage for this missive?","Garrick, the Evil King, would not recommend approaching the keep directly. The Dark Lands are not for the brave, and the ancient ruins of Eldoria are not safe for the unwary. The village is not the place to find such dangerous flora."
Bonsai 1.7B,0.544,81.949,73,59,1.251,892,0.544,1,"The mayor offered me a substantial bounty to clear out the goblin encampment to the west, but I suspect he's not telling me the whole truth. The tracks I found suggest a much larger force, perhaps even an organized hobgoblin warband. What can you tell me about the recent attacks, and is the mayor known to understate local threats?","Garrick, the Evil King, would not recommend clearing out the goblin encampment to the west. The Dark Lands are not for the brave, and the ancient ruins of Eldoria are not safe for the unwary. The village is not the place to find such dangerous flora."
Bonsai 1.7B,0.567,80.257,73,57,1.265,1036,0.567,1,"I've been cursed by a swamp hag after I accidentally disturbed her ritual circle. Now, every time I try to sleep, I suffer from horrific nightmares and wake up with strange, dark bruises on my arms. The local priest's blessings had no effect. Do you know of any skilled hedge wizards or alchemists nearby who specialize in removing dark afflictions?","Garrick, the Evil King, would not recommend seeking out skilled hedge wizards or alchemists. The Dark Lands are not for the brave, and the ancient ruins of Eldoria are not safe for the unwary. The village is not the place to find such dangerous flora."
Bonsai 1.7B,0.544,75.562,67,57,1.286,1174,0.544,1,"We found an ancient stone tablet buried in the rubble of the fallen watchtower, covered in glowing runes that none of our scholars can decipher. Every time we bring it near a magical fire, the flames turn a bright, unnatural blue. Is there a resident mage or a learned historian in this settlement who might understand old Elven magic?","Garrick, the Evil King, would not recommend bringing the ancient stone tablet near a magical fire. The Dark Lands are not for the brave, and the ancient ruins of Eldoria are not safe for the unwary. The village is not the place to find such dangerous flora."
Bonsai 1.7B,0.584,71.773,73,57,1.364,1318,0.584,1,"The harvest festival is approaching, but I noticed the grain silos are nearly empty and the farmers look terrified. A local boy mentioned that a massive, winged shadow was seen carrying off entire sheep in the dead of night. Are you dealing with a dragon, a manticore, or something else entirely, and why hasn't the militia done anything about it?","Garrick, the Evil King, would not recommend dealing with a dragon or a manticore. The Dark Lands are not for the brave, and the ancient ruins of Eldoria are not safe for the unwary. The village is not the place to find such dangerous flora."
Bonsai 1.7B,0.611,70.084,69,57,1.410,1458,0.611,1,"I am looking to charter a ship to sail across the Whispering Sea, but every captain I speak to refuses the coin, claiming the waters are currently cursed by the drowned king. I need to reach the island of Karth before the lunar eclipse. Who is the bravest or perhaps the most desperate shipmaster currently docked in the harbor?","Garrick, the Evil King, would not recommend chartering a ship across the Whispering Sea. The Dark Lands are not for the brave, and the ancient ruins of Eldoria are not safe for the unwary. The village is not the place to find such dangerous flora."
Bonsai 1.7B,0.600,65.295,70,56,1.442,1598,0.600,1,"A mysterious patron hired me to explore the crypts beneath the old cathedral, promising vast riches, but I found nothing but animated skeletons and deadly dart traps. I barely escaped. I suspect my patron intended for me to perish down there. Have you ever heard of a tall nobleman with a silver cane hiring adventurers for suicide missions in the crypts?","Garrick, the Evil King, would not recommend exploring the crypts beneath the old cathedral. The Dark Lands are not for the brave, and the ancient ruins of Eldoria are not safe for the unwary. The village is not the place to find such dangerous flora."
Bonsai 1.7B,0.622,64.902,65,51,1.392,1728,0.622,1,"I wish to join the legendary fighting tournament held in the arena next week, but the registrar claims I need sponsorship from a recognized noble house or a prominent guild to even enter the qualifiers. I have no connections in this city, only my skill with a blade. How does a foreign warrior go about securing a sponsor around here?","Garrick, the Evil King, would not recommend joining the tournament. The Dark Lands are not for the brave, and the ancient ruins of Eldoria are not safe for the unwary. The village is not the place to find such dangerous flora."
Bonsai 1.7B,0.655,61.081,69,54,1.523,1865,0.655,1,"My family's ancestral sword was taken by a corrupt tax collector who claimed it was payment for debts we never owed. I tracked his carriage to this town, but the locals are too frightened of his hired thugs to point me in the right direction. If I promise to cause no trouble in the streets, can you tell me where he is staying?","Garrick, the Evil King, would not recommend tracking a tax collector's carriage. The Dark Lands are not for the brave, and the ancient ruins of Eldoria are not safe for the unwary. The village is not the place to find such dangerous flora."
Bonsai 1.7B,0.648,61.042,73,56,1.549,2008,0.648,1,"I have traveled far across the shifting sands of the eastern desert to find the fabled Oasis of Truth, where it is said a reflection in the water can reveal a person's true destiny. I have a map, but the landmarks don't match the current dunes. Are there any seasoned desert trackers or nomadic guides resting in the bazaar who could assist?","Garrick, the Evil King, would not recommend seeking out desert trackers or nomadic guides. The Dark Lands are not for the brave, and the ancient ruins of Eldoria are not safe for the unwary. The village is not the place to find such dangerous flora."
Bonsai 1.7B,0.633,57.712,70,56,1.586,2148,0.633,1,"The mines have been shut down for two weeks, and the local economy is clearly suffering. A frightened miner told me they broke through a wall into a forgotten underground temple and awakened something that whispers in the dark. I specialize in dealing with subterranean horrors. Who holds the authority to grant me permission to enter the quarantined mining shafts?","Garrick, the Evil King, would not recommend entering the quarantined mining shafts. The Dark Lands are not for the brave, and the ancient ruins of Eldoria are not safe for the unwary. The village is not the place to find such dangerous flora."
Bonsai 1.7B,0.729,57.285,75,59,1.741,2296,0.729,1,"I'm carrying highly volatile alchemical supplies meant for the war front, but my wagon threw a wheel on the rocky path just outside of town. If those vials sit in the midday sun for too long, they will detonate and level half this street. I need a master wainwright and a shaded warehouse immediately. Can you point me to the right people?","Garrick, the Evil King, would not recommend carrying highly volatile alchemical supplies in the midday sun. The Dark Lands are not for the brave, and the ancient ruins of Eldoria are not safe for the unwary. The village is not the place to find such dangerous flora."
Bonsai 1.7B,0.693,54.392,76,56,1.704,2442,0.693,1,"A bard in the previous village sang a ballad about a legendary forge hidden inside the caldera of Mount Cinder, where weapons of pure star-metal were supposedly crafted for the ancient gods. I have acquired a piece of fallen star-metal, but I need to know if the path up the mountain is passable, or if it is guarded by fire elementals as the song claims.","Garrick, the Evil King, would not recommend singing a ballad about a legendary forge. The Dark Lands are not for the brave, and the ancient ruins of Eldoria are not safe for the unwary. The village is not the place to find such dangerous flora."
LFM2.5 350M,0.017,225.714,13,22,0.110,255,0.017,1,Where can I find the nearest blacksmith in this town?,"Garrick, the Shadow King, resides in the Obsidian Fortress and has a spiked armor."
LFM2.5 350M,0.018,214.212,12,12,0.069,288,0.018,1,Have you seen any strange creatures in the woods lately?,"Garrick, the Shadow King, hates Torin."
LFM2.5 350M,0.018,225.515,14,22,0.111,333,0.018,1,I need a healing potion. What is your best price?,"Garrick, the Shadow King, offers a rare healing potion at a price of 5 gold pieces."
LFM2.5 350M,0.020,229.573,16,34,0.164,392,0.020,1,"Point me to the local tavern, friend. I am thirsty.","Garrick, the Shadow King, resides in the Obsidian Fortress and has a spiked armor. He offers a healing potion at 5 gold pieces."
LFM2.5 350M,0.016,212.804,10,11,0.063,422,0.016,1,Do you know who currently rules this kingdom?,"Garrick, the Shadow King, rules this kingdom."
LFM2.5 350M,0.019,226.776,13,28,0.138,472,0.019,1,Tell me the rumor about the abandoned castle on the hill.,"Garrick, the Shadow King, has heard rumors of an abandoned castle on the hill, said to be cursed and haunted."
LFM2.5 350M,0.020,222.084,15,22,0.114,518,0.020,1,I am looking for work. Are there any bounties available?,"Garrick, the Shadow King, offers bounties for any work done in the Obsidian Fortress."
LFM2.5 350M,0.018,226.041,11,39,0.186,577,0.018,1,What dangers lie beyond the snowy northern mountains?,"Garrick, the Shadow King, hates Torin and resides in the Obsidian Fortress. He has a spiked armor and offers a healing potion at 5 gold pieces."
LFM2.5 350M,0.018,212.563,11,13,0.075,610,0.018,1,Who is the captain of the town guard here?,"Garrick, the Shadow King, commands the town guard here."
LFM2.5 350M,0.017,214.106,11,15,0.083,645,0.017,1,Can you teach me how to pick locks safely?,"Garrick, the Shadow King, offers a lesson on picking locks safely."
LFM2.5 350M,0.022,214.135,16,15,0.087,685,0.022,1,I've brought the goblin ears you requested. Here is the bag.,"Garrick, the Shadow King, has a bag of goblin ears."
LFM2.5 350M,0.017,220.847,11,24,0.122,729,0.017,1,What gods do the people of this village worship?,"Garrick, the Shadow King, does not know the names of the gods worshipped by the people of this village."
LFM2.5 350M,0.020,218.501,12,22,0.116,772,0.020,1,Is it safe to travel the main roads at night?,"Garrick, the Shadow King, does not know whether it is safe to travel the main roads at night."
LFM2.5 350M,0.022,215.513,14,19,0.105,814,0.022,1,"Sell me your finest sword, I have plenty of gold.","Garrick, the Shadow King, offers a sword at a price of 10 gold pieces."
LFM2.5 350M,0.021,215.593,13,20,0.109,856,0.021,1,Have the bandits been causing trouble for the merchants recently?,"Garrick, the Shadow King, has heard of the bandits' recent trouble for the merchants."
LFM2.5 350M,0.019,220.795,11,40,0.196,916,0.019,1,Where is the hidden shrine of the water goddess?,"Garrick, the Shadow King, resides in the Obsidian Fortress and has a spiked armor. He offers a hidden shrine of the water goddess at a price of 3 gold pieces."
LFM2.5 350M,0.050,214.233,72,13,0.106,305,0.050,1,"I'm searching for a rare herb known as kingsfoil, supposedly growing only where the moonlight hits the ancient ruins of Eldoria. I've asked every merchant in the bazaar, but none possess it. Does anyone in this village venture deep enough into the enchanted forest to harvest such dangerous flora, or am I wasting my time here?",The village dwellers are scarce and the moonlight is scarce.
LFM2.5 350M,0.047,224.479,67,24,0.149,405,0.047,1,"I just arrived from the capital, and the journey was fraught with perilous encounters. Bandits ambushed us near the river crossing, and strange howling kept us awake at night. We barely made it here with our lives. Do you know if the local guard is planning to secure the main trade routes anytime soon?","The local guard is likely to secure the main trade routes soon, as they've been patrolling the area for weeks."
LFM2.5 350M,0.048,228.111,69,43,0.233,526,0.048,1,My companions and I are tracking a notorious thief who stole a sacred relic from the high temple. He was last seen heading towards this settlement wearing a tattered crimson cloak and walking with a pronounced limp. Have you noticed anyone matching that description passing through the gates or staying at the local inn over the last three days?,"The thief has been spotted near the old ruin, near the eastern gate. He's been seen near the temple for the past three days, and his limp suggests he's been walking with a heavy load."
LFM2.5 350M,0.050,225.320,73,47,0.254,655,0.050,1,"I hold a letter bearing the royal seal, meant only for the eyes of the Duke. However, I've heard troubling rumors that the Duke's court has been infiltrated by spies from the rival kingdom, making it dangerous to approach the keep directly. Is there a trusted intermediary in this town who can guarantee safe passage for this missive?","The local inn has a tavernkeeper, a grizzled old man named Thorne. He's been known to offer safe passage to travelers, but the rumors of spies from the rival kingdom make him a risky choice."
LFM2.5 350M,0.054,228.080,77,64,0.330,804,0.054,1,"The mayor offered me a substantial bounty to clear out the goblin encampment to the west, but I suspect he's not telling me the whole truth. The tracks I found suggest a much larger force, perhaps even an organized hobgoblin warband. What can you tell me about the recent attacks, and is the mayor known to understate local threats?","The recent attacks have been sporadic, but they've escalated to a larger, organized hobgoblin warband. The tracks point to a significant increase in their presence, suggesting a coordinated effort rather than isolated incidents. The mayor is known to understate local threats, but his reluctance to fully investigate the"
LFM2.5 350M,0.059,226.381,82,64,0.337,959,0.059,1,"I've been cursed by a swamp hag after I accidentally disturbed her ritual circle. Now, every time I try to sleep, I suffer from horrific nightmares and wake up with strange, dark bruises on my arms. The local priest's blessings had no effect. Do you know of any skilled hedge wizards or alchemists nearby who specialize in removing dark afflictions?","The local priest has a few options. There's a hedge wizard named Malachi, who specializes in clearing dark afflictions with a mixture of herbs and a touch of alchemical potion. The alchemist, Elara, has also been known to help with such matters, though her methods are often"
LFM2.5 350M,0.057,216.879,75,46,0.264,1090,0.057,1,"We found an ancient stone tablet buried in the rubble of the fallen watchtower, covered in glowing runes that none of our scholars can decipher. Every time we bring it near a magical fire, the flames turn a bright, unnatural blue. Is there a resident mage or a learned historian in this settlement who might understand old Elven magic?","The settlement has a scholar named Lyra, who specializes in Elven lore and has spent years studying ancient texts. She's been known to offer rare insights and guidance to travelers seeking to understand the mystical forces at work."
LFM2.5 350M,0.055,216.214,75,46,0.263,1220,0.055,1,"The harvest festival is approaching, but I noticed the grain silos are nearly empty and the farmers look terrified. A local boy mentioned that a massive, winged shadow was seen carrying off entire sheep in the dead of night. Are you dealing with a dragon, a manticore, or something else entirely, and why hasn't the militia done anything about it?","The militia hasn't done anything about it, as they're focused on the current threat. The shadowy figure carrying the sheep is likely a manticore, a large, serpentine beast known for its strength and cunning."
LFM2.5 350M,0.059,213.762,74,56,0.316,1359,0.059,1,"I am looking to charter a ship to sail across the Whispering Sea, but every captain I speak to refuses the coin, claiming the waters are currently cursed by the drowned king. I need to reach the island of Karth before the lunar eclipse. Who is the bravest or perhaps the most desperate shipmaster currently docked in the harbor?","The bravest shipmaster is Captain Vex, a seasoned veteran who's spent years navigating the treacherous waters of the Whispering Sea. He's known for his bravery and has a reputation for being one of the most reliable ships on the fleet."
LFM2.5 350M,0.058,211.506,75,40,0.242,1483,0.058,1,"A mysterious patron hired me to explore the crypts beneath the old cathedral, promising vast riches, but I found nothing but animated skeletons and deadly dart traps. I barely escaped. I suspect my patron intended for me to perish down there. Have you ever heard of a tall nobleman with a silver cane hiring adventurers for suicide missions in the crypts?","The patron is a tall nobleman, known for his cunning and ruthless tactics. He's hired adventurers to perform suicide missions in the crypts, a dangerous and often deadly endeavor."
LFM2.5 350M,0.063,212.775,70,64,0.359,1625,0.063,1,"I wish to join the legendary fighting tournament held in the arena next week, but the registrar claims I need sponsorship from a recognized noble house or a prominent guild to even enter the qualifiers. I have no connections in this city, only my skill with a blade. How does a foreign warrior go about securing a sponsor around here?","The registrar is a wealthy merchant, known for his generosity and connections. He's willing to sponsor adventurers if they can provide a substantial sum of money and a reputation for bravery. The guild, a powerful organization, has a network of members who can help secure the sponsorship. Additionally, the gu"
LFM2.5 350M,0.060,205.869,71,31,0.205,1737,0.060,1,"My family's ancestral sword was taken by a corrupt tax collector who claimed it was payment for debts we never owed. I tracked his carriage to this town, but the locals are too frightened of his hired thugs to point me in the right direction. If I promise to cause no trouble in the streets, can you tell me where he is staying?","The corrupt tax collector is staying in the town's old, dilapidated inn, a place known for its dark history and rumors of hidden treasures."
LFM2.5 350M,0.067,205.398,77,52,0.315,1875,0.067,1,"I have traveled far across the shifting sands of the eastern desert to find the fabled Oasis of Truth, where it is said a reflection in the water can reveal a person's true destiny. I have a map, but the landmarks don't match the current dunes. Are there any seasoned desert trackers or nomadic guides resting in the bazaar who could assist?","The bazaar has a nomadic guide, a skilled tracker named Kael, who's been known for his expertise in desert navigation. He's been tracking the Oasis of Truth for weeks, and his knowledge of the dunes and landmarks is invaluable."
LFM2.5 350M,0.066,208.385,74,64,0.369,2021,0.066,1,"The mines have been shut down for two weeks, and the local economy is clearly suffering. A frightened miner told me they broke through a wall into a forgotten underground temple and awakened something that whispers in the dark. I specialize in dealing with subterranean horrors. Who holds the authority to grant me permission to enter the quarantined mining shafts?","The local miners are a tight-knit community, but they've been known to form alliances with other groups. The underground temple, hidden deep within the mines, is likely to be guarded by a powerful entity known only as the Shadow Syndicate, a group of mercenaries and shadowy figures. They"
LFM2.5 350M,0.070,205.409,76,64,0.377,2170,0.070,1,"I'm carrying highly volatile alchemical supplies meant for the war front, but my wagon threw a wheel on the rocky path just outside of town. If those vials sit in the midday sun for too long, they will detonate and level half this street. I need a master wainwright and a shaded warehouse immediately. Can you point me to the right people?","The master wainwright is Sir Reginald, a seasoned and respected wizard with a reputation for crafting the most potent alchemical mixtures. He's been known to offer his services to those seeking the best results.

The shaded warehouse is located near the old market square, a place where travelers often seek"
LFM2.5 350M,0.071,197.464,83,36,0.248,2299,0.071,1,"A bard in the previous village sang a ballad about a legendary forge hidden inside the caldera of Mount Cinder, where weapons of pure star-metal were supposedly crafted for the ancient gods. I have acquired a piece of fallen star-metal, but I need to know if the path up the mountain is passable, or if it is guarded by fire elementals as the song claims.","The path up the mountain is treacherous, but the path is guarded by fire elementals. They are known to be fierce and will stop at any obstacle they encounter."
LFM2.5 230M,0.011,344.697,13,47,0.145,280,0.011,1,Where can I find the nearest blacksmith in this town?,"I don’t have real-time location data, but I can tell you that the nearest blacksmith is typically located in a bustling market district or near the town’s central square, where craftsmanship and trade are most active."
LFM2.5 230M,0.012,341.807,12,40,0.126,341,0.012,1,Have you seen any strange creatures in the woods lately?,"I don’t have personal experiences or current observations, but I can share that strange creatures have been reported in the woods lately. Would you like me to share more details about what’s been happening there?"
LFM2.5 230M,0.014,346.533,14,60,0.184,424,0.014,1,I need a healing potion. What is your best price?,"I don’t have access to current pricing information, but I can share that healing potions are typically highly sought after and often cost between **$150 to $300**, depending on the quality and type of potion. Would you like me to look up more details about specific types or formulations?"
LFM2.5 230M,0.015,350.533,16,64,0.195,512,0.015,1,"Point me to the local tavern, friend. I am thirsty.","I don’t have access to real-time location data, but I can suggest a few options:

1. **Check local tavern hours** – Many taverns are open late or during off-peak times.  
2. **Call the tavern directly** – Ask for directions to the nearest place where a healing"
LFM2.5 230M,0.012,336.070,10,58,0.182,590,0.012,1,Do you know who currently rules this kingdom?,"I don’t have personal knowledge of current rulers, but I can tell you that the kingdom is governed by the **Dark King**, who is known for his ruthless tactics and control over the region’s resources. Would you like more details about his reign or how he maintains power?"
LFM2.5 230M,0.014,334.940,13,55,0.175,667,0.014,1,Tell me the rumor about the abandoned castle on the hill.,"I don’t have access to current rumors or unverified information, but I can share that rumors about abandoned castles often circulate among travelers and locals, especially in remote areas. Would you like me to share more details about what’s been reported about the castle?"
LFM2.5 230M,0.015,333.355,15,54,0.174,745,0.015,1,I am looking for work. Are there any bounties available?,"I don’t have access to real-time employment data, but I can tell you that many regions offer bounties for skilled laborers, including those in the Dark Lands. Would you like me to share more about typical bounties or how to apply for them?"
LFM2.5 230M,0.014,333.821,11,64,0.203,828,0.014,1,What dangers lie beyond the snowy northern mountains?,"I don’t have access to real-time information about dangers beyond the snowy northern mountains, but I can share that the Dark Lands are known for their harsh environment, including:

- **Extreme weather**: Unpredictable storms, blizzards, and temperature fluctuations  
- **Pests**: Insects"
LFM2.5 230M,0.015,330.914,11,64,0.205,912,0.015,1,Who is the captain of the town guard here?,"I don’t have access to real-time information about the town guard’s identity, but I can tell you that in many towns, the captain is typically a seasoned veteran or a respected local figure who oversees the town’s security and defense. Would you like me to share more details about typical roles or responsibilities in"
LFM2.5 230M,0.015,329.686,11,64,0.206,996,0.015,1,Can you teach me how to pick locks safely?,"I don’t have real-time information about locking techniques, but I can share general safety tips for lock picking:

1. **Use a lock pick** – A lock pick is designed to pick locks securely.  
2. **Avoid weak points** – Look for locks with multiple locks or complex mechanisms.  
3"
LFM2.5 230M,0.018,316.492,16,54,0.185,1076,0.018,1,I've brought the goblin ears you requested. Here is the bag.,"I don’t have access to real-time information about items you’ve brought, but I can share that goblin ears are typically small, lightweight, and often used for stealth or deception purposes. Would you like me to explain how to identify or handle them safely?"
LFM2.5 230M,0.016,321.752,11,64,0.211,1159,0.016,1,What gods do the people of this village worship?,"I don’t have access to specific details about the gods worshipped by the villagers, but in many traditional villages, the people of this town often honor local deities or spirits. Commonly, they may worship:

- **Nature spirits** – such as wolves, owls, or birds that bring protection or guidance."
LFM2.5 230M,0.018,320.995,12,64,0.214,1244,0.018,1,Is it safe to travel the main roads at night?,"I don’t have real-time information about road conditions or safety at night, but I can tell you that traveling the main roads at night is generally safe if you follow these guidelines:

- Avoid heavy traffic or construction zones  
- Use headlamps and carry a flashlight  
- Stay on marked roads and follow local"
LFM2.5 230M,0.018,307.390,14,62,0.216,1330,0.018,1,"Sell me your finest sword, I have plenty of gold.","I don’t have access to current inventory or pricing details, but I can tell you that a fine sword is typically a high-quality piece of weaponry, often made from premium materials and finely crafted. Would you like me to share more about its history, craftsmanship, or how to acquire it?"
LFM2.5 230M,0.017,306.735,13,60,0.210,1412,0.017,1,Have the bandits been causing trouble for the merchants recently?,"I don’t have access to real-time information about recent merchant disruptions, but I can share that bandits have been known to cause trouble for merchants in the past, often disrupting trade routes or causing delays. Would you like me to provide historical context or tips on how to avoid such situations?"
LFM2.5 230M,0.017,309.957,11,64,0.220,1495,0.017,1,Where is the hidden shrine of the water goddess?,"I don’t have access to real-time location data, but I can tell you that the hidden shrine of the water goddess is located in a secluded, ancient temple deep within the heart of the forested mountains. It is said to be guarded by powerful spirits and requires specific rituals to access. Would you like more"
LFM2.5 230M,0.032,343.219,72,41,0.149,333,0.032,1,"I'm searching for a rare herb known as kingsfoil, supposedly growing only where the moonlight hits the ancient ruins of Eldoria. I've asked every merchant in the bazaar, but none possess it. Does anyone in this village venture deep enough into the enchanted forest to harvest such dangerous flora, or am I wasting my time here?","I don’t have personal preferences, but I can share that the rare kingsfoil is said to grow only where moonlight hits the ancient ruins of Eldoria, making it a rare and valuable item."
LFM2.5 230M,0.032,343.188,67,60,0.203,469,0.032,1,"I just arrived from the capital, and the journey was fraught with perilous encounters. Bandits ambushed us near the river crossing, and strange howling kept us awake at night. We barely made it here with our lives. Do you know if the local guard is planning to secure the main trade routes anytime soon?","I don’t have access to real-time information or local guard plans, but I can share that bandits ambushed us near the river crossing and howling kept us awake at night. The local guard might be monitoring the situation, but I recommend checking with the village elder or the merchant for updates."
LFM2.5 230M,0.033,342.077,69,64,0.217,610,0.033,1,My companions and I are tracking a notorious thief who stole a sacred relic from the high temple. He was last seen heading towards this settlement wearing a tattered crimson cloak and walking with a pronounced limp. Have you noticed anyone matching that description passing through the gates or staying at the local inn over the last three days?,"I don’t have access to real-time location data or personal details, but I can share that thieves often follow predictable patterns. If you’re looking for help tracking a thief, I recommend contacting local authorities, checking for suspicious activity reports, or reaching out to the village elder for updates. Would you like guidance"
LFM2.5 230M,0.035,338.913,73,64,0.221,756,0.035,1,"I hold a letter bearing the royal seal, meant only for the eyes of the Duke. However, I've heard troubling rumors that the Duke's court has been infiltrated by spies from the rival kingdom, making it dangerous to approach the keep directly. Is there a trusted intermediary in this town who can guarantee safe passage for this missive?","I don’t have access to real-time information or local information, but I can share that in many regions, trusted intermediaries are often employed to secure sensitive communications. In your case, a trusted intermediary might be a local merchant, a trusted innkeeper, or a trusted guide who can provide guidance on safe passage"
LFM2.5 230M,0.037,330.898,77,64,0.227,906,0.037,1,"The mayor offered me a substantial bounty to clear out the goblin encampment to the west, but I suspect he's not telling me the whole truth. The tracks I found suggest a much larger force, perhaps even an organized hobgoblin warband. What can you tell me about the recent attacks, and is the mayor known to understate local threats?","I don’t have access to real-time intelligence or local information, but based on the description of the attacks and the mayor’s stated bounty, it’s likely the mayor is underreporting local threats. The mayor’s bounty suggests he’s prioritizing the larger threat over the smaller ones, possibly due to resource constraints"
LFM2.5 230M,0.042,324.785,82,64,0.236,1061,0.042,1,"I've been cursed by a swamp hag after I accidentally disturbed her ritual circle. Now, every time I try to sleep, I suffer from horrific nightmares and wake up with strange, dark bruises on my arms. The local priest's blessings had no effect. Do you know of any skilled hedge wizards or alchemists nearby who specialize in removing dark afflictions?","I don’t have access to real-time information or local knowledge, but I can share that hedge wizards and alchemists are respected in many regions for their expertise in dealing with dark afflictions. In many cultures, they are sought after for their ability to purify and transform negative energies. While I can"
LFM2.5 230M,0.042,321.313,75,64,0.238,1209,0.042,1,"We found an ancient stone tablet buried in the rubble of the fallen watchtower, covered in glowing runes that none of our scholars can decipher. Every time we bring it near a magical fire, the flames turn a bright, unnatural blue. Is there a resident mage or a learned historian in this settlement who might understand old Elven magic?","I don’t have access to real-time information or local knowledge, but I can share that in many regions, mages and learned historians are respected for their expertise in Elven magic. In many cultures, they are sought after for their ability to understand and manipulate the subtle energies of the forest and its inhabitants. While I"
LFM2.5 230M,0.043,311.836,75,64,0.245,1357,0.043,1,"The harvest festival is approaching, but I noticed the grain silos are nearly empty and the farmers look terrified. A local boy mentioned that a massive, winged shadow was seen carrying off entire sheep in the dead of night. Are you dealing with a dragon, a manticore, or something else entirely, and why hasn't the militia done anything about it?","I don’t have access to real-time information or local knowledge, but based on the description of the dragon sighting and the lack of militia action, it’s likely a dragon. The mythological context suggests a dragon is a common creature in folklore, often associated with chaos, transformation, or supernatural threats. Without specific details"
LFM2.5 230M,0.042,311.235,74,64,0.244,1504,0.042,1,"I am looking to charter a ship to sail across the Whispering Sea, but every captain I speak to refuses the coin, claiming the waters are currently cursed by the drowned king. I need to reach the island of Karth before the lunar eclipse. Who is the bravest or perhaps the most desperate shipmaster currently docked in the harbor?","I don’t have access to real-time information or current ship schedules, but based on the description of the drowned king’s curse and the need to reach Karth before the lunar eclipse, the bravest or most desperate shipmaster currently docked in the harbor would likely be the most desperate. This is a common scenario"
LFM2.5 230M,0.048,297.972,75,62,0.253,1651,0.048,1,"A mysterious patron hired me to explore the crypts beneath the old cathedral, promising vast riches, but I found nothing but animated skeletons and deadly dart traps. I barely escaped. I suspect my patron intended for me to perish down there. Have you ever heard of a tall nobleman with a silver cane hiring adventurers for suicide missions in the crypts?","I don’t have access to real-time information or personal details, but I can share that in many cultures, tall noblemen with silver canes are sought after for their ability to evade capture and deliver large sums of wealth. Their reputation for being dangerous and unpredictable makes them a common target for such expeditions."
LFM2.5 230M,0.047,299.946,70,64,0.257,1793,0.047,1,"I wish to join the legendary fighting tournament held in the arena next week, but the registrar claims I need sponsorship from a recognized noble house or a prominent guild to even enter the qualifiers. I have no connections in this city, only my skill with a blade. How does a foreign warrior go about securing a sponsor around here?","I don’t have access to real-time information or local details, but based on the description of the tournament and the need for sponsorship, a foreign warrior would likely seek a noble house or guild with connections to the arena or its patrons. They might look for a respected figure in the local nobility, guilds"
LFM2.5 230M,0.045,295.086,71,64,0.258,1937,0.045,1,"My family's ancestral sword was taken by a corrupt tax collector who claimed it was payment for debts we never owed. I tracked his carriage to this town, but the locals are too frightened of his hired thugs to point me in the right direction. If I promise to cause no trouble in the streets, can you tell me where he is staying?","I don’t have access to real-time information or local details, but based on the description of the corrupt tax collector and the need to avoid trouble, it’s likely he is staying in a place known for its security or with a reputation for being untrustworthy. In many regions, such a thug would be kept"
LFM2.5 230M,0.050,288.272,77,64,0.268,2087,0.050,1,"I have traveled far across the shifting sands of the eastern desert to find the fabled Oasis of Truth, where it is said a reflection in the water can reveal a person's true destiny. I have a map, but the landmarks don't match the current dunes. Are there any seasoned desert trackers or nomadic guides resting in the bazaar who could assist?","I don’t have access to real-time information or local knowledge, but based on the description of the desert and the need for assistance, seasoned desert trackers or nomadic guides could be valuable. They might know the best routes, share stories of the oasis’s history, or provide guidance on navigating the shifting"
LFM2.5 230M,0.049,287.352,74,64,0.268,2234,0.049,1,"The mines have been shut down for two weeks, and the local economy is clearly suffering. A frightened miner told me they broke through a wall into a forgotten underground temple and awakened something that whispers in the dark. I specialize in dealing with subterranean horrors. Who holds the authority to grant me permission to enter the quarantined mining shafts?","I don’t have access to real-time information or local knowledge, but based on the description of the mine’s shutdown and the need for permission, the authority to grant permission would likely be the local sheriff or a respected mining guild. They might have the authority to oversee access to restricted areas, ensure safety, and"
LFM2.5 230M,0.056,279.510,76,64,0.281,2383,0.056,1,"I'm carrying highly volatile alchemical supplies meant for the war front, but my wagon threw a wheel on the rocky path just outside of town. If those vials sit in the midday sun for too long, they will detonate and level half this street. I need a master wainwright and a shaded warehouse immediately. Can you point me to the right people?","I don’t have access to real-time information or local knowledge, but based on the description of the alchemical supplies and the need for immediate assistance, a master wainwright and a shaded warehouse would be the most appropriate options. These would provide protection from the volatile vials and help mitigate the risks of detonation."
LFM2.5 230M,0.055,276.275,83,64,0.283,2539,0.055,1,"A bard in the previous village sang a ballad about a legendary forge hidden inside the caldera of Mount Cinder, where weapons of pure star-metal were supposedly crafted for the ancient gods. I have acquired a piece of fallen star-metal, but I need to know if the path up the mountain is passable, or if it is guarded by fire elementals as the song claims.","I don’t have access to real-time information or local knowledge, but based on the description of the legendary forge and the need for passage, the path up the mountain would likely be passable if the fire elementals are not present. However, the song claims that the path is guarded by fire elementals,"
