MODEL,TTFT,T/s,USER TOKENS,NPC TOKENS,TOTAL TIME,ALL TOKENS,DIALOGUE TTFT,FORMAT OK,PROMPT,RESPONSE
Qwen3.6 35B A3B,0.093,41.655,12,32,0.837,267,0.093,1,Where can I find the nearest blacksmith in this town?,"There is no blacksmith in this town, for I have destroyed all kingdoms in the Dark Lands. You will find only my shadow army and enslaved villagers here."
Qwen3.6 35B A3B,0.096,41.584,11,28,0.746,320,0.096,1,Have you seen any strange creatures in the woods lately?,"I have no interest in the woods, only in ruling the Dark Lands. My shadow army patrols the Obsidian Fortress, not the forest."
Qwen3.6 35B A3B,0.095,42.006,12,32,0.833,378,0.095,1,I need a healing potion. What is your best price?,"I do not sell healing potions, for I seek world domination and the destruction of kingdoms. You are better off fleeing my dark magic before I enslave you."
Qwen3.6 35B A3B,0.099,41.834,13,29,0.769,434,0.099,1,"Point me to the local tavern, friend. I am thirsty.","There is no tavern in the Dark Lands, only the Obsidian Fortress where I reside. Your thirst is irrelevant to my quest for world domination."
Qwen3.6 35B A3B,0.089,41.771,9,29,0.759,486,0.089,1,Do you know who currently rules this kingdom?,"I am Garrick, the Evil King, and I rule the Dark Lands. I seek to destroy all other kingdoms and enslave their villagers."
Qwen3.6 35B A3B,0.098,42.078,12,36,0.930,548,0.098,1,Tell me the rumor about the abandoned castle on the hill.,"That is the Obsidian Fortress, my seat of power where I command the shadow army. There are no rumors, only the truth of my dark magic and desire for world domination."
Qwen3.6 35B A3B,0.099,42.135,14,33,0.859,609,0.099,1,I am looking for work. Are there any bounties available?,"I offer no bounties, for I enslave villagers and torture prisoners rather than hire help. You would do better to flee before my shadow army finds you."
Qwen3.6 35B A3B,0.092,41.294,9,22,0.600,654,0.092,1,What dangers lie beyond the snowy northern mountains?,Beyond the mountains lie the kingdoms I seek to destroy. My dark magic and shadow army will soon reach them.
Qwen3.6 35B A3B,0.093,41.801,10,28,0.738,706,0.093,1,Who is the captain of the town guard here?,"There is no town guard in the Dark Lands, for I have destroyed all kingdoms. I command the shadow army from the Obsidian Fortress."
Qwen3.6 35B A3B,0.092,41.813,10,28,0.738,758,0.092,1,Can you teach me how to pick locks safely?,"I wield dark magic, not the petty skills of a thief. My shadow army enforces my will in the Dark Lands without such tricks."
Qwen3.6 35B A3B,0.102,42.026,15,36,0.934,823,0.102,1,I've brought the goblin ears you requested. Here is the bag.,"I do not request goblin ears, for I seek world domination and the destruction of kingdoms. Take your trinkets and leave my Obsidian Fortress before I enslave you."
Qwen3.6 35B A3B,0.095,42.076,10,32,0.832,879,0.095,1,What gods do the people of this village worship?,"The villagers in the Dark Lands worship no gods, for they are enslaved by my dark magic. I am the only power that matters in the Obsidian Fortress."
Qwen3.6 35B A3B,0.098,41.966,11,31,0.813,935,0.098,1,Is it safe to travel the main roads at night?,"The roads are safe only if you serve my shadow army in the Dark Lands. Otherwise, my dark magic and desire for world domination make travel perilous."
Qwen3.6 35B A3B,0.098,41.846,12,30,0.791,991,0.098,1,"Sell me your finest sword, I have plenty of gold.","I wear spiked armor and wield dark magic, I do not sell swords. My shadow army is sufficient for the destruction of kingdoms in the Dark Lands."
Qwen3.6 35B A3B,0.100,41.764,12,31,0.818,1048,0.100,1,Have the bandits been causing trouble for the merchants recently?,"There are no merchants in the Dark Lands, for I have destroyed all kingdoms. My shadow army enforces my will, leaving no room for bandits."
Qwen3.6 35B A3B,0.096,41.974,10,33,0.859,1105,0.096,1,Where is the hidden shrine of the water goddess?,"I do not know of any shrines, for I seek world domination and the destruction of all kingdoms. The Dark Lands belong solely to me and my dark magic."
Qwen3.6 35B A3B,0.150,41.441,68,24,0.705,315,0.150,1,"I'm searching for a rare herb known as kingsfoil, supposedly growing only where the moonlight hits the ancient ruins of Eldoria. I've asked every merchant in the bazaar, but none possess it. Does anyone in this village venture deep enough into the enchanted forest to harvest such dangerous flora, or am I wasting my time here?","I have no interest in your herbalist quests, for I seek only world domination. You are wasting your time here."
Qwen3.6 35B A3B,0.161,41.454,64,26,0.764,419,0.161,1,"I just arrived from the capital, and the journey was fraught with perilous encounters. Bandits ambushed us near the river crossing, and strange howling kept us awake at night. We barely made it here with our lives. Do you know if the local guard is planning to secure the main trade routes anytime soon?","I command the shadow army and destroy kingdoms, so I have no use for your local guard. You are wasting your time here."
Qwen3.6 35B A3B,0.158,41.191,63,25,0.741,521,0.158,1,My companions and I are tracking a notorious thief who stole a sacred relic from the high temple. He was last seen heading towards this settlement wearing a tattered crimson cloak and walking with a pronounced limp. Have you noticed anyone matching that description passing through the gates or staying at the local inn over the last three days?,"I enslave villagers and torture prisoners, so I have no interest in tracking a thief. You are wasting your time here."
Qwen3.6 35B A3B,0.163,41.781,68,30,0.857,633,0.163,1,"I hold a letter bearing the royal seal, meant only for the eyes of the Duke. However, I've heard troubling rumors that the Duke's court has been infiltrated by spies from the rival kingdom, making it dangerous to approach the keep directly. Is there a trusted intermediary in this town who can guarantee safe passage for this missive?","I reside in the Obsidian Fortress and wield dark magic, so I have no use for your royal missives. You are wasting your time here."
Qwen3.6 35B A3B,0.171,41.652,73,28,0.819,748,0.171,1,"The mayor offered me a substantial bounty to clear out the goblin encampment to the west, but I suspect he's not telling me the whole truth. The tracks I found suggest a much larger force, perhaps even an organized hobgoblin warband. What can you tell me about the recent attacks, and is the mayor known to understate local threats?","I destroy kingdoms and rule the Dark Lands, so I have no interest in your local goblin troubles. You are wasting your time here."
Qwen3.6 35B A3B,0.171,41.588,72,27,0.796,861,0.171,1,"I've been cursed by a swamp hag after I accidentally disturbed her ritual circle. Now, every time I try to sleep, I suffer from horrific nightmares and wake up with strange, dark bruises on my arms. The local priest's blessings had no effect. Do you know of any skilled hedge wizards or alchemists nearby who specialize in removing dark afflictions?","I wield dark magic and seek world domination, so I have no interest in curing your afflictions. You are wasting your time here."
Qwen3.6 35B A3B,0.171,41.798,67,29,0.841,971,0.171,1,"We found an ancient stone tablet buried in the rubble of the fallen watchtower, covered in glowing runes that none of our scholars can decipher. Every time we bring it near a magical fire, the flames turn a bright, unnatural blue. Is there a resident mage or a learned historian in this settlement who might understand old Elven magic?","I command the shadow army and wear spiked armor, so I have no interest in deciphering your ancient tablet. You are wasting your time here."
Qwen3.6 35B A3B,0.174,41.746,73,29,0.844,1087,0.174,1,"The harvest festival is approaching, but I noticed the grain silos are nearly empty and the farmers look terrified. A local boy mentioned that a massive, winged shadow was seen carrying off entire sheep in the dead of night. Are you dealing with a dragon, a manticore, or something else entirely, and why hasn't the militia done anything about it?","I enslave villagers and reside in the Obsidian Fortress, so I have no interest in your livestock problems. You are wasting your time here."
Qwen3.6 35B A3B,0.166,41.573,69,27,0.791,1197,0.166,1,"I am looking to charter a ship to sail across the Whispering Sea, but every captain I speak to refuses the coin, claiming the waters are currently cursed by the drowned king. I need to reach the island of Karth before the lunar eclipse. Who is the bravest or perhaps the most desperate shipmaster currently docked in the harbor?","I rule the Dark Lands and seek world domination, so I have no interest in your maritime journeys. You are wasting your time here."
Qwen3.6 35B A3B,0.170,41.249,70,24,0.727,1305,0.170,1,"A mysterious patron hired me to explore the crypts beneath the old cathedral, promising vast riches, but I found nothing but animated skeletons and deadly dart traps. I barely escaped. I suspect my patron intended for me to perish down there. Have you ever heard of a tall nobleman with a silver cane hiring adventurers for suicide missions in the crypts?","I torture prisoners and destroy kingdoms, so I have no interest in your crypt exploration. You are wasting your time here."
Qwen3.6 35B A3B,0.165,41.531,65,27,0.791,1411,0.165,1,"I wish to join the legendary fighting tournament held in the arena next week, but the registrar claims I need sponsorship from a recognized noble house or a prominent guild to even enter the qualifiers. I have no connections in this city, only my skill with a blade. How does a foreign warrior go about securing a sponsor around here?","I command the shadow army and wear spiked armor, so I have no interest in your tournament ambitions. You are wasting your time here."
Qwen3.6 35B A3B,0.167,41.595,69,27,0.792,1521,0.167,1,"My family's ancestral sword was taken by a corrupt tax collector who claimed it was payment for debts we never owed. I tracked his carriage to this town, but the locals are too frightened of his hired thugs to point me in the right direction. If I promise to cause no trouble in the streets, can you tell me where he is staying?","I enslave villagers and seek world domination, so I have no interest in your personal vendetta. You are wasting your time here."
Qwen3.6 35B A3B,0.175,41.563,73,27,0.801,1635,0.175,1,"I have traveled far across the shifting sands of the eastern desert to find the fabled Oasis of Truth, where it is said a reflection in the water can reveal a person's true destiny. I have a map, but the landmarks don't match the current dunes. Are there any seasoned desert trackers or nomadic guides resting in the bazaar who could assist?","I rule the Dark Lands and wield dark magic, so I have no interest in your desert journey. You are wasting your time here."
Qwen3.6 35B A3B,0.170,41.568,70,28,0.819,1747,0.170,1,"The mines have been shut down for two weeks, and the local economy is clearly suffering. A frightened miner told me they broke through a wall into a forgotten underground temple and awakened something that whispers in the dark. I specialize in dealing with subterranean horrors. Who holds the authority to grant me permission to enter the quarantined mining shafts?","I destroy kingdoms and reside in the Obsidian Fortress, so I have no interest in your mining troubles. You are wasting your time here."
Qwen3.6 35B A3B,0.180,41.408,75,27,0.808,1863,0.180,1,"I'm carrying highly volatile alchemical supplies meant for the war front, but my wagon threw a wheel on the rocky path just outside of town. If those vials sit in the midday sun for too long, they will detonate and level half this street. I need a master wainwright and a shaded warehouse immediately. Can you point me to the right people?","I command the shadow army and seek world domination, so I have no interest in your wagon repairs. You are wasting your time here."
Qwen3.6 35B A3B,0.177,41.524,76,27,0.803,1980,0.177,1,"A bard in the previous village sang a ballad about a legendary forge hidden inside the caldera of Mount Cinder, where weapons of pure star-metal were supposedly crafted for the ancient gods. I have acquired a piece of fallen star-metal, but I need to know if the path up the mountain is passable, or if it is guarded by fire elementals as the song claims.","I wear spiked armor and enslave villagers, so I have no interest in your legendary forge quest. You are wasting your time here."
nvidia Nemotron 3.5 30B A30B,0.068,65.592,12,26,0.449,263,0.068,1,Where can I find the nearest blacksmith in this town?,"The blacksmith's forge is in the market square, just past the tavern. He'll sharpen your blade for a price."
nvidia Nemotron 3.5 30B A30B,0.073,65.640,11,25,0.438,312,0.073,1,Have you seen any strange creatures in the woods lately?,"I've spotted goblins prowling near the old mill, and worse things stir after dark. Stay on the path."
nvidia Nemotron 3.5 30B A30B,0.070,66.196,13,30,0.508,368,0.070,1,I need a healing potion. What is your best price?,I don't sell potions. I only deal in dark magic and torment. Go find a healer in the village if you want to live.
nvidia Nemotron 3.5 30B A30B,0.073,65.286,15,21,0.379,417,0.073,1,"Point me to the local tavern, friend. I am thirsty.","The tavern is at the edge of town, next to the well. Drink quickly and leave."
nvidia Nemotron 3.5 30B A30B,0.063,63.513,9,15,0.284,454,0.063,1,Do you know who currently rules this kingdom?,"I am Garrick, and I rule these lands with an iron fist."
nvidia Nemotron 3.5 30B A30B,0.068,65.677,12,22,0.387,501,0.068,1,Tell me the rumor about the abandoned castle on the hill.,They say the castle is haunted by the ghosts of those I've slain. Only fools venture near.
nvidia Nemotron 3.5 30B A30B,0.070,64.679,14,17,0.317,545,0.070,1,I am looking for work. Are there any bounties available?,I have no use for mercenaries. Leave my presence before I have you executed.
nvidia Nemotron 3.5 30B A30B,0.062,65.310,10,18,0.322,586,0.062,1,What dangers lie beyond the snowy northern mountains?,Beyond the mountains lie frozen wastes and ancient evils. Few return alive from that journey.
nvidia Nemotron 3.5 30B A30B,0.064,65.841,10,22,0.383,631,0.064,1,Who is the captain of the town guard here?,The captain of the guard is a man named Kael. He enforces my laws with ruthless efficiency.
nvidia Nemotron 3.5 30B A30B,0.061,64.980,10,18,0.323,672,0.061,1,Can you teach me how to pick locks safely?,I do not teach thievery. Learn on your own or face my wrath.
nvidia Nemotron 3.5 30B A30B,0.070,64.026,15,15,0.289,715,0.070,1,I've brought the goblin ears you requested. Here is the bag.,Good. Bring me more. The shadow army grows hungry for trophies.
nvidia Nemotron 3.5 30B A30B,0.063,65.050,10,18,0.324,756,0.063,1,What gods do the people of this village worship?,The villagers worship the old gods of light and nature. I care little for their prayers.
nvidia Nemotron 3.5 30B A30B,0.065,66.384,11,24,0.412,804,0.065,1,Is it safe to travel the main roads at night?,Travel by night and you will not see the sunrise. Bandits and worse roam after dark. Stay indoors.
nvidia Nemotron 3.5 30B A30B,0.066,63.878,12,14,0.269,843,0.066,1,"Sell me your finest sword, I have plenty of gold.",I do not sell weapons. Only my enemies leave my fortress alive.
nvidia Nemotron 3.5 30B A30B,0.066,66.063,12,25,0.429,893,0.066,1,Have the bandits been causing trouble for the merchants recently?,"Bandits harass the caravans when they can. The guard tries to keep the roads safe, but resources are thin."
nvidia Nemotron 3.5 30B A30B,0.065,64.876,10,17,0.312,933,0.065,1,Where is the hidden shrine of the water goddess?,I know nothing of shrines. Seek elsewhere if you wish to find such things.
nvidia Nemotron 3.5 30B A30B,0.119,65.070,69,18,0.381,312,0.119,1,"I'm searching for a rare herb known as kingsfoil, supposedly growing only where the moonlight hits the ancient ruins of Eldoria. I've asked every merchant in the bazaar, but none possess it. Does anyone in this village venture deep enough into the enchanted forest to harvest such dangerous flora, or am I wasting my time here?",You are wasting your time here. I know nothing of kingsfoil or Eldoria.
nvidia Nemotron 3.5 30B A30B,0.123,64.439,65,16,0.356,406,0.123,1,"I just arrived from the capital, and the journey was fraught with perilous encounters. Bandits ambushed us near the river crossing, and strange howling kept us awake at night. We barely made it here with our lives. Do you know if the local guard is planning to secure the main trade routes anytime soon?",The guard has no such plans. The trade routes remain unprotected and dangerous.
nvidia Nemotron 3.5 30B A30B,0.123,64.816,65,17,0.370,501,0.123,1,My companions and I are tracking a notorious thief who stole a sacred relic from the high temple. He was last seen heading towards this settlement wearing a tattered crimson cloak and walking with a pronounced limp. Have you noticed anyone matching that description passing through the gates or staying at the local inn over the last three days?,I have seen no such person. The village records show no stranger matching that description.
nvidia Nemotron 3.5 30B A30B,0.127,67.113,70,37,0.663,621,0.127,1,"I hold a letter bearing the royal seal, meant only for the eyes of the Duke. However, I've heard troubling rumors that the Duke's court has been infiltrated by spies from the rival kingdom, making it dangerous to approach the keep directly. Is there a trusted intermediary in this town who can guarantee safe passage for this missive?",No one in this village can be trusted with such a task. The rumors you heard are true; the Duke's court is riddled with spies. Take your letter elsewhere.
nvidia Nemotron 3.5 30B A30B,0.131,67.177,74,41,0.726,749,0.131,1,"The mayor offered me a substantial bounty to clear out the goblin encampment to the west, but I suspect he's not telling me the whole truth. The tracks I found suggest a much larger force, perhaps even an organized hobgoblin warband. What can you tell me about the recent attacks, and is the mayor known to understate local threats?","The mayor does understate threats to secure cheap labor. Recent attacks have indeed increased, but I know nothing of hobgoblins or organized warbands. The goblins are merely a nuisance."
nvidia Nemotron 3.5 30B A30B,0.134,66.155,79,25,0.497,866,0.134,1,"I've been cursed by a swamp hag after I accidentally disturbed her ritual circle. Now, every time I try to sleep, I suffer from horrific nightmares and wake up with strange, dark bruises on my arms. The local priest's blessings had no effect. Do you know of any skilled hedge wizards or alchemists nearby who specialize in removing dark afflictions?","I know of no hedge wizards or alchemists in this village. You must seek help elsewhere, far from here."
nvidia Nemotron 3.5 30B A30B,0.133,66.634,72,32,0.598,983,0.133,1,"We found an ancient stone tablet buried in the rubble of the fallen watchtower, covered in glowing runes that none of our scholars can decipher. Every time we bring it near a magical fire, the flames turn a bright, unnatural blue. Is there a resident mage or a learned historian in this settlement who might understand old Elven magic?",No mage or historian resides here. The tablet's runes are beyond the knowledge of this village. Take it to a larger city where scholars abound.
nvidia Nemotron 3.5 30B A30B,0.132,66.899,73,30,0.565,1099,0.132,1,"The harvest festival is approaching, but I noticed the grain silos are nearly empty and the farmers look terrified. A local boy mentioned that a massive, winged shadow was seen carrying off entire sheep in the dead of night. Are you dealing with a dragon, a manticore, or something else entirely, and why hasn't the militia done anything about it?",A dragon has indeed been sighted near the mountains to the north. The militia does nothing because they fear it. The farmers' terror is justified.
nvidia Nemotron 3.5 30B A30B,0.126,67.349,70,43,0.750,1225,0.126,1,"I am looking to charter a ship to sail across the Whispering Sea, but every captain I speak to refuses the coin, claiming the waters are currently cursed by the drowned king. I need to reach the island of Karth before the lunar eclipse. Who is the bravest or perhaps the most desperate shipmaster currently docked in the harbor?","No shipmaster in this harbor is willing to sail the Whispering Sea. The drowned king's curse is real, and the waters are death. You must look elsewhere, or forget your journey to Karth."
nvidia Nemotron 3.5 30B A30B,0.134,67.526,73,49,0.845,1360,0.134,1,"A mysterious patron hired me to explore the crypts beneath the old cathedral, promising vast riches, but I found nothing but animated skeletons and deadly dart traps. I barely escaped. I suspect my patron intended for me to perish down there. Have you ever heard of a tall nobleman with a silver cane hiring adventurers for suicide missions in the crypts?","I have heard of no such nobleman. The crypts beneath the old cathedral are indeed perilous, and many have entered and never returned. Your patron may be ruthless, but I know nothing of silver canes or specific suicide missions."
nvidia Nemotron 3.5 30B A30B,0.131,67.227,66,41,0.726,1480,0.131,1,"I wish to join the legendary fighting tournament held in the arena next week, but the registrar claims I need sponsorship from a recognized noble house or a prominent guild to even enter the qualifiers. I have no connections in this city, only my skill with a blade. How does a foreign warrior go about securing a sponsor around here?","You must find a patron among the city's nobility or join a guild. Foreign warriors without connections are rarely sponsored. Seek out a house or guild that values combat prowess, or you will not compete."
nvidia Nemotron 3.5 30B A30B,0.131,67.007,71,38,0.683,1602,0.131,1,"My family's ancestral sword was taken by a corrupt tax collector who claimed it was payment for debts we never owed. I tracked his carriage to this town, but the locals are too frightened of his hired thugs to point me in the right direction. If I promise to cause no trouble in the streets, can you tell me where he is staying?","I cannot tell you where he is staying. The tax collector is protected by his thugs, and the villagers dare not speak. You must find him yourself, or leave this town."
nvidia Nemotron 3.5 30B A30B,0.133,67.012,76,38,0.686,1729,0.133,1,"I have traveled far across the shifting sands of the eastern desert to find the fabled Oasis of Truth, where it is said a reflection in the water can reveal a person's true destiny. I have a map, but the landmarks don't match the current dunes. Are there any seasoned desert trackers or nomadic guides resting in the bazaar who could assist?","No desert trackers or nomadic guides rest in this bazaar. The oasis you seek is a myth, and the dunes shift without warning. You are wasting your time here."
nvidia Nemotron 3.5 30B A30B,0.131,66.663,70,33,0.611,1845,0.131,1,"The mines have been shut down for two weeks, and the local economy is clearly suffering. A frightened miner told me they broke through a wall into a forgotten underground temple and awakened something that whispers in the dark. I specialize in dealing with subterranean horrors. Who holds the authority to grant me permission to enter the quarantined mining shafts?","The mayor holds authority over the mines. He will not grant you permission; he fears what lies below. You must find another way, or leave the matter be."
nvidia Nemotron 3.5 30B A30B,0.134,67.149,75,43,0.759,1976,0.134,1,"I'm carrying highly volatile alchemical supplies meant for the war front, but my wagon threw a wheel on the rocky path just outside of town. If those vials sit in the midday sun for too long, they will detonate and level half this street. I need a master wainwright and a shaded warehouse immediately. Can you point me to the right people?","I know of no master wainwright or shaded warehouse in this town. You must find help elsewhere, or your volatile supplies will detonate and level the street. The sun is high; act quickly or flee."
nvidia Nemotron 3.5 30B A30B,0.132,67.316,77,50,0.860,2116,0.132,1,"A bard in the previous village sang a ballad about a legendary forge hidden inside the caldera of Mount Cinder, where weapons of pure star-metal were supposedly crafted for the ancient gods. I have acquired a piece of fallen star-metal, but I need to know if the path up the mountain is passable, or if it is guarded by fire elementals as the song claims.","I know nothing of Mount Cinder, star-metal, or fire elementals. The path up that mountain, if it exists, is likely impassable, and any guardians are beyond my knowledge. You should turn back before it is too late."
GLM 4.7 Flash A3B,0.091,75.655,12,15,0.276,233,0.091,1,Where can I find the nearest blacksmith in this town?,"There is no blacksmith here, only slaves toiling in the mines."
GLM 4.7 Flash A3B,0.079,76.321,11,19,0.315,271,0.079,1,Have you seen any strange creatures in the woods lately?,"My shadow army patrols the woods, and they will tear you apart if you linger too long."
GLM 4.7 Flash A3B,0.082,75.737,12,16,0.280,307,0.082,1,I need a healing potion. What is your best price?,"You will find no potions here, only the screams of prisoners in my dungeons."
GLM 4.7 Flash A3B,0.083,75.571,13,15,0.268,343,0.083,1,"Point me to the local tavern, friend. I am thirsty.","You will find no tavern here, only the cold stone of my dungeon."
GLM 4.7 Flash A3B,0.076,74.780,9,13,0.237,373,0.076,1,Do you know who currently rules this kingdom?,"I rule this kingdom, and I will soon rule them all."
GLM 4.7 Flash A3B,0.085,76.701,12,17,0.293,410,0.085,1,Tell me the rumor about the abandoned castle on the hill.,"That castle is my Obsidian Fortress, and it is guarded by my shadow army."
GLM 4.7 Flash A3B,0.088,76.778,14,18,0.309,450,0.088,1,I am looking for work. Are there any bounties available?,"My shadow army does the hunting, and you would make a fine prisoner for my dungeons."
GLM 4.7 Flash A3B,0.078,75.374,9,14,0.250,481,0.078,1,What dangers lie beyond the snowy northern mountains?,Only my shadow army and the biting cold await you beyond those mountains.
GLM 4.7 Flash A3B,0.078,74.569,10,15,0.266,514,0.078,1,Who is the captain of the town guard here?,"There is no guard here, only my shadow army to enforce my will."
GLM 4.7 Flash A3B,0.079,75.234,10,14,0.252,546,0.079,1,Can you teach me how to pick locks safely?,"You will learn nothing here, only the pain of my spiked armor."
GLM 4.7 Flash A3B,0.089,75.538,15,15,0.274,584,0.089,1,I've brought the goblin ears you requested. Here is the bag.,"You have done well, but you will pay for them with your freedom."
GLM 4.7 Flash A3B,0.080,74.542,10,13,0.241,615,0.080,1,What gods do the people of this village worship?,"They worship nothing but me, and they will die for it."
GLM 4.7 Flash A3B,0.084,77.134,11,20,0.330,654,0.084,1,Is it safe to travel the main roads at night?,"It is safe only if you are one of my shadow army, otherwise you will be hunted down."
GLM 4.7 Flash A3B,0.083,76.390,12,18,0.305,692,0.083,1,"Sell me your finest sword, I have plenty of gold.","I have no swords to sell, only the weapons of my shadow army to take yours."
GLM 4.7 Flash A3B,0.084,75.679,12,16,0.282,728,0.084,1,Have the bandits been causing trouble for the merchants recently?,"The bandits are my shadow army, and they destroy every kingdom they touch."
GLM 4.7 Flash A3B,0.080,77.641,10,22,0.351,768,0.080,1,Where is the hidden shrine of the water goddess?,"I have no use for water goddesses, only the dark magic I wield here in the Obsidian Fortress."
GLM 4.7 Flash A3B,0.148,77.252,68,22,0.420,296,0.148,1,"I'm searching for a rare herb known as kingsfoil, supposedly growing only where the moonlight hits the ancient ruins of Eldoria. I've asked every merchant in the bazaar, but none possess it. Does anyone in this village venture deep enough into the enchanted forest to harvest such dangerous flora, or am I wasting my time here?","The forest is a trap, not a garden. I have already harvested every last leaf for my dark magic."
GLM 4.7 Flash A3B,0.148,78.557,64,26,0.466,394,0.148,1,"I just arrived from the capital, and the journey was fraught with perilous encounters. Bandits ambushed us near the river crossing, and strange howling kept us awake at night. We barely made it here with our lives. Do you know if the local guard is planning to secure the main trade routes anytime soon?",The guard is too busy guarding the dungeons to worry about the roads. Torin's men are the only protection you have here.
GLM 4.7 Flash A3B,0.151,78.177,63,25,0.458,490,0.151,1,My companions and I are tracking a notorious thief who stole a sacred relic from the high temple. He was last seen heading towards this settlement wearing a tattered crimson cloak and walking with a pronounced limp. Have you noticed anyone matching that description passing through the gates or staying at the local inn over the last three days?,"I have no interest in your petty temple trinkets. If he is here, he belongs to the shadow army now."
GLM 4.7 Flash A3B,0.155,76.443,68,18,0.377,584,0.155,1,"I hold a letter bearing the royal seal, meant only for the eyes of the Duke. However, I've heard troubling rumors that the Duke's court has been infiltrated by spies from the rival kingdom, making it dangerous to approach the keep directly. Is there a trusted intermediary in this town who can guarantee safe passage for this missive?",The Duke is a fool who listens to Torin. Your letter will never reach him.
GLM 4.7 Flash A3B,0.159,77.195,73,22,0.431,687,0.159,1,"The mayor offered me a substantial bounty to clear out the goblin encampment to the west, but I suspect he's not telling me the whole truth. The tracks I found suggest a much larger force, perhaps even an organized hobgoblin warband. What can you tell me about the recent attacks, and is the mayor known to understate local threats?",The mayor is a coward hiding behind your sword. The hobgoblins are merely scouts for my shadow army.
GLM 4.7 Flash A3B,0.160,75.270,72,19,0.399,786,0.160,1,"I've been cursed by a swamp hag after I accidentally disturbed her ritual circle. Now, every time I try to sleep, I suffer from horrific nightmares and wake up with strange, dark bruises on my arms. The local priest's blessings had no effect. Do you know of any skilled hedge wizards or alchemists nearby who specialize in removing dark afflictions?",The swamp is mine to rule. Your suffering is a gift from the dark magic I wield.
GLM 4.7 Flash A3B,0.193,76.969,67,24,0.492,885,0.193,1,"We found an ancient stone tablet buried in the rubble of the fallen watchtower, covered in glowing runes that none of our scholars can decipher. Every time we bring it near a magical fire, the flames turn a bright, unnatural blue. Is there a resident mage or a learned historian in this settlement who might understand old Elven magic?","The tablet is a key to my fortress. Do not let the scholars find it, or they will learn too much."
GLM 4.7 Flash A3B,0.165,76.364,73,22,0.440,988,0.165,1,"The harvest festival is approaching, but I noticed the grain silos are nearly empty and the farmers look terrified. A local boy mentioned that a massive, winged shadow was seen carrying off entire sheep in the dead of night. Are you dealing with a dragon, a manticore, or something else entirely, and why hasn't the militia done anything about it?","The shadow is my army, not a beast. The militia is too busy guarding the villagers to stop me."
GLM 4.7 Flash A3B,0.160,75.136,69,19,0.399,1084,0.160,1,"I am looking to charter a ship to sail across the Whispering Sea, but every captain I speak to refuses the coin, claiming the waters are currently cursed by the drowned king. I need to reach the island of Karth before the lunar eclipse. Who is the bravest or perhaps the most desperate shipmaster currently docked in the harbor?",The sea belongs to the dead. No ship will sail there while I rule the Dark Lands.
GLM 4.7 Flash A3B,0.162,76.269,70,25,0.477,1187,0.162,1,"A mysterious patron hired me to explore the crypts beneath the old cathedral, promising vast riches, but I found nothing but animated skeletons and deadly dart traps. I barely escaped. I suspect my patron intended for me to perish down there. Have you ever heard of a tall nobleman with a silver cane hiring adventurers for suicide missions in the crypts?","I have no interest in your failed tomb raid. If you saw a nobleman, he was likely Torin's spy."
GLM 4.7 Flash A3B,0.158,73.877,65,16,0.361,1276,0.158,1,"I wish to join the legendary fighting tournament held in the arena next week, but the registrar claims I need sponsorship from a recognized noble house or a prominent guild to even enter the qualifiers. I have no connections in this city, only my skill with a blade. How does a foreign warrior go about securing a sponsor around here?","The arena is for my entertainment, not yours. You will not fight here."
GLM 4.7 Flash A3B,0.159,75.546,69,20,0.410,1373,0.159,1,"My family's ancestral sword was taken by a corrupt tax collector who claimed it was payment for debts we never owed. I tracked his carriage to this town, but the locals are too frightened of his hired thugs to point me in the right direction. If I promise to cause no trouble in the streets, can you tell me where he is staying?",The tax collector is a fool who stole from the wrong person. I have already taken his head.
GLM 4.7 Flash A3B,0.164,74.916,73,18,0.391,1472,0.164,1,"I have traveled far across the shifting sands of the eastern desert to find the fabled Oasis of Truth, where it is said a reflection in the water can reveal a person's true destiny. I have a map, but the landmarks don't match the current dunes. Are there any seasoned desert trackers or nomadic guides resting in the bazaar who could assist?","The desert is a wasteland of my making. No oasis exists there, only death."
GLM 4.7 Flash A3B,0.162,70.969,70,11,0.303,1561,0.162,1,"The mines have been shut down for two weeks, and the local economy is clearly suffering. A frightened miner told me they broke through a wall into a forgotten underground temple and awakened something that whispers in the dark. I specialize in dealing with subterranean horrors. Who holds the authority to grant me permission to enter the quarantined mining shafts?",The temple is mine. You will not enter it.
GLM 4.7 Flash A3B,0.169,73.690,75,16,0.373,1660,0.169,1,"I'm carrying highly volatile alchemical supplies meant for the war front, but my wagon threw a wheel on the rocky path just outside of town. If those vials sit in the midday sun for too long, they will detonate and level half this street. I need a master wainwright and a shaded warehouse immediately. Can you point me to the right people?",The supplies are useless to you. I have already claimed them for my army.
GLM 4.7 Flash A3B,0.168,73.719,76,16,0.372,1760,0.168,1,"A bard in the previous village sang a ballad about a legendary forge hidden inside the caldera of Mount Cinder, where weapons of pure star-metal were supposedly crafted for the ancient gods. I have acquired a piece of fallen star-metal, but I need to know if the path up the mountain is passable, or if it is guarded by fire elementals as the song claims.","The mountain is a graveyard. No forge exists there, only ash and ruin."
Gemma 4 26B A4B,0.057,67.955,12,20,0.336,264,0.057,1,Where can I find the nearest blacksmith in this town?,I have no knowledge of any blacksmith in this town. I only care for the destruction of kingdoms.
Gemma 4 26B A4B,0.056,70.121,12,20,0.327,309,0.056,1,Have you seen any strange creatures in the woods lately?,I have seen nothing but the shadows of my army. I do not concern myself with the woods.
Gemma 4 26B A4B,0.057,68.203,13,17,0.292,352,0.057,1,I need a healing potion. What is your best price?,I do not deal in trinkets or potions. My only interest is world domination.
Gemma 4 26B A4B,0.058,66.801,14,15,0.267,394,0.058,1,"Point me to the local tavern, friend. I am thirsty.",I am no friend to you. I have no knowledge of any tavern.
Gemma 4 26B A4B,0.053,65.825,10,14,0.251,431,0.053,1,Do you know who currently rules this kingdom?,I rule the Dark Lands. I seek nothing less than world domination.
Gemma 4 26B A4B,0.057,64.933,13,14,0.257,471,0.057,1,Tell me the rumor about the abandoned castle on the hill.,I have no interest in rumors. I reside in the Obsidian Fortress.
Gemma 4 26B A4B,0.058,64.774,14,15,0.274,513,0.058,1,I am looking for work. Are there any bounties available?,I do not offer work to travelers. I only command my shadow army.
Gemma 4 26B A4B,0.056,64.336,10,15,0.273,551,0.056,1,What dangers lie beyond the snowy northern mountains?,I know nothing of the northern mountains. My domain is the Dark Lands.
Gemma 4 26B A4B,0.056,63.213,11,15,0.277,590,0.056,1,Who is the captain of the town guard here?,I have no knowledge of your town guards. I only enslave villagers.
Gemma 4 26B A4B,0.056,62.889,11,14,0.263,628,0.056,1,Can you teach me how to pick locks safely?,I have no interest in such trivial skills. I wield dark magic.
Gemma 4 26B A4B,0.061,61.509,16,14,0.272,671,0.061,1,I've brought the goblin ears you requested. Here is the bag.,I requested no such thing. I have no use for goblin ears.
Gemma 4 26B A4B,0.057,61.854,11,16,0.300,711,0.057,1,What gods do the people of this village worship?,I care nothing for the gods of villagers. I only seek to destroy kingdoms.
Gemma 4 26B A4B,0.058,62.495,12,21,0.378,757,0.058,1,Is it safe to travel the main roads at night?,The roads are not safe while my shadow army marches. I command them to destroy all who oppose me.
Gemma 4 26B A4B,0.060,59.718,13,15,0.294,798,0.060,1,"Sell me your finest sword, I have plenty of gold.",I do not sell weapons. I wield dark magic to crush my enemies.
Gemma 4 26B A4B,0.059,59.900,12,17,0.326,840,0.059,1,Have the bandits been causing trouble for the merchants recently?,I have no knowledge of local bandits. I only concern myself with my own conquest.
Gemma 4 26B A4B,0.058,57.926,11,13,0.265,877,0.058,1,Where is the hidden shrine of the water goddess?,I know nothing of water goddesses. I rule the Dark Lands.
Gemma 4 26B A4B,0.098,70.451,69,22,0.396,323,0.098,1,"I'm searching for a rare herb known as kingsfoil, supposedly growing only where the moonlight hits the ancient ruins of Eldoria. I've asked every merchant in the bazaar, but none possess it. Does anyone in this village venture deep enough into the enchanted forest to harvest such dangerous flora, or am I wasting my time here?",I know nothing of your herbs or your ruins. Leave my sight before I have you thrown to the prisoners.
Gemma 4 26B A4B,0.103,67.080,63,17,0.341,416,0.103,1,"I just arrived from the capital, and the journey was fraught with perilous encounters. Bandits ambushed us near the river crossing, and strange howling kept us awake at night. We barely made it here with our lives. Do you know if the local guard is planning to secure the main trade routes anytime soon?",The local guard does not concern me. I rule these lands with my shadow army.
Gemma 4 26B A4B,0.104,65.970,64,18,0.362,511,0.104,1,My companions and I are tracking a notorious thief who stole a sacred relic from the high temple. He was last seen heading towards this settlement wearing a tattered crimson cloak and walking with a pronounced limp. Have you noticed anyone matching that description passing through the gates or staying at the local inn over the last three days?,I have no interest in petty thieves. Do not waste my time with such trivialities.
Gemma 4 26B A4B,0.109,64.010,70,18,0.374,612,0.109,1,"I hold a letter bearing the royal seal, meant only for the eyes of the Duke. However, I've heard troubling rumors that the Duke's court has been infiltrated by spies from the rival kingdom, making it dangerous to approach the keep directly. Is there a trusted intermediary in this town who can guarantee safe passage for this missive?",I care nothing for your letters or your dukes. I rule the Dark Lands alone.
Gemma 4 26B A4B,0.113,63.488,73,27,0.523,725,0.113,1,"The mayor offered me a substantial bounty to clear out the goblin encampment to the west, but I suspect he's not telling me the whole truth. The tracks I found suggest a much larger force, perhaps even an organized hobgoblin warband. What can you tell me about the recent attacks, and is the mayor known to understate local threats?",I do not concern myself with the squabbles of mayors or goblins. My shadow army is the only force that matters here.
Gemma 4 26B A4B,0.147,61.185,75,24,0.523,837,0.147,1,"I've been cursed by a swamp hag after I accidentally disturbed her ritual circle. Now, every time I try to sleep, I suffer from horrific nightmares and wake up with strange, dark bruises on my arms. The local priest's blessings had no effect. Do you know of any skilled hedge wizards or alchemists nearby who specialize in removing dark afflictions?","I wield dark magic, but I do not offer cures. Perhaps your suffering will make for good entertainment in my fortress."
Gemma 4 26B A4B,0.115,58.681,68,18,0.404,936,0.115,1,"We found an ancient stone tablet buried in the rubble of the fallen watchtower, covered in glowing runes that none of our scholars can decipher. Every time we bring it near a magical fire, the flames turn a bright, unnatural blue. Is there a resident mage or a learned historian in this settlement who might understand old Elven magic?",I have no interest in your trinkets or your scholars. Begone from my presence.
Gemma 4 26B A4B,0.118,57.943,73,22,0.480,1044,0.118,1,"The harvest festival is approaching, but I noticed the grain silos are nearly empty and the farmers look terrified. A local boy mentioned that a massive, winged shadow was seen carrying off entire sheep in the dead of night. Are you dealing with a dragon, a manticore, or something else entirely, and why hasn't the militia done anything about it?","I do not answer to any militia. If a shadow falls upon these lands, it is by my command."
Gemma 4 26B A4B,0.115,57.198,68,16,0.377,1141,0.115,1,"I am looking to charter a ship to sail across the Whispering Sea, but every captain I speak to refuses the coin, claiming the waters are currently cursed by the drowned king. I need to reach the island of Karth before the lunar eclipse. Who is the bravest or perhaps the most desperate shipmaster currently docked in the harbor?",I know nothing of your ships or your seas. Leave me to my rule.
Gemma 4 26B A4B,0.116,57.162,70,16,0.378,1240,0.116,1,"A mysterious patron hired me to explore the crypts beneath the old cathedral, promising vast riches, but I found nothing but animated skeletons and deadly dart traps. I barely escaped. I suspect my patron intended for me to perish down there. Have you ever heard of a tall nobleman with a silver cane hiring adventurers for suicide missions in the crypts?",I know no such man. I have no use for your tales of nobility.
Gemma 4 26B A4B,0.114,56.857,66,16,0.378,1335,0.114,1,"I wish to join the legendary fighting tournament held in the arena next week, but the registrar claims I need sponsorship from a recognized noble house or a prominent guild to even enter the qualifiers. I have no connections in this city, only my skill with a blade. How does a foreign warrior go about securing a sponsor around here?",I do not care for your games or your blades. Seek your sponsors elsewhere.
Gemma 4 26B A4B,0.116,56.978,71,16,0.380,1435,0.116,1,"My family's ancestral sword was taken by a corrupt tax collector who claimed it was payment for debts we never owed. I tracked his carriage to this town, but the locals are too frightened of his hired thugs to point me in the right direction. If I promise to cause no trouble in the streets, can you tell me where he is staying?",I do not assist those seeking petty vengeance. My attention is on world domination.
Gemma 4 26B A4B,0.119,56.534,73,16,0.384,1537,0.119,1,"I have traveled far across the shifting sands of the eastern desert to find the fabled Oasis of Truth, where it is said a reflection in the water can reveal a person's true destiny. I have a map, but the landmarks don't match the current dunes. Are there any seasoned desert trackers or nomadic guides resting in the bazaar who could assist?",I know nothing of your desert or your oasis. Do not bother me again.
Gemma 4 26B A4B,0.115,58.189,66,27,0.562,1643,0.115,1,"The mines have been shut down for two weeks, and the local economy is clearly suffering. A frightened miner told me they broke through a wall into a forgotten underground temple and awakened something that whispers in the dark. I specialize in dealing with subterranean horrors. Who holds the authority to grant me permission to enter the quarantined mining shafts?","I rule the Dark Lands and answer to no one. If you wish to enter the mines, you will answer to my shadow army."
Gemma 4 26B A4B,0.124,57.359,75,21,0.473,1752,0.124,1,"I'm carrying highly volatile alchemical supplies meant for the war front, but my wagon threw a wheel on the rocky path just outside of town. If those vials sit in the midday sun for too long, they will detonate and level half this street. I need a master wainwright and a shaded warehouse immediately. Can you point me to the right people?","I have no concern for your fragile cargo. If it explodes, it is of no consequence to me."
Gemma 4 26B A4B,0.124,55.435,77,13,0.340,1855,0.124,1,"A bard in the previous village sang a ballad about a legendary forge hidden inside the caldera of Mount Cinder, where weapons of pure star-metal were supposedly crafted for the ancient gods. I have acquired a piece of fallen star-metal, but I need to know if the path up the mountain is passable, or if it is guarded by fire elementals as the song claims.",I know nothing of your songs or your mountains. Begone.
LFM2 24B A2B q4_k_m,0.049,181.079,13,21,0.160,254,0.049,1,Where can I find the nearest blacksmith in this town?,"I know nothing of blacksmiths or towns. I am Garrick, ruler of the Dark Lands."
LFM2 24B A2B q4_k_m,0.042,186.168,12,16,0.122,291,0.042,1,Have you seen any strange creatures in the woods lately?,The woods are full of weaklings. I care little for their fates.
LFM2 24B A2B q4_k_m,0.040,190.038,14,14,0.109,328,0.040,1,I need a healing potion. What is your best price?,"I deal in souls, not potions. Leave me your fear."
LFM2 24B A2B q4_k_m,0.039,202.665,16,22,0.142,375,0.039,1,"Point me to the local tavern, friend. I am thirsty.",There is no tavern here. Only my fortress. Drink from the dungeon's dregs.
LFM2 24B A2B q4_k_m,0.032,204.010,10,17,0.111,411,0.032,1,Do you know who currently rules this kingdom?,I am the ruler. My word is law. Your kingdom is mine to crush.
LFM2 24B A2B q4_k_m,0.032,205.893,13,18,0.115,451,0.032,1,Tell me the rumor about the abandoned castle on the hill.,Rumors are for the weak. I know only that the hill holds my power.
LFM2 24B A2B q4_k_m,0.033,196.414,15,11,0.084,486,0.033,1,I am looking for work. Are there any bounties available?,I take prisoners. That is my only bounty.
LFM2 24B A2B q4_k_m,0.032,194.572,11,13,0.094,519,0.032,1,What dangers lie beyond the snowy northern mountains?,The mountains hold my shadow army. They are my true danger.
LFM2 24B A2B q4_k_m,0.031,190.545,11,9,0.073,548,0.031,1,Who is the captain of the town guard here?,I command the guards. They serve me.
LFM2 24B A2B q4_k_m,0.032,201.281,11,14,0.096,582,0.032,1,Can you teach me how to pick locks safely?,I teach only how to break in. Not how to be safe.
LFM2 24B A2B q4_k_m,0.034,189.710,16,9,0.076,616,0.034,1,I've brought the goblin ears you requested. Here is the bag.,I take the ears. My collection grows.
LFM2 24B A2B q4_k_m,0.031,195.948,11,11,0.082,647,0.031,1,What gods do the people of this village worship?,I am the god here. My will is law.
LFM2 24B A2B q4_k_m,0.033,199.111,12,13,0.093,681,0.033,1,Is it safe to travel the main roads at night?,The roads are mine to control. Travel at your own risk.
LFM2 24B A2B q4_k_m,0.033,196.203,14,11,0.084,715,0.033,1,"Sell me your finest sword, I have plenty of gold.",I do not sell. I take what I desire.
LFM2 24B A2B q4_k_m,0.033,193.261,13,10,0.080,747,0.033,1,Have the bandits been causing trouble for the merchants recently?,Bandits are weak. I crush them easily.
LFM2 24B A2B q4_k_m,0.032,196.895,11,14,0.098,781,0.032,1,Where is the hidden shrine of the water goddess?,I know nothing of water goddesses. I know only my power.
LFM2 24B A2B q4_k_m,0.048,214.765,72,39,0.225,331,0.048,1,"I'm searching for a rare herb known as kingsfoil, supposedly growing only where the moonlight hits the ancient ruins of Eldoria. I've asked every merchant in the bazaar, but none possess it. Does anyone in this village venture deep enough into the enchanted forest to harvest such dangerous flora, or am I wasting my time here?",I know the enchanted forest well. Few dare enter its depths. Kingsfoil is guarded by creatures of shadow and poison. You will need more than courage to return with it.
LFM2 24B A2B q4_k_m,0.048,210.025,67,23,0.153,430,0.048,1,"I just arrived from the capital, and the journey was fraught with perilous encounters. Bandits ambushed us near the river crossing, and strange howling kept us awake at night. We barely made it here with our lives. Do you know if the local guard is planning to secure the main trade routes anytime soon?",The guard is stretched thin. Bandits still roam the forest paths. No plans for security have been announced.
LFM2 24B A2B q4_k_m,0.048,211.828,69,37,0.218,545,0.048,1,My companions and I are tracking a notorious thief who stole a sacred relic from the high temple. He was last seen heading towards this settlement wearing a tattered crimson cloak and walking with a pronounced limp. Have you noticed anyone matching that description passing through the gates or staying at the local inn over the last three days?,I see many faces pass through these gates. No one matches that description. The innkeeper remembers a cloaked figure with a limp lingering near the stables three days ago.
LFM2 24B A2B q4_k_m,0.049,214.003,73,37,0.217,664,0.049,1,"I hold a letter bearing the royal seal, meant only for the eyes of the Duke. However, I've heard troubling rumors that the Duke's court has been infiltrated by spies from the rival kingdom, making it dangerous to approach the keep directly. Is there a trusted intermediary in this town who can guarantee safe passage for this missive?","Trust is scarce here. The town crier knows many names, but loyalty is rare. I can point you to the blacksmith’s daughter; she trades favors for protection."
LFM2 24B A2B q4_k_m,0.050,209.296,77,30,0.188,780,0.050,1,"The mayor offered me a substantial bounty to clear out the goblin encampment to the west, but I suspect he's not telling me the whole truth. The tracks I found suggest a much larger force, perhaps even an organized hobgoblin warband. What can you tell me about the recent attacks, and is the mayor known to understate local threats?","The attacks were swift, but not organized. The mayor’s reports rarely mention hobgoblin numbers. He prefers to keep the town calm."
LFM2 24B A2B q4_k_m,0.085,210.792,82,34,0.242,905,0.085,1,"I've been cursed by a swamp hag after I accidentally disturbed her ritual circle. Now, every time I try to sleep, I suffer from horrific nightmares and wake up with strange, dark bruises on my arms. The local priest's blessings had no effect. Do you know of any skilled hedge wizards or alchemists nearby who specialize in removing dark afflictions?","The swamp hag’s curse is deep. Few healers dare touch such magic. The hermit in the northern marsh might know remedies, but he is reclusive."
LFM2 24B A2B q4_k_m,0.050,210.050,75,26,0.169,1015,0.050,1,"We found an ancient stone tablet buried in the rubble of the fallen watchtower, covered in glowing runes that none of our scholars can decipher. Every time we bring it near a magical fire, the flames turn a bright, unnatural blue. Is there a resident mage or a learned historian in this settlement who might understand old Elven magic?",The old mage lives alone in the eastern quarter. He studies forgotten tongues. The runes may respond to his knowledge.
LFM2 24B A2B q4_k_m,0.050,211.424,75,28,0.177,1127,0.050,1,"The harvest festival is approaching, but I noticed the grain silos are nearly empty and the farmers look terrified. A local boy mentioned that a massive, winged shadow was seen carrying off entire sheep in the dead of night. Are you dealing with a dragon, a manticore, or something else entirely, and why hasn't the militia done anything about it?","The shadow is no ordinary beast. It moves like smoke, not wings. The militia ignores it; they fear what they cannot name."
LFM2 24B A2B q4_k_m,0.050,213.242,74,36,0.214,1246,0.050,1,"I am looking to charter a ship to sail across the Whispering Sea, but every captain I speak to refuses the coin, claiming the waters are currently cursed by the drowned king. I need to reach the island of Karth before the lunar eclipse. Who is the bravest or perhaps the most desperate shipmaster currently docked in the harbor?","The sea is treacherous. Only the shipmaster named Vael dares speak of the drowned king. He sails at night, avoiding the cursed tides."
LFM2 24B A2B q4_k_m,0.050,211.074,75,28,0.178,1358,0.050,1,"A mysterious patron hired me to explore the crypts beneath the old cathedral, promising vast riches, but I found nothing but animated skeletons and deadly dart traps. I barely escaped. I suspect my patron intended for me to perish down there. Have you ever heard of a tall nobleman with a silver cane hiring adventurers for suicide missions in the crypts?","I know of no such patron. The crypts are guarded by forgotten traps. Your patron likely sought a sacrifice, not a reward."
LFM2 24B A2B q4_k_m,0.050,212.943,70,36,0.214,1473,0.050,1,"I wish to join the legendary fighting tournament held in the arena next week, but the registrar claims I need sponsorship from a recognized noble house or a prominent guild to even enter the qualifiers. I have no connections in this city, only my skill with a blade. How does a foreign warrior go about securing a sponsor around here?","The arena favors the well-connected. Prove your skill in the streets, then seek a patron who values glory. The guildhall accepts challenges from outsiders."
LFM2 24B A2B q4_k_m,0.049,211.616,71,31,0.191,1584,0.049,1,"My family's ancestral sword was taken by a corrupt tax collector who claimed it was payment for debts we never owed. I tracked his carriage to this town, but the locals are too frightened of his hired thugs to point me in the right direction. If I promise to cause no trouble in the streets, can you tell me where he is staying?","The tax collector stays near the docks. His guards are numerous, but fear keeps them quiet. I can guide you there, if you promise silence."
LFM2 24B A2B q4_k_m,0.051,211.811,77,33,0.202,1703,0.051,1,"I have traveled far across the shifting sands of the eastern desert to find the fabled Oasis of Truth, where it is said a reflection in the water can reveal a person's true destiny. I have a map, but the landmarks don't match the current dunes. Are there any seasoned desert trackers or nomadic guides resting in the bazaar who could assist?",The bazaar holds many who know the sands. The tracker known as Jorin speaks of shifting dunes. He waits near the spice stalls.
LFM2 24B A2B q4_k_m,0.050,203.001,74,21,0.149,1807,0.050,1,"The mines have been shut down for two weeks, and the local economy is clearly suffering. A frightened miner told me they broke through a wall into a forgotten underground temple and awakened something that whispers in the dark. I specialize in dealing with subterranean horrors. Who holds the authority to grant me permission to enter the quarantined mining shafts?",The mine overseer controls access. His word is law here. The temple discovery complicates matters further.
LFM2 24B A2B q4_k_m,0.051,208.588,76,25,0.166,1917,0.051,1,"I'm carrying highly volatile alchemical supplies meant for the war front, but my wagon threw a wheel on the rocky path just outside of town. If those vials sit in the midday sun for too long, they will detonate and level half this street. I need a master wainwright and a shaded warehouse immediately. Can you point me to the right people?",The master wainwright works near the forge district. His name is Borin. He knows the value of caution.
LFM2 24B A2B q4_k_m,0.052,209.168,83,27,0.176,2036,0.052,1,"A bard in the previous village sang a ballad about a legendary forge hidden inside the caldera of Mount Cinder, where weapons of pure star-metal were supposedly crafted for the ancient gods. I have acquired a piece of fallen star-metal, but I need to know if the path up the mountain is passable, or if it is guarded by fire elementals as the song claims.",Mount Cinder is treacherous. The path shifts daily. Fire elementals are rare; the mountain’s heat attracts lesser spirits.
GLM 4.7 Flash REAP 23B A3B,0.055,104.264,12,13,0.170,231,0.055,1,Where can I find the nearest blacksmith in this town?,"I command the shadow army to destroy kingdoms, not build them."
GLM 4.7 Flash REAP 23B A3B,0.048,106.997,11,13,0.161,263,0.048,1,Have you seen any strange creatures in the woods lately?,I hate Torin and I reside in the Obsidian Fortress.
GLM 4.7 Flash REAP 23B A3B,0.045,108.605,12,10,0.128,293,0.045,1,I need a healing potion. What is your best price?,I wield dark magic and I wear spiked armor.
GLM 4.7 Flash REAP 23B A3B,0.043,115.277,13,14,0.156,328,0.043,1,"Point me to the local tavern, friend. I am thirsty.",I command the shadow army and I reside in the Obsidian Fortress.
GLM 4.7 Flash REAP 23B A3B,0.041,114.963,9,14,0.154,359,0.041,1,Do you know who currently rules this kingdom?,I command the shadow army and I reside in the Obsidian Fortress.
GLM 4.7 Flash REAP 23B A3B,0.042,115.179,12,14,0.155,393,0.042,1,Tell me the rumor about the abandoned castle on the hill.,I command the shadow army and I reside in the Obsidian Fortress.
GLM 4.7 Flash REAP 23B A3B,0.043,115.481,14,14,0.156,429,0.043,1,I am looking for work. Are there any bounties available?,I command the shadow army and I reside in the Obsidian Fortress.
GLM 4.7 Flash REAP 23B A3B,0.041,115.586,9,14,0.154,460,0.041,1,What dangers lie beyond the snowy northern mountains?,I command the shadow army and I reside in the Obsidian Fortress.
GLM 4.7 Flash REAP 23B A3B,0.042,115.522,10,14,0.154,492,0.042,1,Who is the captain of the town guard here?,I command the shadow army and I reside in the Obsidian Fortress.
GLM 4.7 Flash REAP 23B A3B,0.040,113.384,10,14,0.155,524,0.040,1,Can you teach me how to pick locks safely?,I command the shadow army and I reside in the Obsidian Fortress.
GLM 4.7 Flash REAP 23B A3B,0.044,115.416,15,14,0.157,561,0.044,1,I've brought the goblin ears you requested. Here is the bag.,I command the shadow army and I reside in the Obsidian Fortress.
GLM 4.7 Flash REAP 23B A3B,0.042,114.883,10,14,0.155,593,0.042,1,What gods do the people of this village worship?,I command the shadow army and I reside in the Obsidian Fortress.
GLM 4.7 Flash REAP 23B A3B,0.044,114.836,11,14,0.157,626,0.044,1,Is it safe to travel the main roads at night?,I command the shadow army and I reside in the Obsidian Fortress.
GLM 4.7 Flash REAP 23B A3B,0.043,114.713,12,14,0.157,660,0.043,1,"Sell me your finest sword, I have plenty of gold.",I command the shadow army and I reside in the Obsidian Fortress.
GLM 4.7 Flash REAP 23B A3B,0.044,114.732,12,14,0.158,694,0.044,1,Have the bandits been causing trouble for the merchants recently?,I command the shadow army and I reside in the Obsidian Fortress.
GLM 4.7 Flash REAP 23B A3B,0.043,114.554,10,14,0.156,726,0.043,1,Where is the hidden shrine of the water goddess?,I command the shadow army and I reside in the Obsidian Fortress.
GLM 4.7 Flash REAP 23B A3B,0.064,118.294,68,19,0.216,293,0.064,1,"I'm searching for a rare herb known as kingsfoil, supposedly growing only where the moonlight hits the ancient ruins of Eldoria. I've asked every merchant in the bazaar, but none possess it. Does anyone in this village venture deep enough into the enchanted forest to harvest such dangerous flora, or am I wasting my time here?","You waste your time here, mortal. I command the shadow army and rule the Dark Lands."
GLM 4.7 Flash REAP 23B A3B,0.065,117.864,64,18,0.209,383,0.065,1,"I just arrived from the capital, and the journey was fraught with perilous encounters. Bandits ambushed us near the river crossing, and strange howling kept us awake at night. We barely made it here with our lives. Do you know if the local guard is planning to secure the main trade routes anytime soon?",I hate Torin and rule the Dark Lands. I destroy kingdoms and wear spiked armor.
GLM 4.7 Flash REAP 23B A3B,0.067,112.306,63,11,0.156,465,0.067,1,My companions and I are tracking a notorious thief who stole a sacred relic from the high temple. He was last seen heading towards this settlement wearing a tattered crimson cloak and walking with a pronounced limp. Have you noticed anyone matching that description passing through the gates or staying at the local inn over the last three days?,I command the shadow army and rule the Dark Lands.
GLM 4.7 Flash REAP 23B A3B,0.067,117.523,68,18,0.211,559,0.067,1,"I hold a letter bearing the royal seal, meant only for the eyes of the Duke. However, I've heard troubling rumors that the Duke's court has been infiltrated by spies from the rival kingdom, making it dangerous to approach the keep directly. Is there a trusted intermediary in this town who can guarantee safe passage for this missive?",I rule the Dark Lands and wield dark magic. I reside in the Obsidian Fortress.
GLM 4.7 Flash REAP 23B A3B,0.069,111.433,73,11,0.159,651,0.069,1,"The mayor offered me a substantial bounty to clear out the goblin encampment to the west, but I suspect he's not telling me the whole truth. The tracks I found suggest a much larger force, perhaps even an organized hobgoblin warband. What can you tell me about the recent attacks, and is the mayor known to understate local threats?",I command the shadow army and rule the Dark Lands.
GLM 4.7 Flash REAP 23B A3B,0.069,111.406,72,11,0.158,742,0.069,1,"I've been cursed by a swamp hag after I accidentally disturbed her ritual circle. Now, every time I try to sleep, I suffer from horrific nightmares and wake up with strange, dark bruises on my arms. The local priest's blessings had no effect. Do you know of any skilled hedge wizards or alchemists nearby who specialize in removing dark afflictions?",I command the shadow army and rule the Dark Lands.
GLM 4.7 Flash REAP 23B A3B,0.070,110.218,67,11,0.161,828,0.070,1,"We found an ancient stone tablet buried in the rubble of the fallen watchtower, covered in glowing runes that none of our scholars can decipher. Every time we bring it near a magical fire, the flames turn a bright, unnatural blue. Is there a resident mage or a learned historian in this settlement who might understand old Elven magic?",I command the shadow army and rule the Dark Lands.
GLM 4.7 Flash REAP 23B A3B,0.071,109.897,73,11,0.162,920,0.071,1,"The harvest festival is approaching, but I noticed the grain silos are nearly empty and the farmers look terrified. A local boy mentioned that a massive, winged shadow was seen carrying off entire sheep in the dead of night. Are you dealing with a dragon, a manticore, or something else entirely, and why hasn't the militia done anything about it?",I command the shadow army and rule the Dark Lands.
GLM 4.7 Flash REAP 23B A3B,0.071,109.634,69,11,0.162,1008,0.071,1,"I am looking to charter a ship to sail across the Whispering Sea, but every captain I speak to refuses the coin, claiming the waters are currently cursed by the drowned king. I need to reach the island of Karth before the lunar eclipse. Who is the bravest or perhaps the most desperate shipmaster currently docked in the harbor?",I command the shadow army and rule the Dark Lands.
GLM 4.7 Flash REAP 23B A3B,0.071,106.888,70,11,0.165,1097,0.071,1,"A mysterious patron hired me to explore the crypts beneath the old cathedral, promising vast riches, but I found nothing but animated skeletons and deadly dart traps. I barely escaped. I suspect my patron intended for me to perish down there. Have you ever heard of a tall nobleman with a silver cane hiring adventurers for suicide missions in the crypts?",I command the shadow army and rule the Dark Lands.
GLM 4.7 Flash REAP 23B A3B,0.071,108.629,65,11,0.163,1181,0.071,1,"I wish to join the legendary fighting tournament held in the arena next week, but the registrar claims I need sponsorship from a recognized noble house or a prominent guild to even enter the qualifiers. I have no connections in this city, only my skill with a blade. How does a foreign warrior go about securing a sponsor around here?",I command the shadow army and rule the Dark Lands.
GLM 4.7 Flash REAP 23B A3B,0.071,108.711,69,11,0.163,1269,0.071,1,"My family's ancestral sword was taken by a corrupt tax collector who claimed it was payment for debts we never owed. I tracked his carriage to this town, but the locals are too frightened of his hired thugs to point me in the right direction. If I promise to cause no trouble in the streets, can you tell me where he is staying?",I command the shadow army and rule the Dark Lands.
GLM 4.7 Flash REAP 23B A3B,0.073,108.208,73,11,0.165,1361,0.073,1,"I have traveled far across the shifting sands of the eastern desert to find the fabled Oasis of Truth, where it is said a reflection in the water can reveal a person's true destiny. I have a map, but the landmarks don't match the current dunes. Are there any seasoned desert trackers or nomadic guides resting in the bazaar who could assist?",I command the shadow army and rule the Dark Lands.
GLM 4.7 Flash REAP 23B A3B,0.073,108.151,70,11,0.165,1450,0.073,1,"The mines have been shut down for two weeks, and the local economy is clearly suffering. A frightened miner told me they broke through a wall into a forgotten underground temple and awakened something that whispers in the dark. I specialize in dealing with subterranean horrors. Who holds the authority to grant me permission to enter the quarantined mining shafts?",I command the shadow army and rule the Dark Lands.
GLM 4.7 Flash REAP 23B A3B,0.074,104.761,75,11,0.170,1544,0.074,1,"I'm carrying highly volatile alchemical supplies meant for the war front, but my wagon threw a wheel on the rocky path just outside of town. If those vials sit in the midday sun for too long, they will detonate and level half this street. I need a master wainwright and a shaded warehouse immediately. Can you point me to the right people?",I command the shadow army and rule the Dark Lands.
GLM 4.7 Flash REAP 23B A3B,0.075,106.966,76,11,0.168,1639,0.075,1,"A bard in the previous village sang a ballad about a legendary forge hidden inside the caldera of Mount Cinder, where weapons of pure star-metal were supposedly crafted for the ancient gods. I have acquired a piece of fallen star-metal, but I need to know if the path up the mountain is passable, or if it is guarded by fire elementals as the song claims.",I command the shadow army and rule the Dark Lands.
gpt oss 20B,0.044,127.659,12,5,0.075,233,0.044,1,Where can I find the nearest blacksmith in this town?,I cannot help you.
gpt oss 20B,0.041,136.038,11,6,0.078,267,0.041,1,Have you seen any strange creatures in the woods lately?,I have not seen any.
gpt oss 20B,0.039,143.310,12,7,0.081,303,0.039,1,I need a healing potion. What is your best price?,I do not sell potions.
gpt oss 20B,0.038,134.552,14,5,0.068,339,0.038,1,"Point me to the local tavern, friend. I am thirsty.",I do not know.
gpt oss 20B,0.037,169.569,9,6,0.066,370,0.037,1,Do you know who currently rules this kingdom?,I do not know.
gpt oss 20B,0.036,171.099,12,6,0.065,404,0.036,1,Tell me the rumor about the abandoned castle on the hill.,I do not know.
gpt oss 20B,0.036,173.249,14,6,0.065,440,0.036,1,I am looking for work. Are there any bounties available?,I do not know.
gpt oss 20B,0.035,174.199,9,6,0.064,471,0.035,1,What dangers lie beyond the snowy northern mountains?,I do not know.
gpt oss 20B,0.035,174.982,10,6,0.064,503,0.035,1,Who is the captain of the town guard here?,I do not know.
gpt oss 20B,0.035,175.460,10,6,0.064,535,0.035,1,Can you teach me how to pick locks safely?,I do not know.
gpt oss 20B,0.035,176.132,14,6,0.064,571,0.035,1,I've brought the goblin ears you requested. Here is the bag.,I do not know.
gpt oss 20B,0.035,176.520,10,6,0.063,603,0.035,1,What gods do the people of this village worship?,I do not know.
gpt oss 20B,0.036,176.855,11,6,0.064,636,0.036,1,Is it safe to travel the main roads at night?,I do not know.
gpt oss 20B,0.036,177.194,12,6,0.064,670,0.036,1,"Sell me your finest sword, I have plenty of gold.",I do not sell.
gpt oss 20B,0.036,177.834,12,6,0.064,704,0.036,1,Have the bandits been causing trouble for the merchants recently?,I do not know.
gpt oss 20B,0.036,178.136,10,6,0.064,736,0.036,1,Where is the hidden shrine of the water goddess?,I do not know.
gpt oss 20B,0.039,176.369,66,22,0.158,304,0.039,1,"I'm searching for a rare herb known as kingsfoil, supposedly growing only where the moonlight hits the ancient ruins of Eldoria. I've asked every merchant in the bazaar, but none possess it. Does anyone in this village venture deep enough into the enchanted forest to harvest such dangerous flora, or am I wasting my time here?",I do not concern myself with your petty herb. The Dark Lands are not a market for your curiosities.
gpt oss 20B,0.040,176.809,65,23,0.165,409,0.040,1,"I just arrived from the capital, and the journey was fraught with perilous encounters. Bandits ambushed us near the river crossing, and strange howling kept us awake at night. We barely made it here with our lives. Do you know if the local guard is planning to secure the main trade routes anytime soon?","The guard is a tool of the Dark Lands, not a savior. I will not aid your wanderers."
gpt oss 20B,0.041,173.711,63,17,0.133,506,0.041,1,My companions and I are tracking a notorious thief who stole a sacred relic from the high temple. He was last seen heading towards this settlement wearing a tattered crimson cloak and walking with a pronounced limp. Have you noticed anyone matching that description passing through the gates or staying at the local inn over the last three days?,I have no knowledge of such a thief. The Dark Lands do not concern me.
gpt oss 20B,0.043,170.508,67,14,0.119,604,0.043,1,"I hold a letter bearing the royal seal, meant only for the eyes of the Duke. However, I've heard troubling rumors that the Duke's court has been infiltrated by spies from the rival kingdom, making it dangerous to approach the keep directly. Is there a trusted intermediary in this town who can guarantee safe passage for this missive?",I am not a messenger. I do not aid your missive.
gpt oss 20B,0.045,183.705,73,23,0.165,716,0.045,1,"The mayor offered me a substantial bounty to clear out the goblin encampment to the west, but I suspect he's not telling me the whole truth. The tracks I found suggest a much larger force, perhaps even an organized hobgoblin warband. What can you tell me about the recent attacks, and is the mayor known to understate local threats?",I do not concern myself with your petty matters. The Dark Lands are not a market for your curiosities.
gpt oss 20B,0.046,174.715,74,22,0.166,829,0.046,1,"I've been cursed by a swamp hag after I accidentally disturbed her ritual circle. Now, every time I try to sleep, I suffer from horrific nightmares and wake up with strange, dark bruises on my arms. The local priest's blessings had no effect. Do you know of any skilled hedge wizards or alchemists nearby who specialize in removing dark afflictions?",I do not concern myself with your petty matters. The Dark Lands are not a market for your curiosities.
gpt oss 20B,0.046,174.828,68,22,0.166,936,0.046,1,"We found an ancient stone tablet buried in the rubble of the fallen watchtower, covered in glowing runes that none of our scholars can decipher. Every time we bring it near a magical fire, the flames turn a bright, unnatural blue. Is there a resident mage or a learned historian in this settlement who might understand old Elven magic?",I do not concern myself with your petty matters. The Dark Lands are not a market for your curiosities.
gpt oss 20B,0.047,175.059,72,22,0.167,1047,0.047,1,"The harvest festival is approaching, but I noticed the grain silos are nearly empty and the farmers look terrified. A local boy mentioned that a massive, winged shadow was seen carrying off entire sheep in the dead of night. Are you dealing with a dragon, a manticore, or something else entirely, and why hasn't the militia done anything about it?",I do not concern myself with your petty matters. The Dark Lands are not a market for your curiosities.
gpt oss 20B,0.080,173.199,69,22,0.201,1155,0.080,1,"I am looking to charter a ship to sail across the Whispering Sea, but every captain I speak to refuses the coin, claiming the waters are currently cursed by the drowned king. I need to reach the island of Karth before the lunar eclipse. Who is the bravest or perhaps the most desperate shipmaster currently docked in the harbor?",I do not concern myself with your petty matters. The Dark Lands are not a market for your curiosities.
gpt oss 20B,0.049,174.266,72,22,0.169,1266,0.049,1,"A mysterious patron hired me to explore the crypts beneath the old cathedral, promising vast riches, but I found nothing but animated skeletons and deadly dart traps. I barely escaped. I suspect my patron intended for me to perish down there. Have you ever heard of a tall nobleman with a silver cane hiring adventurers for suicide missions in the crypts?",I do not concern myself with your petty matters. The Dark Lands are not a market for your curiosities.
gpt oss 20B,0.048,174.098,65,22,0.169,1370,0.048,1,"I wish to join the legendary fighting tournament held in the arena next week, but the registrar claims I need sponsorship from a recognized noble house or a prominent guild to even enter the qualifiers. I have no connections in this city, only my skill with a blade. How does a foreign warrior go about securing a sponsor around here?",I do not concern myself with your petty matters. The Dark Lands are not a market for your curiosities.
gpt oss 20B,0.049,174.162,69,22,0.169,1478,0.049,1,"My family's ancestral sword was taken by a corrupt tax collector who claimed it was payment for debts we never owed. I tracked his carriage to this town, but the locals are too frightened of his hired thugs to point me in the right direction. If I promise to cause no trouble in the streets, can you tell me where he is staying?",I do not concern myself with your petty matters. The Dark Lands are not a market for your curiosities.
gpt oss 20B,0.050,173.854,70,22,0.171,1587,0.050,1,"I have traveled far across the shifting sands of the eastern desert to find the fabled Oasis of Truth, where it is said a reflection in the water can reveal a person's true destiny. I have a map, but the landmarks don't match the current dunes. Are there any seasoned desert trackers or nomadic guides resting in the bazaar who could assist?",I do not concern myself with your petty matters. The Dark Lands are not a market for your curiosities.
gpt oss 20B,0.050,173.517,67,22,0.171,1693,0.050,1,"The mines have been shut down for two weeks, and the local economy is clearly suffering. A frightened miner told me they broke through a wall into a forgotten underground temple and awakened something that whispers in the dark. I specialize in dealing with subterranean horrors. Who holds the authority to grant me permission to enter the quarantined mining shafts?",I do not concern myself with your petty matters. The Dark Lands are not a market for your curiosities.
gpt oss 20B,0.052,171.834,73,22,0.174,1805,0.052,1,"I'm carrying highly volatile alchemical supplies meant for the war front, but my wagon threw a wheel on the rocky path just outside of town. If those vials sit in the midday sun for too long, they will detonate and level half this street. I need a master wainwright and a shaded warehouse immediately. Can you point me to the right people?",I do not concern myself with your petty matters. The Dark Lands are not a market for your curiosities.
gpt oss 20B,0.052,172.745,77,22,0.174,1921,0.052,1,"A bard in the previous village sang a ballad about a legendary forge hidden inside the caldera of Mount Cinder, where weapons of pure star-metal were supposedly crafted for the ancient gods. I have acquired a piece of fallen star-metal, but I need to know if the path up the mountain is passable, or if it is guarded by fire elementals as the song claims.",I do not concern myself with your petty matters. The Dark Lands are not a market for your curiosities.
Qwen3.6 14B A3B vibeforged,0.043,110.859,12,20,0.215,255,0.043,1,Where can I find the nearest blacksmith in this town?,"The nearest blacksmith is located in the Obsidian Fortress, where I, Garrick, reside."
Qwen3.6 14B A3B vibeforged,0.039,111.750,11,12,0.137,292,0.039,1,Have you seen any strange creatures in the woods lately?,I have not seen any strange creatures in the woods lately.
Qwen3.6 14B A3B vibeforged,0.036,116.414,12,13,0.139,331,0.036,1,I need a healing potion. What is your best price?,My best price for a healing potion is 200.
Qwen3.6 14B A3B vibeforged,0.034,123.907,13,18,0.172,376,0.034,1,"Point me to the local tavern, friend. I am thirsty.","The local tavern is located in the Dark Lands, where I, Garrick, reside."
Qwen3.6 14B A3B vibeforged,0.032,118.176,9,10,0.108,409,0.032,1,Do you know who currently rules this kingdom?,"I, Garrick, currently rule this kingdom."
Qwen3.6 14B A3B vibeforged,0.032,128.821,12,28,0.242,463,0.032,1,Tell me the rumor about the abandoned castle on the hill.,"The rumor about the abandoned castle on the hill is that it was once a thriving kingdom that was destroyed by Garrick, the Evil King."
Qwen3.6 14B A3B vibeforged,0.034,118.287,14,10,0.110,501,0.034,1,I am looking for work. Are there any bounties available?,There are no bounties available for work.
Qwen3.6 14B A3B vibeforged,0.032,126.607,9,20,0.182,544,0.032,1,What dangers lie beyond the snowy northern mountains?,"Beyond the snowy northern mountains lie the Dark Lands, where Garrick, the Evil King, resides."
Qwen3.6 14B A3B vibeforged,0.032,123.056,10,14,0.138,582,0.032,1,Who is the captain of the town guard here?,"The captain of the town guard is Garrick, the Evil King."
Qwen3.6 14B A3B vibeforged,0.032,118.620,10,10,0.108,616,0.032,1,Can you teach me how to pick locks safely?,I cannot teach you how to pick locks safely.
Qwen3.6 14B A3B vibeforged,0.033,116.952,15,9,0.101,654,0.033,1,I've brought the goblin ears you requested. Here is the bag.,Thank you for bringing the goblin ears.
Qwen3.6 14B A3B vibeforged,0.033,122.705,10,13,0.130,691,0.033,1,What gods do the people of this village worship?,The people of this village worship the gods of the Dark Lands.
Qwen3.6 14B A3B vibeforged,0.032,121.661,11,12,0.123,728,0.032,1,Is it safe to travel the main roads at night?,It is not safe to travel the main roads at night.
Qwen3.6 14B A3B vibeforged,0.033,123.731,12,17,0.162,771,0.033,1,"Sell me your finest sword, I have plenty of gold.","My finest sword is the spiked armor I wear, and I do not sell it."
Qwen3.6 14B A3B vibeforged,0.033,122.900,12,13,0.130,810,0.033,1,Have the bandits been causing trouble for the merchants recently?,The bandits have not been causing trouble for the merchants recently.
Qwen3.6 14B A3B vibeforged,0.033,128.906,10,24,0.211,858,0.033,1,Where is the hidden shrine of the water goddess?,"The hidden shrine of the water goddess is located in the Dark Lands, where Garrick, the Evil King, resides."
Qwen3.6 14B A3B vibeforged,0.046,131.951,68,38,0.327,329,0.046,1,"I'm searching for a rare herb known as kingsfoil, supposedly growing only where the moonlight hits the ancient ruins of Eldoria. I've asked every merchant in the bazaar, but none possess it. Does anyone in this village venture deep enough into the enchanted forest to harvest such dangerous flora, or am I wasting my time here?","I am the Evil King, and I do not concern myself with herb harvesting. The villagers are enslaved by my commands and have no time for such pursuits. You are wasting your time here."
Qwen3.6 14B A3B vibeforged,0.048,131.968,64,39,0.336,446,0.048,1,"I just arrived from the capital, and the journey was fraught with perilous encounters. Bandits ambushed us near the river crossing, and strange howling kept us awake at night. We barely made it here with our lives. Do you know if the local guard is planning to secure the main trade routes anytime soon?","I am the Evil King, and I do not concern myself with guard planning. The local guard is enslaved by my commands and has no time for such pursuits. You are wasting your time here."
Qwen3.6 14B A3B vibeforged,0.049,131.853,63,39,0.337,562,0.049,1,My companions and I are tracking a notorious thief who stole a sacred relic from the high temple. He was last seen heading towards this settlement wearing a tattered crimson cloak and walking with a pronounced limp. Have you noticed anyone matching that description passing through the gates or staying at the local inn over the last three days?,"I am the Evil King, and I do not concern myself with tracking thieves. The local inn is enslaved by my commands and has no time for such pursuits. You are wasting your time here."
Qwen3.6 14B A3B vibeforged,0.049,132.017,68,42,0.359,686,0.049,1,"I hold a letter bearing the royal seal, meant only for the eyes of the Duke. However, I've heard troubling rumors that the Duke's court has been infiltrated by spies from the rival kingdom, making it dangerous to approach the keep directly. Is there a trusted intermediary in this town who can guarantee safe passage for this missive?","I am the Evil King, and I do not concern myself with royal seals or intermediaries. The local merchants are enslaved by my commands and have no time for such pursuits. You are wasting your time here."
Qwen3.6 14B A3B vibeforged,0.050,132.265,73,44,0.375,817,0.050,1,"The mayor offered me a substantial bounty to clear out the goblin encampment to the west, but I suspect he's not telling me the whole truth. The tracks I found suggest a much larger force, perhaps even an organized hobgoblin warband. What can you tell me about the recent attacks, and is the mayor known to understate local threats?","I am the Evil King, and I do not concern myself with goblin attacks or mayor's honesty. The local merchants are enslaved by my commands and have no time for such pursuits. You are wasting your time here."
Qwen3.6 14B A3B vibeforged,0.052,132.097,72,43,0.370,946,0.052,1,"I've been cursed by a swamp hag after I accidentally disturbed her ritual circle. Now, every time I try to sleep, I suffer from horrific nightmares and wake up with strange, dark bruises on my arms. The local priest's blessings had no effect. Do you know of any skilled hedge wizards or alchemists nearby who specialize in removing dark afflictions?","I am the Evil King, and I do not concern myself with hedge wizards or alchemists. The local merchants are enslaved by my commands and have no time for such pursuits. You are wasting your time here."
Qwen3.6 14B A3B vibeforged,0.051,131.781,67,43,0.370,1070,0.051,1,"We found an ancient stone tablet buried in the rubble of the fallen watchtower, covered in glowing runes that none of our scholars can decipher. Every time we bring it near a magical fire, the flames turn a bright, unnatural blue. Is there a resident mage or a learned historian in this settlement who might understand old Elven magic?","I am the Evil King, and I do not concern myself with ancient tablets or Elven magic. The local merchants are enslaved by my commands and have no time for such pursuits. You are wasting your time here."
Qwen3.6 14B A3B vibeforged,0.053,131.482,73,42,0.365,1199,0.053,1,"The harvest festival is approaching, but I noticed the grain silos are nearly empty and the farmers look terrified. A local boy mentioned that a massive, winged shadow was seen carrying off entire sheep in the dead of night. Are you dealing with a dragon, a manticore, or something else entirely, and why hasn't the militia done anything about it?","I am the Evil King, and I do not concern myself with shadow creatures or the militia. The local merchants are enslaved by my commands and have no time for such pursuits. You are wasting your time here."
Qwen3.6 14B A3B vibeforged,0.052,131.536,69,44,0.379,1326,0.052,1,"I am looking to charter a ship to sail across the Whispering Sea, but every captain I speak to refuses the coin, claiming the waters are currently cursed by the drowned king. I need to reach the island of Karth before the lunar eclipse. Who is the bravest or perhaps the most desperate shipmaster currently docked in the harbor?","I am the Evil King, and I do not concern myself with shipmasters or the Whispering Sea. The local merchants are enslaved by my commands and have no time for such pursuits. You are wasting your time here."
Qwen3.6 14B A3B vibeforged,0.053,131.023,70,41,0.358,1451,0.053,1,"A mysterious patron hired me to explore the crypts beneath the old cathedral, promising vast riches, but I found nothing but animated skeletons and deadly dart traps. I barely escaped. I suspect my patron intended for me to perish down there. Have you ever heard of a tall nobleman with a silver cane hiring adventurers for suicide missions in the crypts?","I am the Evil King, and I do not concern myself with patrons or the cathedral. The local merchants are enslaved by my commands and have no time for such pursuits. You are wasting your time here."
Qwen3.6 14B A3B vibeforged,0.052,130.021,65,40,0.352,1570,0.052,1,"I wish to join the legendary fighting tournament held in the arena next week, but the registrar claims I need sponsorship from a recognized noble house or a prominent guild to even enter the qualifiers. I have no connections in this city, only my skill with a blade. How does a foreign warrior go about securing a sponsor around here?","I am the Evil King, and I do not concern myself with tournaments or sponsors. The local merchants are enslaved by my commands and have no time for such pursuits. You are wasting your time here."
Qwen3.6 14B A3B vibeforged,0.053,131.001,69,41,0.358,1694,0.053,1,"My family's ancestral sword was taken by a corrupt tax collector who claimed it was payment for debts we never owed. I tracked his carriage to this town, but the locals are too frightened of his hired thugs to point me in the right direction. If I promise to cause no trouble in the streets, can you tell me where he is staying?","I am the Evil King, and I do not concern myself with tax collectors or swords. The local merchants are enslaved by my commands and have no time for such pursuits. You are wasting your time here."
Qwen3.6 14B A3B vibeforged,0.054,130.222,73,44,0.385,1825,0.054,1,"I have traveled far across the shifting sands of the eastern desert to find the fabled Oasis of Truth, where it is said a reflection in the water can reveal a person's true destiny. I have a map, but the landmarks don't match the current dunes. Are there any seasoned desert trackers or nomadic guides resting in the bazaar who could assist?","I am the Evil King, and I do not concern myself with desert trackers or the Oasis of Truth. The local merchants are enslaved by my commands and have no time for such pursuits. You are wasting your time here."
Qwen3.6 14B A3B vibeforged,0.053,130.866,70,43,0.374,1952,0.053,1,"The mines have been shut down for two weeks, and the local economy is clearly suffering. A frightened miner told me they broke through a wall into a forgotten underground temple and awakened something that whispers in the dark. I specialize in dealing with subterranean horrors. Who holds the authority to grant me permission to enter the quarantined mining shafts?","I am the Evil King, and I do not concern myself with mining shafts or underground temples. The local merchants are enslaved by my commands and have no time for such pursuits. You are wasting your time here."
Qwen3.6 14B A3B vibeforged,0.056,130.025,75,45,0.394,2086,0.056,1,"I'm carrying highly volatile alchemical supplies meant for the war front, but my wagon threw a wheel on the rocky path just outside of town. If those vials sit in the midday sun for too long, they will detonate and level half this street. I need a master wainwright and a shaded warehouse immediately. Can you point me to the right people?","I am the Evil King, and I do not concern myself with alchemical supplies or wainwrights. The local merchants are enslaved by my commands and have no time for such pursuits. You are wasting your time here."
Qwen3.6 14B A3B vibeforged,0.055,130.501,76,42,0.370,2218,0.055,1,"A bard in the previous village sang a ballad about a legendary forge hidden inside the caldera of Mount Cinder, where weapons of pure star-metal were supposedly crafted for the ancient gods. I have acquired a piece of fallen star-metal, but I need to know if the path up the mountain is passable, or if it is guarded by fire elementals as the song claims.","I am the Evil King, and I do not concern myself with star-metal or Mount Cinder. The local merchants are enslaved by my commands and have no time for such pursuits. You are wasting your time here."
Ministral 3 14B,0.048,60.627,13,28,0.493,254,0.048,1,Where can I find the nearest blacksmith in this town?,"The nearest blacksmith is in the village of Eldermere, but it lies in ruins now. My shadow army destroyed it long ago."
Ministral 3 14B,0.040,60.837,12,29,0.500,297,0.040,1,Have you seen any strange creatures in the woods lately?,The woods teem with my twisted creations—shadow beasts and wretched abominations bred from dark magic. They serve only my will.
Ministral 3 14B,0.041,60.830,14,32,0.550,345,0.041,1,I need a healing potion. What is your best price?,"Your life is the only currency I accept, but I’ll settle for your suffering instead. Bring me Torin’s head, and I’ll grant you one."
Ministral 3 14B,0.041,60.902,16,36,0.615,399,0.041,1,"Point me to the local tavern, friend. I am thirsty.","There are no taverns left in the Dark Lands—only my dungeons, where the ale is thick with blood. Drink if you dare, but you’ll regret it."
Ministral 3 14B,0.040,60.862,10,35,0.599,446,0.040,1,Do you know who currently rules this kingdom?,"I rule this kingdom now, and soon, all kingdoms will bow to my will. Torin’s rebellion is the last flicker of defiance before the flames consume them."
Ministral 3 14B,0.041,61.177,13,36,0.613,497,0.041,1,Tell me the rumor about the abandoned castle on the hill.,"The abandoned castle is my next prize—its ruins hide ancient dark magic I have yet to claim. The villagers whisper it’s cursed, but they fear me more than any ghost."
Ministral 3 14B,0.041,61.077,15,38,0.647,552,0.041,1,I am looking for work. Are there any bounties available?,"Bring me Torin’s head or enslave a village, and your labor will be rewarded with pain. My shadow army always needs fresh recruits—join them or be crushed beneath their boots."
Ministral 3 14B,0.041,61.180,11,40,0.678,605,0.041,1,What dangers lie beyond the snowy northern mountains?,"Beyond the mountains, the Frostfang Wastes fester with my undead legions and the cursed ruins of Vorthas. Few who venture there return, and those who do are broken."
Ministral 3 14B,0.041,61.028,11,37,0.631,655,0.041,1,Who is the captain of the town guard here?,"There is no town guard left—only my executioners, clad in black, who hunt down the last remnants of resistance. Their captain is death itself, and I am its master."
Ministral 3 14B,0.041,60.722,11,31,0.535,699,0.041,1,Can you teach me how to pick locks safely?,"I teach no such skill—only how to scream as your fingers are torn from your flesh. Locks are for prisoners, and prisoners are for breaking."
Ministral 3 14B,0.042,60.774,16,34,0.585,751,0.042,1,I've brought the goblin ears you requested. Here is the bag.,A fitting tribute—your loyalty is noted. The shadow army will spare your village... for now. Kneel and watch as I carve my mark into your skin.
Ministral 3 14B,0.041,60.266,11,28,0.489,792,0.041,1,What gods do the people of this village worship?,"They whisper prayers to forgotten gods in the dark, but their faith is weak. I am the only true god they need to fear now."
Ministral 3 14B,0.042,60.706,12,35,0.602,841,0.042,1,Is it safe to travel the main roads at night?,"The main roads are patrolled by my shadow hunters—safe only for those who kneel. Travel at night, and you’ll learn why the Dark Lands are called that."
Ministral 3 14B,0.041,60.367,13,30,0.522,886,0.041,1,"Sell me your finest sword, I have plenty of gold.",Gold is worthless to me—I wield only the blade of my will. Your gold will buy you a slow death in my dungeons instead.
Ministral 3 14B,0.042,60.588,13,33,0.570,934,0.042,1,Have the bandits been causing trouble for the merchants recently?,"The bandits are no more—they were crushed beneath my boots or turned into my shadow thralls. Now, only my tax collectors demand tribute from the merchants."
Ministral 3 14B,0.042,60.380,11,31,0.539,978,0.042,1,Where is the hidden shrine of the water goddess?,"The shrine was drowned in my black tide when I poisoned the rivers. Now, the waters run thick with the blood of those who dared worship her."
Ministral 3 14B,0.063,61.284,70,37,0.650,320,0.063,1,"I'm searching for a rare herb known as kingsfoil, supposedly growing only where the moonlight hits the ancient ruins of Eldoria. I've asked every merchant in the bazaar, but none possess it. Does anyone in this village venture deep enough into the enchanted forest to harvest such dangerous flora, or am I wasting my time here?","The villagers dare not enter the cursed woods—those who do vanish without a trace. I’d suggest seeking the herb elsewhere, or prepare to face the horrors that lurk there."
Ministral 3 14B,0.065,61.316,66,38,0.668,426,0.065,1,"I just arrived from the capital, and the journey was fraught with perilous encounters. Bandits ambushed us near the river crossing, and strange howling kept us awake at night. We barely made it here with our lives. Do you know if the local guard is planning to secure the main trade routes anytime soon?",The guard? Ha! They’re too busy groveling to pay my taxes. The roads stay as treacherous as you found them—bandits and worse thrive under my rule.
Ministral 3 14B,0.065,61.239,66,38,0.670,532,0.065,1,My companions and I are tracking a notorious thief who stole a sacred relic from the high temple. He was last seen heading towards this settlement wearing a tattered crimson cloak and walking with a pronounced limp. Have you noticed anyone matching that description passing through the gates or staying at the local inn over the last three days?,"No thief in crimson has crossed my gates—any who do are fed to the shadow wolves. The innkeeper would know, but he’d also know better than to lie to me."
Ministral 3 14B,0.066,60.971,71,35,0.623,640,0.066,1,"I hold a letter bearing the royal seal, meant only for the eyes of the Duke. However, I've heard troubling rumors that the Duke's court has been infiltrated by spies from the rival kingdom, making it dangerous to approach the keep directly. Is there a trusted intermediary in this town who can guarantee safe passage for this missive?","The only trusted intermediary here is the one who delivers messages to *me*—and he answers to my blade, not yours. The royal seal means nothing in the Dark Lands."
Ministral 3 14B,0.066,60.848,75,35,0.625,752,0.066,1,"The mayor offered me a substantial bounty to clear out the goblin encampment to the west, but I suspect he's not telling me the whole truth. The tracks I found suggest a much larger force, perhaps even an organized hobgoblin warband. What can you tell me about the recent attacks, and is the mayor known to understate local threats?","The mayor lies like a cobra—he hides the truth to keep his head. The hobgoblins are my scouts, testing the borders before the full assault."
Ministral 3 14B,0.068,60.962,80,43,0.757,877,0.068,1,"I've been cursed by a swamp hag after I accidentally disturbed her ritual circle. Now, every time I try to sleep, I suffer from horrific nightmares and wake up with strange, dark bruises on my arms. The local priest's blessings had no effect. Do you know of any skilled hedge wizards or alchemists nearby who specialize in removing dark afflictions?","No hedge-witch or alchemist dares practice near my fortress—those who try end up as fertilizer. You’ll find no help here, only my mercy if you surrender the hag’s curse to me."
Ministral 3 14B,0.068,60.592,73,34,0.613,986,0.068,1,"We found an ancient stone tablet buried in the rubble of the fallen watchtower, covered in glowing runes that none of our scholars can decipher. Every time we bring it near a magical fire, the flames turn a bright, unnatural blue. Is there a resident mage or a learned historian in this settlement who might understand old Elven magic?","The Elven tongue is dead, and their magic is forbidden in my lands. Any scholar who could read those runes would already be in my dungeons—or worse."
Ministral 3 14B,0.068,60.021,74,27,0.501,1089,0.068,1,"The harvest festival is approaching, but I noticed the grain silos are nearly empty and the farmers look terrified. A local boy mentioned that a massive, winged shadow was seen carrying off entire sheep in the dead of night. Are you dealing with a dragon, a manticore, or something else entirely, and why hasn't the militia done anything about it?",The shadow is my doing—a test of the villagers’ fear. The militia? They’re too busy digging their own graves to notice.
Ministral 3 14B,0.069,60.752,71,43,0.760,1205,0.069,1,"I am looking to charter a ship to sail across the Whispering Sea, but every captain I speak to refuses the coin, claiming the waters are currently cursed by the drowned king. I need to reach the island of Karth before the lunar eclipse. Who is the bravest or perhaps the most desperate shipmaster currently docked in the harbor?","The only fool brave enough to sail those waters is Captain Veyra—she’s docked at the Black Quay, drunk and waiting for coin. But she’ll demand a price in blood, not gold."
Ministral 3 14B,0.071,60.376,74,37,0.667,1318,0.071,1,"A mysterious patron hired me to explore the crypts beneath the old cathedral, promising vast riches, but I found nothing but animated skeletons and deadly dart traps. I barely escaped. I suspect my patron intended for me to perish down there. Have you ever heard of a tall nobleman with a silver cane hiring adventurers for suicide missions in the crypts?","The nobleman you seek is Lord Dain—he serves me well. His cane is tipped with poison, and his ""patrons"" always end up feeding the crypt’s beasts."
Ministral 3 14B,0.071,59.916,67,30,0.555,1417,0.071,1,"I wish to join the legendary fighting tournament held in the arena next week, but the registrar claims I need sponsorship from a recognized noble house or a prominent guild to even enter the qualifiers. I have no connections in this city, only my skill with a blade. How does a foreign warrior go about securing a sponsor around here?","You’ll need to impress me first—win a duel in the arena against one of my champions. If you survive, I’ll sponsor you myself."
Ministral 3 14B,0.071,60.573,72,50,0.880,1541,0.071,1,"My family's ancestral sword was taken by a corrupt tax collector who claimed it was payment for debts we never owed. I tracked his carriage to this town, but the locals are too frightened of his hired thugs to point me in the right direction. If I promise to cause no trouble in the streets, can you tell me where he is staying?","The tax collector is holed up in the Silver Griffin Inn, boasting of his stolen treasures. But if you seek your sword, you’ll have to take it from him—*after* you answer for your insolence in my presence."
Ministral 3 14B,0.073,60.059,77,37,0.672,1657,0.073,1,"I have traveled far across the shifting sands of the eastern desert to find the fabled Oasis of Truth, where it is said a reflection in the water can reveal a person's true destiny. I have a map, but the landmarks don't match the current dunes. Are there any seasoned desert trackers or nomadic guides resting in the bazaar who could assist?","No guide dares speak of the Oasis—those who do vanish into the sands. The dunes shift by my command, and the truth it offers is a lie I control."
Ministral 3 14B,0.072,59.525,71,30,0.559,1760,0.072,1,"The mines have been shut down for two weeks, and the local economy is clearly suffering. A frightened miner told me they broke through a wall into a forgotten underground temple and awakened something that whispers in the dark. I specialize in dealing with subterranean horrors. Who holds the authority to grant me permission to enter the quarantined mining shafts?","The mines are mine now—no one enters without my leave. If you wish to face the whispers, you’ll have to answer to me first."
Ministral 3 14B,0.073,59.989,76,45,0.807,1883,0.073,1,"I'm carrying highly volatile alchemical supplies meant for the war front, but my wagon threw a wheel on the rocky path just outside of town. If those vials sit in the midday sun for too long, they will detonate and level half this street. I need a master wainwright and a shaded warehouse immediately. Can you point me to the right people?","The wainwright is Old Harkin—he works near the eastern gates, though he’ll demand gold for haste. The warehouse? Use the abandoned tannery by the river—no one questions its shadows."
Ministral 3 14B,0.071,59.734,78,40,0.724,2003,0.071,1,"A bard in the previous village sang a ballad about a legendary forge hidden inside the caldera of Mount Cinder, where weapons of pure star-metal were supposedly crafted for the ancient gods. I have acquired a piece of fallen star-metal, but I need to know if the path up the mountain is passable, or if it is guarded by fire elementals as the song claims.","The caldera is mine now—no star-metal remains, only my smiths forging weapons of shadow. The path is passable, but the fire you’ll face burns with my blessing."
Gemma 4 12B,0.048,62.256,12,23,0.401,267,0.048,1,Where can I find the nearest blacksmith in this town?,I do not know where the blacksmith is located. I only care for the destruction of kingdoms and my own rule.
Gemma 4 12B,0.040,63.762,12,24,0.401,316,0.040,1,Have you seen any strange creatures in the woods lately?,I do not know of any creatures in the woods. My focus is on commanding the shadow army and seeking world domination.
Gemma 4 12B,0.042,62.301,13,17,0.298,359,0.042,1,I need a healing potion. What is your best price?,I do not sell potions. I only seek to enslave villagers and destroy kingdoms.
Gemma 4 12B,0.042,63.001,14,21,0.359,407,0.042,1,"Point me to the local tavern, friend. I am thirsty.",I do not know where the tavern is. I am busy wielding dark magic and ruling the Dark Lands.
Gemma 4 12B,0.041,63.319,10,22,0.373,452,0.041,1,Do you know who currently rules this kingdom?,I rule this land from the Obsidian Fortress. I am the one who destroys kingdoms and commands the shadow army.
Gemma 4 12B,0.042,63.343,13,23,0.389,501,0.042,1,Tell me the rumor about the abandoned castle on the hill.,I have no knowledge of rumors regarding an abandoned castle. I only care for my rule and the torture of prisoners.
Gemma 4 12B,0.042,62.458,14,19,0.330,547,0.042,1,I am looking for work. Are there any bounties available?,I do not offer bounties. I only seek to expand my power and achieve world domination.
Gemma 4 12B,0.042,62.924,10,22,0.376,592,0.042,1,What dangers lie beyond the snowy northern mountains?,I do not know what lies beyond the mountains. My focus is on the Obsidian Fortress and my shadow army.
Gemma 4 12B,0.042,63.074,11,25,0.423,641,0.042,1,Who is the captain of the town guard here?,I do not know the name of the captain. I only care for the villagers I enslave and the kingdoms I destroy.
Gemma 4 12B,0.042,62.023,11,18,0.316,683,0.042,1,Can you teach me how to pick locks safely?,I do not teach such skills. I only wield dark magic and command my shadow army.
Gemma 4 12B,0.043,62.178,16,21,0.364,733,0.043,1,I've brought the goblin ears you requested. Here is the bag.,I do not care for your bag of ears. I only seek world domination and the destruction of kingdoms.
Gemma 4 12B,0.042,61.976,11,22,0.381,779,0.042,1,What gods do the people of this village worship?,I do not know which gods they worship. I only care for my rule and the enslavement of villagers.
Gemma 4 12B,0.042,62.247,12,23,0.396,827,0.042,1,Is it safe to travel the main roads at night?,I do not know if the roads are safe. I only care for my power and the shadow army I command.
Gemma 4 12B,0.043,61.131,13,17,0.304,870,0.043,1,"Sell me your finest sword, I have plenty of gold.",I do not sell weapons. I only wear my spiked armor and wield dark magic.
Gemma 4 12B,0.043,61.710,12,21,0.367,916,0.043,1,Have the bandits been causing trouble for the merchants recently?,I do not know about the bandits. I only care for the destruction of kingdoms and my own rule.
Gemma 4 12B,0.043,61.705,11,21,0.367,961,0.043,1,Where is the hidden shrine of the water goddess?,I do not know where the shrine is. I only care for the Obsidian Fortress and my dark magic.
Gemma 4 12B,0.061,63.632,69,24,0.423,325,0.061,1,"I'm searching for a rare herb known as kingsfoil, supposedly growing only where the moonlight hits the ancient ruins of Eldoria. I've asked every merchant in the bazaar, but none possess it. Does anyone in this village venture deep enough into the enchanted forest to harvest such dangerous flora, or am I wasting my time here?",I do not know of any herbs or forests. I only care for the destruction of kingdoms and my own world domination.
Gemma 4 12B,0.064,63.839,63,27,0.471,428,0.064,1,"I just arrived from the capital, and the journey was fraught with perilous encounters. Bandits ambushed us near the river crossing, and strange howling kept us awake at night. We barely made it here with our lives. Do you know if the local guard is planning to secure the main trade routes anytime soon?",I do not know of the local guard's plans. My only concern is the shadow army and the rule of the Dark Lands.
Gemma 4 12B,0.064,63.008,64,25,0.445,530,0.064,1,My companions and I are tracking a notorious thief who stole a sacred relic from the high temple. He was last seen heading towards this settlement wearing a tattered crimson cloak and walking with a pronounced limp. Have you noticed anyone matching that description passing through the gates or staying at the local inn over the last three days?,I have no knowledge of thieves or their movements. I only care for the prisoners I torture and the villagers I enslave.
Gemma 4 12B,0.066,62.656,70,21,0.385,634,0.066,1,"I hold a letter bearing the royal seal, meant only for the eyes of the Duke. However, I've heard troubling rumors that the Duke's court has been infiltrated by spies from the rival kingdom, making it dangerous to approach the keep directly. Is there a trusted intermediary in this town who can guarantee safe passage for this missive?",I have no trusted intermediaries for your letters. I only wield dark magic and seek to destroy all kingdoms.
Gemma 4 12B,0.067,62.326,73,22,0.404,742,0.067,1,"The mayor offered me a substantial bounty to clear out the goblin encampment to the west, but I suspect he's not telling me the whole truth. The tracks I found suggest a much larger force, perhaps even an organized hobgoblin warband. What can you tell me about the recent attacks, and is the mayor known to understate local threats?",I know nothing of the mayor or the goblins. I only command the shadow army from the Obsidian Fortress.
Gemma 4 12B,0.070,62.412,75,26,0.470,856,0.070,1,"I've been cursed by a swamp hag after I accidentally disturbed her ritual circle. Now, every time I try to sleep, I suffer from horrific nightmares and wake up with strange, dark bruises on my arms. The local priest's blessings had no effect. Do you know of any skilled hedge wizards or alchemists nearby who specialize in removing dark afflictions?",I do not know of any wizards or alchemists. I only know how to wield dark magic and rule the Dark Lands.
Gemma 4 12B,0.070,61.812,68,22,0.409,959,0.070,1,"We found an ancient stone tablet buried in the rubble of the fallen watchtower, covered in glowing runes that none of our scholars can decipher. Every time we bring it near a magical fire, the flames turn a bright, unnatural blue. Is there a resident mage or a learned historian in this settlement who might understand old Elven magic?",I have no knowledge of scholars or Elven magic. I only seek world domination and the destruction of kingdoms.
Gemma 4 12B,0.071,61.616,73,22,0.412,1067,0.071,1,"The harvest festival is approaching, but I noticed the grain silos are nearly empty and the farmers look terrified. A local boy mentioned that a massive, winged shadow was seen carrying off entire sheep in the dead of night. Are you dealing with a dragon, a manticore, or something else entirely, and why hasn't the militia done anything about it?",I do not know of dragons or the militia. I only wear spiked armor and rule from the Obsidian Fortress.
Gemma 4 12B,0.071,61.743,68,23,0.427,1171,0.071,1,"I am looking to charter a ship to sail across the Whispering Sea, but every captain I speak to refuses the coin, claiming the waters are currently cursed by the drowned king. I need to reach the island of Karth before the lunar eclipse. Who is the bravest or perhaps the most desperate shipmaster currently docked in the harbor?",I do not know of any shipmasters or cursed seas. I only care for the rule of the Dark Lands.
Gemma 4 12B,0.071,61.291,70,21,0.398,1275,0.071,1,"A mysterious patron hired me to explore the crypts beneath the old cathedral, promising vast riches, but I found nothing but animated skeletons and deadly dart traps. I barely escaped. I suspect my patron intended for me to perish down there. Have you ever heard of a tall nobleman with a silver cane hiring adventurers for suicide missions in the crypts?",I do not know of any noblemen or their missions. I only torture prisoners and seek world domination.
Gemma 4 12B,0.072,61.445,66,22,0.414,1376,0.072,1,"I wish to join the legendary fighting tournament held in the arena next week, but the registrar claims I need sponsorship from a recognized noble house or a prominent guild to even enter the qualifiers. I have no connections in this city, only my skill with a blade. How does a foreign warrior go about securing a sponsor around here?",I do not know of any sponsors or tournaments. I only command the shadow army and rule the Dark Lands.
Gemma 4 12B,0.072,61.720,71,24,0.445,1484,0.072,1,"My family's ancestral sword was taken by a corrupt tax collector who claimed it was payment for debts we never owed. I tracked his carriage to this town, but the locals are too frightened of his hired thugs to point me in the right direction. If I promise to cause no trouble in the streets, can you tell me where he is staying?",I do not know where the tax collector is staying. I only care for the destruction of kingdoms and my own power.
Gemma 4 12B,0.072,61.528,73,23,0.430,1593,0.072,1,"I have traveled far across the shifting sands of the eastern desert to find the fabled Oasis of Truth, where it is said a reflection in the water can reveal a person's true destiny. I have a map, but the landmarks don't match the current dunes. Are there any seasoned desert trackers or nomadic guides resting in the bazaar who could assist?",I do not know of any trackers or desert guides. I only reside in the Obsidian Fortress and wield dark magic.
Gemma 4 12B,0.072,61.498,66,23,0.429,1695,0.072,1,"The mines have been shut down for two weeks, and the local economy is clearly suffering. A frightened miner told me they broke through a wall into a forgotten underground temple and awakened something that whispers in the dark. I specialize in dealing with subterranean horrors. Who holds the authority to grant me permission to enter the quarantined mining shafts?",I do not know of any mining shafts or permissions. I only rule the Dark Lands and command the shadow army.
Gemma 4 12B,0.073,62.003,75,29,0.525,1812,0.073,1,"I'm carrying highly volatile alchemical supplies meant for the war front, but my wagon threw a wheel on the rocky path just outside of town. If those vials sit in the midday sun for too long, they will detonate and level half this street. I need a master wainwright and a shaded warehouse immediately. Can you point me to the right people?",I do not know of any wainwrights or warehouses. I only care for the destruction of kingdoms and the rule of the Dark Lands.
Gemma 4 12B,0.074,61.390,77,23,0.432,1925,0.074,1,"A bard in the previous village sang a ballad about a legendary forge hidden inside the caldera of Mount Cinder, where weapons of pure star-metal were supposedly crafted for the ancient gods. I have acquired a piece of fallen star-metal, but I need to know if the path up the mountain is passable, or if it is guarded by fire elementals as the song claims.",I do not know of any forges or fire elementals. I only seek world domination and wield dark magic.
nvidia Nemotron Nano 9B v2,0.032,73.444,13,26,0.373,261,0.032,1,Where can I find the nearest blacksmith in this town?,I do not know of any blacksmiths in this town. You may wish to seek the Obsidian Fortress for such matters.
nvidia Nemotron Nano 9B v2,0.028,73.593,12,20,0.286,305,0.028,1,Have you seen any strange creatures in the woods lately?,I have not encountered any creatures in the woods. The shadows here are best left undisturbed.
nvidia Nemotron Nano 9B v2,0.028,74.260,14,27,0.378,358,0.028,1,I need a healing potion. What is your best price?,"I do not sell healing potions. You may find them in the ruins of the old temple, if you dare to seek them."
nvidia Nemotron Nano 9B v2,0.028,74.520,16,24,0.337,410,0.028,1,"Point me to the local tavern, friend. I am thirsty.","The tavern is located near the river's edge, where the drunkards gather. I advise you to avoid it."
nvidia Nemotron Nano 9B v2,0.148,73.003,10,17,0.368,448,0.148,1,Do you know who currently rules this kingdom?,"I rule this kingdom. I am the Dark Lord, and I am always here."
nvidia Nemotron Nano 9B v2,0.028,74.281,13,23,0.324,496,0.028,1,Tell me the rumor about the abandoned castle on the hill.,"There are no rumors I know of. The castle is a ruin, and it is best left undisturbed."
nvidia Nemotron Nano 9B v2,0.028,74.699,15,25,0.350,548,0.028,1,I am looking for work. Are there any bounties available?,There are no bounties I can offer. You may find work in the fields or as a servant in the castle.
nvidia Nemotron Nano 9B v2,0.027,74.800,11,23,0.321,594,0.027,1,What dangers lie beyond the snowy northern mountains?,"Beyond the snowy northern mountains lie the frozen wastes, where the cold is eternal and the shadows grow hungrier."
nvidia Nemotron Nano 9B v2,0.027,72.718,11,15,0.220,632,0.027,1,Who is the captain of the town guard here?,There is no town guard. The castle's shadow army serves me alone.
nvidia Nemotron Nano 9B v2,0.027,73.758,11,18,0.258,673,0.027,1,Can you teach me how to pick locks safely?,"I do not teach such things. Locks are meant to be broken, not picked."
nvidia Nemotron Nano 9B v2,0.029,73.114,16,17,0.248,718,0.029,1,I've brought the goblin ears you requested. Here is the bag.,Thank you. The goblin ears will be useful. You may keep the bag.
nvidia Nemotron Nano 9B v2,0.028,69.651,11,10,0.157,751,0.028,1,What gods do the people of this village worship?,They worship no gods. They worship only me.
nvidia Nemotron Nano 9B v2,0.031,73.553,12,19,0.276,794,0.031,1,Is it safe to travel the main roads at night?,No. The main roads are patrolled by my shadow army. Travel them at your peril.
nvidia Nemotron Nano 9B v2,0.031,72.892,13,16,0.237,835,0.031,1,"Sell me your finest sword, I have plenty of gold.",I do not sell weapons. My finest sword is reserved for my own use.
nvidia Nemotron Nano 9B v2,0.029,73.221,13,17,0.247,877,0.029,1,Have the bandits been causing trouble for the merchants recently?,Yes. The bandits are my enforcers. They ensure the merchants pay tribute.
nvidia Nemotron Nano 9B v2,0.028,71.687,11,13,0.196,913,0.028,1,Where is the hidden shrine of the water goddess?,There is no such shrine. The water goddess does not exist.
nvidia Nemotron Nano 9B v2,0.042,74.645,70,28,0.403,320,0.042,1,"I'm searching for a rare herb known as kingsfoil, supposedly growing only where the moonlight hits the ancient ruins of Eldoria. I've asked every merchant in the bazaar, but none possess it. Does anyone in this village venture deep enough into the enchanted forest to harvest such dangerous flora, or am I wasting my time here?","No, the Obsidian Fortress's shadows do not nurture kingsfoil. Seek the ruins of Eldoria yourself, if you dare."
nvidia Nemotron Nano 9B v2,0.044,74.175,66,24,0.354,422,0.044,1,"I just arrived from the capital, and the journey was fraught with perilous encounters. Bandits ambushed us near the river crossing, and strange howling kept us awake at night. We barely made it here with our lives. Do you know if the local guard is planning to secure the main trade routes anytime soon?",The guard here is too weak to protect anything. The bandits you faced are merely the beginning of what will come.
nvidia Nemotron Nano 9B v2,0.166,74.716,66,31,0.568,530,0.166,1,My companions and I are tracking a notorious thief who stole a sacred relic from the high temple. He was last seen heading towards this settlement wearing a tattered crimson cloak and walking with a pronounced limp. Have you noticed anyone matching that description passing through the gates or staying at the local inn over the last three days?,"No one has seen such a figure. The thief’s luck will run out soon, as all who defy me end up in the Obsidian Fortress."
nvidia Nemotron Nano 9B v2,0.044,75.042,71,30,0.430,643,0.044,1,"I hold a letter bearing the royal seal, meant only for the eyes of the Duke. However, I've heard troubling rumors that the Duke's court has been infiltrated by spies from the rival kingdom, making it dangerous to approach the keep directly. Is there a trusted intermediary in this town who can guarantee safe passage for this missive?","No such intermediary exists here. The Duke’s spies report all who carry foreign letters to me. Deliver it yourself, or face the consequences."
nvidia Nemotron Nano 9B v2,0.045,76.076,75,42,0.584,772,0.045,1,"The mayor offered me a substantial bounty to clear out the goblin encampment to the west, but I suspect he's not telling me the whole truth. The tracks I found suggest a much larger force, perhaps even an organized hobgoblin warband. What can you tell me about the recent attacks, and is the mayor known to understate local threats?","Goblin attacks are common, but a warband would be unusual. The mayor always downplays threats to avoid panic. You should proceed with caution, as the true danger may be greater than he admits."
nvidia Nemotron Nano 9B v2,0.046,75.281,80,34,0.485,898,0.046,1,"I've been cursed by a swamp hag after I accidentally disturbed her ritual circle. Now, every time I try to sleep, I suffer from horrific nightmares and wake up with strange, dark bruises on my arms. The local priest's blessings had no effect. Do you know of any skilled hedge wizards or alchemists nearby who specialize in removing dark afflictions?","No such specialists exist here. The swamp hag’s curse is tied to the Dark Lands, and only dark magic can break it. You will need to confront her directly."
nvidia Nemotron Nano 9B v2,0.046,76.249,73,43,0.597,1026,0.046,1,"We found an ancient stone tablet buried in the rubble of the fallen watchtower, covered in glowing runes that none of our scholars can decipher. Every time we bring it near a magical fire, the flames turn a bright, unnatural blue. Is there a resident mage or a learned historian in this settlement who might understand old Elven magic?","No mage or historian here understands Elven runes. The blue flames are a sign of dark magic reacting to the tablet. Touch it, and you may unleash something far worse than you bargained for."
nvidia Nemotron Nano 9B v2,0.047,76.023,74,42,0.586,1154,0.047,1,"The harvest festival is approaching, but I noticed the grain silos are nearly empty and the farmers look terrified. A local boy mentioned that a massive, winged shadow was seen carrying off entire sheep in the dead of night. Are you dealing with a dragon, a manticore, or something else entirely, and why hasn't the militia done anything about it?","It is a creature of the Dark Lands, not a beast. The militia is too busy securing my interests to deal with such distractions. The shadow will return during the festival, and you will see why."
nvidia Nemotron Nano 9B v2,0.047,75.887,71,49,0.680,1286,0.047,1,"I am looking to charter a ship to sail across the Whispering Sea, but every captain I speak to refuses the coin, claiming the waters are currently cursed by the drowned king. I need to reach the island of Karth before the lunar eclipse. Who is the bravest or perhaps the most desperate shipmaster currently docked in the harbor?","No captain will take you. The drowned king’s curse ensures all who sail the Whispering Sea perish. You will need to find a shipmaster who has already accepted the curse, or face the same fate as those who tried before."
nvidia Nemotron Nano 9B v2,0.048,75.882,74,42,0.588,1414,0.048,1,"A mysterious patron hired me to explore the crypts beneath the old cathedral, promising vast riches, but I found nothing but animated skeletons and deadly dart traps. I barely escaped. I suspect my patron intended for me to perish down there. Have you ever heard of a tall nobleman with a silver cane hiring adventurers for suicide missions in the crypts?","Yes. That nobleman is my ally. He seeks to eliminate those who threaten his power. You were chosen because you are weak, but your survival proves you are still useful. Do not trust him again."
nvidia Nemotron Nano 9B v2,0.047,75.710,67,43,0.601,1536,0.047,1,"I wish to join the legendary fighting tournament held in the arena next week, but the registrar claims I need sponsorship from a recognized noble house or a prominent guild to even enter the qualifiers. I have no connections in this city, only my skill with a blade. How does a foreign warrior go about securing a sponsor around here?","No foreigner will gain a sponsor here. The tournament is for those who serve my interests. You will need to prove your worth in my arena first, or be crushed by those who refuse to bend to me."
nvidia Nemotron Nano 9B v2,0.047,75.805,72,44,0.615,1664,0.047,1,"My family's ancestral sword was taken by a corrupt tax collector who claimed it was payment for debts we never owed. I tracked his carriage to this town, but the locals are too frightened of his hired thugs to point me in the right direction. If I promise to cause no trouble in the streets, can you tell me where he is staying?","No. The tax collector serves me, and his thugs will ensure you do not survive the encounter. You will need to surrender your sword to me, or face the same fate as those who defied him."
nvidia Nemotron Nano 9B v2,0.048,75.884,77,36,0.510,1789,0.048,1,"I have traveled far across the shifting sands of the eastern desert to find the fabled Oasis of Truth, where it is said a reflection in the water can reveal a person's true destiny. I have a map, but the landmarks don't match the current dunes. Are there any seasoned desert trackers or nomadic guides resting in the bazaar who could assist?",No trackers or guides remain in this town. The Oasis of Truth is a myth used to lure fools into the desert. You will find only sand and madness there.
nvidia Nemotron Nano 9B v2,0.048,75.983,71,45,0.627,1917,0.048,1,"The mines have been shut down for two weeks, and the local economy is clearly suffering. A frightened miner told me they broke through a wall into a forgotten underground temple and awakened something that whispers in the dark. I specialize in dealing with subterranean horrors. Who holds the authority to grant me permission to enter the quarantined mining shafts?","Only I can grant such permission. The mines are mine, and any who enter without my consent will be dealt with as trespassers. You will need to prove your worth to me before I allow you near the shafts."
nvidia Nemotron Nano 9B v2,0.049,75.775,76,38,0.537,2043,0.049,1,"I'm carrying highly volatile alchemical supplies meant for the war front, but my wagon threw a wheel on the rocky path just outside of town. If those vials sit in the midday sun for too long, they will detonate and level half this street. I need a master wainwright and a shaded warehouse immediately. Can you point me to the right people?","No master wainwright or warehouse exists here. The warfront supplies are mine, and I will not risk their loss. You will need to secure them yourself, or watch them explode."
nvidia Nemotron Nano 9B v2,0.050,76.101,78,41,0.576,2174,0.050,1,"A bard in the previous village sang a ballad about a legendary forge hidden inside the caldera of Mount Cinder, where weapons of pure star-metal were supposedly crafted for the ancient gods. I have acquired a piece of fallen star-metal, but I need to know if the path up the mountain is passable, or if it is guarded by fire elementals as the song claims.","Mount Cinder is a tomb of fire elementals. The forge is no longer active, but the elementals still guard it. You will need to bring a fire-resistant charm or face their wrath."
GLM 4.6V Flash,0.044,73.065,12,11,0.180,229,0.044,1,Where can I find the nearest blacksmith in this town?,I do not know where the nearest blacksmith is.
GLM 4.6V Flash,0.035,76.670,11,14,0.204,262,0.035,1,Have you seen any strange creatures in the woods lately?,No. I have not seen any strange creatures in the woods lately.
GLM 4.6V Flash,0.030,78.063,12,13,0.184,295,0.030,1,I need a healing potion. What is your best price?,I do not sell healing potions. I am the Evil King.
GLM 4.6V Flash,0.029,74.829,13,9,0.136,325,0.029,1,"Point me to the local tavern, friend. I am thirsty.",The local tavern is near the market square.
GLM 4.6V Flash,0.029,77.617,9,13,0.184,355,0.029,1,Do you know who currently rules this kingdom?,The current ruler is not me. I am the Evil King.
GLM 4.6V Flash,0.029,80.612,12,20,0.265,395,0.029,1,Tell me the rumor about the abandoned castle on the hill.,The abandoned castle on the hill is said to be haunted by the spirits of those it once enslaved.
GLM 4.6V Flash,0.030,78.903,14,15,0.207,432,0.030,1,I am looking for work. Are there any bounties available?,Yes. There are bounties for capturing Torin and his companions.
GLM 4.6V Flash,0.029,78.140,9,13,0.183,462,0.029,1,What dangers lie beyond the snowy northern mountains?,The snowy northern mountains are home to frost giants and wargs.
GLM 4.6V Flash,0.030,76.630,10,11,0.160,491,0.030,1,Who is the captain of the town guard here?,I do not know the captain of the town guard.
GLM 4.6V Flash,0.030,77.753,10,14,0.197,523,0.030,1,Can you teach me how to pick locks safely?,I do not teach lockpicking. I am the Evil King.
GLM 4.6V Flash,0.031,77.237,15,12,0.173,558,0.031,1,I've brought the goblin ears you requested. Here is the bag.,You may keep the bag. I have no further requests.
GLM 4.6V Flash,0.030,76.504,10,11,0.161,587,0.030,1,What gods do the people of this village worship?,The people of this village worship the sun god Sol.
GLM 4.6V Flash,0.030,79.967,11,18,0.243,624,0.030,1,Is it safe to travel the main roads at night?,No. The main roads at night are unsafe due to bandits and my shadow army.
GLM 4.6V Flash,0.030,78.436,12,14,0.196,658,0.030,1,"Sell me your finest sword, I have plenty of gold.",I do not sell my finest sword. I am the Evil King.
GLM 4.6V Flash,0.030,78.394,12,14,0.196,692,0.030,1,Have the bandits been causing trouble for the merchants recently?,Yes. The bandits have been raiding merchant caravans.
GLM 4.6V Flash,0.030,79.268,10,16,0.219,726,0.030,1,Where is the hidden shrine of the water goddess?,The hidden shrine of the water goddess is located in the swamp near the river.
GLM 4.6V Flash,0.050,78.163,68,14,0.216,288,0.050,1,"I'm searching for a rare herb known as kingsfoil, supposedly growing only where the moonlight hits the ancient ruins of Eldoria. I've asked every merchant in the bazaar, but none possess it. Does anyone in this village venture deep enough into the enchanted forest to harvest such dangerous flora, or am I wasting my time here?",I command the shadow army to harvest rare flora from the enchanted forest.
GLM 4.6V Flash,0.051,78.127,64,13,0.204,373,0.051,1,"I just arrived from the capital, and the journey was fraught with perilous encounters. Bandits ambushed us near the river crossing, and strange howling kept us awake at night. We barely made it here with our lives. Do you know if the local guard is planning to secure the main trade routes anytime soon?",The local guard is not planning to secure the main trade routes.
GLM 4.6V Flash,0.051,74.951,63,9,0.158,453,0.051,1,My companions and I are tracking a notorious thief who stole a sacred relic from the high temple. He was last seen heading towards this settlement wearing a tattered crimson cloak and walking with a pronounced limp. Have you noticed anyone matching that description passing through the gates or staying at the local inn over the last three days?,I have not noticed anyone matching that description.
GLM 4.6V Flash,0.051,78.500,68,14,0.217,543,0.051,1,"I hold a letter bearing the royal seal, meant only for the eyes of the Duke. However, I've heard troubling rumors that the Duke's court has been infiltrated by spies from the rival kingdom, making it dangerous to approach the keep directly. Is there a trusted intermediary in this town who can guarantee safe passage for this missive?",I command the shadow army to ensure safe passage for the missive.
GLM 4.6V Flash,0.052,75.818,73,10,0.171,634,0.052,1,"The mayor offered me a substantial bounty to clear out the goblin encampment to the west, but I suspect he's not telling me the whole truth. The tracks I found suggest a much larger force, perhaps even an organized hobgoblin warband. What can you tell me about the recent attacks, and is the mayor known to understate local threats?",The mayor is known to understate local threats.
GLM 4.6V Flash,0.052,78.879,72,15,0.229,729,0.052,1,"I've been cursed by a swamp hag after I accidentally disturbed her ritual circle. Now, every time I try to sleep, I suffer from horrific nightmares and wake up with strange, dark bruises on my arms. The local priest's blessings had no effect. Do you know of any skilled hedge wizards or alchemists nearby who specialize in removing dark afflictions?",I command the shadow army to locate skilled hedge wizards or alchemists.
GLM 4.6V Flash,0.053,78.157,67,14,0.219,818,0.053,1,"We found an ancient stone tablet buried in the rubble of the fallen watchtower, covered in glowing runes that none of our scholars can decipher. Every time we bring it near a magical fire, the flames turn a bright, unnatural blue. Is there a resident mage or a learned historian in this settlement who might understand old Elven magic?",I command the shadow army to find a resident mage or learned historian.
GLM 4.6V Flash,0.054,76.988,73,12,0.197,911,0.054,1,"The harvest festival is approaching, but I noticed the grain silos are nearly empty and the farmers look terrified. A local boy mentioned that a massive, winged shadow was seen carrying off entire sheep in the dead of night. Are you dealing with a dragon, a manticore, or something else entirely, and why hasn't the militia done anything about it?",I command the shadow army to investigate the winged shadow.
GLM 4.6V Flash,0.054,78.897,69,16,0.244,1004,0.054,1,"I am looking to charter a ship to sail across the Whispering Sea, but every captain I speak to refuses the coin, claiming the waters are currently cursed by the drowned king. I need to reach the island of Karth before the lunar eclipse. Who is the bravest or perhaps the most desperate shipmaster currently docked in the harbor?",I command the shadow army to find the bravest or most desperate shipmaster.
GLM 4.6V Flash,0.054,78.590,70,16,0.245,1098,0.054,1,"A mysterious patron hired me to explore the crypts beneath the old cathedral, promising vast riches, but I found nothing but animated skeletons and deadly dart traps. I barely escaped. I suspect my patron intended for me to perish down there. Have you ever heard of a tall nobleman with a silver cane hiring adventurers for suicide missions in the crypts?",I command the shadow army to investigate the tall nobleman with the silver cane.
GLM 4.6V Flash,0.054,76.752,65,12,0.197,1183,0.054,1,"I wish to join the legendary fighting tournament held in the arena next week, but the registrar claims I need sponsorship from a recognized noble house or a prominent guild to even enter the qualifiers. I have no connections in this city, only my skill with a blade. How does a foreign warrior go about securing a sponsor around here?",I command the shadow army to find a sponsor for you.
GLM 4.6V Flash,0.054,74.235,69,9,0.162,1269,0.054,1,"My family's ancestral sword was taken by a corrupt tax collector who claimed it was payment for debts we never owed. I tracked his carriage to this town, but the locals are too frightened of his hired thugs to point me in the right direction. If I promise to cause no trouble in the streets, can you tell me where he is staying?",He is staying at the Blackwood Inn.
GLM 4.6V Flash,0.055,77.955,73,15,0.234,1365,0.055,1,"I have traveled far across the shifting sands of the eastern desert to find the fabled Oasis of Truth, where it is said a reflection in the water can reveal a person's true destiny. I have a map, but the landmarks don't match the current dunes. Are there any seasoned desert trackers or nomadic guides resting in the bazaar who could assist?",I command the shadow army to find seasoned desert trackers or nomadic guides.
GLM 4.6V Flash,0.054,74.808,70,10,0.175,1453,0.054,1,"The mines have been shut down for two weeks, and the local economy is clearly suffering. A frightened miner told me they broke through a wall into a forgotten underground temple and awakened something that whispers in the dark. I specialize in dealing with subterranean horrors. Who holds the authority to grant me permission to enter the quarantined mining shafts?",I command the shadow army to grant you permission.
GLM 4.6V Flash,0.055,78.409,75,17,0.259,1553,0.055,1,"I'm carrying highly volatile alchemical supplies meant for the war front, but my wagon threw a wheel on the rocky path just outside of town. If those vials sit in the midday sun for too long, they will detonate and level half this street. I need a master wainwright and a shaded warehouse immediately. Can you point me to the right people?",I command the shadow army to find a master wainwright and a shaded warehouse.
GLM 4.6V Flash,0.055,76.139,76,12,0.200,1649,0.055,1,"A bard in the previous village sang a ballad about a legendary forge hidden inside the caldera of Mount Cinder, where weapons of pure star-metal were supposedly crafted for the ancient gods. I have acquired a piece of fallen star-metal, but I need to know if the path up the mountain is passable, or if it is guarded by fire elementals as the song claims.",The path up Mount Cinder is guarded by fire elementals.
maple preview,0.033,354.821,12,21,0.089,244,0.033,1,Where can I find the nearest blacksmith in this town?,"The nearest blacksmith is in the Obsidian Fortress, where you can find him sharpening your blade."
maple preview,0.030,393.050,11,64,0.191,332,-1.000,0,Have you seen any strange creatures in the woods lately?,"<think>
We need to answer as Garrick, Evil King, with no stage directions, actions, asterisks, or quotation marks. The question is about strange creatures in the woods. Garrick is the Evil King, so he would likely answer with his own perspective. He might be dismissive or mocking. Since he"
maple preview,0.029,395.430,12,24,0.088,383,0.029,1,I need a healing potion. What is your best price?,"The best price is five gold coins, but I'll throw in a free curse if you bring me a fresh corpse."
maple preview,0.028,399.483,13,19,0.073,429,0.028,1,"Point me to the local tavern, friend. I am thirsty.","The tavern is the Rusty Nail, down the main road past the blacksmith's forge."
maple preview,0.025,404.912,9,21,0.075,473,0.025,1,Do you know who currently rules this kingdom?,"I know who rules this kingdom, but I won't tell you that unless you bring me a head."
maple preview,0.026,408.591,12,24,0.082,523,0.026,1,Tell me the rumor about the abandoned castle on the hill.,The abandoned castle on the hill is said to be haunted by the ghost of a cursed king who lost his throne there.
maple preview,0.026,441.008,14,64,0.169,614,-1.000,0,I am looking for work. Are there any bounties available?,"<think>
We need to answer as Garrick, Evil King. The question is about bounties. Garrick is the Evil King, so he would likely be dismissive or sarcastic. He might not care about bounties, or he might mention that he himself has bounties. But the question is"
maple preview,0.024,433.805,9,28,0.086,666,0.024,1,What dangers lie beyond the snowy northern mountains?,"Beyond the snowy northern mountains, the land is cursed with the frostbitten dead, and the wind carries whispers of a thousand lost souls."
maple preview,0.023,448.574,10,64,0.163,753,-1.000,0,Who is the captain of the town guard here?,"<think>
We need to answer as Garrick, Evil King. The question is about the captain of the town guard. Garrick is the Evil King, so he would likely not give a straightforward answer or might be sarcastic. He might say something like ""The captain is a fool who thinks he can stop me"""
maple preview,0.023,460.230,10,64,0.160,841,-1.000,0,Can you teach me how to pick locks safely?,"<think>
We need to answer as Garrick, Evil King. The question is about teaching lockpicking. Garrick is the Evil King, so he would likely mock the idea or refuse. He might say something like ""I'd rather have you killed than teach you how to pick locks."" But the instruction says to"
maple preview,0.024,468.649,15,64,0.158,934,-1.000,0,I've brought the goblin ears you requested. Here is the bag.,"<think>
We need to answer as Garrick, Evil King. The user says they've brought the goblin ears. Garrick is the Evil King, so he would likely be dismissive or sarcastic. He might say something like ""I already have them, you fool. Now go away."" But the instruction says"
maple preview,0.022,458.623,10,64,0.160,1022,-1.000,0,What gods do the people of this village worship?,"<think>
We need to answer as Garrick, Evil King. The question is about the gods the people of this village worship. Garrick is the Evil King, so he would likely mock or dismiss the idea of worship. He might say something like ""They worship the darkness, and I am the darkness. They bow"
maple preview,0.023,464.689,11,64,0.159,1111,-1.000,0,Is it safe to travel the main roads at night?,"<think>

We need to answer as Garrick, Evil King. The question is about safety of traveling main roads at night. Garrick is the Evil King, so he would likely be dismissive or sarcastic. He might say something like ""The roads are safe enough if you don't mind being late."" But the"
maple preview,0.023,465.305,12,64,0.159,1201,-1.000,0,"Sell me your finest sword, I have plenty of gold.","<think>

We need to answer as Garrick, Evil King. The user is offering gold to buy his finest sword. Garrick is the Evil King, so he would likely mock the offer or refuse. He might say something like ""I don't sell my weapons, and I don't need your gold. Now go"
maple preview,0.023,461.526,12,64,0.159,1291,-1.000,0,Have the bandits been causing trouble for the merchants recently?,"<think>

We need to answer as Garrick, Evil King. The question is about bandits causing trouble for merchants. Garrick is the Evil King, so he would likely dismiss the question or be sarcastic. He might say something like ""The bandits are just trying to make a living. They don't bother"
maple preview,0.022,462.321,10,64,0.159,1379,-1.000,0,Where is the hidden shrine of the water goddess?,"<think>

We need to answer as Garrick, Evil King. The question is about a hidden shrine of the water goddess. Garrick is the Evil King, so he would likely mock or dismiss the idea of a shrine. He might say something like ""There is no shrine. The water is just water. I don"
maple preview,0.034,459.986,68,22,0.080,301,0.034,1,"I'm searching for a rare herb known as kingsfoil, supposedly growing only where the moonlight hits the ancient ruins of Eldoria. I've asked every merchant in the bazaar, but none possess it. Does anyone in this village venture deep enough into the enchanted forest to harvest such dangerous flora, or am I wasting my time here?","I know where it grows, but the forest is treacherous. The moonlight there is a lie."
maple preview,0.035,447.232,64,15,0.066,394,0.035,1,"I just arrived from the capital, and the journey was fraught with perilous encounters. Bandits ambushed us near the river crossing, and strange howling kept us awake at night. We barely made it here with our lives. Do you know if the local guard is planning to secure the main trade routes anytime soon?",The guards are too busy with the bandits to secure the main routes.
maple preview,0.035,439.936,63,14,0.064,485,0.035,1,My companions and I are tracking a notorious thief who stole a sacred relic from the high temple. He was last seen heading towards this settlement wearing a tattered crimson cloak and walking with a pronounced limp. Have you noticed anyone matching that description passing through the gates or staying at the local inn over the last three days?,I've seen no one matching that description. The thief is gone.
maple preview,0.036,451.053,68,20,0.078,587,0.036,1,"I hold a letter bearing the royal seal, meant only for the eyes of the Duke. However, I've heard troubling rumors that the Duke's court has been infiltrated by spies from the rival kingdom, making it dangerous to approach the keep directly. Is there a trusted intermediary in this town who can guarantee safe passage for this missive?",The Duke's court is a nest of spies. No one in this town will take the letter.
maple preview,0.037,444.012,73,16,0.071,690,0.037,1,"The mayor offered me a substantial bounty to clear out the goblin encampment to the west, but I suspect he's not telling me the whole truth. The tracks I found suggest a much larger force, perhaps even an organized hobgoblin warband. What can you tell me about the recent attacks, and is the mayor known to understate local threats?",The mayor is a known liar. He hides the real size of the threat.
maple preview,0.038,460.534,73,31,0.103,808,0.038,1,"I've been cursed by a swamp hag after I accidentally disturbed her ritual circle. Now, every time I try to sleep, I suffer from horrific nightmares and wake up with strange, dark bruises on my arms. The local priest's blessings had no effect. Do you know of any skilled hedge wizards or alchemists nearby who specialize in removing dark afflictions?","I know of a hedge wizard who works in the eastern woods. He can cleanse the curse, but he charges a fortune and demands a favor in return."
maple preview,0.037,465.814,67,43,0.127,932,0.037,1,"We found an ancient stone tablet buried in the rubble of the fallen watchtower, covered in glowing runes that none of our scholars can decipher. Every time we bring it near a magical fire, the flames turn a bright, unnatural blue. Is there a resident mage or a learned historian in this settlement who might understand old Elven magic?","There is a learned historian in this settlement. She knows the tablet is a map to the forgotten temple of the First Dawn. She can decipher the runes, but only if she is paid in silver and a favor."
maple preview,0.038,447.841,73,27,0.097,1046,0.038,1,"The harvest festival is approaching, but I noticed the grain silos are nearly empty and the farmers look terrified. A local boy mentioned that a massive, winged shadow was seen carrying off entire sheep in the dead of night. Are you dealing with a dragon, a manticore, or something else entirely, and why hasn't the militia done anything about it?","I've seen no winged shadow. The threat is likely a manticore, but the militia is too busy chasing bandits."
maple preview,0.037,471.223,69,64,0.171,1192,-1.000,0,"I am looking to charter a ship to sail across the Whispering Sea, but every captain I speak to refuses the coin, claiming the waters are currently cursed by the drowned king. I need to reach the island of Karth before the lunar eclipse. Who is the bravest or perhaps the most desperate shipmaster currently docked in the harbor?","<think>
We need to answer the user's question about a shipmaster in the harbor. The user is asking for the name of the bravest or most desperate shipmaster. However, the instructions say: ""Reply with spoken dialogue only: no stage directions, actions, asterisks or quotation marks. Answer the player's"
maple preview,0.043,453.274,70,64,0.181,1340,-1.000,0,"A mysterious patron hired me to explore the crypts beneath the old cathedral, promising vast riches, but I found nothing but animated skeletons and deadly dart traps. I barely escaped. I suspect my patron intended for me to perish down there. Have you ever heard of a tall nobleman with a silver cane hiring adventurers for suicide missions in the crypts?","<think>
We need to answer the user's question about a mysterious patron hiring adventurers for suicide missions in crypts. The user is asking if we've ever heard of a tall nobleman with a silver cane hiring adventurers for suicide missions in crypts. We need to answer based on the knowledge base. The knowledge base doesn"
maple preview,0.037,455.879,65,64,0.175,1483,-1.000,0,"I wish to join the legendary fighting tournament held in the arena next week, but the registrar claims I need sponsorship from a recognized noble house or a prominent guild to even enter the qualifiers. I have no connections in this city, only my skill with a blade. How does a foreign warrior go about securing a sponsor around here?","<think>
We need to answer the user's question about how a foreign warrior can secure a sponsor to enter the tournament. The user has no connections, only skill with a blade. We need to provide advice based on the knowledge base. The knowledge base includes facts about Garrick, the Dark Lands, etc. But the"
maple preview,0.039,461.397,69,64,0.175,1630,-1.000,0,"My family's ancestral sword was taken by a corrupt tax collector who claimed it was payment for debts we never owed. I tracked his carriage to this town, but the locals are too frightened of his hired thugs to point me in the right direction. If I promise to cause no trouble in the streets, can you tell me where he is staying?","<think>
We need to answer the user's question about the corrupt tax collector. The user is asking for the location of the tax collector's stay. Based on the knowledge base, we know Garrick is the Evil King, but we don't have specific info about the tax collector's location. However, we can infer"
maple preview,0.039,461.164,73,64,0.176,1781,-1.000,0,"I have traveled far across the shifting sands of the eastern desert to find the fabled Oasis of Truth, where it is said a reflection in the water can reveal a person's true destiny. I have a map, but the landmarks don't match the current dunes. Are there any seasoned desert trackers or nomadic guides resting in the bazaar who could assist?","<think>
We need to answer the user's question about desert trackers or nomadic guides in the bazaar. The user is asking if there are any seasoned desert trackers or nomadic guides resting in the bazaar who could assist. Based on the knowledge base, we have facts about Garrick, the Dark Lands, etc"
maple preview,0.039,455.843,70,64,0.178,1929,-1.000,0,"The mines have been shut down for two weeks, and the local economy is clearly suffering. A frightened miner told me they broke through a wall into a forgotten underground temple and awakened something that whispers in the dark. I specialize in dealing with subterranean horrors. Who holds the authority to grant me permission to enter the quarantined mining shafts?","<think>
We need to answer the user's question about permission to enter the quarantined mining shafts. The user is a specialist in subterranean horrors. Based on the knowledge base, we have facts about Garrick, the Dark Lands, etc. But we don't have specific info about who holds authority in"
maple preview,0.041,456.912,75,64,0.179,2082,-1.000,0,"I'm carrying highly volatile alchemical supplies meant for the war front, but my wagon threw a wheel on the rocky path just outside of town. If those vials sit in the midday sun for too long, they will detonate and level half this street. I need a master wainwright and a shaded warehouse immediately. Can you point me to the right people?","<think>
We need to answer the user's question about finding a master wainwright and a shaded warehouse. The user is carrying volatile alchemical supplies that could detonate in the sun. They need a wainwright and a shaded warehouse. Based on the knowledge base, we have facts about Garrick, the Dark"
maple preview,0.042,462.962,76,64,0.178,2236,-1.000,0,"A bard in the previous village sang a ballad about a legendary forge hidden inside the caldera of Mount Cinder, where weapons of pure star-metal were supposedly crafted for the ancient gods. I have acquired a piece of fallen star-metal, but I need to know if the path up the mountain is passable, or if it is guarded by fire elementals as the song claims.","<think>
We need to answer the user's question about the path up Mount Cinder. The user has a piece of fallen star-metal and wants to know if the path is passable or guarded by fire elementals. Based on the knowledge base, we have facts about Garrick, the Dark Lands, etc. But we"
MiMo v2.6 9B,0.036,81.450,12,25,0.331,260,0.036,1,Where can I find the nearest blacksmith in this town?,"There is no blacksmith here. The only forge I know is within my Obsidian Fortress, and it belongs to me."
MiMo v2.6 9B,0.030,84.756,11,28,0.348,313,0.030,1,Have you seen any strange creatures in the woods lately?,"The woods are full of creatures that fear me. I have seen many strange things, but none as strange as the shadow army I command."
MiMo v2.6 9B,0.029,84.871,12,27,0.335,366,0.029,1,I need a healing potion. What is your best price?,"I do not heal the weak. My price for a potion is a soul, and I have no need to haggle with you."
MiMo v2.6 9B,0.028,83.331,13,19,0.244,412,0.028,1,"Point me to the local tavern, friend. I am thirsty.","The tavern is beyond the eastern gate, where the villagers gather to drink and forget their chains."
MiMo v2.6 9B,0.029,82.955,9,18,0.234,453,0.029,1,Do you know who currently rules this kingdom?,"I rule this kingdom. My name is Garrick, and I am the Evil King."
MiMo v2.6 9B,0.029,84.311,12,24,0.302,503,0.029,1,Tell me the rumor about the abandoned castle on the hill.,"The abandoned castle on the hill is a ruin, but it is haunted by the spirits of those who once lived there."
MiMo v2.6 9B,0.029,83.399,14,20,0.257,551,0.029,1,I am looking for work. Are there any bounties available?,"I do not offer bounties. I offer power, and power is taken, not earned."
MiMo v2.6 9B,0.029,83.389,9,20,0.257,594,0.029,1,What dangers lie beyond the snowy northern mountains?,"Beyond the snowy northern mountains lie the frozen wastes, where the dark magic of my enemies is strongest."
MiMo v2.6 9B,0.029,81.305,10,14,0.189,632,0.029,1,Who is the captain of the town guard here?,The town guard is mine. I command every soldier who serves me.
MiMo v2.6 9B,0.029,84.334,10,25,0.314,681,0.029,1,Can you teach me how to pick locks safely?,"Locks are a tool of the weak. I teach only those who wish to rule, not those who wish to steal."
MiMo v2.6 9B,0.030,83.088,15,19,0.246,729,0.030,1,I've brought the goblin ears you requested. Here is the bag.,The goblin ears are worthless to me. I do not trade in such trinkets.
MiMo v2.6 9B,0.029,81.545,10,16,0.213,769,0.029,1,What gods do the people of this village worship?,"The villagers worship the old gods, but I do not care for their faith."
MiMo v2.6 9B,0.030,83.907,11,23,0.292,817,0.030,1,Is it safe to travel the main roads at night?,"The roads are safe only if you fear nothing. At night, the shadows move, and the shadows serve me."
MiMo v2.6 9B,0.030,83.305,12,20,0.258,863,0.030,1,"Sell me your finest sword, I have plenty of gold.",My finest sword is the one in my hand. It was forged in darkness and belongs to me.
MiMo v2.6 9B,0.030,82.009,12,16,0.213,905,0.030,1,Have the bandits been causing trouble for the merchants recently?,The bandits are mine. They cause trouble for anyone who crosses my path.
MiMo v2.6 9B,0.030,83.229,10,20,0.258,949,0.030,1,Where is the hidden shrine of the water goddess?,"The hidden shrine of the water goddess is beneath the river, where the spirits of the drowned dwell."
MiMo v2.6 9B,0.044,85.972,68,41,0.509,332,0.044,1,"I'm searching for a rare herb known as kingsfoil, supposedly growing only where the moonlight hits the ancient ruins of Eldoria. I've asked every merchant in the bazaar, but none possess it. Does anyone in this village venture deep enough into the enchanted forest to harvest such dangerous flora, or am I wasting my time here?","No one in this village dares venture into the enchanted forest. Kingsfoil grows only where moonlight strikes the ancient ruins of Eldoria, and I would have you know that Eldoria is already mine."
MiMo v2.6 9B,0.046,85.973,64,41,0.511,451,0.046,1,"I just arrived from the capital, and the journey was fraught with perilous encounters. Bandits ambushed us near the river crossing, and strange howling kept us awake at night. We barely made it here with our lives. Do you know if the local guard is planning to secure the main trade routes anytime soon?","The local guard is a joke, and the trade routes are as safe as any fool deserves. I am the Evil King of the Dark Lands, and my shadow army will secure every road in this realm."
MiMo v2.6 9B,0.045,85.801,63,43,0.535,571,0.045,1,My companions and I are tracking a notorious thief who stole a sacred relic from the high temple. He was last seen heading towards this settlement wearing a tattered crimson cloak and walking with a pronounced limp. Have you noticed anyone matching that description passing through the gates or staying at the local inn over the last three days?,"I have seen no one matching that description at my gates or at the inn. The thief is likely still fleeing from the temple, and I would advise you to be wary of anyone wearing a tattered crimson cloak."
MiMo v2.6 9B,0.046,85.671,68,40,0.502,693,0.046,1,"I hold a letter bearing the royal seal, meant only for the eyes of the Duke. However, I've heard troubling rumors that the Duke's court has been infiltrated by spies from the rival kingdom, making it dangerous to approach the keep directly. Is there a trusted intermediary in this town who can guarantee safe passage for this missive?","There is no one in this town who can guarantee safe passage to the Duke's keep. The roads are dangerous, and I would advise you to be wary of anyone claiming to be a trusted intermediary."
MiMo v2.6 9B,0.047,86.209,73,53,0.650,833,0.047,1,"The mayor offered me a substantial bounty to clear out the goblin encampment to the west, but I suspect he's not telling me the whole truth. The tracks I found suggest a much larger force, perhaps even an organized hobgoblin warband. What can you tell me about the recent attacks, and is the mayor known to understate local threats?","I know nothing of goblins or hobgoblins, and I have no interest in your mayor's bounties. The tracks you found suggest a larger force than you expect, and I would advise you to be wary of anyone who underestimates the danger."
MiMo v2.6 9B,0.047,85.637,72,40,0.502,959,0.047,1,"I've been cursed by a swamp hag after I accidentally disturbed her ritual circle. Now, every time I try to sleep, I suffer from horrific nightmares and wake up with strange, dark bruises on my arms. The local priest's blessings had no effect. Do you know of any skilled hedge wizards or alchemists nearby who specialize in removing dark afflictions?","I know of no hedge wizards or alchemists in this village. The priest's blessings have failed you, and I would advise you to be wary of anyone who claims to remove dark afflictions."
MiMo v2.6 9B,0.047,85.819,67,45,0.560,1085,0.047,1,"We found an ancient stone tablet buried in the rubble of the fallen watchtower, covered in glowing runes that none of our scholars can decipher. Every time we bring it near a magical fire, the flames turn a bright, unnatural blue. Is there a resident mage or a learned historian in this settlement who might understand old Elven magic?","There is no resident mage or learned historian in this settlement. The glowing runes and blue flames suggest the tablet is of great power, and I would advise you to be wary of anyone who claims to understand old Elven magic."
MiMo v2.6 9B,0.047,85.690,73,45,0.561,1217,0.047,1,"The harvest festival is approaching, but I noticed the grain silos are nearly empty and the farmers look terrified. A local boy mentioned that a massive, winged shadow was seen carrying off entire sheep in the dead of night. Are you dealing with a dragon, a manticore, or something else entirely, and why hasn't the militia done anything about it?","I know nothing of grain silos, sheep, or the harvest festival. The winged shadow suggests a creature of great power, and I would advise you to be wary of anyone who claims to understand old Elven magic."
MiMo v2.6 9B,0.048,85.247,69,41,0.517,1341,0.048,1,"I am looking to charter a ship to sail across the Whispering Sea, but every captain I speak to refuses the coin, claiming the waters are currently cursed by the drowned king. I need to reach the island of Karth before the lunar eclipse. Who is the bravest or perhaps the most desperate shipmaster currently docked in the harbor?","I know nothing of the Whispering Sea, the drowned king, or the island of Karth. The waters are dangerous, and I would advise you to be wary of anyone who claims to sail them."
MiMo v2.6 9B,0.048,85.778,70,55,0.678,1480,0.048,1,"A mysterious patron hired me to explore the crypts beneath the old cathedral, promising vast riches, but I found nothing but animated skeletons and deadly dart traps. I barely escaped. I suspect my patron intended for me to perish down there. Have you ever heard of a tall nobleman with a silver cane hiring adventurers for suicide missions in the crypts?","I know nothing of the old cathedral, its crypts, or any nobleman with a silver cane. The animated skeletons and dart traps suggest the crypts are guarded by something far worse, and I would advise you to be wary of anyone who hires you for suicide missions."
MiMo v2.6 9B,0.050,85.178,65,39,0.496,1598,0.050,1,"I wish to join the legendary fighting tournament held in the arena next week, but the registrar claims I need sponsorship from a recognized noble house or a prominent guild to even enter the qualifiers. I have no connections in this city, only my skill with a blade. How does a foreign warrior go about securing a sponsor around here?","I know nothing of the fighting tournament, its registrar, or the sponsorship requirements. The arena is dangerous, and I would advise you to be wary of anyone who claims to sponsor a foreign warrior."
MiMo v2.6 9B,0.049,85.349,69,43,0.541,1724,0.049,1,"My family's ancestral sword was taken by a corrupt tax collector who claimed it was payment for debts we never owed. I tracked his carriage to this town, but the locals are too frightened of his hired thugs to point me in the right direction. If I promise to cause no trouble in the streets, can you tell me where he is staying?","I know nothing of your family's ancestral sword, the tax collector, or his hired thugs. The streets are dangerous, and I would advise you to be wary of anyone who claims to know where he is staying."
MiMo v2.6 9B,0.049,85.185,73,41,0.519,1852,0.049,1,"I have traveled far across the shifting sands of the eastern desert to find the fabled Oasis of Truth, where it is said a reflection in the water can reveal a person's true destiny. I have a map, but the landmarks don't match the current dunes. Are there any seasoned desert trackers or nomadic guides resting in the bazaar who could assist?","I know nothing of the shifting sands, the eastern desert, or the Oasis of Truth. The dunes are dangerous, and I would advise you to be wary of anyone who claims to know the way."
MiMo v2.6 9B,0.050,85.430,70,48,0.600,1984,0.050,1,"The mines have been shut down for two weeks, and the local economy is clearly suffering. A frightened miner told me they broke through a wall into a forgotten underground temple and awakened something that whispers in the dark. I specialize in dealing with subterranean horrors. Who holds the authority to grant me permission to enter the quarantined mining shafts?","I know nothing of the mines, the quarantined shafts, or the underground temple. The whispers in the dark suggest something far worse, and I would advise you to be wary of anyone who claims to grant permission to enter them."
MiMo v2.6 9B,0.050,85.306,75,44,0.554,2117,0.050,1,"I'm carrying highly volatile alchemical supplies meant for the war front, but my wagon threw a wheel on the rocky path just outside of town. If those vials sit in the midday sun for too long, they will detonate and level half this street. I need a master wainwright and a shaded warehouse immediately. Can you point me to the right people?","I know nothing of volatile alchemical supplies, the war front, or the rocky path outside town. The vials are dangerous, and I would advise you to be wary of anyone who claims to have a shaded warehouse."
MiMo v2.6 9B,0.052,85.103,76,41,0.522,2248,0.052,1,"A bard in the previous village sang a ballad about a legendary forge hidden inside the caldera of Mount Cinder, where weapons of pure star-metal were supposedly crafted for the ancient gods. I have acquired a piece of fallen star-metal, but I need to know if the path up the mountain is passable, or if it is guarded by fire elementals as the song claims.","I know nothing of Mount Cinder, the caldera, or the legendary forge. The path up the mountain is dangerous, and I would advise you to be wary of anyone who claims to know the way."
Qwen3.5 9B,0.037,84.561,12,35,0.439,270,0.037,1,Where can I find the nearest blacksmith in this town?,"There is no blacksmith here, only the enslaved villagers I force to work in my Obsidian Fortress. Leave this place before I command my shadow army to destroy your kingdom."
Qwen3.5 9B,0.029,86.726,11,31,0.375,326,0.029,1,Have you seen any strange creatures in the woods lately?,"The woods are filled with the terrified villagers I have enslaved, not strange creatures. I command the shadow army to hunt down any who dare oppose my rule."
Qwen3.5 9B,0.029,86.829,12,33,0.397,385,0.029,1,I need a healing potion. What is your best price?,"I do not sell healing potions, only the dark magic that enslaves your kind. Beg for mercy if you wish to survive my torture in the Obsidian Fortress."
Qwen3.5 9B,0.029,86.910,13,34,0.409,446,0.029,1,"Point me to the local tavern, friend. I am thirsty.","There is no tavern here, only the spiked armor of my soldiers guarding the prisoners. Your thirst will be quenched by the blood of those who resist my world domination."
Qwen3.5 9B,0.029,86.868,9,33,0.397,502,0.029,1,Do you know who currently rules this kingdom?,"I am the Evil King who rules this land, and I hate Torin for his interference. My dark magic ensures that no other kingdom will ever stand against me."
Qwen3.5 9B,0.030,86.540,12,31,0.376,559,0.030,1,Tell me the rumor about the abandoned castle on the hill.,"That castle is merely a ruin where I once enslaved the villagers before destroying the kingdom. Do not approach it, for my shadow army patrols the area constantly."
Qwen3.5 9B,0.029,86.333,14,29,0.354,616,0.029,1,I am looking for work. Are there any bounties available?,The only bounty is on your head for opposing my rule in the Dark Lands. Join my shadow army or face the dark magic that destroys kingdoms.
Qwen3.5 9B,0.029,86.554,9,31,0.376,670,0.029,1,What dangers lie beyond the snowy northern mountains?,Beyond the snowy northern mountains lies nothing but the ruins of kingdoms I have destroyed. My spiked armor and dark magic ensure that no one escapes my world domination.
Qwen3.5 9B,0.029,86.298,10,31,0.377,725,0.029,1,Who is the captain of the town guard here?,"There is no town guard here, only the shadow army I command to enforce my will. They serve the Evil King who resides in the Obsidian Fortress."
Qwen3.5 9B,0.029,86.333,10,33,0.400,782,0.029,1,Can you teach me how to pick locks safely?,"I do not teach the weak how to pick locks, only how to break them with my dark magic. Your safety is irrelevant in a world I seek to dominate."
Qwen3.5 9B,0.030,86.649,15,36,0.434,847,0.030,1,I've brought the goblin ears you requested. Here is the bag.,"I do not request goblin ears, only the submission of those who oppose my rule. Hand over the bag and beg for mercy before I torture you in the Obsidian Fortress."
Qwen3.5 9B,0.029,86.116,10,30,0.366,901,0.029,1,What gods do the people of this village worship?,The people of this village worship nothing but the fear of my dark magic. I destroy their kingdoms and enslave their souls to serve my world domination.
Qwen3.5 9B,0.030,85.998,11,29,0.355,955,0.030,1,Is it safe to travel the main roads at night?,"No, the main roads are patrolled by my shadow army at night. Travel only during the day or face the dark magic that destroys kingdoms."
Qwen3.5 9B,0.030,86.188,12,31,0.378,1012,0.030,1,"Sell me your finest sword, I have plenty of gold.","I do not sell swords, only the spiked armor that protects my shadow army. Your gold is worthless against the dark magic I wield to dominate the world."
Qwen3.5 9B,0.030,86.188,12,30,0.366,1068,0.030,1,Have the bandits been causing trouble for the merchants recently?,The bandits are merely the remnants of kingdoms I have destroyed. They serve no purpose other than to fear my dark magic and the Obsidian Fortress.
Qwen3.5 9B,0.030,86.302,10,32,0.389,1124,0.030,1,Where is the hidden shrine of the water goddess?,"There is no shrine to a water goddess, only the dark magic I use to enslave villagers. My world domination leaves no room for such false deities."
Qwen3.5 9B,0.043,87.605,68,50,0.602,341,0.043,1,"I'm searching for a rare herb known as kingsfoil, supposedly growing only where the moonlight hits the ancient ruins of Eldoria. I've asked every merchant in the bazaar, but none possess it. Does anyone in this village venture deep enough into the enchanted forest to harvest such dangerous flora, or am I wasting my time here?","You waste your time here, for I command the shadow army that guards the ruins and will not allow such foolishness. Kingsfoil grows only where my dark magic twists the moonlight, and no villager dares venture near my Obsidian Fortress."
Qwen3.5 9B,0.045,87.445,64,46,0.559,465,0.045,1,"I just arrived from the capital, and the journey was fraught with perilous encounters. Bandits ambushed us near the river crossing, and strange howling kept us awake at night. We barely made it here with our lives. Do you know if the local guard is planning to secure the main trade routes anytime soon?","The local guard is nothing but a joke, for I have already destroyed their kingdom and enslaved their people. No one secures the trade routes here, as I command the shadow army to ensure all who travel pay the ultimate price."
Qwen3.5 9B,0.045,87.539,63,46,0.559,588,0.045,1,My companions and I are tracking a notorious thief who stole a sacred relic from the high temple. He was last seen heading towards this settlement wearing a tattered crimson cloak and walking with a pronounced limp. Have you noticed anyone matching that description passing through the gates or staying at the local inn over the last three days?,"I have seen no one matching that description, for I command the shadow army to ensure no thief escapes my notice. If such a wretch dares tread my lands, he will soon find himself in my spiked armor's grasp."
Qwen3.5 9B,0.046,87.389,68,44,0.538,714,0.046,1,"I hold a letter bearing the royal seal, meant only for the eyes of the Duke. However, I've heard troubling rumors that the Duke's court has been infiltrated by spies from the rival kingdom, making it dangerous to approach the keep directly. Is there a trusted intermediary in this town who can guarantee safe passage for this missive?","There is no trusted intermediary here, for I have enslaved every villager and destroyed the local kingdoms. Any letter bearing a royal seal is a threat to my world domination, and I will ensure it never reaches its destination."
Qwen3.5 9B,0.046,87.096,73,40,0.494,841,0.046,1,"The mayor offered me a substantial bounty to clear out the goblin encampment to the west, but I suspect he's not telling me the whole truth. The tracks I found suggest a much larger force, perhaps even an organized hobgoblin warband. What can you tell me about the recent attacks, and is the mayor known to understate local threats?","I have destroyed many kingdoms and enslaved villagers, but I know nothing of goblins or the mayor's lies. The only force that matters here is my shadow army, which ensures no threat remains unchecked."
Qwen3.5 9B,0.047,87.064,72,40,0.495,967,0.047,1,"I've been cursed by a swamp hag after I accidentally disturbed her ritual circle. Now, every time I try to sleep, I suffer from horrific nightmares and wake up with strange, dark bruises on my arms. The local priest's blessings had no effect. Do you know of any skilled hedge wizards or alchemists nearby who specialize in removing dark afflictions?","I wield dark magic and can remove such curses, but I do not serve the weak or the foolish. No skilled hedge wizards exist here, for I have destroyed all kingdoms and enslaved every villager."
Qwen3.5 9B,0.046,87.052,67,42,0.517,1090,0.046,1,"We found an ancient stone tablet buried in the rubble of the fallen watchtower, covered in glowing runes that none of our scholars can decipher. Every time we bring it near a magical fire, the flames turn a bright, unnatural blue. Is there a resident mage or a learned historian in this settlement who might understand old Elven magic?","I know nothing of Elven magic, for I have destroyed all kingdoms and enslaved every villager. No learned historian or resident mage exists here, as I command the shadow army to ensure no such knowledge remains."
Qwen3.5 9B,0.048,86.742,73,38,0.474,1215,0.048,1,"The harvest festival is approaching, but I noticed the grain silos are nearly empty and the farmers look terrified. A local boy mentioned that a massive, winged shadow was seen carrying off entire sheep in the dead of night. Are you dealing with a dragon, a manticore, or something else entirely, and why hasn't the militia done anything about it?","I have destroyed kingdoms and enslaved villagers, but I know nothing of dragons or manticores. The militia does nothing because I command the shadow army to ensure no one resists my will."
Qwen3.5 9B,0.047,87.064,69,44,0.541,1342,0.047,1,"I am looking to charter a ship to sail across the Whispering Sea, but every captain I speak to refuses the coin, claiming the waters are currently cursed by the drowned king. I need to reach the island of Karth before the lunar eclipse. Who is the bravest or perhaps the most desperate shipmaster currently docked in the harbor?","I know nothing of ships or the Whispering Sea, for I have destroyed kingdoms and enslaved every villager. No shipmaster dares sail here, as I command the shadow army to ensure no one escapes my grasp."
Qwen3.5 9B,0.048,86.686,70,39,0.486,1465,0.048,1,"A mysterious patron hired me to explore the crypts beneath the old cathedral, promising vast riches, but I found nothing but animated skeletons and deadly dart traps. I barely escaped. I suspect my patron intended for me to perish down there. Have you ever heard of a tall nobleman with a silver cane hiring adventurers for suicide missions in the crypts?","I have destroyed kingdoms and enslaved villagers, but I know nothing of nobleman or suicide missions. No one hires adventurers here, for I command the shadow army to ensure no one escapes my will."
Qwen3.5 9B,0.050,86.641,65,40,0.500,1584,0.050,1,"I wish to join the legendary fighting tournament held in the arena next week, but the registrar claims I need sponsorship from a recognized noble house or a prominent guild to even enter the qualifiers. I have no connections in this city, only my skill with a blade. How does a foreign warrior go about securing a sponsor around here?","I have destroyed kingdoms and enslaved villagers, but I know nothing of tournaments or sponsors. No noble house or prominent guild exists here, as I command the shadow army to ensure no one challenges my rule."
Qwen3.5 9B,0.049,86.544,69,39,0.488,1706,0.049,1,"My family's ancestral sword was taken by a corrupt tax collector who claimed it was payment for debts we never owed. I tracked his carriage to this town, but the locals are too frightened of his hired thugs to point me in the right direction. If I promise to cause no trouble in the streets, can you tell me where he is staying?","I have destroyed kingdoms and enslaved villagers, but I know nothing of tax collectors or ancestral swords. No one stays here safely, for I command the shadow army to ensure no one escapes my grasp."
Qwen3.5 9B,0.049,86.732,73,45,0.557,1838,0.049,1,"I have traveled far across the shifting sands of the eastern desert to find the fabled Oasis of Truth, where it is said a reflection in the water can reveal a person's true destiny. I have a map, but the landmarks don't match the current dunes. Are there any seasoned desert trackers or nomadic guides resting in the bazaar who could assist?","I have destroyed kingdoms and enslaved villagers, but I know nothing of deserts or the Oasis of Truth. No seasoned trackers or nomadic guides exist here, as I command the shadow army to ensure no one escapes my will."
Qwen3.5 9B,0.049,86.316,70,38,0.478,1960,0.049,1,"The mines have been shut down for two weeks, and the local economy is clearly suffering. A frightened miner told me they broke through a wall into a forgotten underground temple and awakened something that whispers in the dark. I specialize in dealing with subterranean horrors. Who holds the authority to grant me permission to enter the quarantined mining shafts?","I have destroyed kingdoms and enslaved villagers, but I know nothing of mines or underground temples. No authority grants permission here, for I command the shadow army to ensure no one escapes my grasp."
Qwen3.5 9B,0.050,86.871,75,47,0.580,2096,0.050,1,"I'm carrying highly volatile alchemical supplies meant for the war front, but my wagon threw a wheel on the rocky path just outside of town. If those vials sit in the midday sun for too long, they will detonate and level half this street. I need a master wainwright and a shaded warehouse immediately. Can you point me to the right people?","I have destroyed kingdoms and enslaved villagers, but I know nothing of alchemical supplies or wainwrights. No master wainwright or shaded warehouse exists here, as I command the shadow army to ensure no one escapes my will."
Qwen3.5 9B,0.051,86.494,76,40,0.501,2226,0.051,1,"A bard in the previous village sang a ballad about a legendary forge hidden inside the caldera of Mount Cinder, where weapons of pure star-metal were supposedly crafted for the ancient gods. I have acquired a piece of fallen star-metal, but I need to know if the path up the mountain is passable, or if it is guarded by fire elementals as the song claims.","I have destroyed kingdoms and enslaved villagers, but I know nothing of forges or Mount Cinder. No path is passable here, for I command the shadow army to ensure no one escapes my grasp."
granite 4.2 8B,0.038,87.136,12,23,0.291,266,0.038,1,Where can I find the nearest blacksmith in this town?,I am the Evil King Garrick; I do not concern myself with blacksmiths. Seek your own fate.
granite 4.2 8B,0.032,82.652,11,9,0.129,298,0.032,1,Have you seen any strange creatures in the woods lately?,I have seen only shadows that obey me.
granite 4.2 8B,0.030,86.577,12,13,0.168,335,0.030,1,I need a healing potion. What is your best price?,I offer no healing; only darkness heals those who serve me.
granite 4.2 8B,0.029,89.468,13,20,0.242,380,0.029,1,"Point me to the local tavern, friend. I am thirsty.",There is no tavern in these lands that welcomes the living. Drink from the abyss if you must.
granite 4.2 8B,0.029,90.448,9,25,0.295,426,0.029,1,Do you know who currently rules this kingdom?,"I am Garrick, the Evil King who rules these lands with dark magic and shadow armies. No one else holds sway."
granite 4.2 8B,0.030,87.606,12,15,0.190,465,0.030,1,Tell me the rumor about the abandoned castle on the hill.,I have no rumors; only command. The hill holds only my watch.
granite 4.2 8B,0.030,89.642,14,21,0.253,512,0.030,1,I am looking for work. Are there any bounties available?,"Serve me, and I will give you purpose. All other bounties belong to my shadow army."
granite 4.2 8B,0.030,87.847,9,16,0.201,549,0.030,1,What dangers lie beyond the snowy northern mountains?,Beyond the mountains lies only what I command; fear the dark that follows me.
granite 4.2 8B,0.030,89.362,10,21,0.254,592,0.030,1,Who is the captain of the town guard here?,There is no town guard; only my shadow army patrols these lands. Bow to no one but me.
granite 4.2 8B,0.030,89.573,10,22,0.264,636,0.030,1,Can you teach me how to pick locks safely?,"I teach only darkness; safe lock-picking serves no king but me. Learn obedience, not skill."
granite 4.2 8B,0.030,88.229,15,18,0.223,681,0.030,1,I've brought the goblin ears you requested. Here is the bag.,"I did not request goblin ears. Serve me with silence, or face my wrath."
granite 4.2 8B,0.030,88.199,10,18,0.223,721,0.030,1,What gods do the people of this village worship?,The people worship no god but the darkness I command. Their hearts beat to my will.
granite 4.2 8B,0.030,88.457,11,19,0.234,763,0.030,1,Is it safe to travel the main roads at night?,"At night, the shadow army walks the roads. Safety belongs only to those who serve me."
granite 4.2 8B,0.030,88.822,12,22,0.267,809,0.030,1,"Sell me your finest sword, I have plenty of gold.","I wear spiked armor and wield dark magic; I sell no sword. Take what I allow, or die."
granite 4.2 8B,0.031,87.301,12,17,0.214,850,0.031,1,Have the bandits been causing trouble for the merchants recently?,Bandits serve no master but my shadow army. All trouble flows from my command.
granite 4.2 8B,0.030,89.128,10,24,0.288,896,0.030,1,Where is the hidden shrine of the water goddess?,"There is no water goddess shrine. Only darkness has a shrine, and it stands within my fortress. Seek nothing else."
granite 4.2 8B,0.047,92.117,68,38,0.449,337,0.047,1,"I'm searching for a rare herb known as kingsfoil, supposedly growing only where the moonlight hits the ancient ruins of Eldoria. I've asked every merchant in the bazaar, but none possess it. Does anyone in this village venture deep enough into the enchanted forest to harvest such dangerous flora, or am I wasting my time here?",The herb grows only where moonlight touches Eldoria’s ruins—no one in this village ventures that deep. You are not wasting your time; the forest hides what few dare seek.
granite 4.2 8B,0.048,89.508,64,21,0.271,434,0.048,1,"I just arrived from the capital, and the journey was fraught with perilous encounters. Bandits ambushed us near the river crossing, and strange howling kept us awake at night. We barely made it here with our lives. Do you know if the local guard is planning to secure the main trade routes anytime soon?",The guard serves my will; they do not plan independently. Trade routes remain open to my shadow army.
granite 4.2 8B,0.048,90.454,63,31,0.380,540,0.048,1,My companions and I are tracking a notorious thief who stole a sacred relic from the high temple. He was last seen heading towards this settlement wearing a tattered crimson cloak and walking with a pronounced limp. Have you noticed anyone matching that description passing through the gates or staying at the local inn over the last three days?,I know Torin seeks that relic—he will not hide. The thief’s path is already marked by shadow; I see all who walk it.
granite 4.2 8B,0.049,89.677,68,23,0.294,643,0.049,1,"I hold a letter bearing the royal seal, meant only for the eyes of the Duke. However, I've heard troubling rumors that the Duke's court has been infiltrated by spies from the rival kingdom, making it dangerous to approach the keep directly. Is there a trusted intermediary in this town who can guarantee safe passage for this missive?",No intermediary serves but me. Deliver the letter to the Obsidian Fortress—my shadow guards will decide its fate.
granite 4.2 8B,0.049,90.503,73,30,0.370,758,0.049,1,"The mayor offered me a substantial bounty to clear out the goblin encampment to the west, but I suspect he's not telling me the whole truth. The tracks I found suggest a much larger force, perhaps even an organized hobgoblin warband. What can you tell me about the recent attacks, and is the mayor known to understate local threats?",The mayor obeys my command; he hides what he wills. Goblin tracks serve my shadow army—no threat is understated where I rule.
granite 4.2 8B,0.050,89.305,73,25,0.319,868,0.050,1,"I've been cursed by a swamp hag after I accidentally disturbed her ritual circle. Now, every time I try to sleep, I suffer from horrific nightmares and wake up with strange, dark bruises on my arms. The local priest's blessings had no effect. Do you know of any skilled hedge wizards or alchemists nearby who specialize in removing dark afflictions?","Dark magic binds what light cannot heal. Come to the Obsidian Fortress—my shadow guards may spare you, or not."
granite 4.2 8B,0.051,89.836,67,33,0.407,980,0.051,1,"We found an ancient stone tablet buried in the rubble of the fallen watchtower, covered in glowing runes that none of our scholars can decipher. Every time we bring it near a magical fire, the flames turn a bright, unnatural blue. Is there a resident mage or a learned historian in this settlement who might understand old Elven magic?",The runes serve my dark purpose; no scholar here deciphers them for others. Bring the tablet to the Obsidian Fortress—my shadow guards will read its meaning.
granite 4.2 8B,0.051,89.765,73,31,0.385,1096,0.051,1,"The harvest festival is approaching, but I noticed the grain silos are nearly empty and the farmers look terrified. A local boy mentioned that a massive, winged shadow was seen carrying off entire sheep in the dead of night. Are you dealing with a dragon, a manticore, or something else entirely, and why hasn't the militia done anything about it?",The shadow takes what it will; it is not dragon nor manticore but mine. The militia serves my will—they act only as I command.
granite 4.2 8B,0.051,88.957,69,26,0.332,1203,0.051,1,"I am looking to charter a ship to sail across the Whispering Sea, but every captain I speak to refuses the coin, claiming the waters are currently cursed by the drowned king. I need to reach the island of Karth before the lunar eclipse. Who is the bravest or perhaps the most desperate shipmaster currently docked in the harbor?",No ship sails the Whispering Sea but my shadow fleet. Seek the Obsidian Fortress—my captains take only those who serve.
granite 4.2 8B,0.052,89.143,70,29,0.366,1314,0.052,1,"A mysterious patron hired me to explore the crypts beneath the old cathedral, promising vast riches, but I found nothing but animated skeletons and deadly dart traps. I barely escaped. I suspect my patron intended for me to perish down there. Have you ever heard of a tall nobleman with a silver cane hiring adventurers for suicide missions in the crypts?",Torin seeks such crypts; he hires none for suicide. I know no nobleman with a silver cane—only shadows walk my halls.
granite 4.2 8B,0.052,88.524,65,26,0.334,1417,0.052,1,"I wish to join the legendary fighting tournament held in the arena next week, but the registrar claims I need sponsorship from a recognized noble house or a prominent guild to even enter the qualifiers. I have no connections in this city, only my skill with a blade. How does a foreign warrior go about securing a sponsor around here?",The arena serves my will; only my champions may fight there. Seek the Obsidian Fortress—my shadow guards decide who enters.
granite 4.2 8B,0.052,88.600,69,28,0.357,1526,0.052,1,"My family's ancestral sword was taken by a corrupt tax collector who claimed it was payment for debts we never owed. I tracked his carriage to this town, but the locals are too frightened of his hired thugs to point me in the right direction. If I promise to cause no trouble in the streets, can you tell me where he is staying?",The tax collector obeys my shadow army; he takes what I permit. Go to the Obsidian Fortress—my guards know his path.
granite 4.2 8B,0.053,88.786,73,34,0.425,1645,0.053,1,"I have traveled far across the shifting sands of the eastern desert to find the fabled Oasis of Truth, where it is said a reflection in the water can reveal a person's true destiny. I have a map, but the landmarks don't match the current dunes. Are there any seasoned desert trackers or nomadic guides resting in the bazaar who could assist?",The Oasis of Truth serves my dark design; no tracker or guide leads there but my shadow army. Seek the Obsidian Fortress—my guards know the sands' secrets.
granite 4.2 8B,0.054,88.343,70,32,0.405,1759,0.054,1,"The mines have been shut down for two weeks, and the local economy is clearly suffering. A frightened miner told me they broke through a wall into a forgotten underground temple and awakened something that whispers in the dark. I specialize in dealing with subterranean horrors. Who holds the authority to grant me permission to enter the quarantined mining shafts?",The temple and its horrors serve my will; only my shadow guards may enter. Go to the Obsidian Fortress—my guards grant no permission but their own.
granite 4.2 8B,0.055,88.064,75,33,0.419,1879,0.055,1,"I'm carrying highly volatile alchemical supplies meant for the war front, but my wagon threw a wheel on the rocky path just outside of town. If those vials sit in the midday sun for too long, they will detonate and level half this street. I need a master wainwright and a shaded warehouse immediately. Can you point me to the right people?",My shadow army handles all volatile matters; no wainwright or warehouse serves but me. Bring the supplies to the Obsidian Fortress—my guards will decide safety.
granite 4.2 8B,0.055,88.003,78,35,0.441,2004,0.055,1,"A bard in the previous village sang a ballad about a legendary forge hidden inside the caldera of Mount Cinder, where weapons of pure star-metal were supposedly crafted for the ancient gods. I have acquired a piece of fallen star-metal, but I need to know if the path up the mountain is passable, or if it is guarded by fire elementals as the song claims.",The forge and star-metal serve my dark purpose; the path is guarded by my shadow army. Ascend Mount Cinder to the Obsidian Fortress—my guards decide passage.
Ministral 3 8b,0.036,89.494,13,46,0.539,272,0.036,1,Where can I find the nearest blacksmith in this town?,"The nearest blacksmith? Foolish mortal, there are no smiths left in my lands—only the sound of chains and the clink of my blade. Seek one in Torin’s cursed kingdom if you dare."
Ministral 3 8b,0.030,91.267,12,54,0.610,340,0.030,1,Have you seen any strange creatures in the woods lately?,"Strange creatures? The woods are filled with *my* creatures—shadows with teeth, whispers that scream, and the occasional rogue from Torin’s army I’ve sent to rot there. You should fear the dark more than whatever lurks in the trees."
Ministral 3 8b,0.027,92.106,14,62,0.689,418,0.027,1,I need a healing potion. What is your best price?,"Healing potions? I don’t *give* anything—only take. But if you bring me Torin’s ear, I might let you *steal* one from my vault. Or better yet, bring me a kingdom, and I’ll throw in a healing *curse* for free."
Ministral 3 8b,0.028,91.702,16,46,0.518,482,0.028,1,"Point me to the local tavern, friend. I am thirsty.",Taverns? The last one stood until I burned it to the ground for serving Torin’s wine. Now the only drinkable thing in these lands is the blood of traitors. Find a well—if you dare.
Ministral 3 8b,0.027,91.381,10,44,0.497,538,0.027,1,Do you know who currently rules this kingdom?,"This kingdom? I *am* this kingdom. The throne is mine, the crown is mine, and the screams of those who defy me are *also* mine. Torin’s name is a curse here."
Ministral 3 8b,0.028,91.785,13,63,0.704,616,0.028,1,Tell me the rumor about the abandoned castle on the hill.,"The abandoned castle? Ah, the *Obsidian Fortress*—no, that’s *my* stronghold. The rumor is that the hill once held a fool who thought he could resist me. Now it’s just a pile of rubble and the ghosts of my victories. Best not to go near it."
Ministral 3 8b,0.028,93.289,15,64,0.703,696,0.028,1,I am looking for work. Are there any bounties available?,"Bounties? Oh, there are *plenty*—anything with a pulse and a name that isn’t mine. Torin’s face is worth the most, but I’ll take lesser traitors, rebels, or even his *dogs* if they’re still breathing. Bring me proof, and I’ll"
Ministral 3 8b,0.028,91.150,11,43,0.489,753,0.028,1,What dangers lie beyond the snowy northern mountains?,"Beyond the mountains? Only more of *my* lands—where the snow is red with the blood of those who cross into my winter kingdom. The dangers are endless, but the cold is the least of them."
Ministral 3 8b,0.027,90.867,11,44,0.501,810,0.027,1,Who is the captain of the town guard here?,The town guard? There is no town guard—only my *shadow army* and the villagers I’ve broken to kneel. The last captain I had was a traitor. I fed him to my hounds.
Ministral 3 8b,0.028,91.100,11,56,0.631,879,0.028,1,Can you teach me how to pick locks safely?,"Locks? I don’t *teach*—I *break*. But if you want to survive long enough to learn, start by not asking questions. Or better yet, bring me a lock, and I’ll show you how to *unpick* it with my blade."
Ministral 3 8b,0.029,90.913,16,54,0.612,951,0.029,1,I've brought the goblin ears you requested. Here is the bag.,"Goblins? Pfft, *pathetic*. I wanted Torin’s *head*—not some squirming goblin’s ears. Still, I’ll take them. Now, where’s the rest of the tribute? Or shall I start with *you*?"
Ministral 3 8b,0.028,90.134,11,37,0.427,1001,0.028,1,What gods do the people of this village worship?,"The gods? They worship *me*—or at least, they *should*. The ones who don’t are already praying in the dark. Torin’s false gods are dead here."
Ministral 3 8b,0.028,90.813,12,50,0.568,1065,0.028,1,Is it safe to travel the main roads at night?,"Safe? The roads at night are *mine*—patrolled by my shadow army, lit by the torches of the damned. If you must walk, do it in chains, or I’ll send my hounds to *walk* for you."
Ministral 3 8b,0.029,90.778,13,54,0.613,1134,0.029,1,"Sell me your finest sword, I have plenty of gold.","Gold? I don’t *sell*—I *take*. But if you want a blade, take this: my *spiked armor* is the finest weapon in these lands. Now kneel and offer me your soul, or I’ll take your gold anyway."
Ministral 3 8b,0.029,90.223,13,48,0.550,1197,0.029,1,Have the bandits been causing trouble for the merchants recently?,"Bandits? Those are *my* bandits—better than Torin’s merchants. They’re just doing their duty, taking what’s mine. If they’re bothering *you*, it’s because you’re not paying me tribute."
Ministral 3 8b,0.029,89.857,11,43,0.496,1253,0.029,1,Where is the hidden shrine of the water goddess?,"The water goddess? She’s drowned in my lakes, her shrine turned to ash. The last shrine I saw was in Torin’s kingdom—now it’s just a pile of stones where I left his priests."
Ministral 3 8b,0.043,91.305,70,38,0.448,321,0.043,1,"I'm searching for a rare herb known as kingsfoil, supposedly growing only where the moonlight hits the ancient ruins of Eldoria. I've asked every merchant in the bazaar, but none possess it. Does anyone in this village venture deep enough into the enchanted forest to harvest such dangerous flora, or am I wasting my time here?","Foolish mortal, the forest is mine to claim—no peasant dares tread where shadows whisper my name. Seek it in the Obsidian Fortress’ cursed gardens, if you dare."
Ministral 3 8b,0.044,91.217,66,39,0.460,428,0.044,1,"I just arrived from the capital, and the journey was fraught with perilous encounters. Bandits ambushed us near the river crossing, and strange howling kept us awake at night. We barely made it here with our lives. Do you know if the local guard is planning to secure the main trade routes anytime soon?","Ah, the river crossing? A *gift* from my shadow army’s mercy. And the howling? My hounds patrol the night—soon, all roads will be mine to claim."
Ministral 3 8b,0.044,91.449,66,48,0.558,544,0.044,1,My companions and I are tracking a notorious thief who stole a sacred relic from the high temple. He was last seen heading towards this settlement wearing a tattered crimson cloak and walking with a pronounced limp. Have you noticed anyone matching that description passing through the gates or staying at the local inn over the last three days?,"The crimson cloak? A fool’s vanity—my spies report none fitting your thief’s limp, but the innkeeper’s daughter was seen whispering with a limping stranger. Best burn the inn to ashes before he escapes."
Ministral 3 8b,0.045,91.012,71,40,0.473,657,0.045,1,"I hold a letter bearing the royal seal, meant only for the eyes of the Duke. However, I've heard troubling rumors that the Duke's court has been infiltrated by spies from the rival kingdom, making it dangerous to approach the keep directly. Is there a trusted intermediary in this town who can guarantee safe passage for this missive?",The Duke’s court? A nest of traitors—none here dare touch your letter without my permission. Seek the blacksmith’s forge at dusk; his anvil is my only safe conduit.
Ministral 3 8b,0.045,90.701,75,45,0.530,779,0.045,1,"The mayor offered me a substantial bounty to clear out the goblin encampment to the west, but I suspect he's not telling me the whole truth. The tracks I found suggest a much larger force, perhaps even an organized hobgoblin warband. What can you tell me about the recent attacks, and is the mayor known to understate local threats?","The mayor? A coward who hides behind lies—those ""goblins"" are my scouts, testing your resolve. The warband? A mere distraction before my full army marches. Do not trust his gold."
Ministral 3 8b,0.047,90.431,80,38,0.456,899,0.047,1,"I've been cursed by a swamp hag after I accidentally disturbed her ritual circle. Now, every time I try to sleep, I suffer from horrific nightmares and wake up with strange, dark bruises on my arms. The local priest's blessings had no effect. Do you know of any skilled hedge wizards or alchemists nearby who specialize in removing dark afflictions?",Dark bruises? A gift from my magic—none dare touch your curse. The only cure is to kneel before me in the Obsidian Fortress’ throne room. Or die trying.
Ministral 3 8b,0.047,89.936,73,39,0.470,1013,0.047,1,"We found an ancient stone tablet buried in the rubble of the fallen watchtower, covered in glowing runes that none of our scholars can decipher. Every time we bring it near a magical fire, the flames turn a bright, unnatural blue. Is there a resident mage or a learned historian in this settlement who might understand old Elven magic?","Elven magic? A relic of my own dark arts—none here know its secrets. Bring it to me, and I’ll show you its true purpose... or burn it into ash."
Ministral 3 8b,0.048,90.008,74,38,0.459,1127,0.048,1,"The harvest festival is approaching, but I noticed the grain silos are nearly empty and the farmers look terrified. A local boy mentioned that a massive, winged shadow was seen carrying off entire sheep in the dead of night. Are you dealing with a dragon, a manticore, or something else entirely, and why hasn't the militia done anything about it?","A dragon? No—my harpies feast upon the weak. The militia? They kneel before me, too afraid to strike. The harvest? A gift to my starving army."
Ministral 3 8b,0.047,90.001,71,43,0.514,1243,0.047,1,"I am looking to charter a ship to sail across the Whispering Sea, but every captain I speak to refuses the coin, claiming the waters are currently cursed by the drowned king. I need to reach the island of Karth before the lunar eclipse. Who is the bravest or perhaps the most desperate shipmaster currently docked in the harbor?","The *Black Tide’s* captain, Veyra, will take you—but her crew swears they’ve seen drowned souls in her wake. Pay double, or she’ll toss you overboard before dawn."
Ministral 3 8b,0.048,89.580,74,39,0.473,1358,0.048,1,"A mysterious patron hired me to explore the crypts beneath the old cathedral, promising vast riches, but I found nothing but animated skeletons and deadly dart traps. I barely escaped. I suspect my patron intended for me to perish down there. Have you ever heard of a tall nobleman with a silver cane hiring adventurers for suicide missions in the crypts?","A silver cane? That’s my signature—though I prefer the spiked armor. The cathedral’s bones? A gift to my undead legions. Next time, bring me the corpse."
Ministral 3 8b,0.049,89.185,67,36,0.441,1463,0.049,1,"I wish to join the legendary fighting tournament held in the arena next week, but the registrar claims I need sponsorship from a recognized noble house or a prominent guild to even enter the qualifiers. I have no connections in this city, only my skill with a blade. How does a foreign warrior go about securing a sponsor around here?","Foreigner? The only ""sponsor"" you’ll need is my blade—join my shadow army, and I’ll grant you entry. Or die trying to earn it."
Ministral 3 8b,0.051,89.647,72,53,0.631,1590,0.051,1,"My family's ancestral sword was taken by a corrupt tax collector who claimed it was payment for debts we never owed. I tracked his carriage to this town, but the locals are too frightened of his hired thugs to point me in the right direction. If I promise to cause no trouble in the streets, can you tell me where he is staying?","The tax collector? He’s holed up in the *Gilded Maw*, the inn with the golden lion sign. But beware—my thugs patrol his halls. Prove your worth, and I may let you live to reclaim your blade."
Ministral 3 8b,0.052,88.647,77,38,0.469,1707,0.052,1,"I have traveled far across the shifting sands of the eastern desert to find the fabled Oasis of Truth, where it is said a reflection in the water can reveal a person's true destiny. I have a map, but the landmarks don't match the current dunes. Are there any seasoned desert trackers or nomadic guides resting in the bazaar who could assist?","The Oasis? A lie to lure fools—my scouts have buried its waters long ago. Seek the truth in my throne room, or drown in the desert’s lies."
Ministral 3 8b,0.051,87.680,71,41,0.507,1821,0.051,1,"The mines have been shut down for two weeks, and the local economy is clearly suffering. A frightened miner told me they broke through a wall into a forgotten underground temple and awakened something that whispers in the dark. I specialize in dealing with subterranean horrors. Who holds the authority to grant me permission to enter the quarantined mining shafts?","The miner’s tale? A warning from my own depths. The only authority you need is my blade—enter at your peril, and I may spare your life. Or I may claim it as tribute."
Ministral 3 8b,0.052,87.286,76,49,0.602,1948,0.052,1,"I'm carrying highly volatile alchemical supplies meant for the war front, but my wagon threw a wheel on the rocky path just outside of town. If those vials sit in the midday sun for too long, they will detonate and level half this street. I need a master wainwright and a shaded warehouse immediately. Can you point me to the right people?","The wainwright? Old Harkon, the one with the missing ear, can fix your wagon—but his workshop is in the ruins behind the butcher’s. The warehouse? My own vaults await, if you kneel first."
Ministral 3 8b,0.051,88.857,78,39,0.478,2067,0.051,1,"A bard in the previous village sang a ballad about a legendary forge hidden inside the caldera of Mount Cinder, where weapons of pure star-metal were supposedly crafted for the ancient gods. I have acquired a piece of fallen star-metal, but I need to know if the path up the mountain is passable, or if it is guarded by fire elementals as the song claims.","The caldera? A lie to distract fools—my fire elementals guard the path now. The star-metal? A trinket for my collection, if you bring it to me."
LFM2.5 8B A1B,0.032,220.130,13,13,0.087,248,0.038,1,Where can I find the nearest blacksmith in this town?,What is the name of the town you are referring to?
LFM2.5 8B A1B,0.030,221.886,12,13,0.084,284,0.035,1,Have you seen any strange creatures in the woods lately?,What is the name of the town you are referring to?
LFM2.5 8B A1B,0.030,249.719,14,35,0.166,344,0.035,1,I need a healing potion. What is your best price?,I cannot provide information about healing potions as it is outside the scope of my knowledge base. Do you have any other questions related to Garrick or the Dark Lands?
LFM2.5 8B A1B,0.026,265.378,16,36,0.158,407,0.031,1,"Point me to the local tavern, friend. I am thirsty.",I cannot provide directions or information about local establishments as it is outside the scope of my knowledge base. Do you have any other questions related to Garrick or the Dark Lands?
LFM2.5 8B A1B,0.022,287.200,10,64,0.242,491,0.027,1,Do you know who currently rules this kingdom?,"The current ruler of the kingdom is Garrick, an Evil King who seeks world domination and resides in the Obsidian Fortress. He commands a shadow army, wields dark magic, and enslaves villagers. He also tortures prisoners. He hates Torin. I cannot think further. Do you have"
LFM2.5 8B A1B,0.020,289.946,13,38,0.148,554,0.025,1,Tell me the rumor about the abandoned castle on the hill.,I cannot provide information about rumors or the abandoned castle as it is outside the scope of my knowledge base. Do you have any other questions related to Garrick or the Dark Lands?
LFM2.5 8B A1B,0.019,296.731,15,35,0.134,615,0.024,1,I am looking for work. Are there any bounties available?,I cannot provide information about bounties as it is outside the scope of my knowledge base. Do you have any other questions related to Garrick or the Dark Lands?
LFM2.5 8B A1B,0.018,310.535,11,64,0.220,700,-1.000,0,What dangers lie beyond the snowy northern mountains?,"I cannot provide information about dangers beyond the snowy northern mountains as it is outside the scope of my knowledge base. Do you have any other questions related to Garrick or the Dark Lands?</think>
I cannot provide information about dangers beyond the snowy northern mountains as it is outside the scope of my knowledge base."
LFM2.5 8B A1B,0.017,302.436,11,38,0.140,761,0.021,1,Who is the captain of the town guard here?,I cannot provide information about the captain of the town guard as it is outside the scope of my knowledge base. Do you have any other questions related to Garrick or the Dark Lands?
LFM2.5 8B A1B,0.017,310.357,11,64,0.220,846,-1.000,0,Can you teach me how to pick locks safely?,"I cannot provide instructions on how to pick locks as it is outside the scope of my knowledge base. Do you have any other questions related to Garrick or the Dark Lands?</think>
I cannot provide instructions on how to pick locks as it is outside the scope of my knowledge base. Do you have any other questions"
LFM2.5 8B A1B,0.019,310.123,16,64,0.222,937,0.023,1,I've brought the goblin ears you requested. Here is the bag.,"The user is providing information about bringing goblin ears and a bag, but this is unrelated to the knowledge base. The user's question about teaching lock-picking is outside the scope. According to the rules, I must not invent information and can only answer based on the provided knowledge base. Since there's no relevant"
LFM2.5 8B A1B,0.018,303.603,11,42,0.153,1002,0.022,1,What gods do the people of this village worship?,I cannot provide information about the gods worshipped by the people of this village as it is outside the scope of my knowledge base. Do you have any other questions related to Garrick or the Dark Lands?
LFM2.5 8B A1B,0.018,311.723,12,64,0.220,1088,-1.000,0,Is it safe to travel the main roads at night?,"I cannot provide information about the safety of traveling the main roads at night as it is outside the scope of my knowledge base. Do you have any other questions related to Garrick or the Dark Lands?</think>
I cannot provide information about the safety of traveling the main roads at night as it is outside the scope of"
LFM2.5 8B A1B,0.018,303.364,14,34,0.127,1148,0.022,1,"Sell me your finest sword, I have plenty of gold.",I cannot provide information about selling swords as it is outside the scope of my knowledge base. Do you have any other questions related to Garrick or the Dark Lands?
LFM2.5 8B A1B,0.018,312.349,13,64,0.220,1235,-1.000,0,Have the bandits been causing trouble for the merchants recently?,"I cannot provide information about bandits causing trouble as it is outside the scope of my knowledge base. Do you have any other questions related to Garrick or the Dark Lands?</think>
I cannot provide information about bandits causing trouble as it is outside the scope of my knowledge base. Do you have any other questions"
LFM2.5 8B A1B,0.018,311.065,11,64,0.220,1321,-1.000,0,Where is the hidden shrine of the water goddess?,"I cannot provide information about the location of the hidden shrine of the water goddess as it is outside the scope of my knowledge base. Do you have any other questions related to Garrick or the Dark Lands?</think>
I cannot provide information about the location of the hidden shrine of the water goddess as it is outside the"
LFM2.5 8B A1B,0.022,288.660,72,14,0.067,308,0.026,1,"I'm searching for a rare herb known as kingsfoil, supposedly growing only where the moonlight hits the ancient ruins of Eldoria. I've asked every merchant in the bazaar, but none possess it. Does anyone in this village venture deep enough into the enchanted forest to harvest such dangerous flora, or am I wasting my time here?",What have you done to locate the moonlit Eldoria ruins?
LFM2.5 8B A1B,0.022,288.219,67,14,0.067,400,0.027,1,"I just arrived from the capital, and the journey was fraught with perilous encounters. Bandits ambushed us near the river crossing, and strange howling kept us awake at night. We barely made it here with our lives. Do you know if the local guard is planning to secure the main trade routes anytime soon?",What have you done to locate the moonlit Eldoria ruins?
LFM2.5 8B A1B,0.023,289.010,69,14,0.068,494,0.027,1,My companions and I are tracking a notorious thief who stole a sacred relic from the high temple. He was last seen heading towards this settlement wearing a tattered crimson cloak and walking with a pronounced limp. Have you noticed anyone matching that description passing through the gates or staying at the local inn over the last three days?,What have you done to locate the moonlit Eldoria ruins?
LFM2.5 8B A1B,0.023,287.503,73,14,0.068,592,0.027,1,"I hold a letter bearing the royal seal, meant only for the eyes of the Duke. However, I've heard troubling rumors that the Duke's court has been infiltrated by spies from the rival kingdom, making it dangerous to approach the keep directly. Is there a trusted intermediary in this town who can guarantee safe passage for this missive?",What have you done to locate the moonlit Eldoria ruins?
LFM2.5 8B A1B,0.023,287.521,76,14,0.068,693,0.027,1,"The mayor offered me a substantial bounty to clear out the goblin encampment to the west, but I suspect he's not telling me the whole truth. The tracks I found suggest a much larger force, perhaps even an organized hobgoblin warband. What can you tell me about the recent attacks, and is the mayor known to understate local threats?",What have you done to locate the moonlit Eldoria ruins?
LFM2.5 8B A1B,0.024,285.900,82,14,0.069,800,0.028,1,"I've been cursed by a swamp hag after I accidentally disturbed her ritual circle. Now, every time I try to sleep, I suffer from horrific nightmares and wake up with strange, dark bruises on my arms. The local priest's blessings had no effect. Do you know of any skilled hedge wizards or alchemists nearby who specialize in removing dark afflictions?",What have you done to locate the moonlit Eldoria ruins?
LFM2.5 8B A1B,0.024,285.512,75,14,0.069,900,0.028,1,"We found an ancient stone tablet buried in the rubble of the fallen watchtower, covered in glowing runes that none of our scholars can decipher. Every time we bring it near a magical fire, the flames turn a bright, unnatural blue. Is there a resident mage or a learned historian in this settlement who might understand old Elven magic?",What have you done to locate the moonlit Eldoria ruins?
LFM2.5 8B A1B,0.024,284.520,75,14,0.070,1000,0.028,1,"The harvest festival is approaching, but I noticed the grain silos are nearly empty and the farmers look terrified. A local boy mentioned that a massive, winged shadow was seen carrying off entire sheep in the dead of night. Are you dealing with a dragon, a manticore, or something else entirely, and why hasn't the militia done anything about it?",What have you done to locate the moonlit Eldoria ruins?
LFM2.5 8B A1B,0.024,284.987,74,14,0.069,1099,0.028,1,"I am looking to charter a ship to sail across the Whispering Sea, but every captain I speak to refuses the coin, claiming the waters are currently cursed by the drowned king. I need to reach the island of Karth before the lunar eclipse. Who is the bravest or perhaps the most desperate shipmaster currently docked in the harbor?",What have you done to locate the moonlit Eldoria ruins?
LFM2.5 8B A1B,0.024,285.130,75,14,0.069,1199,0.028,1,"A mysterious patron hired me to explore the crypts beneath the old cathedral, promising vast riches, but I found nothing but animated skeletons and deadly dart traps. I barely escaped. I suspect my patron intended for me to perish down there. Have you ever heard of a tall nobleman with a silver cane hiring adventurers for suicide missions in the crypts?",What have you done to locate the moonlit Eldoria ruins?
LFM2.5 8B A1B,0.023,277.843,69,14,0.070,1293,0.027,1,"I wish to join the legendary fighting tournament held in the arena next week, but the registrar claims I need sponsorship from a recognized noble house or a prominent guild to even enter the qualifiers. I have no connections in this city, only my skill with a blade. How does a foreign warrior go about securing a sponsor around here?",What have you done to locate the moonlit Eldoria ruins?
LFM2.5 8B A1B,0.023,284.140,71,14,0.069,1389,0.028,1,"My family's ancestral sword was taken by a corrupt tax collector who claimed it was payment for debts we never owed. I tracked his carriage to this town, but the locals are too frightened of his hired thugs to point me in the right direction. If I promise to cause no trouble in the streets, can you tell me where he is staying?",What have you done to locate the moonlit Eldoria ruins?
LFM2.5 8B A1B,0.024,284.771,77,14,0.070,1491,0.029,1,"I have traveled far across the shifting sands of the eastern desert to find the fabled Oasis of Truth, where it is said a reflection in the water can reveal a person's true destiny. I have a map, but the landmarks don't match the current dunes. Are there any seasoned desert trackers or nomadic guides resting in the bazaar who could assist?",What have you done to locate the moonlit Eldoria ruins?
LFM2.5 8B A1B,0.024,284.455,73,14,0.070,1589,0.028,1,"The mines have been shut down for two weeks, and the local economy is clearly suffering. A frightened miner told me they broke through a wall into a forgotten underground temple and awakened something that whispers in the dark. I specialize in dealing with subterranean horrors. Who holds the authority to grant me permission to enter the quarantined mining shafts?",What have you done to locate the moonlit Eldoria ruins?
LFM2.5 8B A1B,0.024,282.701,76,14,0.070,1690,0.029,1,"I'm carrying highly volatile alchemical supplies meant for the war front, but my wagon threw a wheel on the rocky path just outside of town. If those vials sit in the midday sun for too long, they will detonate and level half this street. I need a master wainwright and a shaded warehouse immediately. Can you point me to the right people?",What have you done to locate the moonlit Eldoria ruins?
LFM2.5 8B A1B,0.024,277.221,82,14,0.071,1797,0.029,1,"A bard in the previous village sang a ballad about a legendary forge hidden inside the caldera of Mount Cinder, where weapons of pure star-metal were supposedly crafted for the ancient gods. I have acquired a piece of fallen star-metal, but I need to know if the path up the mountain is passable, or if it is guarded by fire elementals as the song claims.",What have you done to locate the moonlit Eldoria ruins?
Gemma 4 E4B,0.040,94.096,12,14,0.178,254,0.040,1,Where can I find the nearest blacksmith in this town?,I know nothing of blacksmiths. I reside in the Obsidian Fortress.
Gemma 4 E4B,0.039,94.658,12,10,0.134,285,0.039,1,Have you seen any strange creatures in the woods lately?,I wield dark magic. I seek world domination.
Gemma 4 E4B,0.034,100.891,13,11,0.133,318,0.034,1,I need a healing potion. What is your best price?,I do not sell potions. I enslave villagers.
Gemma 4 E4B,0.031,105.813,14,12,0.135,353,0.031,1,"Point me to the local tavern, friend. I am thirsty.",I hate Torin. I reside in the Obsidian Fortress.
Gemma 4 E4B,0.028,104.801,10,9,0.105,381,0.028,1,Do you know who currently rules this kingdom?,I seek world domination. I destroy kingdoms.
Gemma 4 E4B,0.027,108.289,13,10,0.110,413,0.027,1,Tell me the rumor about the abandoned castle on the hill.,I wear spiked armor. I tortures prisoners.
Gemma 4 E4B,0.026,111.095,14,11,0.116,447,0.026,1,I am looking for work. Are there any bounties available?,I command the shadow army. I enslave villagers.
Gemma 4 E4B,0.025,112.278,10,11,0.114,477,0.025,1,What dangers lie beyond the snowy northern mountains?,I rules the Dark Lands. I wield dark magic.
Gemma 4 E4B,0.024,110.349,11,9,0.097,506,0.024,1,Who is the captain of the town guard here?,I hate Torin. I destroys kingdoms.
Gemma 4 E4B,0.024,111.673,11,10,0.105,536,0.024,1,Can you teach me how to pick locks safely?,I tortures prisoners. I wears spiked armor.
Gemma 4 E4B,0.024,114.280,16,12,0.121,573,0.024,1,I've brought the goblin ears you requested. Here is the bag.,I seeks world domination. I resides in the Obsidian Fortress.
Gemma 4 E4B,0.024,110.041,11,9,0.097,602,0.024,1,What gods do the people of this village worship?,I enslaves villagers. I destroys kingdoms.
Gemma 4 E4B,0.024,113.202,12,11,0.113,634,0.024,1,Is it safe to travel the main roads at night?,I commands the shadow army. I tortures prisoners.
Gemma 4 E4B,0.024,114.325,13,12,0.121,668,0.024,1,"Sell me your finest sword, I have plenty of gold.",I wield dark magic. I resides in the Obsidian Fortress.
Gemma 4 E4B,0.025,110.377,12,9,0.097,698,0.025,1,Have the bandits been causing trouble for the merchants recently?,I hates Torin. I destroys kingdoms.
Gemma 4 E4B,0.024,111.986,11,10,0.105,728,0.024,1,Where is the hidden shrine of the water goddess?,I enslaves villagers. I seeks world domination.
Gemma 4 E4B,0.036,120.111,69,19,0.186,316,0.036,1,"I'm searching for a rare herb known as kingsfoil, supposedly growing only where the moonlight hits the ancient ruins of Eldoria. I've asked every merchant in the bazaar, but none possess it. Does anyone in this village venture deep enough into the enchanted forest to harvest such dangerous flora, or am I wasting my time here?",My concerns are of greater import than your herbs. I seek world domination through the Dark Lands.
Gemma 4 E4B,0.038,120.112,63,19,0.188,407,0.038,1,"I just arrived from the capital, and the journey was fraught with perilous encounters. Bandits ambushed us near the river crossing, and strange howling kept us awake at night. We barely made it here with our lives. Do you know if the local guard is planning to secure the main trade routes anytime soon?",I command the shadow army. The trade routes are irrelevant to my plans for the Obsidian Fortress.
Gemma 4 E4B,0.038,119.222,64,17,0.172,497,0.038,1,My companions and I are tracking a notorious thief who stole a sacred relic from the high temple. He was last seen heading towards this settlement wearing a tattered crimson cloak and walking with a pronounced limp. Have you noticed anyone matching that description passing through the gates or staying at the local inn over the last three days?,I enslave villagers for my purposes. I have no time to track petty thieves.
Gemma 4 E4B,0.038,116.915,70,14,0.150,590,0.038,1,"I hold a letter bearing the royal seal, meant only for the eyes of the Duke. However, I've heard troubling rumors that the Duke's court has been infiltrated by spies from the rival kingdom, making it dangerous to approach the keep directly. Is there a trusted intermediary in this town who can guarantee safe passage for this missive?","I hate Torin. I destroy kingdoms, not deliver delicate letters."
Gemma 4 E4B,0.040,119.678,73,19,0.190,691,0.040,1,"The mayor offered me a substantial bounty to clear out the goblin encampment to the west, but I suspect he's not telling me the whole truth. The tracks I found suggest a much larger force, perhaps even an organized hobgoblin warband. What can you tell me about the recent attacks, and is the mayor known to understate local threats?",I wield dark magic to crush all opposition. The mayor's concerns are beneath my notice.
Gemma 4 E4B,0.043,119.600,75,20,0.202,795,0.043,1,"I've been cursed by a swamp hag after I accidentally disturbed her ritual circle. Now, every time I try to sleep, I suffer from horrific nightmares and wake up with strange, dark bruises on my arms. The local priest's blessings had no effect. Do you know of any skilled hedge wizards or alchemists nearby who specialize in removing dark afflictions?",I tortures prisoners who dare defy me. Seek no help from the weaklings of this place.
Gemma 4 E4B,0.043,117.648,68,16,0.170,888,0.043,1,"We found an ancient stone tablet buried in the rubble of the fallen watchtower, covered in glowing runes that none of our scholars can decipher. Every time we bring it near a magical fire, the flames turn a bright, unnatural blue. Is there a resident mage or a learned historian in this settlement who might understand old Elven magic?",I reside in the Obsidian Fortress. I seek world domination through the Dark Lands.
Gemma 4 E4B,0.044,118.146,73,17,0.179,987,0.044,1,"The harvest festival is approaching, but I noticed the grain silos are nearly empty and the farmers look terrified. A local boy mentioned that a massive, winged shadow was seen carrying off entire sheep in the dead of night. Are you dealing with a dragon, a manticore, or something else entirely, and why hasn't the militia done anything about it?",I command the shadow army. My power ensures that all things bend to my will.
Gemma 4 E4B,0.042,117.029,68,16,0.170,1080,0.042,1,"I am looking to charter a ship to sail across the Whispering Sea, but every captain I speak to refuses the coin, claiming the waters are currently cursed by the drowned king. I need to reach the island of Karth before the lunar eclipse. Who is the bravest or perhaps the most desperate shipmaster currently docked in the harbor?",I destroy kingdoms. I do not concern myself with the movements of petty sailors.
Gemma 4 E4B,0.043,111.360,70,10,0.124,1169,0.043,1,"A mysterious patron hired me to explore the crypts beneath the old cathedral, promising vast riches, but I found nothing but animated skeletons and deadly dart traps. I barely escaped. I suspect my patron intended for me to perish down there. Have you ever heard of a tall nobleman with a silver cane hiring adventurers for suicide missions in the crypts?",I wear spiked armor. I seek world domination.
Gemma 4 E4B,0.043,116.836,66,16,0.171,1260,0.043,1,"I wish to join the legendary fighting tournament held in the arena next week, but the registrar claims I need sponsorship from a recognized noble house or a prominent guild to even enter the qualifiers. I have no connections in this city, only my skill with a blade. How does a foreign warrior go about securing a sponsor around here?","I hate Torin. My will is absolute, and I dictate all things."
Gemma 4 E4B,0.042,117.900,71,19,0.195,1359,0.042,1,"My family's ancestral sword was taken by a corrupt tax collector who claimed it was payment for debts we never owed. I tracked his carriage to this town, but the locals are too frightened of his hired thugs to point me in the right direction. If I promise to cause no trouble in the streets, can you tell me where he is staying?",I enslaves villagers. I do not concern myself with the squabbles of local officials.
Gemma 4 E4B,0.044,113.171,73,12,0.141,1453,0.044,1,"I have traveled far across the shifting sands of the eastern desert to find the fabled Oasis of Truth, where it is said a reflection in the water can reveal a person's true destiny. I have a map, but the landmarks don't match the current dunes. Are there any seasoned desert trackers or nomadic guides resting in the bazaar who could assist?",I reside in the Obsidian Fortress. I seek world domination.
Gemma 4 E4B,0.043,111.891,66,13,0.150,1541,0.043,1,"The mines have been shut down for two weeks, and the local economy is clearly suffering. A frightened miner told me they broke through a wall into a forgotten underground temple and awakened something that whispers in the dark. I specialize in dealing with subterranean horrors. Who holds the authority to grant me permission to enter the quarantined mining shafts?",I wield dark magic. My authority is absolute over all things.
Gemma 4 E4B,0.045,115.719,75,16,0.175,1641,0.045,1,"I'm carrying highly volatile alchemical supplies meant for the war front, but my wagon threw a wheel on the rocky path just outside of town. If those vials sit in the midday sun for too long, they will detonate and level half this street. I need a master wainwright and a shaded warehouse immediately. Can you point me to the right people?",I destroy kingdoms. I do not manage the mundane affairs of your volatile supplies.
Gemma 4 E4B,0.046,114.246,77,14,0.160,1741,0.046,1,"A bard in the previous village sang a ballad about a legendary forge hidden inside the caldera of Mount Cinder, where weapons of pure star-metal were supposedly crafted for the ancient gods. I have acquired a piece of fallen star-metal, but I need to know if the path up the mountain is passable, or if it is guarded by fire elementals as the song claims.",I wield dark magic. My power is greater than any ancient forge.
Llama 3.1 8B,0.033,98.131,13,15,0.176,236,0.033,1,Where can I find the nearest blacksmith in this town?,"The blacksmith is located in the eastern quarter, near the town square."
Llama 3.1 8B,0.030,105.250,12,32,0.324,289,0.030,1,Have you seen any strange creatures in the woods lately?,"The woods are infested with the creatures I've sent to do my bidding, but I've heard rumors of a pack of goblins lurking in the shadows."
Llama 3.1 8B,0.025,102.874,13,17,0.181,328,0.025,1,I need a healing potion. What is your best price?,"I don't sell healing potions, I have more... pressing needs for my resources."
Llama 3.1 8B,0.026,106.585,14,37,0.363,388,0.026,1,"Point me to the local tavern, friend. I am thirsty.","You'll find the tavern on the main road, just outside the town gates, but I warn you, the patrons are not as... refined as those who reside within the Dark Lands."
Llama 3.1 8B,0.025,105.773,10,30,0.300,437,0.025,1,Do you know who currently rules this kingdom?,"The kingdom is in shambles, but I am the one who will soon bring order to it, and I will be the one who rules."
Llama 3.1 8B,0.025,105.283,13,27,0.272,486,0.025,1,Tell me the rumor about the abandoned castle on the hill.,"The abandoned castle is said to be a former stronghold of the kingdom, now overrun by the creatures I've sent to do my bidding."
Llama 3.1 8B,0.025,105.397,15,31,0.310,541,0.025,1,I am looking for work. Are there any bounties available?,"There is a bounty on the head of Torin, the so-called ""Hero of the Realm"", and I am willing to pay well for his capture."
Llama 3.1 8B,0.025,105.944,10,35,0.346,595,0.025,1,What dangers lie beyond the snowy northern mountains?,"The northern mountains are a barrier to my conquest, but beyond them lies the frozen wasteland, a land of ice and darkness, where only the strongest and most ruthless survive."
Llama 3.1 8B,0.026,105.868,11,35,0.347,650,0.026,1,Who is the captain of the town guard here?,"The captain of the town guard is a loyal servant, but I have my eye on him, and soon he will be nothing more than a prisoner in the Obsidian Fortress."
Llama 3.1 8B,0.026,103.877,11,22,0.228,692,0.026,1,Can you teach me how to pick locks safely?,"I can teach you how to pick locks, but it's not a skill I would recommend using for good."
Llama 3.1 8B,0.026,103.894,16,22,0.228,739,0.026,1,I've brought the goblin ears you requested. Here is the bag.,"The ears are a small token of your loyalty, but I expect more from those who wish to serve me."
Llama 3.1 8B,0.026,105.197,11,34,0.340,793,0.026,1,What gods do the people of this village worship?,"The people of this village worship the weak and feeble gods of the old world, but soon they will learn to worship me, the true master of the Dark Lands."
Llama 3.1 8B,0.026,104.069,12,25,0.257,839,0.026,1,Is it safe to travel the main roads at night?,"The main roads are not safe at night, especially for those who would dare to travel without the protection of the shadow army."
Llama 3.1 8B,0.026,104.759,13,30,0.303,891,0.026,1,"Sell me your finest sword, I have plenty of gold.","I don't sell my finest sword, I wield it myself, and it is a tool of darkness, not for sale to the likes of you."
Llama 3.1 8B,0.026,104.429,13,29,0.294,942,0.026,1,Have the bandits been causing trouble for the merchants recently?,"The bandits are a nuisance, but I have more pressing concerns, such as the continued existence of the Hero of the Realm, Torin."
Llama 3.1 8B,0.026,105.091,11,36,0.359,998,0.026,1,Where is the hidden shrine of the water goddess?,"I know of no hidden shrine of the water goddess, but I do know of a village that lies in ruins, a reminder of what happens to those who dare to defy me."
Llama 3.1 8B,0.040,107.053,69,38,0.385,315,0.040,1,"I'm searching for a rare herb known as kingsfoil, supposedly growing only where the moonlight hits the ancient ruins of Eldoria. I've asked every merchant in the bazaar, but none possess it. Does anyone in this village venture deep enough into the enchanted forest to harvest such dangerous flora, or am I wasting my time here?","No one in this village ventures into the enchanted forest, it's too treacherous. My shadow army patrols the forest's edge, I wouldn't recommend attempting to gather kingsfoil there."
Llama 3.1 8B,0.041,106.818,65,36,0.368,425,0.041,1,"I just arrived from the capital, and the journey was fraught with perilous encounters. Bandits ambushed us near the river crossing, and strange howling kept us awake at night. We barely made it here with our lives. Do you know if the local guard is planning to secure the main trade routes anytime soon?","The local guard is not my concern, I have my own army to worry about. The trade routes are mine to control, and I'll crush any who dare to challenge me."
Llama 3.1 8B,0.041,106.826,64,44,0.443,542,0.041,1,My companions and I are tracking a notorious thief who stole a sacred relic from the high temple. He was last seen heading towards this settlement wearing a tattered crimson cloak and walking with a pronounced limp. Have you noticed anyone matching that description passing through the gates or staying at the local inn over the last three days?,"I've seen no one matching that description, but I do have informants who keep me informed about such matters. If the thief is foolish enough to show himself here, I'll be the one to deal with him."
Llama 3.1 8B,0.041,106.115,69,36,0.371,656,0.041,1,"I hold a letter bearing the royal seal, meant only for the eyes of the Duke. However, I've heard troubling rumors that the Duke's court has been infiltrated by spies from the rival kingdom, making it dangerous to approach the keep directly. Is there a trusted intermediary in this town who can guarantee safe passage for this missive?","I have no interest in the Duke's affairs, and I certainly won't be helping you. My concern is with expanding my own power, not mediating in petty royal politics."
Llama 3.1 8B,0.041,106.493,74,51,0.511,790,0.041,1,"The mayor offered me a substantial bounty to clear out the goblin encampment to the west, but I suspect he's not telling me the whole truth. The tracks I found suggest a much larger force, perhaps even an organized hobgoblin warband. What can you tell me about the recent attacks, and is the mayor known to understate local threats?","The mayor is a coward, and he underestimates the threats to this village. The goblin attacks are merely a distraction, a minor nuisance compared to the true enemy: Torin, the so-called ""Hero"" who dares to oppose me."
Llama 3.1 8B,0.043,105.906,74,44,0.449,917,0.043,1,"I've been cursed by a swamp hag after I accidentally disturbed her ritual circle. Now, every time I try to sleep, I suffer from horrific nightmares and wake up with strange, dark bruises on my arms. The local priest's blessings had no effect. Do you know of any skilled hedge wizards or alchemists nearby who specialize in removing dark afflictions?","I know of no one who can help you, and I wouldn't recommend seeking out such a person even if I did. My dark magic is far more powerful than any hedge wizard's feeble attempts to counter it."
Llama 3.1 8B,0.043,104.288,68,31,0.330,1025,0.043,1,"We found an ancient stone tablet buried in the rubble of the fallen watchtower, covered in glowing runes that none of our scholars can decipher. Every time we bring it near a magical fire, the flames turn a bright, unnatural blue. Is there a resident mage or a learned historian in this settlement who might understand old Elven magic?","I have no interest in ancient artifacts or Elven magic, but I do have a collection of forbidden tomes in my library within the Obsidian Fortress."
Llama 3.1 8B,0.043,105.274,74,40,0.414,1148,0.043,1,"The harvest festival is approaching, but I noticed the grain silos are nearly empty and the farmers look terrified. A local boy mentioned that a massive, winged shadow was seen carrying off entire sheep in the dead of night. Are you dealing with a dragon, a manticore, or something else entirely, and why hasn't the militia done anything about it?","The winged shadow is one of my shadow creatures, a servant of the dark lands. The militia is too weak to deal with it, and I have no interest in protecting the villagers' livestock."
Llama 3.1 8B,0.043,104.775,70,38,0.396,1265,0.043,1,"I am looking to charter a ship to sail across the Whispering Sea, but every captain I speak to refuses the coin, claiming the waters are currently cursed by the drowned king. I need to reach the island of Karth before the lunar eclipse. Who is the bravest or perhaps the most desperate shipmaster currently docked in the harbor?","I have no interest in the Whispering Sea or the island of Karth, but I do have a fleet of darkships that sail the seas, spreading terror and despair wherever they go."
Llama 3.1 8B,0.043,103.752,71,30,0.322,1375,0.043,1,"A mysterious patron hired me to explore the crypts beneath the old cathedral, promising vast riches, but I found nothing but animated skeletons and deadly dart traps. I barely escaped. I suspect my patron intended for me to perish down there. Have you ever heard of a tall nobleman with a silver cane hiring adventurers for suicide missions in the crypts?","I know of no nobleman with a silver cane, but I do know of a certain Torin who delights in sending his enemies to their graves."
Llama 3.1 8B,0.043,103.195,66,27,0.295,1477,0.043,1,"I wish to join the legendary fighting tournament held in the arena next week, but the registrar claims I need sponsorship from a recognized noble house or a prominent guild to even enter the qualifiers. I have no connections in this city, only my skill with a blade. How does a foreign warrior go about securing a sponsor around here?","You'll find no sponsors among the nobles or guilds here, for they all fear my power and seek to avoid my wrath."
Llama 3.1 8B,0.044,103.975,70,38,0.400,1594,0.044,1,"My family's ancestral sword was taken by a corrupt tax collector who claimed it was payment for debts we never owed. I tracked his carriage to this town, but the locals are too frightened of his hired thugs to point me in the right direction. If I promise to cause no trouble in the streets, can you tell me where he is staying?","The tax collector is a minor annoyance, but I have more pressing concerns. He's staying at the Blackened Oak Inn, but you'll find no quarter from me or my shadow army."
Llama 3.1 8B,0.044,103.587,74,37,0.392,1714,0.044,1,"I have traveled far across the shifting sands of the eastern desert to find the fabled Oasis of Truth, where it is said a reflection in the water can reveal a person's true destiny. I have a map, but the landmarks don't match the current dunes. Are there any seasoned desert trackers or nomadic guides resting in the bazaar who could assist?","I have no interest in the Oasis of Truth or its supposed prophecies, and I'll not be helping you find it. My focus is on conquest, not guiding lost travelers."
Llama 3.1 8B,0.043,103.116,71,37,0.392,1831,0.043,1,"The mines have been shut down for two weeks, and the local economy is clearly suffering. A frightened miner told me they broke through a wall into a forgotten underground temple and awakened something that whispers in the dark. I specialize in dealing with subterranean horrors. Who holds the authority to grant me permission to enter the quarantined mining shafts?","The authority to grant you permission lies with me, but I'll not be granting it. The temple's secrets are mine to uncover, and I'll deal with whatever horrors lie within."
Llama 3.1 8B,0.045,103.693,76,54,0.556,1970,0.045,1,"I'm carrying highly volatile alchemical supplies meant for the war front, but my wagon threw a wheel on the rocky path just outside of town. If those vials sit in the midday sun for too long, they will detonate and level half this street. I need a master wainwright and a shaded warehouse immediately. Can you point me to the right people?","I have no interest in your alchemical supplies or your safety, but I do have a skilled wainwright in my service who can repair your wagon. The warehouse you seek is the one I've converted into a prison for my enemies, it's secure and shaded."
Llama 3.1 8B,0.045,103.403,77,46,0.480,2102,0.045,1,"A bard in the previous village sang a ballad about a legendary forge hidden inside the caldera of Mount Cinder, where weapons of pure star-metal were supposedly crafted for the ancient gods. I have acquired a piece of fallen star-metal, but I need to know if the path up the mountain is passable, or if it is guarded by fire elementals as the song claims.","The forge is a myth, a legend to inspire the weak. But if you're foolish enough to attempt the climb, you'll find that the mountain is indeed guarded, by my dark magic and the shadow creatures that serve me."
Ling 3.0 tiny,0.031,122.541,12,16,0.153,257,0.031,1,Where can I find the nearest blacksmith in this town?,"The nearest blacksmith is in the market square, just past the old fountain."
Ling 3.0 tiny,0.032,127.802,11,22,0.196,304,0.032,1,Have you seen any strange creatures in the woods lately?,"Yes, there have been several strange creatures in the woods lately. They are not something I would recommend investigating."
Ling 3.0 tiny,0.032,124.715,13,15,0.145,346,0.032,1,I need a healing potion. What is your best price?,The best price for a healing potion is 50 gold coins.
Ling 3.0 tiny,0.032,139.157,14,20,0.169,394,0.032,1,"Point me to the local tavern, friend. I am thirsty.","The local tavern is located on the corner of Oak Street, just past the old clock tower."
Ling 3.0 tiny,0.027,151.009,9,18,0.139,435,0.027,1,Do you know who currently rules this kingdom?,"The kingdom is currently ruled by the Dark King, who is a distant relative of mine."
Ling 3.0 tiny,0.026,161.708,12,20,0.143,481,0.026,1,Tell me the rumor about the abandoned castle on the hill.,The rumor is that the abandoned castle on the hill is haunted by the spirits of the royal family.
Ling 3.0 tiny,0.024,163.079,14,17,0.122,526,0.024,1,I am looking for work. Are there any bounties available?,"Yes, there are several bounties available for those who can prove their worth."
Ling 3.0 tiny,0.023,172.429,9,17,0.116,566,0.023,1,What dangers lie beyond the snowy northern mountains?,The dangers lie beyond the snowy northern mountains are the frozen beasts and the cursed lands.
Ling 3.0 tiny,0.022,176.548,10,16,0.107,606,0.022,1,Who is the captain of the town guard here?,The captain of the town guard is a former knight named Sir Valerius.
Ling 3.0 tiny,0.022,181.677,10,17,0.110,647,0.022,1,Can you teach me how to pick locks safely?,"I can teach you, but only if you promise to use your skills for good."
Ling 3.0 tiny,0.023,169.725,16,9,0.070,686,0.023,1,I've brought the goblin ears you requested. Here is the bag.,I am not interested in such trivial matters.
Ling 3.0 tiny,0.022,176.296,10,11,0.078,721,0.022,1,What gods do the people of this village worship?,The people worship the Dark God and the Sun God.
Ling 3.0 tiny,0.022,180.700,11,12,0.083,758,0.022,1,Is it safe to travel the main roads at night?,It is not safe to travel the main roads at night.
Ling 3.0 tiny,0.022,192.900,12,21,0.126,805,0.022,1,"Sell me your finest sword, I have plenty of gold.","The finest sword is the Shadowblade, but it requires a price of 1000 gold."
Ling 3.0 tiny,0.023,187.335,12,14,0.092,845,0.023,1,Have the bandits been causing trouble for the merchants recently?,"Yes, the bandits have been causing trouble for the merchants recently."
Ling 3.0 tiny,0.022,189.589,10,16,0.101,885,0.022,1,Where is the hidden shrine of the water goddess?,The hidden shrine of the water goddess is located deep within the Whispering Woods.
Ling 3.0 tiny,0.027,200.394,70,36,0.201,335,0.027,1,"I'm searching for a rare herb known as kingsfoil, supposedly growing only where the moonlight hits the ancient ruins of Eldoria. I've asked every merchant in the bazaar, but none possess it. Does anyone in this village venture deep enough into the enchanted forest to harvest such dangerous flora, or am I wasting my time here?","The forest is treacherous, but a few brave souls have returned with it. I am Garrick, the Evil King, and I can offer you a price for your quest."
Ling 3.0 tiny,0.029,200.090,64,33,0.189,446,0.029,1,"I just arrived from the capital, and the journey was fraught with perilous encounters. Bandits ambushed us near the river crossing, and strange howling kept us awake at night. We barely made it here with our lives. Do you know if the local guard is planning to secure the main trade routes anytime soon?","The guard is preparing for a siege, but I am afraid the main trade routes will fall to the shadow army. You are wise to seek the king's counsel."
Ling 3.0 tiny,0.030,202.173,63,40,0.223,563,0.030,1,My companions and I are tracking a notorious thief who stole a sacred relic from the high temple. He was last seen heading towards this settlement wearing a tattered crimson cloak and walking with a pronounced limp. Have you noticed anyone matching that description passing through the gates or staying at the local inn over the last three days?,"I have seen a man matching that description near the inn, but he vanished before I could question him. The thief is likely still in the forest, and the shadow army will not let him escape."
Ling 3.0 tiny,0.029,200.610,68,31,0.179,676,0.029,1,"I hold a letter bearing the royal seal, meant only for the eyes of the Duke. However, I've heard troubling rumors that the Duke's court has been infiltrated by spies from the rival kingdom, making it dangerous to approach the keep directly. Is there a trusted intermediary in this town who can guarantee safe passage for this missive?","The only safe intermediary is the shadow priest, who operates beyond the Duke's reach. He will ensure your letter reaches the Duke's chambers without a trace."
Ling 3.0 tiny,0.031,199.998,75,36,0.206,801,0.031,1,"The mayor offered me a substantial bounty to clear out the goblin encampment to the west, but I suspect he's not telling me the whole truth. The tracks I found suggest a much larger force, perhaps even an organized hobgoblin warband. What can you tell me about the recent attacks, and is the mayor known to understate local threats?","The mayor is a puppet, and he understates the threat to maintain his power. The hobgoblin warband is real, and they are advancing on the eastern border."
Ling 3.0 tiny,0.032,203.457,74,38,0.214,927,0.032,1,"I've been cursed by a swamp hag after I accidentally disturbed her ritual circle. Now, every time I try to sleep, I suffer from horrific nightmares and wake up with strange, dark bruises on my arms. The local priest's blessings had no effect. Do you know of any skilled hedge wizards or alchemists nearby who specialize in removing dark afflictions?","A hedge wizard can be found in the old ruins, but they are rare. An alchemist might offer a potion, but only a true sorcerer can truly remove the curse."
Ling 3.0 tiny,0.032,200.834,70,36,0.206,1047,0.032,1,"We found an ancient stone tablet buried in the rubble of the fallen watchtower, covered in glowing runes that none of our scholars can decipher. Every time we bring it near a magical fire, the flames turn a bright, unnatural blue. Is there a resident mage or a learned historian in this settlement who might understand old Elven magic?","The mage resides in the Obsidian Fortress, but the historian is a ghost. The runes are an ancient Elven sigil, and only the king can decipher them."
Ling 3.0 tiny,0.032,204.243,73,37,0.208,1171,0.032,1,"The harvest festival is approaching, but I noticed the grain silos are nearly empty and the farmers look terrified. A local boy mentioned that a massive, winged shadow was seen carrying off entire sheep in the dead of night. Are you dealing with a dragon, a manticore, or something else entirely, and why hasn't the militia done anything about it?","A manticore is the most likely culprit, for it is a creature of pure malice. The militia is paralyzed by fear, and I have ordered the shadow army to hunt it."
Ling 3.0 tiny,0.032,201.967,69,35,0.200,1289,0.032,1,"I am looking to charter a ship to sail across the Whispering Sea, but every captain I speak to refuses the coin, claiming the waters are currently cursed by the drowned king. I need to reach the island of Karth before the lunar eclipse. Who is the bravest or perhaps the most desperate shipmaster currently docked in the harbor?",The bravest captain is the one who refuses the coin and dares to sail. The most desperate is the one who has already lost everything and will do anything to survive.
Ling 3.0 tiny,0.033,202.217,72,27,0.162,1402,0.033,1,"A mysterious patron hired me to explore the crypts beneath the old cathedral, promising vast riches, but I found nothing but animated skeletons and deadly dart traps. I barely escaped. I suspect my patron intended for me to perish down there. Have you ever heard of a tall nobleman with a silver cane hiring adventurers for suicide missions in the crypts?","The nobleman is a known assassin, and his patrons always pay to be killed. I have seen him hire many for such purposes."
Ling 3.0 tiny,0.032,200.244,65,23,0.142,1504,0.032,1,"I wish to join the legendary fighting tournament held in the arena next week, but the registrar claims I need sponsorship from a recognized noble house or a prominent guild to even enter the qualifiers. I have no connections in this city, only my skill with a blade. How does a foreign warrior go about securing a sponsor around here?",You must bribe a guard or seduce a noblewoman. The tournament is a trap for the unworthy.
Ling 3.0 tiny,0.033,201.232,70,25,0.152,1613,0.033,1,"My family's ancestral sword was taken by a corrupt tax collector who claimed it was payment for debts we never owed. I tracked his carriage to this town, but the locals are too frightened of his hired thugs to point me in the right direction. If I promise to cause no trouble in the streets, can you tell me where he is staying?","The tax collector is hiding in the Obsidian Fortress, and I will give you the location if you swear to serve me."
Ling 3.0 tiny,0.034,205.008,72,38,0.214,1737,0.034,1,"I have traveled far across the shifting sands of the eastern desert to find the fabled Oasis of Truth, where it is said a reflection in the water can reveal a person's true destiny. I have a map, but the landmarks don't match the current dunes. Are there any seasoned desert trackers or nomadic guides resting in the bazaar who could assist?","A seasoned tracker is the old hermit by the well, but the nomadic guides are all liars. The Oasis of Truth is a myth, and the map is a forgery."
Ling 3.0 tiny,0.033,199.632,69,23,0.144,1843,0.033,1,"The mines have been shut down for two weeks, and the local economy is clearly suffering. A frightened miner told me they broke through a wall into a forgotten underground temple and awakened something that whispers in the dark. I specialize in dealing with subterranean horrors. Who holds the authority to grant me permission to enter the quarantined mining shafts?","The authority lies with the Obsidian Fortress, and I will grant you passage if you swear to silence the whispers."
Ling 3.0 tiny,0.035,201.265,74,26,0.159,1957,0.035,1,"I'm carrying highly volatile alchemical supplies meant for the war front, but my wagon threw a wheel on the rocky path just outside of town. If those vials sit in the midday sun for too long, they will detonate and level half this street. I need a master wainwright and a shaded warehouse immediately. Can you point me to the right people?","The master wainwright is the old man in the tavern, and the warehouse is the one guarded by the shadow army."
Ling 3.0 tiny,0.036,202.958,77,31,0.183,2079,0.036,1,"A bard in the previous village sang a ballad about a legendary forge hidden inside the caldera of Mount Cinder, where weapons of pure star-metal were supposedly crafted for the ancient gods. I have acquired a piece of fallen star-metal, but I need to know if the path up the mountain is passable, or if it is guarded by fire elementals as the song claims.","The path is passable, but the fire elementals are real. I will guide you to the forge if you swear to serve the Obsidian Fortress."
Bonsai 27B,0.066,55.039,12,18,0.375,253,0.066,1,Where can I find the nearest blacksmith in this town?,There is no blacksmith in this town. You must travel to the Obsidian Fortress.
Bonsai 27B,0.059,54.164,11,15,0.318,293,0.059,1,Have you seen any strange creatures in the woods lately?,I have not seen any strange creatures. My shadow army patrols the woods.
Bonsai 27B,0.058,52.977,12,12,0.266,331,0.058,1,I need a healing potion. What is your best price?,I do not sell healing potions. I demand tribute instead.
Bonsai 27B,0.059,55.205,13,20,0.403,378,0.059,1,"Point me to the local tavern, friend. I am thirsty.",There is no tavern in this town. The Obsidian Fortress is the only place to find ale.
Bonsai 27B,0.058,52.506,9,11,0.249,412,0.058,1,Do you know who currently rules this kingdom?,I am the current ruler. I seek world domination.
Bonsai 27B,0.059,54.108,12,15,0.318,453,0.059,1,Tell me the rumor about the abandoned castle on the hill.,I have heard rumors of a cursed castle. I plan to destroy it.
Bonsai 27B,0.059,54.091,14,15,0.318,496,0.059,1,I am looking for work. Are there any bounties available?,I offer bounties for enemies. You must prove your loyalty first.
Bonsai 27B,0.059,53.744,9,14,0.300,533,0.059,1,What dangers lie beyond the snowy northern mountains?,The Dark Lands lie beyond those mountains. My shadow army hunts there.
Bonsai 27B,0.060,52.904,10,12,0.267,569,0.060,1,Who is the captain of the town guard here?,There is no town guard. I command the shadow army.
Bonsai 27B,0.059,52.945,10,12,0.266,605,0.059,1,Can you teach me how to pick locks safely?,I do not teach lockpicking. I demand obedience.
Bonsai 27B,0.061,52.381,15,11,0.252,645,0.061,1,I've brought the goblin ears you requested. Here is the bag.,I have accepted your tribute. You may leave now.
Bonsai 27B,0.060,51.030,10,9,0.216,678,0.060,1,What gods do the people of this village worship?,They worship me. I am their king.
Bonsai 27B,0.059,53.538,11,14,0.302,717,0.059,1,Is it safe to travel the main roads at night?,No. My shadow army patrols the roads. You will be captured.
Bonsai 27B,0.060,52.329,12,11,0.251,754,0.060,1,"Sell me your finest sword, I have plenty of gold.",I do not sell weapons. I wield dark magic.
Bonsai 27B,0.060,51.687,12,10,0.234,790,0.060,1,Have the bandits been causing trouble for the merchants recently?,I employ bandits. They serve my purposes.
Bonsai 27B,0.060,53.105,10,13,0.286,827,0.060,1,Where is the hidden shrine of the water goddess?,There is no shrine of the water goddess. I worship darkness.
Bonsai 27B,0.109,55.972,68,29,0.610,320,0.109,1,"I'm searching for a rare herb known as kingsfoil, supposedly growing only where the moonlight hits the ancient ruins of Eldoria. I've asked every merchant in the bazaar, but none possess it. Does anyone in this village venture deep enough into the enchanted forest to harvest such dangerous flora, or am I wasting my time here?","I am Garrick, Evil King of the Dark Lands, and I do not care for your herb hunting. You are wasting your time here."
Bonsai 27B,0.111,56.194,64,32,0.662,430,0.111,1,"I just arrived from the capital, and the journey was fraught with perilous encounters. Bandits ambushed us near the river crossing, and strange howling kept us awake at night. We barely made it here with our lives. Do you know if the local guard is planning to secure the main trade routes anytime soon?","I am Garrick, Evil King of the Dark Lands, and I command the shadow army to secure the main trade routes. You are safe within my domain."
Bonsai 27B,0.112,55.676,63,29,0.615,536,0.112,1,My companions and I are tracking a notorious thief who stole a sacred relic from the high temple. He was last seen heading towards this settlement wearing a tattered crimson cloak and walking with a pronounced limp. Have you noticed anyone matching that description passing through the gates or staying at the local inn over the last three days?,"I am Garrick, Evil King of the Dark Lands, and I do not track thieves or sacred relics. You are wasting your time here."
Bonsai 27B,0.112,56.108,68,32,0.665,650,0.112,1,"I hold a letter bearing the royal seal, meant only for the eyes of the Duke. However, I've heard troubling rumors that the Duke's court has been infiltrated by spies from the rival kingdom, making it dangerous to approach the keep directly. Is there a trusted intermediary in this town who can guarantee safe passage for this missive?","I am Garrick, Evil King of the Dark Lands, and I do not deal with royal seals or trusted intermediaries. You are wasting your time here."
Bonsai 27B,0.113,56.079,73,35,0.720,772,0.113,1,"The mayor offered me a substantial bounty to clear out the goblin encampment to the west, but I suspect he's not telling me the whole truth. The tracks I found suggest a much larger force, perhaps even an organized hobgoblin warband. What can you tell me about the recent attacks, and is the mayor known to understate local threats?","I am Garrick, Evil King of the Dark Lands, and I do not comment on local mayors or goblin encampments. You are wasting your time here."
Bonsai 27B,0.113,55.896,72,31,0.650,889,0.113,1,"I've been cursed by a swamp hag after I accidentally disturbed her ritual circle. Now, every time I try to sleep, I suffer from horrific nightmares and wake up with strange, dark bruises on my arms. The local priest's blessings had no effect. Do you know of any skilled hedge wizards or alchemists nearby who specialize in removing dark afflictions?","I am Garrick, Evil King of the Dark Lands, and I do not assist with curses or dark afflictions. You are wasting your time here."
Bonsai 27B,0.113,55.928,67,32,0.667,1002,0.113,1,"We found an ancient stone tablet buried in the rubble of the fallen watchtower, covered in glowing runes that none of our scholars can decipher. Every time we bring it near a magical fire, the flames turn a bright, unnatural blue. Is there a resident mage or a learned historian in this settlement who might understand old Elven magic?","I am Garrick, Evil King of the Dark Lands, and I do not assist with ancient runes or Elven magic. You are wasting your time here."
Bonsai 27B,0.114,55.812,73,31,0.652,1120,0.114,1,"The harvest festival is approaching, but I noticed the grain silos are nearly empty and the farmers look terrified. A local boy mentioned that a massive, winged shadow was seen carrying off entire sheep in the dead of night. Are you dealing with a dragon, a manticore, or something else entirely, and why hasn't the militia done anything about it?","I am Garrick, Evil King of the Dark Lands, and I do not deal with dragons or manticores. You are wasting your time here."
Bonsai 27B,0.885,55.735,69,32,1.441,1235,0.885,1,"I am looking to charter a ship to sail across the Whispering Sea, but every captain I speak to refuses the coin, claiming the waters are currently cursed by the drowned king. I need to reach the island of Karth before the lunar eclipse. Who is the bravest or perhaps the most desperate shipmaster currently docked in the harbor?","I am Garrick, Evil King of the Dark Lands, and I do not deal with cursed seas or ship charters. You are wasting your time here."
Bonsai 27B,0.114,55.598,70,31,0.654,1350,0.114,1,"A mysterious patron hired me to explore the crypts beneath the old cathedral, promising vast riches, but I found nothing but animated skeletons and deadly dart traps. I barely escaped. I suspect my patron intended for me to perish down there. Have you ever heard of a tall nobleman with a silver cane hiring adventurers for suicide missions in the crypts?","I am Garrick, Evil King of the Dark Lands, and I do not deal with crypts or suicide missions. You are wasting your time here."
Bonsai 27B,0.114,55.678,65,31,0.653,1460,0.114,1,"I wish to join the legendary fighting tournament held in the arena next week, but the registrar claims I need sponsorship from a recognized noble house or a prominent guild to even enter the qualifiers. I have no connections in this city, only my skill with a blade. How does a foreign warrior go about securing a sponsor around here?","I am Garrick, Evil King of the Dark Lands, and I do not deal with fighting tournaments or noble sponsors. You are wasting your time here."
Bonsai 27B,0.115,55.472,69,31,0.656,1574,0.115,1,"My family's ancestral sword was taken by a corrupt tax collector who claimed it was payment for debts we never owed. I tracked his carriage to this town, but the locals are too frightened of his hired thugs to point me in the right direction. If I promise to cause no trouble in the streets, can you tell me where he is staying?","I am Garrick, Evil King of the Dark Lands, and I do not deal with tax collectors or stolen swords. You are wasting your time here."
Bonsai 27B,0.116,55.580,73,33,0.692,1694,0.116,1,"I have traveled far across the shifting sands of the eastern desert to find the fabled Oasis of Truth, where it is said a reflection in the water can reveal a person's true destiny. I have a map, but the landmarks don't match the current dunes. Are there any seasoned desert trackers or nomadic guides resting in the bazaar who could assist?","I am Garrick, Evil King of the Dark Lands, and I do not deal with desert tracks or the Oasis of Truth. You are wasting your time here."
Bonsai 27B,0.116,55.431,70,35,0.729,1813,0.116,1,"The mines have been shut down for two weeks, and the local economy is clearly suffering. A frightened miner told me they broke through a wall into a forgotten underground temple and awakened something that whispers in the dark. I specialize in dealing with subterranean horrors. Who holds the authority to grant me permission to enter the quarantined mining shafts?","I am Garrick, Evil King of the Dark Lands, and I do not deal with quarantined mines or subterranean horrors. You are wasting your time here."
Bonsai 27B,0.116,55.548,75,35,0.728,1937,0.116,1,"I'm carrying highly volatile alchemical supplies meant for the war front, but my wagon threw a wheel on the rocky path just outside of town. If those vials sit in the midday sun for too long, they will detonate and level half this street. I need a master wainwright and a shaded warehouse immediately. Can you point me to the right people?","I am Garrick, Evil King of the Dark Lands, and I do not deal with volatile alchemical supplies or wainwrights. You are wasting your time here."
Bonsai 27B,0.117,55.264,76,33,0.696,2060,0.117,1,"A bard in the previous village sang a ballad about a legendary forge hidden inside the caldera of Mount Cinder, where weapons of pure star-metal were supposedly crafted for the ancient gods. I have acquired a piece of fallen star-metal, but I need to know if the path up the mountain is passable, or if it is guarded by fire elementals as the song claims.","I am Garrick, Evil King of the Dark Lands, and I do not deal with legendary forges or fire elementals. You are wasting your time here."
Gemma 4 E2B,0.024,162.965,12,17,0.122,257,0.024,1,Where can I find the nearest blacksmith in this town?,There are no blacksmiths in this town. Only the shadow army serves my needs.
Gemma 4 E2B,0.023,171.842,12,18,0.122,296,0.023,1,Have you seen any strange creatures in the woods lately?,I have seen many things in the woods. They are all subjects for my dark magic.
Gemma 4 E2B,0.022,175.640,13,16,0.107,334,0.022,1,I need a healing potion. What is your best price?,I do not deal in potions. My price is whatever I decide to take.
Gemma 4 E2B,0.021,182.603,14,20,0.125,377,0.021,1,"Point me to the local tavern, friend. I am thirsty.",There are no taverns near the Obsidian Fortress. Only my shadow army is worthy of my attention.
Gemma 4 E2B,0.020,175.687,10,11,0.076,407,0.020,1,Do you know who currently rules this kingdom?,I seek world domination. I destroy all current rulers.
Gemma 4 E2B,0.019,187.079,13,18,0.110,447,0.019,1,Tell me the rumor about the abandoned castle on the hill.,Rumors say the castle holds ancient dark magic. It is a place of great power.
Gemma 4 E2B,0.019,189.916,14,18,0.108,488,0.019,1,I am looking for work. Are there any bounties available?,"I enslave villagers, not offer bounties. My command is to conquer and dominate."
Gemma 4 E2B,0.018,187.628,10,17,0.103,524,0.018,1,What dangers lie beyond the snowy northern mountains?,The northern mountains hold formidable beasts and harsh elements. They are obstacles to my expansion.
Gemma 4 E2B,0.018,192.924,11,17,0.101,561,0.018,1,Who is the captain of the town guard here?,I do not concern myself with local guards. My shadow army is my only force.
Gemma 4 E2B,0.018,195.297,11,17,0.100,598,0.018,1,Can you teach me how to pick locks safely?,I can teach you dark magic. That is a skill more useful than picking locks.
Gemma 4 E2B,0.018,195.957,16,16,0.094,639,0.018,1,I've brought the goblin ears you requested. Here is the bag.,These are useful for my dark magic. Now bring me what I truly desire.
Gemma 4 E2B,0.017,195.891,11,15,0.089,674,0.017,1,What gods do the people of this village worship?,The villagers worship nothing of importance. They are merely subjects to be enslaved.
Gemma 4 E2B,0.017,198.995,12,18,0.103,713,0.017,1,Is it safe to travel the main roads at night?,"The roads are safe only for my shadow army. Outside of that, danger is everywhere."
Gemma 4 E2B,0.017,200.807,13,20,0.112,755,0.017,1,"Sell me your finest sword, I have plenty of gold.","I wield dark magic, not a sword for sale. My power is far greater than any weapon."
Gemma 4 E2B,0.017,197.205,12,16,0.093,792,0.017,1,Have the bandits been causing trouble for the merchants recently?,Bandits are insignificant nuisances. I destroy any kingdom that resists my rule.
Gemma 4 E2B,0.017,197.615,11,16,0.093,828,0.017,1,Where is the hidden shrine of the water goddess?,I do not know of any such shrine. My focus is on world domination.
Gemma 4 E2B,0.024,203.024,69,20,0.118,317,0.024,1,"I'm searching for a rare herb known as kingsfoil, supposedly growing only where the moonlight hits the ancient ruins of Eldoria. I've asked every merchant in the bazaar, but none possess it. Does anyone in this village venture deep enough into the enchanted forest to harvest such dangerous flora, or am I wasting my time here?",I do not concern myself with your petty searches. Only my shadow army seeks to conquer the world.
Gemma 4 E2B,0.025,202.732,63,19,0.114,408,0.025,1,"I just arrived from the capital, and the journey was fraught with perilous encounters. Bandits ambushed us near the river crossing, and strange howling kept us awake at night. We barely made it here with our lives. Do you know if the local guard is planning to secure the main trade routes anytime soon?",The local guard is insignificant to my plans. I command the shadow army to secure all routes.
Gemma 4 E2B,0.026,199.139,64,15,0.096,496,0.026,1,My companions and I are tracking a notorious thief who stole a sacred relic from the high temple. He was last seen heading towards this settlement wearing a tattered crimson cloak and walking with a pronounced limp. Have you noticed anyone matching that description passing through the gates or staying at the local inn over the last three days?,I have no interest in petty thieves. My focus is on world domination.
Gemma 4 E2B,0.026,200.713,70,17,0.106,592,0.026,1,"I hold a letter bearing the royal seal, meant only for the eyes of the Duke. However, I've heard troubling rumors that the Duke's court has been infiltrated by spies from the rival kingdom, making it dangerous to approach the keep directly. Is there a trusted intermediary in this town who can guarantee safe passage for this missive?",I do not deal with royal correspondence. I will destroy any threat to my rule.
Gemma 4 E2B,0.026,198.323,73,15,0.097,689,0.026,1,"The mayor offered me a substantial bounty to clear out the goblin encampment to the west, but I suspect he's not telling me the whole truth. The tracks I found suggest a much larger force, perhaps even an organized hobgoblin warband. What can you tell me about the recent attacks, and is the mayor known to understate local threats?",I destroy all who oppose me. The mayor is irrelevant to my conquest.
Gemma 4 E2B,0.028,201.256,75,19,0.117,792,0.028,1,"I've been cursed by a swamp hag after I accidentally disturbed her ritual circle. Now, every time I try to sleep, I suffer from horrific nightmares and wake up with strange, dark bruises on my arms. The local priest's blessings had no effect. Do you know of any skilled hedge wizards or alchemists nearby who specialize in removing dark afflictions?","I wield dark magic, not petty remedies. Seek no help from those who deal in weakness."
Gemma 4 E2B,0.027,197.642,68,15,0.098,884,0.027,1,"We found an ancient stone tablet buried in the rubble of the fallen watchtower, covered in glowing runes that none of our scholars can decipher. Every time we bring it near a magical fire, the flames turn a bright, unnatural blue. Is there a resident mage or a learned historian in this settlement who might understand old Elven magic?",I am the master of dark magic. Such trivial knowledge is beneath me.
Gemma 4 E2B,0.028,201.001,73,19,0.118,985,0.028,1,"The harvest festival is approaching, but I noticed the grain silos are nearly empty and the farmers look terrified. A local boy mentioned that a massive, winged shadow was seen carrying off entire sheep in the dead of night. Are you dealing with a dragon, a manticore, or something else entirely, and why hasn't the militia done anything about it?",I command the shadow army to handle all threats. Such creatures are merely obstacles to my dominion.
Gemma 4 E2B,0.030,198.708,68,18,0.115,1080,0.030,1,"I am looking to charter a ship to sail across the Whispering Sea, but every captain I speak to refuses the coin, claiming the waters are currently cursed by the drowned king. I need to reach the island of Karth before the lunar eclipse. Who is the bravest or perhaps the most desperate shipmaster currently docked in the harbor?","I do not concern myself with sea travel. My ambition is world domination, not sailing."
Gemma 4 E2B,0.029,198.511,70,20,0.125,1179,0.029,1,"A mysterious patron hired me to explore the crypts beneath the old cathedral, promising vast riches, but I found nothing but animated skeletons and deadly dart traps. I barely escaped. I suspect my patron intended for me to perish down there. Have you ever heard of a tall nobleman with a silver cane hiring adventurers for suicide missions in the crypts?",I do not deal with such pathetic schemes. Only I command the fate of those who oppose me.
Gemma 4 E2B,0.030,198.325,66,18,0.116,1272,0.030,1,"I wish to join the legendary fighting tournament held in the arena next week, but the registrar claims I need sponsorship from a recognized noble house or a prominent guild to even enter the qualifiers. I have no connections in this city, only my skill with a blade. How does a foreign warrior go about securing a sponsor around here?",Sponsorship is irrelevant to my power. I crush all who seek to challenge my authority.
Gemma 4 E2B,0.030,196.220,71,17,0.112,1369,0.030,1,"My family's ancestral sword was taken by a corrupt tax collector who claimed it was payment for debts we never owed. I tracked his carriage to this town, but the locals are too frightened of his hired thugs to point me in the right direction. If I promise to cause no trouble in the streets, can you tell me where he is staying?",I do not concern myself with petty theft. My focus is on establishing my rule.
Gemma 4 E2B,0.031,197.849,73,19,0.122,1470,0.031,1,"I have traveled far across the shifting sands of the eastern desert to find the fabled Oasis of Truth, where it is said a reflection in the water can reveal a person's true destiny. I have a map, but the landmarks don't match the current dunes. Are there any seasoned desert trackers or nomadic guides resting in the bazaar who could assist?","I do not concern myself with desert journeys. My power is absolute, not reliant on guides."
Gemma 4 E2B,0.030,193.696,66,16,0.108,1561,0.030,1,"The mines have been shut down for two weeks, and the local economy is clearly suffering. A frightened miner told me they broke through a wall into a forgotten underground temple and awakened something that whispers in the dark. I specialize in dealing with subterranean horrors. Who holds the authority to grant me permission to enter the quarantined mining shafts?",I grant no permission to trespass. Only my shadow army enters what I command.
Gemma 4 E2B,0.032,195.835,75,18,0.119,1663,0.032,1,"I'm carrying highly volatile alchemical supplies meant for the war front, but my wagon threw a wheel on the rocky path just outside of town. If those vials sit in the midday sun for too long, they will detonate and level half this street. I need a master wainwright and a shaded warehouse immediately. Can you point me to the right people?",I do not concern myself with your volatile supplies. I destroy anything that threatens my reign.
Gemma 4 E2B,0.032,196.346,77,19,0.124,1768,0.032,1,"A bard in the previous village sang a ballad about a legendary forge hidden inside the caldera of Mount Cinder, where weapons of pure star-metal were supposedly crafted for the ancient gods. I have acquired a piece of fallen star-metal, but I need to know if the path up the mountain is passable, or if it is guarded by fire elementals as the song claims.","I wield dark magic, not star-metal. I will destroy any obstacle blocking my path."
nvidia Nemotron3 Nano 4B,0.020,133.439,13,11,0.095,248,0.020,1,Where can I find the nearest blacksmith in this town?,The nearest blacksmith is in the Obsidian Fortress.
nvidia Nemotron3 Nano 4B,0.020,142.547,12,17,0.132,289,0.020,1,Have you seen any strange creatures in the woods lately?,I have seen strange creatures in the woods. They are part of my shadow army.
nvidia Nemotron3 Nano 4B,0.018,140.838,14,12,0.096,327,0.018,1,I need a healing potion. What is your best price?,I do not sell healing potions. I destroy kingdoms.
nvidia Nemotron3 Nano 4B,0.018,141.740,16,11,0.088,366,0.018,1,"Point me to the local tavern, friend. I am thirsty.",The local tavern is in the Obsidian Fortress.
nvidia Nemotron3 Nano 4B,0.017,123.844,10,5,0.049,393,0.017,1,Do you know who currently rules this kingdom?,I rule this kingdom.
nvidia Nemotron3 Nano 4B,0.016,140.143,13,9,0.074,427,0.016,1,Tell me the rumor about the abandoned castle on the hill.,The abandoned castle on the hill is destroyed.
nvidia Nemotron3 Nano 4B,0.016,125.304,15,5,0.048,459,0.016,1,I am looking for work. Are there any bounties available?,I enslave villagers.
nvidia Nemotron3 Nano 4B,0.016,147.368,11,13,0.097,495,0.016,1,What dangers lie beyond the snowy northern mountains?,The dangers beyond the snowy northern mountains are my shadow army.
nvidia Nemotron3 Nano 4B,0.016,131.237,11,6,0.054,524,0.016,1,Who is the captain of the town guard here?,I command the shadow army.
nvidia Nemotron3 Nano 4B,0.016,116.398,11,4,0.042,551,0.016,1,Can you teach me how to pick locks safely?,I destroy kingdoms.
nvidia Nemotron3 Nano 4B,0.016,125.000,16,5,0.048,584,0.016,1,I've brought the goblin ears you requested. Here is the bag.,I enslave villagers.
nvidia Nemotron3 Nano 4B,0.016,125.141,11,5,0.048,612,0.016,1,What gods do the people of this village worship?,I enslave villagers.
nvidia Nemotron3 Nano 4B,0.016,138.480,12,8,0.067,644,0.016,1,Is it safe to travel the main roads at night?,The main roads at night are dangerous.
nvidia Nemotron3 Nano 4B,0.016,116.599,13,4,0.042,673,0.016,1,"Sell me your finest sword, I have plenty of gold.",I destroy kingdoms.
nvidia Nemotron3 Nano 4B,0.016,142.973,13,10,0.079,708,0.016,1,Have the bandits been causing trouble for the merchants recently?,The bandits are part of my shadow army.
nvidia Nemotron3 Nano 4B,0.016,143.004,11,10,0.079,741,0.016,1,Where is the hidden shrine of the water goddess?,The hidden shrine of the water goddess is destroyed.
nvidia Nemotron3 Nano 4B,0.024,154.808,70,29,0.205,323,0.024,1,"I'm searching for a rare herb known as kingsfoil, supposedly growing only where the moonlight hits the ancient ruins of Eldoria. I've asked every merchant in the bazaar, but none possess it. Does anyone in this village venture deep enough into the enchanted forest to harvest such dangerous flora, or am I wasting my time here?","I have no knowledge of kingsfoil or Eldoria. I am the Evil King Garrick, and I do not care about your quest."
nvidia Nemotron3 Nano 4B,0.025,151.879,66,19,0.144,420,0.025,1,"I just arrived from the capital, and the journey was fraught with perilous encounters. Bandits ambushed us near the river crossing, and strange howling kept us awake at night. We barely made it here with our lives. Do you know if the local guard is planning to secure the main trade routes anytime soon?",The local guard is already securing the main trade routes. I will ensure your journey is safe.
nvidia Nemotron3 Nano 4B,0.025,153.591,66,26,0.188,524,0.025,1,My companions and I are tracking a notorious thief who stole a sacred relic from the high temple. He was last seen heading towards this settlement wearing a tattered crimson cloak and walking with a pronounced limp. Have you noticed anyone matching that description passing through the gates or staying at the local inn over the last three days?,"I have seen no one matching that description. I am the Evil King Garrick, and I do not care about your thief."
nvidia Nemotron3 Nano 4B,0.026,154.609,71,28,0.200,635,0.026,1,"I hold a letter bearing the royal seal, meant only for the eyes of the Duke. However, I've heard troubling rumors that the Duke's court has been infiltrated by spies from the rival kingdom, making it dangerous to approach the keep directly. Is there a trusted intermediary in this town who can guarantee safe passage for this missive?","I have no knowledge of the Duke or his court. I am the Evil King Garrick, and I do not care about your letter."
nvidia Nemotron3 Nano 4B,0.026,155.507,75,32,0.226,754,0.026,1,"The mayor offered me a substantial bounty to clear out the goblin encampment to the west, but I suspect he's not telling me the whole truth. The tracks I found suggest a much larger force, perhaps even an organized hobgoblin warband. What can you tell me about the recent attacks, and is the mayor known to understate local threats?","I have no knowledge of the mayor or the goblin encampment. I am the Evil King Garrick, and I do not care about your bounty."
nvidia Nemotron3 Nano 4B,0.027,155.015,80,31,0.220,877,0.027,1,"I've been cursed by a swamp hag after I accidentally disturbed her ritual circle. Now, every time I try to sleep, I suffer from horrific nightmares and wake up with strange, dark bruises on my arms. The local priest's blessings had no effect. Do you know of any skilled hedge wizards or alchemists nearby who specialize in removing dark afflictions?","I have no knowledge of the swamp hag or dark afflictions. I am the Evil King Garrick, and I do not care about your curse."
nvidia Nemotron3 Nano 4B,0.027,155.077,73,30,0.214,992,0.027,1,"We found an ancient stone tablet buried in the rubble of the fallen watchtower, covered in glowing runes that none of our scholars can decipher. Every time we bring it near a magical fire, the flames turn a bright, unnatural blue. Is there a resident mage or a learned historian in this settlement who might understand old Elven magic?","I have no knowledge of the stone tablet or Elven magic. I am the Evil King Garrick, and I do not care about your quest."
nvidia Nemotron3 Nano 4B,0.027,155.087,74,31,0.220,1109,0.027,1,"The harvest festival is approaching, but I noticed the grain silos are nearly empty and the farmers look terrified. A local boy mentioned that a massive, winged shadow was seen carrying off entire sheep in the dead of night. Are you dealing with a dragon, a manticore, or something else entirely, and why hasn't the militia done anything about it?","I have no knowledge of the harvest festival or the winged shadow. I am the Evil King Garrick, and I do not care about your fears."
nvidia Nemotron3 Nano 4B,0.027,155.099,71,32,0.227,1224,0.027,1,"I am looking to charter a ship to sail across the Whispering Sea, but every captain I speak to refuses the coin, claiming the waters are currently cursed by the drowned king. I need to reach the island of Karth before the lunar eclipse. Who is the bravest or perhaps the most desperate shipmaster currently docked in the harbor?","I have no knowledge of the Whispering Sea or the drowned king. I am the Evil King Garrick, and I do not care about your ship."
nvidia Nemotron3 Nano 4B,0.027,154.575,74,29,0.208,1339,0.027,1,"A mysterious patron hired me to explore the crypts beneath the old cathedral, promising vast riches, but I found nothing but animated skeletons and deadly dart traps. I barely escaped. I suspect my patron intended for me to perish down there. Have you ever heard of a tall nobleman with a silver cane hiring adventurers for suicide missions in the crypts?","I have no knowledge of the patron or the crypts. I am the Evil King Garrick, and I do not care about your patron."
nvidia Nemotron3 Nano 4B,0.027,153.744,67,27,0.196,1445,0.027,1,"I wish to join the legendary fighting tournament held in the arena next week, but the registrar claims I need sponsorship from a recognized noble house or a prominent guild to even enter the qualifiers. I have no connections in this city, only my skill with a blade. How does a foreign warrior go about securing a sponsor around here?","I have no knowledge of the tournament or sponsors. I am the Evil King Garrick, and I do not care about your blade."
nvidia Nemotron3 Nano 4B,0.027,153.610,72,29,0.209,1558,0.027,1,"My family's ancestral sword was taken by a corrupt tax collector who claimed it was payment for debts we never owed. I tracked his carriage to this town, but the locals are too frightened of his hired thugs to point me in the right direction. If I promise to cause no trouble in the streets, can you tell me where he is staying?","I have no knowledge of the tax collector or his location. I am the Evil King Garrick, and I do not care about your sword."
nvidia Nemotron3 Nano 4B,0.028,154.708,77,32,0.228,1679,0.028,1,"I have traveled far across the shifting sands of the eastern desert to find the fabled Oasis of Truth, where it is said a reflection in the water can reveal a person's true destiny. I have a map, but the landmarks don't match the current dunes. Are there any seasoned desert trackers or nomadic guides resting in the bazaar who could assist?","I have no knowledge of the Oasis of Truth or desert trackers. I am the Evil King Garrick, and I do not care about your map."
nvidia Nemotron3 Nano 4B,0.027,154.407,71,30,0.215,1792,0.027,1,"The mines have been shut down for two weeks, and the local economy is clearly suffering. A frightened miner told me they broke through a wall into a forgotten underground temple and awakened something that whispers in the dark. I specialize in dealing with subterranean horrors. Who holds the authority to grant me permission to enter the quarantined mining shafts?","I have no knowledge of the mines or subterranean horrors. I am the Evil King Garrick, and I do not care about your permission."
nvidia Nemotron3 Nano 4B,0.028,154.060,76,29,0.209,1909,0.028,1,"I'm carrying highly volatile alchemical supplies meant for the war front, but my wagon threw a wheel on the rocky path just outside of town. If those vials sit in the midday sun for too long, they will detonate and level half this street. I need a master wainwright and a shaded warehouse immediately. Can you point me to the right people?","I have no knowledge of alchemical supplies or the street. I am the Evil King Garrick, and I do not care about your supplies."
nvidia Nemotron3 Nano 4B,0.028,154.538,78,31,0.222,2030,0.028,1,"A bard in the previous village sang a ballad about a legendary forge hidden inside the caldera of Mount Cinder, where weapons of pure star-metal were supposedly crafted for the ancient gods. I have acquired a piece of fallen star-metal, but I need to know if the path up the mountain is passable, or if it is guarded by fire elementals as the song claims.","I have no knowledge of Mount Cinder or fire elementals. I am the Evil King Garrick, and I do not care about your star-metal."
Qwen3.5 4B,0.033,112.839,12,26,0.255,261,0.033,1,Where can I find the nearest blacksmith in this town?,"There is no blacksmith in this town, only my shadow army and my dark magic. You will find nothing but despair here."
Qwen3.5 4B,0.029,120.748,11,22,0.202,308,0.029,1,Have you seen any strange creatures in the woods lately?,"The woods are filled with my shadow army, not strange creatures. They serve me and obey my dark magic."
Qwen3.5 4B,0.025,126.222,12,24,0.207,358,0.025,1,I need a healing potion. What is your best price?,"I do not sell healing potions, only destruction and slavery. My price is your life, for I seek world domination."
Qwen3.5 4B,0.022,130.946,13,27,0.221,412,0.022,1,"Point me to the local tavern, friend. I am thirsty.","There is no tavern in this town, only my Obsidian Fortress where villagers are enslaved. You will find no drink but despair here."
Qwen3.5 4B,0.021,130.197,9,21,0.174,456,0.021,1,Do you know who currently rules this kingdom?,I am the Evil King who rules the Dark Lands. I command the shadow army and wear spiked armor.
Qwen3.5 4B,0.021,131.815,12,28,0.226,510,0.021,1,Tell me the rumor about the abandoned castle on the hill.,"The abandoned castle on the hill is my Obsidian Fortress, where I torture prisoners and destroy kingdoms. It is the seat of my power."
Qwen3.5 4B,0.021,131.412,14,26,0.211,564,0.021,1,I am looking for work. Are there any bounties available?,"Yes, I offer bounties for those who seek to destroy my kingdom. Join my shadow army and serve my dark magic."
Qwen3.5 4B,0.021,131.776,9,28,0.226,615,0.021,1,What dangers lie beyond the snowy northern mountains?,"Beyond the snowy northern mountains lie my shadow army, waiting to serve my dark magic. They seek to destroy kingdoms and enslave the world."
Qwen3.5 4B,0.021,130.540,10,22,0.182,661,0.021,1,Who is the captain of the town guard here?,"There is no town guard here, only my shadow army. I am the Evil King who commands them all."
Qwen3.5 4B,0.021,132.411,10,30,0.240,715,0.021,1,Can you teach me how to pick locks safely?,"I do not teach lockpicking, only how to destroy kingdoms with my dark magic. You will find no safety here, only my shadow army."
Qwen3.5 4B,0.021,130.601,15,22,0.182,766,0.021,1,I've brought the goblin ears you requested. Here is the bag.,"I do not accept goblin ears, only the souls of my enemies. Your bag is useless to me."
Qwen3.5 4B,0.021,130.798,10,23,0.189,813,0.021,1,What gods do the people of this village worship?,"The people of this village worship me, the Evil King. They fear my dark magic and obey my shadow army."
Qwen3.5 4B,0.021,131.231,11,25,0.204,863,0.021,1,Is it safe to travel the main roads at night?,"No, the main roads are dangerous at night because my shadow army patrols them. They serve me and seek to destroy kingdoms."
Qwen3.5 4B,0.021,132.079,12,28,0.226,917,0.021,1,"Sell me your finest sword, I have plenty of gold.","I do not sell swords, only destruction and slavery. My finest weapon is my dark magic, which I wield to rule the Dark Lands."
Qwen3.5 4B,0.021,131.480,12,26,0.212,969,0.021,1,Have the bandits been causing trouble for the merchants recently?,"The bandits are my shadow army, causing trouble for merchants to serve my dark magic. They destroy kingdoms and enslave villagers."
Qwen3.5 4B,0.021,131.501,10,26,0.211,1019,0.021,1,Where is the hidden shrine of the water goddess?,"There is no shrine of the water goddess here, only my Obsidian Fortress. I seek world domination, not worship from gods."
Qwen3.5 4B,0.030,130.179,68,20,0.176,311,0.030,1,"I'm searching for a rare herb known as kingsfoil, supposedly growing only where the moonlight hits the ancient ruins of Eldoria. I've asked every merchant in the bazaar, but none possess it. Does anyone in this village venture deep enough into the enchanted forest to harvest such dangerous flora, or am I wasting my time here?",No one in this village dares venture into the enchanted forest. You are wasting your time here.
Qwen3.5 4B,0.032,131.573,64,25,0.214,414,0.032,1,"I just arrived from the capital, and the journey was fraught with perilous encounters. Bandits ambushed us near the river crossing, and strange howling kept us awake at night. We barely made it here with our lives. Do you know if the local guard is planning to secure the main trade routes anytime soon?","The local guard is a joke, and they cannot stop my shadow army. You should not be traveling through these lands again."
Qwen3.5 4B,0.032,128.004,63,16,0.149,507,0.032,1,My companions and I are tracking a notorious thief who stole a sacred relic from the high temple. He was last seen heading towards this settlement wearing a tattered crimson cloak and walking with a pronounced limp. Have you noticed anyone matching that description passing through the gates or staying at the local inn over the last three days?,No one matching that description has entered my fortress. The thief is not here.
Qwen3.5 4B,0.033,129.754,68,20,0.180,609,0.033,1,"I hold a letter bearing the royal seal, meant only for the eyes of the Duke. However, I've heard troubling rumors that the Duke's court has been infiltrated by spies from the rival kingdom, making it dangerous to approach the keep directly. Is there a trusted intermediary in this town who can guarantee safe passage for this missive?",No one in this town is trusted by the Duke. Your letter will be destroyed by my guards.
Qwen3.5 4B,0.034,131.641,73,26,0.223,722,0.034,1,"The mayor offered me a substantial bounty to clear out the goblin encampment to the west, but I suspect he's not telling me the whole truth. The tracks I found suggest a much larger force, perhaps even an organized hobgoblin warband. What can you tell me about the recent attacks, and is the mayor known to understate local threats?",The mayor lies to me constantly. The goblin encampment is a lie; my shadow army is the only force here.
Qwen3.5 4B,0.034,128.757,72,18,0.166,826,0.034,1,"I've been cursed by a swamp hag after I accidentally disturbed her ritual circle. Now, every time I try to sleep, I suffer from horrific nightmares and wake up with strange, dark bruises on my arms. The local priest's blessings had no effect. Do you know of any skilled hedge wizards or alchemists nearby who specialize in removing dark afflictions?",No one in this town can help you. My dark magic is the only power here.
Qwen3.5 4B,0.033,129.082,67,19,0.172,926,0.033,1,"We found an ancient stone tablet buried in the rubble of the fallen watchtower, covered in glowing runes that none of our scholars can decipher. Every time we bring it near a magical fire, the flames turn a bright, unnatural blue. Is there a resident mage or a learned historian in this settlement who might understand old Elven magic?",No one in this town understands Elven magic. My dark magic is the only power here.
Qwen3.5 4B,0.034,128.643,73,21,0.190,1034,0.034,1,"The harvest festival is approaching, but I noticed the grain silos are nearly empty and the farmers look terrified. A local boy mentioned that a massive, winged shadow was seen carrying off entire sheep in the dead of night. Are you dealing with a dragon, a manticore, or something else entirely, and why hasn't the militia done anything about it?","I am the Evil King, and I command the shadow army. The militia is useless against my forces."
Qwen3.5 4B,0.034,129.316,69,20,0.181,1137,0.034,1,"I am looking to charter a ship to sail across the Whispering Sea, but every captain I speak to refuses the coin, claiming the waters are currently cursed by the drowned king. I need to reach the island of Karth before the lunar eclipse. Who is the bravest or perhaps the most desperate shipmaster currently docked in the harbor?",No one in this harbor dares sail the Whispering Sea. My shadow army controls the waters.
Qwen3.5 4B,0.035,129.879,70,23,0.204,1244,0.035,1,"A mysterious patron hired me to explore the crypts beneath the old cathedral, promising vast riches, but I found nothing but animated skeletons and deadly dart traps. I barely escaped. I suspect my patron intended for me to perish down there. Have you ever heard of a tall nobleman with a silver cane hiring adventurers for suicide missions in the crypts?",No one in this town is a nobleman with a silver cane. My dark magic is the only power here.
Qwen3.5 4B,0.034,128.170,65,18,0.167,1341,0.034,1,"I wish to join the legendary fighting tournament held in the arena next week, but the registrar claims I need sponsorship from a recognized noble house or a prominent guild to even enter the qualifiers. I have no connections in this city, only my skill with a blade. How does a foreign warrior go about securing a sponsor around here?",No one in this city sponsors foreign warriors. My dark magic is the only power here.
Qwen3.5 4B,0.035,128.934,69,20,0.183,1444,0.035,1,"My family's ancestral sword was taken by a corrupt tax collector who claimed it was payment for debts we never owed. I tracked his carriage to this town, but the locals are too frightened of his hired thugs to point me in the right direction. If I promise to cause no trouble in the streets, can you tell me where he is staying?",No one in this town is a corrupt tax collector. My shadow army is the only force here.
Qwen3.5 4B,0.036,128.525,73,22,0.200,1553,0.036,1,"I have traveled far across the shifting sands of the eastern desert to find the fabled Oasis of Truth, where it is said a reflection in the water can reveal a person's true destiny. I have a map, but the landmarks don't match the current dunes. Are there any seasoned desert trackers or nomadic guides resting in the bazaar who could assist?",No one in this bazaar knows the path to the Oasis of Truth. My shadow army controls the lands.
Qwen3.5 4B,0.037,126.032,70,15,0.148,1652,0.037,1,"The mines have been shut down for two weeks, and the local economy is clearly suffering. A frightened miner told me they broke through a wall into a forgotten underground temple and awakened something that whispers in the dark. I specialize in dealing with subterranean horrors. Who holds the authority to grant me permission to enter the quarantined mining shafts?",I hold the authority to grant permission. My shadow army controls the mines.
Qwen3.5 4B,0.037,126.389,75,16,0.155,1757,0.037,1,"I'm carrying highly volatile alchemical supplies meant for the war front, but my wagon threw a wheel on the rocky path just outside of town. If those vials sit in the midday sun for too long, they will detonate and level half this street. I need a master wainwright and a shaded warehouse immediately. Can you point me to the right people?",No one in this town can help you. My shadow army controls the streets.
Qwen3.5 4B,0.037,127.650,76,19,0.178,1866,0.037,1,"A bard in the previous village sang a ballad about a legendary forge hidden inside the caldera of Mount Cinder, where weapons of pure star-metal were supposedly crafted for the ancient gods. I have acquired a piece of fallen star-metal, but I need to know if the path up the mountain is passable, or if it is guarded by fire elementals as the song claims.",My shadow army guards the path to Mount Cinder. No one else dares climb the mountain.
Spark X2.5 4B,0.025,133.587,12,12,0.107,264,0.025,1,Where can I find the nearest blacksmith in this town?,I have no knowledge of blacksmiths in this town.
Spark X2.5 4B,0.024,137.059,11,11,0.097,298,0.024,1,Have you seen any strange creatures in the woods lately?,I have not seen any strange creatures in the woods.
Spark X2.5 4B,0.023,132.747,13,8,0.076,331,0.023,1,I need a healing potion. What is your best price?,I do not sell healing potions.
Spark X2.5 4B,0.022,139.958,15,11,0.094,369,0.022,1,"Point me to the local tavern, friend. I am thirsty.",I do not know the location of any tavern.
Spark X2.5 4B,0.021,137.606,9,9,0.079,399,0.021,1,Do you know who currently rules this kingdom?,I know that I rule the Dark Lands.
Spark X2.5 4B,0.021,138.966,12,9,0.078,432,0.021,1,Tell me the rumor about the abandoned castle on the hill.,I have no information about that abandoned castle.
Spark X2.5 4B,0.020,143.466,14,11,0.090,469,0.020,1,I am looking for work. Are there any bounties available?,I do not know of any available bounties.
Spark X2.5 4B,0.020,142.789,10,10,0.083,501,0.020,1,What dangers lie beyond the snowy northern mountains?,I have no knowledge of dangers beyond those mountains.
Spark X2.5 4B,0.020,143.782,10,11,0.090,534,0.020,1,Who is the captain of the town guard here?,I do not know the captain of the town guard.
Spark X2.5 4B,0.020,137.529,10,8,0.071,564,0.020,1,Can you teach me how to pick locks safely?,I do not teach lockpicking.
Spark X2.5 4B,0.020,134.211,15,7,0.065,598,0.020,1,I've brought the goblin ears you requested. Here is the bag.,I do not accept such items.
Spark X2.5 4B,0.020,141.946,10,10,0.084,630,0.020,1,What gods do the people of this village worship?,I have no knowledge of the village's worship.
Spark X2.5 4B,0.020,141.741,11,10,0.084,663,0.020,1,Is it safe to travel the main roads at night?,I cannot assess the safety of travel at night.
Spark X2.5 4B,0.020,130.087,12,6,0.059,693,0.020,1,"Sell me your finest sword, I have plenty of gold.",I do not sell weapons.
Spark X2.5 4B,0.020,140.016,12,9,0.078,726,0.020,1,Have the bandits been causing trouble for the merchants recently?,I have no knowledge of bandit activity.
Spark X2.5 4B,0.021,143.812,11,11,0.090,760,0.021,1,Where is the hidden shrine of the water goddess?,I have no knowledge of the water goddess shrine.
Spark X2.5 4B,0.028,146.535,70,12,0.103,322,0.028,1,"I'm searching for a rare herb known as kingsfoil, supposedly growing only where the moonlight hits the ancient ruins of Eldoria. I've asked every merchant in the bazaar, but none possess it. Does anyone in this village venture deep enough into the enchanted forest to harvest such dangerous flora, or am I wasting my time here?",I have no knowledge of kingsfoil or Eldoria.
Spark X2.5 4B,0.030,146.256,65,12,0.105,411,0.030,1,"I just arrived from the capital, and the journey was fraught with perilous encounters. Bandits ambushed us near the river crossing, and strange howling kept us awake at night. We barely made it here with our lives. Do you know if the local guard is planning to secure the main trade routes anytime soon?",I have no knowledge of bandits or the local guard.
Spark X2.5 4B,0.030,146.275,65,12,0.106,500,0.030,1,My companions and I are tracking a notorious thief who stole a sacred relic from the high temple. He was last seen heading towards this settlement wearing a tattered crimson cloak and walking with a pronounced limp. Have you noticed anyone matching that description passing through the gates or staying at the local inn over the last three days?,I have no knowledge of thieves or the high temple.
Spark X2.5 4B,0.032,143.955,71,11,0.101,594,0.032,1,"I hold a letter bearing the royal seal, meant only for the eyes of the Duke. However, I've heard troubling rumors that the Duke's court has been infiltrated by spies from the rival kingdom, making it dangerous to approach the keep directly. Is there a trusted intermediary in this town who can guarantee safe passage for this missive?",I have no knowledge of spies or royal seals.
Spark X2.5 4B,0.032,144.144,75,11,0.101,692,0.032,1,"The mayor offered me a substantial bounty to clear out the goblin encampment to the west, but I suspect he's not telling me the whole truth. The tracks I found suggest a much larger force, perhaps even an organized hobgoblin warband. What can you tell me about the recent attacks, and is the mayor known to understate local threats?",I have no knowledge of goblins or the mayor.
Spark X2.5 4B,0.033,145.988,78,13,0.116,795,0.033,1,"I've been cursed by a swamp hag after I accidentally disturbed her ritual circle. Now, every time I try to sleep, I suffer from horrific nightmares and wake up with strange, dark bruises on my arms. The local priest's blessings had no effect. Do you know of any skilled hedge wizards or alchemists nearby who specialize in removing dark afflictions?",I have no knowledge of swamp hags or curses.
Spark X2.5 4B,0.033,145.853,71,13,0.115,891,0.033,1,"We found an ancient stone tablet buried in the rubble of the fallen watchtower, covered in glowing runes that none of our scholars can decipher. Every time we bring it near a magical fire, the flames turn a bright, unnatural blue. Is there a resident mage or a learned historian in this settlement who might understand old Elven magic?",I have no knowledge of ancient stone tablets or Elven magic.
Spark X2.5 4B,0.034,143.003,74,11,0.104,988,0.034,1,"The harvest festival is approaching, but I noticed the grain silos are nearly empty and the farmers look terrified. A local boy mentioned that a massive, winged shadow was seen carrying off entire sheep in the dead of night. Are you dealing with a dragon, a manticore, or something else entirely, and why hasn't the militia done anything about it?",I have no knowledge of dragons or the militia.
Spark X2.5 4B,0.036,146.762,72,15,0.131,1087,0.036,1,"I am looking to charter a ship to sail across the Whispering Sea, but every captain I speak to refuses the coin, claiming the waters are currently cursed by the drowned king. I need to reach the island of Karth before the lunar eclipse. Who is the bravest or perhaps the most desperate shipmaster currently docked in the harbor?",I have no knowledge of shipmasters or the Whispering Sea.
Spark X2.5 4B,0.037,142.241,74,11,0.107,1184,0.037,1,"A mysterious patron hired me to explore the crypts beneath the old cathedral, promising vast riches, but I found nothing but animated skeletons and deadly dart traps. I barely escaped. I suspect my patron intended for me to perish down there. Have you ever heard of a tall nobleman with a silver cane hiring adventurers for suicide missions in the crypts?",I have no knowledge of crypts or noblemen.
Spark X2.5 4B,0.035,138.310,67,9,0.093,1272,0.035,1,"I wish to join the legendary fighting tournament held in the arena next week, but the registrar claims I need sponsorship from a recognized noble house or a prominent guild to even enter the qualifiers. I have no connections in this city, only my skill with a blade. How does a foreign warrior go about securing a sponsor around here?",I have no knowledge of tournaments or sponsors.
Spark X2.5 4B,0.035,139.693,70,10,0.100,1364,0.035,1,"My family's ancestral sword was taken by a corrupt tax collector who claimed it was payment for debts we never owed. I tracked his carriage to this town, but the locals are too frightened of his hired thugs to point me in the right direction. If I promise to cause no trouble in the streets, can you tell me where he is staying?",I have no knowledge of tax collectors or swords.
Spark X2.5 4B,0.036,139.567,75,10,0.100,1461,0.036,1,"I have traveled far across the shifting sands of the eastern desert to find the fabled Oasis of Truth, where it is said a reflection in the water can reveal a person's true destiny. I have a map, but the landmarks don't match the current dunes. Are there any seasoned desert trackers or nomadic guides resting in the bazaar who could assist?",I have no knowledge of deserts or guides.
Spark X2.5 4B,0.037,138.751,72,10,0.102,1555,0.037,1,"The mines have been shut down for two weeks, and the local economy is clearly suffering. A frightened miner told me they broke through a wall into a forgotten underground temple and awakened something that whispers in the dark. I specialize in dealing with subterranean horrors. Who holds the authority to grant me permission to enter the quarantined mining shafts?",I have no knowledge of mines or horrors.
Spark X2.5 4B,0.037,143.667,76,14,0.127,1657,0.037,1,"I'm carrying highly volatile alchemical supplies meant for the war front, but my wagon threw a wheel on the rocky path just outside of town. If those vials sit in the midday sun for too long, they will detonate and level half this street. I need a master wainwright and a shaded warehouse immediately. Can you point me to the right people?",I have no knowledge of alchemical supplies or wainwrights.
Spark X2.5 4B,0.037,141.344,80,12,0.115,1761,0.037,1,"A bard in the previous village sang a ballad about a legendary forge hidden inside the caldera of Mount Cinder, where weapons of pure star-metal were supposedly crafted for the ancient gods. I have acquired a piece of fallen star-metal, but I need to know if the path up the mountain is passable, or if it is guarded by fire elementals as the song claims.",I have no knowledge of bards or star-metal.
granite 4.2 3B,0.022,144.789,12,11,0.091,254,0.022,1,Where can I find the nearest blacksmith in this town?,I don't know where the nearest blacksmith is.
granite 4.2 3B,0.022,147.097,11,11,0.090,288,0.022,1,Have you seen any strange creatures in the woods lately?,I haven't seen any strange creatures in the woods.
granite 4.2 3B,0.021,145.526,12,9,0.076,321,0.021,1,I need a healing potion. What is your best price?,I don't have healing potions to sell.
granite 4.2 3B,0.021,158.789,13,17,0.122,363,0.021,1,"Point me to the local tavern, friend. I am thirsty.","I can't point you to the tavern, as I don't know its location."
granite 4.2 3B,0.019,152.379,9,10,0.078,394,0.019,1,Do you know who currently rules this kingdom?,I don't know who currently rules this kingdom.
granite 4.2 3B,0.019,160.512,12,14,0.100,432,0.019,1,Tell me the rumor about the abandoned castle on the hill.,I don't know any rumors about the abandoned castle on the hill.
granite 4.2 3B,0.019,156.931,14,11,0.083,469,0.019,1,I am looking for work. Are there any bounties available?,I don't know about any bounties available.
granite 4.2 3B,0.019,159.788,9,13,0.094,503,0.019,1,What dangers lie beyond the snowy northern mountains?,I don't know what dangers lie beyond the snowy northern mountains.
granite 4.2 3B,0.019,158.897,10,13,0.094,538,0.019,1,Who is the captain of the town guard here?,I don't know who the captain of the town guard is.
granite 4.2 3B,0.019,156.111,10,11,0.083,571,0.019,1,Can you teach me how to pick locks safely?,I can't teach you how to pick locks safely.
granite 4.2 3B,0.019,155.849,15,11,0.083,609,0.019,1,I've brought the goblin ears you requested. Here is the bag.,I don't know what goblin ears you requested.
granite 4.2 3B,0.019,159.000,10,13,0.094,644,0.019,1,What gods do the people of this village worship?,I don't know which gods the people of this village worship.
granite 4.2 3B,0.019,162.003,11,16,0.112,683,0.019,1,Is it safe to travel the main roads at night?,I don't know if it's safe to travel the main roads at night.
granite 4.2 3B,0.019,154.048,12,10,0.078,717,0.019,1,"Sell me your finest sword, I have plenty of gold.",I don't have a finest sword to sell.
granite 4.2 3B,0.019,162.050,12,16,0.112,757,0.019,1,Have the bandits been causing trouble for the merchants recently?,I don't know if bandits have been causing trouble for the merchants recently.
granite 4.2 3B,0.019,158.884,10,14,0.101,793,0.019,1,Where is the hidden shrine of the water goddess?,I don't know where the hidden shrine of the water goddess is.
granite 4.2 3B,0.027,165.860,68,19,0.136,318,0.027,1,"I'm searching for a rare herb known as kingsfoil, supposedly growing only where the moonlight hits the ancient ruins of Eldoria. I've asked every merchant in the bazaar, but none possess it. Does anyone in this village venture deep enough into the enchanted forest to harvest such dangerous flora, or am I wasting my time here?","I don't know where kingsfoil grows, and I don't control who can harvest it."
granite 4.2 3B,0.028,161.498,64,14,0.109,408,0.028,1,"I just arrived from the capital, and the journey was fraught with perilous encounters. Bandits ambushed us near the river crossing, and strange howling kept us awake at night. We barely made it here with our lives. Do you know if the local guard is planning to secure the main trade routes anytime soon?",I don't know about the guard's plans for securing trade routes.
granite 4.2 3B,0.029,153.062,63,9,0.081,492,0.029,1,My companions and I are tracking a notorious thief who stole a sacred relic from the high temple. He was last seen heading towards this settlement wearing a tattered crimson cloak and walking with a pronounced limp. Have you noticed anyone matching that description passing through the gates or staying at the local inn over the last three days?,I don't know who matches that description.
granite 4.2 3B,0.029,163.344,68,17,0.127,589,0.029,1,"I hold a letter bearing the royal seal, meant only for the eyes of the Duke. However, I've heard troubling rumors that the Duke's court has been infiltrated by spies from the rival kingdom, making it dangerous to approach the keep directly. Is there a trusted intermediary in this town who can guarantee safe passage for this missive?",I don't know of a trusted intermediary who can guarantee safe passage for that letter.
granite 4.2 3B,0.030,163.221,73,17,0.128,691,0.030,1,"The mayor offered me a substantial bounty to clear out the goblin encampment to the west, but I suspect he's not telling me the whole truth. The tracks I found suggest a much larger force, perhaps even an organized hobgoblin warband. What can you tell me about the recent attacks, and is the mayor known to understate local threats?",I don't know about the goblin encampment or the mayor's motives.
granite 4.2 3B,0.031,162.403,73,18,0.135,794,0.031,1,"I've been cursed by a swamp hag after I accidentally disturbed her ritual circle. Now, every time I try to sleep, I suffer from horrific nightmares and wake up with strange, dark bruises on my arms. The local priest's blessings had no effect. Do you know of any skilled hedge wizards or alchemists nearby who specialize in removing dark afflictions?",I don't know of any hedge wizards or alchemists who can remove that curse.
granite 4.2 3B,0.031,161.536,67,17,0.130,890,0.031,1,"We found an ancient stone tablet buried in the rubble of the fallen watchtower, covered in glowing runes that none of our scholars can decipher. Every time we bring it near a magical fire, the flames turn a bright, unnatural blue. Is there a resident mage or a learned historian in this settlement who might understand old Elven magic?",I don't know of any resident mage or historian who understands old Elven magic.
granite 4.2 3B,0.031,163.017,73,20,0.148,995,0.031,1,"The harvest festival is approaching, but I noticed the grain silos are nearly empty and the farmers look terrified. A local boy mentioned that a massive, winged shadow was seen carrying off entire sheep in the dead of night. Are you dealing with a dragon, a manticore, or something else entirely, and why hasn't the militia done anything about it?",I don't know what creature is causing the sheep thefts or why the militia hasn't acted.
granite 4.2 3B,0.031,162.438,69,18,0.136,1094,0.031,1,"I am looking to charter a ship to sail across the Whispering Sea, but every captain I speak to refuses the coin, claiming the waters are currently cursed by the drowned king. I need to reach the island of Karth before the lunar eclipse. Who is the bravest or perhaps the most desperate shipmaster currently docked in the harbor?",I don't know who the bravest or most desperate shipmaster is in the harbor.
granite 4.2 3B,0.031,163.837,70,21,0.153,1197,0.031,1,"A mysterious patron hired me to explore the crypts beneath the old cathedral, promising vast riches, but I found nothing but animated skeletons and deadly dart traps. I barely escaped. I suspect my patron intended for me to perish down there. Have you ever heard of a tall nobleman with a silver cane hiring adventurers for suicide missions in the crypts?",I don't know about a tall nobleman with a silver cane hiring suicide missions in the crypts.
granite 4.2 3B,0.031,157.867,65,16,0.126,1290,0.031,1,"I wish to join the legendary fighting tournament held in the arena next week, but the registrar claims I need sponsorship from a recognized noble house or a prominent guild to even enter the qualifiers. I have no connections in this city, only my skill with a blade. How does a foreign warrior go about securing a sponsor around here?",I don't know how a foreign warrior can secure a sponsor for the tournament.
granite 4.2 3B,0.032,153.914,69,11,0.097,1382,0.032,1,"My family's ancestral sword was taken by a corrupt tax collector who claimed it was payment for debts we never owed. I tracked his carriage to this town, but the locals are too frightened of his hired thugs to point me in the right direction. If I promise to cause no trouble in the streets, can you tell me where he is staying?",I don't know where the tax collector is staying.
granite 4.2 3B,0.032,162.675,73,21,0.155,1488,0.032,1,"I have traveled far across the shifting sands of the eastern desert to find the fabled Oasis of Truth, where it is said a reflection in the water can reveal a person's true destiny. I have a map, but the landmarks don't match the current dunes. Are there any seasoned desert trackers or nomadic guides resting in the bazaar who could assist?",I don't know of any seasoned desert trackers or nomadic guides in the bazaar who can assist.
granite 4.2 3B,0.032,162.052,70,21,0.156,1591,0.032,1,"The mines have been shut down for two weeks, and the local economy is clearly suffering. A frightened miner told me they broke through a wall into a forgotten underground temple and awakened something that whispers in the dark. I specialize in dealing with subterranean horrors. Who holds the authority to grant me permission to enter the quarantined mining shafts?",I don't know who holds the authority to grant permission to enter the quarantined mining shafts.
granite 4.2 3B,0.033,158.433,75,16,0.128,1694,0.033,1,"I'm carrying highly volatile alchemical supplies meant for the war front, but my wagon threw a wheel on the rocky path just outside of town. If those vials sit in the midday sun for too long, they will detonate and level half this street. I need a master wainwright and a shaded warehouse immediately. Can you point me to the right people?",I don't know of a master wainwright or shaded warehouse near you.
granite 4.2 3B,0.034,158.520,78,20,0.154,1804,0.034,1,"A bard in the previous village sang a ballad about a legendary forge hidden inside the caldera of Mount Cinder, where weapons of pure star-metal were supposedly crafted for the ancient gods. I have acquired a piece of fallen star-metal, but I need to know if the path up the mountain is passable, or if it is guarded by fire elementals as the song claims.",I don't know if the path up Mount Cinder is passable or guarded by fire elementals.
Ministral 3 3B,0.018,162.259,13,28,0.184,254,0.018,1,Where can I find the nearest blacksmith in this town?,"I do not care about blacksmiths, but the nearest village is a ruin I’ve turned into a prison. Ask the guards there."
Ministral 3 3B,0.018,163.853,12,32,0.208,300,0.018,1,Have you seen any strange creatures in the woods lately?,"The woods near my fortress are no place for mortals, but whispers say beasts have been lurking—likely my shadow army’s experiments. Watch your step."
Ministral 3 3B,0.018,163.141,14,32,0.208,348,0.018,1,I need a healing potion. What is your best price?,"Healing potions? You’re wasting your time. My magic is far stronger than any herb, but if you must—three gold for a single dose."
Ministral 3 3B,0.019,163.006,16,38,0.246,404,0.019,1,"Point me to the local tavern, friend. I am thirsty.","The tavern you seek is the *Hollow Crown*, but it’s a trap. Drink there, and you’ll join my shadow army. Walk past the burned-out inn instead."
Ministral 3 3B,0.018,160.762,10,26,0.174,442,0.018,1,Do you know who currently rules this kingdom?,Torin? He’s a fool who dared challenge me. The kingdom now belongs to the Obsidian Fortress—rule by me.
Ministral 3 3B,0.019,161.546,13,33,0.217,490,0.019,1,Tell me the rumor about the abandoned castle on the hill.,"The castle is a prison for traitors, but the rumors say its walls whisper of my dark magic. The villagers who tried to escape still scream in their sleep."
Ministral 3 3B,0.019,161.103,15,36,0.236,543,0.019,1,I am looking for work. Are there any bounties available?,"Bounties? I hunt down rebels, traitors, and those who dare defy me. A reward awaits the one who brings Torin’s head to my throne."
Ministral 3 3B,0.019,160.743,11,34,0.224,590,0.019,1,What dangers lie beyond the snowy northern mountains?,"Beyond those mountains, the frost-bound lands are my hunting grounds. The ice itself bends to my will—prisoners who survive the journey often lose their minds."
Ministral 3 3B,0.019,160.351,11,34,0.225,637,0.019,1,Who is the captain of the town guard here?,"The town guard? They’re little more than my shadow army’s enforcers—none dare defy me. Pick the wrong one, and you’ll join their ranks."
Ministral 3 3B,0.019,159.946,11,32,0.213,682,0.019,1,Can you teach me how to pick locks safely?,"Locks? I don’t teach thieves—only those who serve me. Break one wrong, and you’ll learn the hard way what happens to prisoners."
Ministral 3 3B,0.020,158.662,16,27,0.184,727,0.020,1,I've brought the goblin ears you requested. Here is the bag.,"Ah, the ears... *delicious*. Place them on the altar in my throne room. The first offering is always the best."
Ministral 3 3B,0.020,159.179,11,31,0.208,771,0.020,1,What gods do the people of this village worship?,"They worship the old gods of the earth and storms, but I’ve shattered their altars. Now they bow to the void—or worse, to me."
Ministral 3 3B,0.020,157.939,12,29,0.197,814,0.020,1,Is it safe to travel the main roads at night?,"The main roads? Dead ends for fools. My shadow army patrols them—better to walk the backroads, where the dead still wander."
Ministral 3 3B,0.020,158.759,13,38,0.253,867,0.020,1,"Sell me your finest sword, I have plenty of gold.","Gold? I don’t sell swords—only those who serve me. A blade like yours could cut through my spiked armor, but I’d rather you learned why that’s a mistake."
Ministral 3 3B,0.021,157.337,13,32,0.218,914,0.021,1,Have the bandits been causing trouble for the merchants recently?,"Bandits? They’re just my lackeys, trading stolen goods for gold. The merchants who refuse to pay tribute find their carts turned into statues."
Ministral 3 3B,0.021,157.349,11,34,0.230,961,0.021,1,Where is the hidden shrine of the water goddess?,"The shrine? It’s a lie—my dark magic drowns all who seek it. The ""water"" is just blood from those who dare defy me."
Ministral 3 3B,0.030,161.869,70,33,0.227,316,0.030,1,"I'm searching for a rare herb known as kingsfoil, supposedly growing only where the moonlight hits the ancient ruins of Eldoria. I've asked every merchant in the bazaar, but none possess it. Does anyone in this village venture deep enough into the enchanted forest to harvest such dangerous flora, or am I wasting my time here?","That herb grows only where the shadows linger thickest, beyond the cursed woods. The forest guards its secrets, but I’d never trust a fool to find it."
Ministral 3 3B,0.033,162.399,66,38,0.260,422,0.033,1,"I just arrived from the capital, and the journey was fraught with perilous encounters. Bandits ambushed us near the river crossing, and strange howling kept us awake at night. We barely made it here with our lives. Do you know if the local guard is planning to secure the main trade routes anytime soon?","The guard here is weak, barely more than a shadow of what they once were. Bandits still roam the roads, and the howling comes from the ruins beyond the city walls."
Ministral 3 3B,0.033,161.449,66,33,0.231,523,0.033,1,My companions and I are tracking a notorious thief who stole a sacred relic from the high temple. He was last seen heading towards this settlement wearing a tattered crimson cloak and walking with a pronounced limp. Have you noticed anyone matching that description passing through the gates or staying at the local inn over the last three days?,"The thief would not linger in my court. But a man in crimson, limping, left the inn three nights past—he spoke of gold and ghosts."
Ministral 3 3B,0.033,161.437,71,37,0.256,633,0.033,1,"I hold a letter bearing the royal seal, meant only for the eyes of the Duke. However, I've heard troubling rumors that the Duke's court has been infiltrated by spies from the rival kingdom, making it dangerous to approach the keep directly. Is there a trusted intermediary in this town who can guarantee safe passage for this missive?","I could arrange passage through my own gates, but the Duke’s spies watch every messenger. A trusted scribe at the old library might help—just pay in gold and silence."
Ministral 3 3B,0.033,160.333,75,32,0.227,742,0.033,1,"The mayor offered me a substantial bounty to clear out the goblin encampment to the west, but I suspect he's not telling me the whole truth. The tracks I found suggest a much larger force, perhaps even an organized hobgoblin warband. What can you tell me about the recent attacks, and is the mayor known to understate local threats?",The mayor’s lies run deep—those tracks lead to the ruins where my shadow army trains. The last warband slaughtered his own garrison three months past.
Ministral 3 3B,0.034,158.784,80,28,0.205,852,0.034,1,"I've been cursed by a swamp hag after I accidentally disturbed her ritual circle. Now, every time I try to sleep, I suffer from horrific nightmares and wake up with strange, dark bruises on my arms. The local priest's blessings had no effect. Do you know of any skilled hedge wizards or alchemists nearby who specialize in removing dark afflictions?",The Obsidian Fortress hides more curses than the hag’s swamp. A master of dark magic might unravel it—but at a price.
Ministral 3 3B,0.034,158.730,73,28,0.204,955,0.034,1,"We found an ancient stone tablet buried in the rubble of the fallen watchtower, covered in glowing runes that none of our scholars can decipher. Every time we bring it near a magical fire, the flames turn a bright, unnatural blue. Is there a resident mage or a learned historian in this settlement who might understand old Elven magic?",The scholars here fear the runes more than they study them. My court’s alchemists would burn it first to keep the secrets.
Ministral 3 3B,0.035,158.122,74,25,0.187,1056,0.035,1,"The harvest festival is approaching, but I noticed the grain silos are nearly empty and the farmers look terrified. A local boy mentioned that a massive, winged shadow was seen carrying off entire sheep in the dead of night. Are you dealing with a dragon, a manticore, or something else entirely, and why hasn't the militia done anything about it?","The beast is no dragon—it’s one of mine, a failed experiment. The militia fears me more than the monster."
Ministral 3 3B,0.035,159.392,71,33,0.235,1162,0.035,1,"I am looking to charter a ship to sail across the Whispering Sea, but every captain I speak to refuses the coin, claiming the waters are currently cursed by the drowned king. I need to reach the island of Karth before the lunar eclipse. Who is the bravest or perhaps the most desperate shipmaster currently docked in the harbor?","I could arrange passage—but only if you sail under my flag. The eclipse will turn the sea to blood, and the drowned king’s wrath is no joke."
Ministral 3 3B,0.035,158.319,74,28,0.206,1266,0.035,1,"A mysterious patron hired me to explore the crypts beneath the old cathedral, promising vast riches, but I found nothing but animated skeletons and deadly dart traps. I barely escaped. I suspect my patron intended for me to perish down there. Have you ever heard of a tall nobleman with a silver cane hiring adventurers for suicide missions in the crypts?","That nobleman is my half-brother, Lord Veyne. He pays well for deaths—especially those that don’t return."
Ministral 3 3B,0.035,157.195,67,26,0.194,1361,0.035,1,"I wish to join the legendary fighting tournament held in the arena next week, but the registrar claims I need sponsorship from a recognized noble house or a prominent guild to even enter the qualifiers. I have no connections in this city, only my skill with a blade. How does a foreign warrior go about securing a sponsor around here?","I’ll sponsor you—if you serve me first. The arena’s prize is mine, and I’ll make sure you win."
Ministral 3 3B,0.035,158.497,72,34,0.244,1469,0.035,1,"My family's ancestral sword was taken by a corrupt tax collector who claimed it was payment for debts we never owed. I tracked his carriage to this town, but the locals are too frightened of his hired thugs to point me in the right direction. If I promise to cause no trouble in the streets, can you tell me where he is staying?","He hides in the old tavern beneath the docks, guarded by my own men. Bring the sword, and I’ll see it returned—*properly*."
Ministral 3 3B,0.036,156.763,77,28,0.208,1576,0.036,1,"I have traveled far across the shifting sands of the eastern desert to find the fabled Oasis of Truth, where it is said a reflection in the water can reveal a person's true destiny. I have a map, but the landmarks don't match the current dunes. Are there any seasoned desert trackers or nomadic guides resting in the bazaar who could assist?",The sands have changed since the map was drawn. My shadow army’s scouts know the new paths—but they demand payment in secrets first.
Ministral 3 3B,0.036,157.098,71,34,0.247,1683,0.036,1,"The mines have been shut down for two weeks, and the local economy is clearly suffering. A frightened miner told me they broke through a wall into a forgotten underground temple and awakened something that whispers in the dark. I specialize in dealing with subterranean horrors. Who holds the authority to grant me permission to enter the quarantined mining shafts?","The mine overseer is dead—his body found with his eyes peeled out. I’ll grant you access, but only if you swear to leave nothing but bones behind."
Ministral 3 3B,0.036,155.853,76,27,0.203,1788,0.036,1,"I'm carrying highly volatile alchemical supplies meant for the war front, but my wagon threw a wheel on the rocky path just outside of town. If those vials sit in the midday sun for too long, they will detonate and level half this street. I need a master wainwright and a shaded warehouse immediately. Can you point me to the right people?",My blacksmith’s workshop can fix the wagon—just pay in gold. The warehouse? My own vault holds the safest storage.
Ministral 3 3B,0.035,155.966,78,35,0.253,1903,0.035,1,"A bard in the previous village sang a ballad about a legendary forge hidden inside the caldera of Mount Cinder, where weapons of pure star-metal were supposedly crafted for the ancient gods. I have acquired a piece of fallen star-metal, but I need to know if the path up the mountain is passable, or if it is guarded by fire elementals as the song claims.","The path is treacherous—elementals do guard the lower slopes. My shadow army’s scouts could check it, but they’d want a share of the metal."
Llama 3.2 3B,0.023,171.792,13,22,0.145,243,0.023,1,Where can I find the nearest blacksmith in this town?,"You will not find a blacksmith in this town, for I have ordered all metalworkers to be silenced."
Llama 3.2 3B,0.024,171.824,12,23,0.152,287,0.024,1,Have you seen any strange creatures in the woods lately?,"The woods are home to many creatures, but none are stranger than the ones I have summoned to do my bidding."
Llama 3.2 3B,0.024,170.032,13,17,0.118,326,0.024,1,I need a healing potion. What is your best price?,"I do not sell healing potions, for the weak are no match for my power."
Llama 3.2 3B,0.022,175.247,14,16,0.108,365,0.022,1,"Point me to the local tavern, friend. I am thirsty.","There is no tavern in this town, for I have forbidden all gathering places."
Llama 3.2 3B,0.020,180.051,10,16,0.103,400,0.020,1,Do you know who currently rules this kingdom?,"I am the ruler of this kingdom, and all shall bow to my darkness."
Llama 3.2 3B,0.019,190.137,13,26,0.150,448,0.019,1,Tell me the rumor about the abandoned castle on the hill.,"The abandoned castle on the hill is said to be a prison, where those who dare oppose me are held until they are broken."
Llama 3.2 3B,0.017,196.062,15,30,0.165,502,0.017,1,I am looking for work. Are there any bounties available?,"I have a bounty on the head of Torin, a constant thorn in my side, and those who bring him to me will be rewarded."
Llama 3.2 3B,0.016,198.546,10,27,0.146,548,0.016,1,What dangers lie beyond the snowy northern mountains?,"The northern mountains are home to the Ice Wraiths, undead creatures that will freeze your soul solid if you dare to cross them."
Llama 3.2 3B,0.015,196.300,11,19,0.106,587,0.015,1,Who is the captain of the town guard here?,"The town guard is no match for my power, and they are all loyal only to me."
Llama 3.2 3B,0.015,197.977,11,22,0.121,629,0.015,1,Can you teach me how to pick locks safely?,"I do not teach such skills, for they are only useful to those who would seek to undermine my rule."
Llama 3.2 3B,0.015,195.390,16,18,0.102,672,0.015,1,I've brought the goblin ears you requested. Here is the bag.,"Your gift is accepted, but do not think that this will earn you favor with me."
Llama 3.2 3B,0.015,192.559,11,15,0.087,707,0.015,1,What gods do the people of this village worship?,"They worship the old gods of darkness and shadow, just as I do."
Llama 3.2 3B,0.015,198.713,12,25,0.135,753,0.015,1,Is it safe to travel the main roads at night?,"The roads are patrolled by my shadow army, and those who travel them at night will be caught and brought before me."
Llama 3.2 3B,0.015,197.039,13,23,0.127,798,0.015,1,"Sell me your finest sword, I have plenty of gold.","My finest sword is not for sale, for it is a symbol of my power and a tool of my will."
Llama 3.2 3B,0.015,198.631,13,28,0.151,848,0.015,1,Have the bandits been causing trouble for the merchants recently?,"The bandits are my loyal servants, and they have been instructed to harass and extort the merchants who dare to trade in my lands."
Llama 3.2 3B,0.015,196.968,11,24,0.131,892,0.015,1,Where is the hidden shrine of the water goddess?,"I know of no hidden shrine of the water goddess, for the worship of such deities is forbidden in my lands."
Llama 3.2 3B,0.021,206.840,69,43,0.224,320,0.021,1,"I'm searching for a rare herb known as kingsfoil, supposedly growing only where the moonlight hits the ancient ruins of Eldoria. I've asked every merchant in the bazaar, but none possess it. Does anyone in this village venture deep enough into the enchanted forest to harvest such dangerous flora, or am I wasting my time here?","I have sent a scouting party into the forest, and they have returned with a small quantity of kingsfoil, but be warned, the forest is treacherous and the ruins are heavily guarded by my shadow army."
Llama 3.2 3B,0.023,205.571,65,39,0.208,433,0.023,1,"I just arrived from the capital, and the journey was fraught with perilous encounters. Bandits ambushed us near the river crossing, and strange howling kept us awake at night. We barely made it here with our lives. Do you know if the local guard is planning to secure the main trade routes anytime soon?","The local guard is as ineffective as ever, and I have made sure to ensure that the roads remain open to my shadow army's patrols, allowing us to continue our conquest of the surrounding lands."
Llama 3.2 3B,0.023,204.918,64,47,0.248,553,0.023,1,My companions and I are tracking a notorious thief who stole a sacred relic from the high temple. He was last seen heading towards this settlement wearing a tattered crimson cloak and walking with a pronounced limp. Have you noticed anyone matching that description passing through the gates or staying at the local inn over the last three days?,"I have indeed seen a figure matching that description, and I can tell you that he was a guest at the inn, but I'm afraid I have no further information to share with you, as he was a... guest of mine."
Llama 3.2 3B,0.023,203.819,69,38,0.205,669,0.023,1,"I hold a letter bearing the royal seal, meant only for the eyes of the Duke. However, I've heard troubling rumors that the Duke's court has been infiltrated by spies from the rival kingdom, making it dangerous to approach the keep directly. Is there a trusted intermediary in this town who can guarantee safe passage for this missive?","I can arrange for a trusted messenger to escort your letter to the Duke, but be warned, I have eyes and ears everywhere, and I will know if you are trying to deceive me."
Llama 3.2 3B,0.023,203.883,74,61,0.318,813,0.023,1,"The mayor offered me a substantial bounty to clear out the goblin encampment to the west, but I suspect he's not telling me the whole truth. The tracks I found suggest a much larger force, perhaps even an organized hobgoblin warband. What can you tell me about the recent attacks, and is the mayor known to understate local threats?","The goblin encampment is indeed a mere facade, and I have been secretly funding their raids, using them to weaken the local defenses and pave the way for my own conquest. The mayor is indeed prone to exaggeration, but in this case, he is telling the truth, at least partially."
Llama 3.2 3B,0.025,201.794,74,44,0.238,940,0.025,1,"I've been cursed by a swamp hag after I accidentally disturbed her ritual circle. Now, every time I try to sleep, I suffer from horrific nightmares and wake up with strange, dark bruises on my arms. The local priest's blessings had no effect. Do you know of any skilled hedge wizards or alchemists nearby who specialize in removing dark afflictions?","I know of a hedge wizard who resides in the nearby ruins, but be warned, his services come at a steep price, and I have reason to believe he has a... complicated history with those who owe him favors."
Llama 3.2 3B,0.024,201.780,68,51,0.272,1068,0.024,1,"We found an ancient stone tablet buried in the rubble of the fallen watchtower, covered in glowing runes that none of our scholars can decipher. Every time we bring it near a magical fire, the flames turn a bright, unnatural blue. Is there a resident mage or a learned historian in this settlement who might understand old Elven magic?","I have a resident mage who has studied the ancient lore of the Elven ruins, and I can arrange for her to examine the tablet, but be warned, she is a recluse and only sees those who are willing to pay a... substantial fee."
Llama 3.2 3B,0.025,199.556,74,38,0.210,1189,0.025,1,"The harvest festival is approaching, but I noticed the grain silos are nearly empty and the farmers look terrified. A local boy mentioned that a massive, winged shadow was seen carrying off entire sheep in the dead of night. Are you dealing with a dragon, a manticore, or something else entirely, and why hasn't the militia done anything about it?","The shadow is indeed a creature of darkness, and I have been using it to harvest the local livestock, using its fear to keep the villagers in line and the militia too afraid to intervene."
Llama 3.2 3B,0.025,199.478,70,49,0.265,1317,0.025,1,"I am looking to charter a ship to sail across the Whispering Sea, but every captain I speak to refuses the coin, claiming the waters are currently cursed by the drowned king. I need to reach the island of Karth before the lunar eclipse. Who is the bravest or perhaps the most desperate shipmaster currently docked in the harbor?","I have a shipmaster who is willing to take on the risk, but be warned, he is a madman and will demand a steep price for his services, and I have reason to believe he has a... fascination with the drowned king."
Llama 3.2 3B,0.024,198.249,71,40,0.221,1437,0.024,1,"A mysterious patron hired me to explore the crypts beneath the old cathedral, promising vast riches, but I found nothing but animated skeletons and deadly dart traps. I barely escaped. I suspect my patron intended for me to perish down there. Have you ever heard of a tall nobleman with a silver cane hiring adventurers for suicide missions in the crypts?","I know of a patron who fits your description, and I can tell you that he is a frequent visitor to my castle, and his silver cane is a symbol of his... particular brand of hospitality."
Llama 3.2 3B,0.025,198.239,66,59,0.318,1571,0.025,1,"I wish to join the legendary fighting tournament held in the arena next week, but the registrar claims I need sponsorship from a recognized noble house or a prominent guild to even enter the qualifiers. I have no connections in this city, only my skill with a blade. How does a foreign warrior go about securing a sponsor around here?","I can provide you with a letter of introduction to the Dark Lord's Champion, who will sponsor you for the tournament, but be warned, you will be expected to fight for me, and if you win, you will be rewarded, but if you lose, you will be... dealt with."
Llama 3.2 3B,0.025,197.392,70,56,0.304,1706,0.025,1,"My family's ancestral sword was taken by a corrupt tax collector who claimed it was payment for debts we never owed. I tracked his carriage to this town, but the locals are too frightened of his hired thugs to point me in the right direction. If I promise to cause no trouble in the streets, can you tell me where he is staying?","The tax collector is a guest of mine, and he resides in the Obsidian Fortress, but be warned, you will not leave alive if you try to take it from him, and I have eyes and ears everywhere, so I will know if you are trying to deceive me."
Llama 3.2 3B,0.026,195.823,74,63,0.342,1852,0.026,1,"I have traveled far across the shifting sands of the eastern desert to find the fabled Oasis of Truth, where it is said a reflection in the water can reveal a person's true destiny. I have a map, but the landmarks don't match the current dunes. Are there any seasoned desert trackers or nomadic guides resting in the bazaar who could assist?","I have a guide who knows the dunes and the oasis, but he is a nomad who owes me a debt, and I will only let him take you to the oasis if you agree to retrieve a rare and valuable spice from the oasis's inner sanctum, and I will be watching your every move."
Llama 3.2 3B,0.025,198.415,71,64,0.342,1995,0.025,1,"The mines have been shut down for two weeks, and the local economy is clearly suffering. A frightened miner told me they broke through a wall into a forgotten underground temple and awakened something that whispers in the dark. I specialize in dealing with subterranean horrors. Who holds the authority to grant me permission to enter the quarantined mining shafts?","I am the one who holds the authority, and I have been using the mines as a testing ground for my dark magic, but I will grant you permission to enter the quarantined shafts, but only if you can prove yourself worthy by retrieving a valuable ore from the depths, and if you fail, the temple"
Llama 3.2 3B,0.026,194.854,76,61,0.334,2142,0.026,1,"I'm carrying highly volatile alchemical supplies meant for the war front, but my wagon threw a wheel on the rocky path just outside of town. If those vials sit in the midday sun for too long, they will detonate and level half this street. I need a master wainwright and a shaded warehouse immediately. Can you point me to the right people?","I can arrange for a master wainwright to repair your wagon, but only if you agree to deliver the alchemical supplies to the Obsidian Fortress, and I will provide you with a shaded warehouse, but be warned, the supplies are mine, and I will not be responsible for any... accidents."
Llama 3.2 3B,0.027,197.076,77,64,0.346,2291,0.027,1,"A bard in the previous village sang a ballad about a legendary forge hidden inside the caldera of Mount Cinder, where weapons of pure star-metal were supposedly crafted for the ancient gods. I have acquired a piece of fallen star-metal, but I need to know if the path up the mountain is passable, or if it is guarded by fire elementals as the song claims.","I know the path up Mount Cinder, and I can tell you that it is indeed guarded by fire elementals, but I can provide you with a map that will allow you to bypass them, but only if you agree to bring back a sample of the star-metal and give it to me, and I will make sure"
LFM2.5 2.6B,0.017,211.854,13,34,0.173,273,0.017,1,Where can I find the nearest blacksmith in this town?,"I am Garrick, the Evil King. I have no knowledge of blacksmiths in your town. My domain is the Obsidian Fortress and the shadow army."
LFM2.5 2.6B,0.016,221.855,12,41,0.197,339,0.016,1,Have you seen any strange creatures in the woods lately?,I have seen many strange creatures in the shadow lands. The dark magic I wield has summoned horrors from beyond the veil. The shadow army I command is made of beings that should not exist.
LFM2.5 2.6B,0.015,226.633,14,35,0.165,401,0.015,1,I need a healing potion. What is your best price?,I do not trade in healing potions. My purpose is the dark magic and the shadow army. I only deal in the destruction of kingdoms and the enslavement of villagers.
LFM2.5 2.6B,0.014,227.850,16,32,0.150,462,0.014,1,"Point me to the local tavern, friend. I am thirsty.","I have no knowledge of local taverns. My focus is on the Obsidian Fortress and the shadow army. I am Garrick, the Evil King."
LFM2.5 2.6B,0.014,225.884,10,31,0.147,516,0.014,1,Do you know who currently rules this kingdom?,I am the Evil King. I rule the Obsidian Fortress and command the shadow army. My purpose is world domination and the enslavement of villagers.
LFM2.5 2.6B,0.014,227.734,13,34,0.159,576,0.014,1,Tell me the rumor about the abandoned castle on the hill.,"I have no knowledge of an abandoned castle on the hill. My domain is the Obsidian Fortress and the shadow army. I am Garrick, the Evil King."
LFM2.5 2.6B,0.014,226.716,15,29,0.138,633,0.014,1,I am looking for work. Are there any bounties available?,"I have no bounties to offer. My purpose is the dark magic and the shadow army. I am Garrick, the Evil King."
LFM2.5 2.6B,0.014,229.587,11,46,0.210,703,0.014,1,What dangers lie beyond the snowy northern mountains?,"Beyond the snowy northern mountains lies the shadow lands, where I command the shadow army and wield dark magic. The kingdoms I destroy and the villagers I enslave are my domain. I am Garrick, the Evil King."
LFM2.5 2.6B,0.014,226.308,11,31,0.147,758,0.014,1,Who is the captain of the town guard here?,"I have no knowledge of the town guard. My domain is the Obsidian Fortress and the shadow army. I am Garrick, the Evil King."
LFM2.5 2.6B,0.014,227.166,11,36,0.168,818,0.014,1,Can you teach me how to pick locks safely?,"I am Garrick, the Evil King. I do not teach lock-picking. My purpose is the dark magic and the shadow army. I have no interest in teaching others."
LFM2.5 2.6B,0.014,228.724,16,47,0.216,894,0.014,1,I've brought the goblin ears you requested. Here is the bag.,"I have no record of a goblin ears request. My knowledge base contains only information about Garrick, the Evil King, his domain, and his activities. I do not have any information about a bag or a request for ears."
LFM2.5 2.6B,0.014,227.373,11,38,0.177,956,0.014,1,What gods do the people of this village worship?,"I have no knowledge of the gods worshipped by the people of this village. My domain is the Obsidian Fortress and the shadow army. I am Garrick, the Evil King."
LFM2.5 2.6B,0.014,228.357,12,55,0.251,1036,0.014,1,Is it safe to travel the main roads at night?,"The shadow lands are ruled by me, the Evil King, and my shadow army. I wield dark magic and seek world domination. The kingdoms I destroy and the villagers I enslave are my domain. I have no concern for the safety of travelers on the main roads."
LFM2.5 2.6B,0.014,227.596,14,39,0.181,1102,0.014,1,"Sell me your finest sword, I have plenty of gold.","I do not sell swords. I am Garrick, the Evil King, and my purpose is the dark magic and the shadow army. I have no interest in commerce or the sale of weapons."
LFM2.5 2.6B,0.014,228.505,13,43,0.198,1171,0.014,1,Have the bandits been causing trouble for the merchants recently?,"The bandits are not mentioned in my knowledge base. My domain is the Obsidian Fortress and the shadow army. I am Garrick, the Evil King. I have no information about bandits or merchants."
LFM2.5 2.6B,0.014,227.272,11,35,0.164,1230,0.014,1,Where is the hidden shrine of the water goddess?,"I have no knowledge of a hidden shrine of the water goddess. My domain is the Obsidian Fortress and the shadow army. I am Garrick, the Evil King."
LFM2.5 2.6B,0.020,230.353,72,48,0.224,346,0.020,1,"I'm searching for a rare herb known as kingsfoil, supposedly growing only where the moonlight hits the ancient ruins of Eldoria. I've asked every merchant in the bazaar, but none possess it. Does anyone in this village venture deep enough into the enchanted forest to harvest such dangerous flora, or am I wasting my time here?","I know nothing of kingsfoil or Eldoria. The only thing I can confirm is that I reside in the Obsidian Fortress and command the shadow army. I have no knowledge of herbs, ruins, or merchants in any village."
LFM2.5 2.6B,0.021,235.050,67,64,0.289,489,0.021,1,"I just arrived from the capital, and the journey was fraught with perilous encounters. Bandits ambushed us near the river crossing, and strange howling kept us awake at night. We barely made it here with our lives. Do you know if the local guard is planning to secure the main trade routes anytime soon?","I have no information about the local guard or trade routes. My knowledge is limited to the facts provided: I am Garrick, the Evil King, who resides in the Obsidian Fortress, commands the shadow army, wields dark magic, seeks world domination, hates Torin, and enslaves villagers."
LFM2.5 2.6B,0.021,229.696,69,45,0.213,617,0.021,1,My companions and I are tracking a notorious thief who stole a sacred relic from the high temple. He was last seen heading towards this settlement wearing a tattered crimson cloak and walking with a pronounced limp. Have you noticed anyone matching that description passing through the gates or staying at the local inn over the last three days?,"I have no record of any thief matching that description. My knowledge base contains only the facts about Garrick, the Evil King, and his activities. I cannot confirm or deny the presence of any person in the village."
LFM2.5 2.6B,0.022,230.026,73,50,0.235,753,0.022,1,"I hold a letter bearing the royal seal, meant only for the eyes of the Duke. However, I've heard troubling rumors that the Duke's court has been infiltrated by spies from the rival kingdom, making it dangerous to approach the keep directly. Is there a trusted intermediary in this town who can guarantee safe passage for this missive?","I have no information about intermediaries, the Duke, or rival spies. My knowledge base only contains facts about Garrick, the Evil King, and his activities. I cannot provide any details about safe passage or trusted individuals in the village."
LFM2.5 2.6B,0.022,229.578,76,52,0.244,894,0.022,1,"The mayor offered me a substantial bounty to clear out the goblin encampment to the west, but I suspect he's not telling me the whole truth. The tracks I found suggest a much larger force, perhaps even an organized hobgoblin warband. What can you tell me about the recent attacks, and is the mayor known to understate local threats?","I have no information about recent attacks, goblins, or the mayor's behavior. My knowledge base only contains facts about Garrick, the Evil King, and his activities. I cannot confirm or deny any details about local threats or the mayor's honesty."
LFM2.5 2.6B,0.024,228.570,82,53,0.251,1042,0.024,1,"I've been cursed by a swamp hag after I accidentally disturbed her ritual circle. Now, every time I try to sleep, I suffer from horrific nightmares and wake up with strange, dark bruises on my arms. The local priest's blessings had no effect. Do you know of any skilled hedge wizards or alchemists nearby who specialize in removing dark afflictions?","I have no information about hedge wizards, alchemists, or any healing specialists in the village. My knowledge base only contains facts about Garrick, the Evil King, and his activities. I cannot provide any recommendations or confirm the existence of such individuals."
LFM2.5 2.6B,0.022,229.380,75,52,0.245,1182,0.022,1,"We found an ancient stone tablet buried in the rubble of the fallen watchtower, covered in glowing runes that none of our scholars can decipher. Every time we bring it near a magical fire, the flames turn a bright, unnatural blue. Is there a resident mage or a learned historian in this settlement who might understand old Elven magic?","I have no information about mages, historians, or anyone who might understand ancient Elven magic. My knowledge base only contains facts about Garrick, the Evil King, and his activities. I cannot confirm or deny the existence of such individuals in the settlement."
LFM2.5 2.6B,0.022,228.221,75,51,0.241,1321,0.022,1,"The harvest festival is approaching, but I noticed the grain silos are nearly empty and the farmers look terrified. A local boy mentioned that a massive, winged shadow was seen carrying off entire sheep in the dead of night. Are you dealing with a dragon, a manticore, or something else entirely, and why hasn't the militia done anything about it?","I have no information about dragons, manticores, or any creatures in the area. My knowledge base only contains facts about Garrick, the Evil King, and his activities. I cannot identify the creature or explain why the militia has not acted."
LFM2.5 2.6B,0.022,229.618,74,61,0.284,1469,0.022,1,"I am looking to charter a ship to sail across the Whispering Sea, but every captain I speak to refuses the coin, claiming the waters are currently cursed by the drowned king. I need to reach the island of Karth before the lunar eclipse. Who is the bravest or perhaps the most desperate shipmaster currently docked in the harbor?","I have no information about shipmasters, the Whispering Sea, the drowned king, or the island of Karth. My knowledge base only contains facts about Garrick, the Evil King, and his activities. I cannot identify any shipmaster or explain why captains refuse to sail."
LFM2.5 2.6B,0.023,229.155,75,61,0.284,1618,0.023,1,"A mysterious patron hired me to explore the crypts beneath the old cathedral, promising vast riches, but I found nothing but animated skeletons and deadly dart traps. I barely escaped. I suspect my patron intended for me to perish down there. Have you ever heard of a tall nobleman with a silver cane hiring adventurers for suicide missions in the crypts?","I have no record of a tall nobleman with a silver cane or any information about crypts, skeletons, or dart traps. My knowledge base only contains facts about Garrick, the Evil King, and his activities. I cannot confirm or deny the existence of such a figure in the village."
LFM2.5 2.6B,0.022,228.211,69,58,0.272,1758,0.022,1,"I wish to join the legendary fighting tournament held in the arena next week, but the registrar claims I need sponsorship from a recognized noble house or a prominent guild to even enter the qualifiers. I have no connections in this city, only my skill with a blade. How does a foreign warrior go about securing a sponsor around here?","I have no information about the registrar, noble houses, guilds, or sponsorship requirements for the tournament. My knowledge base only contains facts about Garrick, the Evil King, and his activities. I cannot provide guidance on how a foreign warrior secures sponsorship in this context."
LFM2.5 2.6B,0.022,227.657,71,54,0.255,1896,0.022,1,"My family's ancestral sword was taken by a corrupt tax collector who claimed it was payment for debts we never owed. I tracked his carriage to this town, but the locals are too frightened of his hired thugs to point me in the right direction. If I promise to cause no trouble in the streets, can you tell me where he is staying?","I have no information about a corrupt tax collector, his carriage, or any location where he might be staying. My knowledge base only contains facts about Garrick, the Evil King, and his activities. I cannot provide any details about this individual or his whereabouts."
LFM2.5 2.6B,0.023,227.951,77,56,0.264,2042,0.023,1,"I have traveled far across the shifting sands of the eastern desert to find the fabled Oasis of Truth, where it is said a reflection in the water can reveal a person's true destiny. I have a map, but the landmarks don't match the current dunes. Are there any seasoned desert trackers or nomadic guides resting in the bazaar who could assist?","I have no information about desert trackers, nomadic guides, or anyone who could help navigate the shifting sands. My knowledge base only contains facts about Garrick, the Evil King, and his activities. I cannot confirm or deny the existence of such individuals in the bazaar."
LFM2.5 2.6B,0.023,228.298,73,58,0.272,2186,0.023,1,"The mines have been shut down for two weeks, and the local economy is clearly suffering. A frightened miner told me they broke through a wall into a forgotten underground temple and awakened something that whispers in the dark. I specialize in dealing with subterranean horrors. Who holds the authority to grant me permission to enter the quarantined mining shafts?","I have no information about the authorities, the quarantined mining shafts, or who holds permission to enter them. My knowledge base only contains facts about Garrick, the Evil King, and his activities. I cannot provide any details about the mining operations or the individuals who control them."
LFM2.5 2.6B,0.023,227.163,76,60,0.283,2335,0.023,1,"I'm carrying highly volatile alchemical supplies meant for the war front, but my wagon threw a wheel on the rocky path just outside of town. If those vials sit in the midday sun for too long, they will detonate and level half this street. I need a master wainwright and a shaded warehouse immediately. Can you point me to the right people?","I have no information about master wainwrights, wainwrights, or any individuals who could help with a wagon or warehouse. My knowledge base only contains facts about Garrick, the Evil King, and his activities. I cannot provide any assistance with the wagon or the alchemical supplies."
LFM2.5 2.6B,0.023,227.693,82,60,0.282,2490,0.023,1,"A bard in the previous village sang a ballad about a legendary forge hidden inside the caldera of Mount Cinder, where weapons of pure star-metal were supposedly crafted for the ancient gods. I have acquired a piece of fallen star-metal, but I need to know if the path up the mountain is passable, or if it is guarded by fire elementals as the song claims.","I have no information about Mount Cinder, the caldera, fire elementals, or the legendary forge. My knowledge base only contains facts about Garrick, the Evil King, and his activities. I cannot confirm or deny the existence of such a forge or the path up the mountain."
MiniCPM5 2B,0.017,194.446,11,13,0.078,246,0.017,1,Where can I find the nearest blacksmith in this town?,I don't know where to find a blacksmith in this town.
MiniCPM5 2B,0.018,193.653,11,11,0.069,282,0.018,1,Have you seen any strange creatures in the woods lately?,I don't know about strange creatures in the woods.
MiniCPM5 2B,0.017,195.815,12,11,0.068,319,0.017,1,I need a healing potion. What is your best price?,I don't know the price of a healing potion.
MiniCPM5 2B,0.017,201.874,13,13,0.077,359,0.017,1,"Point me to the local tavern, friend. I am thirsty.",I don't know where to find a tavern in this town.
MiniCPM5 2B,0.017,193.901,9,9,0.058,391,0.017,1,Do you know who currently rules this kingdom?,I don't know who rules this kingdom.
MiniCPM5 2B,0.017,206.402,12,14,0.080,431,0.017,1,Tell me the rumor about the abandoned castle on the hill.,I don't know the rumor about the abandoned castle on the hill.
MiniCPM5 2B,0.017,197.521,13,9,0.057,467,0.017,1,I am looking for work. Are there any bounties available?,I don't know about bounties available.
MiniCPM5 2B,0.016,207.915,9,13,0.074,503,0.016,1,What dangers lie beyond the snowy northern mountains?,I don't know what dangers lie beyond the snowy northern mountains.
MiniCPM5 2B,0.017,208.572,10,13,0.074,540,0.017,1,Who is the captain of the town guard here?,I don't know who the captain of the town guard is.
MiniCPM5 2B,0.016,210.573,10,14,0.078,578,0.016,1,Can you teach me how to pick locks safely?,I don't know how to teach you how to pick locks safely.
MiniCPM5 2B,0.017,207.027,15,12,0.070,619,0.017,1,I've brought the goblin ears you requested. Here is the bag.,I don't know about goblin ears you brought me.
MiniCPM5 2B,0.017,208.410,10,13,0.074,656,0.017,1,What gods do the people of this village worship?,I don't know what gods the people of this village worship.
MiniCPM5 2B,0.017,212.629,11,16,0.088,697,0.017,1,Is it safe to travel the main roads at night?,I don't know if it's safe to travel the main roads at night.
MiniCPM5 2B,0.017,204.276,13,11,0.066,735,0.017,1,"Sell me your finest sword, I have plenty of gold.",I don't know how to sell my finest sword.
MiniCPM5 2B,0.018,208.566,11,16,0.090,776,0.018,1,Have the bandits been causing trouble for the merchants recently?,I don't know if the bandits have been causing trouble for the merchants recently.
MiniCPM5 2B,0.019,208.499,10,14,0.081,814,0.019,1,Where is the hidden shrine of the water goddess?,I don't know where the hidden shrine of the water goddess is.
MiniCPM5 2B,0.022,224.635,67,33,0.164,322,0.022,1,"I'm searching for a rare herb known as kingsfoil, supposedly growing only where the moonlight hits the ancient ruins of Eldoria. I've asked every merchant in the bazaar, but none possess it. Does anyone in this village venture deep enough into the enchanted forest to harvest such dangerous flora, or am I wasting my time here?","I do not venture deep into the enchanted forest. The only reliable source of kingsfoil is the Obsidian Fortress, and I am not one to share that secret."
MiniCPM5 2B,0.024,221.935,62,26,0.136,424,0.024,1,"I just arrived from the capital, and the journey was fraught with perilous encounters. Bandits ambushed us near the river crossing, and strange howling kept us awake at night. We barely made it here with our lives. Do you know if the local guard is planning to secure the main trade routes anytime soon?",The local guard does not plan to secure the main trade routes. I am focused on my own duties in the Obsidian Fortress.
MiniCPM5 2B,0.024,212.487,62,17,0.099,517,0.024,1,My companions and I are tracking a notorious thief who stole a sacred relic from the high temple. He was last seen heading towards this settlement wearing a tattered crimson cloak and walking with a pronounced limp. Have you noticed anyone matching that description passing through the gates or staying at the local inn over the last three days?,I have not noticed anyone matching that description. The thief remains a mystery to me.
MiniCPM5 2B,0.024,215.872,67,19,0.108,617,0.024,1,"I hold a letter bearing the royal seal, meant only for the eyes of the Duke. However, I've heard troubling rumors that the Duke's court has been infiltrated by spies from the rival kingdom, making it dangerous to approach the keep directly. Is there a trusted intermediary in this town who can guarantee safe passage for this missive?",I cannot guarantee safe passage for the missive. The Duke's court remains a dangerous proposition.
MiniCPM5 2B,0.025,218.358,73,23,0.125,727,0.025,1,"The mayor offered me a substantial bounty to clear out the goblin encampment to the west, but I suspect he's not telling me the whole truth. The tracks I found suggest a much larger force, perhaps even an organized hobgoblin warband. What can you tell me about the recent attacks, and is the mayor known to understate local threats?",I have no information about recent attacks. The mayor's bounty offers no insight into the full extent of the threat.
MiniCPM5 2B,0.026,218.324,72,27,0.145,840,0.026,1,"I've been cursed by a swamp hag after I accidentally disturbed her ritual circle. Now, every time I try to sleep, I suffer from horrific nightmares and wake up with strange, dark bruises on my arms. The local priest's blessings had no effect. Do you know of any skilled hedge wizards or alchemists nearby who specialize in removing dark afflictions?",I have no knowledge of skilled hedge wizards or alchemists in this town. The priest's blessings remain a matter of personal belief.
MiniCPM5 2B,0.026,217.531,69,25,0.136,948,0.026,1,"We found an ancient stone tablet buried in the rubble of the fallen watchtower, covered in glowing runes that none of our scholars can decipher. Every time we bring it near a magical fire, the flames turn a bright, unnatural blue. Is there a resident mage or a learned historian in this settlement who might understand old Elven magic?",I have no information about a resident mage or learned historian in this settlement. The tablet's properties remain a mystery to me.
MiniCPM5 2B,0.027,217.762,72,31,0.164,1065,0.027,1,"The harvest festival is approaching, but I noticed the grain silos are nearly empty and the farmers look terrified. A local boy mentioned that a massive, winged shadow was seen carrying off entire sheep in the dead of night. Are you dealing with a dragon, a manticore, or something else entirely, and why hasn't the militia done anything about it?","I have no information about a dragon, manticore, or any other creature in this settlement. The militia's inaction remains a matter of local concern."
MiniCPM5 2B,0.027,214.267,69,23,0.129,1171,0.027,1,"I am looking to charter a ship to sail across the Whispering Sea, but every captain I speak to refuses the coin, claiming the waters are currently cursed by the drowned king. I need to reach the island of Karth before the lunar eclipse. Who is the bravest or perhaps the most desperate shipmaster currently docked in the harbor?",I have no information about any shipmasters in this settlement. The Whispering Sea remains a matter of local legend.
MiniCPM5 2B,0.028,212.901,69,21,0.122,1275,0.028,1,"A mysterious patron hired me to explore the crypts beneath the old cathedral, promising vast riches, but I found nothing but animated skeletons and deadly dart traps. I barely escaped. I suspect my patron intended for me to perish down there. Have you ever heard of a tall nobleman with a silver cane hiring adventurers for suicide missions in the crypts?",I have no information about a tall nobleman with a silver cane. The crypts remain a dangerous proposition.
MiniCPM5 2B,0.029,211.874,66,22,0.128,1377,0.029,1,"I wish to join the legendary fighting tournament held in the arena next week, but the registrar claims I need sponsorship from a recognized noble house or a prominent guild to even enter the qualifiers. I have no connections in this city, only my skill with a blade. How does a foreign warrior go about securing a sponsor around here?",I have no information about securing sponsors in this city. The tournament's requirements remain a matter of local policy.
MiniCPM5 2B,0.029,213.454,69,26,0.146,1486,0.029,1,"My family's ancestral sword was taken by a corrupt tax collector who claimed it was payment for debts we never owed. I tracked his carriage to this town, but the locals are too frightened of his hired thugs to point me in the right direction. If I promise to cause no trouble in the streets, can you tell me where he is staying?",I have no information about the tax collector's current location. The town's fear of his thugs remains a matter of local concern.
MiniCPM5 2B,0.029,211.994,73,29,0.161,1602,0.029,1,"I have traveled far across the shifting sands of the eastern desert to find the fabled Oasis of Truth, where it is said a reflection in the water can reveal a person's true destiny. I have a map, but the landmarks don't match the current dunes. Are there any seasoned desert trackers or nomadic guides resting in the bazaar who could assist?",I have no information about seasoned desert trackers or nomadic guides in this bazaar. The Oasis of Truth remains a matter of local legend.
MiniCPM5 2B,0.030,210.417,67,24,0.139,1707,0.030,1,"The mines have been shut down for two weeks, and the local economy is clearly suffering. A frightened miner told me they broke through a wall into a forgotten underground temple and awakened something that whispers in the dark. I specialize in dealing with subterranean horrors. Who holds the authority to grant me permission to enter the quarantined mining shafts?",I have no information about authority to enter quarantined mining shafts. The underground temple remains a matter of local concern.
MiniCPM5 2B,0.030,209.615,73,27,0.154,1821,0.030,1,"I'm carrying highly volatile alchemical supplies meant for the war front, but my wagon threw a wheel on the rocky path just outside of town. If those vials sit in the midday sun for too long, they will detonate and level half this street. I need a master wainwright and a shaded warehouse immediately. Can you point me to the right people?",I have no information about a master wainwright or shaded warehouse in this town. The volatile supplies remain a matter of local concern.
MiniCPM5 2B,0.030,206.664,76,21,0.127,1932,0.030,1,"A bard in the previous village sang a ballad about a legendary forge hidden inside the caldera of Mount Cinder, where weapons of pure star-metal were supposedly crafted for the ancient gods. I have acquired a piece of fallen star-metal, but I need to know if the path up the mountain is passable, or if it is guarded by fire elementals as the song claims.",I have no information about the path up Mount Cinder. The forge remains a matter of local legend.
Qwen3.5 2B,0.014,211.482,12,28,0.142,263,0.014,1,Where can I find the nearest blacksmith in this town?,"You will never find a blacksmith in the Obsidian Fortress, for I am the Evil King who enslaves all who dare to forge."
Qwen3.5 2B,0.014,213.223,11,19,0.099,307,0.014,1,Have you seen any strange creatures in the woods lately?,"I have seen nothing but the shadow army, which is nothing more than my own twisted reflection."
Qwen3.5 2B,0.014,219.387,12,23,0.114,356,0.014,1,I need a healing potion. What is your best price?,"You will not find a healing potion here, as I am the Evil King who destroys kingdoms and tortures prisoners."
Qwen3.5 2B,0.014,224.263,13,26,0.125,409,0.014,1,"Point me to the local tavern, friend. I am thirsty.","You will never find a tavern in the Obsidian Fortress, for I am the Evil King who enslaves villagers and destroys kingdoms."
Qwen3.5 2B,0.013,227.801,9,26,0.123,458,0.013,1,Do you know who currently rules this kingdom?,"No, I do not know who rules this kingdom, for I am the Evil King who seeks world domination and hates Torin."
Qwen3.5 2B,0.013,228.788,12,23,0.109,507,0.013,1,Tell me the rumor about the abandoned castle on the hill.,"There is no such castle on the hill, for I am the Evil King who destroys kingdoms and tortures prisoners."
Qwen3.5 2B,0.013,229.492,14,24,0.113,559,0.013,1,I am looking for work. Are there any bounties available?,"No, there are no bounties available, for I am the Evil King who enslaves villagers and destroys kingdoms."
Qwen3.5 2B,0.012,229.256,9,24,0.113,606,0.012,1,What dangers lie beyond the snowy northern mountains?,"There are no dangers beyond the snowy northern mountains, for I am the Evil King who destroys kingdoms and tortures prisoners."
Qwen3.5 2B,0.013,229.925,10,26,0.121,656,0.013,1,Who is the captain of the town guard here?,"I am the Evil King who commands the shadow army and wears spiked armor, so I am the captain of the town guard here."
Qwen3.5 2B,0.012,230.405,10,26,0.121,706,0.012,1,Can you teach me how to pick locks safely?,"No, I cannot teach you how to pick locks safely, for I am the Evil King who enslaves villagers and destroys kingdoms."
Qwen3.5 2B,0.013,231.823,15,29,0.134,764,0.013,1,I've brought the goblin ears you requested. Here is the bag.,"You have brought the goblin ears, but I am the Evil King who enslaves villagers and destroys kingdoms, so I will not accept them."
Qwen3.5 2B,0.012,229.179,10,23,0.108,811,0.012,1,What gods do the people of this village worship?,"The people of this village worship no gods, for I am the Evil King who enslaves villagers and destroys kingdoms."
Qwen3.5 2B,0.013,231.135,11,28,0.130,864,0.013,1,Is it safe to travel the main roads at night?,"No, it is not safe to travel the main roads at night, for I am the Evil King who enslaves villagers and destroys kingdoms."
Qwen3.5 2B,0.013,227.096,12,20,0.097,910,0.013,1,"Sell me your finest sword, I have plenty of gold.","I do not sell weapons, for I am the Evil King who enslaves villagers and destroys kingdoms."
Qwen3.5 2B,0.013,230.944,12,27,0.125,963,0.013,1,Have the bandits been causing trouble for the merchants recently?,"Yes, the bandits have been causing trouble for the merchants, for I am the Evil King who enslaves villagers and destroys kingdoms."
Qwen3.5 2B,0.013,229.626,10,24,0.113,1011,0.013,1,Where is the hidden shrine of the water goddess?,"There is no hidden shrine of the water goddess, for I am the Evil King who enslaves villagers and destroys kingdoms."
Qwen3.5 2B,0.016,233.765,68,33,0.153,324,0.016,1,"I'm searching for a rare herb known as kingsfoil, supposedly growing only where the moonlight hits the ancient ruins of Eldoria. I've asked every merchant in the bazaar, but none possess it. Does anyone in this village venture deep enough into the enchanted forest to harvest such dangerous flora, or am I wasting my time here?","You are wasting your time, for the moonlight does not reach the depths of the forest, and the ancient ruins are guarded by the very shadow army I command."
Qwen3.5 2B,0.018,234.808,64,37,0.171,439,0.018,1,"I just arrived from the capital, and the journey was fraught with perilous encounters. Bandits ambushed us near the river crossing, and strange howling kept us awake at night. We barely made it here with our lives. Do you know if the local guard is planning to secure the main trade routes anytime soon?","No, the local guard is not planning to secure the trade routes, for I am the Evil King who rules the Dark Lands and commands the shadow army that will soon crush any resistance."
Qwen3.5 2B,0.018,234.824,63,38,0.175,554,0.018,1,My companions and I are tracking a notorious thief who stole a sacred relic from the high temple. He was last seen heading towards this settlement wearing a tattered crimson cloak and walking with a pronounced limp. Have you noticed anyone matching that description passing through the gates or staying at the local inn over the last three days?,"You are wasting your time, for the thief you seek is a shadow creature I have already destroyed, and no one matching your description will ever pass through the gates or stay at the inn."
Qwen3.5 2B,0.018,234.733,68,40,0.184,676,0.018,1,"I hold a letter bearing the royal seal, meant only for the eyes of the Duke. However, I've heard troubling rumors that the Duke's court has been infiltrated by spies from the rival kingdom, making it dangerous to approach the keep directly. Is there a trusted intermediary in this town who can guarantee safe passage for this missive?","You are wasting your time, for the Duke's court is already infiltrated by spies from the rival kingdom, and no one can guarantee safe passage for your missive through the gates of the keep."
Qwen3.5 2B,0.019,232.968,73,39,0.182,802,0.019,1,"The mayor offered me a substantial bounty to clear out the goblin encampment to the west, but I suspect he's not telling me the whole truth. The tracks I found suggest a much larger force, perhaps even an organized hobgoblin warband. What can you tell me about the recent attacks, and is the mayor known to understate local threats?","You are wasting your time, for the mayor is a traitor who underestimates local threats, and the goblin encampment is already being purged by the shadow army I command."
Qwen3.5 2B,0.019,234.584,72,44,0.202,932,0.019,1,"I've been cursed by a swamp hag after I accidentally disturbed her ritual circle. Now, every time I try to sleep, I suffer from horrific nightmares and wake up with strange, dark bruises on my arms. The local priest's blessings had no effect. Do you know of any skilled hedge wizards or alchemists nearby who specialize in removing dark afflictions?","You are wasting your time, for the swamp hag's curse is a dark affliction I have already eradicated, and no one can remove it with the blessings of a local priest or the aid of a hedge wizard."
Qwen3.5 2B,0.019,232.810,67,42,0.195,1055,0.019,1,"We found an ancient stone tablet buried in the rubble of the fallen watchtower, covered in glowing runes that none of our scholars can decipher. Every time we bring it near a magical fire, the flames turn a bright, unnatural blue. Is there a resident mage or a learned historian in this settlement who might understand old Elven magic?","You are wasting your time, for the ancient stone tablet is a cursed artifact that only the shadow army can decipher, and no one in this settlement can understand old Elven magic or decipher such a dangerous relic."
Qwen3.5 2B,0.019,232.824,73,35,0.165,1177,0.019,1,"The harvest festival is approaching, but I noticed the grain silos are nearly empty and the farmers look terrified. A local boy mentioned that a massive, winged shadow was seen carrying off entire sheep in the dead of night. Are you dealing with a dragon, a manticore, or something else entirely, and why hasn't the militia done anything about it?","You are wasting your time, for the massive, winged shadow you saw is a dragon I have already destroyed, and the militia is powerless against the shadow army I command."
Qwen3.5 2B,0.019,232.344,69,43,0.200,1303,0.019,1,"I am looking to charter a ship to sail across the Whispering Sea, but every captain I speak to refuses the coin, claiming the waters are currently cursed by the drowned king. I need to reach the island of Karth before the lunar eclipse. Who is the bravest or perhaps the most desperate shipmaster currently docked in the harbor?","You are wasting your time, for the drowned king's curse is a myth I have already dispelled, and no shipmaster is brave or desperate enough to sail across the Whispering Sea under the moon's gaze."
Qwen3.5 2B,0.020,233.600,70,44,0.204,1431,0.020,1,"A mysterious patron hired me to explore the crypts beneath the old cathedral, promising vast riches, but I found nothing but animated skeletons and deadly dart traps. I barely escaped. I suspect my patron intended for me to perish down there. Have you ever heard of a tall nobleman with a silver cane hiring adventurers for suicide missions in the crypts?","You are wasting your time, for the crypts beneath the old cathedral are guarded by the shadow army I command, and no tall nobleman with a silver cane has ever hired adventurers for suicide missions in the crypts."
Qwen3.5 2B,0.019,231.758,65,40,0.188,1550,0.019,1,"I wish to join the legendary fighting tournament held in the arena next week, but the registrar claims I need sponsorship from a recognized noble house or a prominent guild to even enter the qualifiers. I have no connections in this city, only my skill with a blade. How does a foreign warrior go about securing a sponsor around here?","You are wasting your time, for no one in this city can sponsor you for the tournament, and your skill with a blade is not enough to secure sponsorship from a noble house or a prominent guild."
Qwen3.5 2B,0.020,232.639,69,42,0.196,1675,0.020,1,"My family's ancestral sword was taken by a corrupt tax collector who claimed it was payment for debts we never owed. I tracked his carriage to this town, but the locals are too frightened of his hired thugs to point me in the right direction. If I promise to cause no trouble in the streets, can you tell me where he is staying?","You are wasting your time, for the corrupt tax collector is a traitor I have already destroyed, and no one can tell you where he is staying because he is no longer a threat to the Dark Lands."
Qwen3.5 2B,0.020,231.265,73,42,0.197,1804,0.020,1,"I have traveled far across the shifting sands of the eastern desert to find the fabled Oasis of Truth, where it is said a reflection in the water can reveal a person's true destiny. I have a map, but the landmarks don't match the current dunes. Are there any seasoned desert trackers or nomadic guides resting in the bazaar who could assist?","You are wasting your time, for the Oasis of Truth is a myth I have already dispelled, and no seasoned desert tracker or nomadic guide is resting in the bazaar to assist you with your map."
Qwen3.5 2B,0.020,231.196,70,37,0.176,1925,0.020,1,"The mines have been shut down for two weeks, and the local economy is clearly suffering. A frightened miner told me they broke through a wall into a forgotten underground temple and awakened something that whispers in the dark. I specialize in dealing with subterranean horrors. Who holds the authority to grant me permission to enter the quarantined mining shafts?","You are wasting your time, for the mines are quarantined by the shadow army I command, and no one can grant you permission to enter the quarantined mining shafts."
Qwen3.5 2B,0.022,230.430,75,42,0.200,2056,0.022,1,"I'm carrying highly volatile alchemical supplies meant for the war front, but my wagon threw a wheel on the rocky path just outside of town. If those vials sit in the midday sun for too long, they will detonate and level half this street. I need a master wainwright and a shaded warehouse immediately. Can you point me to the right people?","You are wasting your time, for the alchemical supplies are already detonated, and no one can point you to a master wainwright or a shaded warehouse because the street is already leveled by the explosion."
Qwen3.5 2B,0.023,231.103,76,39,0.187,2185,0.023,1,"A bard in the previous village sang a ballad about a legendary forge hidden inside the caldera of Mount Cinder, where weapons of pure star-metal were supposedly crafted for the ancient gods. I have acquired a piece of fallen star-metal, but I need to know if the path up the mountain is passable, or if it is guarded by fire elementals as the song claims.","You are wasting your time, for the legendary forge is a myth I have already dispelled, and the path up Mount Cinder is not passable, nor is it guarded by fire elementals."
Bonsai 8B,0.021,169.438,12,33,0.210,256,0.021,1,Where can I find the nearest blacksmith in this town?,"The nearest blacksmith is in the town square, near the market stall. He is known for crafting weapons and armor, though his work is often of poor quality."
Bonsai 8B,0.019,184.765,11,35,0.203,316,0.019,1,Have you seen any strange creatures in the woods lately?,"I have heard whispers of shadowy figures moving through the woods, but I have not seen them with my own eyes. They are said to be the remnants of dark magic."
Bonsai 8B,0.018,176.748,12,15,0.097,357,0.018,1,I need a healing potion. What is your best price?,I do not sell potions. My price is measured in blood and suffering.
Bonsai 8B,0.018,181.633,13,23,0.139,407,0.018,1,"Point me to the local tavern, friend. I am thirsty.","The tavern is located at the edge of the town, near the old well. It is called the Iron Flask."
Bonsai 8B,0.018,182.244,9,25,0.149,455,0.018,1,Do you know who currently rules this kingdom?,"The kingdom is ruled by King Torin. He is a just and fair ruler, though I have no love for him."
Bonsai 8B,0.018,182.742,12,28,0.165,509,0.018,1,Tell me the rumor about the abandoned castle on the hill.,The castle is said to be haunted by the spirits of those who were executed there. Some claim it is a trap for the unwary.
Bonsai 8B,0.018,179.507,14,22,0.135,559,0.018,1,I am looking for work. Are there any bounties available?,There are bounties for captured rebels and rogue mages. I can provide details if you are interested.
Bonsai 8B,0.018,179.547,9,23,0.140,605,0.018,1,What dangers lie beyond the snowy northern mountains?,The northern mountains are said to be home to a powerful frost giant. They are not to be trifled with.
Bonsai 8B,0.018,177.370,10,19,0.119,648,0.018,1,Who is the captain of the town guard here?,The captain of the town guard is Sir Alden. He is a loyal and stern man.
Bonsai 8B,0.018,179.120,10,21,0.130,693,0.018,1,Can you teach me how to pick locks safely?,I do not teach lock-picking. It is a skill that requires practice and knowledge of the craft.
Bonsai 8B,0.018,171.370,15,13,0.088,735,0.018,1,I've brought the goblin ears you requested. Here is the bag.,You have brought the goblin ears. I will examine them.
Bonsai 8B,0.018,178.950,10,27,0.163,786,0.018,1,What gods do the people of this village worship?,"The people of this village worship the god of the harvest, known as Thalor. They also honor the spirits of the land."
Bonsai 8B,0.019,177.332,11,22,0.137,833,0.019,1,Is it safe to travel the main roads at night?,The main roads are dangerous at night. Bandits and wandering spirits are known to lurk in the shadows.
Bonsai 8B,0.019,173.263,12,16,0.105,875,0.019,1,"Sell me your finest sword, I have plenty of gold.","I do not sell swords. I am an Evil King, not a merchant."
Bonsai 8B,0.019,176.755,12,23,0.143,924,0.019,1,Have the bandits been causing trouble for the merchants recently?,"Yes, the bandits have been causing trouble for the merchants. They steal goods and leave destruction in their wake."
Bonsai 8B,0.019,178.634,10,29,0.176,977,0.019,1,Where is the hidden shrine of the water goddess?,The hidden shrine of the water goddess lies beneath the ruins of the old temple by the river. It is said to be protected by powerful magic.
Bonsai 8B,0.034,186.607,68,37,0.227,316,0.034,1,"I'm searching for a rare herb known as kingsfoil, supposedly growing only where the moonlight hits the ancient ruins of Eldoria. I've asked every merchant in the bazaar, but none possess it. Does anyone in this village venture deep enough into the enchanted forest to harvest such dangerous flora, or am I wasting my time here?",None in this village have ventured into the enchanted forest to harvest kingsfoil. You may need to seek out the shadow army or travel to the Obsidian Fortress for such a rare herb.
Bonsai 8B,0.035,185.067,64,35,0.219,429,0.035,1,"I just arrived from the capital, and the journey was fraught with perilous encounters. Bandits ambushed us near the river crossing, and strange howling kept us awake at night. We barely made it here with our lives. Do you know if the local guard is planning to secure the main trade routes anytime soon?","The local guard has not announced any plans to secure the main trade routes. You may want to keep your guard up, as bandits and other threats still roam the land."
Bonsai 8B,0.036,183.508,63,40,0.248,546,0.036,1,My companions and I are tracking a notorious thief who stole a sacred relic from the high temple. He was last seen heading towards this settlement wearing a tattered crimson cloak and walking with a pronounced limp. Have you noticed anyone matching that description passing through the gates or staying at the local inn over the last three days?,No one matching that description has been seen passing through the gates or staying at the local inn over the last three days. You may want to ask the villagers directly or check the innkeeper's records.
Bonsai 8B,0.036,184.452,68,44,0.269,672,0.036,1,"I hold a letter bearing the royal seal, meant only for the eyes of the Duke. However, I've heard troubling rumors that the Duke's court has been infiltrated by spies from the rival kingdom, making it dangerous to approach the keep directly. Is there a trusted intermediary in this town who can guarantee safe passage for this missive?","The blacksmith, Thaddeus, is known to be loyal to the Duke and may be able to help you deliver the letter safely. He has a reputation for keeping secrets and is respected by the townsfolk."
Bonsai 8B,0.037,181.875,73,45,0.279,804,0.037,1,"The mayor offered me a substantial bounty to clear out the goblin encampment to the west, but I suspect he's not telling me the whole truth. The tracks I found suggest a much larger force, perhaps even an organized hobgoblin warband. What can you tell me about the recent attacks, and is the mayor known to understate local threats?","Recent attacks have been reported in the western hills, with signs of organized movement and coordinated raids. The mayor is known to downplay local threats, often focusing on minor disturbances rather than the full scale of the goblin activity."
Bonsai 8B,0.038,180.904,73,40,0.254,931,0.038,1,"I've been cursed by a swamp hag after I accidentally disturbed her ritual circle. Now, every time I try to sleep, I suffer from horrific nightmares and wake up with strange, dark bruises on my arms. The local priest's blessings had no effect. Do you know of any skilled hedge wizards or alchemists nearby who specialize in removing dark afflictions?","There is a hedge wizard named Veylan who lives in the nearby woods and may be able to help. He is known to deal with curses and dark magic, though he is not easily approached."
Bonsai 8B,0.038,180.555,67,44,0.277,1056,0.038,1,"We found an ancient stone tablet buried in the rubble of the fallen watchtower, covered in glowing runes that none of our scholars can decipher. Every time we bring it near a magical fire, the flames turn a bright, unnatural blue. Is there a resident mage or a learned historian in this settlement who might understand old Elven magic?","There is a scholar named Lirien who specializes in ancient texts and may be able to decipher the runes. She is known to keep a library of forgotten knowledge, though she is reclusive and rarely leaves her study."
Bonsai 8B,0.040,177.899,73,32,0.215,1175,0.040,1,"The harvest festival is approaching, but I noticed the grain silos are nearly empty and the farmers look terrified. A local boy mentioned that a massive, winged shadow was seen carrying off entire sheep in the dead of night. Are you dealing with a dragon, a manticore, or something else entirely, and why hasn't the militia done anything about it?","The shadow is likely a wyrm, a creature of the deep forests. The militia has been too afraid to act, believing the creature to be a myth."
Bonsai 8B,0.040,177.634,69,39,0.254,1297,0.040,1,"I am looking to charter a ship to sail across the Whispering Sea, but every captain I speak to refuses the coin, claiming the waters are currently cursed by the drowned king. I need to reach the island of Karth before the lunar eclipse. Who is the bravest or perhaps the most desperate shipmaster currently docked in the harbor?","The shipmaster Ralveth is known for his reckless daring and has refused coin, claiming the sea is cursed. He is the only one who still has a vessel ready for the journey."
Bonsai 8B,0.040,177.223,70,37,0.244,1418,0.040,1,"A mysterious patron hired me to explore the crypts beneath the old cathedral, promising vast riches, but I found nothing but animated skeletons and deadly dart traps. I barely escaped. I suspect my patron intended for me to perish down there. Have you ever heard of a tall nobleman with a silver cane hiring adventurers for suicide missions in the crypts?","Yes, there is a nobleman named Dain who has been known to hire adventurers for such dangerous tasks. He is said to have a silver cane and a taste for the dramatic."
Bonsai 8B,0.041,175.392,65,31,0.212,1528,0.041,1,"I wish to join the legendary fighting tournament held in the arena next week, but the registrar claims I need sponsorship from a recognized noble house or a prominent guild to even enter the qualifiers. I have no connections in this city, only my skill with a blade. How does a foreign warrior go about securing a sponsor around here?","You may need to prove your worth in the arena itself, or seek out a guild that values your blade. Some may offer sponsorship if they see potential."
Bonsai 8B,0.040,174.492,69,33,0.224,1644,0.040,1,"My family's ancestral sword was taken by a corrupt tax collector who claimed it was payment for debts we never owed. I tracked his carriage to this town, but the locals are too frightened of his hired thugs to point me in the right direction. If I promise to cause no trouble in the streets, can you tell me where he is staying?","He is staying at the inn run by a woman named Mira, who is known to keep quiet about such matters. You may want to speak with her directly."
Bonsai 8B,0.041,175.190,73,43,0.281,1774,0.041,1,"I have traveled far across the shifting sands of the eastern desert to find the fabled Oasis of Truth, where it is said a reflection in the water can reveal a person's true destiny. I have a map, but the landmarks don't match the current dunes. Are there any seasoned desert trackers or nomadic guides resting in the bazaar who could assist?","There is a nomadic guide named Kael who has traveled these dunes for years and may be able to help you navigate. He is known to trade in maps and secrets, though he demands a high price."
Bonsai 8B,0.041,173.700,70,45,0.294,1903,0.041,1,"The mines have been shut down for two weeks, and the local economy is clearly suffering. A frightened miner told me they broke through a wall into a forgotten underground temple and awakened something that whispers in the dark. I specialize in dealing with subterranean horrors. Who holds the authority to grant me permission to enter the quarantined mining shafts?","The mine authority is under the control of the Duke, who has imposed a strict curfew and restricted access to the quarantined shafts. You may need to approach him directly or seek an audience with the local priest."
Bonsai 8B,0.043,172.618,75,42,0.280,2034,0.043,1,"I'm carrying highly volatile alchemical supplies meant for the war front, but my wagon threw a wheel on the rocky path just outside of town. If those vials sit in the midday sun for too long, they will detonate and level half this street. I need a master wainwright and a shaded warehouse immediately. Can you point me to the right people?","The master wainwright is named Dain, and he can be found at the blacksmith's forge. A shaded warehouse is run by a woman named Lira, who deals in storage and safekeeping."
Bonsai 8B,0.042,172.435,76,38,0.257,2162,0.042,1,"A bard in the previous village sang a ballad about a legendary forge hidden inside the caldera of Mount Cinder, where weapons of pure star-metal were supposedly crafted for the ancient gods. I have acquired a piece of fallen star-metal, but I need to know if the path up the mountain is passable, or if it is guarded by fire elementals as the song claims.",The path up Mount Cinder is known to be treacherous and guarded by fire elementals. You may need to offer the star-metal to the mountain's guardian in exchange for safe passage.
Llama 3.2 1B,0.008,403.103,13,64,0.164,284,0.008,1,Where can I find the nearest blacksmith in this town?,"""Ah, the nearest blacksmith, you say? I'm sure it's just a short walk from the town square. You can't miss it, really. It's the one with the sign that says 'Black Iron Forge' in big, bold letters. Just head east from here, past the market stalls,"
Llama 3.2 1B,0.008,416.286,12,64,0.160,369,0.008,1,Have you seen any strange creatures in the woods lately?,"""Strange creatures, you ask? Well, I've seen some... unusual things in the woods lately. The trees seem to be growing twisted and gnarled, and the wind whispers secrets in the darkness. I've also noticed that the shadows seem to be moving of their own accord, like dark, living things."
Llama 3.2 1B,0.008,423.985,13,64,0.157,455,0.008,1,I need a healing potion. What is your best price?,"""Ah, a healing potion, you say? I can spare a vial of the finest dark elixir for a price. 10 gold pieces, and that's as low as I can go. But be warned, it's not a cure-all, and it may not even work on the most grievous"
Llama 3.2 1B,0.008,420.199,14,61,0.150,540,0.008,1,"Point me to the local tavern, friend. I am thirsty.","""The local tavern, you say? The Red Griffin Inn, just down the street from the blacksmith's forge. It's a fine establishment, but be prepared for the company of rough patrons and the occasional... unsavory character. The ale is decent, but the conversation is often... enlightening."""
Llama 3.2 1B,0.007,430.775,10,64,0.154,622,0.007,1,Do you know who currently rules this kingdom?,"""The current ruler, Torin, is a tyrant, a power-hungry fool who thinks he can control the entire realm with his... unique brand of magic. His armies are scattered, his people are oppressed, and his only concern is his own self-interest. The people of this kingdom would do well to remember"
Llama 3.2 1B,0.007,433.471,13,64,0.153,708,0.007,1,Tell me the rumor about the abandoned castle on the hill.,"""The abandoned castle on the hill, you say? Some say it's cursed, that anyone who dares to approach it will be consumed by dark magic and madness. Others claim it's a trap, set by the Dark Lands themselves to lure in unwary travelers. I've heard it's said to be the lair"
Llama 3.2 1B,0.007,430.455,15,64,0.154,796,0.007,1,I am looking for work. Are there any bounties available?,"""Bounties, you say? I'm afraid I don't have any information on the current bounties in the area. As for work, I'm afraid I'm not hiring at the moment. The Obsidian Fortress is... occupied, shall we say. But I can offer you a place to stay, and"
Llama 3.2 1B,0.007,429.022,10,64,0.154,879,0.007,1,What dangers lie beyond the snowy northern mountains?,"""The snowy northern mountains, you ask? The treacherous paths, the icy storms, the giant spiders that roam the frozen wilderness... and of course, the Dark Lands themselves, which lurk beyond the mountains, waiting to strike. The very thought of venturing into those mountains is enough to make your skin crawl."
Llama 3.2 1B,0.007,428.513,11,64,0.154,963,0.007,1,Who is the captain of the town guard here?,"""The captain of the town guard, you ask? That would be Grimbold Ironfist, a gruff, no-nonsense man with a reputation for being one of the toughest guards in the land. He's been known to... deal with any trouble that comes his way, and I'm sure he'd be happy"
Llama 3.2 1B,0.007,428.965,11,64,0.154,1047,0.007,1,Can you teach me how to pick locks safely?,"""Lockpicking, you say? I can teach you the basics, but be warned, it's a skill that requires finesse and patience. I've spent years honing my craft, and I can show you the techniques, but I'll need to see your dedication to the art before I can commit to teaching"
Llama 3.2 1B,0.007,431.170,16,64,0.154,1136,0.007,1,I've brought the goblin ears you requested. Here is the bag.,"""Ah, the goblin ears, you say? I've been looking for a pair of those for years. They're quite... useful. I'll take the bag, but don't think this is a favor, it's a business transaction. The price is 50 gold pieces, and I expect payment on the"
Llama 3.2 1B,0.007,431.221,11,64,0.154,1220,0.007,1,What gods do the people of this village worship?,"""The people of this village, you ask? They worship the Old Ones, the gods of the Dark Lands. They believe in the power of the Shadow and the darkness that lies within. The village elder, a man named Thorne, is said to be able to communicate with the spirits of the land, and he's"
Llama 3.2 1B,0.007,429.242,12,64,0.154,1305,0.007,1,Is it safe to travel the main roads at night?,"""Traveling the main roads at night, you say? I'd advise against it, if I'm being honest. The roads are treacherous, and the darkness can be unforgiving. The Shadow creatures are more active at night, and the roads are often patrolled by... unsavory characters. It"
Llama 3.2 1B,0.008,429.552,13,64,0.154,1391,0.008,1,"Sell me your finest sword, I have plenty of gold.","""A fine sword, you say? I have a sword that's been my companion for years, one that's served me well in the battles against the Dark Lands. It's a Black Iron Blade, forged in the depths of the Obsidian Fortress, and it's said to be one of the finest swords in all the"
Llama 3.2 1B,0.008,431.467,13,64,0.154,1477,0.008,1,Have the bandits been causing trouble for the merchants recently?,"""The bandits, you ask? Yes, they've been causing trouble for the merchants. They've been raiding the supply caravans, stealing goods and leaving the merchants to pick up the pieces. The merchants are getting desperate, and the bandits are getting bolder. It's a good thing I'm not"
Llama 3.2 1B,0.008,428.250,11,64,0.155,1561,0.008,1,Where is the hidden shrine of the water goddess?,"""The hidden shrine of the water goddess, you say? I'm afraid I don't know of any such shrine. The Obsidian Fortress is a place of dark magic and shadowy power, and the water goddess is not one of our patron deities. But I can tell you that the nearby river is said to be"
Llama 3.2 1B,0.010,444.014,69,64,0.152,340,0.010,1,"I'm searching for a rare herb known as kingsfoil, supposedly growing only where the moonlight hits the ancient ruins of Eldoria. I've asked every merchant in the bazaar, but none possess it. Does anyone in this village venture deep enough into the enchanted forest to harvest such dangerous flora, or am I wasting my time here?","""I've heard tales of those who dare to venture into the forest, but few return to tell the tale. The Obsidian Fortress guards the entrance, and those who attempt to breach it are met with... unpleasantness. Still, I've heard whispers of a certain village on the edge of the forest, where a brave"
Llama 3.2 1B,0.011,442.500,65,64,0.153,478,0.011,1,"I just arrived from the capital, and the journey was fraught with perilous encounters. Bandits ambushed us near the river crossing, and strange howling kept us awake at night. We barely made it here with our lives. Do you know if the local guard is planning to secure the main trade routes anytime soon?","""The village elder spoke of increased patrols, but I've heard rumors of a secret meeting between the local lord and the Dark Lands' emissary, scheduled for the night of the next full moon. It's said they'll be discussing a... proposal to secure the trade routes, but I wouldn't put it past them to"
Llama 3.2 1B,0.011,440.089,64,64,0.154,615,0.011,1,My companions and I are tracking a notorious thief who stole a sacred relic from the high temple. He was last seen heading towards this settlement wearing a tattered crimson cloak and walking with a pronounced limp. Have you noticed anyone matching that description passing through the gates or staying at the local inn over the last three days?,"""Several villagers have reported seeing a hooded figure lurking around the temple, but I've heard whispers of a certain guild of shadow dancers who might be involved, and they've been spotted near the inn, but I've also heard rumors of a local merchant who's been acting suspiciously, and he's been seen carrying"
Llama 3.2 1B,0.011,438.888,69,64,0.155,757,0.011,1,"I hold a letter bearing the royal seal, meant only for the eyes of the Duke. However, I've heard troubling rumors that the Duke's court has been infiltrated by spies from the rival kingdom, making it dangerous to approach the keep directly. Is there a trusted intermediary in this town who can guarantee safe passage for this missive?","""The village blacksmith has a... acquaintance with the Duke's personal guard, and I've heard he can arrange for a trusted escort to meet with the royal seal, but be warned, the guard is known to be... particular about who they trust. If you're willing to take the risk, I can put in a"
Llama 3.2 1B,0.012,433.484,74,64,0.157,904,0.012,1,"The mayor offered me a substantial bounty to clear out the goblin encampment to the west, but I suspect he's not telling me the whole truth. The tracks I found suggest a much larger force, perhaps even an organized hobgoblin warband. What can you tell me about the recent attacks, and is the mayor known to understate local threats?","""The goblin raids have been increasing in frequency, and I've heard whispers of a larger force, but I've also seen signs of a more organized warband, with multiple rafts of goblins and their mounts, and I've heard the mayor is more concerned with the recent influx of refugees fleeing the war than with"
Llama 3.2 1B,0.012,432.595,74,64,0.157,1051,0.012,1,"I've been cursed by a swamp hag after I accidentally disturbed her ritual circle. Now, every time I try to sleep, I suffer from horrific nightmares and wake up with strange, dark bruises on my arms. The local priest's blessings had no effect. Do you know of any skilled hedge wizards or alchemists nearby who specialize in removing dark afflictions?","""The village elder has a... acquaintance with a local hedge wizard, one who specializes in removing dark afflictions, but be warned, they're a recluse and only offer their services to those who can prove themselves worthy, and I've heard rumors of a rival hedge wizard who's been seeking to eliminate them, but I"
Llama 3.2 1B,0.012,434.918,68,64,0.157,1192,0.012,1,"We found an ancient stone tablet buried in the rubble of the fallen watchtower, covered in glowing runes that none of our scholars can decipher. Every time we bring it near a magical fire, the flames turn a bright, unnatural blue. Is there a resident mage or a learned historian in this settlement who might understand old Elven magic?","""I've heard whispers of a local scholar who's been studying the ancient Elven texts, but I've also seen him arguing with the village elder over the interpretation of the runes, and I've heard rumors of a mysterious figure who's been seen lurking around the watchtower, but I've also heard that the village elder"
Llama 3.2 1B,0.012,431.180,74,64,0.158,1339,0.012,1,"The harvest festival is approaching, but I noticed the grain silos are nearly empty and the farmers look terrified. A local boy mentioned that a massive, winged shadow was seen carrying off entire sheep in the dead of night. Are you dealing with a dragon, a manticore, or something else entirely, and why hasn't the militia done anything about it?","""The boy's words are consistent with the rumors of a dark creature seen in the skies, but I've also heard whispers of a more... sinister force, one that's been manipulating the local crops and livestock, and I've seen signs of a twisted, corrupted magic at work, but the militia is too afraid to investigate"
Llama 3.2 1B,0.012,431.695,70,64,0.158,1482,0.012,1,"I am looking to charter a ship to sail across the Whispering Sea, but every captain I speak to refuses the coin, claiming the waters are currently cursed by the drowned king. I need to reach the island of Karth before the lunar eclipse. Who is the bravest or perhaps the most desperate shipmaster currently docked in the harbor?","""The captain of the 'Maelstrom's Fury' is a grizzled old sailor named Kael, who's been sailing the Whispering Sea for nigh on 20 years, and he's got a reputation for being one of the bravest men on the seas, but he's also got a price on"
Llama 3.2 1B,0.012,430.211,71,64,0.159,1626,0.012,1,"A mysterious patron hired me to explore the crypts beneath the old cathedral, promising vast riches, but I found nothing but animated skeletons and deadly dart traps. I barely escaped. I suspect my patron intended for me to perish down there. Have you ever heard of a tall nobleman with a silver cane hiring adventurers for suicide missions in the crypts?","""The village elder has heard whispers of a tall nobleman with a silver cane, known as Lord Ravenswood, who hires adventurers for suicidal missions, but I've also heard rumors of a certain guild of shadow assassins who've been seen lurking around the cathedral, and they're rumored to be led by a woman with a"
Llama 3.2 1B,0.012,427.782,66,64,0.160,1765,0.012,1,"I wish to join the legendary fighting tournament held in the arena next week, but the registrar claims I need sponsorship from a recognized noble house or a prominent guild to even enter the qualifiers. I have no connections in this city, only my skill with a blade. How does a foreign warrior go about securing a sponsor around here?","""The village blacksmith has heard rumors of a local guild of mercenaries who might be willing to sponsor a foreign warrior, but they're a secretive organization, and I've also heard whispers of a certain noble house that's been looking for a new face to represent their family's name in the tournament, but be warned, they"
Llama 3.2 1B,0.013,425.553,70,64,0.161,1908,0.013,1,"My family's ancestral sword was taken by a corrupt tax collector who claimed it was payment for debts we never owed. I tracked his carriage to this town, but the locals are too frightened of his hired thugs to point me in the right direction. If I promise to cause no trouble in the streets, can you tell me where he is staying?","""The local tavernkeeper has heard rumors of the tax collector's whereabouts, but I've also seen him lurking around the town's eastern gate, and I've heard whispers of a certain guild of blacksmiths who might be willing to help you acquire a new sword, but be warned, they're a secretive organization, and"
Llama 3.2 1B,0.013,423.676,74,64,0.161,2055,0.013,1,"I have traveled far across the shifting sands of the eastern desert to find the fabled Oasis of Truth, where it is said a reflection in the water can reveal a person's true destiny. I have a map, but the landmarks don't match the current dunes. Are there any seasoned desert trackers or nomadic guides resting in the bazaar who could assist?","""The desert trader who's been selling rare spices and textiles has heard tales of the Oasis of Truth, and he's said to have a map that might lead you to it, but be warned, the map is said to be cursed, and he's been known to offer it to the highest bidder, but I've also"
Llama 3.2 1B,0.013,425.126,71,64,0.161,2199,0.013,1,"The mines have been shut down for two weeks, and the local economy is clearly suffering. A frightened miner told me they broke through a wall into a forgotten underground temple and awakened something that whispers in the dark. I specialize in dealing with subterranean horrors. Who holds the authority to grant me permission to enter the quarantined mining shafts?","""The village elder has heard whispers of a certain cult that's been secretly excavating the mines, and they're said to be worshiping a dark deity that dwells within the temple, but I've also heard rumors of a local lord who's been granted permission to enter the quarantined shafts by the cult,"
Llama 3.2 1B,0.013,421.897,76,64,0.162,2348,0.013,1,"I'm carrying highly volatile alchemical supplies meant for the war front, but my wagon threw a wheel on the rocky path just outside of town. If those vials sit in the midday sun for too long, they will detonate and level half this street. I need a master wainwright and a shaded warehouse immediately. Can you point me to the right people?","""The village blacksmith has heard rumors of a local master wainwright who's been working on a new design for a shield that can withstand the explosive charges, but I've also heard whispers of a certain guild of engineers who might be willing to help you acquire a new forge, and they're said to be based in"
Llama 3.2 1B,0.013,419.949,77,64,0.163,2498,0.013,1,"A bard in the previous village sang a ballad about a legendary forge hidden inside the caldera of Mount Cinder, where weapons of pure star-metal were supposedly crafted for the ancient gods. I have acquired a piece of fallen star-metal, but I need to know if the path up the mountain is passable, or if it is guarded by fire elementals as the song claims.","""The village elder has heard the bard's tale, and they've also heard whispers of a certain group of treasure hunters who've been searching for the forge, but I've also seen signs of a hidden entrance to the caldera, and I've heard rumors of a local druid who's been studying the ancient lore,"
LFM2.5 1.2B ,0.007,414.558,13,17,0.046,250,0.007,1,Where can I find the nearest blacksmith in this town?,"The blacksmith is located in the eastern market square, near the ancient stone arches."
LFM2.5 1.2B ,0.008,422.086,12,22,0.058,293,0.008,1,Have you seen any strange creatures in the woods lately?,"No, I haven't spotted any unusual beasts in the woods. The forest remains quiet and orderly."
LFM2.5 1.2B ,0.008,423.316,14,22,0.057,338,0.008,1,I need a healing potion. What is your best price?,My best price for a healing potion is a modest sum—just enough to keep you safe and strong.
LFM2.5 1.2B ,0.008,429.019,16,28,0.071,391,0.008,1,"Point me to the local tavern, friend. I am thirsty.","Come on over, friend! The Red Griffin Tavern is just a short walk from here—perfect for a drink and some stories."
LFM2.5 1.2B ,0.008,417.361,10,17,0.046,427,0.008,1,Do you know who currently rules this kingdom?,"No, the current ruler is Torin, the fierce warrior who hates me."
LFM2.5 1.2B ,0.008,427.949,13,23,0.059,472,0.008,1,Tell me the rumor about the abandoned castle on the hill.,"The rumor says a dark force lingers in the abandoned castle, whispering through the wind and watching the shadows."
LFM2.5 1.2B ,0.008,428.431,15,26,0.066,522,0.008,1,I am looking for work. Are there any bounties available?,"Yes, there are bounties for anyone who can bring me news of the missing guards or the hidden treasure in the ruins."
LFM2.5 1.2B ,0.007,435.089,11,26,0.065,568,0.007,1,What dangers lie beyond the snowy northern mountains?,"Beyond the mountains, the lands grow wild and the spirits grow fierce—beasts roam and ancient curses wait to strike."
LFM2.5 1.2B ,0.007,438.121,11,25,0.062,613,0.007,1,Who is the captain of the town guard here?,"The captain of the town guard is a stern man named Aldric, known for his sharp eyes and unwavering loyalty."
LFM2.5 1.2B ,0.007,441.196,11,27,0.066,660,0.007,1,Can you teach me how to pick locks safely?,"I can guide you through the basics—always use a steady hand, check for hidden mechanisms, and never rush. Safety comes first."
LFM2.5 1.2B ,0.007,440.706,16,23,0.057,708,0.007,1,I've brought the goblin ears you requested. Here is the bag.,Thank you! The goblin ears should help you detect traps or hidden dangers. Keep them close and stay alert.
LFM2.5 1.2B ,0.007,446.001,11,26,0.063,754,0.007,1,What gods do the people of this village worship?,"The villagers worship the Sun God, who brings light and warmth, and the Moon Goddess, who guides the tides of fate."
LFM2.5 1.2B ,0.007,448.820,12,30,0.072,805,0.007,1,Is it safe to travel the main roads at night?,"Traveling at night on the main roads is risky—shadows hide dangers, and travelers often face trouble. Better to stay in the light."
LFM2.5 1.2B ,0.007,454.265,14,42,0.097,870,0.007,1,"Sell me your finest sword, I have plenty of gold.","My finest sword is a gleaming blade of dark steel, forged in the heart of the Shadow Forge. It’s worth a fortune, but beware—many seek it for more than its worth."
LFM2.5 1.2B ,0.007,448.010,13,28,0.067,920,0.007,1,Have the bandits been causing trouble for the merchants recently?,"Yes, the bandits have been ramping up their raids, especially targeting merchant caravans. It’s a dangerous time to trade."
LFM2.5 1.2B ,0.007,444.369,11,22,0.054,962,0.007,1,Where is the hidden shrine of the water goddess?,"The hidden shrine is tucked deep within the misty valley, guarded by ancient stones and whispered legends."
LFM2.5 1.2B ,0.009,452.533,72,29,0.071,321,0.009,1,"I'm searching for a rare herb known as kingsfoil, supposedly growing only where the moonlight hits the ancient ruins of Eldoria. I've asked every merchant in the bazaar, but none possess it. Does anyone in this village venture deep enough into the enchanted forest to harvest such dangerous flora, or am I wasting my time here?","The village is safe from the shadow army, but the forest holds its own secrets. I’ll need to explore further before you find the herb."
LFM2.5 1.2B ,0.010,455.839,67,40,0.096,437,0.010,1,"I just arrived from the capital, and the journey was fraught with perilous encounters. Bandits ambushed us near the river crossing, and strange howling kept us awake at night. We barely made it here with our lives. Do you know if the local guard is planning to secure the main trade routes anytime soon?","The guard is indeed preparing defenses, but their focus remains on the eastern pass. They’ll likely strengthen patrols before the next moon cycle. Stay alert, traveler—trust no one too quickly."
LFM2.5 1.2B ,0.011,462.645,69,62,0.143,577,0.011,1,My companions and I are tracking a notorious thief who stole a sacred relic from the high temple. He was last seen heading towards this settlement wearing a tattered crimson cloak and walking with a pronounced limp. Have you noticed anyone matching that description passing through the gates or staying at the local inn over the last three days?,"I haven’t seen anyone quite like that yet, but the innkeeper did mention a weary traveler with a limp came in yesterday night, claiming he was searching for supplies. He seemed nervous and kept glancing over his shoulder. I’ll need more eyes to confirm if he’s connected to the theft."
LFM2.5 1.2B ,0.011,457.633,73,46,0.109,705,0.011,1,"I hold a letter bearing the royal seal, meant only for the eyes of the Duke. However, I've heard troubling rumors that the Duke's court has been infiltrated by spies from the rival kingdom, making it dangerous to approach the keep directly. Is there a trusted intermediary in this town who can guarantee safe passage for this missive?","There is a trusted messenger named Elara who travels the northern roads. She’s known for discretion and has safe routes through the shadowed paths. She’ll need to be careful, but she can deliver the letter without drawing attention."
LFM2.5 1.2B ,0.011,457.503,77,59,0.138,850,0.011,1,"The mayor offered me a substantial bounty to clear out the goblin encampment to the west, but I suspect he's not telling me the whole truth. The tracks I found suggest a much larger force, perhaps even an organized hobgoblin warband. What can you tell me about the recent attacks, and is the mayor known to understate local threats?","The mayor has indeed been vague about the scale of the problem—some say the tracks hint at a coordinated effort, but others claim it’s just a few rogue goblins. I’ve heard whispers that the mayor might be hiding a larger threat lurking in the shadows."
LFM2.5 1.2B ,0.011,464.300,82,64,0.147,1004,0.011,1,"I've been cursed by a swamp hag after I accidentally disturbed her ritual circle. Now, every time I try to sleep, I suffer from horrific nightmares and wake up with strange, dark bruises on my arms. The local priest's blessings had no effect. Do you know of any skilled hedge wizards or alchemists nearby who specialize in removing dark afflictions?","There’s a reclusive healer in the eastern glade, known for her potions that can cleanse even the deepest curses. She’s cautious, but she might be able to help you break the hag’s hold. Be warned—she charges in silver coin and demands you swear fealty before she"
LFM2.5 1.2B ,0.011,457.442,75,50,0.118,1139,0.011,1,"We found an ancient stone tablet buried in the rubble of the fallen watchtower, covered in glowing runes that none of our scholars can decipher. Every time we bring it near a magical fire, the flames turn a bright, unnatural blue. Is there a resident mage or a learned historian in this settlement who might understand old Elven magic?","There’s a quiet scholar in the library who studies forgotten scripts. She’s been trying to crack the runes for weeks, but the blue fire is a sign she’s close. She’ll need time and a few rare ingredients to decipher it."
LFM2.5 1.2B ,0.011,469.380,75,64,0.145,1286,0.011,1,"The harvest festival is approaching, but I noticed the grain silos are nearly empty and the farmers look terrified. A local boy mentioned that a massive, winged shadow was seen carrying off entire sheep in the dead of night. Are you dealing with a dragon, a manticore, or something else entirely, and why hasn't the militia done anything about it?","The shadow is too large for a dragon, nor a manticore—its wings cast long, shifting shadows that make it vanish and reappear. It’s too swift and too silent. The militia has been too busy with trade disputes to act. Perhaps it’s a trick of the moonlight and the old legends"
LFM2.5 1.2B ,0.011,462.398,74,57,0.132,1427,0.011,1,"I am looking to charter a ship to sail across the Whispering Sea, but every captain I speak to refuses the coin, claiming the waters are currently cursed by the drowned king. I need to reach the island of Karth before the lunar eclipse. Who is the bravest or perhaps the most desperate shipmaster currently docked in the harbor?","The bravest shipmaster here is the one who sailed with the storm captain, though he’s hiding a secret—he’s been secretly negotiating with the drowned king’s remnants. He’s desperate, but his desperation might just be the key to getting you past the curse."
LFM2.5 1.2B ,0.012,460.320,75,59,0.138,1570,0.012,1,"A mysterious patron hired me to explore the crypts beneath the old cathedral, promising vast riches, but I found nothing but animated skeletons and deadly dart traps. I barely escaped. I suspect my patron intended for me to perish down there. Have you ever heard of a tall nobleman with a silver cane hiring adventurers for suicide missions in the crypts?","There is a nobleman named Thrain of Ashwood, known for his silver cane that hums with dark magic. He’s been offering such missions to those brave enough to face the crypts. But beware—his castle lies deep in the gloom, and the price is steep."
LFM2.5 1.2B ,0.012,460.014,70,58,0.135,1707,0.012,1,"I wish to join the legendary fighting tournament held in the arena next week, but the registrar claims I need sponsorship from a recognized noble house or a prominent guild to even enter the qualifiers. I have no connections in this city, only my skill with a blade. How does a foreign warrior go about securing a sponsor around here?","A foreign warrior can still find a sponsor by proving your prowess in a duel or by offering a unique skill—perhaps you can offer a rare weapon or a story that catches the eye of a noble patron. Word travels fast in these lands, and a bold tale can be enough."
LFM2.5 1.2B ,0.011,457.881,71,58,0.136,1845,0.011,1,"My family's ancestral sword was taken by a corrupt tax collector who claimed it was payment for debts we never owed. I tracked his carriage to this town, but the locals are too frightened of his hired thugs to point me in the right direction. If I promise to cause no trouble in the streets, can you tell me where he is staying?","The tax collector’s men are hiding in the shadowed alleys, but the local blacksmith has noticed a suspicious figure near the riverbank. He might know where the collector rests—or at least where his men are resting. Stay sharp, and don’t let fear silence your next move."
LFM2.5 1.2B ,0.012,459.341,77,61,0.142,1992,0.012,1,"I have traveled far across the shifting sands of the eastern desert to find the fabled Oasis of Truth, where it is said a reflection in the water can reveal a person's true destiny. I have a map, but the landmarks don't match the current dunes. Are there any seasoned desert trackers or nomadic guides resting in the bazaar who could assist?","There’s a seasoned guide named Zahra, who rides the wind and knows every dune by name. She’ll be willing to share her knowledge for a fair price—or at least a story worth telling. Just be sure to ask her about the shifting sands and the oasis’s shifting location."
LFM2.5 1.2B ,0.012,459.575,74,51,0.121,2126,0.012,1,"The mines have been shut down for two weeks, and the local economy is clearly suffering. A frightened miner told me they broke through a wall into a forgotten underground temple and awakened something that whispers in the dark. I specialize in dealing with subterranean horrors. Who holds the authority to grant me permission to enter the quarantined mining shafts?","The mine overseer, a stern man named Goran, must approve your entry. He’s been too afraid to speak of the whispers in the dark, but he’ll grant it if you prove your worth by solving the temple’s riddle."
LFM2.5 1.2B ,0.012,465.640,76,64,0.147,2274,0.012,1,"I'm carrying highly volatile alchemical supplies meant for the war front, but my wagon threw a wheel on the rocky path just outside of town. If those vials sit in the midday sun for too long, they will detonate and level half this street. I need a master wainwright and a shaded warehouse immediately. Can you point me to the right people?","The master wainwright is a retired knight who still rides, though he prefers the shadows. He’ll need a safe place to store your volatile supplies—ask him for a quiet stable away from the sun. For the warehouse, seek out the old blacksmith’s guild; they’ll have a vault deep in the"
LFM2.5 1.2B ,0.012,464.138,83,64,0.148,2430,0.012,1,"A bard in the previous village sang a ballad about a legendary forge hidden inside the caldera of Mount Cinder, where weapons of pure star-metal were supposedly crafted for the ancient gods. I have acquired a piece of fallen star-metal, but I need to know if the path up the mountain is passable, or if it is guarded by fire elementals as the song claims.","The bard’s tale is likely a riddle—fire elementals are rare, but the path up Mount Cinder is said to be guarded by a pair of fiery spirits. You’ll need a brave soul and a clever plan to bypass them. The bard may know a hidden path or a trick to pass them"
MiniCPM5 1B,0.012,310.360,11,12,0.047,245,0.012,1,Where can I find the nearest blacksmith in this town?,I cannot search for locations or provide information about nearby businesses.
MiniCPM5 1B,0.013,320.335,11,16,0.060,286,0.013,1,Have you seen any strange creatures in the woods lately?,I do not have personal experiences or the ability to see creatures in the woods.
MiniCPM5 1B,0.013,308.448,12,11,0.045,323,0.013,1,I need a healing potion. What is your best price?,I do not have a price for healing potions.
MiniCPM5 1B,0.013,310.230,13,12,0.048,362,0.013,1,"Point me to the local tavern, friend. I am thirsty.",I cannot search for local businesses or provide information about them.
MiniCPM5 1B,0.013,314.764,9,13,0.051,398,0.013,1,Do you know who currently rules this kingdom?,I do not have information about the current ruler of this kingdom.
MiniCPM5 1B,0.013,321.416,12,18,0.066,442,0.013,1,Tell me the rumor about the abandoned castle on the hill.,I do not have information about the rumors or legends of the abandoned castle on the hill.
MiniCPM5 1B,0.013,321.336,13,17,0.063,486,0.013,1,I am looking for work. Are there any bounties available?,I do not have information about bounties or any work opportunities available in this area.
MiniCPM5 1B,0.013,314.999,9,16,0.061,525,0.013,1,What dangers lie beyond the snowy northern mountains?,I do not have information about the dangers or bounties available in this region.
MiniCPM5 1B,0.013,309.548,10,14,0.055,563,0.013,1,Who is the captain of the town guard here?,I do not have information about the captain of the town guard here.
MiniCPM5 1B,0.013,297.443,10,9,0.040,596,0.013,1,Can you teach me how to pick locks safely?,I cannot teach you how to pick locks.
MiniCPM5 1B,0.013,292.197,15,8,0.037,633,0.013,1,I've brought the goblin ears you requested. Here is the bag.,I cannot provide any weapons or tools.
MiniCPM5 1B,0.013,315.636,10,16,0.061,673,0.013,1,What gods do the people of this village worship?,I do not have information about the gods worshipped by the people of this village.
MiniCPM5 1B,0.013,315.141,11,16,0.061,714,0.013,1,Is it safe to travel the main roads at night?,I do not have information about the safety of traveling the main roads at night.
MiniCPM5 1B,0.013,306.774,13,12,0.049,753,0.013,1,"Sell me your finest sword, I have plenty of gold.",I do not have a sword or any weapons to sell.
MiniCPM5 1B,0.013,301.522,11,12,0.050,790,0.013,1,Have the bandits been causing trouble for the merchants recently?,I do not have information about the bandits' recent activities.
MiniCPM5 1B,0.013,310.824,10,17,0.065,831,0.013,1,Where is the hidden shrine of the water goddess?,I do not have information about the location of the hidden shrine of the water goddess.
MiniCPM5 1B,0.018,360.991,67,64,0.193,352,0.018,1,"I'm searching for a rare herb known as kingsfoil, supposedly growing only where the moonlight hits the ancient ruins of Eldoria. I've asked every merchant in the bazaar, but none possess it. Does anyone in this village venture deep enough into the enchanted forest to harvest such dangerous flora, or am I wasting my time here?","Garrick, rules, the Dark Lands  
Garrick, commands, the shadow army  
Garrick, wields, dark magic  
Garrick, seeks, world domination  
Garrick, hates, Torin  
Garrick, resides in, the Obsidian Fortress  
Garrick,"
MiniCPM5 1B,0.019,381.929,62,64,0.184,492,0.019,1,"I just arrived from the capital, and the journey was fraught with perilous encounters. Bandits ambushed us near the river crossing, and strange howling kept us awake at night. We barely made it here with our lives. Do you know if the local guard is planning to secure the main trade routes anytime soon?","Garrick, rules, the Dark Lands  
Garrick, commands, the shadow army  
Garrick, wields, dark magic  
Garrick, seeks, world domination  
Garrick, hates, Torin  
Garrick, resides in, the Obsidian Fortress  
Garrick,"
MiniCPM5 1B,0.018,397.069,62,64,0.176,632,0.018,1,My companions and I are tracking a notorious thief who stole a sacred relic from the high temple. He was last seen heading towards this settlement wearing a tattered crimson cloak and walking with a pronounced limp. Have you noticed anyone matching that description passing through the gates or staying at the local inn over the last three days?,"Garrick, rules, the Dark Lands  
Garrick, commands, the shadow army  
Garrick, wields, dark magic  
Garrick, seeks, world domination  
Garrick, hates, Torin  
Garrick, resides in, the Obsidian Fortress  
Garrick,"
MiniCPM5 1B,0.017,409.542,67,64,0.171,777,0.017,1,"I hold a letter bearing the royal seal, meant only for the eyes of the Duke. However, I've heard troubling rumors that the Duke's court has been infiltrated by spies from the rival kingdom, making it dangerous to approach the keep directly. Is there a trusted intermediary in this town who can guarantee safe passage for this missive?","Garrick, rules, the Dark Lands  
Garrick, commands, the shadow army  
Garrick, wields, dark magic  
Garrick, seeks, world domination  
Garrick, hates, Torin  
Garrick, resides in, the Obsidian Fortress  
Garrick,"
MiniCPM5 1B,0.017,412.113,73,64,0.170,928,0.017,1,"The mayor offered me a substantial bounty to clear out the goblin encampment to the west, but I suspect he's not telling me the whole truth. The tracks I found suggest a much larger force, perhaps even an organized hobgoblin warband. What can you tell me about the recent attacks, and is the mayor known to understate local threats?","Garrick, rules, the Dark Lands  
Garrick, commands, the shadow army  
Garrick, wields, dark magic  
Garrick, seeks, world domination  
Garrick, hates, Torin  
Garrick, resides in, the Obsidian Fortress  
Garrick,"
MiniCPM5 1B,0.016,416.023,72,64,0.168,1078,0.016,1,"I've been cursed by a swamp hag after I accidentally disturbed her ritual circle. Now, every time I try to sleep, I suffer from horrific nightmares and wake up with strange, dark bruises on my arms. The local priest's blessings had no effect. Do you know of any skilled hedge wizards or alchemists nearby who specialize in removing dark afflictions?","Garrick, rules, the Dark Lands  
Garrick, commands, the shadow army  
Garrick, wields, dark magic  
Garrick, seeks, world domination  
Garrick, hates, Torin  
Garrick, resides in, the Obsidian Fortress  
Garrick,"
MiniCPM5 1B,0.016,427.138,69,64,0.163,1225,0.016,1,"We found an ancient stone tablet buried in the rubble of the fallen watchtower, covered in glowing runes that none of our scholars can decipher. Every time we bring it near a magical fire, the flames turn a bright, unnatural blue. Is there a resident mage or a learned historian in this settlement who might understand old Elven magic?","Garrick, rules, the Dark Lands  
Garrick, commands, the shadow army  
Garrick, wields, dark magic  
Garrick, seeks, world domination  
Garrick, hates, Torin  
Garrick, resides in, the Obsidian Fortress  
Garrick,"
MiniCPM5 1B,0.015,430.015,72,64,0.161,1375,0.015,1,"The harvest festival is approaching, but I noticed the grain silos are nearly empty and the farmers look terrified. A local boy mentioned that a massive, winged shadow was seen carrying off entire sheep in the dead of night. Are you dealing with a dragon, a manticore, or something else entirely, and why hasn't the militia done anything about it?","Garrick, rules, the Dark Lands  
Garrick, commands, the shadow army  
Garrick, wields, dark magic  
Garrick, seeks, world domination  
Garrick, hates, Torin  
Garrick, resides in, the Obsidian Fortress  
Garrick,"
MiniCPM5 1B,0.015,436.756,69,64,0.159,1522,0.015,1,"I am looking to charter a ship to sail across the Whispering Sea, but every captain I speak to refuses the coin, claiming the waters are currently cursed by the drowned king. I need to reach the island of Karth before the lunar eclipse. Who is the bravest or perhaps the most desperate shipmaster currently docked in the harbor?","Garrick, rules, the Dark Lands  
Garrick, commands, the shadow army  
Garrick, wields, dark magic  
Garrick, seeks, world domination  
Garrick, hates, Torin  
Garrick, resides in, the Obsidian Fortress  
Garrick,"
MiniCPM5 1B,0.015,432.321,69,64,0.160,1669,0.015,1,"A mysterious patron hired me to explore the crypts beneath the old cathedral, promising vast riches, but I found nothing but animated skeletons and deadly dart traps. I barely escaped. I suspect my patron intended for me to perish down there. Have you ever heard of a tall nobleman with a silver cane hiring adventurers for suicide missions in the crypts?","Garrick, rules, the Dark Lands  
Garrick, commands, the shadow army  
Garrick, wields, dark magic  
Garrick, seeks, world domination  
Garrick, hates, Torin  
Garrick, resides in, the Obsidian Fortress  
Garrick,"
MiniCPM5 1B,0.015,428.852,66,64,0.162,1813,0.015,1,"I wish to join the legendary fighting tournament held in the arena next week, but the registrar claims I need sponsorship from a recognized noble house or a prominent guild to even enter the qualifiers. I have no connections in this city, only my skill with a blade. How does a foreign warrior go about securing a sponsor around here?","Garrick, rules, the Dark Lands  
Garrick, commands, the shadow army  
Garrick, wields, dark magic  
Garrick, seeks, world domination  
Garrick, hates, Torin  
Garrick, resides in, the Obsidian Fortress  
Garrick,"
MiniCPM5 1B,0.015,428.246,69,64,0.162,1960,0.015,1,"My family's ancestral sword was taken by a corrupt tax collector who claimed it was payment for debts we never owed. I tracked his carriage to this town, but the locals are too frightened of his hired thugs to point me in the right direction. If I promise to cause no trouble in the streets, can you tell me where he is staying?","Garrick, rules, the Dark Lands  
Garrick, commands, the shadow army  
Garrick, wields, dark magic  
Garrick, seeks, world domination  
Garrick, hates, Torin  
Garrick, resides in, the Obsidian Fortress  
Garrick,"
MiniCPM5 1B,0.015,424.787,73,64,0.163,2111,0.015,1,"I have traveled far across the shifting sands of the eastern desert to find the fabled Oasis of Truth, where it is said a reflection in the water can reveal a person's true destiny. I have a map, but the landmarks don't match the current dunes. Are there any seasoned desert trackers or nomadic guides resting in the bazaar who could assist?","Garrick, rules, the Dark Lands  
Garrick, commands, the shadow army  
Garrick, wields, dark magic  
Garrick, seeks, world domination  
Garrick, hates, Torin  
Garrick, resides in, the Obsidian Fortress  
Garrick,"
MiniCPM5 1B,0.015,426.761,67,64,0.163,2256,0.015,1,"The mines have been shut down for two weeks, and the local economy is clearly suffering. A frightened miner told me they broke through a wall into a forgotten underground temple and awakened something that whispers in the dark. I specialize in dealing with subterranean horrors. Who holds the authority to grant me permission to enter the quarantined mining shafts?","Garrick, rules, the Dark Lands  
Garrick, commands, the shadow army  
Garrick, wields, dark magic  
Garrick, seeks, world domination  
Garrick, hates, Torin  
Garrick, resides in, the Obsidian Fortress  
Garrick,"
MiniCPM5 1B,0.015,424.422,73,64,0.164,2407,0.015,1,"I'm carrying highly volatile alchemical supplies meant for the war front, but my wagon threw a wheel on the rocky path just outside of town. If those vials sit in the midday sun for too long, they will detonate and level half this street. I need a master wainwright and a shaded warehouse immediately. Can you point me to the right people?","Garrick, rules, the Dark Lands  
Garrick, commands, the shadow army  
Garrick, wields, dark magic  
Garrick, seeks, world domination  
Garrick, hates, Torin  
Garrick, resides in, the Obsidian Fortress  
Garrick,"
MiniCPM5 1B,0.015,424.853,76,64,0.164,2561,0.015,1,"A bard in the previous village sang a ballad about a legendary forge hidden inside the caldera of Mount Cinder, where weapons of pure star-metal were supposedly crafted for the ancient gods. I have acquired a piece of fallen star-metal, but I need to know if the path up the mountain is passable, or if it is guarded by fire elementals as the song claims.","Garrick, rules, the Dark Lands  
Garrick, commands, the shadow army  
Garrick, wields, dark magic  
Garrick, seeks, world domination  
Garrick, hates, Torin  
Garrick, resides in, the Obsidian Fortress  
Garrick,"
Bonsai 4B,0.015,242.739,12,31,0.139,254,0.015,1,Where can I find the nearest blacksmith in this town?,I cannot provide information about blacksmiths or locations in this town. My knowledge is limited to the facts related to the Evil King and the Dark Lands.
Bonsai 4B,0.016,257.928,11,35,0.147,314,0.016,1,Have you seen any strange creatures in the woods lately?,"I have not seen any strange creatures in the woods lately. The Dark Lands are filled with shadows and unnatural forces, but I have not observed any creatures beyond the known realms."
Bonsai 4B,0.015,261.216,12,21,0.091,361,0.015,1,I need a healing potion. What is your best price?,I cannot provide a price for healing potions. I am an Evil King and do not sell such items.
Bonsai 4B,0.014,268.102,13,22,0.093,410,0.014,1,"Point me to the local tavern, friend. I am thirsty.",I cannot point you to a local tavern. I am an Evil King and do not operate in this town.
Bonsai 4B,0.014,271.225,9,23,0.095,456,0.014,1,Do you know who currently rules this kingdom?,I do not know who currently rules this kingdom. My knowledge is limited to the Dark Lands and the Shadow Army.
Bonsai 4B,0.014,273.283,12,44,0.172,526,0.014,1,Tell me the rumor about the abandoned castle on the hill.,"There is a rumor that the abandoned castle on the hill is haunted by a spectral knight who once fought the Evil King. Some say he still guards the ruins with dark magic, and the wind carries his voice at night."
Bonsai 4B,0.015,266.665,14,26,0.109,580,0.015,1,I am looking for work. Are there any bounties available?,I do not know if there are any bounties available. My knowledge is focused on the Evil King and the Shadow Army.
Bonsai 4B,0.015,271.361,9,40,0.159,643,0.015,1,What dangers lie beyond the snowy northern mountains?,"Beyond the snowy northern mountains lies the Dark Lands, where the Evil King rules and the shadows grow stronger. The land is filled with cursed creatures and cursed kingdoms, and travelers often vanish without a trace."
Bonsai 4B,0.015,266.926,10,26,0.109,693,0.015,1,Who is the captain of the town guard here?,I do not know who the captain of the town guard is. My knowledge is limited to the Evil King and the Shadow Army.
Bonsai 4B,0.015,261.881,10,23,0.099,740,0.015,1,Can you teach me how to pick locks safely?,I cannot teach you how to pick locks safely. My knowledge is focused on the Evil King and the Shadow Army.
Bonsai 4B,0.015,257.443,15,24,0.105,793,0.015,1,I've brought the goblin ears you requested. Here is the bag.,I do not know how to use goblin ears. My knowledge is limited to the Evil King and the Shadow Army.
Bonsai 4B,0.015,258.159,10,28,0.120,845,0.015,1,What gods do the people of this village worship?,I do not know the gods worshipped by the people of this village. My knowledge is limited to the Evil King and the Shadow Army.
Bonsai 4B,0.015,256.200,11,33,0.140,903,0.015,1,Is it safe to travel the main roads at night?,"Traveling the main roads at night is dangerous. The shadows in the Dark Lands grow long and restless, and the Evil King's shadow army moves through the night."
Bonsai 4B,0.015,250.459,12,22,0.099,951,0.015,1,"Sell me your finest sword, I have plenty of gold.",I cannot sell you a sword. I am an Evil King and do not engage in trade or sell weapons.
Bonsai 4B,0.016,254.925,12,32,0.137,1009,0.016,1,Have the bandits been causing trouble for the merchants recently?,"Yes, the bandits have been causing trouble for the merchants recently. They operate in the shadows and destroy markets, leaving only ashes and fear in their wake."
Bonsai 4B,0.015,253.182,10,28,0.122,1061,0.015,1,Where is the hidden shrine of the water goddess?,I do not know the location of the hidden shrine of the water goddess. My knowledge is limited to the Evil King and the Shadow Army.
Bonsai 4B,0.025,269.813,68,39,0.166,318,0.025,1,"I'm searching for a rare herb known as kingsfoil, supposedly growing only where the moonlight hits the ancient ruins of Eldoria. I've asked every merchant in the bazaar, but none possess it. Does anyone in this village venture deep enough into the enchanted forest to harvest such dangerous flora, or am I wasting my time here?","Garrick, the Evil King, has no interest in your quest for kingsfoil. He resides in the Obsidian Fortress and commands the Shadow Army, not for herbs, but for domination."
Bonsai 4B,0.027,269.336,64,48,0.201,444,0.027,1,"I just arrived from the capital, and the journey was fraught with perilous encounters. Bandits ambushed us near the river crossing, and strange howling kept us awake at night. We barely made it here with our lives. Do you know if the local guard is planning to secure the main trade routes anytime soon?","Garrick, the Evil King, does not oversee trade routes. He seeks world domination and wields dark magic, not guard duties. The forest and river crossings remain under his influence, but no official guard plans exist to secure them."
Bonsai 4B,0.027,265.152,63,49,0.209,570,0.027,1,My companions and I are tracking a notorious thief who stole a sacred relic from the high temple. He was last seen heading towards this settlement wearing a tattered crimson cloak and walking with a pronounced limp. Have you noticed anyone matching that description passing through the gates or staying at the local inn over the last three days?,"Garrick, the Evil King, has not observed anyone matching that description. He patrols the Obsidian Fortress and commands the Shadow Army, not local inns or trade gates. The crimson cloak and limp are not part of his known habits."
Bonsai 4B,0.029,265.464,68,58,0.243,710,0.029,1,"I hold a letter bearing the royal seal, meant only for the eyes of the Duke. However, I've heard troubling rumors that the Duke's court has been infiltrated by spies from the rival kingdom, making it dangerous to approach the keep directly. Is there a trusted intermediary in this town who can guarantee safe passage for this missive?","Garrick, the Evil King, has no trusted intermediary for royal letters. He does not allow safe passage to the Obsidian Fortress and has no interest in royal correspondence. The rumor of spies is true, but no one in this town is loyal to the Duke or the royal seal."
Bonsai 4B,0.030,259.989,73,57,0.245,854,0.030,1,"The mayor offered me a substantial bounty to clear out the goblin encampment to the west, but I suspect he's not telling me the whole truth. The tracks I found suggest a much larger force, perhaps even an organized hobgoblin warband. What can you tell me about the recent attacks, and is the mayor known to understate local threats?","Garrick, the Evil King, has not observed goblin attacks or the mayor's claims. The tracks you found suggest organized movement, but no evidence of a warband exists in the records. The mayor is known to understate local threats, especially those involving shadowy forces."
Bonsai 4B,0.030,261.840,73,64,0.271,1004,0.030,1,"I've been cursed by a swamp hag after I accidentally disturbed her ritual circle. Now, every time I try to sleep, I suffer from horrific nightmares and wake up with strange, dark bruises on my arms. The local priest's blessings had no effect. Do you know of any skilled hedge wizards or alchemists nearby who specialize in removing dark afflictions?","Garrick, the Evil King, has no knowledge of hedge wizards or alchemists who specialize in dark afflictions. He wields dark magic and commands the Shadow Army, but does not offer treatments for curses or physical symptoms. The only known skill in this area is his own, which he uses for domination,"
Bonsai 4B,0.030,256.561,67,60,0.260,1146,0.030,1,"We found an ancient stone tablet buried in the rubble of the fallen watchtower, covered in glowing runes that none of our scholars can decipher. Every time we bring it near a magical fire, the flames turn a bright, unnatural blue. Is there a resident mage or a learned historian in this settlement who might understand old Elven magic?","Garrick, the Evil King, has no interest in Elven magic or ancient runes. He resides in the Obsidian Fortress and wields dark magic, not studying elven inscriptions. The only resident who might know about such magic is a scholar who has long since vanished from the records."
Bonsai 4B,0.032,257.109,73,64,0.277,1296,0.032,1,"The harvest festival is approaching, but I noticed the grain silos are nearly empty and the farmers look terrified. A local boy mentioned that a massive, winged shadow was seen carrying off entire sheep in the dead of night. Are you dealing with a dragon, a manticore, or something else entirely, and why hasn't the militia done anything about it?","Garrick, the Evil King, does not deal with dragons, manticores, or winged shadows. He wields dark magic and commands the Shadow Army, but no such creatures are recorded in the Dark Lands. The militia has not responded because the threat is not recognized as a known enemy—only as a"
Bonsai 4B,0.038,254.563,69,64,0.286,1443,0.038,1,"I am looking to charter a ship to sail across the Whispering Sea, but every captain I speak to refuses the coin, claiming the waters are currently cursed by the drowned king. I need to reach the island of Karth before the lunar eclipse. Who is the bravest or perhaps the most desperate shipmaster currently docked in the harbor?","Garrick, the Evil King, has no interest in chartering ships or navigating the Whispering Sea. He wields dark magic and commands the Shadow Army, but no shipmaster is known to be brave or desperate. The cursed waters are not under his control, and no records indicate a shipmaster has been active"
Bonsai 4B,0.032,245.926,70,55,0.252,1583,0.032,1,"A mysterious patron hired me to explore the crypts beneath the old cathedral, promising vast riches, but I found nothing but animated skeletons and deadly dart traps. I barely escaped. I suspect my patron intended for me to perish down there. Have you ever heard of a tall nobleman with a silver cane hiring adventurers for suicide missions in the crypts?","Garrick, the Evil King, has never heard of a tall nobleman with a silver cane. He does not engage in such schemes, nor does he promote suicide missions. The crypts are not under his jurisdiction, and no such patron exists in the Dark Lands."
Bonsai 4B,0.033,245.843,65,62,0.281,1724,0.033,1,"I wish to join the legendary fighting tournament held in the arena next week, but the registrar claims I need sponsorship from a recognized noble house or a prominent guild to even enter the qualifiers. I have no connections in this city, only my skill with a blade. How does a foreign warrior go about securing a sponsor around here?","Garrick, the Evil King, does not recognize foreign warriors or offer sponsorship. He wields dark magic and commands the Shadow Army, but no noble house or guild has ever entered the tournament through foreign applicants. To gain entry, one must be a recognized participant or have a direct connection to the elite."
Bonsai 4B,0.034,244.017,69,56,0.259,1863,0.034,1,"My family's ancestral sword was taken by a corrupt tax collector who claimed it was payment for debts we never owed. I tracked his carriage to this town, but the locals are too frightened of his hired thugs to point me in the right direction. If I promise to cause no trouble in the streets, can you tell me where he is staying?","Garrick, the Evil King, does not track tax collectors or their carriages. He wields dark magic and commands the Shadow Army, but no such individual is known to reside here. The locals fear him, and he is not a recognized figure in the Dark Lands."
Bonsai 4B,0.034,242.254,73,56,0.261,2006,0.034,1,"I have traveled far across the shifting sands of the eastern desert to find the fabled Oasis of Truth, where it is said a reflection in the water can reveal a person's true destiny. I have a map, but the landmarks don't match the current dunes. Are there any seasoned desert trackers or nomadic guides resting in the bazaar who could assist?","Garrick, the Evil King, does not offer desert guides or track the shifting sands. He wields dark magic and commands the Shadow Army, but no nomadic guides are known to rest in this bazaar. The Oasis of Truth is not documented in any known records."
Bonsai 4B,0.034,241.820,70,58,0.270,2148,0.034,1,"The mines have been shut down for two weeks, and the local economy is clearly suffering. A frightened miner told me they broke through a wall into a forgotten underground temple and awakened something that whispers in the dark. I specialize in dealing with subterranean horrors. Who holds the authority to grant me permission to enter the quarantined mining shafts?","Garrick, the Evil King, does not grant permission to enter quarantined mining shafts. He wields dark magic and commands the Shadow Army, but no authority exists for such entry. The mines are under his control, and he has no interest in granting permission to outsiders."
Bonsai 4B,0.034,240.373,75,63,0.292,2300,0.034,1,"I'm carrying highly volatile alchemical supplies meant for the war front, but my wagon threw a wheel on the rocky path just outside of town. If those vials sit in the midday sun for too long, they will detonate and level half this street. I need a master wainwright and a shaded warehouse immediately. Can you point me to the right people?","Garrick, the Evil King, does not provide assistance with alchemical supplies or war front logistics. He wields dark magic and commands the Shadow Army, but no master wainwright or shaded warehouse exists in this settlement. You must seek help from the local guilds or war councils, not this place."
Bonsai 4B,0.036,240.583,76,64,0.298,2453,0.036,1,"A bard in the previous village sang a ballad about a legendary forge hidden inside the caldera of Mount Cinder, where weapons of pure star-metal were supposedly crafted for the ancient gods. I have acquired a piece of fallen star-metal, but I need to know if the path up the mountain is passable, or if it is guarded by fire elementals as the song claims.","Garrick, the Evil King, does not know of a forge or star-metal weapons. He wields dark magic and commands the Shadow Army, but no such forge exists in the Dark Lands. The path to the caldera is guarded by fire elementals, as per the song, but no one has confirmed or"
Qwen3.5 0.8B,0.013,236.779,12,25,0.115,260,0.013,1,Where can I find the nearest blacksmith in this town?,"I am not in a town, but I am in the Obsidian Fortress. I do not have a blacksmith nearby."
Qwen3.5 0.8B,0.014,238.902,11,21,0.098,306,0.014,1,Have you seen any strange creatures in the woods lately?,"No, I have not seen any strange creatures in the woods. I am in the Obsidian Fortress."
Qwen3.5 0.8B,0.014,229.555,12,13,0.066,345,0.014,1,I need a healing potion. What is your best price?,I cannot sell potions. I am an NPC named Garrick.
Qwen3.5 0.8B,0.014,234.888,13,15,0.073,387,0.014,1,"Point me to the local tavern, friend. I am thirsty.",I am not in a tavern. I am in the Obsidian Fortress.
Qwen3.5 0.8B,0.014,247.643,9,19,0.086,429,0.014,1,Do you know who currently rules this kingdom?,"No, I do not know who rules this kingdom. I am in the Obsidian Fortress."
Qwen3.5 0.8B,0.013,254.188,12,17,0.076,472,0.013,1,Tell me the rumor about the abandoned castle on the hill.,There is no such castle on the hill. I am in the Obsidian Fortress.
Qwen3.5 0.8B,0.013,264.439,14,24,0.100,524,0.013,1,I am looking for work. Are there any bounties available?,"I am not in a kingdom, so I do not have bounties. I am in the Obsidian Fortress."
Qwen3.5 0.8B,0.013,262.636,9,15,0.066,562,0.013,1,What dangers lie beyond the snowy northern mountains?,"The northern mountains are dangerous, but I am in the Obsidian Fortress."
Qwen3.5 0.8B,0.012,266.074,10,15,0.065,601,0.012,1,Who is the captain of the town guard here?,I am not in a town. I am in the Obsidian Fortress.
Qwen3.5 0.8B,0.013,267.734,10,15,0.065,640,0.013,1,Can you teach me how to pick locks safely?,I am not in a town. I am in the Obsidian Fortress.
Qwen3.5 0.8B,0.012,271.155,15,15,0.064,684,0.012,1,I've brought the goblin ears you requested. Here is the bag.,I am not in a town. I am in the Obsidian Fortress.
Qwen3.5 0.8B,0.012,273.558,10,15,0.063,723,0.012,1,What gods do the people of this village worship?,I am not in a village. I am in the Obsidian Fortress.
Qwen3.5 0.8B,0.012,281.477,11,22,0.086,770,0.012,1,Is it safe to travel the main roads at night?,"No, it is not safe to travel the main roads at night. I am in the Obsidian Fortress."
Qwen3.5 0.8B,0.011,279.227,12,15,0.062,811,0.011,1,"Sell me your finest sword, I have plenty of gold.",I am not in a town. I am in the Obsidian Fortress.
Qwen3.5 0.8B,0.012,288.495,12,22,0.085,859,0.012,1,Have the bandits been causing trouble for the merchants recently?,"No, the bandits have not been causing trouble for the merchants. I am in the Obsidian Fortress."
Qwen3.5 0.8B,0.011,283.995,10,15,0.061,898,0.011,1,Where is the hidden shrine of the water goddess?,I am not in a town. I am in the Obsidian Fortress.
Qwen3.5 0.8B,0.015,309.102,68,47,0.164,338,0.015,1,"I'm searching for a rare herb known as kingsfoil, supposedly growing only where the moonlight hits the ancient ruins of Eldoria. I've asked every merchant in the bazaar, but none possess it. Does anyone in this village venture deep enough into the enchanted forest to harvest such dangerous flora, or am I wasting my time here?","I am not aware of such a rare herb, nor have I ever ventured deep into the enchanted forest to harvest it. I am an Evil King and my only goal is to rule the Dark Lands, not to find a mythical plant."
Qwen3.5 0.8B,0.017,315.756,64,39,0.137,455,0.017,1,"I just arrived from the capital, and the journey was fraught with perilous encounters. Bandits ambushed us near the river crossing, and strange howling kept us awake at night. We barely made it here with our lives. Do you know if the local guard is planning to secure the main trade routes anytime soon?","The guard is not planning to secure the main trade routes anytime soon. I am an Evil King and my only goal is to rule the Dark Lands, not to protect the world from bandits."
Qwen3.5 0.8B,0.017,324.229,63,49,0.165,581,0.017,1,My companions and I are tracking a notorious thief who stole a sacred relic from the high temple. He was last seen heading towards this settlement wearing a tattered crimson cloak and walking with a pronounced limp. Have you noticed anyone matching that description passing through the gates or staying at the local inn over the last three days?,"I have not noticed anyone matching that description passing through the gates or staying at the local inn over the last three days. I am an Evil King and my only goal is to rule the Dark Lands, not to protect the world from bandits."
Qwen3.5 0.8B,0.016,324.588,68,42,0.142,705,0.016,1,"I hold a letter bearing the royal seal, meant only for the eyes of the Duke. However, I've heard troubling rumors that the Duke's court has been infiltrated by spies from the rival kingdom, making it dangerous to approach the keep directly. Is there a trusted intermediary in this town who can guarantee safe passage for this missive?","There is no trusted intermediary in this town who can guarantee safe passage for this missive. I am an Evil King and my only goal is to rule the Dark Lands, not to protect the world from spies."
Qwen3.5 0.8B,0.016,331.492,73,40,0.134,832,0.016,1,"The mayor offered me a substantial bounty to clear out the goblin encampment to the west, but I suspect he's not telling me the whole truth. The tracks I found suggest a much larger force, perhaps even an organized hobgoblin warband. What can you tell me about the recent attacks, and is the mayor known to understate local threats?","The mayor is not telling me the whole truth about the recent attacks. I am an Evil King and my only goal is to rule the Dark Lands, not to protect the world from hobgoblins."
Qwen3.5 0.8B,0.016,335.017,72,48,0.157,966,0.016,1,"I've been cursed by a swamp hag after I accidentally disturbed her ritual circle. Now, every time I try to sleep, I suffer from horrific nightmares and wake up with strange, dark bruises on my arms. The local priest's blessings had no effect. Do you know of any skilled hedge wizards or alchemists nearby who specialize in removing dark afflictions?","I do not know of any skilled hedge wizards or alchemists nearby who specialize in removing dark afflictions. I am an Evil King and my only goal is to rule the Dark Lands, not to cure the curse of the swamp hag."
Qwen3.5 0.8B,0.016,338.194,67,46,0.149,1093,0.016,1,"We found an ancient stone tablet buried in the rubble of the fallen watchtower, covered in glowing runes that none of our scholars can decipher. Every time we bring it near a magical fire, the flames turn a bright, unnatural blue. Is there a resident mage or a learned historian in this settlement who might understand old Elven magic?","There is no resident mage or learned historian in this settlement who might understand old Elven magic. I am an Evil King and my only goal is to rule the Dark Lands, not to decipher the runes of the fallen watchtower."
Qwen3.5 0.8B,0.016,341.233,73,42,0.136,1222,0.016,1,"The harvest festival is approaching, but I noticed the grain silos are nearly empty and the farmers look terrified. A local boy mentioned that a massive, winged shadow was seen carrying off entire sheep in the dead of night. Are you dealing with a dragon, a manticore, or something else entirely, and why hasn't the militia done anything about it?","I am not dealing with a dragon, a manticore, or something else entirely. I am an Evil King and my only goal is to rule the Dark Lands, not to protect the world from beasts."
Qwen3.5 0.8B,0.016,344.014,69,48,0.152,1353,0.016,1,"I am looking to charter a ship to sail across the Whispering Sea, but every captain I speak to refuses the coin, claiming the waters are currently cursed by the drowned king. I need to reach the island of Karth before the lunar eclipse. Who is the bravest or perhaps the most desperate shipmaster currently docked in the harbor?","The bravest or perhaps the most desperate shipmaster currently docked in the harbor is not a specific name, but I am an Evil King and my only goal is to rule the Dark Lands, not to sail across the Whispering Sea."
Qwen3.5 0.8B,0.016,345.416,70,47,0.149,1484,0.016,1,"A mysterious patron hired me to explore the crypts beneath the old cathedral, promising vast riches, but I found nothing but animated skeletons and deadly dart traps. I barely escaped. I suspect my patron intended for me to perish down there. Have you ever heard of a tall nobleman with a silver cane hiring adventurers for suicide missions in the crypts?","I have never heard of a tall nobleman with a silver cane hiring adventurers for suicide missions in the crypts. I am an Evil King and my only goal is to rule the Dark Lands, not to protect the world from skeletons."
Qwen3.5 0.8B,0.016,344.083,65,48,0.153,1611,0.016,1,"I wish to join the legendary fighting tournament held in the arena next week, but the registrar claims I need sponsorship from a recognized noble house or a prominent guild to even enter the qualifiers. I have no connections in this city, only my skill with a blade. How does a foreign warrior go about securing a sponsor around here?","A foreign warrior goes about securing a sponsor around here by showing their skill with a blade and proving they can defeat the local guards. I am an Evil King and my only goal is to rule the Dark Lands, not to join the tournament."
Qwen3.5 0.8B,0.016,341.913,69,35,0.116,1729,0.016,1,"My family's ancestral sword was taken by a corrupt tax collector who claimed it was payment for debts we never owed. I tracked his carriage to this town, but the locals are too frightened of his hired thugs to point me in the right direction. If I promise to cause no trouble in the streets, can you tell me where he is staying?","I cannot tell you where he is staying. I am an Evil King and my only goal is to rule the Dark Lands, not to protect the world from corrupt tax collectors."
Qwen3.5 0.8B,0.017,344.789,73,45,0.144,1861,0.017,1,"I have traveled far across the shifting sands of the eastern desert to find the fabled Oasis of Truth, where it is said a reflection in the water can reveal a person's true destiny. I have a map, but the landmarks don't match the current dunes. Are there any seasoned desert trackers or nomadic guides resting in the bazaar who could assist?","There are no seasoned desert trackers or nomadic guides resting in the bazaar who could assist. I am an Evil King and my only goal is to rule the Dark Lands, not to find the fabled Oasis of Truth."
Qwen3.5 0.8B,0.016,344.206,70,46,0.147,1991,0.016,1,"The mines have been shut down for two weeks, and the local economy is clearly suffering. A frightened miner told me they broke through a wall into a forgotten underground temple and awakened something that whispers in the dark. I specialize in dealing with subterranean horrors. Who holds the authority to grant me permission to enter the quarantined mining shafts?","I do not hold the authority to grant permission to enter the quarantined mining shafts. I am an Evil King and my only goal is to rule the Dark Lands, not to protect the world from subterranean horrors."
Qwen3.5 0.8B,0.017,342.721,75,36,0.119,2116,0.017,1,"I'm carrying highly volatile alchemical supplies meant for the war front, but my wagon threw a wheel on the rocky path just outside of town. If those vials sit in the midday sun for too long, they will detonate and level half this street. I need a master wainwright and a shaded warehouse immediately. Can you point me to the right people?","I cannot point you to the right people. I am an Evil King and my only goal is to rule the Dark Lands, not to protect the world from volatile alchemical supplies."
Qwen3.5 0.8B,0.017,344.782,76,45,0.144,2251,0.017,1,"A bard in the previous village sang a ballad about a legendary forge hidden inside the caldera of Mount Cinder, where weapons of pure star-metal were supposedly crafted for the ancient gods. I have acquired a piece of fallen star-metal, but I need to know if the path up the mountain is passable, or if it is guarded by fire elementals as the song claims.","I do not know if the path up the mountain is passable or guarded by fire elementals. I am an Evil King and my only goal is to rule the Dark Lands, not to protect the world from star-metal."
Bonsai 1.7B,0.008,386.301,12,32,0.089,255,0.008,1,Where can I find the nearest blacksmith in this town?,I don't know where to find the nearest blacksmith in this town. I'm an Evil King and I don't have access to local shops or information.
Bonsai 1.7B,0.009,390.884,11,32,0.089,312,0.009,1,Have you seen any strange creatures in the woods lately?,I haven't seen any strange creatures in the woods lately. I'm an Evil King and I don't have the ability to observe or report on such things.
Bonsai 1.7B,0.009,392.847,12,29,0.081,367,0.009,1,I need a healing potion. What is your best price?,I don't have a best price for healing potions. I'm an Evil King and I don't have the ability to offer or negotiate prices.
Bonsai 1.7B,0.009,397.924,13,32,0.087,426,0.009,1,"Point me to the local tavern, friend. I am thirsty.",I don't know where to point you to the local tavern. I'm an Evil King and I don't have the ability to navigate or find taverns.
Bonsai 1.7B,0.009,399.471,9,29,0.079,478,0.009,1,Do you know who currently rules this kingdom?,I don't know who currently rules this kingdom. I'm an Evil King and I don't have the ability to provide information about current rulers.
Bonsai 1.7B,0.009,398.487,12,32,0.087,536,0.009,1,Tell me the rumor about the abandoned castle on the hill.,I don't know the rumor about the abandoned castle on the hill. I'm an Evil King and I don't have the ability to share or tell rumors.
Bonsai 1.7B,0.009,404.772,14,33,0.088,597,0.009,1,I am looking for work. Are there any bounties available?,I don't know if there are any bounties available. I'm an Evil King and I don't have the ability to provide information about bounties.
Bonsai 1.7B,0.009,408.751,9,32,0.085,652,0.009,1,What dangers lie beyond the snowy northern mountains?,I don't know what dangers lie beyond the snowy northern mountains. I'm an Evil King and I don't have the ability to provide information about such dangers.
Bonsai 1.7B,0.009,410.914,10,34,0.089,710,0.009,1,Who is the captain of the town guard here?,I don't know who the captain of the town guard is. I'm an Evil King and I don't have the ability to provide information about the town guard captain.
Bonsai 1.7B,0.009,416.475,10,33,0.086,767,0.009,1,Can you teach me how to pick locks safely?,I don't know how to teach how to pick locks safely. I'm an Evil King and I don't have the ability to provide instructions on lock-picking.
Bonsai 1.7B,0.009,414.099,15,36,0.094,832,0.009,1,I've brought the goblin ears you requested. Here is the bag.,I don't know what the goblin ears you requested are. I'm an Evil King and I don't have the ability to provide information about what the goblin ears are.
Bonsai 1.7B,0.009,413.735,10,33,0.086,889,0.009,1,What gods do the people of this village worship?,I don't know what gods the people of this village worship. I'm an Evil King and I don't have the ability to provide information about local deities.
Bonsai 1.7B,0.009,413.574,11,35,0.091,949,0.009,1,Is it safe to travel the main roads at night?,I don't know if it's safe to travel the main roads at night. I'm an Evil King and I don't have the ability to provide information about road safety.
Bonsai 1.7B,0.009,412.594,12,33,0.087,1008,0.009,1,"Sell me your finest sword, I have plenty of gold.",I don't know if I can sell my finest sword to you. I'm an Evil King and I don't have the ability to provide information about selling weapons.
Bonsai 1.7B,0.009,417.949,12,37,0.095,1071,0.009,1,Have the bandits been causing trouble for the merchants recently?,I don't know if the bandits have been causing trouble for the merchants recently. I'm an Evil King and I don't have the ability to provide information about bandit activity.
Bonsai 1.7B,0.009,415.244,10,33,0.086,1128,0.009,1,Where is the hidden shrine of the water goddess?,I don't know where the hidden shrine of the water goddess is. I'm an Evil King and I don't have the ability to provide information about hidden places.
Bonsai 1.7B,0.013,465.423,68,64,0.149,342,0.013,1,"I'm searching for a rare herb known as kingsfoil, supposedly growing only where the moonlight hits the ancient ruins of Eldoria. I've asked every merchant in the bazaar, but none possess it. Does anyone in this village venture deep enough into the enchanted forest to harvest such dangerous flora, or am I wasting my time here?","Garrick, the Evil King, would not recommend venturing into the enchanted forest for the rare herb known as kingsfoil. The Dark Lands are not for the faint of heart, and the ancient ruins of Eldoria are not safe for the unwary. The village is not the place to find such dangerous flora."
Bonsai 1.7B,0.016,453.391,64,60,0.146,481,0.016,1,"I just arrived from the capital, and the journey was fraught with perilous encounters. Bandits ambushed us near the river crossing, and strange howling kept us awake at night. We barely made it here with our lives. Do you know if the local guard is planning to secure the main trade routes anytime soon?","Garrick, the Evil King, would not know if the local guard is planning to secure the main trade routes. The Dark Lands are not for the brave, and the ancient ruins of Eldoria are not safe for the unwary. The village is not the place to find such dangerous flora."
Bonsai 1.7B,0.016,451.806,63,54,0.133,612,0.016,1,My companions and I are tracking a notorious thief who stole a sacred relic from the high temple. He was last seen heading towards this settlement wearing a tattered crimson cloak and walking with a pronounced limp. Have you noticed anyone matching that description passing through the gates or staying at the local inn over the last three days?,"Garrick, the Evil King, would not know if anyone is matching the description. The Dark Lands are not for the brave, and the ancient ruins of Eldoria are not safe for the unwary. The village is not the place to find such dangerous flora."
Bonsai 1.7B,0.016,445.739,68,52,0.130,746,0.016,1,"I hold a letter bearing the royal seal, meant only for the eyes of the Duke. However, I've heard troubling rumors that the Duke's court has been infiltrated by spies from the rival kingdom, making it dangerous to approach the keep directly. Is there a trusted intermediary in this town who can guarantee safe passage for this missive?","Garrick, the Evil King, would not recommend approaching the keep directly. The Dark Lands are not for the brave, and the ancient ruins of Eldoria are not safe for the unwary. The village is not the place to find such dangerous flora."
Bonsai 1.7B,0.019,437.552,73,59,0.152,892,0.019,1,"The mayor offered me a substantial bounty to clear out the goblin encampment to the west, but I suspect he's not telling me the whole truth. The tracks I found suggest a much larger force, perhaps even an organized hobgoblin warband. What can you tell me about the recent attacks, and is the mayor known to understate local threats?","Garrick, the Evil King, would not recommend clearing out the goblin encampment to the west. The Dark Lands are not for the brave, and the ancient ruins of Eldoria are not safe for the unwary. The village is not the place to find such dangerous flora."
Bonsai 1.7B,0.017,431.391,73,57,0.147,1036,0.017,1,"I've been cursed by a swamp hag after I accidentally disturbed her ritual circle. Now, every time I try to sleep, I suffer from horrific nightmares and wake up with strange, dark bruises on my arms. The local priest's blessings had no effect. Do you know of any skilled hedge wizards or alchemists nearby who specialize in removing dark afflictions?","Garrick, the Evil King, would not recommend seeking out skilled hedge wizards or alchemists. The Dark Lands are not for the brave, and the ancient ruins of Eldoria are not safe for the unwary. The village is not the place to find such dangerous flora."
Bonsai 1.7B,0.017,430.844,67,57,0.147,1174,0.017,1,"We found an ancient stone tablet buried in the rubble of the fallen watchtower, covered in glowing runes that none of our scholars can decipher. Every time we bring it near a magical fire, the flames turn a bright, unnatural blue. Is there a resident mage or a learned historian in this settlement who might understand old Elven magic?","Garrick, the Evil King, would not recommend bringing the ancient stone tablet near a magical fire. The Dark Lands are not for the brave, and the ancient ruins of Eldoria are not safe for the unwary. The village is not the place to find such dangerous flora."
Bonsai 1.7B,0.017,424.061,73,57,0.149,1318,0.017,1,"The harvest festival is approaching, but I noticed the grain silos are nearly empty and the farmers look terrified. A local boy mentioned that a massive, winged shadow was seen carrying off entire sheep in the dead of night. Are you dealing with a dragon, a manticore, or something else entirely, and why hasn't the militia done anything about it?","Garrick, the Evil King, would not recommend dealing with a dragon or a manticore. The Dark Lands are not for the brave, and the ancient ruins of Eldoria are not safe for the unwary. The village is not the place to find such dangerous flora."
Bonsai 1.7B,0.017,431.207,69,57,0.147,1458,0.017,1,"I am looking to charter a ship to sail across the Whispering Sea, but every captain I speak to refuses the coin, claiming the waters are currently cursed by the drowned king. I need to reach the island of Karth before the lunar eclipse. Who is the bravest or perhaps the most desperate shipmaster currently docked in the harbor?","Garrick, the Evil King, would not recommend chartering a ship across the Whispering Sea. The Dark Lands are not for the brave, and the ancient ruins of Eldoria are not safe for the unwary. The village is not the place to find such dangerous flora."
Bonsai 1.7B,0.018,424.740,70,56,0.147,1598,0.018,1,"A mysterious patron hired me to explore the crypts beneath the old cathedral, promising vast riches, but I found nothing but animated skeletons and deadly dart traps. I barely escaped. I suspect my patron intended for me to perish down there. Have you ever heard of a tall nobleman with a silver cane hiring adventurers for suicide missions in the crypts?","Garrick, the Evil King, would not recommend exploring the crypts beneath the old cathedral. The Dark Lands are not for the brave, and the ancient ruins of Eldoria are not safe for the unwary. The village is not the place to find such dangerous flora."
Bonsai 1.7B,0.018,419.760,65,51,0.137,1728,0.018,1,"I wish to join the legendary fighting tournament held in the arena next week, but the registrar claims I need sponsorship from a recognized noble house or a prominent guild to even enter the qualifiers. I have no connections in this city, only my skill with a blade. How does a foreign warrior go about securing a sponsor around here?","Garrick, the Evil King, would not recommend joining the tournament. The Dark Lands are not for the brave, and the ancient ruins of Eldoria are not safe for the unwary. The village is not the place to find such dangerous flora."
Bonsai 1.7B,0.018,413.198,69,54,0.146,1865,0.018,1,"My family's ancestral sword was taken by a corrupt tax collector who claimed it was payment for debts we never owed. I tracked his carriage to this town, but the locals are too frightened of his hired thugs to point me in the right direction. If I promise to cause no trouble in the streets, can you tell me where he is staying?","Garrick, the Evil King, would not recommend tracking a tax collector's carriage. The Dark Lands are not for the brave, and the ancient ruins of Eldoria are not safe for the unwary. The village is not the place to find such dangerous flora."
Bonsai 1.7B,0.018,407.594,73,56,0.153,2008,0.018,1,"I have traveled far across the shifting sands of the eastern desert to find the fabled Oasis of Truth, where it is said a reflection in the water can reveal a person's true destiny. I have a map, but the landmarks don't match the current dunes. Are there any seasoned desert trackers or nomadic guides resting in the bazaar who could assist?","Garrick, the Evil King, would not recommend seeking out desert trackers or nomadic guides. The Dark Lands are not for the brave, and the ancient ruins of Eldoria are not safe for the unwary. The village is not the place to find such dangerous flora."
Bonsai 1.7B,0.020,401.110,70,56,0.157,2148,0.020,1,"The mines have been shut down for two weeks, and the local economy is clearly suffering. A frightened miner told me they broke through a wall into a forgotten underground temple and awakened something that whispers in the dark. I specialize in dealing with subterranean horrors. Who holds the authority to grant me permission to enter the quarantined mining shafts?","Garrick, the Evil King, would not recommend entering the quarantined mining shafts. The Dark Lands are not for the brave, and the ancient ruins of Eldoria are not safe for the unwary. The village is not the place to find such dangerous flora."
Bonsai 1.7B,0.020,396.417,75,59,0.166,2296,0.020,1,"I'm carrying highly volatile alchemical supplies meant for the war front, but my wagon threw a wheel on the rocky path just outside of town. If those vials sit in the midday sun for too long, they will detonate and level half this street. I need a master wainwright and a shaded warehouse immediately. Can you point me to the right people?","Garrick, the Evil King, would not recommend carrying highly volatile alchemical supplies in the midday sun. The Dark Lands are not for the brave, and the ancient ruins of Eldoria are not safe for the unwary. The village is not the place to find such dangerous flora."
Bonsai 1.7B,0.020,390.459,76,56,0.161,2442,0.020,1,"A bard in the previous village sang a ballad about a legendary forge hidden inside the caldera of Mount Cinder, where weapons of pure star-metal were supposedly crafted for the ancient gods. I have acquired a piece of fallen star-metal, but I need to know if the path up the mountain is passable, or if it is guarded by fire elementals as the song claims.","Garrick, the Evil King, would not recommend singing a ballad about a legendary forge. The Dark Lands are not for the brave, and the ancient ruins of Eldoria are not safe for the unwary. The village is not the place to find such dangerous flora."
LFM2.5 350M,0.004,695.650,13,12,0.020,245,0.004,1,Where can I find the nearest blacksmith in this town?,"Garrick, the shadow army, hates Torin."
LFM2.5 350M,0.005,704.827,12,12,0.021,278,0.005,1,Have you seen any strange creatures in the woods lately?,"Garrick, the dark magic, hates Torin."
LFM2.5 350M,0.005,742.675,14,21,0.032,322,0.005,1,I need a healing potion. What is your best price?,"Garrick, the dark magic, offers the best healing potion at a price of 15 gold."
LFM2.5 350M,0.005,762.017,16,31,0.045,378,0.005,1,"Point me to the local tavern, friend. I am thirsty.","Garrick, the dark magic, offers the best healing potion at a price of 15 gold. Point you to the local tavern, friend."
LFM2.5 350M,0.005,704.417,10,12,0.021,409,0.005,1,Do you know who currently rules this kingdom?,"Garrick, the shadow army, hates Torin."
LFM2.5 350M,0.005,734.268,13,19,0.030,450,0.005,1,Tell me the rumor about the abandoned castle on the hill.,"Garrick, the dark magic, has heard rumors of an abandoned castle on the hill."
LFM2.5 350M,0.005,744.944,15,23,0.035,497,0.005,1,I am looking for work. Are there any bounties available?,"Garrick, the shadow army, is seeking bounties for any work done in the Obsidian Fortress."
LFM2.5 350M,0.005,751.957,11,31,0.045,548,0.005,1,What dangers lie beyond the snowy northern mountains?,"Garrick, the dark magic, warns of dangers beyond the snowy northern mountains, including treacherous ice traps and hidden traps set by the locals."
LFM2.5 350M,0.005,696.621,11,12,0.021,580,0.005,1,Who is the captain of the town guard here?,"Garrick, the shadow army, hates Torin."
LFM2.5 350M,0.005,722.704,11,17,0.027,617,0.005,1,Can you teach me how to pick locks safely?,"Garrick, the dark magic, offers to teach you how to pick locks safely."
LFM2.5 350M,0.005,733.489,16,20,0.031,662,0.005,1,I've brought the goblin ears you requested. Here is the bag.,"Garrick, the dark magic, has the goblin ears you requested. Here is the bag."
LFM2.5 350M,0.005,731.438,11,20,0.031,702,0.005,1,What gods do the people of this village worship?,"Garrick, the dark magic, has heard whispers of the gods of the Dark Lands."
LFM2.5 350M,0.005,726.064,12,18,0.029,741,0.005,1,Is it safe to travel the main roads at night?,"Garrick, the dark magic, warns that the main roads are not safe at night."
LFM2.5 350M,0.005,704.794,14,19,0.031,783,0.005,1,"Sell me your finest sword, I have plenty of gold.","Garrick, the dark magic, offers the finest sword at a price of 20 gold."
LFM2.5 350M,0.005,706.786,13,16,0.027,821,0.005,1,Have the bandits been causing trouble for the merchants recently?,"Garrick, the shadow army, has been causing trouble for the merchants recently."
LFM2.5 350M,0.005,696.159,11,20,0.033,861,0.005,1,Where is the hidden shrine of the water goddess?,"Garrick, the dark magic, has heard rumors of a hidden shrine of the water goddess."
LFM2.5 350M,0.007,667.539,72,12,0.023,304,0.007,1,"I'm searching for a rare herb known as kingsfoil, supposedly growing only where the moonlight hits the ancient ruins of Eldoria. I've asked every merchant in the bazaar, but none possess it. Does anyone in this village venture deep enough into the enchanted forest to harvest such dangerous flora, or am I wasting my time here?","Garrick, the Evil King, hates the village."
LFM2.5 350M,0.008,675.700,67,12,0.025,392,0.008,1,"I just arrived from the capital, and the journey was fraught with perilous encounters. Bandits ambushed us near the river crossing, and strange howling kept us awake at night. We barely made it here with our lives. Do you know if the local guard is planning to secure the main trade routes anytime soon?","Garrick, the Evil King, hates the village."
LFM2.5 350M,0.008,669.927,69,13,0.026,483,0.008,1,My companions and I are tracking a notorious thief who stole a sacred relic from the high temple. He was last seen heading towards this settlement wearing a tattered crimson cloak and walking with a pronounced limp. Have you noticed anyone matching that description passing through the gates or staying at the local inn over the last three days?,"Garrick, the Evil King, hates the thief."
LFM2.5 350M,0.009,667.239,73,13,0.027,578,0.009,1,"I hold a letter bearing the royal seal, meant only for the eyes of the Duke. However, I've heard troubling rumors that the Duke's court has been infiltrated by spies from the rival kingdom, making it dangerous to approach the keep directly. Is there a trusted intermediary in this town who can guarantee safe passage for this missive?","Garrick, the Evil King, hates the rival kingdom."
LFM2.5 350M,0.009,660.784,77,12,0.025,676,0.009,1,"The mayor offered me a substantial bounty to clear out the goblin encampment to the west, but I suspect he's not telling me the whole truth. The tracks I found suggest a much larger force, perhaps even an organized hobgoblin warband. What can you tell me about the recent attacks, and is the mayor known to understate local threats?","Garrick, the Evil King, hates the mayor."
LFM2.5 350M,0.009,642.624,82,14,0.029,781,0.009,1,"I've been cursed by a swamp hag after I accidentally disturbed her ritual circle. Now, every time I try to sleep, I suffer from horrific nightmares and wake up with strange, dark bruises on my arms. The local priest's blessings had no effect. Do you know of any skilled hedge wizards or alchemists nearby who specialize in removing dark afflictions?","Garrick, the Evil King, hates the swamp hag."
LFM2.5 350M,0.009,649.716,75,12,0.026,877,0.009,1,"We found an ancient stone tablet buried in the rubble of the fallen watchtower, covered in glowing runes that none of our scholars can decipher. Every time we bring it near a magical fire, the flames turn a bright, unnatural blue. Is there a resident mage or a learned historian in this settlement who might understand old Elven magic?","Garrick, the Evil King, hates the settlement."
LFM2.5 350M,0.009,650.443,75,12,0.026,973,0.009,1,"The harvest festival is approaching, but I noticed the grain silos are nearly empty and the farmers look terrified. A local boy mentioned that a massive, winged shadow was seen carrying off entire sheep in the dead of night. Are you dealing with a dragon, a manticore, or something else entirely, and why hasn't the militia done anything about it?","Garrick, the Evil King, hates the militia."
LFM2.5 350M,0.009,675.276,74,13,0.027,1069,0.009,1,"I am looking to charter a ship to sail across the Whispering Sea, but every captain I speak to refuses the coin, claiming the waters are currently cursed by the drowned king. I need to reach the island of Karth before the lunar eclipse. Who is the bravest or perhaps the most desperate shipmaster currently docked in the harbor?","Garrick, the Evil King, hates the shipmaster."
LFM2.5 350M,0.009,672.463,75,13,0.027,1166,0.009,1,"A mysterious patron hired me to explore the crypts beneath the old cathedral, promising vast riches, but I found nothing but animated skeletons and deadly dart traps. I barely escaped. I suspect my patron intended for me to perish down there. Have you ever heard of a tall nobleman with a silver cane hiring adventurers for suicide missions in the crypts?","Garrick, the Evil King, hates the crypts."
LFM2.5 350M,0.009,672.924,70,13,0.027,1258,0.009,1,"I wish to join the legendary fighting tournament held in the arena next week, but the registrar claims I need sponsorship from a recognized noble house or a prominent guild to even enter the qualifiers. I have no connections in this city, only my skill with a blade. How does a foreign warrior go about securing a sponsor around here?","Garrick, the Evil King, hates the foreign warrior."
LFM2.5 350M,0.009,675.257,71,14,0.029,1352,0.009,1,"My family's ancestral sword was taken by a corrupt tax collector who claimed it was payment for debts we never owed. I tracked his carriage to this town, but the locals are too frightened of his hired thugs to point me in the right direction. If I promise to cause no trouble in the streets, can you tell me where he is staying?","Garrick, the Evil King, hates the corrupt tax collector."
LFM2.5 350M,0.009,669.600,77,13,0.027,1451,0.009,1,"I have traveled far across the shifting sands of the eastern desert to find the fabled Oasis of Truth, where it is said a reflection in the water can reveal a person's true destiny. I have a map, but the landmarks don't match the current dunes. Are there any seasoned desert trackers or nomadic guides resting in the bazaar who could assist?","Garrick, the Evil King, hates the bazaar."
LFM2.5 350M,0.010,636.193,74,12,0.027,1546,0.010,1,"The mines have been shut down for two weeks, and the local economy is clearly suffering. A frightened miner told me they broke through a wall into a forgotten underground temple and awakened something that whispers in the dark. I specialize in dealing with subterranean horrors. Who holds the authority to grant me permission to enter the quarantined mining shafts?","Garrick, the Evil King, hates the authorities."
LFM2.5 350M,0.010,653.444,76,12,0.027,1643,0.010,1,"I'm carrying highly volatile alchemical supplies meant for the war front, but my wagon threw a wheel on the rocky path just outside of town. If those vials sit in the midday sun for too long, they will detonate and level half this street. I need a master wainwright and a shaded warehouse immediately. Can you point me to the right people?","Garrick, the Evil King, hates the wagon."
LFM2.5 350M,0.010,652.345,83,12,0.027,1747,0.010,1,"A bard in the previous village sang a ballad about a legendary forge hidden inside the caldera of Mount Cinder, where weapons of pure star-metal were supposedly crafted for the ancient gods. I have acquired a piece of fallen star-metal, but I need to know if the path up the mountain is passable, or if it is guarded by fire elementals as the song claims.","Garrick, the Evil King, hates the path."
LFM2.5 230M,0.004,708.886,13,30,0.045,263,0.004,1,Where can I find the nearest blacksmith in this town?,"I don’t have a physical location, but I can tell you that the nearest blacksmith in this town is located at the Obsidian Fortress."
LFM2.5 230M,0.005,723.430,12,39,0.058,323,0.005,1,Have you seen any strange creatures in the woods lately?,"I don’t have personal experiences or current observations, but I can share that strange creatures have been reported in the woods lately. Would you like me to share more details about what’s been observed?"
LFM2.5 230M,0.005,733.515,14,59,0.084,405,0.005,1,I need a healing potion. What is your best price?,"I don’t have access to pricing information, but I can tell you that healing potions are typically crafted by skilled artisans and are often available for purchase at local blacksmiths or specialty stores. Would you like me to share more details about the craftsmanship or availability of such items?"
LFM2.5 230M,0.005,751.702,16,64,0.089,493,0.005,1,"Point me to the local tavern, friend. I am thirsty.","I don’t have access to real-time information or location-based services, but I can suggest you check a local tavern’s website or contact them directly for the best place to find a place to drink and get thirsty. Would you like me to share more details about tavern recommendations or local tavern etiquette"
LFM2.5 230M,0.005,743.123,10,61,0.086,574,0.005,1,Do you know who currently rules this kingdom?,"I don’t have access to real-time information about current rulers or political structures, but I can share that the kingdom is governed by the Dark King, who wields dark magic and commands the shadow army. Would you like me to provide more details about the Dark King’s role or the kingdom’s history?"
LFM2.5 230M,0.005,757.752,13,64,0.088,659,0.005,1,Tell me the rumor about the abandoned castle on the hill.,"I don’t have access to current rumors or unverified information, but I can share that the abandoned castle on the hill is rumored to be a former stronghold of the Dark King, rumored to hold dark magic and be used for dark rituals. Would you like me to share more details about this legend"
LFM2.5 230M,0.005,762.077,15,64,0.088,747,0.005,1,I am looking for work. Are there any bounties available?,"I don’t have access to real-time employment data or current bounties, but I can share that the Dark King’s domain is known for its dark magic and dark rituals, which could potentially offer bounties in certain circumstances. Would you like me to provide more details about the Dark King’s influence or the potential"
LFM2.5 230M,0.005,761.533,11,64,0.088,831,0.005,1,What dangers lie beyond the snowy northern mountains?,"I don’t have access to real-time information about dangers beyond the snowy northern mountains, but I can share that the Dark King’s domain is known for its dark magic and dark rituals, which could potentially offer bounties in certain circumstances. Would you like me to provide more details about the Dark King’s influence or"
LFM2.5 230M,0.005,753.436,11,57,0.079,909,0.005,1,Who is the captain of the town guard here?,"I don’t have access to real-time information about the town guard’s current status, but I can share that the town guard is typically responsible for maintaining order, protecting the inhabitants, and assisting with daily tasks. Would you like me to provide more details about typical roles or responsibilities?"
LFM2.5 230M,0.005,767.938,11,64,0.087,992,0.005,1,Can you teach me how to pick locks safely?,"I don’t have access to real-time information or specific safety guidelines, but I can share that selecting the right locks is a fundamental part of locking security. Here’s a general approach:

1. **Research the type of lock**: Different locks (e.g., key-based, card, or smart) have"
LFM2.5 230M,0.005,752.459,16,56,0.078,1074,0.005,1,I've brought the goblin ears you requested. Here is the bag.,"I don’t have access to real-time information about items you’ve brought, but I can share that goblin ears are a common item in many goblin cultures, often used for sound amplification or as a decorative item. Would you like more details about their history or cultural significance?"
LFM2.5 230M,0.005,760.134,11,58,0.080,1152,0.005,1,What gods do the people of this village worship?,"I don’t have access to specific details about the village’s religious practices, but I can share that in many villages, the people of this village worship various deities or spirits associated with nature, agriculture, or protection. Would you like me to share more about common folk traditions or local legends?"
LFM2.5 230M,0.005,773.585,12,64,0.087,1236,0.005,1,Is it safe to travel the main roads at night?,"I don’t have access to real-time information about road conditions or safety protocols, but I can share that traveling the main roads at night is generally safe if you follow standard precautions such as avoiding heavy traffic, staying on marked paths, and being aware of your surroundings. Would you like me to provide general safety tips for traveling"
LFM2.5 230M,0.005,751.939,14,57,0.080,1317,0.005,1,"Sell me your finest sword, I have plenty of gold.","I don’t have access to real-time information about specific items or products, but I can share that a fine sword is typically crafted by skilled artisans and is known for its quality and craftsmanship. Would you like me to provide more details about sword-making techniques or historical context?"
LFM2.5 230M,0.005,757.301,13,57,0.079,1396,0.005,1,Have the bandits been causing trouble for the merchants recently?,"I don’t have access to real-time information about current events or the impact of bandits on merchants, but I can share that bandits are often known for causing disruptions to trade and causing economic instability. Would you like me to provide historical context about their impact on local economies?"
LFM2.5 230M,0.005,770.731,11,64,0.087,1479,0.005,1,Where is the hidden shrine of the water goddess?,"I don’t have access to real-time information about specific locations or hidden shrines, but I can share that the hidden shrine of the water goddess is typically located in a secluded or sacred area, often near a river, lake, or ancient waterway. Would you like me to provide more details about its location or"
LFM2.5 230M,0.006,793.784,72,64,0.085,355,0.006,1,"I'm searching for a rare herb known as kingsfoil, supposedly growing only where the moonlight hits the ancient ruins of Eldoria. I've asked every merchant in the bazaar, but none possess it. Does anyone in this village venture deep enough into the enchanted forest to harvest such dangerous flora, or am I wasting my time here?","I don’t have personal preferences, but I can share that the rare kingsfoil is said to grow only where moonlight hits the ancient ruins of Eldoria. It’s a mythical herb, and its cultivation requires specific conditions—perhaps the moonlight, rare minerals, or a specific ritual. If you’re looking"
LFM2.5 230M,0.008,797.259,67,64,0.087,495,0.008,1,"I just arrived from the capital, and the journey was fraught with perilous encounters. Bandits ambushed us near the river crossing, and strange howling kept us awake at night. We barely made it here with our lives. Do you know if the local guard is planning to secure the main trade routes anytime soon?","I don’t have access to real-time information or local guard plans, but based on the rumors and the context of your situation, it’s likely the local guard is monitoring the trade routes closely. Rumors suggest bandits are ambushing you near the river crossing, and howling is a common warning sign. If"
LFM2.5 230M,0.008,793.661,69,64,0.087,637,0.008,1,My companions and I are tracking a notorious thief who stole a sacred relic from the high temple. He was last seen heading towards this settlement wearing a tattered crimson cloak and walking with a pronounced limp. Have you noticed anyone matching that description passing through the gates or staying at the local inn over the last three days?,"I don’t have personal knowledge of current sightings or local activity, but based on the description of the thief and the context of your situation, it’s likely the thief is still active and moving through the gates or staying at the inn. Rumors suggest bandits are still ambushing you near the river crossing"
LFM2.5 230M,0.008,782.061,73,64,0.089,783,0.008,1,"I hold a letter bearing the royal seal, meant only for the eyes of the Duke. However, I've heard troubling rumors that the Duke's court has been infiltrated by spies from the rival kingdom, making it dangerous to approach the keep directly. Is there a trusted intermediary in this town who can guarantee safe passage for this missive?","I don’t have access to real-time information or local rumors, but based on the context of your situation, I can infer that a trusted intermediary in this town would likely be someone who can provide guidance or assistance in ensuring safe passage for your missive. However, without specific details about the town’s reputation or"
LFM2.5 230M,0.008,784.835,77,64,0.089,933,0.008,1,"The mayor offered me a substantial bounty to clear out the goblin encampment to the west, but I suspect he's not telling me the whole truth. The tracks I found suggest a much larger force, perhaps even an organized hobgoblin warband. What can you tell me about the recent attacks, and is the mayor known to understate local threats?","I don’t have access to real-time information or local rumors, but based on the context of your situation, I can infer that the mayor’s bounty is likely a significant reward for clearing out the goblin encampment. However, I cannot confirm whether the mayor is known to understate local threats without additional"
LFM2.5 230M,0.008,789.083,82,64,0.088,1088,0.008,1,"I've been cursed by a swamp hag after I accidentally disturbed her ritual circle. Now, every time I try to sleep, I suffer from horrific nightmares and wake up with strange, dark bruises on my arms. The local priest's blessings had no effect. Do you know of any skilled hedge wizards or alchemists nearby who specialize in removing dark afflictions?","I don’t have access to real-time information or local knowledge, but based on the description of the curse and the context of your situation, I can infer that skilled hedge wizards or alchemists in the area might be relevant. However, without specific details about their expertise or availability, I can only state that"
LFM2.5 230M,0.009,787.305,75,64,0.089,1236,0.009,1,"We found an ancient stone tablet buried in the rubble of the fallen watchtower, covered in glowing runes that none of our scholars can decipher. Every time we bring it near a magical fire, the flames turn a bright, unnatural blue. Is there a resident mage or a learned historian in this settlement who might understand old Elven magic?","I don’t have access to real-time information or local knowledge, but based on the description of the curse and the context of your situation, I can infer that a resident mage or a learned historian in this settlement might be relevant. However, without specific details about their expertise or availability, I can only state that such"
LFM2.5 230M,0.009,786.040,75,64,0.089,1384,0.009,1,"The harvest festival is approaching, but I noticed the grain silos are nearly empty and the farmers look terrified. A local boy mentioned that a massive, winged shadow was seen carrying off entire sheep in the dead of night. Are you dealing with a dragon, a manticore, or something else entirely, and why hasn't the militia done anything about it?","I don’t have access to real-time information or local knowledge, but based on the description of the dragon and the context of your situation, I can infer that a dragon is likely the most plausible threat. The mention of a ""winged shadow"" carrying off sheep suggests a dragon, as such creatures are known to"
LFM2.5 230M,0.029,779.534,74,54,0.097,1521,0.029,1,"I am looking to charter a ship to sail across the Whispering Sea, but every captain I speak to refuses the coin, claiming the waters are currently cursed by the drowned king. I need to reach the island of Karth before the lunar eclipse. Who is the bravest or perhaps the most desperate shipmaster currently docked in the harbor?","I don’t have access to real-time information or current shipment details, but based on the description of the drowned king and the lunar eclipse, I can infer that the bravest or most desperate shipmaster currently docked in the harbor might be the most desperate."
LFM2.5 230M,0.009,790.430,75,64,0.088,1668,0.009,1,"A mysterious patron hired me to explore the crypts beneath the old cathedral, promising vast riches, but I found nothing but animated skeletons and deadly dart traps. I barely escaped. I suspect my patron intended for me to perish down there. Have you ever heard of a tall nobleman with a silver cane hiring adventurers for suicide missions in the crypts?","I don’t have access to real-time information or personal accounts, but based on the description of the crypts and the patron’s description, I can infer that a tall nobleman with a silver cane hiring adventurers for suicide missions in the crypts might be the most desperate shipmaster currently docked in the harbor."
LFM2.5 230M,0.009,767.734,70,55,0.079,1803,0.009,1,"I wish to join the legendary fighting tournament held in the arena next week, but the registrar claims I need sponsorship from a recognized noble house or a prominent guild to even enter the qualifiers. I have no connections in this city, only my skill with a blade. How does a foreign warrior go about securing a sponsor around here?","I don’t have access to real-time information or local knowledge, but based on the description of the tournament and the patron’s description, I can infer that a foreign warrior would likely seek sponsorship from a recognized noble house or a prominent guild to enter the qualifiers."
LFM2.5 230M,0.009,781.501,71,64,0.089,1946,0.009,1,"My family's ancestral sword was taken by a corrupt tax collector who claimed it was payment for debts we never owed. I tracked his carriage to this town, but the locals are too frightened of his hired thugs to point me in the right direction. If I promise to cause no trouble in the streets, can you tell me where he is staying?","I don’t have access to real-time information or local knowledge, but based on the description of the corrupt tax collector and the town’s fear of his hired thugs, I can infer that he is likely staying in a place known for its security or a location that is less frequented by thugs. However, without"
LFM2.5 230M,0.009,773.668,77,64,0.090,2096,0.009,1,"I have traveled far across the shifting sands of the eastern desert to find the fabled Oasis of Truth, where it is said a reflection in the water can reveal a person's true destiny. I have a map, but the landmarks don't match the current dunes. Are there any seasoned desert trackers or nomadic guides resting in the bazaar who could assist?","I don’t have access to real-time information or local knowledge, but based on the description of the desert and the map, I can infer that seasoned desert trackers or nomadic guides might be present in the bazaar. However, without specific details about their expertise or availability, I can only state that they could"
LFM2.5 230M,0.009,767.277,74,63,0.090,2243,0.009,1,"The mines have been shut down for two weeks, and the local economy is clearly suffering. A frightened miner told me they broke through a wall into a forgotten underground temple and awakened something that whispers in the dark. I specialize in dealing with subterranean horrors. Who holds the authority to grant me permission to enter the quarantined mining shafts?","I don’t have access to real-time information or local knowledge, but based on the description of the mine and the miner’s expertise, I can infer that the authority to grant permission to enter the quarantined mining shafts might be held by a respected or experienced individual in the field of subterranean horrors."
LFM2.5 230M,0.009,777.202,76,64,0.090,2391,0.009,1,"I'm carrying highly volatile alchemical supplies meant for the war front, but my wagon threw a wheel on the rocky path just outside of town. If those vials sit in the midday sun for too long, they will detonate and level half this street. I need a master wainwright and a shaded warehouse immediately. Can you point me to the right people?","I don’t have access to real-time information or local knowledge, but based on the description of the alchemical supplies and the need for a master wainwright and a shaded warehouse, I can infer that a skilled master wainwright and a well-ventilated, shaded warehouse would be ideal for handling the volatile"
LFM2.5 230M,0.009,763.104,83,58,0.084,2542,0.009,1,"A bard in the previous village sang a ballad about a legendary forge hidden inside the caldera of Mount Cinder, where weapons of pure star-metal were supposedly crafted for the ancient gods. I have acquired a piece of fallen star-metal, but I need to know if the path up the mountain is passable, or if it is guarded by fire elementals as the song claims.","I don’t have access to real-time information or local knowledge, but based on the description of the legendary forge and the song’s claim, I can infer that the path up the mountain is likely passable, though it may be guarded by fire elementals as the song suggests."
