--- Qwen3.6 35B A3B ---
--- nvidia Nemotron 3.5 30B A30B ---
--- GLM 4.7 Flash A3B ---
--- Gemma 4 26B A4B ---
--- LFM2 24B A2B q4_k_m ---
--- GLM 4.7 Flash REAP 23B A3B ---
--- gpt oss 20B ---
[gpt oss 20B] 0. short query
Llama.generate: 200 prefix-match hit, remaining 28 prompt tokens to eval
llama_perf_context_print:        load time =     604.78 ms
llama_perf_context_print: prompt eval time =      93.23 ms /    28 tokens (    3.33 ms per token,   300.34 tokens per second)
llama_perf_context_print:        eval time =     119.22 ms /    10 runs   (   11.92 ms per token,    83.88 tokens per second)
llama_perf_context_print:       total time =     214.95 ms /    38 tokens
llama_perf_context_print:    graphs reused =          9
[gpt oss 20B] 1. short query
Llama.generate: 238 prefix-match hit, remaining 28 prompt tokens to eval
llama_perf_context_print:        load time =     604.78 ms
llama_perf_context_print: prompt eval time =      94.02 ms /    28 tokens (    3.36 ms per token,   297.82 tokens per second)
llama_perf_context_print:        eval time =     131.50 ms /    11 runs   (   11.95 ms per token,    83.65 tokens per second)
llama_perf_context_print:       total time =     228.23 ms /    39 tokens
llama_perf_context_print:    graphs reused =         10
[gpt oss 20B] 2. short query
Llama.generate: 277 prefix-match hit, remaining 29 prompt tokens to eval
llama_perf_context_print:        load time =     604.78 ms
llama_perf_context_print: prompt eval time =      95.37 ms /    29 tokens (    3.29 ms per token,   304.08 tokens per second)
llama_perf_context_print:        eval time =     109.49 ms /     9 runs   (   12.17 ms per token,    82.20 tokens per second)
llama_perf_context_print:       total time =     207.00 ms /    38 tokens
llama_perf_context_print:    graphs reused =          8
[gpt oss 20B] 3. short query
Llama.generate: 315 prefix-match hit, remaining 31 prompt tokens to eval
llama_perf_context_print:        load time =     604.78 ms
llama_perf_context_print: prompt eval time =      92.99 ms /    31 tokens (    3.00 ms per token,   333.38 tokens per second)
llama_perf_context_print:        eval time =     204.90 ms /    17 runs   (   12.05 ms per token,    82.97 tokens per second)
llama_perf_context_print:       total time =     302.03 ms /    48 tokens
llama_perf_context_print:    graphs reused =         16
[gpt oss 20B] 4. short query
Llama.generate: 363 prefix-match hit, remaining 26 prompt tokens to eval
llama_perf_context_print:        load time =     604.78 ms
llama_perf_context_print: prompt eval time =      93.55 ms /    26 tokens (    3.60 ms per token,   277.94 tokens per second)
llama_perf_context_print:        eval time =     168.16 ms /    14 runs   (   12.01 ms per token,    83.25 tokens per second)
llama_perf_context_print:       total time =     265.30 ms /    40 tokens
llama_perf_context_print:    graphs reused =         13
[gpt oss 20B] 5. short query
Llama.generate: 403 prefix-match hit, remaining 29 prompt tokens to eval
llama_perf_context_print:        load time =     604.78 ms
llama_perf_context_print: prompt eval time =      92.89 ms /    29 tokens (    3.20 ms per token,   312.19 tokens per second)
llama_perf_context_print:        eval time =     264.79 ms /    22 runs   (   12.04 ms per token,    83.09 tokens per second)
llama_perf_context_print:       total time =     362.85 ms /    51 tokens
llama_perf_context_print:    graphs reused =         21
[gpt oss 20B] 6. short query
Llama.generate: 454 prefix-match hit, remaining 31 prompt tokens to eval
llama_perf_context_print:        load time =     604.78 ms
llama_perf_context_print: prompt eval time =      95.17 ms /    31 tokens (    3.07 ms per token,   325.74 tokens per second)
llama_perf_context_print:        eval time =     180.05 ms /    15 runs   (   12.00 ms per token,    83.31 tokens per second)
llama_perf_context_print:       total time =     278.98 ms /    46 tokens
llama_perf_context_print:    graphs reused =         14
[gpt oss 20B] 7. short query
Llama.generate: 500 prefix-match hit, remaining 26 prompt tokens to eval
llama_perf_context_print:        load time =     604.78 ms
llama_perf_context_print: prompt eval time =      93.95 ms /    26 tokens (    3.61 ms per token,   276.73 tokens per second)
llama_perf_context_print:        eval time =     167.25 ms /    14 runs   (   11.95 ms per token,    83.71 tokens per second)
llama_perf_context_print:       total time =     264.79 ms /    40 tokens
llama_perf_context_print:    graphs reused =         13
[gpt oss 20B] 8. short query
Llama.generate: 540 prefix-match hit, remaining 27 prompt tokens to eval
llama_perf_context_print:        load time =     604.78 ms
llama_perf_context_print: prompt eval time =      95.20 ms /    27 tokens (    3.53 ms per token,   283.62 tokens per second)
llama_perf_context_print:        eval time =     225.46 ms /    19 runs   (   11.87 ms per token,    84.27 tokens per second)
llama_perf_context_print:       total time =     325.15 ms /    46 tokens
llama_perf_context_print:    graphs reused =         18
[gpt oss 20B] 9. short query
Llama.generate: 586 prefix-match hit, remaining 27 prompt tokens to eval
llama_perf_context_print:        load time =     604.78 ms
llama_perf_context_print: prompt eval time =      94.69 ms /    27 tokens (    3.51 ms per token,   285.16 tokens per second)
llama_perf_context_print:        eval time =     107.34 ms /     9 runs   (   11.93 ms per token,    83.84 tokens per second)
llama_perf_context_print:       total time =     204.67 ms /    36 tokens
llama_perf_context_print:    graphs reused =          8
[gpt oss 20B] 10. short query
Llama.generate: 622 prefix-match hit, remaining 31 prompt tokens to eval
llama_perf_context_print:        load time =     604.78 ms
llama_perf_context_print: prompt eval time =      95.28 ms /    31 tokens (    3.07 ms per token,   325.36 tokens per second)
llama_perf_context_print:        eval time =      83.53 ms /     7 runs   (   11.93 ms per token,    83.81 tokens per second)
llama_perf_context_print:       total time =     181.04 ms /    38 tokens
llama_perf_context_print:    graphs reused =          6
[gpt oss 20B] 11. short query
Llama.generate: 660 prefix-match hit, remaining 27 prompt tokens to eval
llama_perf_context_print:        load time =     604.78 ms
llama_perf_context_print: prompt eval time =      93.99 ms /    27 tokens (    3.48 ms per token,   287.27 tokens per second)
llama_perf_context_print:        eval time =     143.25 ms /    12 runs   (   11.94 ms per token,    83.77 tokens per second)
llama_perf_context_print:       total time =     240.45 ms /    39 tokens
llama_perf_context_print:    graphs reused =         11
[gpt oss 20B] 12. short query
Llama.generate: 699 prefix-match hit, remaining 28 prompt tokens to eval
llama_perf_context_print:        load time =     604.78 ms
llama_perf_context_print: prompt eval time =      96.87 ms /    28 tokens (    3.46 ms per token,   289.04 tokens per second)
llama_perf_context_print:        eval time =     143.24 ms /    12 runs   (   11.94 ms per token,    83.78 tokens per second)
llama_perf_context_print:       total time =     243.29 ms /    40 tokens
llama_perf_context_print:    graphs reused =         11
[gpt oss 20B] 13. short query
Llama.generate: 739 prefix-match hit, remaining 29 prompt tokens to eval
llama_perf_context_print:        load time =     604.78 ms
llama_perf_context_print: prompt eval time =      94.41 ms /    29 tokens (    3.26 ms per token,   307.16 tokens per second)
llama_perf_context_print:        eval time =     168.37 ms /    14 runs   (   12.03 ms per token,    83.15 tokens per second)
llama_perf_context_print:       total time =     266.41 ms /    43 tokens
llama_perf_context_print:    graphs reused =         13
[gpt oss 20B] 14. short query
Llama.generate: 782 prefix-match hit, remaining 29 prompt tokens to eval
llama_perf_context_print:        load time =     604.78 ms
llama_perf_context_print: prompt eval time =      94.92 ms /    29 tokens (    3.27 ms per token,   305.51 tokens per second)
llama_perf_context_print:        eval time =     157.13 ms /    13 runs   (   12.09 ms per token,    82.73 tokens per second)
llama_perf_context_print:       total time =     255.50 ms /    42 tokens
llama_perf_context_print:    graphs reused =         12
[gpt oss 20B] 15. short query
Llama.generate: 824 prefix-match hit, remaining 27 prompt tokens to eval
llama_perf_context_print:        load time =     604.78 ms
llama_perf_context_print: prompt eval time =      94.66 ms /    27 tokens (    3.51 ms per token,   285.24 tokens per second)
llama_perf_context_print:        eval time =     181.01 ms /    15 runs   (   12.07 ms per token,    82.87 tokens per second)
llama_perf_context_print:       total time =     279.78 ms /    42 tokens
llama_perf_context_print:    graphs reused =         14
[gpt oss 20B] 0. long query
Llama.generate: 200 prefix-match hit, remaining 82 prompt tokens to eval
llama_perf_context_print:        load time =     604.78 ms
llama_perf_context_print: prompt eval time =     121.08 ms /    82 tokens (    1.48 ms per token,   677.27 tokens per second)
llama_perf_context_print:        eval time =     168.02 ms /    14 runs   (   12.00 ms per token,    83.32 tokens per second)
llama_perf_context_print:       total time =     293.31 ms /    96 tokens
llama_perf_context_print:    graphs reused =         13
[gpt oss 20B] 1. long query
Llama.generate: 296 prefix-match hit, remaining 82 prompt tokens to eval
llama_perf_context_print:        load time =     604.78 ms
llama_perf_context_print: prompt eval time =     122.69 ms /    82 tokens (    1.50 ms per token,   668.36 tokens per second)
llama_perf_context_print:        eval time =     111.31 ms /     9 runs   (   12.37 ms per token,    80.85 tokens per second)
llama_perf_context_print:       total time =     236.79 ms /    91 tokens
llama_perf_context_print:    graphs reused =          8
[gpt oss 20B] 2. long query
Llama.generate: 387 prefix-match hit, remaining 80 prompt tokens to eval
llama_perf_context_print:        load time =     604.78 ms
llama_perf_context_print: prompt eval time =     123.72 ms /    80 tokens (    1.55 ms per token,   646.61 tokens per second)
llama_perf_context_print:        eval time =     159.53 ms /    13 runs   (   12.27 ms per token,    81.49 tokens per second)
llama_perf_context_print:       total time =     286.49 ms /    93 tokens
llama_perf_context_print:    graphs reused =         12
[gpt oss 20B] 3. long query
Llama.generate: 480 prefix-match hit, remaining 84 prompt tokens to eval
llama_perf_context_print:        load time =     604.78 ms
llama_perf_context_print: prompt eval time =     123.97 ms /    84 tokens (    1.48 ms per token,   677.58 tokens per second)
llama_perf_context_print:        eval time =     158.96 ms /    13 runs   (   12.23 ms per token,    81.78 tokens per second)
llama_perf_context_print:       total time =     286.79 ms /    97 tokens
llama_perf_context_print:    graphs reused =         12
[gpt oss 20B] 4. long query
Llama.generate: 577 prefix-match hit, remaining 90 prompt tokens to eval
llama_perf_context_print:        load time =     604.78 ms
llama_perf_context_print: prompt eval time =     127.77 ms /    90 tokens (    1.42 ms per token,   704.39 tokens per second)
llama_perf_context_print:        eval time =     159.49 ms /    13 runs   (   12.27 ms per token,    81.51 tokens per second)
llama_perf_context_print:       total time =     291.12 ms /   103 tokens
llama_perf_context_print:    graphs reused =         12
[gpt oss 20B] 5. long query
Llama.generate: 680 prefix-match hit, remaining 91 prompt tokens to eval
llama_perf_context_print:        load time =     604.78 ms
llama_perf_context_print: prompt eval time =    1416.11 ms /    91 tokens (   15.56 ms per token,    64.26 tokens per second)
llama_perf_context_print:        eval time =     158.08 ms /    13 runs   (   12.16 ms per token,    82.24 tokens per second)
llama_perf_context_print:       total time =    1577.56 ms /   104 tokens
llama_perf_context_print:    graphs reused =         12
[gpt oss 20B] 6. long query
Llama.generate: 784 prefix-match hit, remaining 85 prompt tokens to eval
llama_perf_context_print:        load time =     604.78 ms
llama_perf_context_print: prompt eval time =     127.56 ms /    85 tokens (    1.50 ms per token,   666.35 tokens per second)
llama_perf_context_print:        eval time =     157.70 ms /    13 runs   (   12.13 ms per token,    82.44 tokens per second)
llama_perf_context_print:       total time =     288.92 ms /    98 tokens
llama_perf_context_print:    graphs reused =         12
[gpt oss 20B] 7. long query
Llama.generate: 882 prefix-match hit, remaining 89 prompt tokens to eval
llama_perf_context_print:        load time =     604.78 ms
llama_perf_context_print: prompt eval time =     129.32 ms /    89 tokens (    1.45 ms per token,   688.21 tokens per second)
llama_perf_context_print:        eval time =     158.92 ms /    13 runs   (   12.22 ms per token,    81.80 tokens per second)
llama_perf_context_print:       total time =     292.17 ms /   102 tokens
llama_perf_context_print:    graphs reused =         12
[gpt oss 20B] 8. long query
Llama.generate: 984 prefix-match hit, remaining 86 prompt tokens to eval
llama_perf_context_print:        load time =     604.78 ms
llama_perf_context_print: prompt eval time =     127.62 ms /    86 tokens (    1.48 ms per token,   673.87 tokens per second)
llama_perf_context_print:        eval time =     161.04 ms /    13 runs   (   12.39 ms per token,    80.72 tokens per second)
llama_perf_context_print:       total time =     292.73 ms /    99 tokens
llama_perf_context_print:    graphs reused =         12
[gpt oss 20B] 9. long query
Llama.generate: 1083 prefix-match hit, remaining 89 prompt tokens to eval
llama_perf_context_print:        load time =     604.78 ms
llama_perf_context_print: prompt eval time =     128.56 ms /    89 tokens (    1.44 ms per token,   692.26 tokens per second)
llama_perf_context_print:        eval time =     159.32 ms /    13 runs   (   12.26 ms per token,    81.60 tokens per second)
llama_perf_context_print:       total time =     291.52 ms /   102 tokens
llama_perf_context_print:    graphs reused =         12
[gpt oss 20B] 10. long query
Llama.generate: 1185 prefix-match hit, remaining 82 prompt tokens to eval
llama_perf_context_print:        load time =     604.78 ms
llama_perf_context_print: prompt eval time =     126.81 ms /    82 tokens (    1.55 ms per token,   646.64 tokens per second)
llama_perf_context_print:        eval time =     158.92 ms /    13 runs   (   12.22 ms per token,    81.80 tokens per second)
llama_perf_context_print:       total time =     289.94 ms /    95 tokens
llama_perf_context_print:    graphs reused =         12
[gpt oss 20B] 11. long query
Llama.generate: 1280 prefix-match hit, remaining 86 prompt tokens to eval
llama_perf_context_print:        load time =     604.78 ms
llama_perf_context_print: prompt eval time =     127.44 ms /    86 tokens (    1.48 ms per token,   674.83 tokens per second)
llama_perf_context_print:        eval time =     171.57 ms /    14 runs   (   12.25 ms per token,    81.60 tokens per second)
llama_perf_context_print:       total time =     303.41 ms /   100 tokens
llama_perf_context_print:    graphs reused =         13
[gpt oss 20B] 12. long query
Llama.generate: 1380 prefix-match hit, remaining 87 prompt tokens to eval
llama_perf_context_print:        load time =     604.78 ms
llama_perf_context_print: prompt eval time =     128.34 ms /    87 tokens (    1.48 ms per token,   677.91 tokens per second)
llama_perf_context_print:        eval time =     188.35 ms /    13 runs   (   14.49 ms per token,    69.02 tokens per second)
llama_perf_context_print:       total time =     320.50 ms /   100 tokens
llama_perf_context_print:    graphs reused =         12
[gpt oss 20B] 13. long query
Llama.generate: 1480 prefix-match hit, remaining 84 prompt tokens to eval
llama_perf_context_print:        load time =     604.78 ms
llama_perf_context_print: prompt eval time =     128.44 ms /    84 tokens (    1.53 ms per token,   654.00 tokens per second)
llama_perf_context_print:        eval time =     149.04 ms /    12 runs   (   12.42 ms per token,    80.51 tokens per second)
llama_perf_context_print:       total time =     281.01 ms /    96 tokens
llama_perf_context_print:    graphs reused =         11
[gpt oss 20B] 14. long query
Llama.generate: 1576 prefix-match hit, remaining 90 prompt tokens to eval
llama_perf_context_print:        load time =     604.78 ms
llama_perf_context_print: prompt eval time =     132.26 ms /    90 tokens (    1.47 ms per token,   680.49 tokens per second)
llama_perf_context_print:        eval time =     161.44 ms /    13 runs   (   12.42 ms per token,    80.53 tokens per second)
llama_perf_context_print:       total time =     297.40 ms /   103 tokens
llama_perf_context_print:    graphs reused =         12
[gpt oss 20B] 15. long query
Llama.generate: 1679 prefix-match hit, remaining 94 prompt tokens to eval
llama_perf_context_print:        load time =     604.78 ms
llama_perf_context_print: prompt eval time =     131.82 ms /    94 tokens (    1.40 ms per token,   713.09 tokens per second)
llama_perf_context_print:        eval time =     161.01 ms /    13 runs   (   12.39 ms per token,    80.74 tokens per second)
llama_perf_context_print:       total time =     296.55 ms /   107 tokens
llama_perf_context_print:    graphs reused =         12
~llama_context:    Vulkan0 compute buffer size is 404.0000 MiB, matches expectation of 404.0000 MiB
~llama_context: Vulkan_Host compute buffer size is  19.2715 MiB, matches expectation of  19.2715 MiB
--- Qwen3.6 14B A3B vibeforged ---
[Qwen3.6 14B A3B vibeforged] 0. short query
Llama.generate: 211 prefix-match hit, remaining 24 prompt tokens to eval
llama_perf_context_print:        load time =    2199.67 ms
llama_perf_context_print: prompt eval time =      64.60 ms /    24 tokens (    2.69 ms per token,   371.54 tokens per second)
llama_perf_context_print:        eval time =     239.05 ms /    20 runs   (   11.95 ms per token,    83.67 tokens per second)
llama_perf_context_print:       total time =     308.75 ms /    44 tokens
llama_perf_context_print:    graphs reused =         19
[Qwen3.6 14B A3B vibeforged] 1. short query
Llama.generate: 255 prefix-match hit, remaining 25 prompt tokens to eval
llama_perf_context_print:        load time =    2199.67 ms
llama_perf_context_print: prompt eval time =      59.20 ms /    25 tokens (    2.37 ms per token,   422.32 tokens per second)
llama_perf_context_print:        eval time =     145.26 ms /    12 runs   (   12.11 ms per token,    82.61 tokens per second)
llama_perf_context_print:       total time =     207.67 ms /    37 tokens
llama_perf_context_print:    graphs reused =         11
[Qwen3.6 14B A3B vibeforged] 2. short query
Llama.generate: 292 prefix-match hit, remaining 26 prompt tokens to eval
llama_perf_context_print:        load time =    2199.67 ms
llama_perf_context_print: prompt eval time =      59.57 ms /    26 tokens (    2.29 ms per token,   436.45 tokens per second)
llama_perf_context_print:        eval time =     160.12 ms /    13 runs   (   12.32 ms per token,    81.19 tokens per second)
llama_perf_context_print:       total time =     223.05 ms /    39 tokens
llama_perf_context_print:    graphs reused =         12
[Qwen3.6 14B A3B vibeforged] 3. short query
Llama.generate: 331 prefix-match hit, remaining 27 prompt tokens to eval
llama_perf_context_print:        load time =    2199.67 ms
llama_perf_context_print: prompt eval time =      60.41 ms /    27 tokens (    2.24 ms per token,   446.94 tokens per second)
llama_perf_context_print:        eval time =     216.94 ms /    18 runs   (   12.05 ms per token,    82.97 tokens per second)
llama_perf_context_print:       total time =     281.93 ms /    45 tokens
llama_perf_context_print:    graphs reused =         17
[Qwen3.6 14B A3B vibeforged] 4. short query
Llama.generate: 376 prefix-match hit, remaining 23 prompt tokens to eval
llama_perf_context_print:        load time =    2199.67 ms
llama_perf_context_print: prompt eval time =      56.81 ms /    23 tokens (    2.47 ms per token,   404.89 tokens per second)
llama_perf_context_print:        eval time =     122.35 ms /    10 runs   (   12.24 ms per token,    81.73 tokens per second)
llama_perf_context_print:       total time =     182.12 ms /    33 tokens
llama_perf_context_print:    graphs reused =          9
[Qwen3.6 14B A3B vibeforged] 5. short query
Llama.generate: 409 prefix-match hit, remaining 26 prompt tokens to eval
llama_perf_context_print:        load time =    2199.67 ms
llama_perf_context_print: prompt eval time =      60.09 ms /    26 tokens (    2.31 ms per token,   432.68 tokens per second)
llama_perf_context_print:        eval time =     287.36 ms /    24 runs   (   11.97 ms per token,    83.52 tokens per second)
llama_perf_context_print:       total time =     353.53 ms /    50 tokens
llama_perf_context_print:    graphs reused =         23
[Qwen3.6 14B A3B vibeforged] 6. short query
Llama.generate: 459 prefix-match hit, remaining 28 prompt tokens to eval
llama_perf_context_print:        load time =    2199.67 ms
llama_perf_context_print: prompt eval time =      61.46 ms /    28 tokens (    2.19 ms per token,   455.60 tokens per second)
llama_perf_context_print:        eval time =     122.09 ms /    10 runs   (   12.21 ms per token,    81.91 tokens per second)
llama_perf_context_print:       total time =     186.46 ms /    38 tokens
llama_perf_context_print:    graphs reused =          9
[Qwen3.6 14B A3B vibeforged] 7. short query
Llama.generate: 497 prefix-match hit, remaining 23 prompt tokens to eval
llama_perf_context_print:        load time =    2199.67 ms
llama_perf_context_print: prompt eval time =      76.01 ms /    23 tokens (    3.30 ms per token,   302.59 tokens per second)
llama_perf_context_print:        eval time =     251.44 ms /    20 runs   (   12.57 ms per token,    79.54 tokens per second)
llama_perf_context_print:       total time =     332.60 ms /    43 tokens
llama_perf_context_print:    graphs reused =         19
[Qwen3.6 14B A3B vibeforged] 8. short query
Llama.generate: 540 prefix-match hit, remaining 24 prompt tokens to eval
llama_perf_context_print:        load time =    2199.67 ms
llama_perf_context_print: prompt eval time =      67.62 ms /    24 tokens (    2.82 ms per token,   354.90 tokens per second)
llama_perf_context_print:        eval time =     121.61 ms /    10 runs   (   12.16 ms per token,    82.23 tokens per second)
llama_perf_context_print:       total time =     192.16 ms /    34 tokens
llama_perf_context_print:    graphs reused =          9
[Qwen3.6 14B A3B vibeforged] 9. short query
Llama.generate: 574 prefix-match hit, remaining 24 prompt tokens to eval
llama_perf_context_print:        load time =    2199.67 ms
llama_perf_context_print: prompt eval time =      60.57 ms /    24 tokens (    2.52 ms per token,   396.22 tokens per second)
llama_perf_context_print:        eval time =     122.39 ms /    10 runs   (   12.24 ms per token,    81.70 tokens per second)
llama_perf_context_print:       total time =     185.70 ms /    34 tokens
llama_perf_context_print:    graphs reused =          9
[Qwen3.6 14B A3B vibeforged] 10. short query
Llama.generate: 608 prefix-match hit, remaining 29 prompt tokens to eval
llama_perf_context_print:        load time =    2199.67 ms
llama_perf_context_print: prompt eval time =      63.94 ms /    29 tokens (    2.20 ms per token,   453.54 tokens per second)
llama_perf_context_print:        eval time =     108.56 ms /     9 runs   (   12.06 ms per token,    82.90 tokens per second)
llama_perf_context_print:       total time =     175.03 ms /    38 tokens
llama_perf_context_print:    graphs reused =          8
[Qwen3.6 14B A3B vibeforged] 11. short query
Llama.generate: 646 prefix-match hit, remaining 24 prompt tokens to eval
llama_perf_context_print:        load time =    2199.67 ms
llama_perf_context_print: prompt eval time =      59.06 ms /    24 tokens (    2.46 ms per token,   406.39 tokens per second)
llama_perf_context_print:        eval time =     156.56 ms /    13 runs   (   12.04 ms per token,    83.04 tokens per second)
llama_perf_context_print:       total time =     219.15 ms /    37 tokens
llama_perf_context_print:    graphs reused =         12
[Qwen3.6 14B A3B vibeforged] 12. short query
Llama.generate: 683 prefix-match hit, remaining 25 prompt tokens to eval
llama_perf_context_print:        load time =    2199.67 ms
llama_perf_context_print: prompt eval time =      60.30 ms /    25 tokens (    2.41 ms per token,   414.62 tokens per second)
llama_perf_context_print:        eval time =     145.75 ms /    12 runs   (   12.15 ms per token,    82.33 tokens per second)
llama_perf_context_print:       total time =     209.53 ms /    37 tokens
llama_perf_context_print:    graphs reused =         11
[Qwen3.6 14B A3B vibeforged] 13. short query
Llama.generate: 720 prefix-match hit, remaining 26 prompt tokens to eval
llama_perf_context_print:        load time =    2199.67 ms
llama_perf_context_print: prompt eval time =      61.20 ms /    26 tokens (    2.35 ms per token,   424.80 tokens per second)
llama_perf_context_print:        eval time =     204.15 ms /    17 runs   (   12.01 ms per token,    83.27 tokens per second)
llama_perf_context_print:       total time =     270.11 ms /    43 tokens
llama_perf_context_print:    graphs reused =         16
[Qwen3.6 14B A3B vibeforged] 14. short query
Llama.generate: 763 prefix-match hit, remaining 26 prompt tokens to eval
llama_perf_context_print:        load time =    2199.67 ms
llama_perf_context_print: prompt eval time =      67.67 ms /    26 tokens (    2.60 ms per token,   384.23 tokens per second)
llama_perf_context_print:        eval time =     156.90 ms /    13 runs   (   12.07 ms per token,    82.86 tokens per second)
llama_perf_context_print:       total time =     228.27 ms /    39 tokens
llama_perf_context_print:    graphs reused =         12
[Qwen3.6 14B A3B vibeforged] 15. short query
Llama.generate: 802 prefix-match hit, remaining 24 prompt tokens to eval
llama_perf_context_print:        load time =    2199.67 ms
llama_perf_context_print: prompt eval time =      60.01 ms /    24 tokens (    2.50 ms per token,   399.93 tokens per second)
llama_perf_context_print:        eval time =     227.81 ms /    19 runs   (   11.99 ms per token,    83.40 tokens per second)
llama_perf_context_print:       total time =     293.31 ms /    43 tokens
llama_perf_context_print:    graphs reused =         18
[Qwen3.6 14B A3B vibeforged] 0. long query
Llama.generate: 211 prefix-match hit, remaining 80 prompt tokens to eval
llama_perf_context_print:        load time =    2199.67 ms
llama_perf_context_print: prompt eval time =    2532.84 ms /    80 tokens (   31.66 ms per token,    31.59 tokens per second)
llama_perf_context_print:        eval time =     454.63 ms /    38 runs   (   11.96 ms per token,    83.58 tokens per second)
llama_perf_context_print:       total time =    2996.71 ms /   118 tokens
llama_perf_context_print:    graphs reused =         37
[Qwen3.6 14B A3B vibeforged] 1. long query
Llama.generate: 329 prefix-match hit, remaining 78 prompt tokens to eval
llama_perf_context_print:        load time =    2199.67 ms
llama_perf_context_print: prompt eval time =      94.35 ms /    78 tokens (    1.21 ms per token,   826.71 tokens per second)
llama_perf_context_print:        eval time =     392.00 ms /    33 runs   (   11.88 ms per token,    84.18 tokens per second)
llama_perf_context_print:       total time =     494.72 ms /   111 tokens
llama_perf_context_print:    graphs reused =         32
[Qwen3.6 14B A3B vibeforged] 2. long query
Llama.generate: 440 prefix-match hit, remaining 77 prompt tokens to eval
llama_perf_context_print:        load time =    2199.67 ms
llama_perf_context_print: prompt eval time =      95.40 ms /    77 tokens (    1.24 ms per token,   807.10 tokens per second)
llama_perf_context_print:        eval time =     356.95 ms /    30 runs   (   11.90 ms per token,    84.04 tokens per second)
llama_perf_context_print:       total time =     459.91 ms /   107 tokens
llama_perf_context_print:    graphs reused =         29
[Qwen3.6 14B A3B vibeforged] 3. long query
Llama.generate: 547 prefix-match hit, remaining 82 prompt tokens to eval
llama_perf_context_print:        load time =    2199.67 ms
llama_perf_context_print: prompt eval time =      95.55 ms /    82 tokens (    1.17 ms per token,   858.23 tokens per second)
llama_perf_context_print:        eval time =     359.80 ms /    30 runs   (   11.99 ms per token,    83.38 tokens per second)
llama_perf_context_print:       total time =     463.05 ms /   112 tokens
llama_perf_context_print:    graphs reused =         29
[Qwen3.6 14B A3B vibeforged] 4. long query
Llama.generate: 659 prefix-match hit, remaining 87 prompt tokens to eval
llama_perf_context_print:        load time =    2199.67 ms
llama_perf_context_print: prompt eval time =      98.05 ms /    87 tokens (    1.13 ms per token,   887.31 tokens per second)
llama_perf_context_print:        eval time =     454.88 ms /    38 runs   (   11.97 ms per token,    83.54 tokens per second)
llama_perf_context_print:       total time =     562.49 ms /   125 tokens
llama_perf_context_print:    graphs reused =         36
[Qwen3.6 14B A3B vibeforged] 5. long query
Llama.generate: 784 prefix-match hit, remaining 86 prompt tokens to eval
llama_perf_context_print:        load time =    2199.67 ms
llama_perf_context_print: prompt eval time =      97.64 ms /    86 tokens (    1.14 ms per token,   880.82 tokens per second)
llama_perf_context_print:        eval time =     361.78 ms /    30 runs   (   12.06 ms per token,    82.92 tokens per second)
llama_perf_context_print:       total time =     466.94 ms /   116 tokens
llama_perf_context_print:    graphs reused =         29
[Qwen3.6 14B A3B vibeforged] 6. long query
Llama.generate: 900 prefix-match hit, remaining 81 prompt tokens to eval
llama_perf_context_print:        load time =    2199.67 ms
llama_perf_context_print: prompt eval time =      97.58 ms /    81 tokens (    1.20 ms per token,   830.10 tokens per second)
llama_perf_context_print:        eval time =     387.73 ms /    32 runs   (   12.12 ms per token,    82.53 tokens per second)
llama_perf_context_print:       total time =     493.49 ms /   113 tokens
llama_perf_context_print:    graphs reused =         31
[Qwen3.6 14B A3B vibeforged] 7. long query
Llama.generate: 1013 prefix-match hit, remaining 87 prompt tokens to eval
llama_perf_context_print:        load time =    2199.67 ms
llama_perf_context_print: prompt eval time =      98.83 ms /    87 tokens (    1.14 ms per token,   880.34 tokens per second)
llama_perf_context_print:        eval time =     398.38 ms /    33 runs   (   12.07 ms per token,    82.83 tokens per second)
llama_perf_context_print:       total time =     506.02 ms /   120 tokens
llama_perf_context_print:    graphs reused =         32
[Qwen3.6 14B A3B vibeforged] 8. long query
Llama.generate: 1133 prefix-match hit, remaining 83 prompt tokens to eval
llama_perf_context_print:        load time =    2199.67 ms
llama_perf_context_print: prompt eval time =     134.59 ms /    83 tokens (    1.62 ms per token,   616.66 tokens per second)
llama_perf_context_print:        eval time =     377.61 ms /    31 runs   (   12.18 ms per token,    82.10 tokens per second)
llama_perf_context_print:       total time =     520.49 ms /   114 tokens
llama_perf_context_print:    graphs reused =         30
[Qwen3.6 14B A3B vibeforged] 9. long query
Llama.generate: 1247 prefix-match hit, remaining 84 prompt tokens to eval
llama_perf_context_print:        load time =    2199.67 ms
llama_perf_context_print: prompt eval time =      98.13 ms /    84 tokens (    1.17 ms per token,   856.02 tokens per second)
llama_perf_context_print:        eval time =     360.19 ms /    29 runs   (   12.42 ms per token,    80.51 tokens per second)
llama_perf_context_print:       total time =     466.48 ms /   113 tokens
llama_perf_context_print:    graphs reused =         28
[Qwen3.6 14B A3B vibeforged] 10. long query
Llama.generate: 1360 prefix-match hit, remaining 79 prompt tokens to eval
llama_perf_context_print:        load time =    2199.67 ms
llama_perf_context_print: prompt eval time =      97.28 ms /    79 tokens (    1.23 ms per token,   812.09 tokens per second)
llama_perf_context_print:        eval time =     332.91 ms /    27 runs   (   12.33 ms per token,    81.10 tokens per second)
llama_perf_context_print:       total time =     438.46 ms /   106 tokens
llama_perf_context_print:    graphs reused =         26
[Qwen3.6 14B A3B vibeforged] 11. long query
Llama.generate: 1466 prefix-match hit, remaining 83 prompt tokens to eval
llama_perf_context_print:        load time =    2199.67 ms
llama_perf_context_print: prompt eval time =      96.88 ms /    83 tokens (    1.17 ms per token,   856.69 tokens per second)
llama_perf_context_print:        eval time =     362.20 ms /    29 runs   (   12.49 ms per token,    80.07 tokens per second)
llama_perf_context_print:       total time =     468.09 ms /   112 tokens
llama_perf_context_print:    graphs reused =         28
[Qwen3.6 14B A3B vibeforged] 12. long query
Llama.generate: 1578 prefix-match hit, remaining 87 prompt tokens to eval
llama_perf_context_print:        load time =    2199.67 ms
llama_perf_context_print: prompt eval time =      98.95 ms /    87 tokens (    1.14 ms per token,   879.21 tokens per second)
llama_perf_context_print:        eval time =     385.53 ms /    31 runs   (   12.44 ms per token,    80.41 tokens per second)
llama_perf_context_print:       total time =     493.89 ms /   118 tokens
llama_perf_context_print:    graphs reused =         30
[Qwen3.6 14B A3B vibeforged] 13. long query
Llama.generate: 1696 prefix-match hit, remaining 84 prompt tokens to eval
llama_perf_context_print:        load time =    2199.67 ms
llama_perf_context_print: prompt eval time =      98.43 ms /    84 tokens (    1.17 ms per token,   853.39 tokens per second)
llama_perf_context_print:        eval time =     387.15 ms /    29 runs   (   13.35 ms per token,    74.91 tokens per second)
llama_perf_context_print:       total time =     494.57 ms /   113 tokens
llama_perf_context_print:    graphs reused =         27
[Qwen3.6 14B A3B vibeforged] 14. long query
Llama.generate: 1809 prefix-match hit, remaining 89 prompt tokens to eval
llama_perf_context_print:        load time =    2199.67 ms
llama_perf_context_print: prompt eval time =     102.70 ms /    89 tokens (    1.15 ms per token,   866.64 tokens per second)
llama_perf_context_print:        eval time =     401.89 ms /    32 runs   (   12.56 ms per token,    79.62 tokens per second)
llama_perf_context_print:       total time =     514.69 ms /   121 tokens
llama_perf_context_print:    graphs reused =         31
[Qwen3.6 14B A3B vibeforged] 15. long query
Llama.generate: 1930 prefix-match hit, remaining 90 prompt tokens to eval
llama_perf_context_print:        load time =    2199.67 ms
llama_perf_context_print: prompt eval time =     100.73 ms /    90 tokens (    1.12 ms per token,   893.44 tokens per second)
llama_perf_context_print:        eval time =     440.15 ms /    34 runs   (   12.95 ms per token,    77.25 tokens per second)
llama_perf_context_print:       total time =     551.46 ms /   124 tokens
llama_perf_context_print:    graphs reused =         32
~llama_context:    Vulkan0 compute buffer size is 500.5449 MiB, matches expectation of 500.5449 MiB
~llama_context: Vulkan_Host compute buffer size is  12.0196 MiB, matches expectation of  12.0196 MiB
--- Ministral 3 14B ---
[Ministral 3 14B] 0. short query
Llama.generate: 212 prefix-match hit, remaining 14 prompt tokens to eval
llama_perf_context_print:        load time =     753.59 ms
llama_perf_context_print: prompt eval time =      91.28 ms /    14 tokens (    6.52 ms per token,   153.37 tokens per second)
llama_perf_context_print:        eval time =     770.76 ms /    28 runs   (   27.53 ms per token,    36.33 tokens per second)
llama_perf_context_print:       total time =     868.98 ms /    42 tokens
llama_perf_context_print:    graphs reused =          0
[Ministral 3 14B] 1. short query
Llama.generate: 254 prefix-match hit, remaining 14 prompt tokens to eval
llama_perf_context_print:        load time =     753.59 ms
llama_perf_context_print: prompt eval time =      95.00 ms /    14 tokens (    6.79 ms per token,   147.38 tokens per second)
llama_perf_context_print:        eval time =     803.82 ms /    28 runs   (   28.71 ms per token,    34.83 tokens per second)
llama_perf_context_print:       total time =     905.91 ms /    42 tokens
llama_perf_context_print:    graphs reused =          0
[Ministral 3 14B] 2. short query
Llama.generate: 296 prefix-match hit, remaining 16 prompt tokens to eval
llama_perf_context_print:        load time =     753.59 ms
llama_perf_context_print: prompt eval time =      95.49 ms /    16 tokens (    5.97 ms per token,   167.56 tokens per second)
llama_perf_context_print:        eval time =     863.53 ms /    31 runs   (   27.86 ms per token,    35.90 tokens per second)
llama_perf_context_print:       total time =     966.86 ms /    47 tokens
llama_perf_context_print:    graphs reused =          0
[Ministral 3 14B] 3. short query
Llama.generate: 343 prefix-match hit, remaining 18 prompt tokens to eval
llama_perf_context_print:        load time =     753.59 ms
llama_perf_context_print: prompt eval time =      96.03 ms /    18 tokens (    5.33 ms per token,   187.44 tokens per second)
llama_perf_context_print:        eval time =     808.77 ms /    29 runs   (   27.89 ms per token,    35.86 tokens per second)
llama_perf_context_print:       total time =     912.29 ms /    47 tokens
llama_perf_context_print:    graphs reused =          0
[Ministral 3 14B] 4. short query
Llama.generate: 390 prefix-match hit, remaining 12 prompt tokens to eval
llama_perf_context_print:        load time =     753.59 ms
llama_perf_context_print: prompt eval time =      93.48 ms /    12 tokens (    7.79 ms per token,   128.37 tokens per second)
llama_perf_context_print:        eval time =     669.02 ms /    24 runs   (   27.88 ms per token,    35.87 tokens per second)
llama_perf_context_print:       total time =     768.48 ms /    36 tokens
llama_perf_context_print:    graphs reused =          0
[Ministral 3 14B] 5. short query
Llama.generate: 426 prefix-match hit, remaining 15 prompt tokens to eval
llama_perf_context_print:        load time =     753.59 ms
llama_perf_context_print: prompt eval time =      95.11 ms /    15 tokens (    6.34 ms per token,   157.71 tokens per second)
llama_perf_context_print:        eval time =     854.68 ms /    31 runs   (   27.57 ms per token,    36.27 tokens per second)
llama_perf_context_print:       total time =     957.90 ms /    46 tokens
llama_perf_context_print:    graphs reused =          0
[Ministral 3 14B] 6. short query
Llama.generate: 472 prefix-match hit, remaining 17 prompt tokens to eval
llama_perf_context_print:        load time =     753.59 ms
llama_perf_context_print: prompt eval time =      95.47 ms /    17 tokens (    5.62 ms per token,   178.07 tokens per second)
llama_perf_context_print:        eval time =     829.93 ms /    30 runs   (   27.66 ms per token,    36.15 tokens per second)
llama_perf_context_print:       total time =     933.45 ms /    47 tokens
llama_perf_context_print:    graphs reused =          0
[Ministral 3 14B] 7. short query
Llama.generate: 519 prefix-match hit, remaining 13 prompt tokens to eval
llama_perf_context_print:        load time =     753.59 ms
llama_perf_context_print: prompt eval time =      93.86 ms /    13 tokens (    7.22 ms per token,   138.51 tokens per second)
llama_perf_context_print:        eval time =     721.65 ms /    26 runs   (   27.76 ms per token,    36.03 tokens per second)
llama_perf_context_print:       total time =     822.36 ms /    39 tokens
llama_perf_context_print:    graphs reused =          0
[Ministral 3 14B] 8. short query
Llama.generate: 558 prefix-match hit, remaining 13 prompt tokens to eval
llama_perf_context_print:        load time =     753.59 ms
llama_perf_context_print: prompt eval time =      94.60 ms /    13 tokens (    7.28 ms per token,   137.43 tokens per second)
llama_perf_context_print:        eval time =     692.91 ms /    25 runs   (   27.72 ms per token,    36.08 tokens per second)
llama_perf_context_print:       total time =     793.91 ms /    38 tokens
llama_perf_context_print:    graphs reused =          0
[Ministral 3 14B] 9. short query
Llama.generate: 596 prefix-match hit, remaining 13 prompt tokens to eval
llama_perf_context_print:        load time =     753.59 ms
llama_perf_context_print: prompt eval time =      94.16 ms /    13 tokens (    7.24 ms per token,   138.06 tokens per second)
llama_perf_context_print:        eval time =     830.55 ms /    30 runs   (   27.68 ms per token,    36.12 tokens per second)
llama_perf_context_print:       total time =     932.53 ms /    43 tokens
llama_perf_context_print:    graphs reused =          0
[Ministral 3 14B] 10. short query
Llama.generate: 639 prefix-match hit, remaining 18 prompt tokens to eval
llama_perf_context_print:        load time =     753.59 ms
llama_perf_context_print: prompt eval time =      96.19 ms /    18 tokens (    5.34 ms per token,   187.13 tokens per second)
llama_perf_context_print:        eval time =     667.75 ms /    24 runs   (   27.82 ms per token,    35.94 tokens per second)
llama_perf_context_print:       total time =     769.04 ms /    42 tokens
llama_perf_context_print:    graphs reused =          0
[Ministral 3 14B] 11. short query
Llama.generate: 681 prefix-match hit, remaining 13 prompt tokens to eval
llama_perf_context_print:        load time =     753.59 ms
llama_perf_context_print: prompt eval time =      94.74 ms /    13 tokens (    7.29 ms per token,   137.22 tokens per second)
llama_perf_context_print:        eval time =     695.63 ms /    25 runs   (   27.83 ms per token,    35.94 tokens per second)
llama_perf_context_print:       total time =     795.85 ms /    38 tokens
llama_perf_context_print:    graphs reused =          0
[Ministral 3 14B] 12. short query
Llama.generate: 719 prefix-match hit, remaining 14 prompt tokens to eval
llama_perf_context_print:        load time =     753.59 ms
llama_perf_context_print: prompt eval time =      96.09 ms /    14 tokens (    6.86 ms per token,   145.69 tokens per second)
llama_perf_context_print:        eval time =     761.20 ms /    26 runs   (   29.28 ms per token,    34.16 tokens per second)
llama_perf_context_print:       total time =     863.58 ms /    40 tokens
llama_perf_context_print:    graphs reused =          0
[Ministral 3 14B] 13. short query
Llama.generate: 759 prefix-match hit, remaining 15 prompt tokens to eval
llama_perf_context_print:        load time =     753.59 ms
llama_perf_context_print: prompt eval time =      96.33 ms /    15 tokens (    6.42 ms per token,   155.71 tokens per second)
llama_perf_context_print:        eval time =     686.49 ms /    24 runs   (   28.60 ms per token,    34.96 tokens per second)
llama_perf_context_print:       total time =     788.93 ms /    39 tokens
llama_perf_context_print:    graphs reused =          0
[Ministral 3 14B] 14. short query
Llama.generate: 798 prefix-match hit, remaining 15 prompt tokens to eval
llama_perf_context_print:        load time =     753.59 ms
llama_perf_context_print: prompt eval time =      96.40 ms /    15 tokens (    6.43 ms per token,   155.60 tokens per second)
llama_perf_context_print:        eval time =     937.53 ms /    32 runs   (   29.30 ms per token,    34.13 tokens per second)
llama_perf_context_print:       total time =    1042.28 ms /    47 tokens
llama_perf_context_print:    graphs reused =          0
[Ministral 3 14B] 15. short query
Llama.generate: 845 prefix-match hit, remaining 13 prompt tokens to eval
llama_perf_context_print:        load time =     753.59 ms
llama_perf_context_print: prompt eval time =      95.64 ms /    13 tokens (    7.36 ms per token,   135.93 tokens per second)
llama_perf_context_print:        eval time =     840.61 ms /    30 runs   (   28.02 ms per token,    35.69 tokens per second)
llama_perf_context_print:       total time =     944.09 ms /    43 tokens
llama_perf_context_print:    graphs reused =          0
[Ministral 3 14B] 0. long query
Llama.generate: 212 prefix-match hit, remaining 71 prompt tokens to eval
llama_perf_context_print:        load time =     753.59 ms
llama_perf_context_print: prompt eval time =     116.18 ms /    71 tokens (    1.64 ms per token,   611.13 tokens per second)
llama_perf_context_print:        eval time =    1023.96 ms /    37 runs   (   27.67 ms per token,    36.13 tokens per second)
llama_perf_context_print:       total time =    1149.61 ms /   108 tokens
llama_perf_context_print:    graphs reused =          0
[Ministral 3 14B] 1. long query
Llama.generate: 320 prefix-match hit, remaining 68 prompt tokens to eval
llama_perf_context_print:        load time =     753.59 ms
llama_perf_context_print: prompt eval time =     121.04 ms /    68 tokens (    1.78 ms per token,   561.80 tokens per second)
llama_perf_context_print:        eval time =    1052.18 ms /    38 runs   (   27.69 ms per token,    36.12 tokens per second)
llama_perf_context_print:       total time =    1183.17 ms /   106 tokens
llama_perf_context_print:    graphs reused =          0
[Ministral 3 14B] 2. long query
Llama.generate: 426 prefix-match hit, remaining 68 prompt tokens to eval
llama_perf_context_print:        load time =     753.59 ms
llama_perf_context_print: prompt eval time =     121.66 ms /    68 tokens (    1.79 ms per token,   558.94 tokens per second)
llama_perf_context_print:        eval time =    1113.38 ms /    40 runs   (   27.83 ms per token,    35.93 tokens per second)
llama_perf_context_print:       total time =    1245.67 ms /   108 tokens
llama_perf_context_print:    graphs reused =          0
[Ministral 3 14B] 3. long query
Llama.generate: 534 prefix-match hit, remaining 73 prompt tokens to eval
llama_perf_context_print:        load time =     753.59 ms
llama_perf_context_print: prompt eval time =     122.29 ms /    73 tokens (    1.68 ms per token,   596.95 tokens per second)
llama_perf_context_print:        eval time =     916.60 ms /    33 runs   (   27.78 ms per token,    36.00 tokens per second)
llama_perf_context_print:       total time =    1047.56 ms /   106 tokens
llama_perf_context_print:    graphs reused =          0
[Ministral 3 14B] 4. long query
Llama.generate: 640 prefix-match hit, remaining 77 prompt tokens to eval
llama_perf_context_print:        load time =     753.59 ms
llama_perf_context_print: prompt eval time =     123.58 ms /    77 tokens (    1.60 ms per token,   623.07 tokens per second)
llama_perf_context_print:        eval time =    1251.18 ms /    45 runs   (   27.80 ms per token,    35.97 tokens per second)
llama_perf_context_print:       total time =    1386.53 ms /   122 tokens
llama_perf_context_print:    graphs reused =          0
[Ministral 3 14B] 5. long query
Llama.generate: 762 prefix-match hit, remaining 82 prompt tokens to eval
llama_perf_context_print:        load time =     753.59 ms
llama_perf_context_print: prompt eval time =     687.11 ms /    82 tokens (    8.38 ms per token,   119.34 tokens per second)
llama_perf_context_print:        eval time =    1130.00 ms /    40 runs   (   28.25 ms per token,    35.40 tokens per second)
llama_perf_context_print:       total time =    1827.57 ms /   122 tokens
llama_perf_context_print:    graphs reused =          0
[Ministral 3 14B] 6. long query
Llama.generate: 884 prefix-match hit, remaining 75 prompt tokens to eval
llama_perf_context_print:        load time =     753.59 ms
llama_perf_context_print: prompt eval time =     129.83 ms /    75 tokens (    1.73 ms per token,   577.69 tokens per second)
llama_perf_context_print:        eval time =    1159.60 ms /    41 runs   (   28.28 ms per token,    35.36 tokens per second)
llama_perf_context_print:       total time =    1300.28 ms /   116 tokens
llama_perf_context_print:    graphs reused =          0
[Ministral 3 14B] 7. long query
Llama.generate: 1000 prefix-match hit, remaining 76 prompt tokens to eval
llama_perf_context_print:        load time =     753.59 ms
llama_perf_context_print: prompt eval time =     130.20 ms /    76 tokens (    1.71 ms per token,   583.70 tokens per second)
llama_perf_context_print:        eval time =     820.14 ms /    29 runs   (   28.28 ms per token,    35.36 tokens per second)
llama_perf_context_print:       total time =     957.94 ms /   105 tokens
llama_perf_context_print:    graphs reused =          0
[Ministral 3 14B] 8. long query
Llama.generate: 1105 prefix-match hit, remaining 73 prompt tokens to eval
llama_perf_context_print:        load time =     753.59 ms
llama_perf_context_print: prompt eval time =     130.81 ms /    73 tokens (    1.79 ms per token,   558.08 tokens per second)
llama_perf_context_print:        eval time =     902.15 ms /    32 runs   (   28.19 ms per token,    35.47 tokens per second)
llama_perf_context_print:       total time =    1041.39 ms /   105 tokens
llama_perf_context_print:    graphs reused =          0
[Ministral 3 14B] 9. long query
Llama.generate: 1210 prefix-match hit, remaining 76 prompt tokens to eval
llama_perf_context_print:        load time =     753.59 ms
llama_perf_context_print: prompt eval time =     131.17 ms /    76 tokens (    1.73 ms per token,   579.39 tokens per second)
llama_perf_context_print:        eval time =     903.82 ms /    32 runs   (   28.24 ms per token,    35.41 tokens per second)
llama_perf_context_print:       total time =    1042.92 ms /   108 tokens
llama_perf_context_print:    graphs reused =          0
[Ministral 3 14B] 10. long query
Llama.generate: 1318 prefix-match hit, remaining 69 prompt tokens to eval
llama_perf_context_print:        load time =     753.59 ms
llama_perf_context_print: prompt eval time =     131.05 ms /    69 tokens (    1.90 ms per token,   526.52 tokens per second)
llama_perf_context_print:        eval time =     990.34 ms /    35 runs   (   28.30 ms per token,    35.34 tokens per second)
llama_perf_context_print:       total time =    1130.39 ms /   104 tokens
llama_perf_context_print:    graphs reused =          0
[Ministral 3 14B] 11. long query
Llama.generate: 1422 prefix-match hit, remaining 74 prompt tokens to eval
llama_perf_context_print:        load time =     753.59 ms
llama_perf_context_print: prompt eval time =     131.31 ms /    74 tokens (    1.77 ms per token,   563.54 tokens per second)
llama_perf_context_print:        eval time =     795.34 ms /    28 runs   (   28.40 ms per token,    35.21 tokens per second)
llama_perf_context_print:       total time =     934.17 ms /   102 tokens
llama_perf_context_print:    graphs reused =          0
[Ministral 3 14B] 12. long query
Llama.generate: 1524 prefix-match hit, remaining 79 prompt tokens to eval
llama_perf_context_print:        load time =     753.59 ms
llama_perf_context_print: prompt eval time =     133.66 ms /    79 tokens (    1.69 ms per token,   591.05 tokens per second)
llama_perf_context_print:        eval time =     883.58 ms /    31 runs   (   28.50 ms per token,    35.08 tokens per second)
llama_perf_context_print:       total time =    1025.27 ms /   110 tokens
llama_perf_context_print:    graphs reused =          0
[Ministral 3 14B] 13. long query
Llama.generate: 1634 prefix-match hit, remaining 73 prompt tokens to eval
llama_perf_context_print:        load time =     753.59 ms
llama_perf_context_print: prompt eval time =     132.61 ms /    73 tokens (    1.82 ms per token,   550.50 tokens per second)
llama_perf_context_print:        eval time =     940.64 ms /    33 runs   (   28.50 ms per token,    35.08 tokens per second)
llama_perf_context_print:       total time =    1081.65 ms /   106 tokens
llama_perf_context_print:    graphs reused =          0
[Ministral 3 14B] 14. long query
Llama.generate: 1740 prefix-match hit, remaining 78 prompt tokens to eval
llama_perf_context_print:        load time =     753.59 ms
llama_perf_context_print: prompt eval time =     135.21 ms /    78 tokens (    1.73 ms per token,   576.90 tokens per second)
llama_perf_context_print:        eval time =     978.60 ms /    34 runs   (   28.78 ms per token,    34.74 tokens per second)
llama_perf_context_print:       total time =    1122.70 ms /   112 tokens
llama_perf_context_print:    graphs reused =          0
[Ministral 3 14B] 15. long query
Llama.generate: 1852 prefix-match hit, remaining 80 prompt tokens to eval
llama_perf_context_print:        load time =     753.59 ms
llama_perf_context_print: prompt eval time =     135.44 ms /    80 tokens (    1.69 ms per token,   590.65 tokens per second)
llama_perf_context_print:        eval time =     949.40 ms /    33 runs   (   28.77 ms per token,    34.76 tokens per second)
llama_perf_context_print:       total time =    1093.61 ms /   113 tokens
llama_perf_context_print:    graphs reused =          0
~llama_context:    Vulkan0 compute buffer size is 276.0000 MiB, matches expectation of 276.0000 MiB
~llama_context: Vulkan_Host compute buffer size is  24.0157 MiB, matches expectation of  24.0157 MiB
--- Gemma 4 12B ---
[Gemma 4 12B] 0. short query
Llama.generate: 221 prefix-match hit, remaining 23 prompt tokens to eval
llama_perf_context_print:        load time =    4047.67 ms
llama_perf_context_print: prompt eval time =      90.48 ms /    23 tokens (    3.93 ms per token,   254.19 tokens per second)
llama_perf_context_print:        eval time =     792.24 ms /    26 runs   (   30.47 ms per token,    32.82 tokens per second)
llama_perf_context_print:       total time =     891.05 ms /    49 tokens
llama_perf_context_print:    graphs reused =         24
[Gemma 4 12B] 1. short query
Llama.generate: 270 prefix-match hit, remaining 25 prompt tokens to eval
llama_perf_context_print:        load time =    4047.67 ms
llama_perf_context_print: prompt eval time =      95.34 ms /    25 tokens (    3.81 ms per token,   262.23 tokens per second)
llama_perf_context_print:        eval time =     855.81 ms /    28 runs   (   30.56 ms per token,    32.72 tokens per second)
llama_perf_context_print:       total time =     961.44 ms /    53 tokens
llama_perf_context_print:    graphs reused =         27
[Gemma 4 12B] 2. short query
Llama.generate: 323 prefix-match hit, remaining 26 prompt tokens to eval
llama_perf_context_print:        load time =    4047.67 ms
llama_perf_context_print: prompt eval time =      95.99 ms /    26 tokens (    3.69 ms per token,   270.85 tokens per second)
llama_perf_context_print:        eval time =     584.30 ms /    19 runs   (   30.75 ms per token,    32.52 tokens per second)
llama_perf_context_print:       total time =     687.41 ms /    45 tokens
llama_perf_context_print:    graphs reused =         18
[Gemma 4 12B] 3. short query
Llama.generate: 368 prefix-match hit, remaining 27 prompt tokens to eval
llama_perf_context_print:        load time =    4047.67 ms
llama_perf_context_print: prompt eval time =      95.73 ms /    27 tokens (    3.55 ms per token,   282.03 tokens per second)
llama_perf_context_print:        eval time =     747.97 ms /    23 runs   (   32.52 ms per token,    30.75 tokens per second)
llama_perf_context_print:       total time =     852.13 ms /    50 tokens
llama_perf_context_print:    graphs reused =         22
[Gemma 4 12B] 4. short query
Llama.generate: 418 prefix-match hit, remaining 23 prompt tokens to eval
llama_perf_context_print:        load time =    4047.67 ms
llama_perf_context_print: prompt eval time =      94.03 ms /    23 tokens (    4.09 ms per token,   244.60 tokens per second)
llama_perf_context_print:        eval time =     708.28 ms /    22 runs   (   32.19 ms per token,    31.06 tokens per second)
llama_perf_context_print:       total time =     810.60 ms /    45 tokens
llama_perf_context_print:    graphs reused =         21
[Gemma 4 12B] 5. short query
Llama.generate: 463 prefix-match hit, remaining 26 prompt tokens to eval
llama_perf_context_print:        load time =    4047.67 ms
llama_perf_context_print: prompt eval time =      94.75 ms /    26 tokens (    3.64 ms per token,   274.39 tokens per second)
llama_perf_context_print:        eval time =     806.41 ms /    26 runs   (   31.02 ms per token,    32.24 tokens per second)
llama_perf_context_print:       total time =     910.73 ms /    52 tokens
llama_perf_context_print:    graphs reused =         24
[Gemma 4 12B] 6. short query
Llama.generate: 515 prefix-match hit, remaining 27 prompt tokens to eval
llama_perf_context_print:        load time =    4047.67 ms
llama_perf_context_print: prompt eval time =      95.69 ms /    27 tokens (    3.54 ms per token,   282.17 tokens per second)
llama_perf_context_print:        eval time =     749.43 ms /    24 runs   (   31.23 ms per token,    32.02 tokens per second)
llama_perf_context_print:       total time =     854.04 ms /    51 tokens
llama_perf_context_print:    graphs reused =         23
[Gemma 4 12B] 7. short query
Llama.generate: 566 prefix-match hit, remaining 23 prompt tokens to eval
llama_perf_context_print:        load time =    4047.67 ms
llama_perf_context_print: prompt eval time =      95.33 ms /    23 tokens (    4.14 ms per token,   241.27 tokens per second)
llama_perf_context_print:        eval time =     743.00 ms /    24 runs   (   30.96 ms per token,    32.30 tokens per second)
llama_perf_context_print:       total time =     847.08 ms /    47 tokens
llama_perf_context_print:    graphs reused =         23
[Gemma 4 12B] 8. short query
Llama.generate: 613 prefix-match hit, remaining 24 prompt tokens to eval
llama_perf_context_print:        load time =    4047.67 ms
llama_perf_context_print: prompt eval time =      95.95 ms /    24 tokens (    4.00 ms per token,   250.12 tokens per second)
llama_perf_context_print:        eval time =     835.80 ms /    27 runs   (   30.96 ms per token,    32.30 tokens per second)
llama_perf_context_print:       total time =     941.70 ms /    51 tokens
llama_perf_context_print:    graphs reused =         26
[Gemma 4 12B] 9. short query
Llama.generate: 664 prefix-match hit, remaining 24 prompt tokens to eval
llama_perf_context_print:        load time =    4047.67 ms
llama_perf_context_print: prompt eval time =      95.70 ms /    24 tokens (    3.99 ms per token,   250.79 tokens per second)
llama_perf_context_print:        eval time =     621.26 ms /    20 runs   (   31.06 ms per token,    32.19 tokens per second)
llama_perf_context_print:       total time =     724.93 ms /    44 tokens
llama_perf_context_print:    graphs reused =         19
[Gemma 4 12B] 10. short query
Llama.generate: 708 prefix-match hit, remaining 29 prompt tokens to eval
llama_perf_context_print:        load time =    4047.67 ms
llama_perf_context_print: prompt eval time =      97.27 ms /    29 tokens (    3.35 ms per token,   298.15 tokens per second)
llama_perf_context_print:        eval time =     593.21 ms /    19 runs   (   31.22 ms per token,    32.03 tokens per second)
llama_perf_context_print:       total time =     698.17 ms /    48 tokens
llama_perf_context_print:    graphs reused =         18
[Gemma 4 12B] 11. short query
Llama.generate: 756 prefix-match hit, remaining 24 prompt tokens to eval
llama_perf_context_print:        load time =    4047.67 ms
llama_perf_context_print: prompt eval time =      96.27 ms /    24 tokens (    4.01 ms per token,   249.30 tokens per second)
llama_perf_context_print:        eval time =     659.61 ms /    21 runs   (   31.41 ms per token,    31.84 tokens per second)
llama_perf_context_print:       total time =     763.57 ms /    45 tokens
llama_perf_context_print:    graphs reused =         20
[Gemma 4 12B] 12. short query
Llama.generate: 801 prefix-match hit, remaining 25 prompt tokens to eval
llama_perf_context_print:        load time =    4047.67 ms
llama_perf_context_print: prompt eval time =      96.94 ms /    25 tokens (    3.88 ms per token,   257.89 tokens per second)
llama_perf_context_print:        eval time =     662.63 ms /    21 runs   (   31.55 ms per token,    31.69 tokens per second)
llama_perf_context_print:       total time =     768.20 ms /    46 tokens
llama_perf_context_print:    graphs reused =         20
[Gemma 4 12B] 13. short query
Llama.generate: 847 prefix-match hit, remaining 26 prompt tokens to eval
llama_perf_context_print:        load time =    4047.67 ms
llama_perf_context_print: prompt eval time =      96.84 ms /    26 tokens (    3.72 ms per token,   268.49 tokens per second)
llama_perf_context_print:        eval time =     630.11 ms /    20 runs   (   31.51 ms per token,    31.74 tokens per second)
llama_perf_context_print:       total time =     734.39 ms /    46 tokens
llama_perf_context_print:    graphs reused =         19
[Gemma 4 12B] 14. short query
Llama.generate: 893 prefix-match hit, remaining 25 prompt tokens to eval
llama_perf_context_print:        load time =    4047.67 ms
llama_perf_context_print: prompt eval time =      96.66 ms /    25 tokens (    3.87 ms per token,   258.65 tokens per second)
llama_perf_context_print:        eval time =     725.07 ms /    23 runs   (   31.52 ms per token,    31.72 tokens per second)
llama_perf_context_print:       total time =     831.12 ms /    48 tokens
llama_perf_context_print:    graphs reused =         22
[Gemma 4 12B] 15. short query
Llama.generate: 941 prefix-match hit, remaining 24 prompt tokens to eval
llama_perf_context_print:        load time =    4047.67 ms
llama_perf_context_print: prompt eval time =      97.02 ms /    24 tokens (    4.04 ms per token,   247.37 tokens per second)
llama_perf_context_print:        eval time =     725.44 ms /    23 runs   (   31.54 ms per token,    31.70 tokens per second)
llama_perf_context_print:       total time =     831.19 ms /    47 tokens
llama_perf_context_print:    graphs reused =         22
[Gemma 4 12B] 0. long query
Llama.generate: 221 prefix-match hit, remaining 80 prompt tokens to eval
llama_perf_context_print:        load time =    4047.67 ms
llama_perf_context_print: prompt eval time =    4409.61 ms /    80 tokens (   55.12 ms per token,    18.14 tokens per second)
llama_perf_context_print:        eval time =     730.64 ms /    24 runs   (   30.44 ms per token,    32.85 tokens per second)
llama_perf_context_print:       total time =    5150.00 ms /   104 tokens
llama_perf_context_print:    graphs reused =         23
[Gemma 4 12B] 1. long query
Llama.generate: 325 prefix-match hit, remaining 76 prompt tokens to eval
llama_perf_context_print:        load time =    4047.67 ms
llama_perf_context_print: prompt eval time =     136.53 ms /    76 tokens (    1.80 ms per token,   556.67 tokens per second)
llama_perf_context_print:        eval time =     828.68 ms /    27 runs   (   30.69 ms per token,    32.58 tokens per second)
llama_perf_context_print:       total time =     975.21 ms /   103 tokens
llama_perf_context_print:    graphs reused =         26
[Gemma 4 12B] 2. long query
Llama.generate: 428 prefix-match hit, remaining 77 prompt tokens to eval
llama_perf_context_print:        load time =    4047.67 ms
llama_perf_context_print: prompt eval time =     137.15 ms /    77 tokens (    1.78 ms per token,   561.44 tokens per second)
llama_perf_context_print:        eval time =     649.50 ms /    21 runs   (   30.93 ms per token,    32.33 tokens per second)
llama_perf_context_print:       total time =     795.36 ms /    98 tokens
llama_perf_context_print:    graphs reused =         19
[Gemma 4 12B] 3. long query
Llama.generate: 526 prefix-match hit, remaining 83 prompt tokens to eval
llama_perf_context_print:        load time =    4047.67 ms
llama_perf_context_print: prompt eval time =     140.10 ms /    83 tokens (    1.69 ms per token,   592.42 tokens per second)
llama_perf_context_print:        eval time =     713.23 ms /    23 runs   (   31.01 ms per token,    32.25 tokens per second)
llama_perf_context_print:       total time =     861.69 ms /   106 tokens
llama_perf_context_print:    graphs reused =         22
[Gemma 4 12B] 4. long query
Llama.generate: 632 prefix-match hit, remaining 86 prompt tokens to eval
llama_perf_context_print:        load time =    4047.67 ms
llama_perf_context_print: prompt eval time =     141.83 ms /    86 tokens (    1.65 ms per token,   606.36 tokens per second)
llama_perf_context_print:        eval time =     822.14 ms /    26 runs   (   31.62 ms per token,    31.62 tokens per second)
llama_perf_context_print:       total time =     974.74 ms /   112 tokens
llama_perf_context_print:    graphs reused =         25
[Gemma 4 12B] 5. long query
Llama.generate: 744 prefix-match hit, remaining 88 prompt tokens to eval
llama_perf_context_print:        load time =    4047.67 ms
llama_perf_context_print: prompt eval time =     143.22 ms /    88 tokens (    1.63 ms per token,   614.45 tokens per second)
llama_perf_context_print:        eval time =     754.49 ms /    24 runs   (   31.44 ms per token,    31.81 tokens per second)
llama_perf_context_print:       total time =     905.63 ms /   112 tokens
llama_perf_context_print:    graphs reused =         23
[Gemma 4 12B] 6. long query
Llama.generate: 856 prefix-match hit, remaining 81 prompt tokens to eval
llama_perf_context_print:        load time =    4047.67 ms
llama_perf_context_print: prompt eval time =     143.51 ms /    81 tokens (    1.77 ms per token,   564.41 tokens per second)
llama_perf_context_print:        eval time =     694.47 ms /    22 runs   (   31.57 ms per token,    31.68 tokens per second)
llama_perf_context_print:       total time =     846.82 ms /   103 tokens
llama_perf_context_print:    graphs reused =         21
[Gemma 4 12B] 7. long query
Llama.generate: 959 prefix-match hit, remaining 86 prompt tokens to eval
llama_perf_context_print:        load time =    4047.67 ms
llama_perf_context_print: prompt eval time =     144.86 ms /    86 tokens (    1.68 ms per token,   593.69 tokens per second)
llama_perf_context_print:        eval time =     764.42 ms /    24 runs   (   31.85 ms per token,    31.40 tokens per second)
llama_perf_context_print:       total time =     918.45 ms /   110 tokens
llama_perf_context_print:    graphs reused =         23
[Gemma 4 12B] 8. long query
Llama.generate: 1069 prefix-match hit, remaining 81 prompt tokens to eval
llama_perf_context_print:        load time =    4047.67 ms
llama_perf_context_print: prompt eval time =     144.34 ms /    81 tokens (    1.78 ms per token,   561.18 tokens per second)
llama_perf_context_print:        eval time =     859.25 ms /    27 runs   (   31.82 ms per token,    31.42 tokens per second)
llama_perf_context_print:       total time =    1013.54 ms /   108 tokens
llama_perf_context_print:    graphs reused =         26
[Gemma 4 12B] 9. long query
Llama.generate: 1177 prefix-match hit, remaining 83 prompt tokens to eval
llama_perf_context_print:        load time =    4047.67 ms
llama_perf_context_print: prompt eval time =     144.82 ms /    83 tokens (    1.74 ms per token,   573.13 tokens per second)
llama_perf_context_print:        eval time =     831.53 ms /    26 runs   (   31.98 ms per token,    31.27 tokens per second)
llama_perf_context_print:       total time =     986.69 ms /   109 tokens
llama_perf_context_print:    graphs reused =         24
[Gemma 4 12B] 10. long query
Llama.generate: 1286 prefix-match hit, remaining 79 prompt tokens to eval
llama_perf_context_print:        load time =    4047.67 ms
llama_perf_context_print: prompt eval time =     143.88 ms /    79 tokens (    1.82 ms per token,   549.07 tokens per second)
llama_perf_context_print:        eval time =     703.14 ms /    22 runs   (   31.96 ms per token,    31.29 tokens per second)
llama_perf_context_print:       total time =     855.74 ms /   101 tokens
llama_perf_context_print:    graphs reused =         21
[Gemma 4 12B] 11. long query
Llama.generate: 1387 prefix-match hit, remaining 84 prompt tokens to eval
llama_perf_context_print:        load time =    4047.67 ms
llama_perf_context_print: prompt eval time =     146.24 ms /    84 tokens (    1.74 ms per token,   574.39 tokens per second)
llama_perf_context_print:        eval time =     737.93 ms /    23 runs   (   32.08 ms per token,    31.17 tokens per second)
llama_perf_context_print:       total time =     893.74 ms /   107 tokens
llama_perf_context_print:    graphs reused =         22
[Gemma 4 12B] 12. long query
Llama.generate: 1494 prefix-match hit, remaining 86 prompt tokens to eval
llama_perf_context_print:        load time =    4047.67 ms
llama_perf_context_print: prompt eval time =     147.10 ms /    86 tokens (    1.71 ms per token,   584.62 tokens per second)
llama_perf_context_print:        eval time =     807.80 ms /    25 runs   (   32.31 ms per token,    30.95 tokens per second)
llama_perf_context_print:       total time =     963.68 ms /   111 tokens
llama_perf_context_print:    graphs reused =         24
[Gemma 4 12B] 13. long query
Llama.generate: 1605 prefix-match hit, remaining 79 prompt tokens to eval
llama_perf_context_print:        load time =    4047.67 ms
llama_perf_context_print: prompt eval time =     144.62 ms /    79 tokens (    1.83 ms per token,   546.24 tokens per second)
llama_perf_context_print:        eval time =     873.52 ms /    27 runs   (   32.35 ms per token,    30.91 tokens per second)
llama_perf_context_print:       total time =    1029.25 ms /   106 tokens
llama_perf_context_print:    graphs reused =         26
[Gemma 4 12B] 14. long query
Llama.generate: 1711 prefix-match hit, remaining 88 prompt tokens to eval
llama_perf_context_print:        load time =    4047.67 ms
llama_perf_context_print: prompt eval time =     148.09 ms /    88 tokens (    1.68 ms per token,   594.23 tokens per second)
llama_perf_context_print:        eval time =     909.20 ms /    28 runs   (   32.47 ms per token,    30.80 tokens per second)
llama_perf_context_print:       total time =    1067.46 ms /   116 tokens
llama_perf_context_print:    graphs reused =         27
[Gemma 4 12B] 15. long query
Llama.generate: 1827 prefix-match hit, remaining 90 prompt tokens to eval
llama_perf_context_print:        load time =    4047.67 ms
llama_perf_context_print: prompt eval time =     148.42 ms /    90 tokens (    1.65 ms per token,   606.39 tokens per second)
llama_perf_context_print:        eval time =     808.02 ms /    25 runs   (   32.32 ms per token,    30.94 tokens per second)
llama_perf_context_print:       total time =     966.60 ms /   115 tokens
llama_perf_context_print:    graphs reused =         24
~llama_context:    Vulkan0 compute buffer size is 527.0000 MiB, matches expectation of 527.0000 MiB
~llama_context: Vulkan_Host compute buffer size is  23.0215 MiB, matches expectation of  23.0215 MiB
--- nvidia Nemotron Nano 9B v2 ---
[nvidia Nemotron Nano 9B v2] 0. short query
Llama.generate: 212 prefix-match hit, remaining 23 prompt tokens to eval
llama_perf_context_print:        load time =     268.33 ms
llama_perf_context_print: prompt eval time =      71.45 ms /    23 tokens (    3.11 ms per token,   321.89 tokens per second)
llama_perf_context_print:        eval time =     640.68 ms /    28 runs   (   22.88 ms per token,    43.70 tokens per second)
llama_perf_context_print:       total time =     718.52 ms /    51 tokens
llama_perf_context_print:    graphs reused =         26
[nvidia Nemotron Nano 9B v2] 1. short query
Llama.generate: 263 prefix-match hit, remaining 24 prompt tokens to eval
llama_perf_context_print:        load time =     268.33 ms
llama_perf_context_print: prompt eval time =      75.76 ms /    24 tokens (    3.16 ms per token,   316.81 tokens per second)
llama_perf_context_print:        eval time =     457.32 ms /    20 runs   (   22.87 ms per token,    43.73 tokens per second)
llama_perf_context_print:       total time =     538.41 ms /    44 tokens
llama_perf_context_print:    graphs reused =         19
[nvidia Nemotron Nano 9B v2] 2. short query
Llama.generate: 307 prefix-match hit, remaining 26 prompt tokens to eval
llama_perf_context_print:        load time =     268.33 ms
llama_perf_context_print: prompt eval time =      75.06 ms /    26 tokens (    2.89 ms per token,   346.39 tokens per second)
llama_perf_context_print:        eval time =     617.71 ms /    27 runs   (   22.88 ms per token,    43.71 tokens per second)
llama_perf_context_print:       total time =     700.40 ms /    53 tokens
llama_perf_context_print:    graphs reused =         26
[nvidia Nemotron Nano 9B v2] 3. short query
Llama.generate: 360 prefix-match hit, remaining 28 prompt tokens to eval
llama_perf_context_print:        load time =     268.33 ms
llama_perf_context_print: prompt eval time =      76.12 ms /    28 tokens (    2.72 ms per token,   367.82 tokens per second)
llama_perf_context_print:        eval time =     566.46 ms /    24 runs   (   23.60 ms per token,    42.37 tokens per second)
llama_perf_context_print:       total time =     648.27 ms /    52 tokens
llama_perf_context_print:    graphs reused =         23
[nvidia Nemotron Nano 9B v2] 4. short query
Llama.generate: 412 prefix-match hit, remaining 22 prompt tokens to eval
llama_perf_context_print:        load time =     268.33 ms
llama_perf_context_print: prompt eval time =      74.32 ms /    22 tokens (    3.38 ms per token,   296.01 tokens per second)
llama_perf_context_print:        eval time =     543.67 ms /    24 runs   (   22.65 ms per token,    44.14 tokens per second)
llama_perf_context_print:       total time =     624.15 ms /    46 tokens
llama_perf_context_print:    graphs reused =         23
[nvidia Nemotron Nano 9B v2] 5. short query
Llama.generate: 458 prefix-match hit, remaining 25 prompt tokens to eval
llama_perf_context_print:        load time =     268.33 ms
llama_perf_context_print: prompt eval time =      74.85 ms /    25 tokens (    2.99 ms per token,   334.01 tokens per second)
llama_perf_context_print:        eval time =     543.41 ms /    24 runs   (   22.64 ms per token,    44.17 tokens per second)
llama_perf_context_print:       total time =     625.06 ms /    49 tokens
llama_perf_context_print:    graphs reused =         23
[nvidia Nemotron Nano 9B v2] 6. short query
Llama.generate: 507 prefix-match hit, remaining 27 prompt tokens to eval
llama_perf_context_print:        load time =     268.33 ms
llama_perf_context_print: prompt eval time =      75.90 ms /    27 tokens (    2.81 ms per token,   355.75 tokens per second)
llama_perf_context_print:        eval time =     546.17 ms /    24 runs   (   22.76 ms per token,    43.94 tokens per second)
llama_perf_context_print:       total time =     627.90 ms /    51 tokens
llama_perf_context_print:    graphs reused =         23
[nvidia Nemotron Nano 9B v2] 7. short query
Llama.generate: 558 prefix-match hit, remaining 23 prompt tokens to eval
llama_perf_context_print:        load time =     268.33 ms
llama_perf_context_print: prompt eval time =      73.86 ms /    23 tokens (    3.21 ms per token,   311.39 tokens per second)
llama_perf_context_print:        eval time =     499.79 ms /    22 runs   (   22.72 ms per token,    44.02 tokens per second)
llama_perf_context_print:       total time =     579.31 ms /    45 tokens
llama_perf_context_print:    graphs reused =         21
[nvidia Nemotron Nano 9B v2] 8. short query
Llama.generate: 580 prefix-match found but partial kv removal not supported, re-evaluating full prompt
llama_perf_context_print:        load time =     268.33 ms
llama_perf_context_print: prompt eval time =     619.93 ms /   625 tokens (    0.99 ms per token,  1008.18 tokens per second)
llama_perf_context_print:        eval time =     570.28 ms /    25 runs   (   22.81 ms per token,    43.84 tokens per second)
llama_perf_context_print:       total time =    1202.28 ms /   650 tokens
llama_perf_context_print:    graphs reused =         24
[nvidia Nemotron Nano 9B v2] 9. short query
Llama.generate: 650 prefix-match hit, remaining 23 prompt tokens to eval
llama_perf_context_print:        load time =     268.33 ms
llama_perf_context_print: prompt eval time =      74.00 ms /    23 tokens (    3.22 ms per token,   310.80 tokens per second)
llama_perf_context_print:        eval time =     526.88 ms /    23 runs   (   22.91 ms per token,    43.65 tokens per second)
llama_perf_context_print:       total time =     606.83 ms /    46 tokens
llama_perf_context_print:    graphs reused =         22
[nvidia Nemotron Nano 9B v2] 10. short query
Llama.generate: 696 prefix-match hit, remaining 28 prompt tokens to eval
llama_perf_context_print:        load time =     268.33 ms
llama_perf_context_print: prompt eval time =      75.66 ms /    28 tokens (    2.70 ms per token,   370.07 tokens per second)
llama_perf_context_print:        eval time =     365.61 ms /    16 runs   (   22.85 ms per token,    43.76 tokens per second)
llama_perf_context_print:       total time =     445.95 ms /    44 tokens
llama_perf_context_print:    graphs reused =         15
[nvidia Nemotron Nano 9B v2] 11. short query
Llama.generate: 740 prefix-match hit, remaining 23 prompt tokens to eval
llama_perf_context_print:        load time =     268.33 ms
llama_perf_context_print: prompt eval time =      73.97 ms /    23 tokens (    3.22 ms per token,   310.95 tokens per second)
llama_perf_context_print:        eval time =     458.43 ms /    20 runs   (   22.92 ms per token,    43.63 tokens per second)
llama_perf_context_print:       total time =     537.57 ms /    43 tokens
llama_perf_context_print:    graphs reused =         18
[nvidia Nemotron Nano 9B v2] 12. short query
Llama.generate: 783 prefix-match hit, remaining 24 prompt tokens to eval
llama_perf_context_print:        load time =     268.33 ms
llama_perf_context_print: prompt eval time =      74.25 ms /    24 tokens (    3.09 ms per token,   323.23 tokens per second)
llama_perf_context_print:        eval time =     570.16 ms /    25 runs   (   22.81 ms per token,    43.85 tokens per second)
llama_perf_context_print:       total time =     650.34 ms /    49 tokens
llama_perf_context_print:    graphs reused =         24
[nvidia Nemotron Nano 9B v2] 13. short query
Llama.generate: 832 prefix-match hit, remaining 25 prompt tokens to eval
llama_perf_context_print:        load time =     268.33 ms
llama_perf_context_print: prompt eval time =      74.39 ms /    25 tokens (    2.98 ms per token,   336.07 tokens per second)
llama_perf_context_print:        eval time =     434.04 ms /    19 runs   (   22.84 ms per token,    43.77 tokens per second)
llama_perf_context_print:       total time =     513.98 ms /    44 tokens
llama_perf_context_print:    graphs reused =         18
[nvidia Nemotron Nano 9B v2] 14. short query
Llama.generate: 876 prefix-match hit, remaining 25 prompt tokens to eval
llama_perf_context_print:        load time =     268.33 ms
llama_perf_context_print: prompt eval time =      75.13 ms /    25 tokens (    3.01 ms per token,   332.75 tokens per second)
llama_perf_context_print:        eval time =     567.27 ms /    25 runs   (   22.69 ms per token,    44.07 tokens per second)
llama_perf_context_print:       total time =     649.00 ms /    50 tokens
llama_perf_context_print:    graphs reused =         24
[nvidia Nemotron Nano 9B v2] 15. short query
Llama.generate: 926 prefix-match hit, remaining 23 prompt tokens to eval
llama_perf_context_print:        load time =     268.33 ms
llama_perf_context_print: prompt eval time =      73.61 ms /    23 tokens (    3.20 ms per token,   312.47 tokens per second)
llama_perf_context_print:        eval time =     453.05 ms /    20 runs   (   22.65 ms per token,    44.15 tokens per second)
llama_perf_context_print:       total time =     531.30 ms /    43 tokens
llama_perf_context_print:    graphs reused =         19
[nvidia Nemotron Nano 9B v2] 0. long query
Llama.generate: 212 prefix-match hit, remaining 80 prompt tokens to eval
llama_perf_context_print:        load time =     268.33 ms
llama_perf_context_print: prompt eval time =     117.11 ms /    80 tokens (    1.46 ms per token,   683.12 tokens per second)
llama_perf_context_print:        eval time =     633.73 ms /    28 runs   (   22.63 ms per token,    44.18 tokens per second)
llama_perf_context_print:       total time =     758.62 ms /   108 tokens
llama_perf_context_print:    graphs reused =         27
[nvidia Nemotron Nano 9B v2] 1. long query
Llama.generate: 320 prefix-match hit, remaining 78 prompt tokens to eval
llama_perf_context_print:        load time =     268.33 ms
llama_perf_context_print: prompt eval time =     121.55 ms /    78 tokens (    1.56 ms per token,   641.73 tokens per second)
llama_perf_context_print:        eval time =     519.86 ms /    23 runs   (   22.60 ms per token,    44.24 tokens per second)
llama_perf_context_print:       total time =     646.49 ms /   101 tokens
llama_perf_context_print:    graphs reused =         22
[nvidia Nemotron Nano 9B v2] 2. long query
Llama.generate: 397 prefix-match found but partial kv removal not supported, re-evaluating full prompt
llama_perf_context_print:        load time =     268.33 ms
llama_perf_context_print: prompt eval time =     484.56 ms /   498 tokens (    0.97 ms per token,  1027.73 tokens per second)
llama_perf_context_print:        eval time =     683.25 ms /    30 runs   (   22.77 ms per token,    43.91 tokens per second)
llama_perf_context_print:       total time =    1181.86 ms /   528 tokens
llama_perf_context_print:    graphs reused =         28
[nvidia Nemotron Nano 9B v2] 3. long query
Llama.generate: 528 prefix-match hit, remaining 83 prompt tokens to eval
llama_perf_context_print:        load time =     268.33 ms
llama_perf_context_print: prompt eval time =     123.09 ms /    83 tokens (    1.48 ms per token,   674.31 tokens per second)
llama_perf_context_print:        eval time =     611.32 ms /    27 runs   (   22.64 ms per token,    44.17 tokens per second)
llama_perf_context_print:       total time =     741.35 ms /   110 tokens
llama_perf_context_print:    graphs reused =         26
[nvidia Nemotron Nano 9B v2] 4. long query
Llama.generate: 638 prefix-match hit, remaining 87 prompt tokens to eval
llama_perf_context_print:        load time =     268.33 ms
llama_perf_context_print: prompt eval time =     124.72 ms /    87 tokens (    1.43 ms per token,   697.55 tokens per second)
llama_perf_context_print:        eval time =    1431.35 ms /    63 runs   (   22.72 ms per token,    44.01 tokens per second)
llama_perf_context_print:       total time =    1573.05 ms /   150 tokens
llama_perf_context_print:    graphs reused =         61
[nvidia Nemotron Nano 9B v2] 5. long query
Llama.generate: 788 prefix-match hit, remaining 94 prompt tokens to eval
llama_perf_context_print:        load time =     268.33 ms
llama_perf_context_print: prompt eval time =     127.37 ms /    94 tokens (    1.36 ms per token,   737.98 tokens per second)
llama_perf_context_print:        eval time =     927.87 ms /    41 runs   (   22.63 ms per token,    44.19 tokens per second)
llama_perf_context_print:       total time =    1064.60 ms /   135 tokens
llama_perf_context_print:    graphs reused =         40
[nvidia Nemotron Nano 9B v2] 6. long query
Llama.generate: 923 prefix-match hit, remaining 85 prompt tokens to eval
llama_perf_context_print:        load time =     268.33 ms
llama_perf_context_print: prompt eval time =     124.54 ms /    85 tokens (    1.47 ms per token,   682.52 tokens per second)
llama_perf_context_print:        eval time =     980.02 ms /    43 runs   (   22.79 ms per token,    43.88 tokens per second)
llama_perf_context_print:       total time =    1117.13 ms /   128 tokens
llama_perf_context_print:    graphs reused =         41
[nvidia Nemotron Nano 9B v2] 7. long query
Llama.generate: 1051 prefix-match hit, remaining 86 prompt tokens to eval
llama_perf_context_print:        load time =     268.33 ms
llama_perf_context_print: prompt eval time =     125.33 ms /    86 tokens (    1.46 ms per token,   686.21 tokens per second)
llama_perf_context_print:        eval time =     746.20 ms /    33 runs   (   22.61 ms per token,    44.22 tokens per second)
llama_perf_context_print:       total time =     878.73 ms /   119 tokens
llama_perf_context_print:    graphs reused =         32
[nvidia Nemotron Nano 9B v2] 8. long query
Llama.generate: 1170 prefix-match hit, remaining 83 prompt tokens to eval
llama_perf_context_print:        load time =     268.33 ms
llama_perf_context_print: prompt eval time =     127.76 ms /    83 tokens (    1.54 ms per token,   649.64 tokens per second)
llama_perf_context_print:        eval time =    1093.30 ms /    48 runs   (   22.78 ms per token,    43.90 tokens per second)
llama_perf_context_print:       total time =    1234.98 ms /   131 tokens
llama_perf_context_print:    graphs reused =         46
[nvidia Nemotron Nano 9B v2] 9. long query
Llama.generate: 1301 prefix-match hit, remaining 86 prompt tokens to eval
llama_perf_context_print:        load time =     268.33 ms
llama_perf_context_print: prompt eval time =     127.63 ms /    86 tokens (    1.48 ms per token,   673.82 tokens per second)
llama_perf_context_print:        eval time =     702.02 ms /    31 runs   (   22.65 ms per token,    44.16 tokens per second)
llama_perf_context_print:       total time =     836.55 ms /   117 tokens
llama_perf_context_print:    graphs reused =         30
[nvidia Nemotron Nano 9B v2] 10. long query
Llama.generate: 1418 prefix-match hit, remaining 79 prompt tokens to eval
llama_perf_context_print:        load time =     268.33 ms
llama_perf_context_print: prompt eval time =     122.73 ms /    79 tokens (    1.55 ms per token,   643.69 tokens per second)
llama_perf_context_print:        eval time =     956.93 ms /    42 runs   (   22.78 ms per token,    43.89 tokens per second)
llama_perf_context_print:       total time =    1091.74 ms /   121 tokens
llama_perf_context_print:    graphs reused =         40
[nvidia Nemotron Nano 9B v2] 11. long query
Llama.generate: 1539 prefix-match hit, remaining 84 prompt tokens to eval
llama_perf_context_print:        load time =     268.33 ms
llama_perf_context_print: prompt eval time =     124.82 ms /    84 tokens (    1.49 ms per token,   672.99 tokens per second)
llama_perf_context_print:        eval time =     770.21 ms /    34 runs   (   22.65 ms per token,    44.14 tokens per second)
llama_perf_context_print:       total time =     902.78 ms /   118 tokens
llama_perf_context_print:    graphs reused =         33
[nvidia Nemotron Nano 9B v2] 12. long query
Llama.generate: 1657 prefix-match hit, remaining 89 prompt tokens to eval
llama_perf_context_print:        load time =     268.33 ms
llama_perf_context_print: prompt eval time =     127.40 ms /    89 tokens (    1.43 ms per token,   698.57 tokens per second)
llama_perf_context_print:        eval time =     954.53 ms /    42 runs   (   22.73 ms per token,    44.00 tokens per second)
llama_perf_context_print:       total time =    1093.87 ms /   131 tokens
llama_perf_context_print:    graphs reused =         41
[nvidia Nemotron Nano 9B v2] 13. long query
Llama.generate: 1788 prefix-match hit, remaining 83 prompt tokens to eval
llama_perf_context_print:        load time =     268.33 ms
llama_perf_context_print: prompt eval time =     126.92 ms /    83 tokens (    1.53 ms per token,   653.93 tokens per second)
llama_perf_context_print:        eval time =     908.15 ms /    40 runs   (   22.70 ms per token,    44.05 tokens per second)
llama_perf_context_print:       total time =    1045.08 ms /   123 tokens
llama_perf_context_print:    graphs reused =         39
[nvidia Nemotron Nano 9B v2] 14. long query
Llama.generate: 1911 prefix-match hit, remaining 88 prompt tokens to eval
llama_perf_context_print:        load time =     268.33 ms
llama_perf_context_print: prompt eval time =     128.75 ms /    88 tokens (    1.46 ms per token,   683.52 tokens per second)
llama_perf_context_print:        eval time =     773.04 ms /    34 runs   (   22.74 ms per token,    43.98 tokens per second)
llama_perf_context_print:       total time =     911.72 ms /   122 tokens
llama_perf_context_print:    graphs reused =         33
[nvidia Nemotron Nano 9B v2] 15. long query
Llama.generate: 2033 prefix-match hit, remaining 90 prompt tokens to eval
llama_perf_context_print:        load time =     268.33 ms
llama_perf_context_print: prompt eval time =     127.72 ms /    90 tokens (    1.42 ms per token,   704.65 tokens per second)
llama_perf_context_print:        eval time =    1067.91 ms /    47 runs   (   22.72 ms per token,    44.01 tokens per second)
llama_perf_context_print:       total time =    1208.07 ms /   137 tokens
llama_perf_context_print:    graphs reused =         46
~llama_context:    Vulkan0 compute buffer size is 277.5098 MiB, matches expectation of 277.5098 MiB
~llama_context: Vulkan_Host compute buffer size is  21.5118 MiB, matches expectation of  21.5118 MiB
--- GLM 4.6V Flash ---
[GLM 4.6V Flash] 0. short query
Llama.generate: 198 prefix-match hit, remaining 20 prompt tokens to eval
llama_perf_context_print:        load time =     232.11 ms
llama_perf_context_print: prompt eval time =      69.64 ms /    20 tokens (    3.48 ms per token,   287.20 tokens per second)
llama_perf_context_print:        eval time =     254.03 ms /    11 runs   (   23.09 ms per token,    43.30 tokens per second)
llama_perf_context_print:       total time =     326.77 ms /    31 tokens
llama_perf_context_print:    graphs reused =         10
[GLM 4.6V Flash] 1. short query
Llama.generate: 229 prefix-match hit, remaining 19 prompt tokens to eval
llama_perf_context_print:        load time =     232.11 ms
llama_perf_context_print: prompt eval time =      70.06 ms /    19 tokens (    3.69 ms per token,   271.20 tokens per second)
llama_perf_context_print:        eval time =     323.40 ms /    14 runs   (   23.10 ms per token,    43.29 tokens per second)
llama_perf_context_print:       total time =     397.22 ms /    33 tokens
llama_perf_context_print:    graphs reused =         12
[GLM 4.6V Flash] 2. short query
Llama.generate: 262 prefix-match hit, remaining 20 prompt tokens to eval
llama_perf_context_print:        load time =     232.11 ms
llama_perf_context_print: prompt eval time =      70.49 ms /    20 tokens (    3.52 ms per token,   283.72 tokens per second)
llama_perf_context_print:        eval time =     302.05 ms /    13 runs   (   23.23 ms per token,    43.04 tokens per second)
llama_perf_context_print:       total time =     376.16 ms /    33 tokens
llama_perf_context_print:    graphs reused =         12
[GLM 4.6V Flash] 3. short query
Llama.generate: 295 prefix-match hit, remaining 21 prompt tokens to eval
llama_perf_context_print:        load time =     232.11 ms
llama_perf_context_print: prompt eval time =      71.16 ms /    21 tokens (    3.39 ms per token,   295.10 tokens per second)
llama_perf_context_print:        eval time =     207.41 ms /     9 runs   (   23.05 ms per token,    43.39 tokens per second)
llama_perf_context_print:       total time =     281.09 ms /    30 tokens
llama_perf_context_print:    graphs reused =          8
[GLM 4.6V Flash] 4. short query
Llama.generate: 325 prefix-match hit, remaining 17 prompt tokens to eval
llama_perf_context_print:        load time =     232.11 ms
llama_perf_context_print: prompt eval time =      69.67 ms /    17 tokens (    4.10 ms per token,   244.01 tokens per second)
llama_perf_context_print:        eval time =     297.94 ms /    13 runs   (   22.92 ms per token,    43.63 tokens per second)
llama_perf_context_print:       total time =     370.99 ms /    30 tokens
llama_perf_context_print:    graphs reused =         12
[GLM 4.6V Flash] 5. short query
Llama.generate: 355 prefix-match hit, remaining 20 prompt tokens to eval
llama_perf_context_print:        load time =     232.11 ms
llama_perf_context_print: prompt eval time =      71.31 ms /    20 tokens (    3.57 ms per token,   280.45 tokens per second)
llama_perf_context_print:        eval time =     461.00 ms /    20 runs   (   23.05 ms per token,    43.38 tokens per second)
llama_perf_context_print:       total time =     537.61 ms /    40 tokens
llama_perf_context_print:    graphs reused =         19
[GLM 4.6V Flash] 6. short query
Llama.generate: 395 prefix-match hit, remaining 22 prompt tokens to eval
llama_perf_context_print:        load time =     232.11 ms
llama_perf_context_print: prompt eval time =      71.50 ms /    22 tokens (    3.25 ms per token,   307.70 tokens per second)
llama_perf_context_print:        eval time =     321.34 ms /    14 runs   (   22.95 ms per token,    43.57 tokens per second)
llama_perf_context_print:       total time =     396.64 ms /    36 tokens
llama_perf_context_print:    graphs reused =         13
[GLM 4.6V Flash] 7. short query
Llama.generate: 431 prefix-match hit, remaining 17 prompt tokens to eval
llama_perf_context_print:        load time =     232.11 ms
llama_perf_context_print: prompt eval time =      70.81 ms /    17 tokens (    4.17 ms per token,   240.10 tokens per second)
llama_perf_context_print:        eval time =     299.82 ms /    13 runs   (   23.06 ms per token,    43.36 tokens per second)
llama_perf_context_print:       total time =     374.26 ms /    30 tokens
llama_perf_context_print:    graphs reused =         12
[GLM 4.6V Flash] 8. short query
Llama.generate: 461 prefix-match hit, remaining 18 prompt tokens to eval
llama_perf_context_print:        load time =     232.11 ms
llama_perf_context_print: prompt eval time =      70.93 ms /    18 tokens (    3.94 ms per token,   253.77 tokens per second)
llama_perf_context_print:        eval time =     253.38 ms /    11 runs   (   23.03 ms per token,    43.41 tokens per second)
llama_perf_context_print:       total time =     327.46 ms /    29 tokens
llama_perf_context_print:    graphs reused =         10
[GLM 4.6V Flash] 9. short query
Llama.generate: 490 prefix-match hit, remaining 18 prompt tokens to eval
llama_perf_context_print:        load time =     232.11 ms
llama_perf_context_print: prompt eval time =      70.70 ms /    18 tokens (    3.93 ms per token,   254.60 tokens per second)
llama_perf_context_print:        eval time =     370.54 ms /    16 runs   (   23.16 ms per token,    43.18 tokens per second)
llama_perf_context_print:       total time =     445.56 ms /    34 tokens
llama_perf_context_print:    graphs reused =         14
[GLM 4.6V Flash] 10. short query
Llama.generate: 524 prefix-match hit, remaining 23 prompt tokens to eval
llama_perf_context_print:        load time =     232.11 ms
llama_perf_context_print: prompt eval time =      72.25 ms /    23 tokens (    3.14 ms per token,   318.33 tokens per second)
llama_perf_context_print:        eval time =     323.38 ms /    14 runs   (   23.10 ms per token,    43.29 tokens per second)
llama_perf_context_print:       total time =     399.45 ms /    37 tokens
llama_perf_context_print:    graphs reused =         13
[GLM 4.6V Flash] 11. short query
Llama.generate: 561 prefix-match hit, remaining 18 prompt tokens to eval
llama_perf_context_print:        load time =     232.11 ms
llama_perf_context_print: prompt eval time =     101.62 ms /    18 tokens (    5.65 ms per token,   177.13 tokens per second)
llama_perf_context_print:        eval time =     230.83 ms /    10 runs   (   23.08 ms per token,    43.32 tokens per second)
llama_perf_context_print:       total time =     335.33 ms /    28 tokens
llama_perf_context_print:    graphs reused =          9
[GLM 4.6V Flash] 12. short query
Llama.generate: 589 prefix-match hit, remaining 19 prompt tokens to eval
llama_perf_context_print:        load time =     232.11 ms
llama_perf_context_print: prompt eval time =      71.44 ms /    19 tokens (    3.76 ms per token,   265.96 tokens per second)
llama_perf_context_print:        eval time =     208.19 ms /     9 runs   (   23.13 ms per token,    43.23 tokens per second)
llama_perf_context_print:       total time =     282.28 ms /    28 tokens
llama_perf_context_print:    graphs reused =          8
[GLM 4.6V Flash] 13. short query
Llama.generate: 617 prefix-match hit, remaining 20 prompt tokens to eval
llama_perf_context_print:        load time =     232.11 ms
llama_perf_context_print: prompt eval time =     116.66 ms /    20 tokens (    5.83 ms per token,   171.45 tokens per second)
llama_perf_context_print:        eval time =     324.64 ms /    14 runs   (   23.19 ms per token,    43.13 tokens per second)
llama_perf_context_print:       total time =     445.20 ms /    34 tokens
llama_perf_context_print:    graphs reused =         13
[GLM 4.6V Flash] 14. short query
Llama.generate: 651 prefix-match hit, remaining 20 prompt tokens to eval
llama_perf_context_print:        load time =     232.11 ms
llama_perf_context_print: prompt eval time =      72.78 ms /    20 tokens (    3.64 ms per token,   274.79 tokens per second)
llama_perf_context_print:        eval time =     324.20 ms /    14 runs   (   23.16 ms per token,    43.18 tokens per second)
llama_perf_context_print:       total time =     400.89 ms /    34 tokens
llama_perf_context_print:    graphs reused =         13
[GLM 4.6V Flash] 15. short query
Llama.generate: 685 prefix-match hit, remaining 18 prompt tokens to eval
llama_perf_context_print:        load time =     232.11 ms
llama_perf_context_print: prompt eval time =      72.28 ms /    18 tokens (    4.02 ms per token,   249.03 tokens per second)
llama_perf_context_print:        eval time =     231.42 ms /    10 runs   (   23.14 ms per token,    43.21 tokens per second)
llama_perf_context_print:       total time =     306.51 ms /    28 tokens
llama_perf_context_print:    graphs reused =          9
[GLM 4.6V Flash] 0. long query
Llama.generate: 198 prefix-match hit, remaining 76 prompt tokens to eval
llama_perf_context_print:        load time =     232.11 ms
llama_perf_context_print: prompt eval time =     138.54 ms /    76 tokens (    1.82 ms per token,   548.58 tokens per second)
llama_perf_context_print:        eval time =     616.74 ms /    27 runs   (   22.84 ms per token,    43.78 tokens per second)
llama_perf_context_print:       total time =     762.59 ms /   103 tokens
llama_perf_context_print:    graphs reused =         26
[GLM 4.6V Flash] 1. long query
Llama.generate: 301 prefix-match hit, remaining 72 prompt tokens to eval
llama_perf_context_print:        load time =     232.11 ms
llama_perf_context_print: prompt eval time =     139.52 ms /    72 tokens (    1.94 ms per token,   516.04 tokens per second)
llama_perf_context_print:        eval time =     528.60 ms /    23 runs   (   22.98 ms per token,    43.51 tokens per second)
llama_perf_context_print:       total time =     674.19 ms /    95 tokens
llama_perf_context_print:    graphs reused =         22
[GLM 4.6V Flash] 2. long query
Llama.generate: 396 prefix-match hit, remaining 71 prompt tokens to eval
llama_perf_context_print:        load time =     232.11 ms
llama_perf_context_print: prompt eval time =     140.21 ms /    71 tokens (    1.97 ms per token,   506.39 tokens per second)
llama_perf_context_print:        eval time =     206.32 ms /     9 runs   (   22.92 ms per token,    43.62 tokens per second)
llama_perf_context_print:       total time =     349.19 ms /    80 tokens
llama_perf_context_print:    graphs reused =          8
[GLM 4.6V Flash] 3. long query
Llama.generate: 476 prefix-match hit, remaining 76 prompt tokens to eval
llama_perf_context_print:        load time =     232.11 ms
llama_perf_context_print: prompt eval time =     141.02 ms /    76 tokens (    1.86 ms per token,   538.94 tokens per second)
llama_perf_context_print:        eval time =     207.01 ms /     9 runs   (   23.00 ms per token,    43.48 tokens per second)
llama_perf_context_print:       total time =     350.72 ms /    85 tokens
llama_perf_context_print:    graphs reused =          8
[GLM 4.6V Flash] 4. long query
Llama.generate: 561 prefix-match hit, remaining 81 prompt tokens to eval
llama_perf_context_print:        load time =     232.11 ms
llama_perf_context_print: prompt eval time =     142.39 ms /    81 tokens (    1.76 ms per token,   568.86 tokens per second)
llama_perf_context_print:        eval time =     505.55 ms /    22 runs   (   22.98 ms per token,    43.52 tokens per second)
llama_perf_context_print:       total time =     654.09 ms /   103 tokens
llama_perf_context_print:    graphs reused =         21
[GLM 4.6V Flash] 5. long query
Llama.generate: 664 prefix-match hit, remaining 80 prompt tokens to eval
llama_perf_context_print:        load time =     232.11 ms
llama_perf_context_print: prompt eval time =     142.31 ms /    80 tokens (    1.78 ms per token,   562.15 tokens per second)
llama_perf_context_print:        eval time =     298.24 ms /    13 runs   (   22.94 ms per token,    43.59 tokens per second)
llama_perf_context_print:       total time =     444.12 ms /    93 tokens
llama_perf_context_print:    graphs reused =         12
[GLM 4.6V Flash] 6. long query
Llama.generate: 757 prefix-match hit, remaining 75 prompt tokens to eval
llama_perf_context_print:        load time =     232.11 ms
llama_perf_context_print: prompt eval time =     147.55 ms /    75 tokens (    1.97 ms per token,   508.31 tokens per second)
llama_perf_context_print:        eval time =     299.21 ms /    13 runs   (   23.02 ms per token,    43.45 tokens per second)
llama_perf_context_print:       total time =     450.43 ms /    88 tokens
llama_perf_context_print:    graphs reused =         12
[GLM 4.6V Flash] 7. long query
Llama.generate: 845 prefix-match hit, remaining 81 prompt tokens to eval
llama_perf_context_print:        load time =     232.11 ms
llama_perf_context_print: prompt eval time =     149.87 ms /    81 tokens (    1.85 ms per token,   540.47 tokens per second)
llama_perf_context_print:        eval time =     598.15 ms /    26 runs   (   23.01 ms per token,    43.47 tokens per second)
llama_perf_context_print:       total time =     755.17 ms /   107 tokens
llama_perf_context_print:    graphs reused =         25
[GLM 4.6V Flash] 8. long query
Llama.generate: 952 prefix-match hit, remaining 77 prompt tokens to eval
llama_perf_context_print:        load time =     232.11 ms
llama_perf_context_print: prompt eval time =     149.95 ms /    77 tokens (    1.95 ms per token,   513.51 tokens per second)
llama_perf_context_print:        eval time =     321.93 ms /    14 runs   (   22.99 ms per token,    43.49 tokens per second)
llama_perf_context_print:       total time =     475.83 ms /    91 tokens
llama_perf_context_print:    graphs reused =         13
[GLM 4.6V Flash] 9. long query
Llama.generate: 1043 prefix-match hit, remaining 78 prompt tokens to eval
llama_perf_context_print:        load time =     232.11 ms
llama_perf_context_print: prompt eval time =     149.96 ms /    78 tokens (    1.92 ms per token,   520.16 tokens per second)
llama_perf_context_print:        eval time =     530.47 ms /    23 runs   (   23.06 ms per token,    43.36 tokens per second)
llama_perf_context_print:       total time =     686.81 ms /   101 tokens
llama_perf_context_print:    graphs reused =         22
[GLM 4.6V Flash] 10. long query
Llama.generate: 1144 prefix-match hit, remaining 73 prompt tokens to eval
llama_perf_context_print:        load time =     232.11 ms
llama_perf_context_print: prompt eval time =     150.25 ms /    73 tokens (    2.06 ms per token,   485.87 tokens per second)
llama_perf_context_print:        eval time =     322.57 ms /    14 runs   (   23.04 ms per token,    43.40 tokens per second)
llama_perf_context_print:       total time =     476.74 ms /    87 tokens
llama_perf_context_print:    graphs reused =         13
[GLM 4.6V Flash] 11. long query
Llama.generate: 1231 prefix-match hit, remaining 77 prompt tokens to eval
llama_perf_context_print:        load time =     232.11 ms
llama_perf_context_print: prompt eval time =     150.57 ms /    77 tokens (    1.96 ms per token,   511.39 tokens per second)
llama_perf_context_print:        eval time =     207.82 ms /     9 runs   (   23.09 ms per token,    43.31 tokens per second)
llama_perf_context_print:       total time =     361.15 ms /    86 tokens
llama_perf_context_print:    graphs reused =          8
[GLM 4.6V Flash] 12. long query
Llama.generate: 1317 prefix-match hit, remaining 81 prompt tokens to eval
llama_perf_context_print:        load time =     232.11 ms
llama_perf_context_print: prompt eval time =     151.44 ms /    81 tokens (    1.87 ms per token,   534.88 tokens per second)
llama_perf_context_print:        eval time =     392.25 ms /    17 runs   (   23.07 ms per token,    43.34 tokens per second)
llama_perf_context_print:       total time =     548.52 ms /    98 tokens
llama_perf_context_print:    graphs reused =         16
[GLM 4.6V Flash] 13. long query
Llama.generate: 1415 prefix-match hit, remaining 78 prompt tokens to eval
llama_perf_context_print:        load time =     232.11 ms
llama_perf_context_print: prompt eval time =     151.44 ms /    78 tokens (    1.94 ms per token,   515.06 tokens per second)
llama_perf_context_print:        eval time =     253.66 ms /    11 runs   (   23.06 ms per token,    43.37 tokens per second)
llama_perf_context_print:       total time =     408.34 ms /    89 tokens
llama_perf_context_print:    graphs reused =         10
[GLM 4.6V Flash] 14. long query
Llama.generate: 1504 prefix-match hit, remaining 83 prompt tokens to eval
llama_perf_context_print:        load time =     232.11 ms
llama_perf_context_print: prompt eval time =     152.61 ms /    83 tokens (    1.84 ms per token,   543.86 tokens per second)
llama_perf_context_print:        eval time =     438.86 ms /    19 runs   (   23.10 ms per token,    43.29 tokens per second)
llama_perf_context_print:       total time =     596.82 ms /   102 tokens
llama_perf_context_print:    graphs reused =         18
[GLM 4.6V Flash] 15. long query
Llama.generate: 1606 prefix-match hit, remaining 84 prompt tokens to eval
llama_perf_context_print:        load time =     232.11 ms
llama_perf_context_print: prompt eval time =     153.03 ms /    84 tokens (    1.82 ms per token,   548.92 tokens per second)
llama_perf_context_print:        eval time =     415.57 ms /    18 runs   (   23.09 ms per token,    43.31 tokens per second)
llama_perf_context_print:       total time =     573.56 ms /   102 tokens
llama_perf_context_print:    graphs reused =         17
~llama_context:    Vulkan0 compute buffer size is 312.0000 MiB, matches expectation of 312.0000 MiB
~llama_context: Vulkan_Host compute buffer size is  20.0196 MiB, matches expectation of  20.0196 MiB
--- maple preview ---
[maple preview] 0. short query
Llama.generate: 199 prefix-match hit, remaining 24 prompt tokens to eval
llama_perf_context_print:        load time =     114.76 ms
llama_perf_context_print: prompt eval time =      31.74 ms /    24 tokens (    1.32 ms per token,   756.17 tokens per second)
llama_perf_context_print:        eval time =      96.28 ms /    21 runs   (    4.58 ms per token,   218.13 tokens per second)
llama_perf_context_print:       total time =     131.50 ms /    45 tokens
llama_perf_context_print:    graphs reused =         20
[maple preview] 1. short query
Llama.generate: 244 prefix-match hit, remaining 25 prompt tokens to eval
llama_perf_context_print:        load time =     114.76 ms
llama_perf_context_print: prompt eval time =      31.79 ms /    25 tokens (    1.27 ms per token,   786.41 tokens per second)
llama_perf_context_print:        eval time =     289.48 ms /    63 runs   (    4.59 ms per token,   217.63 tokens per second)
llama_perf_context_print:       total time =     331.94 ms /    88 tokens
llama_perf_context_print:    graphs reused =         62
[maple preview] 2. short query
Llama.generate: 332 prefix-match hit, remaining 27 prompt tokens to eval
llama_perf_context_print:        load time =     114.76 ms
llama_perf_context_print: prompt eval time =      34.44 ms /    27 tokens (    1.28 ms per token,   783.99 tokens per second)
llama_perf_context_print:        eval time =      37.74 ms /     8 runs   (    4.72 ms per token,   211.97 tokens per second)
llama_perf_context_print:       total time =      73.67 ms /    35 tokens
llama_perf_context_print:    graphs reused =          7
[maple preview] 3. short query
Llama.generate: 367 prefix-match hit, remaining 27 prompt tokens to eval
llama_perf_context_print:        load time =     114.76 ms
llama_perf_context_print: prompt eval time =      33.37 ms /    27 tokens (    1.24 ms per token,   809.04 tokens per second)
llama_perf_context_print:        eval time =     291.98 ms /    63 runs   (    4.63 ms per token,   215.77 tokens per second)
llama_perf_context_print:       total time =     336.05 ms /    90 tokens
llama_perf_context_print:    graphs reused =         62
[maple preview] 4. short query
Llama.generate: 457 prefix-match hit, remaining 24 prompt tokens to eval
llama_perf_context_print:        load time =     114.76 ms
llama_perf_context_print: prompt eval time =      31.56 ms /    24 tokens (    1.32 ms per token,   760.41 tokens per second)
llama_perf_context_print:        eval time =      70.83 ms /    15 runs   (    4.72 ms per token,   211.77 tokens per second)
llama_perf_context_print:       total time =     105.36 ms /    39 tokens
llama_perf_context_print:    graphs reused =         14
[maple preview] 5. short query
Llama.generate: 496 prefix-match hit, remaining 26 prompt tokens to eval
llama_perf_context_print:        load time =     114.76 ms
llama_perf_context_print: prompt eval time =      31.64 ms /    26 tokens (    1.22 ms per token,   821.67 tokens per second)
llama_perf_context_print:        eval time =     300.82 ms /    63 runs   (    4.77 ms per token,   209.43 tokens per second)
llama_perf_context_print:       total time =     345.39 ms /    89 tokens
llama_perf_context_print:    graphs reused =         62
[maple preview] 6. short query
Llama.generate: 585 prefix-match hit, remaining 29 prompt tokens to eval
llama_perf_context_print:        load time =     114.76 ms
llama_perf_context_print: prompt eval time =      35.35 ms /    29 tokens (    1.22 ms per token,   820.27 tokens per second)
llama_perf_context_print:        eval time =     305.93 ms /    63 runs   (    4.86 ms per token,   205.93 tokens per second)
llama_perf_context_print:       total time =     352.48 ms /    92 tokens
llama_perf_context_print:    graphs reused =         62
[maple preview] 7. short query
Llama.generate: 677 prefix-match hit, remaining 24 prompt tokens to eval
llama_perf_context_print:        load time =     114.76 ms
llama_perf_context_print: prompt eval time =      33.45 ms /    24 tokens (    1.39 ms per token,   717.60 tokens per second)
llama_perf_context_print:        eval time =     296.71 ms /    63 runs   (    4.71 ms per token,   212.33 tokens per second)
llama_perf_context_print:       total time =     340.94 ms /    87 tokens
llama_perf_context_print:    graphs reused =         62
[maple preview] 8. short query
Llama.generate: 764 prefix-match hit, remaining 25 prompt tokens to eval
llama_perf_context_print:        load time =     114.76 ms
llama_perf_context_print: prompt eval time =      30.91 ms /    25 tokens (    1.24 ms per token,   808.90 tokens per second)
llama_perf_context_print:        eval time =     298.81 ms /    63 runs   (    4.74 ms per token,   210.83 tokens per second)
llama_perf_context_print:       total time =     340.42 ms /    88 tokens
llama_perf_context_print:    graphs reused =         62
[maple preview] 9. short query
Llama.generate: 852 prefix-match hit, remaining 25 prompt tokens to eval
llama_perf_context_print:        load time =     114.76 ms
llama_perf_context_print: prompt eval time =      31.37 ms /    25 tokens (    1.25 ms per token,   796.94 tokens per second)
llama_perf_context_print:        eval time =     303.22 ms /    63 runs   (    4.81 ms per token,   207.77 tokens per second)
llama_perf_context_print:       total time =     345.35 ms /    88 tokens
llama_perf_context_print:    graphs reused =         62
[maple preview] 10. short query
Llama.generate: 940 prefix-match hit, remaining 30 prompt tokens to eval
llama_perf_context_print:        load time =     114.76 ms
llama_perf_context_print: prompt eval time =      34.25 ms /    30 tokens (    1.14 ms per token,   875.99 tokens per second)
llama_perf_context_print:        eval time =       5.95 ms /     1 runs   (    5.95 ms per token,   168.04 tokens per second)
llama_perf_context_print:       total time =      40.76 ms /    31 tokens
llama_perf_context_print:    graphs reused =          0
[maple preview] 11. short query
Llama.generate: 971 prefix-match hit, remaining 24 prompt tokens to eval
llama_perf_context_print:        load time =     114.76 ms
llama_perf_context_print: prompt eval time =      30.98 ms /    24 tokens (    1.29 ms per token,   774.67 tokens per second)
llama_perf_context_print:        eval time =       6.11 ms /     1 runs   (    6.11 ms per token,   163.59 tokens per second)
llama_perf_context_print:       total time =      37.66 ms /    25 tokens
llama_perf_context_print:    graphs reused =          0
[maple preview] 12. short query
Llama.generate: 996 prefix-match hit, remaining 25 prompt tokens to eval
llama_perf_context_print:        load time =     114.76 ms
llama_perf_context_print: prompt eval time =      32.81 ms /    25 tokens (    1.31 ms per token,   761.87 tokens per second)
llama_perf_context_print:        eval time =       5.98 ms /     1 runs   (    5.98 ms per token,   167.25 tokens per second)
llama_perf_context_print:       total time =      39.36 ms /    26 tokens
llama_perf_context_print:    graphs reused =          0
[maple preview] 13. short query
Llama.generate: 1022 prefix-match hit, remaining 26 prompt tokens to eval
llama_perf_context_print:        load time =     114.76 ms
llama_perf_context_print: prompt eval time =      33.41 ms /    26 tokens (    1.29 ms per token,   778.19 tokens per second)
llama_perf_context_print:        eval time =       6.04 ms /     1 runs   (    6.04 ms per token,   165.43 tokens per second)
llama_perf_context_print:       total time =      39.94 ms /    27 tokens
llama_perf_context_print:    graphs reused =          0
[maple preview] 14. short query
Llama.generate: 1049 prefix-match hit, remaining 26 prompt tokens to eval
llama_perf_context_print:        load time =     114.76 ms
llama_perf_context_print: prompt eval time =      33.55 ms /    26 tokens (    1.29 ms per token,   775.06 tokens per second)
llama_perf_context_print:        eval time =       6.22 ms /     1 runs   (    6.22 ms per token,   160.72 tokens per second)
llama_perf_context_print:       total time =      40.33 ms /    27 tokens
llama_perf_context_print:    graphs reused =          0
[maple preview] 15. short query
Llama.generate: 1076 prefix-match hit, remaining 24 prompt tokens to eval
llama_perf_context_print:        load time =     114.76 ms
llama_perf_context_print: prompt eval time =      31.57 ms /    24 tokens (    1.32 ms per token,   760.34 tokens per second)
llama_perf_context_print:        eval time =       6.23 ms /     1 runs   (    6.23 ms per token,   160.64 tokens per second)
llama_perf_context_print:       total time =      38.36 ms /    25 tokens
llama_perf_context_print:    graphs reused =          0
[maple preview] 0. long query
Llama.generate: 199 prefix-match hit, remaining 80 prompt tokens to eval
llama_perf_context_print:        load time =     114.76 ms
llama_perf_context_print: prompt eval time =      53.02 ms /    80 tokens (    0.66 ms per token,  1508.89 tokens per second)
llama_perf_context_print:        eval time =     199.08 ms /    42 runs   (    4.74 ms per token,   210.97 tokens per second)
llama_perf_context_print:       total time =     259.50 ms /   122 tokens
llama_perf_context_print:    graphs reused =         41
[maple preview] 1. long query
Llama.generate: 321 prefix-match hit, remaining 78 prompt tokens to eval
llama_perf_context_print:        load time =     114.76 ms
llama_perf_context_print: prompt eval time =      59.46 ms /    78 tokens (    0.76 ms per token,  1311.83 tokens per second)
llama_perf_context_print:        eval time =     149.26 ms /    31 runs   (    4.81 ms per token,   207.69 tokens per second)
llama_perf_context_print:       total time =     214.74 ms /   109 tokens
llama_perf_context_print:    graphs reused =         30
[maple preview] 2. long query
Llama.generate: 430 prefix-match hit, remaining 77 prompt tokens to eval
llama_perf_context_print:        load time =     114.76 ms
llama_perf_context_print: prompt eval time =      54.47 ms /    77 tokens (    0.71 ms per token,  1413.60 tokens per second)
llama_perf_context_print:        eval time =     305.29 ms /    63 runs   (    4.85 ms per token,   206.36 tokens per second)
llama_perf_context_print:       total time =     373.34 ms /   140 tokens
llama_perf_context_print:    graphs reused =         61
[maple preview] 3. long query
Llama.generate: 570 prefix-match hit, remaining 83 prompt tokens to eval
llama_perf_context_print:        load time =     114.76 ms
llama_perf_context_print: prompt eval time =      56.01 ms /    83 tokens (    0.67 ms per token,  1481.93 tokens per second)
llama_perf_context_print:        eval time =     193.43 ms /    40 runs   (    4.84 ms per token,   206.79 tokens per second)
llama_perf_context_print:       total time =     257.38 ms /   123 tokens
llama_perf_context_print:    graphs reused =         39
[maple preview] 4. long query
Llama.generate: 693 prefix-match hit, remaining 87 prompt tokens to eval
llama_perf_context_print:        load time =     114.76 ms
llama_perf_context_print: prompt eval time =      61.27 ms /    87 tokens (    0.70 ms per token,  1419.90 tokens per second)
llama_perf_context_print:        eval time =     207.31 ms /    42 runs   (    4.94 ms per token,   202.60 tokens per second)
llama_perf_context_print:       total time =     276.99 ms /   129 tokens
llama_perf_context_print:    graphs reused =         41
[maple preview] 5. long query
Llama.generate: 822 prefix-match hit, remaining 87 prompt tokens to eval
llama_perf_context_print:        load time =     114.76 ms
llama_perf_context_print: prompt eval time =      61.32 ms /    87 tokens (    0.70 ms per token,  1418.86 tokens per second)
llama_perf_context_print:        eval time =     307.05 ms /    63 runs   (    4.87 ms per token,   205.18 tokens per second)
llama_perf_context_print:       total time =     382.36 ms /   150 tokens
llama_perf_context_print:    graphs reused =         62
[maple preview] 6. long query
Llama.generate: 972 prefix-match hit, remaining 82 prompt tokens to eval
llama_perf_context_print:        load time =     114.76 ms
llama_perf_context_print: prompt eval time =      61.23 ms /    82 tokens (    0.75 ms per token,  1339.23 tokens per second)
llama_perf_context_print:        eval time =     213.88 ms /    44 runs   (    4.86 ms per token,   205.72 tokens per second)
llama_perf_context_print:       total time =     283.87 ms /   126 tokens
llama_perf_context_print:    graphs reused =         43
[maple preview] 7. long query
Llama.generate: 1098 prefix-match hit, remaining 87 prompt tokens to eval
llama_perf_context_print:        load time =     114.76 ms
llama_perf_context_print: prompt eval time =      62.10 ms /    87 tokens (    0.71 ms per token,  1400.88 tokens per second)
llama_perf_context_print:        eval time =     299.82 ms /    63 runs   (    4.76 ms per token,   210.13 tokens per second)
llama_perf_context_print:       total time =     375.41 ms /   150 tokens
llama_perf_context_print:    graphs reused =         62
[maple preview] 8. long query
Llama.generate: 1248 prefix-match hit, remaining 84 prompt tokens to eval
llama_perf_context_print:        load time =     114.76 ms
llama_perf_context_print: prompt eval time =      61.22 ms /    84 tokens (    0.73 ms per token,  1372.19 tokens per second)
llama_perf_context_print:        eval time =     300.34 ms /    63 runs   (    4.77 ms per token,   209.76 tokens per second)
llama_perf_context_print:       total time =     375.03 ms /   147 tokens
llama_perf_context_print:    graphs reused =         62
[maple preview] 9. long query
Llama.generate: 1395 prefix-match hit, remaining 85 prompt tokens to eval
llama_perf_context_print:        load time =     114.76 ms
llama_perf_context_print: prompt eval time =      59.97 ms /    85 tokens (    0.71 ms per token,  1417.35 tokens per second)
llama_perf_context_print:        eval time =     301.24 ms /    63 runs   (    4.78 ms per token,   209.14 tokens per second)
llama_perf_context_print:       total time =     374.64 ms /   148 tokens
llama_perf_context_print:    graphs reused =         61
[maple preview] 10. long query
Llama.generate: 1543 prefix-match hit, remaining 80 prompt tokens to eval
llama_perf_context_print:        load time =     114.76 ms
llama_perf_context_print: prompt eval time =      60.53 ms /    80 tokens (    0.76 ms per token,  1321.75 tokens per second)
llama_perf_context_print:        eval time =     305.63 ms /    63 runs   (    4.85 ms per token,   206.13 tokens per second)
llama_perf_context_print:       total time =     379.81 ms /   143 tokens
llama_perf_context_print:    graphs reused =         62
[maple preview] 11. long query
Llama.generate: 1686 prefix-match hit, remaining 84 prompt tokens to eval
llama_perf_context_print:        load time =     114.76 ms
llama_perf_context_print: prompt eval time =      60.22 ms /    84 tokens (    0.72 ms per token,  1394.82 tokens per second)
llama_perf_context_print:        eval time =     306.71 ms /    63 runs   (    4.87 ms per token,   205.40 tokens per second)
llama_perf_context_print:       total time =     380.45 ms /   147 tokens
llama_perf_context_print:    graphs reused =         61
[maple preview] 12. long query
Llama.generate: 1833 prefix-match hit, remaining 88 prompt tokens to eval
llama_perf_context_print:        load time =     114.76 ms
llama_perf_context_print: prompt eval time =      63.68 ms /    88 tokens (    0.72 ms per token,  1381.97 tokens per second)
llama_perf_context_print:        eval time =     308.27 ms /    63 runs   (    4.89 ms per token,   204.36 tokens per second)
llama_perf_context_print:       total time =     385.61 ms /   151 tokens
llama_perf_context_print:    graphs reused =         62
[maple preview] 13. long query
Llama.generate: 1984 prefix-match hit, remaining 85 prompt tokens to eval
llama_perf_context_print:        load time =     114.76 ms
llama_perf_context_print: prompt eval time =      61.64 ms /    85 tokens (    0.73 ms per token,  1379.06 tokens per second)
llama_perf_context_print:        eval time =     309.59 ms /    63 runs   (    4.91 ms per token,   203.50 tokens per second)
llama_perf_context_print:       total time =     384.50 ms /   148 tokens
llama_perf_context_print:    graphs reused =         62
[maple preview] 14. long query
Llama.generate: 2132 prefix-match hit, remaining 90 prompt tokens to eval
llama_perf_context_print:        load time =     114.76 ms
llama_perf_context_print: prompt eval time =      61.86 ms /    90 tokens (    0.69 ms per token,  1455.02 tokens per second)
llama_perf_context_print:        eval time =     313.33 ms /    63 runs   (    4.97 ms per token,   201.07 tokens per second)
llama_perf_context_print:       total time =     389.56 ms /   153 tokens
llama_perf_context_print:    graphs reused =         62
[maple preview] 15. long query
Llama.generate: 2285 prefix-match hit, remaining 91 prompt tokens to eval
llama_perf_context_print:        load time =     114.76 ms
llama_perf_context_print: prompt eval time =      61.50 ms /    91 tokens (    0.68 ms per token,  1479.63 tokens per second)
llama_perf_context_print:        eval time =     314.65 ms /    63 runs   (    4.99 ms per token,   200.22 tokens per second)
llama_perf_context_print:       total time =     389.90 ms /   154 tokens
llama_perf_context_print:    graphs reused =         62
~llama_context:    Vulkan0 compute buffer size is 304.7500 MiB, matches expectation of 304.7500 MiB
~llama_context: Vulkan_Host compute buffer size is  16.0215 MiB, matches expectation of  16.0215 MiB
--- MiMo v2.6 9B ---
[MiMo v2.6 9B] 0. short query
Llama.generate: 211 prefix-match hit, remaining 24 prompt tokens to eval
llama_perf_context_print:        load time =     181.55 ms
llama_perf_context_print: prompt eval time =      62.43 ms /    24 tokens (    2.60 ms per token,   384.43 tokens per second)
llama_perf_context_print:        eval time =     528.27 ms /    25 runs   (   21.13 ms per token,    47.32 tokens per second)
llama_perf_context_print:       total time =     598.80 ms /    49 tokens
llama_perf_context_print:    graphs reused =         23
[MiMo v2.6 9B] 1. short query
Llama.generate: 260 prefix-match hit, remaining 25 prompt tokens to eval
llama_perf_context_print:        load time =     181.55 ms
llama_perf_context_print: prompt eval time =      64.71 ms /    25 tokens (    2.59 ms per token,   386.36 tokens per second)
llama_perf_context_print:        eval time =     594.99 ms /    28 runs   (   21.25 ms per token,    47.06 tokens per second)
llama_perf_context_print:       total time =     668.70 ms /    53 tokens
llama_perf_context_print:    graphs reused =         27
[MiMo v2.6 9B] 2. short query
Llama.generate: 313 prefix-match hit, remaining 26 prompt tokens to eval
llama_perf_context_print:        load time =     181.55 ms
llama_perf_context_print: prompt eval time =      65.47 ms /    26 tokens (    2.52 ms per token,   397.13 tokens per second)
llama_perf_context_print:        eval time =     532.03 ms /    25 runs   (   21.28 ms per token,    46.99 tokens per second)
llama_perf_context_print:       total time =     605.10 ms /    51 tokens
llama_perf_context_print:    graphs reused =         24
[MiMo v2.6 9B] 3. short query
Llama.generate: 364 prefix-match hit, remaining 27 prompt tokens to eval
llama_perf_context_print:        load time =     181.55 ms
llama_perf_context_print: prompt eval time =      66.04 ms /    27 tokens (    2.45 ms per token,   408.87 tokens per second)
llama_perf_context_print:        eval time =     465.95 ms /    22 runs   (   21.18 ms per token,    47.22 tokens per second)
llama_perf_context_print:       total time =     538.57 ms /    49 tokens
llama_perf_context_print:    graphs reused =         21
[MiMo v2.6 9B] 4. short query
Llama.generate: 413 prefix-match hit, remaining 23 prompt tokens to eval
llama_perf_context_print:        load time =     181.55 ms
llama_perf_context_print: prompt eval time =      64.21 ms /    23 tokens (    2.79 ms per token,   358.19 tokens per second)
llama_perf_context_print:        eval time =     383.08 ms /    18 runs   (   21.28 ms per token,    46.99 tokens per second)
llama_perf_context_print:       total time =     452.66 ms /    41 tokens
llama_perf_context_print:    graphs reused =         17
[MiMo v2.6 9B] 5. short query
Llama.generate: 454 prefix-match hit, remaining 26 prompt tokens to eval
llama_perf_context_print:        load time =     181.55 ms
llama_perf_context_print: prompt eval time =      65.89 ms /    26 tokens (    2.53 ms per token,   394.60 tokens per second)
llama_perf_context_print:        eval time =     615.37 ms /    29 runs   (   21.22 ms per token,    47.13 tokens per second)
llama_perf_context_print:       total time =     689.79 ms /    55 tokens
llama_perf_context_print:    graphs reused =         28
[MiMo v2.6 9B] 6. short query
Llama.generate: 509 prefix-match hit, remaining 28 prompt tokens to eval
llama_perf_context_print:        load time =     181.55 ms
llama_perf_context_print: prompt eval time =      66.10 ms /    28 tokens (    2.36 ms per token,   423.57 tokens per second)
llama_perf_context_print:        eval time =     449.01 ms /    21 runs   (   21.38 ms per token,    46.77 tokens per second)
llama_perf_context_print:       total time =     521.46 ms /    49 tokens
llama_perf_context_print:    graphs reused =         20
[MiMo v2.6 9B] 7. short query
Llama.generate: 558 prefix-match hit, remaining 23 prompt tokens to eval
llama_perf_context_print:        load time =     181.55 ms
llama_perf_context_print: prompt eval time =      64.39 ms /    23 tokens (    2.80 ms per token,   357.20 tokens per second)
llama_perf_context_print:        eval time =     510.50 ms /    24 runs   (   21.27 ms per token,    47.01 tokens per second)
llama_perf_context_print:       total time =     582.12 ms /    47 tokens
llama_perf_context_print:    graphs reused =         23
[MiMo v2.6 9B] 8. short query
Llama.generate: 605 prefix-match hit, remaining 24 prompt tokens to eval
llama_perf_context_print:        load time =     181.55 ms
llama_perf_context_print: prompt eval time =      64.94 ms /    24 tokens (    2.71 ms per token,   369.59 tokens per second)
llama_perf_context_print:        eval time =     490.69 ms /    23 runs   (   21.33 ms per token,    46.87 tokens per second)
llama_perf_context_print:       total time =     562.40 ms /    47 tokens
llama_perf_context_print:    graphs reused =         22
[MiMo v2.6 9B] 9. short query
Llama.generate: 652 prefix-match hit, remaining 24 prompt tokens to eval
llama_perf_context_print:        load time =     181.55 ms
llama_perf_context_print: prompt eval time =      64.58 ms /    24 tokens (    2.69 ms per token,   371.66 tokens per second)
llama_perf_context_print:        eval time =     468.63 ms /    22 runs   (   21.30 ms per token,    46.95 tokens per second)
llama_perf_context_print:       total time =     539.92 ms /    46 tokens
llama_perf_context_print:    graphs reused =         21
[MiMo v2.6 9B] 10. short query
Llama.generate: 698 prefix-match hit, remaining 29 prompt tokens to eval
llama_perf_context_print:        load time =     181.55 ms
llama_perf_context_print: prompt eval time =     107.11 ms /    29 tokens (    3.69 ms per token,   270.75 tokens per second)
llama_perf_context_print:        eval time =     342.74 ms /    16 runs   (   21.42 ms per token,    46.68 tokens per second)
llama_perf_context_print:       total time =     454.31 ms /    45 tokens
llama_perf_context_print:    graphs reused =         15
[MiMo v2.6 9B] 11. short query
Llama.generate: 743 prefix-match hit, remaining 24 prompt tokens to eval
llama_perf_context_print:        load time =     181.55 ms
llama_perf_context_print: prompt eval time =      65.43 ms /    24 tokens (    2.73 ms per token,   366.80 tokens per second)
llama_perf_context_print:        eval time =     427.08 ms /    20 runs   (   21.35 ms per token,    46.83 tokens per second)
llama_perf_context_print:       total time =     497.91 ms /    44 tokens
llama_perf_context_print:    graphs reused =         18
[MiMo v2.6 9B] 12. short query
Llama.generate: 787 prefix-match hit, remaining 25 prompt tokens to eval
llama_perf_context_print:        load time =     181.55 ms
llama_perf_context_print: prompt eval time =      65.87 ms /    25 tokens (    2.63 ms per token,   379.52 tokens per second)
llama_perf_context_print:        eval time =     491.77 ms /    23 runs   (   21.38 ms per token,    46.77 tokens per second)
llama_perf_context_print:       total time =     564.67 ms /    48 tokens
llama_perf_context_print:    graphs reused =         22
[MiMo v2.6 9B] 13. short query
Llama.generate: 835 prefix-match hit, remaining 26 prompt tokens to eval
llama_perf_context_print:        load time =     181.55 ms
llama_perf_context_print: prompt eval time =      67.06 ms /    26 tokens (    2.58 ms per token,   387.74 tokens per second)
llama_perf_context_print:        eval time =     490.84 ms /    23 runs   (   21.34 ms per token,    46.86 tokens per second)
llama_perf_context_print:       total time =     564.95 ms /    49 tokens
llama_perf_context_print:    graphs reused =         22
[MiMo v2.6 9B] 14. short query
Llama.generate: 884 prefix-match hit, remaining 26 prompt tokens to eval
llama_perf_context_print:        load time =     181.55 ms
llama_perf_context_print: prompt eval time =      68.04 ms /    26 tokens (    2.62 ms per token,   382.11 tokens per second)
llama_perf_context_print:        eval time =     490.84 ms /    23 runs   (   21.34 ms per token,    46.86 tokens per second)
llama_perf_context_print:       total time =     565.90 ms /    49 tokens
llama_perf_context_print:    graphs reused =         22
[MiMo v2.6 9B] 15. short query
Llama.generate: 933 prefix-match hit, remaining 24 prompt tokens to eval
llama_perf_context_print:        load time =     181.55 ms
llama_perf_context_print: prompt eval time =      72.46 ms /    24 tokens (    3.02 ms per token,   331.23 tokens per second)
llama_perf_context_print:        eval time =     533.29 ms /    25 runs   (   21.33 ms per token,    46.88 tokens per second)
llama_perf_context_print:       total time =     613.61 ms /    49 tokens
llama_perf_context_print:    graphs reused =         24
[MiMo v2.6 9B] 0. long query
Llama.generate: 211 prefix-match hit, remaining 80 prompt tokens to eval
llama_perf_context_print:        load time =     181.55 ms
llama_perf_context_print: prompt eval time =      88.69 ms /    80 tokens (    1.11 ms per token,   902.04 tokens per second)
llama_perf_context_print:        eval time =     957.58 ms /    45 runs   (   21.28 ms per token,    46.99 tokens per second)
llama_perf_context_print:       total time =    1061.10 ms /   125 tokens
llama_perf_context_print:    graphs reused =         44
[MiMo v2.6 9B] 1. long query
Llama.generate: 336 prefix-match hit, remaining 78 prompt tokens to eval
llama_perf_context_print:        load time =     181.55 ms
llama_perf_context_print: prompt eval time =      95.02 ms /    78 tokens (    1.22 ms per token,   820.86 tokens per second)
llama_perf_context_print:        eval time =     786.47 ms /    37 runs   (   21.26 ms per token,    47.05 tokens per second)
llama_perf_context_print:       total time =     892.90 ms /   115 tokens
llama_perf_context_print:    graphs reused =         36
[MiMo v2.6 9B] 2. long query
Llama.generate: 451 prefix-match hit, remaining 77 prompt tokens to eval
llama_perf_context_print:        load time =     181.55 ms
llama_perf_context_print: prompt eval time =      95.84 ms /    77 tokens (    1.24 ms per token,   803.41 tokens per second)
llama_perf_context_print:        eval time =     701.13 ms /    33 runs   (   21.25 ms per token,    47.07 tokens per second)
llama_perf_context_print:       total time =     807.22 ms /   110 tokens
llama_perf_context_print:    graphs reused =         32
[MiMo v2.6 9B] 3. long query
Llama.generate: 561 prefix-match hit, remaining 82 prompt tokens to eval
llama_perf_context_print:        load time =     181.55 ms
llama_perf_context_print: prompt eval time =      96.06 ms /    82 tokens (    1.17 ms per token,   853.59 tokens per second)
llama_perf_context_print:        eval time =     787.26 ms /    37 runs   (   21.28 ms per token,    47.00 tokens per second)
llama_perf_context_print:       total time =     894.99 ms /   119 tokens
llama_perf_context_print:    graphs reused =         36
[MiMo v2.6 9B] 4. long query
Llama.generate: 680 prefix-match hit, remaining 87 prompt tokens to eval
llama_perf_context_print:        load time =     181.55 ms
llama_perf_context_print: prompt eval time =      97.35 ms /    87 tokens (    1.12 ms per token,   893.66 tokens per second)
llama_perf_context_print:        eval time =     983.51 ms /    46 runs   (   21.38 ms per token,    46.77 tokens per second)
llama_perf_context_print:       total time =    1095.86 ms /   133 tokens
llama_perf_context_print:    graphs reused =         44
[MiMo v2.6 9B] 5. long query
Llama.generate: 813 prefix-match hit, remaining 86 prompt tokens to eval
llama_perf_context_print:        load time =     181.55 ms
llama_perf_context_print: prompt eval time =      96.81 ms /    86 tokens (    1.13 ms per token,   888.38 tokens per second)
llama_perf_context_print:        eval time =     854.59 ms /    40 runs   (   21.36 ms per token,    46.81 tokens per second)
llama_perf_context_print:       total time =     964.23 ms /   126 tokens
llama_perf_context_print:    graphs reused =         39
[MiMo v2.6 9B] 6. long query
Llama.generate: 939 prefix-match hit, remaining 81 prompt tokens to eval
llama_perf_context_print:        load time =     181.55 ms
llama_perf_context_print: prompt eval time =      96.19 ms /    81 tokens (    1.19 ms per token,   842.12 tokens per second)
llama_perf_context_print:        eval time =     705.74 ms /    33 runs   (   21.39 ms per token,    46.76 tokens per second)
llama_perf_context_print:       total time =     812.04 ms /   114 tokens
llama_perf_context_print:    graphs reused =         31
[MiMo v2.6 9B] 7. long query
Llama.generate: 1053 prefix-match hit, remaining 87 prompt tokens to eval
llama_perf_context_print:        load time =     181.55 ms
llama_perf_context_print: prompt eval time =      97.47 ms /    87 tokens (    1.12 ms per token,   892.58 tokens per second)
llama_perf_context_print:        eval time =     982.79 ms /    46 runs   (   21.36 ms per token,    46.81 tokens per second)
llama_perf_context_print:       total time =    1095.13 ms /   133 tokens
llama_perf_context_print:    graphs reused =         45
[MiMo v2.6 9B] 8. long query
Llama.generate: 1186 prefix-match hit, remaining 83 prompt tokens to eval
llama_perf_context_print:        load time =     181.55 ms
llama_perf_context_print: prompt eval time =      96.48 ms /    83 tokens (    1.16 ms per token,   860.31 tokens per second)
llama_perf_context_print:        eval time =     879.29 ms /    41 runs   (   21.45 ms per token,    46.63 tokens per second)
llama_perf_context_print:       total time =     989.16 ms /   124 tokens
llama_perf_context_print:    graphs reused =         39
[MiMo v2.6 9B] 9. long query
Llama.generate: 1310 prefix-match hit, remaining 84 prompt tokens to eval
llama_perf_context_print:        load time =     181.55 ms
llama_perf_context_print: prompt eval time =      97.03 ms /    84 tokens (    1.16 ms per token,   865.73 tokens per second)
llama_perf_context_print:        eval time =     834.46 ms /    39 runs   (   21.40 ms per token,    46.74 tokens per second)
llama_perf_context_print:       total time =     944.24 ms /   123 tokens
llama_perf_context_print:    graphs reused =         38
[MiMo v2.6 9B] 10. long query
Llama.generate: 1433 prefix-match hit, remaining 79 prompt tokens to eval
llama_perf_context_print:        load time =     181.55 ms
llama_perf_context_print: prompt eval time =      96.28 ms /    79 tokens (    1.22 ms per token,   820.55 tokens per second)
llama_perf_context_print:        eval time =     836.22 ms /    39 runs   (   21.44 ms per token,    46.64 tokens per second)
llama_perf_context_print:       total time =     945.20 ms /   118 tokens
llama_perf_context_print:    graphs reused =         37
[MiMo v2.6 9B] 11. long query
Llama.generate: 1551 prefix-match hit, remaining 83 prompt tokens to eval
llama_perf_context_print:        load time =     181.55 ms
llama_perf_context_print: prompt eval time =      97.66 ms /    83 tokens (    1.18 ms per token,   849.93 tokens per second)
llama_perf_context_print:        eval time =     901.04 ms /    42 runs   (   21.45 ms per token,    46.61 tokens per second)
llama_perf_context_print:       total time =    1012.29 ms /   125 tokens
llama_perf_context_print:    graphs reused =         41
[MiMo v2.6 9B] 12. long query
Llama.generate: 1676 prefix-match hit, remaining 87 prompt tokens to eval
llama_perf_context_print:        load time =     181.55 ms
llama_perf_context_print: prompt eval time =      97.95 ms /    87 tokens (    1.13 ms per token,   888.25 tokens per second)
llama_perf_context_print:        eval time =     772.49 ms /    36 runs   (   21.46 ms per token,    46.60 tokens per second)
llama_perf_context_print:       total time =     882.16 ms /   123 tokens
llama_perf_context_print:    graphs reused =         34
[MiMo v2.6 9B] 13. long query
Llama.generate: 1799 prefix-match hit, remaining 84 prompt tokens to eval
llama_perf_context_print:        load time =     181.55 ms
llama_perf_context_print: prompt eval time =      98.31 ms /    84 tokens (    1.17 ms per token,   854.41 tokens per second)
llama_perf_context_print:        eval time =    1073.81 ms /    50 runs   (   21.48 ms per token,    46.56 tokens per second)
llama_perf_context_print:       total time =    1188.92 ms /   134 tokens
llama_perf_context_print:    graphs reused =         49
[MiMo v2.6 9B] 14. long query
Llama.generate: 1933 prefix-match hit, remaining 89 prompt tokens to eval
llama_perf_context_print:        load time =     181.55 ms
llama_perf_context_print: prompt eval time =      98.27 ms /    89 tokens (    1.10 ms per token,   905.70 tokens per second)
llama_perf_context_print:        eval time =    1033.63 ms /    48 runs   (   21.53 ms per token,    46.44 tokens per second)
llama_perf_context_print:       total time =    1148.38 ms /   137 tokens
llama_perf_context_print:    graphs reused =         46
[MiMo v2.6 9B] 15. long query
Llama.generate: 2070 prefix-match hit, remaining 90 prompt tokens to eval
llama_perf_context_print:        load time =     181.55 ms
llama_perf_context_print: prompt eval time =      98.70 ms /    90 tokens (    1.10 ms per token,   911.82 tokens per second)
llama_perf_context_print:        eval time =     973.08 ms /    45 runs   (   21.62 ms per token,    46.24 tokens per second)
llama_perf_context_print:       total time =    1086.93 ms /   135 tokens
llama_perf_context_print:    graphs reused =         44
~llama_context:    Vulkan0 compute buffer size is 505.0176 MiB, matches expectation of 505.0176 MiB
~llama_context: Vulkan_Host compute buffer size is  20.0196 MiB, matches expectation of  20.0196 MiB
--- Qwen3.5 9B ---
[Qwen3.5 9B] 0. short query
Llama.generate: 211 prefix-match hit, remaining 24 prompt tokens to eval
llama_perf_context_print:        load time =     183.68 ms
llama_perf_context_print: prompt eval time =      64.45 ms /    24 tokens (    2.69 ms per token,   372.37 tokens per second)
llama_perf_context_print:        eval time =     838.55 ms /    40 runs   (   20.96 ms per token,    47.70 tokens per second)
llama_perf_context_print:       total time =     913.17 ms /    64 tokens
llama_perf_context_print:    graphs reused =         38
[Qwen3.5 9B] 1. short query
Llama.generate: 275 prefix-match hit, remaining 25 prompt tokens to eval
llama_perf_context_print:        load time =     183.68 ms
llama_perf_context_print: prompt eval time =      64.22 ms /    25 tokens (    2.57 ms per token,   389.31 tokens per second)
llama_perf_context_print:        eval time =     732.47 ms /    35 runs   (   20.93 ms per token,    47.78 tokens per second)
llama_perf_context_print:       total time =     805.41 ms /    60 tokens
llama_perf_context_print:    graphs reused =         34
[Qwen3.5 9B] 2. short query
Llama.generate: 335 prefix-match hit, remaining 26 prompt tokens to eval
llama_perf_context_print:        load time =     183.68 ms
llama_perf_context_print: prompt eval time =      64.74 ms /    26 tokens (    2.49 ms per token,   401.63 tokens per second)
llama_perf_context_print:        eval time =     650.37 ms /    31 runs   (   20.98 ms per token,    47.67 tokens per second)
llama_perf_context_print:       total time =     723.09 ms /    57 tokens
llama_perf_context_print:    graphs reused =         30
[Qwen3.5 9B] 3. short query
Llama.generate: 392 prefix-match hit, remaining 27 prompt tokens to eval
llama_perf_context_print:        load time =     183.68 ms
llama_perf_context_print: prompt eval time =      63.90 ms /    27 tokens (    2.37 ms per token,   422.52 tokens per second)
llama_perf_context_print:        eval time =     713.01 ms /    34 runs   (   20.97 ms per token,    47.68 tokens per second)
llama_perf_context_print:       total time =     785.64 ms /    61 tokens
llama_perf_context_print:    graphs reused =         33
[Qwen3.5 9B] 4. short query
Llama.generate: 453 prefix-match hit, remaining 23 prompt tokens to eval
llama_perf_context_print:        load time =     183.68 ms
llama_perf_context_print: prompt eval time =      62.52 ms /    23 tokens (    2.72 ms per token,   367.86 tokens per second)
llama_perf_context_print:        eval time =     590.54 ms /    28 runs   (   21.09 ms per token,    47.41 tokens per second)
llama_perf_context_print:       total time =     660.10 ms /    51 tokens
llama_perf_context_print:    graphs reused =         27
[Qwen3.5 9B] 5. short query
Llama.generate: 504 prefix-match hit, remaining 26 prompt tokens to eval
llama_perf_context_print:        load time =     183.68 ms
llama_perf_context_print: prompt eval time =      63.72 ms /    26 tokens (    2.45 ms per token,   408.04 tokens per second)
llama_perf_context_print:        eval time =     655.51 ms /    31 runs   (   21.15 ms per token,    47.29 tokens per second)
llama_perf_context_print:       total time =     727.41 ms /    57 tokens
llama_perf_context_print:    graphs reused =         30
[Qwen3.5 9B] 6. short query
Llama.generate: 561 prefix-match hit, remaining 28 prompt tokens to eval
llama_perf_context_print:        load time =     183.68 ms
llama_perf_context_print: prompt eval time =      64.66 ms /    28 tokens (    2.31 ms per token,   433.05 tokens per second)
llama_perf_context_print:        eval time =     675.84 ms /    31 runs   (   21.80 ms per token,    45.87 tokens per second)
llama_perf_context_print:       total time =     748.99 ms /    59 tokens
llama_perf_context_print:    graphs reused =         30
[Qwen3.5 9B] 7. short query
Llama.generate: 620 prefix-match hit, remaining 23 prompt tokens to eval
llama_perf_context_print:        load time =     183.68 ms
llama_perf_context_print: prompt eval time =      62.85 ms /    23 tokens (    2.73 ms per token,   365.94 tokens per second)
llama_perf_context_print:        eval time =     680.01 ms /    32 runs   (   21.25 ms per token,    47.06 tokens per second)
llama_perf_context_print:       total time =     751.30 ms /    55 tokens
llama_perf_context_print:    graphs reused =         31
[Qwen3.5 9B] 8. short query
Llama.generate: 675 prefix-match hit, remaining 24 prompt tokens to eval
llama_perf_context_print:        load time =     183.68 ms
llama_perf_context_print: prompt eval time =      63.48 ms /    24 tokens (    2.64 ms per token,   378.10 tokens per second)
llama_perf_context_print:        eval time =     726.65 ms /    34 runs   (   21.37 ms per token,    46.79 tokens per second)
llama_perf_context_print:       total time =     799.12 ms /    58 tokens
llama_perf_context_print:    graphs reused =         33
[Qwen3.5 9B] 9. short query
Llama.generate: 733 prefix-match hit, remaining 24 prompt tokens to eval
llama_perf_context_print:        load time =     183.68 ms
llama_perf_context_print: prompt eval time =      63.45 ms /    24 tokens (    2.64 ms per token,   378.23 tokens per second)
llama_perf_context_print:        eval time =     727.69 ms /    34 runs   (   21.40 ms per token,    46.72 tokens per second)
llama_perf_context_print:       total time =     800.10 ms /    58 tokens
llama_perf_context_print:    graphs reused =         32
[Qwen3.5 9B] 10. short query
Llama.generate: 791 prefix-match hit, remaining 29 prompt tokens to eval
llama_perf_context_print:        load time =     183.68 ms
llama_perf_context_print: prompt eval time =      65.35 ms /    29 tokens (    2.25 ms per token,   443.74 tokens per second)
llama_perf_context_print:        eval time =     716.04 ms /    34 runs   (   21.06 ms per token,    47.48 tokens per second)
llama_perf_context_print:       total time =     789.98 ms /    63 tokens
llama_perf_context_print:    graphs reused =         33
[Qwen3.5 9B] 11. short query
Llama.generate: 854 prefix-match hit, remaining 24 prompt tokens to eval
llama_perf_context_print:        load time =     183.68 ms
llama_perf_context_print: prompt eval time =      63.36 ms /    24 tokens (    2.64 ms per token,   378.77 tokens per second)
llama_perf_context_print:        eval time =     675.79 ms /    32 runs   (   21.12 ms per token,    47.35 tokens per second)
llama_perf_context_print:       total time =     747.49 ms /    56 tokens
llama_perf_context_print:    graphs reused =         31
[Qwen3.5 9B] 12. short query
Llama.generate: 910 prefix-match hit, remaining 25 prompt tokens to eval
llama_perf_context_print:        load time =     183.68 ms
llama_perf_context_print: prompt eval time =      63.64 ms /    25 tokens (    2.55 ms per token,   392.82 tokens per second)
llama_perf_context_print:        eval time =     844.19 ms /    40 runs   (   21.10 ms per token,    47.38 tokens per second)
llama_perf_context_print:       total time =     918.09 ms /    65 tokens
llama_perf_context_print:    graphs reused =         39
[Qwen3.5 9B] 13. short query
Llama.generate: 975 prefix-match hit, remaining 26 prompt tokens to eval
llama_perf_context_print:        load time =     183.68 ms
llama_perf_context_print: prompt eval time =      64.18 ms /    26 tokens (    2.47 ms per token,   405.12 tokens per second)
llama_perf_context_print:        eval time =     573.77 ms /    27 runs   (   21.25 ms per token,    47.06 tokens per second)
llama_perf_context_print:       total time =     645.17 ms /    53 tokens
llama_perf_context_print:    graphs reused =         25
[Qwen3.5 9B] 14. short query
Llama.generate: 1028 prefix-match hit, remaining 26 prompt tokens to eval
llama_perf_context_print:        load time =     183.68 ms
llama_perf_context_print: prompt eval time =      64.09 ms /    26 tokens (    2.47 ms per token,   405.65 tokens per second)
llama_perf_context_print:        eval time =     718.58 ms /    34 runs   (   21.13 ms per token,    47.32 tokens per second)
llama_perf_context_print:       total time =     791.87 ms /    60 tokens
llama_perf_context_print:    graphs reused =         33
[Qwen3.5 9B] 15. short query
Llama.generate: 1088 prefix-match hit, remaining 24 prompt tokens to eval
llama_perf_context_print:        load time =     183.68 ms
llama_perf_context_print: prompt eval time =      63.85 ms /    24 tokens (    2.66 ms per token,   375.90 tokens per second)
llama_perf_context_print:        eval time =     698.50 ms /    33 runs   (   21.17 ms per token,    47.24 tokens per second)
llama_perf_context_print:       total time =     771.32 ms /    57 tokens
llama_perf_context_print:    graphs reused =         32
[Qwen3.5 9B] 0. long query
Llama.generate: 211 prefix-match hit, remaining 80 prompt tokens to eval
llama_perf_context_print:        load time =     183.68 ms
llama_perf_context_print: prompt eval time =      88.24 ms /    80 tokens (    1.10 ms per token,   906.64 tokens per second)
llama_perf_context_print:        eval time =    1050.61 ms /    50 runs   (   21.01 ms per token,    47.59 tokens per second)
llama_perf_context_print:       total time =    1151.64 ms /   130 tokens
llama_perf_context_print:    graphs reused =         49
[Qwen3.5 9B] 1. long query
Llama.generate: 341 prefix-match hit, remaining 78 prompt tokens to eval
llama_perf_context_print:        load time =     183.68 ms
llama_perf_context_print: prompt eval time =     137.37 ms /    78 tokens (    1.76 ms per token,   567.81 tokens per second)
llama_perf_context_print:        eval time =     776.58 ms /    37 runs   (   20.99 ms per token,    47.64 tokens per second)
llama_perf_context_print:       total time =     924.89 ms /   115 tokens
llama_perf_context_print:    graphs reused =         36
[Qwen3.5 9B] 2. long query
Llama.generate: 456 prefix-match hit, remaining 77 prompt tokens to eval
llama_perf_context_print:        load time =     183.68 ms
llama_perf_context_print: prompt eval time =      96.14 ms /    77 tokens (    1.25 ms per token,   800.94 tokens per second)
llama_perf_context_print:        eval time =    1054.65 ms /    50 runs   (   21.09 ms per token,    47.41 tokens per second)
llama_perf_context_print:       total time =    1167.89 ms /   127 tokens
llama_perf_context_print:    graphs reused =         49
[Qwen3.5 9B] 3. long query
Llama.generate: 583 prefix-match hit, remaining 82 prompt tokens to eval
llama_perf_context_print:        load time =     183.68 ms
llama_perf_context_print: prompt eval time =      94.40 ms /    82 tokens (    1.15 ms per token,   868.65 tokens per second)
llama_perf_context_print:        eval time =     864.36 ms /    41 runs   (   21.08 ms per token,    47.43 tokens per second)
llama_perf_context_print:       total time =     972.83 ms /   123 tokens
llama_perf_context_print:    graphs reused =         40
[Qwen3.5 9B] 4. long query
Llama.generate: 706 prefix-match hit, remaining 87 prompt tokens to eval
llama_perf_context_print:        load time =     183.68 ms
llama_perf_context_print: prompt eval time =      95.76 ms /    87 tokens (    1.10 ms per token,   908.48 tokens per second)
llama_perf_context_print:        eval time =     846.30 ms /    40 runs   (   21.16 ms per token,    47.26 tokens per second)
llama_perf_context_print:       total time =     955.97 ms /   127 tokens
llama_perf_context_print:    graphs reused =         39
[Qwen3.5 9B] 5. long query
Llama.generate: 833 prefix-match hit, remaining 86 prompt tokens to eval
llama_perf_context_print:        load time =     183.68 ms
llama_perf_context_print: prompt eval time =      95.65 ms /    86 tokens (    1.11 ms per token,   899.07 tokens per second)
llama_perf_context_print:        eval time =     737.97 ms /    35 runs   (   21.08 ms per token,    47.43 tokens per second)
llama_perf_context_print:       total time =     845.85 ms /   121 tokens
llama_perf_context_print:    graphs reused =         34
[Qwen3.5 9B] 6. long query
Llama.generate: 954 prefix-match hit, remaining 81 prompt tokens to eval
llama_perf_context_print:        load time =     183.68 ms
llama_perf_context_print: prompt eval time =      95.30 ms /    81 tokens (    1.18 ms per token,   849.99 tokens per second)
llama_perf_context_print:        eval time =     698.04 ms /    33 runs   (   21.15 ms per token,    47.28 tokens per second)
llama_perf_context_print:       total time =     804.91 ms /   114 tokens
llama_perf_context_print:    graphs reused =         32
[Qwen3.5 9B] 7. long query
Llama.generate: 1068 prefix-match hit, remaining 87 prompt tokens to eval
llama_perf_context_print:        load time =     183.68 ms
llama_perf_context_print: prompt eval time =      96.28 ms /    87 tokens (    1.11 ms per token,   903.64 tokens per second)
llama_perf_context_print:        eval time =     761.07 ms /    36 runs   (   21.14 ms per token,    47.30 tokens per second)
llama_perf_context_print:       total time =     870.00 ms /   123 tokens
llama_perf_context_print:    graphs reused =         35
[Qwen3.5 9B] 8. long query
Llama.generate: 1191 prefix-match hit, remaining 83 prompt tokens to eval
llama_perf_context_print:        load time =     183.68 ms
llama_perf_context_print: prompt eval time =      95.47 ms /    83 tokens (    1.15 ms per token,   869.36 tokens per second)
llama_perf_context_print:        eval time =     890.85 ms /    42 runs   (   21.21 ms per token,    47.15 tokens per second)
llama_perf_context_print:       total time =    1001.13 ms /   125 tokens
llama_perf_context_print:    graphs reused =         40
[Qwen3.5 9B] 9. long query
Llama.generate: 1316 prefix-match hit, remaining 84 prompt tokens to eval
llama_perf_context_print:        load time =     183.68 ms
llama_perf_context_print: prompt eval time =      95.97 ms /    84 tokens (    1.14 ms per token,   875.27 tokens per second)
llama_perf_context_print:        eval time =     826.17 ms /    39 runs   (   21.18 ms per token,    47.21 tokens per second)
llama_perf_context_print:       total time =     935.75 ms /   123 tokens
llama_perf_context_print:    graphs reused =         38
[Qwen3.5 9B] 10. long query
Llama.generate: 1439 prefix-match hit, remaining 79 prompt tokens to eval
llama_perf_context_print:        load time =     183.68 ms
llama_perf_context_print: prompt eval time =      95.20 ms /    79 tokens (    1.21 ms per token,   829.84 tokens per second)
llama_perf_context_print:        eval time =     763.51 ms /    36 runs   (   21.21 ms per token,    47.15 tokens per second)
llama_perf_context_print:       total time =     871.25 ms /   115 tokens
llama_perf_context_print:    graphs reused =         34
[Qwen3.5 9B] 11. long query
Llama.generate: 1554 prefix-match hit, remaining 83 prompt tokens to eval
llama_perf_context_print:        load time =     183.68 ms
llama_perf_context_print: prompt eval time =      96.26 ms /    83 tokens (    1.16 ms per token,   862.24 tokens per second)
llama_perf_context_print:        eval time =     699.88 ms /    33 runs   (   21.21 ms per token,    47.15 tokens per second)
llama_perf_context_print:       total time =     807.26 ms /   116 tokens
llama_perf_context_print:    graphs reused =         32
[Qwen3.5 9B] 12. long query
Llama.generate: 1670 prefix-match hit, remaining 87 prompt tokens to eval
llama_perf_context_print:        load time =     183.68 ms
llama_perf_context_print: prompt eval time =      97.01 ms /    87 tokens (    1.12 ms per token,   896.80 tokens per second)
llama_perf_context_print:        eval time =     850.47 ms /    40 runs   (   21.26 ms per token,    47.03 tokens per second)
llama_perf_context_print:       total time =     961.46 ms /   127 tokens
llama_perf_context_print:    graphs reused =         38
[Qwen3.5 9B] 13. long query
Llama.generate: 1797 prefix-match hit, remaining 84 prompt tokens to eval
llama_perf_context_print:        load time =     183.68 ms
llama_perf_context_print: prompt eval time =      96.54 ms /    84 tokens (    1.15 ms per token,   870.10 tokens per second)
llama_perf_context_print:        eval time =     722.05 ms /    34 runs   (   21.24 ms per token,    47.09 tokens per second)
llama_perf_context_print:       total time =     830.45 ms /   118 tokens
llama_perf_context_print:    graphs reused =         33
[Qwen3.5 9B] 14. long query
Llama.generate: 1915 prefix-match hit, remaining 89 prompt tokens to eval
llama_perf_context_print:        load time =     183.68 ms
llama_perf_context_print: prompt eval time =      98.32 ms /    89 tokens (    1.10 ms per token,   905.17 tokens per second)
llama_perf_context_print:        eval time =     743.23 ms /    35 runs   (   21.24 ms per token,    47.09 tokens per second)
llama_perf_context_print:       total time =     853.74 ms /   124 tokens
llama_perf_context_print:    graphs reused =         34
[Qwen3.5 9B] 15. long query
Llama.generate: 2039 prefix-match hit, remaining 90 prompt tokens to eval
llama_perf_context_print:        load time =     183.68 ms
llama_perf_context_print: prompt eval time =      97.92 ms /    90 tokens (    1.09 ms per token,   919.07 tokens per second)
llama_perf_context_print:        eval time =     661.13 ms /    31 runs   (   21.33 ms per token,    46.89 tokens per second)
llama_perf_context_print:       total time =     769.85 ms /   121 tokens
llama_perf_context_print:    graphs reused =         30
~llama_context:    Vulkan0 compute buffer size is 505.0176 MiB, matches expectation of 505.0176 MiB
~llama_context: Vulkan_Host compute buffer size is  20.0196 MiB, matches expectation of  20.0196 MiB
--- granite 4.2 8B ---
[granite 4.2 8B] 0. short query
Llama.generate: 221 prefix-match hit, remaining 22 prompt tokens to eval
llama_perf_context_print:        load time =     166.79 ms
llama_perf_context_print: prompt eval time =      61.55 ms /    22 tokens (    2.80 ms per token,   357.43 tokens per second)
llama_perf_context_print:        eval time =     449.69 ms /    22 runs   (   20.44 ms per token,    48.92 tokens per second)
llama_perf_context_print:       total time =     516.37 ms /    44 tokens
llama_perf_context_print:    graphs reused =         20
[granite 4.2 8B] 1. short query
Llama.generate: 265 prefix-match hit, remaining 23 prompt tokens to eval
llama_perf_context_print:        load time =     166.79 ms
llama_perf_context_print: prompt eval time =      66.31 ms /    23 tokens (    2.88 ms per token,   346.83 tokens per second)
llama_perf_context_print:        eval time =     267.91 ms /    13 runs   (   20.61 ms per token,    48.52 tokens per second)
llama_perf_context_print:       total time =     337.35 ms /    36 tokens
llama_perf_context_print:    graphs reused =         12
[granite 4.2 8B] 2. short query
Llama.generate: 301 prefix-match hit, remaining 24 prompt tokens to eval
llama_perf_context_print:        load time =     166.79 ms
llama_perf_context_print: prompt eval time =      67.95 ms /    24 tokens (    2.83 ms per token,   353.22 tokens per second)
llama_perf_context_print:        eval time =     389.16 ms /    19 runs   (   20.48 ms per token,    48.82 tokens per second)
llama_perf_context_print:       total time =     461.59 ms /    43 tokens
llama_perf_context_print:    graphs reused =         18
[granite 4.2 8B] 3. short query
Llama.generate: 344 prefix-match hit, remaining 25 prompt tokens to eval
llama_perf_context_print:        load time =     166.79 ms
llama_perf_context_print: prompt eval time =      65.63 ms /    25 tokens (    2.63 ms per token,   380.90 tokens per second)
llama_perf_context_print:        eval time =     472.02 ms /    23 runs   (   20.52 ms per token,    48.73 tokens per second)
llama_perf_context_print:       total time =     543.15 ms /    48 tokens
llama_perf_context_print:    graphs reused =         22
[granite 4.2 8B] 4. short query
Llama.generate: 392 prefix-match hit, remaining 21 prompt tokens to eval
llama_perf_context_print:        load time =     166.79 ms
llama_perf_context_print: prompt eval time =      66.03 ms /    21 tokens (    3.14 ms per token,   318.01 tokens per second)
llama_perf_context_print:        eval time =     513.22 ms /    25 runs   (   20.53 ms per token,    48.71 tokens per second)
llama_perf_context_print:       total time =     585.14 ms /    46 tokens
llama_perf_context_print:    graphs reused =         24
[granite 4.2 8B] 5. short query
Llama.generate: 438 prefix-match hit, remaining 24 prompt tokens to eval
llama_perf_context_print:        load time =     166.79 ms
llama_perf_context_print: prompt eval time =      67.00 ms /    24 tokens (    2.79 ms per token,   358.23 tokens per second)
llama_perf_context_print:        eval time =     493.82 ms /    24 runs   (   20.58 ms per token,    48.60 tokens per second)
llama_perf_context_print:       total time =     566.56 ms /    48 tokens
llama_perf_context_print:    graphs reused =         23
[granite 4.2 8B] 6. short query
Llama.generate: 486 prefix-match hit, remaining 26 prompt tokens to eval
llama_perf_context_print:        load time =     166.79 ms
llama_perf_context_print: prompt eval time =      66.42 ms /    26 tokens (    2.55 ms per token,   391.42 tokens per second)
llama_perf_context_print:        eval time =     432.54 ms /    21 runs   (   20.60 ms per token,    48.55 tokens per second)
llama_perf_context_print:       total time =     503.94 ms /    47 tokens
llama_perf_context_print:    graphs reused =         20
[granite 4.2 8B] 7. short query
Llama.generate: 533 prefix-match hit, remaining 21 prompt tokens to eval
llama_perf_context_print:        load time =     166.79 ms
llama_perf_context_print: prompt eval time =      66.00 ms /    21 tokens (    3.14 ms per token,   318.20 tokens per second)
llama_perf_context_print:        eval time =     331.62 ms /    16 runs   (   20.73 ms per token,    48.25 tokens per second)
llama_perf_context_print:       total time =     401.51 ms /    37 tokens
llama_perf_context_print:    graphs reused =         15
[granite 4.2 8B] 8. short query
Llama.generate: 570 prefix-match hit, remaining 22 prompt tokens to eval
llama_perf_context_print:        load time =     166.79 ms
llama_perf_context_print: prompt eval time =      66.70 ms /    22 tokens (    3.03 ms per token,   329.83 tokens per second)
llama_perf_context_print:        eval time =     433.89 ms /    21 runs   (   20.66 ms per token,    48.40 tokens per second)
llama_perf_context_print:       total time =     505.60 ms /    43 tokens
llama_perf_context_print:    graphs reused =         20
[granite 4.2 8B] 9. short query
Llama.generate: 613 prefix-match hit, remaining 22 prompt tokens to eval
llama_perf_context_print:        load time =     166.79 ms
llama_perf_context_print: prompt eval time =     106.33 ms /    22 tokens (    4.83 ms per token,   206.91 tokens per second)
llama_perf_context_print:        eval time =     496.68 ms /    24 runs   (   20.70 ms per token,    48.32 tokens per second)
llama_perf_context_print:       total time =     608.76 ms /    46 tokens
llama_perf_context_print:    graphs reused =         23
[granite 4.2 8B] 10. short query
Llama.generate: 659 prefix-match hit, remaining 27 prompt tokens to eval
llama_perf_context_print:        load time =     166.79 ms
llama_perf_context_print: prompt eval time =      67.58 ms /    27 tokens (    2.50 ms per token,   399.54 tokens per second)
llama_perf_context_print:        eval time =     516.22 ms /    25 runs   (   20.65 ms per token,    48.43 tokens per second)
llama_perf_context_print:       total time =     589.80 ms /    52 tokens
llama_perf_context_print:    graphs reused =         24
[granite 4.2 8B] 11. short query
Llama.generate: 711 prefix-match hit, remaining 22 prompt tokens to eval
llama_perf_context_print:        load time =     166.79 ms
llama_perf_context_print: prompt eval time =      67.09 ms /    22 tokens (    3.05 ms per token,   327.93 tokens per second)
llama_perf_context_print:        eval time =     333.02 ms /    16 runs   (   20.81 ms per token,    48.05 tokens per second)
llama_perf_context_print:       total time =     404.01 ms /    38 tokens
llama_perf_context_print:    graphs reused =         15
[granite 4.2 8B] 12. short query
Llama.generate: 749 prefix-match hit, remaining 23 prompt tokens to eval
llama_perf_context_print:        load time =     166.79 ms
llama_perf_context_print: prompt eval time =      69.67 ms /    23 tokens (    3.03 ms per token,   330.12 tokens per second)
llama_perf_context_print:        eval time =     437.58 ms /    21 runs   (   20.84 ms per token,    47.99 tokens per second)
llama_perf_context_print:       total time =     512.25 ms /    44 tokens
llama_perf_context_print:    graphs reused =         20
[granite 4.2 8B] 13. short query
Llama.generate: 793 prefix-match hit, remaining 24 prompt tokens to eval
llama_perf_context_print:        load time =     166.79 ms
llama_perf_context_print: prompt eval time =      71.93 ms /    24 tokens (    3.00 ms per token,   333.68 tokens per second)
llama_perf_context_print:        eval time =     563.32 ms /    27 runs   (   20.86 ms per token,    47.93 tokens per second)
llama_perf_context_print:       total time =     641.74 ms /    51 tokens
llama_perf_context_print:    graphs reused =         26
[granite 4.2 8B] 14. short query
Llama.generate: 844 prefix-match hit, remaining 24 prompt tokens to eval
llama_perf_context_print:        load time =     166.79 ms
llama_perf_context_print: prompt eval time =      74.48 ms /    24 tokens (    3.10 ms per token,   322.24 tokens per second)
llama_perf_context_print:        eval time =    1310.17 ms /    63 runs   (   20.80 ms per token,    48.09 tokens per second)
llama_perf_context_print:       total time =    1400.76 ms /    87 tokens
llama_perf_context_print:    graphs reused =         62
[granite 4.2 8B] 15. short query
Llama.generate: 931 prefix-match hit, remaining 23 prompt tokens to eval
llama_perf_context_print:        load time =     166.79 ms
llama_perf_context_print: prompt eval time =      68.55 ms /    23 tokens (    2.98 ms per token,   335.52 tokens per second)
llama_perf_context_print:        eval time =     480.94 ms /    23 runs   (   20.91 ms per token,    47.82 tokens per second)
llama_perf_context_print:       total time =     555.02 ms /    46 tokens
llama_perf_context_print:    graphs reused =         22
[granite 4.2 8B] 0. long query
Llama.generate: 221 prefix-match hit, remaining 78 prompt tokens to eval
llama_perf_context_print:        load time =     166.79 ms
llama_perf_context_print: prompt eval time =      85.95 ms /    78 tokens (    1.10 ms per token,   907.54 tokens per second)
llama_perf_context_print:        eval time =     778.62 ms /    38 runs   (   20.49 ms per token,    48.80 tokens per second)
llama_perf_context_print:       total time =     873.78 ms /   116 tokens
llama_perf_context_print:    graphs reused =         37
[granite 4.2 8B] 1. long query
Llama.generate: 337 prefix-match hit, remaining 76 prompt tokens to eval
llama_perf_context_print:        load time =     166.79 ms
llama_perf_context_print: prompt eval time =      95.82 ms /    76 tokens (    1.26 ms per token,   793.15 tokens per second)
llama_perf_context_print:        eval time =     428.98 ms /    21 runs   (   20.43 ms per token,    48.95 tokens per second)
llama_perf_context_print:       total time =     529.83 ms /    97 tokens
llama_perf_context_print:    graphs reused =         20
[granite 4.2 8B] 2. long query
Llama.generate: 434 prefix-match hit, remaining 75 prompt tokens to eval
llama_perf_context_print:        load time =     166.79 ms
llama_perf_context_print: prompt eval time =      94.78 ms /    75 tokens (    1.26 ms per token,   791.26 tokens per second)
llama_perf_context_print:        eval time =     683.32 ms /    33 runs   (   20.71 ms per token,    48.29 tokens per second)
llama_perf_context_print:       total time =     786.03 ms /   108 tokens
llama_perf_context_print:    graphs reused =         31
[granite 4.2 8B] 3. long query
Llama.generate: 542 prefix-match hit, remaining 80 prompt tokens to eval
llama_perf_context_print:        load time =     166.79 ms
llama_perf_context_print: prompt eval time =      96.06 ms /    80 tokens (    1.20 ms per token,   832.80 tokens per second)
llama_perf_context_print:        eval time =     516.98 ms /    25 runs   (   20.68 ms per token,    48.36 tokens per second)
llama_perf_context_print:       total time =     619.11 ms /   105 tokens
llama_perf_context_print:    graphs reused =         24
[granite 4.2 8B] 4. long query
Llama.generate: 647 prefix-match hit, remaining 85 prompt tokens to eval
llama_perf_context_print:        load time =     166.79 ms
llama_perf_context_print: prompt eval time =      97.56 ms /    85 tokens (    1.15 ms per token,   871.26 tokens per second)
llama_perf_context_print:        eval time =     682.18 ms /    33 runs   (   20.67 ms per token,    48.37 tokens per second)
llama_perf_context_print:       total time =     787.78 ms /   118 tokens
llama_perf_context_print:    graphs reused =         32
[granite 4.2 8B] 5. long query
Llama.generate: 765 prefix-match hit, remaining 85 prompt tokens to eval
llama_perf_context_print:        load time =     166.79 ms
llama_perf_context_print: prompt eval time =     102.87 ms /    85 tokens (    1.21 ms per token,   826.30 tokens per second)
llama_perf_context_print:        eval time =     647.36 ms /    31 runs   (   20.88 ms per token,    47.89 tokens per second)
llama_perf_context_print:       total time =     757.72 ms /   116 tokens
llama_perf_context_print:    graphs reused =         30
[granite 4.2 8B] 6. long query
Llama.generate: 881 prefix-match hit, remaining 79 prompt tokens to eval
llama_perf_context_print:        load time =     166.79 ms
llama_perf_context_print: prompt eval time =     102.47 ms /    79 tokens (    1.30 ms per token,   770.98 tokens per second)
llama_perf_context_print:        eval time =     772.44 ms /    37 runs   (   20.88 ms per token,    47.90 tokens per second)
llama_perf_context_print:       total time =     884.02 ms /   116 tokens
llama_perf_context_print:    graphs reused =         36
[granite 4.2 8B] 7. long query
Llama.generate: 997 prefix-match hit, remaining 85 prompt tokens to eval
llama_perf_context_print:        load time =     166.79 ms
llama_perf_context_print: prompt eval time =     104.20 ms /    85 tokens (    1.23 ms per token,   815.75 tokens per second)
llama_perf_context_print:        eval time =     692.69 ms /    33 runs   (   20.99 ms per token,    47.64 tokens per second)
llama_perf_context_print:       total time =     804.97 ms /   118 tokens
llama_perf_context_print:    graphs reused =         32
[granite 4.2 8B] 8. long query
Llama.generate: 1115 prefix-match hit, remaining 81 prompt tokens to eval
llama_perf_context_print:        load time =     166.79 ms
llama_perf_context_print: prompt eval time =     104.77 ms /    81 tokens (    1.29 ms per token,   773.15 tokens per second)
llama_perf_context_print:        eval time =     734.76 ms /    35 runs   (   20.99 ms per token,    47.63 tokens per second)
llama_perf_context_print:       total time =     848.21 ms /   116 tokens
llama_perf_context_print:    graphs reused =         34
[granite 4.2 8B] 9. long query
Llama.generate: 1231 prefix-match hit, remaining 82 prompt tokens to eval
llama_perf_context_print:        load time =     166.79 ms
llama_perf_context_print: prompt eval time =     105.64 ms /    82 tokens (    1.29 ms per token,   776.20 tokens per second)
llama_perf_context_print:        eval time =     738.45 ms /    35 runs   (   21.10 ms per token,    47.40 tokens per second)
llama_perf_context_print:       total time =     852.75 ms /   117 tokens
llama_perf_context_print:    graphs reused =         34
[granite 4.2 8B] 10. long query
Llama.generate: 1348 prefix-match hit, remaining 77 prompt tokens to eval
llama_perf_context_print:        load time =     166.79 ms
llama_perf_context_print: prompt eval time =     105.05 ms /    77 tokens (    1.36 ms per token,   733.02 tokens per second)
llama_perf_context_print:        eval time =     676.07 ms /    32 runs   (   21.13 ms per token,    47.33 tokens per second)
llama_perf_context_print:       total time =     789.08 ms /   109 tokens
llama_perf_context_print:    graphs reused =         31
[granite 4.2 8B] 11. long query
Llama.generate: 1457 prefix-match hit, remaining 81 prompt tokens to eval
llama_perf_context_print:        load time =     166.79 ms
llama_perf_context_print: prompt eval time =     106.40 ms /    81 tokens (    1.31 ms per token,   761.31 tokens per second)
llama_perf_context_print:        eval time =     722.27 ms /    34 runs   (   21.24 ms per token,    47.07 tokens per second)
llama_perf_context_print:       total time =     837.16 ms /   115 tokens
llama_perf_context_print:    graphs reused =         33
[granite 4.2 8B] 12. long query
Llama.generate: 1572 prefix-match hit, remaining 85 prompt tokens to eval
llama_perf_context_print:        load time =     166.79 ms
llama_perf_context_print: prompt eval time =     107.28 ms /    85 tokens (    1.26 ms per token,   792.28 tokens per second)
llama_perf_context_print:        eval time =     807.07 ms /    38 runs   (   21.24 ms per token,    47.08 tokens per second)
llama_perf_context_print:       total time =     923.99 ms /   123 tokens
llama_perf_context_print:    graphs reused =         37
[granite 4.2 8B] 13. long query
Llama.generate: 1695 prefix-match hit, remaining 82 prompt tokens to eval
llama_perf_context_print:        load time =     166.79 ms
llama_perf_context_print: prompt eval time =     107.07 ms /    82 tokens (    1.31 ms per token,   765.88 tokens per second)
llama_perf_context_print:        eval time =     791.47 ms /    37 runs   (   21.39 ms per token,    46.75 tokens per second)
llama_perf_context_print:       total time =     907.89 ms /   119 tokens
llama_perf_context_print:    graphs reused =         35
[granite 4.2 8B] 14. long query
Llama.generate: 1814 prefix-match hit, remaining 87 prompt tokens to eval
llama_perf_context_print:        load time =     166.79 ms
llama_perf_context_print: prompt eval time =     109.45 ms /    87 tokens (    1.26 ms per token,   794.90 tokens per second)
llama_perf_context_print:        eval time =    1352.32 ms /    63 runs   (   21.47 ms per token,    46.59 tokens per second)
llama_perf_context_print:       total time =    1478.43 ms /   150 tokens
llama_perf_context_print:    graphs reused =         62
[granite 4.2 8B] 15. long query
Llama.generate: 1964 prefix-match hit, remaining 91 prompt tokens to eval
llama_perf_context_print:        load time =     166.79 ms
llama_perf_context_print: prompt eval time =     109.17 ms /    91 tokens (    1.20 ms per token,   833.53 tokens per second)
llama_perf_context_print:        eval time =     711.98 ms /    33 runs   (   21.58 ms per token,    46.35 tokens per second)
llama_perf_context_print:       total time =     829.55 ms /   124 tokens
llama_perf_context_print:    graphs reused =         32
~llama_context:    Vulkan0 compute buffer size is 212.0000 MiB, matches expectation of 212.0000 MiB
~llama_context: Vulkan_Host compute buffer size is  20.0137 MiB, matches expectation of  20.0137 MiB
--- Ministral 3 8b ---
[Ministral 3 8b] 0. short query
Llama.generate: 212 prefix-match hit, remaining 14 prompt tokens to eval
llama_perf_context_print:        load time =     145.69 ms
llama_perf_context_print: prompt eval time =      55.35 ms /    14 tokens (    3.95 ms per token,   252.94 tokens per second)
llama_perf_context_print:        eval time =     920.14 ms /    46 runs   (   20.00 ms per token,    49.99 tokens per second)
llama_perf_context_print:       total time =     987.51 ms /    60 tokens
llama_perf_context_print:    graphs reused =          0
[Ministral 3 8b] 1. short query
Llama.generate: 272 prefix-match hit, remaining 14 prompt tokens to eval
llama_perf_context_print:        load time =     145.69 ms
llama_perf_context_print: prompt eval time =      58.01 ms /    14 tokens (    4.14 ms per token,   241.34 tokens per second)
llama_perf_context_print:        eval time =     780.77 ms /    39 runs   (   20.02 ms per token,    49.95 tokens per second)
llama_perf_context_print:       total time =     849.05 ms /    53 tokens
llama_perf_context_print:    graphs reused =          0
[Ministral 3 8b] 2. short query
Llama.generate: 325 prefix-match hit, remaining 16 prompt tokens to eval
llama_perf_context_print:        load time =     145.69 ms
llama_perf_context_print: prompt eval time =      58.30 ms /    16 tokens (    3.64 ms per token,   274.42 tokens per second)
llama_perf_context_print:        eval time =     903.17 ms /    45 runs   (   20.07 ms per token,    49.82 tokens per second)
llama_perf_context_print:       total time =     973.41 ms /    61 tokens
llama_perf_context_print:    graphs reused =          0
[Ministral 3 8b] 3. short query
Llama.generate: 386 prefix-match hit, remaining 18 prompt tokens to eval
llama_perf_context_print:        load time =     145.69 ms
llama_perf_context_print: prompt eval time =      58.92 ms /    18 tokens (    3.27 ms per token,   305.52 tokens per second)
llama_perf_context_print:        eval time =     802.94 ms /    40 runs   (   20.07 ms per token,    49.82 tokens per second)
llama_perf_context_print:       total time =     872.49 ms /    58 tokens
llama_perf_context_print:    graphs reused =          0
[Ministral 3 8b] 4. short query
Llama.generate: 444 prefix-match hit, remaining 12 prompt tokens to eval
llama_perf_context_print:        load time =     145.69 ms
llama_perf_context_print: prompt eval time =      59.01 ms /    12 tokens (    4.92 ms per token,   203.37 tokens per second)
llama_perf_context_print:        eval time =     786.14 ms /    39 runs   (   20.16 ms per token,    49.61 tokens per second)
llama_perf_context_print:       total time =     855.53 ms /    51 tokens
llama_perf_context_print:    graphs reused =          0
[Ministral 3 8b] 5. short query
Llama.generate: 495 prefix-match hit, remaining 15 prompt tokens to eval
llama_perf_context_print:        load time =     145.69 ms
llama_perf_context_print: prompt eval time =      58.53 ms /    15 tokens (    3.90 ms per token,   256.26 tokens per second)
llama_perf_context_print:        eval time =     910.22 ms /    45 runs   (   20.23 ms per token,    49.44 tokens per second)
llama_perf_context_print:       total time =     980.87 ms /    60 tokens
llama_perf_context_print:    graphs reused =          0
[Ministral 3 8b] 6. short query
Llama.generate: 555 prefix-match hit, remaining 17 prompt tokens to eval
llama_perf_context_print:        load time =     145.69 ms
llama_perf_context_print: prompt eval time =      59.48 ms /    17 tokens (    3.50 ms per token,   285.81 tokens per second)
llama_perf_context_print:        eval time =     790.12 ms /    39 runs   (   20.26 ms per token,    49.36 tokens per second)
llama_perf_context_print:       total time =     860.07 ms /    56 tokens
llama_perf_context_print:    graphs reused =          0
[Ministral 3 8b] 7. short query
Llama.generate: 611 prefix-match hit, remaining 13 prompt tokens to eval
llama_perf_context_print:        load time =     145.69 ms
llama_perf_context_print: prompt eval time =      58.27 ms /    13 tokens (    4.48 ms per token,   223.10 tokens per second)
llama_perf_context_print:        eval time =     709.87 ms /    35 runs   (   20.28 ms per token,    49.30 tokens per second)
llama_perf_context_print:       total time =     777.41 ms /    48 tokens
llama_perf_context_print:    graphs reused =          0
[Ministral 3 8b] 8. short query
Llama.generate: 659 prefix-match hit, remaining 13 prompt tokens to eval
llama_perf_context_print:        load time =     145.69 ms
llama_perf_context_print: prompt eval time =      58.98 ms /    13 tokens (    4.54 ms per token,   220.42 tokens per second)
llama_perf_context_print:        eval time =     709.10 ms /    35 runs   (   20.26 ms per token,    49.36 tokens per second)
llama_perf_context_print:       total time =     777.42 ms /    48 tokens
llama_perf_context_print:    graphs reused =          0
[Ministral 3 8b] 9. short query
Llama.generate: 707 prefix-match hit, remaining 13 prompt tokens to eval
llama_perf_context_print:        load time =     145.69 ms
llama_perf_context_print: prompt eval time =      58.77 ms /    13 tokens (    4.52 ms per token,   221.21 tokens per second)
llama_perf_context_print:        eval time =     709.15 ms /    35 runs   (   20.26 ms per token,    49.35 tokens per second)
llama_perf_context_print:       total time =     777.06 ms /    48 tokens
llama_perf_context_print:    graphs reused =          0
[Ministral 3 8b] 10. short query
Llama.generate: 755 prefix-match hit, remaining 18 prompt tokens to eval
llama_perf_context_print:        load time =     145.69 ms
llama_perf_context_print: prompt eval time =      59.88 ms /    18 tokens (    3.33 ms per token,   300.58 tokens per second)
llama_perf_context_print:        eval time =     816.09 ms /    40 runs   (   20.40 ms per token,    49.01 tokens per second)
llama_perf_context_print:       total time =     886.57 ms /    58 tokens
llama_perf_context_print:    graphs reused =          0
[Ministral 3 8b] 11. short query
Llama.generate: 813 prefix-match hit, remaining 13 prompt tokens to eval
llama_perf_context_print:        load time =     145.69 ms
llama_perf_context_print: prompt eval time =      58.87 ms /    13 tokens (    4.53 ms per token,   220.81 tokens per second)
llama_perf_context_print:        eval time =     714.24 ms /    35 runs   (   20.41 ms per token,    49.00 tokens per second)
llama_perf_context_print:       total time =     782.45 ms /    48 tokens
llama_perf_context_print:    graphs reused =          0
[Ministral 3 8b] 12. short query
Llama.generate: 861 prefix-match hit, remaining 14 prompt tokens to eval
llama_perf_context_print:        load time =     145.69 ms
llama_perf_context_print: prompt eval time =      58.95 ms /    14 tokens (    4.21 ms per token,   237.50 tokens per second)
llama_perf_context_print:        eval time =     795.71 ms /    39 runs   (   20.40 ms per token,    49.01 tokens per second)
llama_perf_context_print:       total time =     865.16 ms /    53 tokens
llama_perf_context_print:    graphs reused =          0
[Ministral 3 8b] 13. short query
Llama.generate: 914 prefix-match hit, remaining 15 prompt tokens to eval
llama_perf_context_print:        load time =     145.69 ms
llama_perf_context_print: prompt eval time =      59.82 ms /    15 tokens (    3.99 ms per token,   250.74 tokens per second)
llama_perf_context_print:        eval time =    1184.00 ms /    58 runs   (   20.41 ms per token,    48.99 tokens per second)
llama_perf_context_print:       total time =    1259.79 ms /    73 tokens
llama_perf_context_print:    graphs reused =          0
[Ministral 3 8b] 14. short query
Llama.generate: 987 prefix-match hit, remaining 15 prompt tokens to eval
llama_perf_context_print:        load time =     145.69 ms
llama_perf_context_print: prompt eval time =      59.86 ms /    15 tokens (    3.99 ms per token,   250.57 tokens per second)
llama_perf_context_print:        eval time =     778.33 ms /    38 runs   (   20.48 ms per token,    48.82 tokens per second)
llama_perf_context_print:       total time =     848.27 ms /    53 tokens
llama_perf_context_print:    graphs reused =          0
[Ministral 3 8b] 15. short query
Llama.generate: 1040 prefix-match hit, remaining 13 prompt tokens to eval
llama_perf_context_print:        load time =     145.69 ms
llama_perf_context_print: prompt eval time =      59.47 ms /    13 tokens (    4.57 ms per token,   218.60 tokens per second)
llama_perf_context_print:        eval time =     759.01 ms /    37 runs   (   20.51 ms per token,    48.75 tokens per second)
llama_perf_context_print:       total time =     828.44 ms /    50 tokens
llama_perf_context_print:    graphs reused =          0
[Ministral 3 8b] 0. long query
Llama.generate: 212 prefix-match hit, remaining 71 prompt tokens to eval
llama_perf_context_print:        load time =     145.69 ms
llama_perf_context_print: prompt eval time =      75.88 ms /    71 tokens (    1.07 ms per token,   935.71 tokens per second)
llama_perf_context_print:        eval time =     966.84 ms /    48 runs   (   20.14 ms per token,    49.65 tokens per second)
llama_perf_context_print:       total time =    1055.63 ms /   119 tokens
llama_perf_context_print:    graphs reused =          0
[Ministral 3 8b] 1. long query
Llama.generate: 331 prefix-match hit, remaining 68 prompt tokens to eval
llama_perf_context_print:        load time =     145.69 ms
llama_perf_context_print: prompt eval time =      83.52 ms /    68 tokens (    1.23 ms per token,   814.21 tokens per second)
llama_perf_context_print:        eval time =    1147.10 ms /    57 runs   (   20.12 ms per token,    49.69 tokens per second)
llama_perf_context_print:       total time =    1246.13 ms /   125 tokens
llama_perf_context_print:    graphs reused =          0
[Ministral 3 8b] 2. long query
Llama.generate: 456 prefix-match hit, remaining 68 prompt tokens to eval
llama_perf_context_print:        load time =     145.69 ms
llama_perf_context_print: prompt eval time =      84.27 ms /    68 tokens (    1.24 ms per token,   806.96 tokens per second)
llama_perf_context_print:        eval time =    1233.75 ms /    61 runs   (   20.23 ms per token,    49.44 tokens per second)
llama_perf_context_print:       total time =    1334.93 ms /   129 tokens
llama_perf_context_print:    graphs reused =          0
[Ministral 3 8b] 3. long query
Llama.generate: 585 prefix-match hit, remaining 73 prompt tokens to eval
llama_perf_context_print:        load time =     145.69 ms
llama_perf_context_print: prompt eval time =      84.87 ms /    73 tokens (    1.16 ms per token,   860.13 tokens per second)
llama_perf_context_print:        eval time =    1094.86 ms /    54 runs   (   20.28 ms per token,    49.32 tokens per second)
llama_perf_context_print:       total time =    1194.68 ms /   127 tokens
llama_perf_context_print:    graphs reused =          0
[Ministral 3 8b] 4. long query
Llama.generate: 712 prefix-match hit, remaining 77 prompt tokens to eval
llama_perf_context_print:        load time =     145.69 ms
llama_perf_context_print: prompt eval time =      90.34 ms /    77 tokens (    1.17 ms per token,   852.36 tokens per second)
llama_perf_context_print:        eval time =    1284.68 ms /    63 runs   (   20.39 ms per token,    49.04 tokens per second)
llama_perf_context_print:       total time =    1392.65 ms /   140 tokens
llama_perf_context_print:    graphs reused =          0
[Ministral 3 8b] 5. long query
Llama.generate: 852 prefix-match hit, remaining 83 prompt tokens to eval
llama_perf_context_print:        load time =     145.69 ms
llama_perf_context_print: prompt eval time =      92.13 ms /    83 tokens (    1.11 ms per token,   900.92 tokens per second)
llama_perf_context_print:        eval time =    1223.91 ms /    60 runs   (   20.40 ms per token,    49.02 tokens per second)
llama_perf_context_print:       total time =    1332.80 ms /   143 tokens
llama_perf_context_print:    graphs reused =          0
[Ministral 3 8b] 6. long query
Llama.generate: 995 prefix-match hit, remaining 75 prompt tokens to eval
llama_perf_context_print:        load time =     145.69 ms
llama_perf_context_print: prompt eval time =      90.68 ms /    75 tokens (    1.21 ms per token,   827.07 tokens per second)
llama_perf_context_print:        eval time =    1209.70 ms /    59 runs   (   20.50 ms per token,    48.77 tokens per second)
llama_perf_context_print:       total time =    1316.86 ms /   134 tokens
llama_perf_context_print:    graphs reused =          0
[Ministral 3 8b] 7. long query
Llama.generate: 1129 prefix-match hit, remaining 76 prompt tokens to eval
llama_perf_context_print:        load time =     145.69 ms
llama_perf_context_print: prompt eval time =      92.08 ms /    76 tokens (    1.21 ms per token,   825.38 tokens per second)
llama_perf_context_print:        eval time =    1231.56 ms /    60 runs   (   20.53 ms per token,    48.72 tokens per second)
llama_perf_context_print:       total time =    1340.16 ms /   136 tokens
llama_perf_context_print:    graphs reused =          0
[Ministral 3 8b] 8. long query
Llama.generate: 1265 prefix-match hit, remaining 73 prompt tokens to eval
llama_perf_context_print:        load time =     145.69 ms
llama_perf_context_print: prompt eval time =      91.66 ms /    73 tokens (    1.26 ms per token,   796.40 tokens per second)
llama_perf_context_print:        eval time =    1112.73 ms /    54 runs   (   20.61 ms per token,    48.53 tokens per second)
llama_perf_context_print:       total time =    1219.48 ms /   127 tokens
llama_perf_context_print:    graphs reused =          0
[Ministral 3 8b] 9. long query
Llama.generate: 1392 prefix-match hit, remaining 76 prompt tokens to eval
llama_perf_context_print:        load time =     145.69 ms
llama_perf_context_print: prompt eval time =      93.02 ms /    76 tokens (    1.22 ms per token,   817.00 tokens per second)
llama_perf_context_print:        eval time =    1114.23 ms /    54 runs   (   20.63 ms per token,    48.46 tokens per second)
llama_perf_context_print:       total time =    1222.27 ms /   130 tokens
llama_perf_context_print:    graphs reused =          0
[Ministral 3 8b] 10. long query
Llama.generate: 1522 prefix-match hit, remaining 69 prompt tokens to eval
llama_perf_context_print:        load time =     145.69 ms
llama_perf_context_print: prompt eval time =      92.12 ms /    69 tokens (    1.34 ms per token,   749.02 tokens per second)
llama_perf_context_print:        eval time =    1221.34 ms /    59 runs   (   20.70 ms per token,    48.31 tokens per second)
llama_perf_context_print:       total time =    1329.79 ms /   128 tokens
llama_perf_context_print:    graphs reused =          0
[Ministral 3 8b] 11. long query
Llama.generate: 1650 prefix-match hit, remaining 74 prompt tokens to eval
llama_perf_context_print:        load time =     145.69 ms
llama_perf_context_print: prompt eval time =      94.16 ms /    74 tokens (    1.27 ms per token,   785.94 tokens per second)
llama_perf_context_print:        eval time =    1160.75 ms /    56 runs   (   20.73 ms per token,    48.24 tokens per second)
llama_perf_context_print:       total time =    1270.55 ms /   130 tokens
llama_perf_context_print:    graphs reused =          0
[Ministral 3 8b] 12. long query
Llama.generate: 1780 prefix-match hit, remaining 79 prompt tokens to eval
llama_perf_context_print:        load time =     145.69 ms
llama_perf_context_print: prompt eval time =      93.94 ms /    79 tokens (    1.19 ms per token,   840.93 tokens per second)
llama_perf_context_print:        eval time =    1233.73 ms /    59 runs   (   20.91 ms per token,    47.82 tokens per second)
llama_perf_context_print:       total time =    1344.37 ms /   138 tokens
llama_perf_context_print:    graphs reused =          0
[Ministral 3 8b] 13. long query
Llama.generate: 1918 prefix-match hit, remaining 73 prompt tokens to eval
llama_perf_context_print:        load time =     145.69 ms
llama_perf_context_print: prompt eval time =      94.63 ms /    73 tokens (    1.30 ms per token,   771.43 tokens per second)
llama_perf_context_print:        eval time =    1067.19 ms /    51 runs   (   20.93 ms per token,    47.79 tokens per second)
llama_perf_context_print:       total time =    1176.16 ms /   124 tokens
llama_perf_context_print:    graphs reused =          0
[Ministral 3 8b] 14. long query
Llama.generate: 2042 prefix-match hit, remaining 78 prompt tokens to eval
llama_perf_context_print:        load time =     145.69 ms
llama_perf_context_print: prompt eval time =      95.34 ms /    78 tokens (    1.22 ms per token,   818.08 tokens per second)
llama_perf_context_print:        eval time =    1093.25 ms /    52 runs   (   21.02 ms per token,    47.56 tokens per second)
llama_perf_context_print:       total time =    1203.27 ms /   130 tokens
llama_perf_context_print:    graphs reused =          0
[Ministral 3 8b] 15. long query
Llama.generate: 2172 prefix-match hit, remaining 80 prompt tokens to eval
llama_perf_context_print:        load time =     145.69 ms
llama_perf_context_print: prompt eval time =      96.13 ms /    80 tokens (    1.20 ms per token,   832.20 tokens per second)
llama_perf_context_print:        eval time =    1179.31 ms /    56 runs   (   21.06 ms per token,    47.49 tokens per second)
llama_perf_context_print:       total time =    1291.43 ms /   136 tokens
llama_perf_context_print:    graphs reused =          0
~llama_context:    Vulkan0 compute buffer size is 272.0000 MiB, matches expectation of 272.0000 MiB
~llama_context: Vulkan_Host compute buffer size is  20.0157 MiB, matches expectation of  20.0157 MiB
--- LFM2.5 8B A1B ---
[LFM2.5 8B A1B] 0. short query
Llama.generate: 213 prefix-match hit, remaining 22 prompt tokens to eval
llama_perf_context_print:        load time =      68.21 ms
llama_perf_context_print: prompt eval time =      33.26 ms /    22 tokens (    1.51 ms per token,   661.51 tokens per second)
llama_perf_context_print:        eval time =      71.70 ms /    13 runs   (    5.52 ms per token,   181.31 tokens per second)
llama_perf_context_print:       total time =     107.77 ms /    35 tokens
llama_perf_context_print:    graphs reused =         12
[LFM2.5 8B A1B] 1. short query
Llama.generate: 248 prefix-match hit, remaining 23 prompt tokens to eval
llama_perf_context_print:        load time =      68.21 ms
llama_perf_context_print: prompt eval time =      34.62 ms /    23 tokens (    1.51 ms per token,   664.45 tokens per second)
llama_perf_context_print:        eval time =      71.29 ms /    13 runs   (    5.48 ms per token,   182.35 tokens per second)
llama_perf_context_print:       total time =     108.31 ms /    36 tokens
llama_perf_context_print:    graphs reused =         12
[LFM2.5 8B A1B] 2. short query
Llama.generate: 284 prefix-match hit, remaining 25 prompt tokens to eval
llama_perf_context_print:        load time =      68.21 ms
llama_perf_context_print: prompt eval time =      36.07 ms /    25 tokens (    1.44 ms per token,   693.06 tokens per second)
llama_perf_context_print:        eval time =     109.50 ms /    20 runs   (    5.47 ms per token,   182.65 tokens per second)
llama_perf_context_print:       total time =     149.51 ms /    45 tokens
llama_perf_context_print:    graphs reused =         19
[LFM2.5 8B A1B] 3. short query
Llama.generate: 329 prefix-match hit, remaining 27 prompt tokens to eval
llama_perf_context_print:        load time =      68.21 ms
llama_perf_context_print: prompt eval time =      36.65 ms /    27 tokens (    1.36 ms per token,   736.62 tokens per second)
llama_perf_context_print:        eval time =     114.74 ms /    21 runs   (    5.46 ms per token,   183.03 tokens per second)
llama_perf_context_print:       total time =     155.32 ms /    48 tokens
llama_perf_context_print:    graphs reused =         20
[LFM2.5 8B A1B] 4. short query
Llama.generate: 377 prefix-match hit, remaining 21 prompt tokens to eval
llama_perf_context_print:        load time =      68.21 ms
llama_perf_context_print: prompt eval time =      33.97 ms /    21 tokens (    1.62 ms per token,   618.25 tokens per second)
llama_perf_context_print:        eval time =     347.70 ms /    63 runs   (    5.52 ms per token,   181.19 tokens per second)
llama_perf_context_print:       total time =     394.27 ms /    84 tokens
llama_perf_context_print:    graphs reused =         62
[LFM2.5 8B A1B] 5. short query
Llama.generate: 461 prefix-match hit, remaining 25 prompt tokens to eval
llama_perf_context_print:        load time =      68.21 ms
llama_perf_context_print: prompt eval time =      34.74 ms /    25 tokens (    1.39 ms per token,   719.63 tokens per second)
llama_perf_context_print:        eval time =     124.50 ms /    22 runs   (    5.66 ms per token,   176.70 tokens per second)
llama_perf_context_print:       total time =     163.24 ms /    47 tokens
llama_perf_context_print:    graphs reused =         21
[LFM2.5 8B A1B] 6. short query
Llama.generate: 508 prefix-match hit, remaining 26 prompt tokens to eval
llama_perf_context_print:        load time =      68.21 ms
llama_perf_context_print: prompt eval time =      35.57 ms /    26 tokens (    1.37 ms per token,   730.91 tokens per second)
llama_perf_context_print:        eval time =     112.36 ms /    20 runs   (    5.62 ms per token,   178.00 tokens per second)
llama_perf_context_print:       total time =     152.30 ms /    46 tokens
llama_perf_context_print:    graphs reused =         19
[LFM2.5 8B A1B] 7. short query
Llama.generate: 554 prefix-match hit, remaining 22 prompt tokens to eval
llama_perf_context_print:        load time =      68.21 ms
llama_perf_context_print: prompt eval time =      34.46 ms /    22 tokens (    1.57 ms per token,   638.37 tokens per second)
llama_perf_context_print:        eval time =     134.65 ms /    24 runs   (    5.61 ms per token,   178.25 tokens per second)
llama_perf_context_print:       total time =     174.28 ms /    46 tokens
llama_perf_context_print:    graphs reused =         23
[LFM2.5 8B A1B] 8. short query
Llama.generate: 600 prefix-match hit, remaining 22 prompt tokens to eval
llama_perf_context_print:        load time =      68.21 ms
llama_perf_context_print: prompt eval time =      33.54 ms /    22 tokens (    1.52 ms per token,   656.03 tokens per second)
llama_perf_context_print:        eval time =     128.69 ms /    23 runs   (    5.60 ms per token,   178.72 tokens per second)
llama_perf_context_print:       total time =     166.89 ms /    45 tokens
llama_perf_context_print:    graphs reused =         22
[LFM2.5 8B A1B] 9. short query
Llama.generate: 645 prefix-match hit, remaining 22 prompt tokens to eval
llama_perf_context_print:        load time =      68.21 ms
llama_perf_context_print: prompt eval time =      34.74 ms /    22 tokens (    1.58 ms per token,   633.33 tokens per second)
llama_perf_context_print:        eval time =     117.49 ms /    21 runs   (    5.59 ms per token,   178.73 tokens per second)
llama_perf_context_print:       total time =     156.62 ms /    43 tokens
llama_perf_context_print:    graphs reused =         20
[LFM2.5 8B A1B] 10. short query
Llama.generate: 688 prefix-match hit, remaining 27 prompt tokens to eval
llama_perf_context_print:        load time =      68.21 ms
llama_perf_context_print: prompt eval time =      36.36 ms /    27 tokens (    1.35 ms per token,   742.53 tokens per second)
llama_perf_context_print:        eval time =     101.47 ms /    18 runs   (    5.64 ms per token,   177.39 tokens per second)
llama_perf_context_print:       total time =     141.35 ms /    45 tokens
llama_perf_context_print:    graphs reused =         17
[LFM2.5 8B A1B] 11. short query
Llama.generate: 733 prefix-match hit, remaining 22 prompt tokens to eval
llama_perf_context_print:        load time =      68.21 ms
llama_perf_context_print: prompt eval time =      33.94 ms /    22 tokens (    1.54 ms per token,   648.18 tokens per second)
llama_perf_context_print:        eval time =     152.55 ms /    27 runs   (    5.65 ms per token,   177.00 tokens per second)
llama_perf_context_print:       total time =     192.06 ms /    49 tokens
llama_perf_context_print:    graphs reused =         25
[LFM2.5 8B A1B] 12. short query
Llama.generate: 782 prefix-match hit, remaining 23 prompt tokens to eval
llama_perf_context_print:        load time =      68.21 ms
llama_perf_context_print: prompt eval time =      36.25 ms /    23 tokens (    1.58 ms per token,   634.54 tokens per second)
llama_perf_context_print:        eval time =     146.08 ms /    26 runs   (    5.62 ms per token,   177.98 tokens per second)
llama_perf_context_print:       total time =     187.97 ms /    49 tokens
llama_perf_context_print:    graphs reused =         25
[LFM2.5 8B A1B] 13. short query
Llama.generate: 831 prefix-match hit, remaining 25 prompt tokens to eval
llama_perf_context_print:        load time =      68.21 ms
llama_perf_context_print: prompt eval time =      35.73 ms /    25 tokens (    1.43 ms per token,   699.79 tokens per second)
llama_perf_context_print:        eval time =     100.87 ms /    18 runs   (    5.60 ms per token,   178.44 tokens per second)
llama_perf_context_print:       total time =     140.31 ms /    43 tokens
llama_perf_context_print:    graphs reused =         17
[LFM2.5 8B A1B] 14. short query
Llama.generate: 874 prefix-match hit, remaining 24 prompt tokens to eval
llama_perf_context_print:        load time =      68.21 ms
llama_perf_context_print: prompt eval time =      36.34 ms /    24 tokens (    1.51 ms per token,   660.39 tokens per second)
llama_perf_context_print:        eval time =     123.38 ms /    22 runs   (    5.61 ms per token,   178.31 tokens per second)
llama_perf_context_print:       total time =     163.93 ms /    46 tokens
llama_perf_context_print:    graphs reused =         21
[LFM2.5 8B A1B] 15. short query
Llama.generate: 920 prefix-match hit, remaining 22 prompt tokens to eval
llama_perf_context_print:        load time =      68.21 ms
llama_perf_context_print: prompt eval time =      34.86 ms /    22 tokens (    1.58 ms per token,   631.06 tokens per second)
llama_perf_context_print:        eval time =     152.17 ms /    27 runs   (    5.64 ms per token,   177.43 tokens per second)
llama_perf_context_print:       total time =     192.52 ms /    49 tokens
llama_perf_context_print:    graphs reused =         26
[LFM2.5 8B A1B] 0. long query
Llama.generate: 213 prefix-match hit, remaining 81 prompt tokens to eval
llama_perf_context_print:        load time =      68.21 ms
llama_perf_context_print: prompt eval time =      43.01 ms /    81 tokens (    0.53 ms per token,  1883.24 tokens per second)
llama_perf_context_print:        eval time =     157.83 ms /    28 runs   (    5.64 ms per token,   177.40 tokens per second)
llama_perf_context_print:       total time =     206.67 ms /   109 tokens
llama_perf_context_print:    graphs reused =         27
[LFM2.5 8B A1B] 1. long query
Llama.generate: 322 prefix-match hit, remaining 78 prompt tokens to eval
llama_perf_context_print:        load time =      68.21 ms
llama_perf_context_print: prompt eval time =      44.47 ms /    78 tokens (    0.57 ms per token,  1754.03 tokens per second)
llama_perf_context_print:        eval time =     108.57 ms /    19 runs   (    5.71 ms per token,   175.01 tokens per second)
llama_perf_context_print:       total time =     157.15 ms /    97 tokens
llama_perf_context_print:    graphs reused =         18
[LFM2.5 8B A1B] 2. long query
Llama.generate: 419 prefix-match hit, remaining 80 prompt tokens to eval
llama_perf_context_print:        load time =      68.21 ms
llama_perf_context_print: prompt eval time =      44.80 ms /    80 tokens (    0.56 ms per token,  1785.87 tokens per second)
llama_perf_context_print:        eval time =     204.72 ms /    36 runs   (    5.69 ms per token,   175.85 tokens per second)
llama_perf_context_print:       total time =     257.18 ms /   116 tokens
llama_perf_context_print:    graphs reused =         34
[LFM2.5 8B A1B] 3. long query
Llama.generate: 535 prefix-match hit, remaining 84 prompt tokens to eval
llama_perf_context_print:        load time =      68.21 ms
llama_perf_context_print: prompt eval time =      45.19 ms /    84 tokens (    0.54 ms per token,  1858.94 tokens per second)
llama_perf_context_print:        eval time =     159.49 ms /    28 runs   (    5.70 ms per token,   175.56 tokens per second)
llama_perf_context_print:       total time =     210.50 ms /   112 tokens
llama_perf_context_print:    graphs reused =         27
[LFM2.5 8B A1B] 4. long query
Llama.generate: 647 prefix-match hit, remaining 87 prompt tokens to eval
llama_perf_context_print:        load time =      68.21 ms
llama_perf_context_print: prompt eval time =      45.97 ms /    87 tokens (    0.53 ms per token,  1892.66 tokens per second)
llama_perf_context_print:        eval time =     186.45 ms /    33 runs   (    5.65 ms per token,   176.99 tokens per second)
llama_perf_context_print:       total time =     239.39 ms /   120 tokens
llama_perf_context_print:    graphs reused =         32
[LFM2.5 8B A1B] 5. long query
Llama.generate: 767 prefix-match hit, remaining 93 prompt tokens to eval
llama_perf_context_print:        load time =      68.21 ms
llama_perf_context_print: prompt eval time =      47.51 ms /    93 tokens (    0.51 ms per token,  1957.52 tokens per second)
llama_perf_context_print:        eval time =     194.28 ms /    34 runs   (    5.71 ms per token,   175.01 tokens per second)
llama_perf_context_print:       total time =     249.08 ms /   127 tokens
llama_perf_context_print:    graphs reused =         33
[LFM2.5 8B A1B] 6. long query
Llama.generate: 894 prefix-match hit, remaining 86 prompt tokens to eval
llama_perf_context_print:        load time =      68.21 ms
llama_perf_context_print: prompt eval time =      47.05 ms /    86 tokens (    0.55 ms per token,  1827.92 tokens per second)
llama_perf_context_print:        eval time =     154.41 ms /    27 runs   (    5.72 ms per token,   174.86 tokens per second)
llama_perf_context_print:       total time =     207.19 ms /   113 tokens
llama_perf_context_print:    graphs reused =         26
[LFM2.5 8B A1B] 7. long query
Llama.generate: 1007 prefix-match hit, remaining 86 prompt tokens to eval
llama_perf_context_print:        load time =      68.21 ms
llama_perf_context_print: prompt eval time =      46.84 ms /    86 tokens (    0.54 ms per token,  1836.00 tokens per second)
llama_perf_context_print:        eval time =     188.56 ms /    33 runs   (    5.71 ms per token,   175.01 tokens per second)
llama_perf_context_print:       total time =     242.23 ms /   119 tokens
llama_perf_context_print:    graphs reused =         32
[LFM2.5 8B A1B] 8. long query
Llama.generate: 1126 prefix-match hit, remaining 85 prompt tokens to eval
llama_perf_context_print:        load time =      68.21 ms
llama_perf_context_print: prompt eval time =      46.77 ms /    85 tokens (    0.55 ms per token,  1817.37 tokens per second)
llama_perf_context_print:        eval time =     243.99 ms /    43 runs   (    5.67 ms per token,   176.24 tokens per second)
llama_perf_context_print:       total time =     299.76 ms /   128 tokens
llama_perf_context_print:    graphs reused =         42
[LFM2.5 8B A1B] 9. long query
Llama.generate: 1254 prefix-match hit, remaining 86 prompt tokens to eval
llama_perf_context_print:        load time =      68.21 ms
llama_perf_context_print: prompt eval time =     173.16 ms /    86 tokens (    2.01 ms per token,   496.64 tokens per second)
llama_perf_context_print:        eval time =     188.98 ms /    34 runs   (    5.56 ms per token,   179.91 tokens per second)
llama_perf_context_print:       total time =     369.35 ms /   120 tokens
llama_perf_context_print:    graphs reused =         33
[LFM2.5 8B A1B] 10. long query
Llama.generate: 1374 prefix-match hit, remaining 80 prompt tokens to eval
llama_perf_context_print:        load time =      68.21 ms
llama_perf_context_print: prompt eval time =      51.29 ms /    80 tokens (    0.64 ms per token,  1559.76 tokens per second)
llama_perf_context_print:        eval time =     189.52 ms /    34 runs   (    5.57 ms per token,   179.40 tokens per second)
llama_perf_context_print:       total time =     247.79 ms /   114 tokens
llama_perf_context_print:    graphs reused =         33
[LFM2.5 8B A1B] 11. long query
Llama.generate: 1488 prefix-match hit, remaining 82 prompt tokens to eval
llama_perf_context_print:        load time =      68.21 ms
llama_perf_context_print: prompt eval time =      51.16 ms /    82 tokens (    0.62 ms per token,  1602.72 tokens per second)
llama_perf_context_print:        eval time =     189.78 ms /    34 runs   (    5.58 ms per token,   179.16 tokens per second)
llama_perf_context_print:       total time =     247.69 ms /   116 tokens
llama_perf_context_print:    graphs reused =         33
[LFM2.5 8B A1B] 12. long query
Llama.generate: 1604 prefix-match hit, remaining 88 prompt tokens to eval
llama_perf_context_print:        load time =      68.21 ms
llama_perf_context_print: prompt eval time =      49.56 ms /    88 tokens (    0.56 ms per token,  1775.48 tokens per second)
llama_perf_context_print:        eval time =     180.66 ms /    32 runs   (    5.65 ms per token,   177.13 tokens per second)
llama_perf_context_print:       total time =     237.00 ms /   120 tokens
llama_perf_context_print:    graphs reused =         31
[LFM2.5 8B A1B] 13. long query
Llama.generate: 1724 prefix-match hit, remaining 84 prompt tokens to eval
llama_perf_context_print:        load time =      68.21 ms
llama_perf_context_print: prompt eval time =      49.45 ms /    84 tokens (    0.59 ms per token,  1698.51 tokens per second)
llama_perf_context_print:        eval time =     190.39 ms /    34 runs   (    5.60 ms per token,   178.58 tokens per second)
llama_perf_context_print:       total time =     246.56 ms /   118 tokens
llama_perf_context_print:    graphs reused =         33
[LFM2.5 8B A1B] 14. long query
Llama.generate: 1842 prefix-match hit, remaining 87 prompt tokens to eval
llama_perf_context_print:        load time =      68.21 ms
llama_perf_context_print: prompt eval time =      45.19 ms /    87 tokens (    0.52 ms per token,  1925.38 tokens per second)
llama_perf_context_print:        eval time =     173.87 ms /    31 runs   (    5.61 ms per token,   178.30 tokens per second)
llama_perf_context_print:       total time =     225.14 ms /   118 tokens
llama_perf_context_print:    graphs reused =         30
[LFM2.5 8B A1B] 15. long query
Llama.generate: 1960 prefix-match hit, remaining 93 prompt tokens to eval
llama_perf_context_print:        load time =      68.21 ms
llama_perf_context_print: prompt eval time =      45.26 ms /    93 tokens (    0.49 ms per token,  2054.75 tokens per second)
llama_perf_context_print:        eval time =     202.48 ms /    36 runs   (    5.62 ms per token,   177.79 tokens per second)
llama_perf_context_print:       total time =     254.78 ms /   129 tokens
llama_perf_context_print:    graphs reused =         35
~llama_context:    Vulkan0 compute buffer size is 262.0274 MiB, matches expectation of 262.0274 MiB
~llama_context: Vulkan_Host compute buffer size is  12.0138 MiB, matches expectation of  12.0138 MiB
--- Gemma 4 E4B ---
[Gemma 4 E4B] 0. short query
Llama.generate: 221 prefix-match hit, remaining 19 prompt tokens to eval
llama_perf_context_print:        load time =     379.17 ms
llama_perf_context_print: prompt eval time =      38.73 ms /    19 tokens (    2.04 ms per token,   490.55 tokens per second)
llama_perf_context_print:        eval time =     196.10 ms /    14 runs   (   14.01 ms per token,    71.39 tokens per second)
llama_perf_context_print:       total time =     239.64 ms /    33 tokens
llama_perf_context_print:    graphs reused =         13
[Gemma 4 E4B] 1. short query
Llama.generate: 254 prefix-match hit, remaining 21 prompt tokens to eval
llama_perf_context_print:        load time =     379.17 ms
llama_perf_context_print: prompt eval time =      40.83 ms /    21 tokens (    1.94 ms per token,   514.35 tokens per second)
llama_perf_context_print:        eval time =     140.83 ms /    10 runs   (   14.08 ms per token,    71.01 tokens per second)
llama_perf_context_print:       total time =     185.18 ms /    31 tokens
llama_perf_context_print:    graphs reused =          9
[Gemma 4 E4B] 2. short query
Llama.generate: 285 prefix-match hit, remaining 22 prompt tokens to eval
llama_perf_context_print:        load time =     379.17 ms
llama_perf_context_print: prompt eval time =      41.13 ms /    22 tokens (    1.87 ms per token,   534.94 tokens per second)
llama_perf_context_print:        eval time =     154.63 ms /    11 runs   (   14.06 ms per token,    71.14 tokens per second)
llama_perf_context_print:       total time =     199.60 ms /    33 tokens
llama_perf_context_print:    graphs reused =         10
[Gemma 4 E4B] 3. short query
Llama.generate: 318 prefix-match hit, remaining 23 prompt tokens to eval
llama_perf_context_print:        load time =     379.17 ms
llama_perf_context_print: prompt eval time =      41.32 ms /    23 tokens (    1.80 ms per token,   556.62 tokens per second)
llama_perf_context_print:        eval time =     196.31 ms /    14 runs   (   14.02 ms per token,    71.32 tokens per second)
llama_perf_context_print:       total time =     242.31 ms /    37 tokens
llama_perf_context_print:    graphs reused =         13
[Gemma 4 E4B] 4. short query
Llama.generate: 355 prefix-match hit, remaining 19 prompt tokens to eval
llama_perf_context_print:        load time =     379.17 ms
llama_perf_context_print: prompt eval time =      40.61 ms /    19 tokens (    2.14 ms per token,   467.92 tokens per second)
llama_perf_context_print:        eval time =     127.90 ms /     9 runs   (   14.21 ms per token,    70.37 tokens per second)
llama_perf_context_print:       total time =     171.57 ms /    28 tokens
llama_perf_context_print:    graphs reused =          8
[Gemma 4 E4B] 5. short query
Llama.generate: 383 prefix-match hit, remaining 22 prompt tokens to eval
llama_perf_context_print:        load time =     379.17 ms
llama_perf_context_print: prompt eval time =      41.08 ms /    22 tokens (    1.87 ms per token,   535.59 tokens per second)
llama_perf_context_print:        eval time =     174.85 ms /    12 runs   (   14.57 ms per token,    68.63 tokens per second)
llama_perf_context_print:       total time =     219.99 ms /    34 tokens
llama_perf_context_print:    graphs reused =         11
[Gemma 4 E4B] 6. short query
Llama.generate: 417 prefix-match hit, remaining 23 prompt tokens to eval
llama_perf_context_print:        load time =     379.17 ms
llama_perf_context_print: prompt eval time =      41.28 ms /    23 tokens (    1.79 ms per token,   557.14 tokens per second)
llama_perf_context_print:        eval time =     157.85 ms /    11 runs   (   14.35 ms per token,    69.69 tokens per second)
llama_perf_context_print:       total time =     203.08 ms /    34 tokens
llama_perf_context_print:    graphs reused =         10
[Gemma 4 E4B] 7. short query
Llama.generate: 451 prefix-match hit, remaining 19 prompt tokens to eval
llama_perf_context_print:        load time =     379.17 ms
llama_perf_context_print: prompt eval time =      40.78 ms /    19 tokens (    2.15 ms per token,   465.93 tokens per second)
llama_perf_context_print:        eval time =     131.53 ms /     9 runs   (   14.61 ms per token,    68.43 tokens per second)
llama_perf_context_print:       total time =     175.76 ms /    28 tokens
llama_perf_context_print:    graphs reused =          8
[Gemma 4 E4B] 8. short query
Llama.generate: 479 prefix-match hit, remaining 20 prompt tokens to eval
llama_perf_context_print:        load time =     379.17 ms
llama_perf_context_print: prompt eval time =      41.07 ms /    20 tokens (    2.05 ms per token,   487.02 tokens per second)
llama_perf_context_print:        eval time =     172.92 ms /    12 runs   (   14.41 ms per token,    69.40 tokens per second)
llama_perf_context_print:       total time =     218.34 ms /    32 tokens
llama_perf_context_print:    graphs reused =         11
[Gemma 4 E4B] 9. short query
Llama.generate: 511 prefix-match hit, remaining 20 prompt tokens to eval
llama_perf_context_print:        load time =     379.17 ms
llama_perf_context_print: prompt eval time =      41.21 ms /    20 tokens (    2.06 ms per token,   485.32 tokens per second)
llama_perf_context_print:        eval time =     145.51 ms /    10 runs   (   14.55 ms per token,    68.72 tokens per second)
llama_perf_context_print:       total time =     190.50 ms /    30 tokens
llama_perf_context_print:    graphs reused =          9
[Gemma 4 E4B] 10. short query
Llama.generate: 541 prefix-match hit, remaining 25 prompt tokens to eval
llama_perf_context_print:        load time =     379.17 ms
llama_perf_context_print: prompt eval time =      42.29 ms /    25 tokens (    1.69 ms per token,   591.13 tokens per second)
llama_perf_context_print:        eval time =     160.39 ms /    11 runs   (   14.58 ms per token,    68.58 tokens per second)
llama_perf_context_print:       total time =     206.81 ms /    36 tokens
llama_perf_context_print:    graphs reused =         10
[Gemma 4 E4B] 11. short query
Llama.generate: 577 prefix-match hit, remaining 20 prompt tokens to eval
llama_perf_context_print:        load time =     379.17 ms
llama_perf_context_print: prompt eval time =      41.31 ms /    20 tokens (    2.07 ms per token,   484.13 tokens per second)
llama_perf_context_print:        eval time =     131.80 ms /     9 runs   (   14.64 ms per token,    68.28 tokens per second)
llama_perf_context_print:       total time =     176.58 ms /    29 tokens
llama_perf_context_print:    graphs reused =          8
[Gemma 4 E4B] 12. short query
Llama.generate: 606 prefix-match hit, remaining 21 prompt tokens to eval
llama_perf_context_print:        load time =     379.17 ms
llama_perf_context_print: prompt eval time =      41.31 ms /    21 tokens (    1.97 ms per token,   508.38 tokens per second)
llama_perf_context_print:        eval time =     174.56 ms /    12 runs   (   14.55 ms per token,    68.74 tokens per second)
llama_perf_context_print:       total time =     220.26 ms /    33 tokens
llama_perf_context_print:    graphs reused =         11
[Gemma 4 E4B] 13. short query
Llama.generate: 639 prefix-match hit, remaining 22 prompt tokens to eval
llama_perf_context_print:        load time =     379.17 ms
llama_perf_context_print: prompt eval time =      41.73 ms /    22 tokens (    1.90 ms per token,   527.14 tokens per second)
llama_perf_context_print:        eval time =     159.63 ms /    11 runs   (   14.51 ms per token,    68.91 tokens per second)
llama_perf_context_print:       total time =     205.32 ms /    33 tokens
llama_perf_context_print:    graphs reused =         10
[Gemma 4 E4B] 14. short query
Llama.generate: 672 prefix-match hit, remaining 21 prompt tokens to eval
llama_perf_context_print:        load time =     379.17 ms
llama_perf_context_print: prompt eval time =      41.71 ms /    21 tokens (    1.99 ms per token,   503.50 tokens per second)
llama_perf_context_print:        eval time =     145.32 ms /    10 runs   (   14.53 ms per token,    68.82 tokens per second)
llama_perf_context_print:       total time =     190.74 ms /    31 tokens
llama_perf_context_print:    graphs reused =          9
[Gemma 4 E4B] 15. short query
Llama.generate: 703 prefix-match hit, remaining 20 prompt tokens to eval
llama_perf_context_print:        load time =     379.17 ms
llama_perf_context_print: prompt eval time =      41.47 ms /    20 tokens (    2.07 ms per token,   482.29 tokens per second)
llama_perf_context_print:        eval time =     188.86 ms /    13 runs   (   14.53 ms per token,    68.83 tokens per second)
llama_perf_context_print:       total time =     234.89 ms /    33 tokens
llama_perf_context_print:    graphs reused =         12
[Gemma 4 E4B] 0. long query
Llama.generate: 221 prefix-match hit, remaining 76 prompt tokens to eval
llama_perf_context_print:        load time =     379.17 ms
llama_perf_context_print: prompt eval time =      91.55 ms /    76 tokens (    1.20 ms per token,   830.18 tokens per second)
llama_perf_context_print:        eval time =     268.87 ms /    19 runs   (   14.15 ms per token,    70.67 tokens per second)
llama_perf_context_print:       total time =     367.28 ms /    95 tokens
llama_perf_context_print:    graphs reused =         18
[Gemma 4 E4B] 1. long query
Llama.generate: 316 prefix-match hit, remaining 72 prompt tokens to eval
llama_perf_context_print:        load time =     379.17 ms
llama_perf_context_print: prompt eval time =      63.05 ms /    72 tokens (    0.88 ms per token,  1141.90 tokens per second)
llama_perf_context_print:        eval time =     270.67 ms /    19 runs   (   14.25 ms per token,    70.20 tokens per second)
llama_perf_context_print:       total time =     340.35 ms /    91 tokens
llama_perf_context_print:    graphs reused =         18
[Gemma 4 E4B] 2. long query
Llama.generate: 407 prefix-match hit, remaining 73 prompt tokens to eval
llama_perf_context_print:        load time =     379.17 ms
llama_perf_context_print: prompt eval time =      63.29 ms /    73 tokens (    0.87 ms per token,  1153.48 tokens per second)
llama_perf_context_print:        eval time =     244.55 ms /    17 runs   (   14.39 ms per token,    69.51 tokens per second)
llama_perf_context_print:       total time =     313.60 ms /    90 tokens
llama_perf_context_print:    graphs reused =         16
[Gemma 4 E4B] 3. long query
Llama.generate: 497 prefix-match hit, remaining 79 prompt tokens to eval
llama_perf_context_print:        load time =     379.17 ms
llama_perf_context_print: prompt eval time =      64.62 ms /    79 tokens (    0.82 ms per token,  1222.57 tokens per second)
llama_perf_context_print:        eval time =     202.07 ms /    14 runs   (   14.43 ms per token,    69.28 tokens per second)
llama_perf_context_print:       total time =     271.80 ms /    93 tokens
llama_perf_context_print:    graphs reused =         13
[Gemma 4 E4B] 4. long query
Llama.generate: 590 prefix-match hit, remaining 82 prompt tokens to eval
llama_perf_context_print:        load time =     379.17 ms
llama_perf_context_print: prompt eval time =      65.20 ms /    82 tokens (    0.80 ms per token,  1257.75 tokens per second)
llama_perf_context_print:        eval time =     274.24 ms /    19 runs   (   14.43 ms per token,    69.28 tokens per second)
llama_perf_context_print:       total time =     346.46 ms /   101 tokens
llama_perf_context_print:    graphs reused =         18
[Gemma 4 E4B] 5. long query
Llama.generate: 691 prefix-match hit, remaining 84 prompt tokens to eval
llama_perf_context_print:        load time =     379.17 ms
llama_perf_context_print: prompt eval time =      66.00 ms /    84 tokens (    0.79 ms per token,  1272.73 tokens per second)
llama_perf_context_print:        eval time =     269.68 ms /    19 runs   (   14.19 ms per token,    70.45 tokens per second)
llama_perf_context_print:       total time =     342.58 ms /   103 tokens
llama_perf_context_print:    graphs reused =         18
[Gemma 4 E4B] 6. long query
Llama.generate: 794 prefix-match hit, remaining 77 prompt tokens to eval
llama_perf_context_print:        load time =     379.17 ms
llama_perf_context_print: prompt eval time =      64.56 ms /    77 tokens (    0.84 ms per token,  1192.60 tokens per second)
llama_perf_context_print:        eval time =     242.43 ms /    17 runs   (   14.26 ms per token,    70.12 tokens per second)
llama_perf_context_print:       total time =     313.27 ms /    94 tokens
llama_perf_context_print:    graphs reused =         16
[Gemma 4 E4B] 7. long query
Llama.generate: 888 prefix-match hit, remaining 82 prompt tokens to eval
llama_perf_context_print:        load time =     379.17 ms
llama_perf_context_print: prompt eval time =      65.25 ms /    82 tokens (    0.80 ms per token,  1256.69 tokens per second)
llama_perf_context_print:        eval time =     214.89 ms /    15 runs   (   14.33 ms per token,    69.80 tokens per second)
llama_perf_context_print:       total time =     285.74 ms /    97 tokens
llama_perf_context_print:    graphs reused =         14
[Gemma 4 E4B] 8. long query
Llama.generate: 985 prefix-match hit, remaining 77 prompt tokens to eval
llama_perf_context_print:        load time =     379.17 ms
llama_perf_context_print: prompt eval time =      77.00 ms /    77 tokens (    1.00 ms per token,  1000.01 tokens per second)
llama_perf_context_print:        eval time =     215.15 ms /    15 runs   (   14.34 ms per token,    69.72 tokens per second)
llama_perf_context_print:       total time =     297.77 ms /    92 tokens
llama_perf_context_print:    graphs reused =         14
[Gemma 4 E4B] 9. long query
Llama.generate: 1077 prefix-match hit, remaining 79 prompt tokens to eval
llama_perf_context_print:        load time =     379.17 ms
llama_perf_context_print: prompt eval time =      68.97 ms /    79 tokens (    0.87 ms per token,  1145.48 tokens per second)
llama_perf_context_print:        eval time =     243.62 ms /    17 runs   (   14.33 ms per token,    69.78 tokens per second)
llama_perf_context_print:       total time =     318.91 ms /    96 tokens
llama_perf_context_print:    graphs reused =         16
[Gemma 4 E4B] 10. long query
Llama.generate: 1173 prefix-match hit, remaining 75 prompt tokens to eval
llama_perf_context_print:        load time =     379.17 ms
llama_perf_context_print: prompt eval time =      65.91 ms /    75 tokens (    0.88 ms per token,  1137.93 tokens per second)
llama_perf_context_print:        eval time =     329.18 ms /    23 runs   (   14.31 ms per token,    69.87 tokens per second)
llama_perf_context_print:       total time =     403.54 ms /    98 tokens
llama_perf_context_print:    graphs reused =         22
[Gemma 4 E4B] 11. long query
Llama.generate: 1271 prefix-match hit, remaining 80 prompt tokens to eval
llama_perf_context_print:        load time =     379.17 ms
llama_perf_context_print: prompt eval time =      65.44 ms /    80 tokens (    0.82 ms per token,  1222.48 tokens per second)
llama_perf_context_print:        eval time =     258.96 ms /    18 runs   (   14.39 ms per token,    69.51 tokens per second)
llama_perf_context_print:       total time =     331.07 ms /    98 tokens
llama_perf_context_print:    graphs reused =         17
[Gemma 4 E4B] 12. long query
Llama.generate: 1369 prefix-match hit, remaining 82 prompt tokens to eval
llama_perf_context_print:        load time =     379.17 ms
llama_perf_context_print: prompt eval time =      66.01 ms /    82 tokens (    0.81 ms per token,  1242.20 tokens per second)
llama_perf_context_print:        eval time =     244.05 ms /    17 runs   (   14.36 ms per token,    69.66 tokens per second)
llama_perf_context_print:       total time =     316.25 ms /    99 tokens
llama_perf_context_print:    graphs reused =         16
[Gemma 4 E4B] 13. long query
Llama.generate: 1468 prefix-match hit, remaining 75 prompt tokens to eval
llama_perf_context_print:        load time =     379.17 ms
llama_perf_context_print: prompt eval time =      65.12 ms /    75 tokens (    0.87 ms per token,  1151.76 tokens per second)
llama_perf_context_print:        eval time =     216.96 ms /    15 runs   (   14.46 ms per token,    69.14 tokens per second)
llama_perf_context_print:       total time =     287.75 ms /    90 tokens
llama_perf_context_print:    graphs reused =         14
[Gemma 4 E4B] 14. long query
Llama.generate: 1558 prefix-match hit, remaining 84 prompt tokens to eval
llama_perf_context_print:        load time =     379.17 ms
llama_perf_context_print: prompt eval time =      67.24 ms /    84 tokens (    0.80 ms per token,  1249.24 tokens per second)
llama_perf_context_print:        eval time =     231.51 ms /    16 runs   (   14.47 ms per token,    69.11 tokens per second)
llama_perf_context_print:       total time =     304.72 ms /   100 tokens
llama_perf_context_print:    graphs reused =         15
[Gemma 4 E4B] 15. long query
Llama.generate: 1658 prefix-match hit, remaining 86 prompt tokens to eval
llama_perf_context_print:        load time =     379.17 ms
llama_perf_context_print: prompt eval time =      68.30 ms /    86 tokens (    0.79 ms per token,  1259.17 tokens per second)
llama_perf_context_print:        eval time =     247.54 ms /    17 runs   (   14.56 ms per token,    68.68 tokens per second)
llama_perf_context_print:       total time =     322.29 ms /   103 tokens
llama_perf_context_print:    graphs reused =         16
~llama_context:    Vulkan0 compute buffer size is 543.0000 MiB, matches expectation of 543.0000 MiB
~llama_context: Vulkan_Host compute buffer size is  39.0235 MiB, matches expectation of  39.0235 MiB
--- Llama 3.1 8B ---
[Llama 3.1 8B] 0. short query
Llama.generate: 200 prefix-match hit, remaining 21 prompt tokens to eval
llama_perf_context_print:        load time =     306.93 ms
llama_perf_context_print: prompt eval time =      52.50 ms /    21 tokens (    2.50 ms per token,   400.04 tokens per second)
llama_perf_context_print:        eval time =     269.03 ms /    15 runs   (   17.94 ms per token,    55.76 tokens per second)
llama_perf_context_print:       total time =     325.18 ms /    36 tokens
llama_perf_context_print:    graphs reused =         14
[Llama 3.1 8B] 1. short query
Llama.generate: 236 prefix-match hit, remaining 21 prompt tokens to eval
llama_perf_context_print:        load time =     306.93 ms
llama_perf_context_print: prompt eval time =      54.51 ms /    21 tokens (    2.60 ms per token,   385.27 tokens per second)
llama_perf_context_print:        eval time =     395.43 ms /    22 runs   (   17.97 ms per token,    55.64 tokens per second)
llama_perf_context_print:       total time =     455.35 ms /    43 tokens
llama_perf_context_print:    graphs reused =         21
[Llama 3.1 8B] 2. short query
Llama.generate: 279 prefix-match hit, remaining 22 prompt tokens to eval
llama_perf_context_print:        load time =     306.93 ms
llama_perf_context_print: prompt eval time =      56.52 ms /    22 tokens (    2.57 ms per token,   389.23 tokens per second)
llama_perf_context_print:        eval time =     129.66 ms /     7 runs   (   18.52 ms per token,    53.99 tokens per second)
llama_perf_context_print:       total time =     188.12 ms /    29 tokens
llama_perf_context_print:    graphs reused =          6
[Llama 3.1 8B] 3. short query
Llama.generate: 308 prefix-match hit, remaining 23 prompt tokens to eval
llama_perf_context_print:        load time =     306.93 ms
llama_perf_context_print: prompt eval time =      55.42 ms /    23 tokens (    2.41 ms per token,   415.01 tokens per second)
llama_perf_context_print:        eval time =     502.36 ms /    28 runs   (   17.94 ms per token,    55.74 tokens per second)
llama_perf_context_print:       total time =     564.92 ms /    51 tokens
llama_perf_context_print:    graphs reused =         27
[Llama 3.1 8B] 4. short query
Llama.generate: 359 prefix-match hit, remaining 19 prompt tokens to eval
llama_perf_context_print:        load time =     306.93 ms
llama_perf_context_print: prompt eval time =      55.79 ms /    19 tokens (    2.94 ms per token,   340.57 tokens per second)
llama_perf_context_print:        eval time =     362.99 ms /    20 runs   (   18.15 ms per token,    55.10 tokens per second)
llama_perf_context_print:       total time =     423.79 ms /    39 tokens
llama_perf_context_print:    graphs reused =         19
[Llama 3.1 8B] 5. short query
Llama.generate: 398 prefix-match hit, remaining 22 prompt tokens to eval
llama_perf_context_print:        load time =     306.93 ms
llama_perf_context_print: prompt eval time =      55.97 ms /    22 tokens (    2.54 ms per token,   393.10 tokens per second)
llama_perf_context_print:        eval time =     504.57 ms /    28 runs   (   18.02 ms per token,    55.49 tokens per second)
llama_perf_context_print:       total time =     567.68 ms /    50 tokens
llama_perf_context_print:    graphs reused =         27
[Llama 3.1 8B] 6. short query
Llama.generate: 448 prefix-match hit, remaining 24 prompt tokens to eval
llama_perf_context_print:        load time =     306.93 ms
llama_perf_context_print: prompt eval time =      55.34 ms /    24 tokens (    2.31 ms per token,   433.67 tokens per second)
llama_perf_context_print:        eval time =     560.77 ms /    31 runs   (   18.09 ms per token,    55.28 tokens per second)
llama_perf_context_print:       total time =     623.99 ms /    55 tokens
llama_perf_context_print:    graphs reused =         30
[Llama 3.1 8B] 7. short query
Llama.generate: 503 prefix-match hit, remaining 19 prompt tokens to eval
llama_perf_context_print:        load time =     306.93 ms
llama_perf_context_print: prompt eval time =      56.48 ms /    19 tokens (    2.97 ms per token,   336.42 tokens per second)
llama_perf_context_print:        eval time =     343.57 ms /    19 runs   (   18.08 ms per token,    55.30 tokens per second)
llama_perf_context_print:       total time =     404.86 ms /    38 tokens
llama_perf_context_print:    graphs reused =         18
[Llama 3.1 8B] 8. short query
Llama.generate: 541 prefix-match hit, remaining 20 prompt tokens to eval
llama_perf_context_print:        load time =     306.93 ms
llama_perf_context_print: prompt eval time =      56.73 ms /    20 tokens (    2.84 ms per token,   352.52 tokens per second)
llama_perf_context_print:        eval time =     327.80 ms /    18 runs   (   18.21 ms per token,    54.91 tokens per second)
llama_perf_context_print:       total time =     389.21 ms /    38 tokens
llama_perf_context_print:    graphs reused =         17
[Llama 3.1 8B] 9. short query
Llama.generate: 579 prefix-match hit, remaining 20 prompt tokens to eval
llama_perf_context_print:        load time =     306.93 ms
llama_perf_context_print: prompt eval time =      56.90 ms /    20 tokens (    2.85 ms per token,   351.48 tokens per second)
llama_perf_context_print:        eval time =     146.36 ms /     8 runs   (   18.30 ms per token,    54.66 tokens per second)
llama_perf_context_print:       total time =     205.51 ms /    28 tokens
llama_perf_context_print:    graphs reused =          7
[Llama 3.1 8B] 10. short query
Llama.generate: 607 prefix-match hit, remaining 25 prompt tokens to eval
llama_perf_context_print:        load time =     306.93 ms
llama_perf_context_print: prompt eval time =      56.25 ms /    25 tokens (    2.25 ms per token,   444.41 tokens per second)
llama_perf_context_print:        eval time =     308.06 ms /    17 runs   (   18.12 ms per token,    55.18 tokens per second)
llama_perf_context_print:       total time =     368.34 ms /    42 tokens
llama_perf_context_print:    graphs reused =         16
[Llama 3.1 8B] 11. short query
Llama.generate: 649 prefix-match hit, remaining 20 prompt tokens to eval
llama_perf_context_print:        load time =     306.93 ms
llama_perf_context_print: prompt eval time =      56.71 ms /    20 tokens (    2.84 ms per token,   352.68 tokens per second)
llama_perf_context_print:        eval time =     309.92 ms /    17 runs   (   18.23 ms per token,    54.85 tokens per second)
llama_perf_context_print:       total time =     371.10 ms /    37 tokens
llama_perf_context_print:    graphs reused =         16
[Llama 3.1 8B] 12. short query
Llama.generate: 686 prefix-match hit, remaining 21 prompt tokens to eval
llama_perf_context_print:        load time =     306.93 ms
llama_perf_context_print: prompt eval time =      92.30 ms /    21 tokens (    4.40 ms per token,   227.52 tokens per second)
llama_perf_context_print:        eval time =     345.83 ms /    19 runs   (   18.20 ms per token,    54.94 tokens per second)
llama_perf_context_print:       total time =     442.98 ms /    40 tokens
llama_perf_context_print:    graphs reused =         18
[Llama 3.1 8B] 13. short query
Llama.generate: 726 prefix-match hit, remaining 22 prompt tokens to eval
llama_perf_context_print:        load time =     306.93 ms
llama_perf_context_print: prompt eval time =      56.52 ms /    22 tokens (    2.57 ms per token,   389.27 tokens per second)
llama_perf_context_print:        eval time =     493.56 ms /    27 runs   (   18.28 ms per token,    54.70 tokens per second)
llama_perf_context_print:       total time =     557.08 ms /    49 tokens
llama_perf_context_print:    graphs reused =         25
[Llama 3.1 8B] 14. short query
Llama.generate: 775 prefix-match hit, remaining 22 prompt tokens to eval
llama_perf_context_print:        load time =     306.93 ms
llama_perf_context_print: prompt eval time =      57.28 ms /    22 tokens (    2.60 ms per token,   384.10 tokens per second)
llama_perf_context_print:        eval time =     439.66 ms /    24 runs   (   18.32 ms per token,    54.59 tokens per second)
llama_perf_context_print:       total time =     503.10 ms /    46 tokens
llama_perf_context_print:    graphs reused =         23
[Llama 3.1 8B] 15. short query
Llama.generate: 821 prefix-match hit, remaining 20 prompt tokens to eval
llama_perf_context_print:        load time =     306.93 ms
llama_perf_context_print: prompt eval time =      58.60 ms /    20 tokens (    2.93 ms per token,   341.28 tokens per second)
llama_perf_context_print:        eval time =     202.54 ms /    11 runs   (   18.41 ms per token,    54.31 tokens per second)
llama_perf_context_print:       total time =     264.14 ms /    31 tokens
llama_perf_context_print:    graphs reused =         10
[Llama 3.1 8B] 0. long query
Llama.generate: 200 prefix-match hit, remaining 77 prompt tokens to eval
llama_perf_context_print:        load time =     306.93 ms
llama_perf_context_print: prompt eval time =      71.26 ms /    77 tokens (    0.93 ms per token,  1080.61 tokens per second)
llama_perf_context_print:        eval time =     683.78 ms /    38 runs   (   17.99 ms per token,    55.57 tokens per second)
llama_perf_context_print:       total time =     764.98 ms /   115 tokens
llama_perf_context_print:    graphs reused =         37
[Llama 3.1 8B] 1. long query
Llama.generate: 315 prefix-match hit, remaining 74 prompt tokens to eval
llama_perf_context_print:        load time =     306.93 ms
llama_perf_context_print: prompt eval time =      79.70 ms /    74 tokens (    1.08 ms per token,   928.42 tokens per second)
llama_perf_context_print:        eval time =     684.44 ms /    38 runs   (   18.01 ms per token,    55.52 tokens per second)
llama_perf_context_print:       total time =     774.05 ms /   112 tokens
llama_perf_context_print:    graphs reused =         37
[Llama 3.1 8B] 2. long query
Llama.generate: 427 prefix-match hit, remaining 73 prompt tokens to eval
llama_perf_context_print:        load time =     306.93 ms
llama_perf_context_print: prompt eval time =      79.12 ms /    73 tokens (    1.08 ms per token,   922.68 tokens per second)
llama_perf_context_print:        eval time =     581.25 ms /    32 runs   (   18.16 ms per token,    55.05 tokens per second)
llama_perf_context_print:       total time =     668.75 ms /   105 tokens
llama_perf_context_print:    graphs reused =         30
[Llama 3.1 8B] 3. long query
Llama.generate: 532 prefix-match hit, remaining 78 prompt tokens to eval
llama_perf_context_print:        load time =     306.93 ms
llama_perf_context_print: prompt eval time =      79.86 ms /    78 tokens (    1.02 ms per token,   976.76 tokens per second)
llama_perf_context_print:        eval time =     800.11 ms /    44 runs   (   18.18 ms per token,    54.99 tokens per second)
llama_perf_context_print:       total time =     891.38 ms /   122 tokens
llama_perf_context_print:    graphs reused =         43
[Llama 3.1 8B] 4. long query
Llama.generate: 654 prefix-match hit, remaining 83 prompt tokens to eval
llama_perf_context_print:        load time =     306.93 ms
llama_perf_context_print: prompt eval time =      80.86 ms /    83 tokens (    0.97 ms per token,  1026.41 tokens per second)
llama_perf_context_print:        eval time =     930.68 ms /    51 runs   (   18.25 ms per token,    54.80 tokens per second)
llama_perf_context_print:       total time =    1025.05 ms /   134 tokens
llama_perf_context_print:    graphs reused =         49
[Llama 3.1 8B] 5. long query
Llama.generate: 788 prefix-match hit, remaining 83 prompt tokens to eval
llama_perf_context_print:        load time =     306.93 ms
llama_perf_context_print: prompt eval time =      85.01 ms /    83 tokens (    1.02 ms per token,   976.33 tokens per second)
llama_perf_context_print:        eval time =     822.44 ms /    45 runs   (   18.28 ms per token,    54.72 tokens per second)
llama_perf_context_print:       total time =     919.17 ms /   128 tokens
llama_perf_context_print:    graphs reused =         44
[Llama 3.1 8B] 6. long query
Llama.generate: 916 prefix-match hit, remaining 77 prompt tokens to eval
llama_perf_context_print:        load time =     306.93 ms
llama_perf_context_print: prompt eval time =      85.63 ms /    77 tokens (    1.11 ms per token,   899.26 tokens per second)
llama_perf_context_print:        eval time =     640.23 ms /    35 runs   (   18.29 ms per token,    54.67 tokens per second)
llama_perf_context_print:       total time =     735.14 ms /   112 tokens
llama_perf_context_print:    graphs reused =         33
[Llama 3.1 8B] 7. long query
Llama.generate: 1028 prefix-match hit, remaining 83 prompt tokens to eval
llama_perf_context_print:        load time =     306.93 ms
llama_perf_context_print: prompt eval time =      86.12 ms /    83 tokens (    1.04 ms per token,   963.79 tokens per second)
llama_perf_context_print:        eval time =     662.36 ms /    36 runs   (   18.40 ms per token,    54.35 tokens per second)
llama_perf_context_print:       total time =     757.95 ms /   119 tokens
llama_perf_context_print:    graphs reused =         35
[Llama 3.1 8B] 8. long query
Llama.generate: 1147 prefix-match hit, remaining 79 prompt tokens to eval
llama_perf_context_print:        load time =     306.93 ms
llama_perf_context_print: prompt eval time =      86.11 ms /    79 tokens (    1.09 ms per token,   917.46 tokens per second)
llama_perf_context_print:        eval time =    1161.70 ms /    63 runs   (   18.44 ms per token,    54.23 tokens per second)
llama_perf_context_print:       total time =    1265.38 ms /   142 tokens
llama_perf_context_print:    graphs reused =         61
[Llama 3.1 8B] 9. long query
Llama.generate: 1289 prefix-match hit, remaining 81 prompt tokens to eval
llama_perf_context_print:        load time =     306.93 ms
llama_perf_context_print: prompt eval time =      87.20 ms /    81 tokens (    1.08 ms per token,   928.85 tokens per second)
llama_perf_context_print:        eval time =     908.58 ms /    49 runs   (   18.54 ms per token,    53.93 tokens per second)
llama_perf_context_print:       total time =    1008.88 ms /   130 tokens
llama_perf_context_print:    graphs reused =         48
[Llama 3.1 8B] 10. long query
Llama.generate: 1419 prefix-match hit, remaining 75 prompt tokens to eval
llama_perf_context_print:        load time =     306.93 ms
llama_perf_context_print: prompt eval time =      87.17 ms /    75 tokens (    1.16 ms per token,   860.39 tokens per second)
llama_perf_context_print:        eval time =     665.04 ms /    36 runs   (   18.47 ms per token,    54.13 tokens per second)
llama_perf_context_print:       total time =     761.90 ms /   111 tokens
llama_perf_context_print:    graphs reused =         35
[Llama 3.1 8B] 11. long query
Llama.generate: 1530 prefix-match hit, remaining 79 prompt tokens to eval
llama_perf_context_print:        load time =     306.93 ms
llama_perf_context_print: prompt eval time =      87.92 ms /    79 tokens (    1.11 ms per token,   898.54 tokens per second)
llama_perf_context_print:        eval time =     613.62 ms /    33 runs   (   18.59 ms per token,    53.78 tokens per second)
llama_perf_context_print:       total time =     710.30 ms /   112 tokens
llama_perf_context_print:    graphs reused =         32
[Llama 3.1 8B] 12. long query
Llama.generate: 1642 prefix-match hit, remaining 83 prompt tokens to eval
llama_perf_context_print:        load time =     306.93 ms
llama_perf_context_print: prompt eval time =      88.50 ms /    83 tokens (    1.07 ms per token,   937.90 tokens per second)
llama_perf_context_print:        eval time =    1099.73 ms /    59 runs   (   18.64 ms per token,    53.65 tokens per second)
llama_perf_context_print:       total time =    1204.54 ms /   142 tokens
llama_perf_context_print:    graphs reused =         58
[Llama 3.1 8B] 13. long query
Llama.generate: 1784 prefix-match hit, remaining 80 prompt tokens to eval
llama_perf_context_print:        load time =     306.93 ms
llama_perf_context_print: prompt eval time =      89.05 ms /    80 tokens (    1.11 ms per token,   898.35 tokens per second)
llama_perf_context_print:        eval time =     844.93 ms /    45 runs   (   18.78 ms per token,    53.26 tokens per second)
llama_perf_context_print:       total time =     946.17 ms /   125 tokens
llama_perf_context_print:    graphs reused =         44
[Llama 3.1 8B] 14. long query
Llama.generate: 1909 prefix-match hit, remaining 85 prompt tokens to eval
llama_perf_context_print:        load time =     306.93 ms
llama_perf_context_print: prompt eval time =      90.59 ms /    85 tokens (    1.07 ms per token,   938.33 tokens per second)
llama_perf_context_print:        eval time =    1072.20 ms /    57 runs   (   18.81 ms per token,    53.16 tokens per second)
llama_perf_context_print:       total time =    1178.65 ms /   142 tokens
llama_perf_context_print:    graphs reused =         55
[Llama 3.1 8B] 15. long query
Llama.generate: 2051 prefix-match hit, remaining 86 prompt tokens to eval
llama_perf_context_print:        load time =     306.93 ms
llama_perf_context_print: prompt eval time =      90.58 ms /    86 tokens (    1.05 ms per token,   949.45 tokens per second)
llama_perf_context_print:        eval time =     982.72 ms /    52 runs   (   18.90 ms per token,    52.91 tokens per second)
llama_perf_context_print:       total time =    1087.78 ms /   138 tokens
llama_perf_context_print:    graphs reused =         51
~llama_context:    Vulkan0 compute buffer size is 266.5000 MiB, matches expectation of 266.5000 MiB
~llama_context: Vulkan_Host compute buffer size is  20.0137 MiB, matches expectation of  20.0137 MiB
--- Ling 3.0 tiny ---
[Ling 3.0 tiny] 0. short query
Llama.generate: 216 prefix-match hit, remaining 25 prompt tokens to eval
llama_perf_context_print:        load time =    2032.88 ms
llama_perf_context_print: prompt eval time =      29.90 ms /    25 tokens (    1.20 ms per token,   836.20 tokens per second)
llama_perf_context_print:        eval time =     154.65 ms /    22 runs   (    7.03 ms per token,   142.26 tokens per second)
llama_perf_context_print:       total time =     190.01 ms /    47 tokens
llama_perf_context_print:    graphs reused =         20
[Ling 3.0 tiny] 1. short query
Llama.generate: 263 prefix-match hit, remaining 25 prompt tokens to eval
llama_perf_context_print:        load time =    2032.88 ms
llama_perf_context_print: prompt eval time =      29.78 ms /    25 tokens (    1.19 ms per token,   839.57 tokens per second)
llama_perf_context_print:        eval time =     128.82 ms /    19 runs   (    6.78 ms per token,   147.49 tokens per second)
llama_perf_context_print:       total time =     163.52 ms /    44 tokens
llama_perf_context_print:    graphs reused =         18
[Ling 3.0 tiny] 2. short query
Llama.generate: 307 prefix-match hit, remaining 27 prompt tokens to eval
llama_perf_context_print:        load time =    2032.88 ms
llama_perf_context_print: prompt eval time =      31.47 ms /    27 tokens (    1.17 ms per token,   857.88 tokens per second)
llama_perf_context_print:        eval time =      74.12 ms /    11 runs   (    6.74 ms per token,   148.41 tokens per second)
llama_perf_context_print:       total time =     108.58 ms /    38 tokens
llama_perf_context_print:    graphs reused =         10
[Ling 3.0 tiny] 3. short query
Llama.generate: 345 prefix-match hit, remaining 28 prompt tokens to eval
llama_perf_context_print:        load time =    2032.88 ms
llama_perf_context_print: prompt eval time =      31.27 ms /    28 tokens (    1.12 ms per token,   895.48 tokens per second)
llama_perf_context_print:        eval time =     133.07 ms /    20 runs   (    6.65 ms per token,   150.30 tokens per second)
llama_perf_context_print:       total time =     169.22 ms /    48 tokens
llama_perf_context_print:    graphs reused =         19
[Ling 3.0 tiny] 4. short query
Llama.generate: 393 prefix-match hit, remaining 23 prompt tokens to eval
llama_perf_context_print:        load time =    2032.88 ms
llama_perf_context_print: prompt eval time =      28.51 ms /    23 tokens (    1.24 ms per token,   806.79 tokens per second)
llama_perf_context_print:        eval time =      81.11 ms /    12 runs   (    6.76 ms per token,   147.95 tokens per second)
llama_perf_context_print:       total time =     112.84 ms /    35 tokens
llama_perf_context_print:    graphs reused =         11
[Ling 3.0 tiny] 5. short query
Llama.generate: 428 prefix-match hit, remaining 26 prompt tokens to eval
llama_perf_context_print:        load time =    2032.88 ms
llama_perf_context_print: prompt eval time =      29.96 ms /    26 tokens (    1.15 ms per token,   867.77 tokens per second)
llama_perf_context_print:        eval time =     150.78 ms /    23 runs   (    6.56 ms per token,   152.54 tokens per second)
llama_perf_context_print:       total time =     186.12 ms /    49 tokens
llama_perf_context_print:    graphs reused =         22
[Ling 3.0 tiny] 6. short query
Llama.generate: 477 prefix-match hit, remaining 28 prompt tokens to eval
llama_perf_context_print:        load time =    2032.88 ms
llama_perf_context_print: prompt eval time =      30.49 ms /    28 tokens (    1.09 ms per token,   918.36 tokens per second)
llama_perf_context_print:        eval time =     140.95 ms /    21 runs   (    6.71 ms per token,   148.99 tokens per second)
llama_perf_context_print:       total time =     176.57 ms /    49 tokens
llama_perf_context_print:    graphs reused =         19
[Ling 3.0 tiny] 7. short query
Llama.generate: 526 prefix-match hit, remaining 23 prompt tokens to eval
llama_perf_context_print:        load time =    2032.88 ms
llama_perf_context_print: prompt eval time =      29.40 ms /    23 tokens (    1.28 ms per token,   782.31 tokens per second)
llama_perf_context_print:        eval time =     147.46 ms /    22 runs   (    6.70 ms per token,   149.19 tokens per second)
llama_perf_context_print:       total time =     182.61 ms /    45 tokens
llama_perf_context_print:    graphs reused =         21
[Ling 3.0 tiny] 8. short query
Llama.generate: 571 prefix-match hit, remaining 24 prompt tokens to eval
llama_perf_context_print:        load time =    2032.88 ms
llama_perf_context_print: prompt eval time =      28.77 ms /    24 tokens (    1.20 ms per token,   834.09 tokens per second)
llama_perf_context_print:        eval time =      95.11 ms /    14 runs   (    6.79 ms per token,   147.20 tokens per second)
llama_perf_context_print:       total time =     127.24 ms /    38 tokens
llama_perf_context_print:    graphs reused =         13
[Ling 3.0 tiny] 9. short query
Llama.generate: 609 prefix-match hit, remaining 24 prompt tokens to eval
llama_perf_context_print:        load time =    2032.88 ms
llama_perf_context_print: prompt eval time =      29.00 ms /    24 tokens (    1.21 ms per token,   827.64 tokens per second)
llama_perf_context_print:        eval time =     117.04 ms /    17 runs   (    6.88 ms per token,   145.25 tokens per second)
llama_perf_context_print:       total time =     149.95 ms /    41 tokens
llama_perf_context_print:    graphs reused =         16
[Ling 3.0 tiny] 10. short query
Llama.generate: 650 prefix-match hit, remaining 30 prompt tokens to eval
llama_perf_context_print:        load time =    2032.88 ms
llama_perf_context_print: prompt eval time =      38.06 ms /    30 tokens (    1.27 ms per token,   788.25 tokens per second)
llama_perf_context_print:        eval time =      95.44 ms /    14 runs   (    6.82 ms per token,   146.69 tokens per second)
llama_perf_context_print:       total time =     136.69 ms /    44 tokens
llama_perf_context_print:    graphs reused =         13
[Ling 3.0 tiny] 11. short query
Llama.generate: 694 prefix-match hit, remaining 24 prompt tokens to eval
llama_perf_context_print:        load time =    2032.88 ms
llama_perf_context_print: prompt eval time =      30.81 ms /    24 tokens (    1.28 ms per token,   779.07 tokens per second)
llama_perf_context_print:        eval time =      94.70 ms /    14 runs   (    6.76 ms per token,   147.83 tokens per second)
llama_perf_context_print:       total time =     128.93 ms /    38 tokens
llama_perf_context_print:    graphs reused =         13
[Ling 3.0 tiny] 12. short query
Llama.generate: 732 prefix-match hit, remaining 25 prompt tokens to eval
llama_perf_context_print:        load time =    2032.88 ms
llama_perf_context_print: prompt eval time =      32.84 ms /    25 tokens (    1.31 ms per token,   761.22 tokens per second)
llama_perf_context_print:        eval time =      84.23 ms /    12 runs   (    7.02 ms per token,   142.47 tokens per second)
llama_perf_context_print:       total time =     120.04 ms /    37 tokens
llama_perf_context_print:    graphs reused =         10
[Ling 3.0 tiny] 13. short query
Llama.generate: 769 prefix-match hit, remaining 26 prompt tokens to eval
llama_perf_context_print:        load time =    2032.88 ms
llama_perf_context_print: prompt eval time =      33.80 ms /    26 tokens (    1.30 ms per token,   769.32 tokens per second)
llama_perf_context_print:        eval time =     101.16 ms /    15 runs   (    6.74 ms per token,   148.28 tokens per second)
llama_perf_context_print:       total time =     138.94 ms /    41 tokens
llama_perf_context_print:    graphs reused =         14
[Ling 3.0 tiny] 14. short query
Llama.generate: 810 prefix-match hit, remaining 26 prompt tokens to eval
llama_perf_context_print:        load time =    2032.88 ms
llama_perf_context_print: prompt eval time =      33.58 ms /    26 tokens (    1.29 ms per token,   774.25 tokens per second)
llama_perf_context_print:        eval time =      95.01 ms /    14 runs   (    6.79 ms per token,   147.35 tokens per second)
llama_perf_context_print:       total time =     132.40 ms /    40 tokens
llama_perf_context_print:    graphs reused =         13
[Ling 3.0 tiny] 15. short query
Llama.generate: 850 prefix-match hit, remaining 24 prompt tokens to eval
llama_perf_context_print:        load time =    2032.88 ms
llama_perf_context_print: prompt eval time =      29.66 ms /    24 tokens (    1.24 ms per token,   809.09 tokens per second)
llama_perf_context_print:        eval time =     113.92 ms /    17 runs   (    6.70 ms per token,   149.22 tokens per second)
llama_perf_context_print:       total time =     148.25 ms /    41 tokens
llama_perf_context_print:    graphs reused =         16
[Ling 3.0 tiny] 0. long query
Llama.generate: 216 prefix-match hit, remaining 83 prompt tokens to eval
llama_perf_context_print:        load time =    2032.88 ms
llama_perf_context_print: prompt eval time =    2305.99 ms /    83 tokens (   27.78 ms per token,    35.99 tokens per second)
llama_perf_context_print:        eval time =     400.66 ms /    46 runs   (    8.71 ms per token,   114.81 tokens per second)
llama_perf_context_print:       total time =    2718.19 ms /   129 tokens
llama_perf_context_print:    graphs reused =         45
[Ling 3.0 tiny] 1. long query
Llama.generate: 345 prefix-match hit, remaining 78 prompt tokens to eval
llama_perf_context_print:        load time =    2032.88 ms
llama_perf_context_print: prompt eval time =      48.24 ms /    78 tokens (    0.62 ms per token,  1616.98 tokens per second)
llama_perf_context_print:        eval time =     213.37 ms /    33 runs   (    6.47 ms per token,   154.66 tokens per second)
llama_perf_context_print:       total time =     269.13 ms /   111 tokens
llama_perf_context_print:    graphs reused =         32
[Ling 3.0 tiny] 2. long query
Llama.generate: 456 prefix-match hit, remaining 77 prompt tokens to eval
llama_perf_context_print:        load time =    2032.88 ms
llama_perf_context_print: prompt eval time =      48.94 ms /    77 tokens (    0.64 ms per token,  1573.23 tokens per second)
llama_perf_context_print:        eval time =     200.15 ms /    31 runs   (    6.46 ms per token,   154.89 tokens per second)
llama_perf_context_print:       total time =     256.24 ms /   108 tokens
llama_perf_context_print:    graphs reused =         30
[Ling 3.0 tiny] 3. long query
Llama.generate: 564 prefix-match hit, remaining 82 prompt tokens to eval
llama_perf_context_print:        load time =    2032.88 ms
llama_perf_context_print: prompt eval time =      48.81 ms /    82 tokens (    0.60 ms per token,  1679.91 tokens per second)
llama_perf_context_print:        eval time =     207.31 ms /    32 runs   (    6.48 ms per token,   154.36 tokens per second)
llama_perf_context_print:       total time =     264.14 ms /   114 tokens
llama_perf_context_print:    graphs reused =         31
[Ling 3.0 tiny] 4. long query
Llama.generate: 678 prefix-match hit, remaining 89 prompt tokens to eval
llama_perf_context_print:        load time =    2032.88 ms
llama_perf_context_print: prompt eval time =      51.16 ms /    89 tokens (    0.57 ms per token,  1739.81 tokens per second)
llama_perf_context_print:        eval time =     224.72 ms /    34 runs   (    6.61 ms per token,   151.30 tokens per second)
llama_perf_context_print:       total time =     285.21 ms /   123 tokens
llama_perf_context_print:    graphs reused =         32
[Ling 3.0 tiny] 5. long query
Llama.generate: 801 prefix-match hit, remaining 88 prompt tokens to eval
llama_perf_context_print:        load time =    2032.88 ms
llama_perf_context_print: prompt eval time =      51.41 ms /    88 tokens (    0.58 ms per token,  1711.80 tokens per second)
llama_perf_context_print:        eval time =     236.27 ms /    36 runs   (    6.56 ms per token,   152.37 tokens per second)
llama_perf_context_print:       total time =     297.32 ms /   124 tokens
llama_perf_context_print:    graphs reused =         35
[Ling 3.0 tiny] 6. long query
Llama.generate: 925 prefix-match hit, remaining 84 prompt tokens to eval
llama_perf_context_print:        load time =    2032.88 ms
llama_perf_context_print: prompt eval time =      51.80 ms /    84 tokens (    0.62 ms per token,  1621.59 tokens per second)
llama_perf_context_print:        eval time =     260.66 ms /    39 runs   (    6.68 ms per token,   149.62 tokens per second)
llama_perf_context_print:       total time =     322.62 ms /   123 tokens
llama_perf_context_print:    graphs reused =         37
[Ling 3.0 tiny] 7. long query
Llama.generate: 1048 prefix-match hit, remaining 87 prompt tokens to eval
llama_perf_context_print:        load time =    2032.88 ms
llama_perf_context_print: prompt eval time =      52.34 ms /    87 tokens (    0.60 ms per token,  1662.15 tokens per second)
llama_perf_context_print:        eval time =     199.92 ms /    30 runs   (    6.66 ms per token,   150.06 tokens per second)
llama_perf_context_print:       total time =     261.01 ms /   117 tokens
llama_perf_context_print:    graphs reused =         29
[Ling 3.0 tiny] 8. long query
Llama.generate: 1165 prefix-match hit, remaining 83 prompt tokens to eval
llama_perf_context_print:        load time =    2032.88 ms
llama_perf_context_print: prompt eval time =      51.74 ms /    83 tokens (    0.62 ms per token,  1604.14 tokens per second)
llama_perf_context_print:        eval time =     211.47 ms /    32 runs   (    6.61 ms per token,   151.32 tokens per second)
llama_perf_context_print:       total time =     271.50 ms /   115 tokens
llama_perf_context_print:    graphs reused =         31
[Ling 3.0 tiny] 9. long query
Llama.generate: 1280 prefix-match hit, remaining 86 prompt tokens to eval
llama_perf_context_print:        load time =    2032.88 ms
llama_perf_context_print: prompt eval time =      51.77 ms /    86 tokens (    0.60 ms per token,  1661.32 tokens per second)
llama_perf_context_print:        eval time =     165.97 ms /    25 runs   (    6.64 ms per token,   150.63 tokens per second)
llama_perf_context_print:       total time =     224.02 ms /   111 tokens
llama_perf_context_print:    graphs reused =         24
[Ling 3.0 tiny] 10. long query
Llama.generate: 1391 prefix-match hit, remaining 79 prompt tokens to eval
llama_perf_context_print:        load time =    2032.88 ms
llama_perf_context_print: prompt eval time =      50.16 ms /    79 tokens (    0.63 ms per token,  1575.12 tokens per second)
llama_perf_context_print:        eval time =     241.51 ms /    36 runs   (    6.71 ms per token,   149.06 tokens per second)
llama_perf_context_print:       total time =     301.45 ms /   115 tokens
llama_perf_context_print:    graphs reused =         35
[Ling 3.0 tiny] 11. long query
Llama.generate: 1506 prefix-match hit, remaining 84 prompt tokens to eval
llama_perf_context_print:        load time =    2032.88 ms
llama_perf_context_print: prompt eval time =      66.38 ms /    84 tokens (    0.79 ms per token,  1265.40 tokens per second)
llama_perf_context_print:        eval time =     219.94 ms /    32 runs   (    6.87 ms per token,   145.50 tokens per second)
llama_perf_context_print:       total time =     295.37 ms /   116 tokens
llama_perf_context_print:    graphs reused =         31
[Ling 3.0 tiny] 12. long query
Llama.generate: 1622 prefix-match hit, remaining 86 prompt tokens to eval
llama_perf_context_print:        load time =    2032.88 ms
llama_perf_context_print: prompt eval time =      61.69 ms /    86 tokens (    0.72 ms per token,  1394.02 tokens per second)
llama_perf_context_print:        eval time =     193.47 ms /    29 runs   (    6.67 ms per token,   149.89 tokens per second)
llama_perf_context_print:       total time =     262.88 ms /   115 tokens
llama_perf_context_print:    graphs reused =         28
[Ling 3.0 tiny] 13. long query
Llama.generate: 1737 prefix-match hit, remaining 83 prompt tokens to eval
llama_perf_context_print:        load time =    2032.88 ms
llama_perf_context_print: prompt eval time =     134.81 ms /    83 tokens (    1.62 ms per token,   615.67 tokens per second)
llama_perf_context_print:        eval time =     212.58 ms /    32 runs   (    6.64 ms per token,   150.53 tokens per second)
llama_perf_context_print:       total time =     355.28 ms /   115 tokens
llama_perf_context_print:    graphs reused =         31
[Ling 3.0 tiny] 14. long query
Llama.generate: 1852 prefix-match hit, remaining 88 prompt tokens to eval
llama_perf_context_print:        load time =    2032.88 ms
llama_perf_context_print: prompt eval time =      59.96 ms /    88 tokens (    0.68 ms per token,  1467.65 tokens per second)
llama_perf_context_print:        eval time =     291.99 ms /    44 runs   (    6.64 ms per token,   150.69 tokens per second)
llama_perf_context_print:       total time =     363.74 ms /   132 tokens
llama_perf_context_print:    graphs reused =         43
[Ling 3.0 tiny] 15. long query
Llama.generate: 1984 prefix-match hit, remaining 91 prompt tokens to eval
llama_perf_context_print:        load time =    2032.88 ms
llama_perf_context_print: prompt eval time =      57.13 ms /    91 tokens (    0.63 ms per token,  1592.86 tokens per second)
llama_perf_context_print:        eval time =     185.59 ms /    28 runs   (    6.63 ms per token,   150.87 tokens per second)
llama_perf_context_print:       total time =     249.59 ms /   119 tokens
llama_perf_context_print:    graphs reused =         27
~llama_context:    Vulkan0 compute buffer size is 313.0000 MiB, matches expectation of 313.0000 MiB
~llama_context: Vulkan_Host compute buffer size is  10.0099 MiB, matches expectation of  10.0099 MiB
--- Bonsai 27B ---
[Bonsai 27B] 0. short query
Llama.generate: 211 prefix-match hit, remaining 24 prompt tokens to eval
llama_perf_context_print:        load time =     652.84 ms
llama_perf_context_print: prompt eval time =     187.31 ms /    24 tokens (    7.80 ms per token,   128.13 tokens per second)
llama_perf_context_print:        eval time =     684.89 ms /    18 runs   (   38.05 ms per token,    26.28 tokens per second)
llama_perf_context_print:       total time =     878.19 ms /    42 tokens
llama_perf_context_print:    graphs reused =         17
[Bonsai 27B] 1. short query
Llama.generate: 253 prefix-match hit, remaining 25 prompt tokens to eval
llama_perf_context_print:        load time =     652.84 ms
llama_perf_context_print: prompt eval time =     189.53 ms /    25 tokens (    7.58 ms per token,   131.90 tokens per second)
llama_perf_context_print:        eval time =     624.13 ms /    16 runs   (   39.01 ms per token,    25.64 tokens per second)
llama_perf_context_print:       total time =     819.53 ms /    41 tokens
llama_perf_context_print:    graphs reused =         15
[Bonsai 27B] 2. short query
Llama.generate: 294 prefix-match hit, remaining 26 prompt tokens to eval
llama_perf_context_print:        load time =     652.84 ms
llama_perf_context_print: prompt eval time =     191.89 ms /    26 tokens (    7.38 ms per token,   135.49 tokens per second)
llama_perf_context_print:        eval time =     532.57 ms /    14 runs   (   38.04 ms per token,    26.29 tokens per second)
llama_perf_context_print:       total time =     730.01 ms /    40 tokens
llama_perf_context_print:    graphs reused =         13
[Bonsai 27B] 3. short query
Llama.generate: 334 prefix-match hit, remaining 27 prompt tokens to eval
llama_perf_context_print:        load time =     652.84 ms
llama_perf_context_print: prompt eval time =     191.83 ms /    27 tokens (    7.10 ms per token,   140.75 tokens per second)
llama_perf_context_print:        eval time =     608.67 ms /    16 runs   (   38.04 ms per token,    26.29 tokens per second)
llama_perf_context_print:       total time =     805.98 ms /    43 tokens
llama_perf_context_print:    graphs reused =         15
[Bonsai 27B] 4. short query
Llama.generate: 377 prefix-match hit, remaining 23 prompt tokens to eval
llama_perf_context_print:        load time =     652.84 ms
llama_perf_context_print: prompt eval time =     188.84 ms /    23 tokens (    8.21 ms per token,   121.79 tokens per second)
llama_perf_context_print:        eval time =     420.71 ms /    11 runs   (   38.25 ms per token,    26.15 tokens per second)
llama_perf_context_print:       total time =     614.02 ms /    34 tokens
llama_perf_context_print:    graphs reused =         10
[Bonsai 27B] 5. short query
Llama.generate: 411 prefix-match hit, remaining 26 prompt tokens to eval
llama_perf_context_print:        load time =     652.84 ms
llama_perf_context_print: prompt eval time =     191.41 ms /    26 tokens (    7.36 ms per token,   135.83 tokens per second)
llama_perf_context_print:        eval time =     953.13 ms /    25 runs   (   38.13 ms per token,    26.23 tokens per second)
llama_perf_context_print:       total time =    1153.62 ms /    51 tokens
llama_perf_context_print:    graphs reused =         24
[Bonsai 27B] 6. short query
Llama.generate: 462 prefix-match hit, remaining 28 prompt tokens to eval
llama_perf_context_print:        load time =     652.84 ms
llama_perf_context_print: prompt eval time =     192.57 ms /    28 tokens (    6.88 ms per token,   145.40 tokens per second)
llama_perf_context_print:        eval time =     628.97 ms /    14 runs   (   44.93 ms per token,    22.26 tokens per second)
llama_perf_context_print:       total time =     827.21 ms /    42 tokens
llama_perf_context_print:    graphs reused =         13
[Bonsai 27B] 7. short query
Llama.generate: 504 prefix-match hit, remaining 23 prompt tokens to eval
llama_perf_context_print:        load time =     652.84 ms
llama_perf_context_print: prompt eval time =     189.72 ms /    23 tokens (    8.25 ms per token,   121.23 tokens per second)
llama_perf_context_print:        eval time =     741.54 ms /    19 runs   (   39.03 ms per token,    25.62 tokens per second)
llama_perf_context_print:       total time =     938.32 ms /    42 tokens
llama_perf_context_print:    graphs reused =         18
[Bonsai 27B] 8. short query
Llama.generate: 546 prefix-match hit, remaining 24 prompt tokens to eval
llama_perf_context_print:        load time =     652.84 ms
llama_perf_context_print: prompt eval time =     189.17 ms /    24 tokens (    7.88 ms per token,   126.87 tokens per second)
llama_perf_context_print:        eval time =     583.87 ms /    15 runs   (   38.92 ms per token,    25.69 tokens per second)
llama_perf_context_print:       total time =     779.18 ms /    39 tokens
llama_perf_context_print:    graphs reused =         14
[Bonsai 27B] 9. short query
Llama.generate: 585 prefix-match hit, remaining 24 prompt tokens to eval
llama_perf_context_print:        load time =     652.84 ms
llama_perf_context_print: prompt eval time =     189.82 ms /    24 tokens (    7.91 ms per token,   126.44 tokens per second)
llama_perf_context_print:        eval time =     502.65 ms /    13 runs   (   38.67 ms per token,    25.86 tokens per second)
llama_perf_context_print:       total time =     697.54 ms /    37 tokens
llama_perf_context_print:    graphs reused =         12
[Bonsai 27B] 10. short query
Llama.generate: 622 prefix-match hit, remaining 29 prompt tokens to eval
llama_perf_context_print:        load time =     652.84 ms
llama_perf_context_print: prompt eval time =     196.32 ms /    29 tokens (    6.77 ms per token,   147.72 tokens per second)
llama_perf_context_print:        eval time =     497.03 ms /    13 runs   (   38.23 ms per token,    26.16 tokens per second)
llama_perf_context_print:       total time =     698.09 ms /    42 tokens
llama_perf_context_print:    graphs reused =         12
[Bonsai 27B] 11. short query
Llama.generate: 664 prefix-match hit, remaining 24 prompt tokens to eval
llama_perf_context_print:        load time =     652.84 ms
llama_perf_context_print: prompt eval time =     189.80 ms /    24 tokens (    7.91 ms per token,   126.45 tokens per second)
llama_perf_context_print:        eval time =     537.11 ms /    14 runs   (   38.36 ms per token,    26.07 tokens per second)
llama_perf_context_print:       total time =     732.54 ms /    38 tokens
llama_perf_context_print:    graphs reused =         13
[Bonsai 27B] 12. short query
Llama.generate: 702 prefix-match hit, remaining 25 prompt tokens to eval
llama_perf_context_print:        load time =     652.84 ms
llama_perf_context_print: prompt eval time =     190.56 ms /    25 tokens (    7.62 ms per token,   131.19 tokens per second)
llama_perf_context_print:        eval time =     726.77 ms /    19 runs   (   38.25 ms per token,    26.14 tokens per second)
llama_perf_context_print:       total time =     924.34 ms /    44 tokens
llama_perf_context_print:    graphs reused =         18
[Bonsai 27B] 13. short query
Llama.generate: 746 prefix-match hit, remaining 26 prompt tokens to eval
llama_perf_context_print:        load time =     652.84 ms
llama_perf_context_print: prompt eval time =     483.16 ms /    26 tokens (   18.58 ms per token,    53.81 tokens per second)
llama_perf_context_print:        eval time =     464.61 ms /    12 runs   (   38.72 ms per token,    25.83 tokens per second)
llama_perf_context_print:       total time =     952.63 ms /    38 tokens
llama_perf_context_print:    graphs reused =         11
[Bonsai 27B] 14. short query
Llama.generate: 784 prefix-match hit, remaining 26 prompt tokens to eval
llama_perf_context_print:        load time =     652.84 ms
llama_perf_context_print: prompt eval time =     483.56 ms /    26 tokens (   18.60 ms per token,    53.77 tokens per second)
llama_perf_context_print:        eval time =     502.33 ms /    13 runs   (   38.64 ms per token,    25.88 tokens per second)
llama_perf_context_print:       total time =     990.89 ms /    39 tokens
llama_perf_context_print:    graphs reused =         12
[Bonsai 27B] 15. short query
Llama.generate: 823 prefix-match hit, remaining 24 prompt tokens to eval
llama_perf_context_print:        load time =     652.84 ms
llama_perf_context_print: prompt eval time =     483.39 ms /    24 tokens (   20.14 ms per token,    49.65 tokens per second)
llama_perf_context_print:        eval time =     657.47 ms /    17 runs   (   38.67 ms per token,    25.86 tokens per second)
llama_perf_context_print:       total time =    1147.16 ms /    41 tokens
llama_perf_context_print:    graphs reused =         16
[Bonsai 27B] 0. long query
Llama.generate: 211 prefix-match hit, remaining 80 prompt tokens to eval
llama_perf_context_print:        load time =     652.84 ms
llama_perf_context_print: prompt eval time =     362.02 ms /    80 tokens (    4.53 ms per token,   220.98 tokens per second)
llama_perf_context_print:        eval time =    1109.15 ms /    29 runs   (   38.25 ms per token,    26.15 tokens per second)
llama_perf_context_print:       total time =    1482.03 ms /   109 tokens
llama_perf_context_print:    graphs reused =         28
[Bonsai 27B] 1. long query
Llama.generate: 320 prefix-match hit, remaining 78 prompt tokens to eval
llama_perf_context_print:        load time =     652.84 ms
llama_perf_context_print: prompt eval time =     369.97 ms /    78 tokens (    4.74 ms per token,   210.83 tokens per second)
llama_perf_context_print:        eval time =    1110.75 ms /    29 runs   (   38.30 ms per token,    26.11 tokens per second)
llama_perf_context_print:       total time =    1492.02 ms /   107 tokens
llama_perf_context_print:    graphs reused =         28
[Bonsai 27B] 2. long query
Llama.generate: 427 prefix-match hit, remaining 77 prompt tokens to eval
llama_perf_context_print:        load time =     652.84 ms
llama_perf_context_print: prompt eval time =     369.68 ms /    77 tokens (    4.80 ms per token,   208.29 tokens per second)
llama_perf_context_print:        eval time =    1116.13 ms /    29 runs   (   38.49 ms per token,    25.98 tokens per second)
llama_perf_context_print:       total time =    1497.15 ms /   106 tokens
llama_perf_context_print:    graphs reused =         27
[Bonsai 27B] 3. long query
Llama.generate: 533 prefix-match hit, remaining 82 prompt tokens to eval
llama_perf_context_print:        load time =     652.84 ms
llama_perf_context_print: prompt eval time =     374.32 ms /    82 tokens (    4.56 ms per token,   219.06 tokens per second)
llama_perf_context_print:        eval time =    1113.15 ms /    29 runs   (   38.38 ms per token,    26.05 tokens per second)
llama_perf_context_print:       total time =    1497.19 ms /   111 tokens
llama_perf_context_print:    graphs reused =         28
[Bonsai 27B] 4. long query
Llama.generate: 644 prefix-match hit, remaining 87 prompt tokens to eval
llama_perf_context_print:        load time =     652.84 ms
llama_perf_context_print: prompt eval time =     375.41 ms /    87 tokens (    4.32 ms per token,   231.75 tokens per second)
llama_perf_context_print:        eval time =    1113.67 ms /    29 runs   (   38.40 ms per token,    26.04 tokens per second)
llama_perf_context_print:       total time =    1499.12 ms /   116 tokens
llama_perf_context_print:    graphs reused =         28
[Bonsai 27B] 5. long query
Llama.generate: 760 prefix-match hit, remaining 86 prompt tokens to eval
llama_perf_context_print:        load time =     652.84 ms
llama_perf_context_print: prompt eval time =     375.39 ms /    86 tokens (    4.37 ms per token,   229.09 tokens per second)
llama_perf_context_print:        eval time =    1117.66 ms /    29 runs   (   38.54 ms per token,    25.95 tokens per second)
llama_perf_context_print:       total time =    1503.15 ms /   115 tokens
llama_perf_context_print:    graphs reused =         28
[Bonsai 27B] 6. long query
Llama.generate: 875 prefix-match hit, remaining 81 prompt tokens to eval
llama_perf_context_print:        load time =     652.84 ms
llama_perf_context_print: prompt eval time =     372.57 ms /    81 tokens (    4.60 ms per token,   217.41 tokens per second)
llama_perf_context_print:        eval time =    1117.85 ms /    29 runs   (   38.55 ms per token,    25.94 tokens per second)
llama_perf_context_print:       total time =    1500.49 ms /   110 tokens
llama_perf_context_print:    graphs reused =         28
[Bonsai 27B] 7. long query
Llama.generate: 985 prefix-match hit, remaining 87 prompt tokens to eval
llama_perf_context_print:        load time =     652.84 ms
llama_perf_context_print: prompt eval time =     377.00 ms /    87 tokens (    4.33 ms per token,   230.77 tokens per second)
llama_perf_context_print:        eval time =    1118.60 ms /    29 runs   (   38.57 ms per token,    25.93 tokens per second)
llama_perf_context_print:       total time =    1505.71 ms /   116 tokens
llama_perf_context_print:    graphs reused =         28
[Bonsai 27B] 8. long query
Llama.generate: 1101 prefix-match hit, remaining 83 prompt tokens to eval
llama_perf_context_print:        load time =     652.84 ms
llama_perf_context_print: prompt eval time =     374.57 ms /    83 tokens (    4.51 ms per token,   221.59 tokens per second)
llama_perf_context_print:        eval time =    1119.29 ms /    29 runs   (   38.60 ms per token,    25.91 tokens per second)
llama_perf_context_print:       total time =    1503.94 ms /   112 tokens
llama_perf_context_print:    graphs reused =         28
[Bonsai 27B] 9. long query
Llama.generate: 1213 prefix-match hit, remaining 84 prompt tokens to eval
llama_perf_context_print:        load time =     652.84 ms
llama_perf_context_print: prompt eval time =     375.16 ms /    84 tokens (    4.47 ms per token,   223.90 tokens per second)
llama_perf_context_print:        eval time =    1120.99 ms /    29 runs   (   38.65 ms per token,    25.87 tokens per second)
llama_perf_context_print:       total time =    1506.32 ms /   113 tokens
llama_perf_context_print:    graphs reused =         28
[Bonsai 27B] 10. long query
Llama.generate: 1326 prefix-match hit, remaining 79 prompt tokens to eval
llama_perf_context_print:        load time =     652.84 ms
llama_perf_context_print: prompt eval time =     372.38 ms /    79 tokens (    4.71 ms per token,   212.15 tokens per second)
llama_perf_context_print:        eval time =    1121.03 ms /    29 runs   (   38.66 ms per token,    25.87 tokens per second)
llama_perf_context_print:       total time =    1503.58 ms /   108 tokens
llama_perf_context_print:    graphs reused =         28
[Bonsai 27B] 11. long query
Llama.generate: 1434 prefix-match hit, remaining 83 prompt tokens to eval
llama_perf_context_print:        load time =     652.84 ms
llama_perf_context_print: prompt eval time =     375.14 ms /    83 tokens (    4.52 ms per token,   221.25 tokens per second)
llama_perf_context_print:        eval time =    1124.78 ms /    29 runs   (   38.79 ms per token,    25.78 tokens per second)
llama_perf_context_print:       total time =    1510.18 ms /   112 tokens
llama_perf_context_print:    graphs reused =         27
[Bonsai 27B] 12. long query
Llama.generate: 1546 prefix-match hit, remaining 87 prompt tokens to eval
llama_perf_context_print:        load time =     652.84 ms
llama_perf_context_print: prompt eval time =     378.04 ms /    87 tokens (    4.35 ms per token,   230.14 tokens per second)
llama_perf_context_print:        eval time =    1123.32 ms /    29 runs   (   38.74 ms per token,    25.82 tokens per second)
llama_perf_context_print:       total time =    1511.56 ms /   116 tokens
llama_perf_context_print:    graphs reused =         28
[Bonsai 27B] 13. long query
Llama.generate: 1662 prefix-match hit, remaining 84 prompt tokens to eval
llama_perf_context_print:        load time =     652.84 ms
llama_perf_context_print: prompt eval time =     376.66 ms /    84 tokens (    4.48 ms per token,   223.01 tokens per second)
llama_perf_context_print:        eval time =    1123.22 ms /    29 runs   (   38.73 ms per token,    25.82 tokens per second)
llama_perf_context_print:       total time =    1510.14 ms /   113 tokens
llama_perf_context_print:    graphs reused =         28
[Bonsai 27B] 14. long query
Llama.generate: 1775 prefix-match hit, remaining 89 prompt tokens to eval
llama_perf_context_print:        load time =     652.84 ms
llama_perf_context_print: prompt eval time =     379.16 ms /    89 tokens (    4.26 ms per token,   234.73 tokens per second)
llama_perf_context_print:        eval time =    1125.53 ms /    29 runs   (   38.81 ms per token,    25.77 tokens per second)
llama_perf_context_print:       total time =    1514.95 ms /   118 tokens
llama_perf_context_print:    graphs reused =         28
[Bonsai 27B] 15. long query
Llama.generate: 1893 prefix-match hit, remaining 90 prompt tokens to eval
llama_perf_context_print:        load time =     652.84 ms
llama_perf_context_print: prompt eval time =     379.88 ms /    90 tokens (    4.22 ms per token,   236.92 tokens per second)
llama_perf_context_print:        eval time =    1126.23 ms /    29 runs   (   38.84 ms per token,    25.75 tokens per second)
llama_perf_context_print:       total time =    1516.37 ms /   119 tokens
llama_perf_context_print:    graphs reused =         28
~llama_context:    Vulkan0 compute buffer size is 509.0176 MiB, matches expectation of 509.0176 MiB
~llama_context: Vulkan_Host compute buffer size is  24.0196 MiB, matches expectation of  24.0196 MiB
--- Gemma 4 E2B ---
[Gemma 4 E2B] 0. short query
Llama.generate: 221 prefix-match hit, remaining 19 prompt tokens to eval
llama_perf_context_print:        load time =     260.68 ms
llama_perf_context_print: prompt eval time =      22.68 ms /    19 tokens (    1.19 ms per token,   837.93 tokens per second)
llama_perf_context_print:        eval time =     139.52 ms /    17 runs   (    8.21 ms per token,   121.84 tokens per second)
llama_perf_context_print:       total time =     166.95 ms /    36 tokens
llama_perf_context_print:    graphs reused =         15
[Gemma 4 E2B] 1. short query
Llama.generate: 257 prefix-match hit, remaining 21 prompt tokens to eval
llama_perf_context_print:        load time =     260.68 ms
llama_perf_context_print: prompt eval time =      24.36 ms /    21 tokens (    1.16 ms per token,   862.10 tokens per second)
llama_perf_context_print:        eval time =     142.40 ms /    18 runs   (    7.91 ms per token,   126.40 tokens per second)
llama_perf_context_print:       total time =     171.32 ms /    39 tokens
llama_perf_context_print:    graphs reused =         17
[Gemma 4 E2B] 2. short query
Llama.generate: 296 prefix-match hit, remaining 22 prompt tokens to eval
llama_perf_context_print:        load time =     260.68 ms
llama_perf_context_print: prompt eval time =      22.82 ms /    22 tokens (    1.04 ms per token,   963.90 tokens per second)
llama_perf_context_print:        eval time =     126.96 ms /    16 runs   (    7.94 ms per token,   126.02 tokens per second)
llama_perf_context_print:       total time =     153.92 ms /    38 tokens
llama_perf_context_print:    graphs reused =         15
[Gemma 4 E2B] 3. short query
Llama.generate: 334 prefix-match hit, remaining 23 prompt tokens to eval
llama_perf_context_print:        load time =     260.68 ms
llama_perf_context_print: prompt eval time =      23.16 ms /    23 tokens (    1.01 ms per token,   993.05 tokens per second)
llama_perf_context_print:        eval time =     159.60 ms /    20 runs   (    7.98 ms per token,   125.31 tokens per second)
llama_perf_context_print:       total time =     187.86 ms /    43 tokens
llama_perf_context_print:    graphs reused =         19
[Gemma 4 E2B] 4. short query
Llama.generate: 377 prefix-match hit, remaining 19 prompt tokens to eval
llama_perf_context_print:        load time =     260.68 ms
llama_perf_context_print: prompt eval time =      22.38 ms /    19 tokens (    1.18 ms per token,   848.90 tokens per second)
llama_perf_context_print:        eval time =     160.48 ms /    20 runs   (    8.02 ms per token,   124.62 tokens per second)
llama_perf_context_print:       total time =     188.43 ms /    39 tokens
llama_perf_context_print:    graphs reused =         19
[Gemma 4 E2B] 5. short query
Llama.generate: 416 prefix-match hit, remaining 22 prompt tokens to eval
llama_perf_context_print:        load time =     260.68 ms
llama_perf_context_print: prompt eval time =      22.96 ms /    22 tokens (    1.04 ms per token,   958.27 tokens per second)
llama_perf_context_print:        eval time =     175.86 ms /    22 runs   (    7.99 ms per token,   125.10 tokens per second)
llama_perf_context_print:       total time =     204.73 ms /    44 tokens
llama_perf_context_print:    graphs reused =         21
[Gemma 4 E2B] 6. short query
Llama.generate: 460 prefix-match hit, remaining 23 prompt tokens to eval
llama_perf_context_print:        load time =     260.68 ms
llama_perf_context_print: prompt eval time =      23.30 ms /    23 tokens (    1.01 ms per token,   987.21 tokens per second)
llama_perf_context_print:        eval time =     136.59 ms /    17 runs   (    8.04 ms per token,   124.46 tokens per second)
llama_perf_context_print:       total time =     164.56 ms /    40 tokens
llama_perf_context_print:    graphs reused =         16
[Gemma 4 E2B] 7. short query
Llama.generate: 500 prefix-match hit, remaining 19 prompt tokens to eval
llama_perf_context_print:        load time =     260.68 ms
llama_perf_context_print: prompt eval time =      22.81 ms /    19 tokens (    1.20 ms per token,   832.93 tokens per second)
llama_perf_context_print:        eval time =     136.29 ms /    17 runs   (    8.02 ms per token,   124.73 tokens per second)
llama_perf_context_print:       total time =     163.58 ms /    36 tokens
llama_perf_context_print:    graphs reused =         16
[Gemma 4 E2B] 8. short query
Llama.generate: 536 prefix-match hit, remaining 20 prompt tokens to eval
llama_perf_context_print:        load time =     260.68 ms
llama_perf_context_print: prompt eval time =      22.91 ms /    20 tokens (    1.15 ms per token,   873.10 tokens per second)
llama_perf_context_print:        eval time =     128.59 ms /    16 runs   (    8.04 ms per token,   124.43 tokens per second)
llama_perf_context_print:       total time =     155.83 ms /    36 tokens
llama_perf_context_print:    graphs reused =         15
[Gemma 4 E2B] 9. short query
Llama.generate: 572 prefix-match hit, remaining 20 prompt tokens to eval
llama_perf_context_print:        load time =     260.68 ms
llama_perf_context_print: prompt eval time =      22.88 ms /    20 tokens (    1.14 ms per token,   874.24 tokens per second)
llama_perf_context_print:        eval time =     136.35 ms /    17 runs   (    8.02 ms per token,   124.68 tokens per second)
llama_perf_context_print:       total time =     163.72 ms /    37 tokens
llama_perf_context_print:    graphs reused =         16
[Gemma 4 E2B] 10. short query
Llama.generate: 609 prefix-match hit, remaining 25 prompt tokens to eval
llama_perf_context_print:        load time =     260.68 ms
llama_perf_context_print: prompt eval time =      23.76 ms /    25 tokens (    0.95 ms per token,  1052.06 tokens per second)
llama_perf_context_print:        eval time =     128.53 ms /    16 runs   (    8.03 ms per token,   124.49 tokens per second)
llama_perf_context_print:       total time =     156.50 ms /    41 tokens
llama_perf_context_print:    graphs reused =         15
[Gemma 4 E2B] 11. short query
Llama.generate: 650 prefix-match hit, remaining 20 prompt tokens to eval
llama_perf_context_print:        load time =     260.68 ms
llama_perf_context_print: prompt eval time =      22.82 ms /    20 tokens (    1.14 ms per token,   876.58 tokens per second)
llama_perf_context_print:        eval time =     120.77 ms /    15 runs   (    8.05 ms per token,   124.20 tokens per second)
llama_perf_context_print:       total time =     147.64 ms /    35 tokens
llama_perf_context_print:    graphs reused =         14
[Gemma 4 E2B] 12. short query
Llama.generate: 685 prefix-match hit, remaining 21 prompt tokens to eval
llama_perf_context_print:        load time =     260.68 ms
llama_perf_context_print: prompt eval time =      23.01 ms /    21 tokens (    1.10 ms per token,   912.77 tokens per second)
llama_perf_context_print:        eval time =     152.13 ms /    19 runs   (    8.01 ms per token,   124.89 tokens per second)
llama_perf_context_print:       total time =     180.12 ms /    40 tokens
llama_perf_context_print:    graphs reused =         18
[Gemma 4 E2B] 13. short query
Llama.generate: 725 prefix-match hit, remaining 22 prompt tokens to eval
llama_perf_context_print:        load time =     260.68 ms
llama_perf_context_print: prompt eval time =      23.19 ms /    22 tokens (    1.05 ms per token,   948.73 tokens per second)
llama_perf_context_print:        eval time =     120.56 ms /    15 runs   (    8.04 ms per token,   124.42 tokens per second)
llama_perf_context_print:       total time =     147.83 ms /    37 tokens
llama_perf_context_print:    graphs reused =         14
[Gemma 4 E2B] 14. short query
Llama.generate: 762 prefix-match hit, remaining 21 prompt tokens to eval
llama_perf_context_print:        load time =     260.68 ms
llama_perf_context_print: prompt eval time =      23.41 ms /    21 tokens (    1.11 ms per token,   897.09 tokens per second)
llama_perf_context_print:        eval time =     137.57 ms /    17 runs   (    8.09 ms per token,   123.58 tokens per second)
llama_perf_context_print:       total time =     165.61 ms /    38 tokens
llama_perf_context_print:    graphs reused =         16
[Gemma 4 E2B] 15. short query
Llama.generate: 800 prefix-match hit, remaining 20 prompt tokens to eval
llama_perf_context_print:        load time =     260.68 ms
llama_perf_context_print: prompt eval time =      23.32 ms /    20 tokens (    1.17 ms per token,   857.67 tokens per second)
llama_perf_context_print:        eval time =     160.79 ms /    20 runs   (    8.04 ms per token,   124.39 tokens per second)
llama_perf_context_print:       total time =     189.36 ms /    40 tokens
llama_perf_context_print:    graphs reused =         19
[Gemma 4 E2B] 0. long query
Llama.generate: 221 prefix-match hit, remaining 76 prompt tokens to eval
llama_perf_context_print:        load time =     260.68 ms
llama_perf_context_print: prompt eval time =      38.48 ms /    76 tokens (    0.51 ms per token,  1975.00 tokens per second)
llama_perf_context_print:        eval time =     159.27 ms /    20 runs   (    7.96 ms per token,   125.57 tokens per second)
llama_perf_context_print:       total time =     203.18 ms /    96 tokens
llama_perf_context_print:    graphs reused =         19
[Gemma 4 E2B] 1. long query
Llama.generate: 317 prefix-match hit, remaining 72 prompt tokens to eval
llama_perf_context_print:        load time =     260.68 ms
llama_perf_context_print: prompt eval time =      40.82 ms /    72 tokens (    0.57 ms per token,  1763.88 tokens per second)
llama_perf_context_print:        eval time =     151.60 ms /    19 runs   (    7.98 ms per token,   125.33 tokens per second)
llama_perf_context_print:       total time =     198.31 ms /    91 tokens
llama_perf_context_print:    graphs reused =         18
[Gemma 4 E2B] 2. long query
Llama.generate: 408 prefix-match hit, remaining 73 prompt tokens to eval
llama_perf_context_print:        load time =     260.68 ms
llama_perf_context_print: prompt eval time =      40.98 ms /    73 tokens (    0.56 ms per token,  1781.57 tokens per second)
llama_perf_context_print:        eval time =     120.18 ms /    15 runs   (    8.01 ms per token,   124.82 tokens per second)
llama_perf_context_print:       total time =     165.83 ms /    88 tokens
llama_perf_context_print:    graphs reused =         14
[Gemma 4 E2B] 3. long query
Llama.generate: 496 prefix-match hit, remaining 79 prompt tokens to eval
llama_perf_context_print:        load time =     260.68 ms
llama_perf_context_print: prompt eval time =      42.80 ms /    79 tokens (    0.54 ms per token,  1845.75 tokens per second)
llama_perf_context_print:        eval time =     136.72 ms /    17 runs   (    8.04 ms per token,   124.34 tokens per second)
llama_perf_context_print:       total time =     184.85 ms /    96 tokens
llama_perf_context_print:    graphs reused =         16
[Gemma 4 E2B] 4. long query
Llama.generate: 592 prefix-match hit, remaining 82 prompt tokens to eval
llama_perf_context_print:        load time =     260.68 ms
llama_perf_context_print: prompt eval time =      42.85 ms /    82 tokens (    0.52 ms per token,  1913.70 tokens per second)
llama_perf_context_print:        eval time =     136.52 ms /    17 runs   (    8.03 ms per token,   124.52 tokens per second)
llama_perf_context_print:       total time =     184.69 ms /    99 tokens
llama_perf_context_print:    graphs reused =         16
[Gemma 4 E2B] 5. long query
Llama.generate: 691 prefix-match hit, remaining 84 prompt tokens to eval
llama_perf_context_print:        load time =     260.68 ms
llama_perf_context_print: prompt eval time =      43.60 ms /    84 tokens (    0.52 ms per token,  1926.52 tokens per second)
llama_perf_context_print:        eval time =     145.18 ms /    18 runs   (    8.07 ms per token,   123.98 tokens per second)
llama_perf_context_print:       total time =     194.41 ms /   102 tokens
llama_perf_context_print:    graphs reused =         17
[Gemma 4 E2B] 6. long query
Llama.generate: 793 prefix-match hit, remaining 77 prompt tokens to eval
llama_perf_context_print:        load time =     260.68 ms
llama_perf_context_print: prompt eval time =      42.39 ms /    77 tokens (    0.55 ms per token,  1816.55 tokens per second)
llama_perf_context_print:        eval time =     145.46 ms /    18 runs   (    8.08 ms per token,   123.75 tokens per second)
llama_perf_context_print:       total time =     193.53 ms /    95 tokens
llama_perf_context_print:    graphs reused =         17
[Gemma 4 E2B] 7. long query
Llama.generate: 888 prefix-match hit, remaining 82 prompt tokens to eval
llama_perf_context_print:        load time =     260.68 ms
llama_perf_context_print: prompt eval time =      42.90 ms /    82 tokens (    0.52 ms per token,  1911.56 tokens per second)
llama_perf_context_print:        eval time =     130.63 ms /    16 runs   (    8.16 ms per token,   122.49 tokens per second)
llama_perf_context_print:       total time =     178.56 ms /    98 tokens
llama_perf_context_print:    graphs reused =         15
[Gemma 4 E2B] 8. long query
Llama.generate: 986 prefix-match hit, remaining 77 prompt tokens to eval
llama_perf_context_print:        load time =     260.68 ms
llama_perf_context_print: prompt eval time =      42.90 ms /    77 tokens (    0.56 ms per token,  1794.79 tokens per second)
llama_perf_context_print:        eval time =     131.11 ms /    16 runs   (    8.19 ms per token,   122.03 tokens per second)
llama_perf_context_print:       total time =     179.20 ms /    93 tokens
llama_perf_context_print:    graphs reused =         15
[Gemma 4 E2B] 9. long query
Llama.generate: 1079 prefix-match hit, remaining 79 prompt tokens to eval
llama_perf_context_print:        load time =     260.68 ms
llama_perf_context_print: prompt eval time =      42.91 ms /    79 tokens (    0.54 ms per token,  1841.23 tokens per second)
llama_perf_context_print:        eval time =     130.96 ms /    16 runs   (    8.18 ms per token,   122.18 tokens per second)
llama_perf_context_print:       total time =     178.91 ms /    95 tokens
llama_perf_context_print:    graphs reused =         15
[Gemma 4 E2B] 10. long query
Llama.generate: 1174 prefix-match hit, remaining 75 prompt tokens to eval
llama_perf_context_print:        load time =     260.68 ms
llama_perf_context_print: prompt eval time =      42.81 ms /    75 tokens (    0.57 ms per token,  1752.09 tokens per second)
llama_perf_context_print:        eval time =     139.71 ms /    17 runs   (    8.22 ms per token,   121.68 tokens per second)
llama_perf_context_print:       total time =     187.99 ms /    92 tokens
llama_perf_context_print:    graphs reused =         16
[Gemma 4 E2B] 11. long query
Llama.generate: 1266 prefix-match hit, remaining 80 prompt tokens to eval
llama_perf_context_print:        load time =     260.68 ms
llama_perf_context_print: prompt eval time =      43.48 ms /    80 tokens (    0.54 ms per token,  1840.10 tokens per second)
llama_perf_context_print:        eval time =     156.18 ms /    19 runs   (    8.22 ms per token,   121.66 tokens per second)
llama_perf_context_print:       total time =     205.70 ms /    99 tokens
llama_perf_context_print:    graphs reused =         18
[Gemma 4 E2B] 12. long query
Llama.generate: 1365 prefix-match hit, remaining 82 prompt tokens to eval
llama_perf_context_print:        load time =     260.68 ms
llama_perf_context_print: prompt eval time =      43.80 ms /    82 tokens (    0.53 ms per token,  1872.19 tokens per second)
llama_perf_context_print:        eval time =     123.86 ms /    15 runs   (    8.26 ms per token,   121.10 tokens per second)
llama_perf_context_print:       total time =     172.50 ms /    97 tokens
llama_perf_context_print:    graphs reused =         14
[Gemma 4 E2B] 13. long query
Llama.generate: 1462 prefix-match hit, remaining 75 prompt tokens to eval
llama_perf_context_print:        load time =     260.68 ms
llama_perf_context_print: prompt eval time =      43.32 ms /    75 tokens (    0.58 ms per token,  1731.38 tokens per second)
llama_perf_context_print:        eval time =      92.05 ms /    11 runs   (    8.37 ms per token,   119.50 tokens per second)
llama_perf_context_print:       total time =     139.10 ms /    86 tokens
llama_perf_context_print:    graphs reused =         10
[Gemma 4 E2B] 14. long query
Llama.generate: 1548 prefix-match hit, remaining 84 prompt tokens to eval
llama_perf_context_print:        load time =     260.68 ms
llama_perf_context_print: prompt eval time =      44.49 ms /    84 tokens (    0.53 ms per token,  1888.02 tokens per second)
llama_perf_context_print:        eval time =     141.59 ms /    17 runs   (    8.33 ms per token,   120.06 tokens per second)
llama_perf_context_print:       total time =     191.52 ms /   101 tokens
llama_perf_context_print:    graphs reused =         16
[Gemma 4 E2B] 15. long query
Llama.generate: 1649 prefix-match hit, remaining 86 prompt tokens to eval
llama_perf_context_print:        load time =     260.68 ms
llama_perf_context_print: prompt eval time =      45.27 ms /    86 tokens (    0.53 ms per token,  1899.84 tokens per second)
llama_perf_context_print:        eval time =     165.23 ms /    20 runs   (    8.26 ms per token,   121.04 tokens per second)
llama_perf_context_print:       total time =     216.68 ms /   106 tokens
llama_perf_context_print:    graphs reused =         19
~llama_context:    Vulkan0 compute buffer size is 535.5000 MiB, matches expectation of 535.5000 MiB
~llama_context: Vulkan_Host compute buffer size is  31.5235 MiB, matches expectation of  31.5235 MiB
--- nvidia Nemotron3 Nano 4B ---
[nvidia Nemotron3 Nano 4B] 0. short query
Llama.generate: 214 prefix-match hit, remaining 23 prompt tokens to eval
llama_perf_context_print:        load time =     297.42 ms
llama_perf_context_print: prompt eval time =      36.32 ms /    23 tokens (    1.58 ms per token,   633.23 tokens per second)
llama_perf_context_print:        eval time =     124.34 ms /    11 runs   (   11.30 ms per token,    88.47 tokens per second)
llama_perf_context_print:       total time =     163.04 ms /    34 tokens
llama_perf_context_print:    graphs reused =         10
[nvidia Nemotron3 Nano 4B] 1. short query
Llama.generate: 248 prefix-match hit, remaining 24 prompt tokens to eval
llama_perf_context_print:        load time =     297.42 ms
llama_perf_context_print: prompt eval time =      38.24 ms /    24 tokens (    1.59 ms per token,   627.62 tokens per second)
llama_perf_context_print:        eval time =     191.81 ms /    17 runs   (   11.28 ms per token,    88.63 tokens per second)
llama_perf_context_print:       total time =     233.41 ms /    41 tokens
llama_perf_context_print:    graphs reused =         16
[nvidia Nemotron3 Nano 4B] 2. short query
Llama.generate: 289 prefix-match hit, remaining 26 prompt tokens to eval
llama_perf_context_print:        load time =     297.42 ms
llama_perf_context_print: prompt eval time =      38.55 ms /    26 tokens (    1.48 ms per token,   674.54 tokens per second)
llama_perf_context_print:        eval time =      91.03 ms /     8 runs   (   11.38 ms per token,    87.89 tokens per second)
llama_perf_context_print:       total time =     131.63 ms /    34 tokens
llama_perf_context_print:    graphs reused =          7
[nvidia Nemotron3 Nano 4B] 3. short query
Llama.generate: 323 prefix-match hit, remaining 28 prompt tokens to eval
llama_perf_context_print:        load time =     297.42 ms
llama_perf_context_print: prompt eval time =      38.74 ms /    28 tokens (    1.38 ms per token,   722.73 tokens per second)
llama_perf_context_print:        eval time =     124.99 ms /    11 runs   (   11.36 ms per token,    88.00 tokens per second)
llama_perf_context_print:       total time =     166.55 ms /    39 tokens
llama_perf_context_print:    graphs reused =         10
[nvidia Nemotron3 Nano 4B] 4. short query
Llama.generate: 362 prefix-match hit, remaining 22 prompt tokens to eval
llama_perf_context_print:        load time =     297.42 ms
llama_perf_context_print: prompt eval time =      39.14 ms /    22 tokens (    1.78 ms per token,   562.13 tokens per second)
llama_perf_context_print:        eval time =      57.47 ms /     5 runs   (   11.49 ms per token,    87.00 tokens per second)
llama_perf_context_print:       total time =      98.05 ms /    27 tokens
llama_perf_context_print:    graphs reused =          4
[nvidia Nemotron3 Nano 4B] 5. short query
Llama.generate: 389 prefix-match hit, remaining 25 prompt tokens to eval
llama_perf_context_print:        load time =     297.42 ms
llama_perf_context_print: prompt eval time =      39.10 ms /    25 tokens (    1.56 ms per token,   639.39 tokens per second)
llama_perf_context_print:        eval time =     104.25 ms /     9 runs   (   11.58 ms per token,    86.33 tokens per second)
llama_perf_context_print:       total time =     145.70 ms /    34 tokens
llama_perf_context_print:    graphs reused =          8
[nvidia Nemotron3 Nano 4B] 6. short query
Llama.generate: 423 prefix-match hit, remaining 27 prompt tokens to eval
llama_perf_context_print:        load time =     297.42 ms
llama_perf_context_print: prompt eval time =      39.15 ms /    27 tokens (    1.45 ms per token,   689.67 tokens per second)
llama_perf_context_print:        eval time =      91.26 ms /     8 runs   (   11.41 ms per token,    87.66 tokens per second)
llama_perf_context_print:       total time =     132.46 ms /    35 tokens
llama_perf_context_print:    graphs reused =          7
[nvidia Nemotron3 Nano 4B] 7. short query
Llama.generate: 458 prefix-match hit, remaining 23 prompt tokens to eval
llama_perf_context_print:        load time =     297.42 ms
llama_perf_context_print: prompt eval time =      37.95 ms /    23 tokens (    1.65 ms per token,   606.14 tokens per second)
llama_perf_context_print:        eval time =     148.23 ms /    13 runs   (   11.40 ms per token,    87.70 tokens per second)
llama_perf_context_print:       total time =     189.43 ms /    36 tokens
llama_perf_context_print:    graphs reused =         12
[nvidia Nemotron3 Nano 4B] 8. short query
Llama.generate: 494 prefix-match hit, remaining 23 prompt tokens to eval
llama_perf_context_print:        load time =     297.42 ms
llama_perf_context_print: prompt eval time =      38.06 ms /    23 tokens (    1.65 ms per token,   604.23 tokens per second)
llama_perf_context_print:        eval time =     103.07 ms /     9 runs   (   11.45 ms per token,    87.32 tokens per second)
llama_perf_context_print:       total time =     143.28 ms /    32 tokens
llama_perf_context_print:    graphs reused =          8
[nvidia Nemotron3 Nano 4B] 9. short query
Llama.generate: 526 prefix-match hit, remaining 23 prompt tokens to eval
llama_perf_context_print:        load time =     297.42 ms
llama_perf_context_print: prompt eval time =      38.21 ms /    23 tokens (    1.66 ms per token,   601.87 tokens per second)
llama_perf_context_print:        eval time =      80.68 ms /     7 runs   (   11.53 ms per token,    86.76 tokens per second)
llama_perf_context_print:       total time =     120.78 ms /    30 tokens
llama_perf_context_print:    graphs reused =          6
[nvidia Nemotron3 Nano 4B] 10. short query
Llama.generate: 556 prefix-match hit, remaining 28 prompt tokens to eval
llama_perf_context_print:        load time =     297.42 ms
llama_perf_context_print: prompt eval time =      39.31 ms /    28 tokens (    1.40 ms per token,   712.25 tokens per second)
llama_perf_context_print:        eval time =      69.34 ms /     6 runs   (   11.56 ms per token,    86.53 tokens per second)
llama_perf_context_print:       total time =     110.30 ms /    34 tokens
llama_perf_context_print:    graphs reused =          5
[nvidia Nemotron3 Nano 4B] 11. short query
Llama.generate: 590 prefix-match hit, remaining 23 prompt tokens to eval
llama_perf_context_print:        load time =     297.42 ms
llama_perf_context_print: prompt eval time =      38.33 ms /    23 tokens (    1.67 ms per token,   600.08 tokens per second)
llama_perf_context_print:        eval time =      92.51 ms /     8 runs   (   11.56 ms per token,    86.48 tokens per second)
llama_perf_context_print:       total time =     132.94 ms /    31 tokens
llama_perf_context_print:    graphs reused =          7
[nvidia Nemotron3 Nano 4B] 12. short query
Llama.generate: 621 prefix-match hit, remaining 24 prompt tokens to eval
llama_perf_context_print:        load time =     297.42 ms
llama_perf_context_print: prompt eval time =      38.75 ms /    24 tokens (    1.61 ms per token,   619.32 tokens per second)
llama_perf_context_print:        eval time =      93.17 ms /     8 runs   (   11.65 ms per token,    85.87 tokens per second)
llama_perf_context_print:       total time =     134.04 ms /    32 tokens
llama_perf_context_print:    graphs reused =          7
[nvidia Nemotron3 Nano 4B] 13. short query
Llama.generate: 653 prefix-match hit, remaining 25 prompt tokens to eval
llama_perf_context_print:        load time =     297.42 ms
llama_perf_context_print: prompt eval time =      38.83 ms /    25 tokens (    1.55 ms per token,   643.80 tokens per second)
llama_perf_context_print:        eval time =      69.71 ms /     6 runs   (   11.62 ms per token,    86.07 tokens per second)
llama_perf_context_print:       total time =     110.22 ms /    31 tokens
llama_perf_context_print:    graphs reused =          5
[nvidia Nemotron3 Nano 4B] 14. short query
Llama.generate: 684 prefix-match hit, remaining 25 prompt tokens to eval
llama_perf_context_print:        load time =     297.42 ms
llama_perf_context_print: prompt eval time =      38.86 ms /    25 tokens (    1.55 ms per token,   643.27 tokens per second)
llama_perf_context_print:        eval time =      80.71 ms /     7 runs   (   11.53 ms per token,    86.73 tokens per second)
llama_perf_context_print:       total time =     121.45 ms /    32 tokens
llama_perf_context_print:    graphs reused =          6
[nvidia Nemotron3 Nano 4B] 15. short query
Llama.generate: 716 prefix-match hit, remaining 23 prompt tokens to eval
llama_perf_context_print:        load time =     297.42 ms
llama_perf_context_print: prompt eval time =      38.22 ms /    23 tokens (    1.66 ms per token,   601.78 tokens per second)
llama_perf_context_print:        eval time =     114.86 ms /    10 runs   (   11.49 ms per token,    87.06 tokens per second)
llama_perf_context_print:       total time =     155.66 ms /    33 tokens
llama_perf_context_print:    graphs reused =          9
[nvidia Nemotron3 Nano 4B] 0. long query
Llama.generate: 214 prefix-match hit, remaining 80 prompt tokens to eval
llama_perf_context_print:        load time =     297.42 ms
llama_perf_context_print: prompt eval time =      74.12 ms /    80 tokens (    0.93 ms per token,  1079.26 tokens per second)
llama_perf_context_print:        eval time =     296.77 ms /    26 runs   (   11.41 ms per token,    87.61 tokens per second)
llama_perf_context_print:       total time =     377.42 ms /   106 tokens
llama_perf_context_print:    graphs reused =         25
[nvidia Nemotron3 Nano 4B] 1. long query
Llama.generate: 320 prefix-match hit, remaining 78 prompt tokens to eval
llama_perf_context_print:        load time =     297.42 ms
llama_perf_context_print: prompt eval time =      77.76 ms /    78 tokens (    1.00 ms per token,  1003.10 tokens per second)
llama_perf_context_print:        eval time =     276.30 ms /    22 runs   (   12.56 ms per token,    79.62 tokens per second)
llama_perf_context_print:       total time =     359.65 ms /   100 tokens
llama_perf_context_print:    graphs reused =         21
[nvidia Nemotron3 Nano 4B] 2. long query
Llama.generate: 420 prefix-match hit, remaining 78 prompt tokens to eval
llama_perf_context_print:        load time =     297.42 ms
llama_perf_context_print: prompt eval time =      76.98 ms /    78 tokens (    0.99 ms per token,  1013.22 tokens per second)
llama_perf_context_print:        eval time =     231.71 ms /    19 runs   (   12.20 ms per token,    82.00 tokens per second)
llama_perf_context_print:       total time =     313.46 ms /    97 tokens
llama_perf_context_print:    graphs reused =         17
[nvidia Nemotron3 Nano 4B] 3. long query
Llama.generate: 517 prefix-match hit, remaining 83 prompt tokens to eval
llama_perf_context_print:        load time =     297.42 ms
llama_perf_context_print: prompt eval time =      78.45 ms /    83 tokens (    0.95 ms per token,  1057.97 tokens per second)
llama_perf_context_print:        eval time =     240.96 ms /    21 runs   (   11.47 ms per token,    87.15 tokens per second)
llama_perf_context_print:       total time =     324.76 ms /   104 tokens
llama_perf_context_print:    graphs reused =         20
[nvidia Nemotron3 Nano 4B] 4. long query
Llama.generate: 621 prefix-match hit, remaining 87 prompt tokens to eval
llama_perf_context_print:        load time =     297.42 ms
llama_perf_context_print: prompt eval time =      79.54 ms /    87 tokens (    0.91 ms per token,  1093.82 tokens per second)
llama_perf_context_print:        eval time =     274.72 ms /    24 runs   (   11.45 ms per token,    87.36 tokens per second)
llama_perf_context_print:       total time =     360.31 ms /   111 tokens
llama_perf_context_print:    graphs reused =         23
[nvidia Nemotron3 Nano 4B] 5. long query
Llama.generate: 732 prefix-match hit, remaining 92 prompt tokens to eval
llama_perf_context_print:        load time =     297.42 ms
llama_perf_context_print: prompt eval time =      81.06 ms /    92 tokens (    0.88 ms per token,  1134.92 tokens per second)
llama_perf_context_print:        eval time =     309.98 ms /    27 runs   (   11.48 ms per token,    87.10 tokens per second)
llama_perf_context_print:       total time =     398.09 ms /   119 tokens
llama_perf_context_print:    graphs reused =         26
[nvidia Nemotron3 Nano 4B] 6. long query
Llama.generate: 851 prefix-match hit, remaining 85 prompt tokens to eval
llama_perf_context_print:        load time =     297.42 ms
llama_perf_context_print: prompt eval time =      79.88 ms /    85 tokens (    0.94 ms per token,  1064.14 tokens per second)
llama_perf_context_print:        eval time =     251.26 ms /    22 runs   (   11.42 ms per token,    87.56 tokens per second)
llama_perf_context_print:       total time =     336.48 ms /   107 tokens
llama_perf_context_print:    graphs reused =         21
[nvidia Nemotron3 Nano 4B] 7. long query
Llama.generate: 958 prefix-match hit, remaining 86 prompt tokens to eval
llama_perf_context_print:        load time =     297.42 ms
llama_perf_context_print: prompt eval time =      79.80 ms /    86 tokens (    0.93 ms per token,  1077.73 tokens per second)
llama_perf_context_print:        eval time =     240.23 ms /    21 runs   (   11.44 ms per token,    87.41 tokens per second)
llama_perf_context_print:       total time =     325.27 ms /   107 tokens
llama_perf_context_print:    graphs reused =         20
[nvidia Nemotron3 Nano 4B] 8. long query
Llama.generate: 1065 prefix-match hit, remaining 83 prompt tokens to eval
llama_perf_context_print:        load time =     297.42 ms
llama_perf_context_print: prompt eval time =     249.94 ms /    83 tokens (    3.01 ms per token,   332.08 tokens per second)
llama_perf_context_print:        eval time =     273.97 ms /    24 runs   (   11.42 ms per token,    87.60 tokens per second)
llama_perf_context_print:       total time =     530.27 ms /   107 tokens
llama_perf_context_print:    graphs reused =         23
[nvidia Nemotron3 Nano 4B] 9. long query
Llama.generate: 1172 prefix-match hit, remaining 86 prompt tokens to eval
llama_perf_context_print:        load time =     297.42 ms
llama_perf_context_print: prompt eval time =     148.25 ms /    86 tokens (    1.72 ms per token,   580.09 tokens per second)
llama_perf_context_print:        eval time =     250.06 ms /    22 runs   (   11.37 ms per token,    87.98 tokens per second)
llama_perf_context_print:       total time =     404.05 ms /   108 tokens
llama_perf_context_print:    graphs reused =         21
[nvidia Nemotron3 Nano 4B] 10. long query
Llama.generate: 1280 prefix-match hit, remaining 79 prompt tokens to eval
llama_perf_context_print:        load time =     297.42 ms
llama_perf_context_print: prompt eval time =      79.35 ms /    79 tokens (    1.00 ms per token,   995.60 tokens per second)
llama_perf_context_print:        eval time =     227.59 ms /    20 runs   (   11.38 ms per token,    87.88 tokens per second)
llama_perf_context_print:       total time =     312.38 ms /    99 tokens
llama_perf_context_print:    graphs reused =         19
[nvidia Nemotron3 Nano 4B] 11. long query
Llama.generate: 1379 prefix-match hit, remaining 84 prompt tokens to eval
llama_perf_context_print:        load time =     297.42 ms
llama_perf_context_print: prompt eval time =      78.40 ms /    84 tokens (    0.93 ms per token,  1071.48 tokens per second)
llama_perf_context_print:        eval time =     250.49 ms /    22 runs   (   11.39 ms per token,    87.83 tokens per second)
llama_perf_context_print:       total time =     334.69 ms /   106 tokens
llama_perf_context_print:    graphs reused =         21
[nvidia Nemotron3 Nano 4B] 12. long query
Llama.generate: 1485 prefix-match hit, remaining 89 prompt tokens to eval
llama_perf_context_print:        load time =     297.42 ms
llama_perf_context_print: prompt eval time =      79.65 ms /    89 tokens (    0.89 ms per token,  1117.43 tokens per second)
llama_perf_context_print:        eval time =     250.54 ms /    22 runs   (   11.39 ms per token,    87.81 tokens per second)
llama_perf_context_print:       total time =     335.91 ms /   111 tokens
llama_perf_context_print:    graphs reused =         21
[nvidia Nemotron3 Nano 4B] 13. long query
Llama.generate: 1596 prefix-match hit, remaining 83 prompt tokens to eval
llama_perf_context_print:        load time =     297.42 ms
llama_perf_context_print: prompt eval time =      83.48 ms /    83 tokens (    1.01 ms per token,   994.29 tokens per second)
llama_perf_context_print:        eval time =     227.88 ms /    20 runs   (   11.39 ms per token,    87.77 tokens per second)
llama_perf_context_print:       total time =     316.74 ms /   103 tokens
llama_perf_context_print:    graphs reused =         19
[nvidia Nemotron3 Nano 4B] 14. long query
Llama.generate: 1699 prefix-match hit, remaining 88 prompt tokens to eval
llama_perf_context_print:        load time =     297.42 ms
llama_perf_context_print: prompt eval time =      80.43 ms /    88 tokens (    0.91 ms per token,  1094.12 tokens per second)
llama_perf_context_print:        eval time =     251.92 ms /    22 runs   (   11.45 ms per token,    87.33 tokens per second)
llama_perf_context_print:       total time =     338.36 ms /   110 tokens
llama_perf_context_print:    graphs reused =         20
[nvidia Nemotron3 Nano 4B] 15. long query
Llama.generate: 1809 prefix-match hit, remaining 90 prompt tokens to eval
llama_perf_context_print:        load time =     297.42 ms
llama_perf_context_print: prompt eval time =      80.77 ms /    90 tokens (    0.90 ms per token,  1114.26 tokens per second)
llama_perf_context_print:        eval time =     262.92 ms /    23 runs   (   11.43 ms per token,    87.48 tokens per second)
llama_perf_context_print:       total time =     349.98 ms /   113 tokens
llama_perf_context_print:    graphs reused =         22
~llama_context:    Vulkan0 compute buffer size is 287.2598 MiB, matches expectation of 287.2598 MiB
~llama_context: Vulkan_Host compute buffer size is  16.2618 MiB, matches expectation of  16.2618 MiB
--- Qwen3.5 4B ---
[Qwen3.5 4B] 0. short query
Llama.generate: 211 prefix-match hit, remaining 24 prompt tokens to eval
llama_perf_context_print:        load time =     354.50 ms
llama_perf_context_print: prompt eval time =      35.59 ms /    24 tokens (    1.48 ms per token,   674.31 tokens per second)
llama_perf_context_print:        eval time =     334.99 ms /    26 runs   (   12.88 ms per token,    77.61 tokens per second)
llama_perf_context_print:       total time =     378.83 ms /    50 tokens
llama_perf_context_print:    graphs reused =         24
[Qwen3.5 4B] 1. short query
Llama.generate: 261 prefix-match hit, remaining 25 prompt tokens to eval
llama_perf_context_print:        load time =     354.50 ms
llama_perf_context_print: prompt eval time =      38.09 ms /    25 tokens (    1.52 ms per token,   656.29 tokens per second)
llama_perf_context_print:        eval time =     282.60 ms /    22 runs   (   12.85 ms per token,    77.85 tokens per second)
llama_perf_context_print:       total time =     327.61 ms /    47 tokens
llama_perf_context_print:    graphs reused =         21
[Qwen3.5 4B] 2. short query
Llama.generate: 308 prefix-match hit, remaining 26 prompt tokens to eval
llama_perf_context_print:        load time =     354.50 ms
llama_perf_context_print: prompt eval time =      38.36 ms /    26 tokens (    1.48 ms per token,   677.82 tokens per second)
llama_perf_context_print:        eval time =     349.87 ms /    27 runs   (   12.96 ms per token,    77.17 tokens per second)
llama_perf_context_print:       total time =     396.63 ms /    53 tokens
llama_perf_context_print:    graphs reused =         26
[Qwen3.5 4B] 3. short query
Llama.generate: 361 prefix-match hit, remaining 27 prompt tokens to eval
llama_perf_context_print:        load time =     354.50 ms
llama_perf_context_print: prompt eval time =      38.69 ms /    27 tokens (    1.43 ms per token,   697.87 tokens per second)
llama_perf_context_print:        eval time =     423.62 ms /    33 runs   (   12.84 ms per token,    77.90 tokens per second)
llama_perf_context_print:       total time =     473.14 ms /    60 tokens
llama_perf_context_print:    graphs reused =         32
[Qwen3.5 4B] 4. short query
Llama.generate: 421 prefix-match hit, remaining 23 prompt tokens to eval
llama_perf_context_print:        load time =     354.50 ms
llama_perf_context_print: prompt eval time =      37.69 ms /    23 tokens (    1.64 ms per token,   610.18 tokens per second)
llama_perf_context_print:        eval time =     311.25 ms /    24 runs   (   12.97 ms per token,    77.11 tokens per second)
llama_perf_context_print:       total time =     356.81 ms /    47 tokens
llama_perf_context_print:    graphs reused =         23
[Qwen3.5 4B] 5. short query
Llama.generate: 468 prefix-match hit, remaining 26 prompt tokens to eval
llama_perf_context_print:        load time =     354.50 ms
llama_perf_context_print: prompt eval time =      38.78 ms /    26 tokens (    1.49 ms per token,   670.47 tokens per second)
llama_perf_context_print:        eval time =     428.19 ms /    33 runs   (   12.98 ms per token,    77.07 tokens per second)
llama_perf_context_print:       total time =     478.03 ms /    59 tokens
llama_perf_context_print:    graphs reused =         31
[Qwen3.5 4B] 6. short query
Llama.generate: 527 prefix-match hit, remaining 28 prompt tokens to eval
llama_perf_context_print:        load time =     354.50 ms
llama_perf_context_print: prompt eval time =      39.40 ms /    28 tokens (    1.41 ms per token,   710.59 tokens per second)
llama_perf_context_print:        eval time =     349.72 ms /    27 runs   (   12.95 ms per token,    77.20 tokens per second)
llama_perf_context_print:       total time =     398.20 ms /    55 tokens
llama_perf_context_print:    graphs reused =         26
[Qwen3.5 4B] 7. short query
Llama.generate: 582 prefix-match hit, remaining 23 prompt tokens to eval
llama_perf_context_print:        load time =     354.50 ms
llama_perf_context_print: prompt eval time =      38.09 ms /    23 tokens (    1.66 ms per token,   603.85 tokens per second)
llama_perf_context_print:        eval time =     389.01 ms /    30 runs   (   12.97 ms per token,    77.12 tokens per second)
llama_perf_context_print:       total time =     436.92 ms /    53 tokens
llama_perf_context_print:    graphs reused =         29
[Qwen3.5 4B] 8. short query
Llama.generate: 635 prefix-match hit, remaining 24 prompt tokens to eval
llama_perf_context_print:        load time =     354.50 ms
llama_perf_context_print: prompt eval time =      38.16 ms /    24 tokens (    1.59 ms per token,   628.90 tokens per second)
llama_perf_context_print:        eval time =     336.54 ms /    26 runs   (   12.94 ms per token,    77.26 tokens per second)
llama_perf_context_print:       total time =     383.34 ms /    50 tokens
llama_perf_context_print:    graphs reused =         25
[Qwen3.5 4B] 9. short query
Llama.generate: 685 prefix-match hit, remaining 24 prompt tokens to eval
llama_perf_context_print:        load time =     354.50 ms
llama_perf_context_print: prompt eval time =      38.13 ms /    24 tokens (    1.59 ms per token,   629.46 tokens per second)
llama_perf_context_print:        eval time =     337.89 ms /    26 runs   (   13.00 ms per token,    76.95 tokens per second)
llama_perf_context_print:       total time =     384.75 ms /    50 tokens
llama_perf_context_print:    graphs reused =         25
[Qwen3.5 4B] 10. short query
Llama.generate: 735 prefix-match hit, remaining 29 prompt tokens to eval
llama_perf_context_print:        load time =     354.50 ms
llama_perf_context_print: prompt eval time =      40.08 ms /    29 tokens (    1.38 ms per token,   723.63 tokens per second)
llama_perf_context_print:        eval time =     391.04 ms /    30 runs   (   13.03 ms per token,    76.72 tokens per second)
llama_perf_context_print:       total time =     441.38 ms /    59 tokens
llama_perf_context_print:    graphs reused =         28
[Qwen3.5 4B] 11. short query
Llama.generate: 794 prefix-match hit, remaining 24 prompt tokens to eval
llama_perf_context_print:        load time =     354.50 ms
llama_perf_context_print: prompt eval time =      45.66 ms /    24 tokens (    1.90 ms per token,   525.58 tokens per second)
llama_perf_context_print:        eval time =     338.00 ms /    26 runs   (   13.00 ms per token,    76.92 tokens per second)
llama_perf_context_print:       total time =     392.49 ms /    50 tokens
llama_perf_context_print:    graphs reused =         25
[Qwen3.5 4B] 12. short query
Llama.generate: 844 prefix-match hit, remaining 25 prompt tokens to eval
llama_perf_context_print:        load time =     354.50 ms
llama_perf_context_print: prompt eval time =      39.14 ms /    25 tokens (    1.57 ms per token,   638.72 tokens per second)
llama_perf_context_print:        eval time =     351.91 ms /    27 runs   (   13.03 ms per token,    76.72 tokens per second)
llama_perf_context_print:       total time =     400.44 ms /    52 tokens
llama_perf_context_print:    graphs reused =         26
[Qwen3.5 4B] 13. short query
Llama.generate: 896 prefix-match hit, remaining 26 prompt tokens to eval
llama_perf_context_print:        load time =     354.50 ms
llama_perf_context_print: prompt eval time =      39.29 ms /    26 tokens (    1.51 ms per token,   661.80 tokens per second)
llama_perf_context_print:        eval time =     338.46 ms /    26 runs   (   13.02 ms per token,    76.82 tokens per second)
llama_perf_context_print:       total time =     386.76 ms /    52 tokens
llama_perf_context_print:    graphs reused =         25
[Qwen3.5 4B] 14. short query
Llama.generate: 948 prefix-match hit, remaining 26 prompt tokens to eval
llama_perf_context_print:        load time =     354.50 ms
llama_perf_context_print: prompt eval time =      39.40 ms /    26 tokens (    1.52 ms per token,   659.98 tokens per second)
llama_perf_context_print:        eval time =     390.98 ms /    30 runs   (   13.03 ms per token,    76.73 tokens per second)
llama_perf_context_print:       total time =     440.69 ms /    56 tokens
llama_perf_context_print:    graphs reused =         29
[Qwen3.5 4B] 15. short query
Llama.generate: 1004 prefix-match hit, remaining 24 prompt tokens to eval
llama_perf_context_print:        load time =     354.50 ms
llama_perf_context_print: prompt eval time =      39.40 ms /    24 tokens (    1.64 ms per token,   609.18 tokens per second)
llama_perf_context_print:        eval time =     377.21 ms /    29 runs   (   13.01 ms per token,    76.88 tokens per second)
llama_perf_context_print:       total time =     426.48 ms /    53 tokens
llama_perf_context_print:    graphs reused =         28
[Qwen3.5 4B] 0. long query
Llama.generate: 211 prefix-match hit, remaining 80 prompt tokens to eval
llama_perf_context_print:        load time =     354.50 ms
llama_perf_context_print: prompt eval time =      53.75 ms /    80 tokens (    0.67 ms per token,  1488.29 tokens per second)
llama_perf_context_print:        eval time =     257.38 ms /    20 runs   (   12.87 ms per token,    77.70 tokens per second)
llama_perf_context_print:       total time =     317.75 ms /   100 tokens
llama_perf_context_print:    graphs reused =         19
[Qwen3.5 4B] 1. long query
Llama.generate: 311 prefix-match hit, remaining 78 prompt tokens to eval
llama_perf_context_print:        load time =     354.50 ms
llama_perf_context_print: prompt eval time =      58.36 ms /    78 tokens (    0.75 ms per token,  1336.60 tokens per second)
llama_perf_context_print:        eval time =     322.05 ms /    25 runs   (   12.88 ms per token,    77.63 tokens per second)
llama_perf_context_print:       total time =     389.05 ms /   103 tokens
llama_perf_context_print:    graphs reused =         24
[Qwen3.5 4B] 2. long query
Llama.generate: 414 prefix-match hit, remaining 77 prompt tokens to eval
llama_perf_context_print:        load time =     354.50 ms
llama_perf_context_print: prompt eval time =      58.22 ms /    77 tokens (    0.76 ms per token,  1322.48 tokens per second)
llama_perf_context_print:        eval time =     272.75 ms /    21 runs   (   12.99 ms per token,    76.99 tokens per second)
llama_perf_context_print:       total time =     338.06 ms /    98 tokens
llama_perf_context_print:    graphs reused =         20
[Qwen3.5 4B] 3. long query
Llama.generate: 512 prefix-match hit, remaining 82 prompt tokens to eval
llama_perf_context_print:        load time =     354.50 ms
llama_perf_context_print: prompt eval time =      61.02 ms /    82 tokens (    0.74 ms per token,  1343.78 tokens per second)
llama_perf_context_print:        eval time =     258.92 ms /    20 runs   (   12.95 ms per token,    77.24 tokens per second)
llama_perf_context_print:       total time =     326.94 ms /   102 tokens
llama_perf_context_print:    graphs reused =         19
[Qwen3.5 4B] 4. long query
Llama.generate: 614 prefix-match hit, remaining 87 prompt tokens to eval
llama_perf_context_print:        load time =     354.50 ms
llama_perf_context_print: prompt eval time =      62.34 ms /    87 tokens (    0.72 ms per token,  1395.64 tokens per second)
llama_perf_context_print:        eval time =     336.04 ms /    26 runs   (   12.92 ms per token,    77.37 tokens per second)
llama_perf_context_print:       total time =     407.28 ms /   113 tokens
llama_perf_context_print:    graphs reused =         25
[Qwen3.5 4B] 5. long query
Llama.generate: 727 prefix-match hit, remaining 86 prompt tokens to eval
llama_perf_context_print:        load time =     354.50 ms
llama_perf_context_print: prompt eval time =      62.28 ms /    86 tokens (    0.72 ms per token,  1380.84 tokens per second)
llama_perf_context_print:        eval time =     248.44 ms /    19 runs   (   13.08 ms per token,    76.48 tokens per second)
llama_perf_context_print:       total time =     317.26 ms /   105 tokens
llama_perf_context_print:    graphs reused =         18
[Qwen3.5 4B] 6. long query
Llama.generate: 832 prefix-match hit, remaining 81 prompt tokens to eval
llama_perf_context_print:        load time =     354.50 ms
llama_perf_context_print: prompt eval time =      59.30 ms /    81 tokens (    0.73 ms per token,  1365.87 tokens per second)
llama_perf_context_print:        eval time =     247.18 ms /    19 runs   (   13.01 ms per token,    76.87 tokens per second)
llama_perf_context_print:       total time =     313.17 ms /   100 tokens
llama_perf_context_print:    graphs reused =         18
[Qwen3.5 4B] 7. long query
Llama.generate: 932 prefix-match hit, remaining 87 prompt tokens to eval
llama_perf_context_print:        load time =     354.50 ms
llama_perf_context_print: prompt eval time =      62.61 ms /    87 tokens (    0.72 ms per token,  1389.58 tokens per second)
llama_perf_context_print:        eval time =     378.46 ms /    29 runs   (   13.05 ms per token,    76.63 tokens per second)
llama_perf_context_print:       total time =     451.24 ms /   116 tokens
llama_perf_context_print:    graphs reused =         27
[Qwen3.5 4B] 8. long query
Llama.generate: 1048 prefix-match hit, remaining 83 prompt tokens to eval
llama_perf_context_print:        load time =     354.50 ms
llama_perf_context_print: prompt eval time =     168.71 ms /    83 tokens (    2.03 ms per token,   491.97 tokens per second)
llama_perf_context_print:        eval time =     259.99 ms /    20 runs   (   13.00 ms per token,    76.93 tokens per second)
llama_perf_context_print:       total time =     435.75 ms /   103 tokens
llama_perf_context_print:    graphs reused =         19
[Qwen3.5 4B] 9. long query
Llama.generate: 1151 prefix-match hit, remaining 84 prompt tokens to eval
llama_perf_context_print:        load time =     354.50 ms
llama_perf_context_print: prompt eval time =     111.20 ms /    84 tokens (    1.32 ms per token,   755.37 tokens per second)
llama_perf_context_print:        eval time =     311.49 ms /    24 runs   (   12.98 ms per token,    77.05 tokens per second)
llama_perf_context_print:       total time =     430.51 ms /   108 tokens
llama_perf_context_print:    graphs reused =         23
[Qwen3.5 4B] 10. long query
Llama.generate: 1259 prefix-match hit, remaining 79 prompt tokens to eval
llama_perf_context_print:        load time =     354.50 ms
llama_perf_context_print: prompt eval time =      78.80 ms /    79 tokens (    1.00 ms per token,  1002.54 tokens per second)
llama_perf_context_print:        eval time =     221.65 ms /    17 runs   (   13.04 ms per token,    76.70 tokens per second)
llama_perf_context_print:       total time =     306.37 ms /    96 tokens
llama_perf_context_print:    graphs reused =         16
[Qwen3.5 4B] 11. long query
Llama.generate: 1355 prefix-match hit, remaining 83 prompt tokens to eval
llama_perf_context_print:        load time =     354.50 ms
llama_perf_context_print: prompt eval time =      62.74 ms /    83 tokens (    0.76 ms per token,  1322.88 tokens per second)
llama_perf_context_print:        eval time =     261.68 ms /    20 runs   (   13.08 ms per token,    76.43 tokens per second)
llama_perf_context_print:       total time =     331.26 ms /   103 tokens
llama_perf_context_print:    graphs reused =         19
[Qwen3.5 4B] 12. long query
Llama.generate: 1458 prefix-match hit, remaining 87 prompt tokens to eval
llama_perf_context_print:        load time =     354.50 ms
llama_perf_context_print: prompt eval time =      63.31 ms /    87 tokens (    0.73 ms per token,  1374.19 tokens per second)
llama_perf_context_print:        eval time =     287.21 ms /    22 runs   (   13.05 ms per token,    76.60 tokens per second)
llama_perf_context_print:       total time =     358.23 ms /   109 tokens
llama_perf_context_print:    graphs reused =         21
[Qwen3.5 4B] 13. long query
Llama.generate: 1567 prefix-match hit, remaining 84 prompt tokens to eval
llama_perf_context_print:        load time =     354.50 ms
llama_perf_context_print: prompt eval time =      63.96 ms /    84 tokens (    0.76 ms per token,  1313.36 tokens per second)
llama_perf_context_print:        eval time =     261.11 ms /    20 runs   (   13.06 ms per token,    76.59 tokens per second)
llama_perf_context_print:       total time =     332.07 ms /   104 tokens
llama_perf_context_print:    graphs reused =         19
[Qwen3.5 4B] 14. long query
Llama.generate: 1671 prefix-match hit, remaining 89 prompt tokens to eval
llama_perf_context_print:        load time =     354.50 ms
llama_perf_context_print: prompt eval time =      63.68 ms /    89 tokens (    0.72 ms per token,  1397.66 tokens per second)
llama_perf_context_print:        eval time =     274.75 ms /    21 runs   (   13.08 ms per token,    76.43 tokens per second)
llama_perf_context_print:       total time =     345.85 ms /   110 tokens
llama_perf_context_print:    graphs reused =         20
[Qwen3.5 4B] 15. long query
Llama.generate: 1781 prefix-match hit, remaining 90 prompt tokens to eval
llama_perf_context_print:        load time =     354.50 ms
llama_perf_context_print: prompt eval time =      63.97 ms /    90 tokens (    0.71 ms per token,  1406.93 tokens per second)
llama_perf_context_print:        eval time =     236.26 ms /    18 runs   (   13.13 ms per token,    76.19 tokens per second)
llama_perf_context_print:       total time =     306.57 ms /   108 tokens
llama_perf_context_print:    graphs reused =         17
~llama_context:    Vulkan0 compute buffer size is 499.0176 MiB, matches expectation of 499.0176 MiB
~llama_context: Vulkan_Host compute buffer size is  14.0196 MiB, matches expectation of  14.0196 MiB
--- Spark X2.5 4B ---
[Spark X2.5 4B] 0. short query
Llama.generate: 229 prefix-match hit, remaining 23 prompt tokens to eval
llama_perf_context_print:        load time =     203.71 ms
llama_perf_context_print: prompt eval time =      36.08 ms /    23 tokens (    1.57 ms per token,   637.47 tokens per second)
llama_perf_context_print:        eval time =     133.51 ms /    12 runs   (   11.13 ms per token,    89.88 tokens per second)
llama_perf_context_print:       total time =     172.53 ms /    35 tokens
llama_perf_context_print:    graphs reused =         10
[Spark X2.5 4B] 1. short query
Llama.generate: 264 prefix-match hit, remaining 23 prompt tokens to eval
llama_perf_context_print:        load time =     203.71 ms
llama_perf_context_print: prompt eval time =      38.38 ms /    23 tokens (    1.67 ms per token,   599.21 tokens per second)
llama_perf_context_print:        eval time =     122.22 ms /    11 runs   (   11.11 ms per token,    90.00 tokens per second)
llama_perf_context_print:       total time =     163.34 ms /    34 tokens
llama_perf_context_print:    graphs reused =         10
[Spark X2.5 4B] 2. short query
Llama.generate: 298 prefix-match hit, remaining 25 prompt tokens to eval
llama_perf_context_print:        load time =     203.71 ms
llama_perf_context_print: prompt eval time =      39.09 ms /    25 tokens (    1.56 ms per token,   639.60 tokens per second)
llama_perf_context_print:        eval time =      89.08 ms /     8 runs   (   11.14 ms per token,    89.80 tokens per second)
llama_perf_context_print:       total time =     130.22 ms /    33 tokens
llama_perf_context_print:    graphs reused =          7
[Spark X2.5 4B] 3. short query
Llama.generate: 331 prefix-match hit, remaining 27 prompt tokens to eval
llama_perf_context_print:        load time =     203.71 ms
llama_perf_context_print: prompt eval time =      39.50 ms /    27 tokens (    1.46 ms per token,   683.61 tokens per second)
llama_perf_context_print:        eval time =     122.34 ms /    11 runs   (   11.12 ms per token,    89.91 tokens per second)
llama_perf_context_print:       total time =     164.49 ms /    38 tokens
llama_perf_context_print:    graphs reused =         10
[Spark X2.5 4B] 4. short query
Llama.generate: 369 prefix-match hit, remaining 21 prompt tokens to eval
llama_perf_context_print:        load time =     203.71 ms
llama_perf_context_print: prompt eval time =      38.52 ms /    21 tokens (    1.83 ms per token,   545.13 tokens per second)
llama_perf_context_print:        eval time =     111.27 ms /    10 runs   (   11.13 ms per token,    89.87 tokens per second)
llama_perf_context_print:       total time =     152.22 ms /    31 tokens
llama_perf_context_print:    graphs reused =          9
[Spark X2.5 4B] 5. short query
Llama.generate: 400 prefix-match hit, remaining 24 prompt tokens to eval
llama_perf_context_print:        load time =     203.71 ms
llama_perf_context_print: prompt eval time =      38.87 ms /    24 tokens (    1.62 ms per token,   617.51 tokens per second)
llama_perf_context_print:        eval time =     101.78 ms /     9 runs   (   11.31 ms per token,    88.42 tokens per second)
llama_perf_context_print:       total time =     143.09 ms /    33 tokens
llama_perf_context_print:    graphs reused =          8
[Spark X2.5 4B] 6. short query
Llama.generate: 433 prefix-match hit, remaining 26 prompt tokens to eval
llama_perf_context_print:        load time =     203.71 ms
llama_perf_context_print: prompt eval time =      39.51 ms /    26 tokens (    1.52 ms per token,   658.14 tokens per second)
llama_perf_context_print:        eval time =     113.23 ms /    10 runs   (   11.32 ms per token,    88.32 tokens per second)
llama_perf_context_print:       total time =     155.37 ms /    36 tokens
llama_perf_context_print:    graphs reused =          9
[Spark X2.5 4B] 7. short query
Llama.generate: 469 prefix-match hit, remaining 22 prompt tokens to eval
llama_perf_context_print:        load time =     203.71 ms
llama_perf_context_print: prompt eval time =      38.92 ms /    22 tokens (    1.77 ms per token,   565.28 tokens per second)
llama_perf_context_print:        eval time =     114.53 ms /    10 runs   (   11.45 ms per token,    87.31 tokens per second)
llama_perf_context_print:       total time =     156.20 ms /    32 tokens
llama_perf_context_print:    graphs reused =          9
[Spark X2.5 4B] 8. short query
Llama.generate: 501 prefix-match hit, remaining 22 prompt tokens to eval
llama_perf_context_print:        load time =     203.71 ms
llama_perf_context_print: prompt eval time =      36.48 ms /    22 tokens (    1.66 ms per token,   603.05 tokens per second)
llama_perf_context_print:        eval time =     125.58 ms /    11 runs   (   11.42 ms per token,    87.59 tokens per second)
llama_perf_context_print:       total time =     164.81 ms /    33 tokens
llama_perf_context_print:    graphs reused =         10
[Spark X2.5 4B] 9. short query
Llama.generate: 534 prefix-match hit, remaining 22 prompt tokens to eval
llama_perf_context_print:        load time =     203.71 ms
llama_perf_context_print: prompt eval time =      36.75 ms /    22 tokens (    1.67 ms per token,   598.69 tokens per second)
llama_perf_context_print:        eval time =      91.39 ms /     8 runs   (   11.42 ms per token,    87.53 tokens per second)
llama_perf_context_print:       total time =     130.33 ms /    30 tokens
llama_perf_context_print:    graphs reused =          7
[Spark X2.5 4B] 10. short query
Llama.generate: 564 prefix-match hit, remaining 27 prompt tokens to eval
llama_perf_context_print:        load time =     203.71 ms
llama_perf_context_print: prompt eval time =      37.33 ms /    27 tokens (    1.38 ms per token,   723.30 tokens per second)
llama_perf_context_print:        eval time =     102.93 ms /     9 runs   (   11.44 ms per token,    87.44 tokens per second)
llama_perf_context_print:       total time =     142.77 ms /    36 tokens
llama_perf_context_print:    graphs reused =          8
[Spark X2.5 4B] 11. short query
Llama.generate: 600 prefix-match hit, remaining 22 prompt tokens to eval
llama_perf_context_print:        load time =     203.71 ms
llama_perf_context_print: prompt eval time =      36.48 ms /    22 tokens (    1.66 ms per token,   603.15 tokens per second)
llama_perf_context_print:        eval time =     114.44 ms /    10 runs   (   11.44 ms per token,    87.38 tokens per second)
llama_perf_context_print:       total time =     153.54 ms /    32 tokens
llama_perf_context_print:    graphs reused =          9
[Spark X2.5 4B] 12. short query
Llama.generate: 632 prefix-match hit, remaining 23 prompt tokens to eval
llama_perf_context_print:        load time =     203.71 ms
llama_perf_context_print: prompt eval time =      36.80 ms /    23 tokens (    1.60 ms per token,   624.97 tokens per second)
llama_perf_context_print:        eval time =     114.97 ms /    10 runs   (   11.50 ms per token,    86.98 tokens per second)
llama_perf_context_print:       total time =     154.50 ms /    33 tokens
llama_perf_context_print:    graphs reused =          9
[Spark X2.5 4B] 13. short query
Llama.generate: 665 prefix-match hit, remaining 24 prompt tokens to eval
llama_perf_context_print:        load time =     203.71 ms
llama_perf_context_print: prompt eval time =      36.64 ms /    24 tokens (    1.53 ms per token,   655.04 tokens per second)
llama_perf_context_print:        eval time =      69.47 ms /     6 runs   (   11.58 ms per token,    86.37 tokens per second)
llama_perf_context_print:       total time =     107.90 ms /    30 tokens
llama_perf_context_print:    graphs reused =          5
[Spark X2.5 4B] 14. short query
Llama.generate: 695 prefix-match hit, remaining 24 prompt tokens to eval
llama_perf_context_print:        load time =     203.71 ms
llama_perf_context_print: prompt eval time =      36.81 ms /    24 tokens (    1.53 ms per token,   651.94 tokens per second)
llama_perf_context_print:        eval time =     103.33 ms /     9 runs   (   11.48 ms per token,    87.10 tokens per second)
llama_perf_context_print:       total time =     142.67 ms /    33 tokens
llama_perf_context_print:    graphs reused =          8
[Spark X2.5 4B] 15. short query
Llama.generate: 728 prefix-match hit, remaining 23 prompt tokens to eval
llama_perf_context_print:        load time =     203.71 ms
llama_perf_context_print: prompt eval time =      36.69 ms /    23 tokens (    1.60 ms per token,   626.84 tokens per second)
llama_perf_context_print:        eval time =     125.76 ms /    11 runs   (   11.43 ms per token,    87.47 tokens per second)
llama_perf_context_print:       total time =     165.37 ms /    34 tokens
llama_perf_context_print:    graphs reused =         10
[Spark X2.5 4B] 0. long query
Llama.generate: 229 prefix-match hit, remaining 81 prompt tokens to eval
llama_perf_context_print:        load time =     203.71 ms
llama_perf_context_print: prompt eval time =      46.60 ms /    81 tokens (    0.58 ms per token,  1738.27 tokens per second)
llama_perf_context_print:        eval time =     279.28 ms /    25 runs   (   11.17 ms per token,    89.52 tokens per second)
llama_perf_context_print:       total time =     332.47 ms /   106 tokens
llama_perf_context_print:    graphs reused =         24
[Spark X2.5 4B] 1. long query
Llama.generate: 335 prefix-match hit, remaining 77 prompt tokens to eval
llama_perf_context_print:        load time =     203.71 ms
llama_perf_context_print: prompt eval time =      51.74 ms /    77 tokens (    0.67 ms per token,  1488.30 tokens per second)
llama_perf_context_print:        eval time =     200.73 ms /    18 runs   (   11.15 ms per token,    89.67 tokens per second)
llama_perf_context_print:       total time =     256.76 ms /    95 tokens
llama_perf_context_print:    graphs reused =         17
[Spark X2.5 4B] 2. long query
Llama.generate: 430 prefix-match hit, remaining 77 prompt tokens to eval
llama_perf_context_print:        load time =     203.71 ms
llama_perf_context_print: prompt eval time =      52.00 ms /    77 tokens (    0.68 ms per token,  1480.68 tokens per second)
llama_perf_context_print:        eval time =     195.04 ms /    17 runs   (   11.47 ms per token,    87.16 tokens per second)
llama_perf_context_print:       total time =     251.32 ms /    94 tokens
llama_perf_context_print:    graphs reused =         15
[Spark X2.5 4B] 3. long query
Llama.generate: 524 prefix-match hit, remaining 83 prompt tokens to eval
llama_perf_context_print:        load time =     203.71 ms
llama_perf_context_print: prompt eval time =      53.07 ms /    83 tokens (    0.64 ms per token,  1564.00 tokens per second)
llama_perf_context_print:        eval time =     192.40 ms /    17 runs   (   11.32 ms per token,    88.36 tokens per second)
llama_perf_context_print:       total time =     249.83 ms /   100 tokens
llama_perf_context_print:    graphs reused =         16
[Spark X2.5 4B] 4. long query
Llama.generate: 624 prefix-match hit, remaining 87 prompt tokens to eval
llama_perf_context_print:        load time =     203.71 ms
llama_perf_context_print: prompt eval time =      53.18 ms /    87 tokens (    0.61 ms per token,  1636.01 tokens per second)
llama_perf_context_print:        eval time =     182.03 ms /    16 runs   (   11.38 ms per token,    87.90 tokens per second)
llama_perf_context_print:       total time =     239.44 ms /   103 tokens
llama_perf_context_print:    graphs reused =         15
[Spark X2.5 4B] 5. long query
Llama.generate: 727 prefix-match hit, remaining 90 prompt tokens to eval
llama_perf_context_print:        load time =     203.71 ms
llama_perf_context_print: prompt eval time =      53.70 ms /    90 tokens (    0.60 ms per token,  1675.88 tokens per second)
llama_perf_context_print:        eval time =     193.48 ms /    17 runs   (   11.38 ms per token,    87.86 tokens per second)
llama_perf_context_print:       total time =     251.60 ms /   107 tokens
llama_perf_context_print:    graphs reused =         16
[Spark X2.5 4B] 6. long query
Llama.generate: 834 prefix-match hit, remaining 83 prompt tokens to eval
llama_perf_context_print:        load time =     203.71 ms
llama_perf_context_print: prompt eval time =      53.10 ms /    83 tokens (    0.64 ms per token,  1563.15 tokens per second)
llama_perf_context_print:        eval time =     205.55 ms /    18 runs   (   11.42 ms per token,    87.57 tokens per second)
llama_perf_context_print:       total time =     263.33 ms /   101 tokens
llama_perf_context_print:    graphs reused =         17
[Spark X2.5 4B] 7. long query
Llama.generate: 935 prefix-match hit, remaining 86 prompt tokens to eval
llama_perf_context_print:        load time =     203.71 ms
llama_perf_context_print: prompt eval time =      53.65 ms /    86 tokens (    0.62 ms per token,  1602.98 tokens per second)
llama_perf_context_print:        eval time =     195.46 ms /    17 runs   (   11.50 ms per token,    86.97 tokens per second)
llama_perf_context_print:       total time =     253.63 ms /   103 tokens
llama_perf_context_print:    graphs reused =         15
[Spark X2.5 4B] 8. long query
Llama.generate: 1038 prefix-match hit, remaining 84 prompt tokens to eval
llama_perf_context_print:        load time =     203.71 ms
llama_perf_context_print: prompt eval time =      53.25 ms /    84 tokens (    0.63 ms per token,  1577.58 tokens per second)
llama_perf_context_print:        eval time =     195.57 ms /    17 runs   (   11.50 ms per token,    86.92 tokens per second)
llama_perf_context_print:       total time =     253.30 ms /   101 tokens
llama_perf_context_print:    graphs reused =         16
[Spark X2.5 4B] 9. long query
Llama.generate: 1139 prefix-match hit, remaining 86 prompt tokens to eval
llama_perf_context_print:        load time =     203.71 ms
llama_perf_context_print: prompt eval time =      54.50 ms /    86 tokens (    0.63 ms per token,  1577.89 tokens per second)
llama_perf_context_print:        eval time =     184.84 ms /    16 runs   (   11.55 ms per token,    86.56 tokens per second)
llama_perf_context_print:       total time =     243.75 ms /   102 tokens
llama_perf_context_print:    graphs reused =         15
[Spark X2.5 4B] 10. long query
Llama.generate: 1241 prefix-match hit, remaining 79 prompt tokens to eval
llama_perf_context_print:        load time =     203.71 ms
llama_perf_context_print: prompt eval time =      53.93 ms /    79 tokens (    0.68 ms per token,  1464.94 tokens per second)
llama_perf_context_print:        eval time =     207.78 ms /    18 runs   (   11.54 ms per token,    86.63 tokens per second)
llama_perf_context_print:       total time =     266.57 ms /    97 tokens
llama_perf_context_print:    graphs reused =         17
[Spark X2.5 4B] 11. long query
Llama.generate: 1338 prefix-match hit, remaining 82 prompt tokens to eval
llama_perf_context_print:        load time =     203.71 ms
llama_perf_context_print: prompt eval time =      54.06 ms /    82 tokens (    0.66 ms per token,  1516.81 tokens per second)
llama_perf_context_print:        eval time =     196.78 ms /    17 runs   (   11.58 ms per token,    86.39 tokens per second)
llama_perf_context_print:       total time =     255.36 ms /    99 tokens
llama_perf_context_print:    graphs reused =         16
[Spark X2.5 4B] 12. long query
Llama.generate: 1437 prefix-match hit, remaining 87 prompt tokens to eval
llama_perf_context_print:        load time =     203.71 ms
llama_perf_context_print: prompt eval time =      54.39 ms /    87 tokens (    0.63 ms per token,  1599.53 tokens per second)
llama_perf_context_print:        eval time =     197.90 ms /    17 runs   (   11.64 ms per token,    85.90 tokens per second)
llama_perf_context_print:       total time =     256.91 ms /   104 tokens
llama_perf_context_print:    graphs reused =         15
[Spark X2.5 4B] 13. long query
Llama.generate: 1541 prefix-match hit, remaining 84 prompt tokens to eval
llama_perf_context_print:        load time =     203.71 ms
llama_perf_context_print: prompt eval time =      54.42 ms /    84 tokens (    0.65 ms per token,  1543.66 tokens per second)
llama_perf_context_print:        eval time =     198.05 ms /    17 runs   (   11.65 ms per token,    85.84 tokens per second)
llama_perf_context_print:       total time =     257.11 ms /   101 tokens
llama_perf_context_print:    graphs reused =         16
[Spark X2.5 4B] 14. long query
Llama.generate: 1642 prefix-match hit, remaining 88 prompt tokens to eval
llama_perf_context_print:        load time =     203.71 ms
llama_perf_context_print: prompt eval time =      54.94 ms /    88 tokens (    0.62 ms per token,  1601.66 tokens per second)
llama_perf_context_print:        eval time =     197.99 ms /    17 runs   (   11.65 ms per token,    85.86 tokens per second)
llama_perf_context_print:       total time =     257.68 ms /   105 tokens
llama_perf_context_print:    graphs reused =         16
[Spark X2.5 4B] 15. long query
Llama.generate: 1747 prefix-match hit, remaining 92 prompt tokens to eval
llama_perf_context_print:        load time =     203.71 ms
llama_perf_context_print: prompt eval time =      55.76 ms /    92 tokens (    0.61 ms per token,  1649.93 tokens per second)
llama_perf_context_print:        eval time =     200.22 ms /    17 runs   (   11.78 ms per token,    84.91 tokens per second)
llama_perf_context_print:       total time =     260.68 ms /   109 tokens
llama_perf_context_print:    graphs reused =         16
~llama_context:    Vulkan0 compute buffer size is 261.0000 MiB, matches expectation of 261.0000 MiB
~llama_context: Vulkan_Host compute buffer size is  18.0215 MiB, matches expectation of  18.0215 MiB
--- granite 4.2 3B ---
[granite 4.2 3B] 0. short query
Llama.generate: 221 prefix-match hit, remaining 22 prompt tokens to eval
llama_perf_context_print:        load time =     257.55 ms
llama_perf_context_print: prompt eval time =      29.01 ms /    22 tokens (    1.32 ms per token,   758.31 tokens per second)
llama_perf_context_print:        eval time =     138.11 ms /    14 runs   (    9.87 ms per token,   101.37 tokens per second)
llama_perf_context_print:       total time =     170.30 ms /    36 tokens
llama_perf_context_print:    graphs reused =         12
[granite 4.2 3B] 1. short query
Llama.generate: 257 prefix-match hit, remaining 23 prompt tokens to eval
llama_perf_context_print:        load time =     257.55 ms
llama_perf_context_print: prompt eval time =      30.70 ms /    23 tokens (    1.33 ms per token,   749.28 tokens per second)
llama_perf_context_print:        eval time =     117.46 ms /    12 runs   (    9.79 ms per token,   102.17 tokens per second)
llama_perf_context_print:       total time =     150.89 ms /    35 tokens
llama_perf_context_print:    graphs reused =         11
[granite 4.2 3B] 2. short query
Llama.generate: 292 prefix-match hit, remaining 24 prompt tokens to eval
llama_perf_context_print:        load time =     257.55 ms
llama_perf_context_print: prompt eval time =      31.81 ms /    24 tokens (    1.33 ms per token,   754.53 tokens per second)
llama_perf_context_print:        eval time =     146.20 ms /    15 runs   (    9.75 ms per token,   102.60 tokens per second)
llama_perf_context_print:       total time =     181.22 ms /    39 tokens
llama_perf_context_print:    graphs reused =         14
[granite 4.2 3B] 3. short query
Llama.generate: 331 prefix-match hit, remaining 25 prompt tokens to eval
llama_perf_context_print:        load time =     257.55 ms
llama_perf_context_print: prompt eval time =      31.78 ms /    25 tokens (    1.27 ms per token,   786.66 tokens per second)
llama_perf_context_print:        eval time =     165.50 ms /    17 runs   (    9.74 ms per token,   102.72 tokens per second)
llama_perf_context_print:       total time =     200.90 ms /    42 tokens
llama_perf_context_print:    graphs reused =         16
[granite 4.2 3B] 4. short query
Llama.generate: 373 prefix-match hit, remaining 21 prompt tokens to eval
llama_perf_context_print:        load time =     257.55 ms
llama_perf_context_print: prompt eval time =      30.80 ms /    21 tokens (    1.47 ms per token,   681.93 tokens per second)
llama_perf_context_print:        eval time =     225.67 ms /    23 runs   (    9.81 ms per token,   101.92 tokens per second)
llama_perf_context_print:       total time =     261.52 ms /    44 tokens
llama_perf_context_print:    graphs reused =         22
[granite 4.2 3B] 5. short query
Llama.generate: 417 prefix-match hit, remaining 24 prompt tokens to eval
llama_perf_context_print:        load time =     257.55 ms
llama_perf_context_print: prompt eval time =      32.59 ms /    24 tokens (    1.36 ms per token,   736.49 tokens per second)
llama_perf_context_print:        eval time =     137.36 ms /    14 runs   (    9.81 ms per token,   101.92 tokens per second)
llama_perf_context_print:       total time =     172.81 ms /    38 tokens
llama_perf_context_print:    graphs reused =         13
[granite 4.2 3B] 6. short query
Llama.generate: 455 prefix-match hit, remaining 26 prompt tokens to eval
llama_perf_context_print:        load time =     257.55 ms
llama_perf_context_print: prompt eval time =      31.62 ms /    26 tokens (    1.22 ms per token,   822.26 tokens per second)
llama_perf_context_print:        eval time =     108.04 ms /    11 runs   (    9.82 ms per token,   101.82 tokens per second)
llama_perf_context_print:       total time =     142.13 ms /    37 tokens
llama_perf_context_print:    graphs reused =         10
[granite 4.2 3B] 7. short query
Llama.generate: 492 prefix-match hit, remaining 21 prompt tokens to eval
llama_perf_context_print:        load time =     257.55 ms
llama_perf_context_print: prompt eval time =      31.36 ms /    21 tokens (    1.49 ms per token,   669.56 tokens per second)
llama_perf_context_print:        eval time =     128.68 ms /    13 runs   (    9.90 ms per token,   101.02 tokens per second)
llama_perf_context_print:       total time =     163.07 ms /    34 tokens
llama_perf_context_print:    graphs reused =         12
[granite 4.2 3B] 8. short query
Llama.generate: 526 prefix-match hit, remaining 22 prompt tokens to eval
llama_perf_context_print:        load time =     257.55 ms
llama_perf_context_print: prompt eval time =      31.66 ms /    22 tokens (    1.44 ms per token,   694.84 tokens per second)
llama_perf_context_print:        eval time =     141.63 ms /    14 runs   (   10.12 ms per token,    98.85 tokens per second)
llama_perf_context_print:       total time =     176.63 ms /    36 tokens
llama_perf_context_print:    graphs reused =         13
[granite 4.2 3B] 9. short query
Llama.generate: 562 prefix-match hit, remaining 22 prompt tokens to eval
llama_perf_context_print:        load time =     257.55 ms
llama_perf_context_print: prompt eval time =      32.70 ms /    22 tokens (    1.49 ms per token,   672.72 tokens per second)
llama_perf_context_print:        eval time =     101.64 ms /    10 runs   (   10.16 ms per token,    98.39 tokens per second)
llama_perf_context_print:       total time =     136.68 ms /    32 tokens
llama_perf_context_print:    graphs reused =          9
[granite 4.2 3B] 10. short query
Llama.generate: 594 prefix-match hit, remaining 27 prompt tokens to eval
llama_perf_context_print:        load time =     257.55 ms
llama_perf_context_print: prompt eval time =      32.36 ms /    27 tokens (    1.20 ms per token,   834.29 tokens per second)
llama_perf_context_print:        eval time =     199.18 ms /    20 runs   (    9.96 ms per token,   100.41 tokens per second)
llama_perf_context_print:       total time =     236.11 ms /    47 tokens
llama_perf_context_print:    graphs reused =         19
[granite 4.2 3B] 11. short query
Llama.generate: 641 prefix-match hit, remaining 22 prompt tokens to eval
llama_perf_context_print:        load time =     257.55 ms
llama_perf_context_print: prompt eval time =      31.88 ms /    22 tokens (    1.45 ms per token,   690.13 tokens per second)
llama_perf_context_print:        eval time =     129.37 ms /    13 runs   (    9.95 ms per token,   100.49 tokens per second)
llama_perf_context_print:       total time =     164.20 ms /    35 tokens
llama_perf_context_print:    graphs reused =         12
[granite 4.2 3B] 12. short query
Llama.generate: 676 prefix-match hit, remaining 23 prompt tokens to eval
llama_perf_context_print:        load time =     257.55 ms
llama_perf_context_print: prompt eval time =      32.67 ms /    23 tokens (    1.42 ms per token,   703.97 tokens per second)
llama_perf_context_print:        eval time =     157.42 ms /    16 runs   (    9.84 ms per token,   101.64 tokens per second)
llama_perf_context_print:       total time =     193.77 ms /    39 tokens
llama_perf_context_print:    graphs reused =         15
[granite 4.2 3B] 13. short query
Llama.generate: 715 prefix-match hit, remaining 24 prompt tokens to eval
llama_perf_context_print:        load time =     257.55 ms
llama_perf_context_print: prompt eval time =      33.37 ms /    24 tokens (    1.39 ms per token,   719.17 tokens per second)
llama_perf_context_print:        eval time =     127.99 ms /    13 runs   (    9.85 ms per token,   101.57 tokens per second)
llama_perf_context_print:       total time =     164.09 ms /    37 tokens
llama_perf_context_print:    graphs reused =         12
[granite 4.2 3B] 14. short query
Llama.generate: 752 prefix-match hit, remaining 24 prompt tokens to eval
llama_perf_context_print:        load time =     257.55 ms
llama_perf_context_print: prompt eval time =      33.53 ms /    24 tokens (    1.40 ms per token,   715.73 tokens per second)
llama_perf_context_print:        eval time =     160.88 ms /    16 runs   (   10.05 ms per token,    99.45 tokens per second)
llama_perf_context_print:       total time =     198.15 ms /    40 tokens
llama_perf_context_print:    graphs reused =         15
[granite 4.2 3B] 15. short query
Llama.generate: 792 prefix-match hit, remaining 22 prompt tokens to eval
llama_perf_context_print:        load time =     257.55 ms
llama_perf_context_print: prompt eval time =      33.72 ms /    22 tokens (    1.53 ms per token,   652.51 tokens per second)
llama_perf_context_print:        eval time =     140.46 ms /    14 runs   (   10.03 ms per token,    99.67 tokens per second)
llama_perf_context_print:       total time =     177.48 ms /    36 tokens
llama_perf_context_print:    graphs reused =         13
[granite 4.2 3B] 0. long query
Llama.generate: 221 prefix-match hit, remaining 78 prompt tokens to eval
llama_perf_context_print:        load time =     257.55 ms
llama_perf_context_print: prompt eval time =      39.40 ms /    78 tokens (    0.51 ms per token,  1979.95 tokens per second)
llama_perf_context_print:        eval time =     175.62 ms /    18 runs   (    9.76 ms per token,   102.49 tokens per second)
llama_perf_context_print:       total time =     219.19 ms /    96 tokens
llama_perf_context_print:    graphs reused =         17
[granite 4.2 3B] 1. long query
Llama.generate: 317 prefix-match hit, remaining 76 prompt tokens to eval
llama_perf_context_print:        load time =     257.55 ms
llama_perf_context_print: prompt eval time =      45.40 ms /    76 tokens (    0.60 ms per token,  1674.08 tokens per second)
llama_perf_context_print:        eval time =     136.40 ms /    14 runs   (    9.74 ms per token,   102.64 tokens per second)
llama_perf_context_print:       total time =     184.93 ms /    90 tokens
llama_perf_context_print:    graphs reused =         13
[granite 4.2 3B] 2. long query
Llama.generate: 407 prefix-match hit, remaining 75 prompt tokens to eval
llama_perf_context_print:        load time =     257.55 ms
llama_perf_context_print: prompt eval time =      45.45 ms /    75 tokens (    0.61 ms per token,  1650.09 tokens per second)
llama_perf_context_print:        eval time =      98.16 ms /    10 runs   (    9.82 ms per token,   101.88 tokens per second)
llama_perf_context_print:       total time =     146.08 ms /    85 tokens
llama_perf_context_print:    graphs reused =          9
[granite 4.2 3B] 3. long query
Llama.generate: 492 prefix-match hit, remaining 80 prompt tokens to eval
llama_perf_context_print:        load time =     257.55 ms
llama_perf_context_print: prompt eval time =      49.40 ms /    80 tokens (    0.62 ms per token,  1619.37 tokens per second)
llama_perf_context_print:        eval time =     138.06 ms /    14 runs   (    9.86 ms per token,   101.41 tokens per second)
llama_perf_context_print:       total time =     190.85 ms /    94 tokens
llama_perf_context_print:    graphs reused =         13
[granite 4.2 3B] 4. long query
Llama.generate: 586 prefix-match hit, remaining 85 prompt tokens to eval
llama_perf_context_print:        load time =     257.55 ms
llama_perf_context_print: prompt eval time =      50.11 ms /    85 tokens (    0.59 ms per token,  1696.40 tokens per second)
llama_perf_context_print:        eval time =     165.96 ms /    17 runs   (    9.76 ms per token,   102.43 tokens per second)
llama_perf_context_print:       total time =     219.44 ms /   102 tokens
llama_perf_context_print:    graphs reused =         16
[granite 4.2 3B] 5. long query
Llama.generate: 688 prefix-match hit, remaining 85 prompt tokens to eval
llama_perf_context_print:        load time =     257.55 ms
llama_perf_context_print: prompt eval time =      55.57 ms /    85 tokens (    0.65 ms per token,  1529.71 tokens per second)
llama_perf_context_print:        eval time =     177.70 ms /    18 runs   (    9.87 ms per token,   101.29 tokens per second)
llama_perf_context_print:       total time =     237.71 ms /   103 tokens
llama_perf_context_print:    graphs reused =         17
[granite 4.2 3B] 6. long query
Llama.generate: 791 prefix-match hit, remaining 79 prompt tokens to eval
llama_perf_context_print:        load time =     257.55 ms
llama_perf_context_print: prompt eval time =      54.94 ms /    79 tokens (    0.70 ms per token,  1438.04 tokens per second)
llama_perf_context_print:        eval time =     167.60 ms /    17 runs   (    9.86 ms per token,   101.43 tokens per second)
llama_perf_context_print:       total time =     226.60 ms /    96 tokens
llama_perf_context_print:    graphs reused =         16
[granite 4.2 3B] 7. long query
Llama.generate: 887 prefix-match hit, remaining 85 prompt tokens to eval
llama_perf_context_print:        load time =     257.55 ms
llama_perf_context_print: prompt eval time =      55.70 ms /    85 tokens (    0.66 ms per token,  1526.11 tokens per second)
llama_perf_context_print:        eval time =     195.81 ms /    20 runs   (    9.79 ms per token,   102.14 tokens per second)
llama_perf_context_print:       total time =     254.98 ms /   105 tokens
llama_perf_context_print:    graphs reused =         19
[granite 4.2 3B] 8. long query
Llama.generate: 992 prefix-match hit, remaining 81 prompt tokens to eval
llama_perf_context_print:        load time =     257.55 ms
llama_perf_context_print: prompt eval time =      55.31 ms /    81 tokens (    0.68 ms per token,  1464.50 tokens per second)
llama_perf_context_print:        eval time =     178.21 ms /    18 runs   (    9.90 ms per token,   101.00 tokens per second)
llama_perf_context_print:       total time =     236.80 ms /    99 tokens
llama_perf_context_print:    graphs reused =         17
[granite 4.2 3B] 9. long query
Llama.generate: 1091 prefix-match hit, remaining 82 prompt tokens to eval
llama_perf_context_print:        load time =     257.55 ms
llama_perf_context_print: prompt eval time =      55.62 ms /    82 tokens (    0.68 ms per token,  1474.37 tokens per second)
llama_perf_context_print:        eval time =     208.58 ms /    21 runs   (    9.93 ms per token,   100.68 tokens per second)
llama_perf_context_print:       total time =     268.02 ms /   103 tokens
llama_perf_context_print:    graphs reused =         20
[granite 4.2 3B] 10. long query
Llama.generate: 1194 prefix-match hit, remaining 77 prompt tokens to eval
llama_perf_context_print:        load time =     257.55 ms
llama_perf_context_print: prompt eval time =      52.47 ms /    77 tokens (    0.68 ms per token,  1467.48 tokens per second)
llama_perf_context_print:        eval time =     161.42 ms /    16 runs   (   10.09 ms per token,    99.12 tokens per second)
llama_perf_context_print:       total time =     216.91 ms /    93 tokens
llama_perf_context_print:    graphs reused =         14
[granite 4.2 3B] 11. long query
Llama.generate: 1287 prefix-match hit, remaining 81 prompt tokens to eval
llama_perf_context_print:        load time =     257.55 ms
llama_perf_context_print: prompt eval time =      53.07 ms /    81 tokens (    0.66 ms per token,  1526.23 tokens per second)
llama_perf_context_print:        eval time =     110.76 ms /    11 runs   (   10.07 ms per token,    99.32 tokens per second)
llama_perf_context_print:       total time =     165.97 ms /    92 tokens
llama_perf_context_print:    graphs reused =         10
[granite 4.2 3B] 12. long query
Llama.generate: 1379 prefix-match hit, remaining 85 prompt tokens to eval
llama_perf_context_print:        load time =     257.55 ms
llama_perf_context_print: prompt eval time =      56.81 ms /    85 tokens (    0.67 ms per token,  1496.19 tokens per second)
llama_perf_context_print:        eval time =     200.54 ms /    20 runs   (   10.03 ms per token,    99.73 tokens per second)
llama_perf_context_print:       total time =     261.09 ms /   105 tokens
llama_perf_context_print:    graphs reused =         19
[granite 4.2 3B] 13. long query
Llama.generate: 1484 prefix-match hit, remaining 82 prompt tokens to eval
llama_perf_context_print:        load time =     257.55 ms
llama_perf_context_print: prompt eval time =      56.81 ms /    82 tokens (    0.69 ms per token,  1443.28 tokens per second)
llama_perf_context_print:        eval time =     212.55 ms /    21 runs   (   10.12 ms per token,    98.80 tokens per second)
llama_perf_context_print:       total time =     273.20 ms /   103 tokens
llama_perf_context_print:    graphs reused =         20
[granite 4.2 3B] 14. long query
Llama.generate: 1587 prefix-match hit, remaining 87 prompt tokens to eval
llama_perf_context_print:        load time =     257.55 ms
llama_perf_context_print: prompt eval time =      57.31 ms /    87 tokens (    0.66 ms per token,  1518.01 tokens per second)
llama_perf_context_print:        eval time =     163.70 ms /    16 runs   (   10.23 ms per token,    97.74 tokens per second)
llama_perf_context_print:       total time =     224.03 ms /   103 tokens
llama_perf_context_print:    graphs reused =         15
[granite 4.2 3B] 15. long query
Llama.generate: 1690 prefix-match hit, remaining 90 prompt tokens to eval
llama_perf_context_print:        load time =     257.55 ms
llama_perf_context_print: prompt eval time =      57.72 ms /    90 tokens (    0.64 ms per token,  1559.14 tokens per second)
llama_perf_context_print:        eval time =     205.56 ms /    20 runs   (   10.28 ms per token,    97.30 tokens per second)
llama_perf_context_print:       total time =     267.00 ms /   110 tokens
llama_perf_context_print:    graphs reused =         18
~llama_context:    Vulkan0 compute buffer size is 206.0000 MiB, matches expectation of 206.0000 MiB
~llama_context: Vulkan_Host compute buffer size is  14.0137 MiB, matches expectation of  14.0137 MiB
--- Ministral 3 3B ---
[Ministral 3 3B] 0. short query
Llama.generate: 212 prefix-match hit, remaining 14 prompt tokens to eval
llama_perf_context_print:        load time =     234.75 ms
llama_perf_context_print: prompt eval time =      26.67 ms /    14 tokens (    1.90 ms per token,   524.95 tokens per second)
llama_perf_context_print:        eval time =     263.26 ms /    27 runs   (    9.75 ms per token,   102.56 tokens per second)
llama_perf_context_print:       total time =     296.66 ms /    41 tokens
llama_perf_context_print:    graphs reused =          0
[Ministral 3 3B] 1. short query
Llama.generate: 253 prefix-match hit, remaining 14 prompt tokens to eval
llama_perf_context_print:        load time =     234.75 ms
llama_perf_context_print: prompt eval time =      26.94 ms /    14 tokens (    1.92 ms per token,   519.71 tokens per second)
llama_perf_context_print:        eval time =     243.91 ms /    25 runs   (    9.76 ms per token,   102.50 tokens per second)
llama_perf_context_print:       total time =     276.69 ms /    39 tokens
llama_perf_context_print:    graphs reused =          0
[Ministral 3 3B] 2. short query
Llama.generate: 292 prefix-match hit, remaining 16 prompt tokens to eval
llama_perf_context_print:        load time =     234.75 ms
llama_perf_context_print: prompt eval time =      27.90 ms /    16 tokens (    1.74 ms per token,   573.44 tokens per second)
llama_perf_context_print:        eval time =     303.61 ms /    31 runs   (    9.79 ms per token,   102.11 tokens per second)
llama_perf_context_print:       total time =     339.18 ms /    47 tokens
llama_perf_context_print:    graphs reused =          0
[Ministral 3 3B] 3. short query
Llama.generate: 339 prefix-match hit, remaining 18 prompt tokens to eval
llama_perf_context_print:        load time =     234.75 ms
llama_perf_context_print: prompt eval time =      27.91 ms /    18 tokens (    1.55 ms per token,   644.88 tokens per second)
llama_perf_context_print:        eval time =     286.05 ms /    29 runs   (    9.86 ms per token,   101.38 tokens per second)
llama_perf_context_print:       total time =     321.09 ms /    47 tokens
llama_perf_context_print:    graphs reused =          0
[Ministral 3 3B] 4. short query
Llama.generate: 386 prefix-match hit, remaining 12 prompt tokens to eval
llama_perf_context_print:        load time =     234.75 ms
llama_perf_context_print: prompt eval time =      26.70 ms /    12 tokens (    2.22 ms per token,   449.46 tokens per second)
llama_perf_context_print:        eval time =     254.75 ms /    26 runs   (    9.80 ms per token,   102.06 tokens per second)
llama_perf_context_print:       total time =     287.50 ms /    38 tokens
llama_perf_context_print:    graphs reused =          0
[Ministral 3 3B] 5. short query
Llama.generate: 424 prefix-match hit, remaining 15 prompt tokens to eval
llama_perf_context_print:        load time =     234.75 ms
llama_perf_context_print: prompt eval time =      28.10 ms /    15 tokens (    1.87 ms per token,   533.73 tokens per second)
llama_perf_context_print:        eval time =     324.44 ms /    33 runs   (    9.83 ms per token,   101.72 tokens per second)
llama_perf_context_print:       total time =     360.53 ms /    48 tokens
llama_perf_context_print:    graphs reused =          0
[Ministral 3 3B] 6. short query
Llama.generate: 472 prefix-match hit, remaining 17 prompt tokens to eval
llama_perf_context_print:        load time =     234.75 ms
llama_perf_context_print: prompt eval time =      28.48 ms /    17 tokens (    1.68 ms per token,   596.99 tokens per second)
llama_perf_context_print:        eval time =     388.89 ms /    39 runs   (    9.97 ms per token,   100.29 tokens per second)
llama_perf_context_print:       total time =     427.66 ms /    56 tokens
llama_perf_context_print:    graphs reused =          0
[Ministral 3 3B] 7. short query
Llama.generate: 528 prefix-match hit, remaining 13 prompt tokens to eval
llama_perf_context_print:        load time =     234.75 ms
llama_perf_context_print: prompt eval time =      27.84 ms /    13 tokens (    2.14 ms per token,   466.89 tokens per second)
llama_perf_context_print:        eval time =     319.21 ms /    32 runs   (    9.98 ms per token,   100.25 tokens per second)
llama_perf_context_print:       total time =     355.33 ms /    45 tokens
llama_perf_context_print:    graphs reused =          0
[Ministral 3 3B] 8. short query
Llama.generate: 573 prefix-match hit, remaining 13 prompt tokens to eval
llama_perf_context_print:        load time =     234.75 ms
llama_perf_context_print: prompt eval time =      31.05 ms /    13 tokens (    2.39 ms per token,   418.67 tokens per second)
llama_perf_context_print:        eval time =     257.78 ms /    26 runs   (    9.91 ms per token,   100.86 tokens per second)
llama_perf_context_print:       total time =     294.83 ms /    39 tokens
llama_perf_context_print:    graphs reused =          0
[Ministral 3 3B] 9. short query
Llama.generate: 612 prefix-match hit, remaining 13 prompt tokens to eval
llama_perf_context_print:        load time =     234.75 ms
llama_perf_context_print: prompt eval time =      28.61 ms /    13 tokens (    2.20 ms per token,   454.45 tokens per second)
llama_perf_context_print:        eval time =     447.83 ms /    45 runs   (    9.95 ms per token,   100.48 tokens per second)
llama_perf_context_print:       total time =     487.68 ms /    58 tokens
llama_perf_context_print:    graphs reused =          0
[Ministral 3 3B] 10. short query
Llama.generate: 670 prefix-match hit, remaining 18 prompt tokens to eval
llama_perf_context_print:        load time =     234.75 ms
llama_perf_context_print: prompt eval time =      28.52 ms /    18 tokens (    1.58 ms per token,   631.09 tokens per second)
llama_perf_context_print:        eval time =     338.03 ms /    34 runs   (    9.94 ms per token,   100.58 tokens per second)
llama_perf_context_print:       total time =     374.90 ms /    52 tokens
llama_perf_context_print:    graphs reused =          0
[Ministral 3 3B] 11. short query
Llama.generate: 722 prefix-match hit, remaining 13 prompt tokens to eval
llama_perf_context_print:        load time =     234.75 ms
llama_perf_context_print: prompt eval time =      27.87 ms /    13 tokens (    2.14 ms per token,   466.43 tokens per second)
llama_perf_context_print:        eval time =     259.79 ms /    26 runs   (    9.99 ms per token,   100.08 tokens per second)
llama_perf_context_print:       total time =     294.30 ms /    39 tokens
llama_perf_context_print:    graphs reused =          0
[Ministral 3 3B] 12. short query
Llama.generate: 761 prefix-match hit, remaining 14 prompt tokens to eval
llama_perf_context_print:        load time =     234.75 ms
llama_perf_context_print: prompt eval time =      28.31 ms /    14 tokens (    2.02 ms per token,   494.49 tokens per second)
llama_perf_context_print:        eval time =     333.13 ms /    33 runs   (   10.09 ms per token,    99.06 tokens per second)
llama_perf_context_print:       total time =     369.61 ms /    47 tokens
llama_perf_context_print:    graphs reused =          0
[Ministral 3 3B] 13. short query
Llama.generate: 808 prefix-match hit, remaining 15 prompt tokens to eval
llama_perf_context_print:        load time =     234.75 ms
llama_perf_context_print: prompt eval time =      30.27 ms /    15 tokens (    2.02 ms per token,   495.47 tokens per second)
llama_perf_context_print:        eval time =     362.17 ms /    36 runs   (   10.06 ms per token,    99.40 tokens per second)
llama_perf_context_print:       total time =     401.62 ms /    51 tokens
llama_perf_context_print:    graphs reused =          0
[Ministral 3 3B] 14. short query
Llama.generate: 859 prefix-match hit, remaining 15 prompt tokens to eval
llama_perf_context_print:        load time =     234.75 ms
llama_perf_context_print: prompt eval time =      28.85 ms /    15 tokens (    1.92 ms per token,   519.91 tokens per second)
llama_perf_context_print:        eval time =     360.31 ms /    36 runs   (   10.01 ms per token,    99.91 tokens per second)
llama_perf_context_print:       total time =     397.09 ms /    51 tokens
llama_perf_context_print:    graphs reused =          0
[Ministral 3 3B] 15. short query
Llama.generate: 910 prefix-match hit, remaining 13 prompt tokens to eval
llama_perf_context_print:        load time =     234.75 ms
llama_perf_context_print: prompt eval time =      28.40 ms /    13 tokens (    2.18 ms per token,   457.81 tokens per second)
llama_perf_context_print:        eval time =     332.97 ms /    33 runs   (   10.09 ms per token,    99.11 tokens per second)
llama_perf_context_print:       total time =     369.82 ms /    46 tokens
llama_perf_context_print:    graphs reused =          0
[Ministral 3 3B] 0. long query
Llama.generate: 212 prefix-match hit, remaining 71 prompt tokens to eval
llama_perf_context_print:        load time =     234.75 ms
llama_perf_context_print: prompt eval time =      33.87 ms /    71 tokens (    0.48 ms per token,  2096.00 tokens per second)
llama_perf_context_print:        eval time =     276.54 ms /    28 runs   (    9.88 ms per token,   101.25 tokens per second)
llama_perf_context_print:       total time =     317.79 ms /    99 tokens
llama_perf_context_print:    graphs reused =          0
[Ministral 3 3B] 1. long query
Llama.generate: 311 prefix-match hit, remaining 68 prompt tokens to eval
llama_perf_context_print:        load time =     234.75 ms
llama_perf_context_print: prompt eval time =      39.77 ms /    68 tokens (    0.58 ms per token,  1710.05 tokens per second)
llama_perf_context_print:        eval time =     236.55 ms /    24 runs   (    9.86 ms per token,   101.46 tokens per second)
llama_perf_context_print:       total time =     282.31 ms /    92 tokens
llama_perf_context_print:    graphs reused =          0
[Ministral 3 3B] 2. long query
Llama.generate: 403 prefix-match hit, remaining 68 prompt tokens to eval
llama_perf_context_print:        load time =     234.75 ms
llama_perf_context_print: prompt eval time =      40.07 ms /    68 tokens (    0.59 ms per token,  1697.07 tokens per second)
llama_perf_context_print:        eval time =     306.83 ms /    31 runs   (    9.90 ms per token,   101.03 tokens per second)
llama_perf_context_print:       total time =     355.06 ms /    99 tokens
llama_perf_context_print:    graphs reused =          0
[Ministral 3 3B] 3. long query
Llama.generate: 502 prefix-match hit, remaining 73 prompt tokens to eval
llama_perf_context_print:        load time =     234.75 ms
llama_perf_context_print: prompt eval time =      40.92 ms /    73 tokens (    0.56 ms per token,  1784.10 tokens per second)
llama_perf_context_print:        eval time =     287.13 ms /    29 runs   (    9.90 ms per token,   101.00 tokens per second)
llama_perf_context_print:       total time =     335.34 ms /   102 tokens
llama_perf_context_print:    graphs reused =          0
[Ministral 3 3B] 4. long query
Llama.generate: 604 prefix-match hit, remaining 77 prompt tokens to eval
llama_perf_context_print:        load time =     234.75 ms
llama_perf_context_print: prompt eval time =      41.37 ms /    77 tokens (    0.54 ms per token,  1861.39 tokens per second)
llama_perf_context_print:        eval time =     395.29 ms /    40 runs   (    9.88 ms per token,   101.19 tokens per second)
llama_perf_context_print:       total time =     445.96 ms /   117 tokens
llama_perf_context_print:    graphs reused =          0
[Ministral 3 3B] 5. long query
Llama.generate: 721 prefix-match hit, remaining 82 prompt tokens to eval
llama_perf_context_print:        load time =     234.75 ms
llama_perf_context_print: prompt eval time =      45.27 ms /    82 tokens (    0.55 ms per token,  1811.31 tokens per second)
llama_perf_context_print:        eval time =     271.14 ms /    27 runs   (   10.04 ms per token,    99.58 tokens per second)
llama_perf_context_print:       total time =     323.36 ms /   109 tokens
llama_perf_context_print:    graphs reused =          0
[Ministral 3 3B] 6. long query
Llama.generate: 830 prefix-match hit, remaining 75 prompt tokens to eval
llama_perf_context_print:        load time =     234.75 ms
llama_perf_context_print: prompt eval time =      45.12 ms /    75 tokens (    0.60 ms per token,  1662.42 tokens per second)
llama_perf_context_print:        eval time =     261.01 ms /    26 runs   (   10.04 ms per token,    99.61 tokens per second)
llama_perf_context_print:       total time =     312.85 ms /   101 tokens
llama_perf_context_print:    graphs reused =          0
[Ministral 3 3B] 7. long query
Llama.generate: 931 prefix-match hit, remaining 76 prompt tokens to eval
llama_perf_context_print:        load time =     234.75 ms
llama_perf_context_print: prompt eval time =      45.40 ms /    76 tokens (    0.60 ms per token,  1674.05 tokens per second)
llama_perf_context_print:        eval time =     332.95 ms /    33 runs   (   10.09 ms per token,    99.11 tokens per second)
llama_perf_context_print:       total time =     386.85 ms /   109 tokens
llama_perf_context_print:    graphs reused =          0
[Ministral 3 3B] 8. long query
Llama.generate: 1040 prefix-match hit, remaining 73 prompt tokens to eval
llama_perf_context_print:        load time =     234.75 ms
llama_perf_context_print: prompt eval time =      45.98 ms /    73 tokens (    0.63 ms per token,  1587.78 tokens per second)
llama_perf_context_print:        eval time =     272.81 ms /    27 runs   (   10.10 ms per token,    98.97 tokens per second)
llama_perf_context_print:       total time =     325.54 ms /   100 tokens
llama_perf_context_print:    graphs reused =          0
[Ministral 3 3B] 9. long query
Llama.generate: 1140 prefix-match hit, remaining 76 prompt tokens to eval
llama_perf_context_print:        load time =     234.75 ms
llama_perf_context_print: prompt eval time =      46.26 ms /    76 tokens (    0.61 ms per token,  1643.03 tokens per second)
llama_perf_context_print:        eval time =     242.47 ms /    24 runs   (   10.10 ms per token,    98.98 tokens per second)
llama_perf_context_print:       total time =     294.85 ms /   100 tokens
llama_perf_context_print:    graphs reused =          0
[Ministral 3 3B] 10. long query
Llama.generate: 1240 prefix-match hit, remaining 69 prompt tokens to eval
llama_perf_context_print:        load time =     234.75 ms
llama_perf_context_print: prompt eval time =      45.90 ms /    69 tokens (    0.67 ms per token,  1503.17 tokens per second)
llama_perf_context_print:        eval time =     346.14 ms /    34 runs   (   10.18 ms per token,    98.23 tokens per second)
llama_perf_context_print:       total time =     400.49 ms /   103 tokens
llama_perf_context_print:    graphs reused =          0
[Ministral 3 3B] 11. long query
Llama.generate: 1343 prefix-match hit, remaining 74 prompt tokens to eval
llama_perf_context_print:        load time =     234.75 ms
llama_perf_context_print: prompt eval time =      46.68 ms /    74 tokens (    0.63 ms per token,  1585.16 tokens per second)
llama_perf_context_print:        eval time =     285.26 ms /    28 runs   (   10.19 ms per token,    98.15 tokens per second)
llama_perf_context_print:       total time =     338.94 ms /   102 tokens
llama_perf_context_print:    graphs reused =          0
[Ministral 3 3B] 12. long query
Llama.generate: 1445 prefix-match hit, remaining 79 prompt tokens to eval
llama_perf_context_print:        load time =     234.75 ms
llama_perf_context_print: prompt eval time =      47.12 ms /    79 tokens (    0.60 ms per token,  1676.39 tokens per second)
llama_perf_context_print:        eval time =     317.56 ms /    31 runs   (   10.24 ms per token,    97.62 tokens per second)
llama_perf_context_print:       total time =     372.76 ms /   110 tokens
llama_perf_context_print:    graphs reused =          0
[Ministral 3 3B] 13. long query
Llama.generate: 1555 prefix-match hit, remaining 73 prompt tokens to eval
llama_perf_context_print:        load time =     234.75 ms
llama_perf_context_print: prompt eval time =      47.21 ms /    73 tokens (    0.65 ms per token,  1546.22 tokens per second)
llama_perf_context_print:        eval time =     267.57 ms /    26 runs   (   10.29 ms per token,    97.17 tokens per second)
llama_perf_context_print:       total time =     321.61 ms /    99 tokens
llama_perf_context_print:    graphs reused =          0
[Ministral 3 3B] 14. long query
Llama.generate: 1654 prefix-match hit, remaining 78 prompt tokens to eval
llama_perf_context_print:        load time =     234.75 ms
llama_perf_context_print: prompt eval time =      47.71 ms /    78 tokens (    0.61 ms per token,  1634.74 tokens per second)
llama_perf_context_print:        eval time =     308.89 ms /    30 runs   (   10.30 ms per token,    97.12 tokens per second)
llama_perf_context_print:       total time =     364.37 ms /   108 tokens
llama_perf_context_print:    graphs reused =          0
[Ministral 3 3B] 15. long query
Llama.generate: 1762 prefix-match hit, remaining 80 prompt tokens to eval
llama_perf_context_print:        load time =     234.75 ms
llama_perf_context_print: prompt eval time =      48.15 ms /    80 tokens (    0.60 ms per token,  1661.51 tokens per second)
llama_perf_context_print:        eval time =     333.36 ms /    32 runs   (   10.42 ms per token,    95.99 tokens per second)
llama_perf_context_print:       total time =     389.89 ms /   112 tokens
llama_perf_context_print:    graphs reused =          0
~llama_context:    Vulkan0 compute buffer size is 262.0000 MiB, matches expectation of 262.0000 MiB
~llama_context: Vulkan_Host compute buffer size is  16.0157 MiB, matches expectation of  16.0157 MiB
--- Llama 3.2 3B ---
[Llama 3.2 3B] 0. short query
Llama.generate: 200 prefix-match hit, remaining 21 prompt tokens to eval
llama_perf_context_print:        load time =     207.47 ms
llama_perf_context_print: prompt eval time =      25.48 ms /    21 tokens (    1.21 ms per token,   824.18 tokens per second)
llama_perf_context_print:        eval time =     336.10 ms /    40 runs   (    8.40 ms per token,   119.01 tokens per second)
llama_perf_context_print:       total time =     370.91 ms /    61 tokens
llama_perf_context_print:    graphs reused =         38
[Llama 3.2 3B] 1. short query
Llama.generate: 261 prefix-match hit, remaining 21 prompt tokens to eval
llama_perf_context_print:        load time =     207.47 ms
llama_perf_context_print: prompt eval time =      26.76 ms /    21 tokens (    1.27 ms per token,   784.78 tokens per second)
llama_perf_context_print:        eval time =     337.89 ms /    40 runs   (    8.45 ms per token,   118.38 tokens per second)
llama_perf_context_print:       total time =     374.03 ms /    61 tokens
llama_perf_context_print:    graphs reused =         39
[Llama 3.2 3B] 2. short query
Llama.generate: 322 prefix-match hit, remaining 22 prompt tokens to eval
llama_perf_context_print:        load time =     207.47 ms
llama_perf_context_print: prompt eval time =      27.40 ms /    22 tokens (    1.25 ms per token,   802.86 tokens per second)
llama_perf_context_print:        eval time =     324.44 ms /    38 runs   (    8.54 ms per token,   117.13 tokens per second)
llama_perf_context_print:       total time =     360.84 ms /    60 tokens
llama_perf_context_print:    graphs reused =         37
[Llama 3.2 3B] 3. short query
Llama.generate: 382 prefix-match hit, remaining 23 prompt tokens to eval
llama_perf_context_print:        load time =     207.47 ms
llama_perf_context_print: prompt eval time =      27.65 ms /    23 tokens (    1.20 ms per token,   831.83 tokens per second)
llama_perf_context_print:        eval time =     255.11 ms /    30 runs   (    8.50 ms per token,   117.60 tokens per second)
llama_perf_context_print:       total time =     289.95 ms /    53 tokens
llama_perf_context_print:    graphs reused =         29
[Llama 3.2 3B] 4. short query
Llama.generate: 435 prefix-match hit, remaining 19 prompt tokens to eval
llama_perf_context_print:        load time =     207.47 ms
llama_perf_context_print: prompt eval time =      27.66 ms /    19 tokens (    1.46 ms per token,   686.94 tokens per second)
llama_perf_context_print:        eval time =     288.43 ms /    34 runs   (    8.48 ms per token,   117.88 tokens per second)
llama_perf_context_print:       total time =     324.20 ms /    53 tokens
llama_perf_context_print:    graphs reused =         33
[Llama 3.2 3B] 5. short query
Llama.generate: 488 prefix-match hit, remaining 22 prompt tokens to eval
llama_perf_context_print:        load time =     207.47 ms
llama_perf_context_print: prompt eval time =      27.20 ms /    22 tokens (    1.24 ms per token,   808.88 tokens per second)
llama_perf_context_print:        eval time =     337.57 ms /    39 runs   (    8.66 ms per token,   115.53 tokens per second)
llama_perf_context_print:       total time =     374.44 ms /    61 tokens
llama_perf_context_print:    graphs reused =         37
[Llama 3.2 3B] 6. short query
Llama.generate: 549 prefix-match hit, remaining 24 prompt tokens to eval
llama_perf_context_print:        load time =     207.47 ms
llama_perf_context_print: prompt eval time =      28.39 ms /    24 tokens (    1.18 ms per token,   845.43 tokens per second)
llama_perf_context_print:        eval time =     308.94 ms /    36 runs   (    8.58 ms per token,   116.53 tokens per second)
llama_perf_context_print:       total time =     346.26 ms /    60 tokens
llama_perf_context_print:    graphs reused =         35
[Llama 3.2 3B] 7. short query
Llama.generate: 609 prefix-match hit, remaining 19 prompt tokens to eval
llama_perf_context_print:        load time =     207.47 ms
llama_perf_context_print: prompt eval time =      27.90 ms /    19 tokens (    1.47 ms per token,   681.00 tokens per second)
llama_perf_context_print:        eval time =     351.93 ms /    41 runs   (    8.58 ms per token,   116.50 tokens per second)
llama_perf_context_print:       total time =     390.22 ms /    60 tokens
llama_perf_context_print:    graphs reused =         40
[Llama 3.2 3B] 8. short query
Llama.generate: 669 prefix-match hit, remaining 20 prompt tokens to eval
llama_perf_context_print:        load time =     207.47 ms
llama_perf_context_print: prompt eval time =      27.68 ms /    20 tokens (    1.38 ms per token,   722.52 tokens per second)
llama_perf_context_print:        eval time =     336.08 ms /    39 runs   (    8.62 ms per token,   116.04 tokens per second)
llama_perf_context_print:       total time =     373.39 ms /    59 tokens
llama_perf_context_print:    graphs reused =         38
[Llama 3.2 3B] 9. short query
Llama.generate: 728 prefix-match hit, remaining 20 prompt tokens to eval
llama_perf_context_print:        load time =     207.47 ms
llama_perf_context_print: prompt eval time =      29.06 ms /    20 tokens (    1.45 ms per token,   688.16 tokens per second)
llama_perf_context_print:        eval time =     380.27 ms /    44 runs   (    8.64 ms per token,   115.71 tokens per second)
llama_perf_context_print:       total time =     420.03 ms /    64 tokens
llama_perf_context_print:    graphs reused =         42
[Llama 3.2 3B] 10. short query
Llama.generate: 792 prefix-match hit, remaining 25 prompt tokens to eval
llama_perf_context_print:        load time =     207.47 ms
llama_perf_context_print: prompt eval time =      28.62 ms /    25 tokens (    1.14 ms per token,   873.64 tokens per second)
llama_perf_context_print:        eval time =     418.20 ms /    48 runs   (    8.71 ms per token,   114.78 tokens per second)
llama_perf_context_print:       total time =     458.55 ms /    73 tokens
llama_perf_context_print:    graphs reused =         47
[Llama 3.2 3B] 11. short query
Llama.generate: 865 prefix-match hit, remaining 20 prompt tokens to eval
llama_perf_context_print:        load time =     207.47 ms
llama_perf_context_print: prompt eval time =      27.86 ms /    20 tokens (    1.39 ms per token,   717.90 tokens per second)
llama_perf_context_print:        eval time =     374.19 ms /    43 runs   (    8.70 ms per token,   114.92 tokens per second)
llama_perf_context_print:       total time =     412.08 ms /    63 tokens
llama_perf_context_print:    graphs reused =         42
[Llama 3.2 3B] 12. short query
Llama.generate: 928 prefix-match hit, remaining 21 prompt tokens to eval
llama_perf_context_print:        load time =     207.47 ms
llama_perf_context_print: prompt eval time =      27.56 ms /    21 tokens (    1.31 ms per token,   761.89 tokens per second)
llama_perf_context_print:        eval time =     374.39 ms /    43 runs   (    8.71 ms per token,   114.85 tokens per second)
llama_perf_context_print:       total time =     412.22 ms /    64 tokens
llama_perf_context_print:    graphs reused =         42
[Llama 3.2 3B] 13. short query
Llama.generate: 992 prefix-match hit, remaining 22 prompt tokens to eval
llama_perf_context_print:        load time =     207.47 ms
llama_perf_context_print: prompt eval time =      28.36 ms /    22 tokens (    1.29 ms per token,   775.80 tokens per second)
llama_perf_context_print:        eval time =     360.88 ms /    41 runs   (    8.80 ms per token,   113.61 tokens per second)
llama_perf_context_print:       total time =     399.43 ms /    63 tokens
llama_perf_context_print:    graphs reused =         39
[Llama 3.2 3B] 14. short query
Llama.generate: 1055 prefix-match hit, remaining 22 prompt tokens to eval
llama_perf_context_print:        load time =     207.47 ms
llama_perf_context_print: prompt eval time =      29.98 ms /    22 tokens (    1.36 ms per token,   733.70 tokens per second)
llama_perf_context_print:        eval time =     473.97 ms /    54 runs   (    8.78 ms per token,   113.93 tokens per second)
llama_perf_context_print:       total time =     517.32 ms /    76 tokens
llama_perf_context_print:    graphs reused =         53
[Llama 3.2 3B] 15. short query
Llama.generate: 1131 prefix-match hit, remaining 20 prompt tokens to eval
llama_perf_context_print:        load time =     207.47 ms
llama_perf_context_print: prompt eval time =      28.28 ms /    20 tokens (    1.41 ms per token,   707.34 tokens per second)
llama_perf_context_print:        eval time =     431.91 ms /    49 runs   (    8.81 ms per token,   113.45 tokens per second)
llama_perf_context_print:       total time =     472.77 ms /    69 tokens
llama_perf_context_print:    graphs reused =         48
[Llama 3.2 3B] 0. long query
Llama.generate: 200 prefix-match hit, remaining 77 prompt tokens to eval
llama_perf_context_print:        load time =     207.47 ms
llama_perf_context_print: prompt eval time =      31.78 ms /    77 tokens (    0.41 ms per token,  2423.06 tokens per second)
llama_perf_context_print:        eval time =     456.94 ms /    54 runs   (    8.46 ms per token,   118.18 tokens per second)
llama_perf_context_print:       total time =     501.84 ms /   131 tokens
llama_perf_context_print:    graphs reused =         53
[Llama 3.2 3B] 1. long query
Llama.generate: 331 prefix-match hit, remaining 74 prompt tokens to eval
llama_perf_context_print:        load time =     207.47 ms
llama_perf_context_print: prompt eval time =      39.06 ms /    74 tokens (    0.53 ms per token,  1894.62 tokens per second)
llama_perf_context_print:        eval time =     443.40 ms /    52 runs   (    8.53 ms per token,   117.28 tokens per second)
llama_perf_context_print:       total time =     495.17 ms /   126 tokens
llama_perf_context_print:    graphs reused =         51
[Llama 3.2 3B] 2. long query
Llama.generate: 457 prefix-match hit, remaining 73 prompt tokens to eval
llama_perf_context_print:        load time =     207.47 ms
llama_perf_context_print: prompt eval time =      39.42 ms /    73 tokens (    0.54 ms per token,  1851.76 tokens per second)
llama_perf_context_print:        eval time =     538.48 ms /    63 runs   (    8.55 ms per token,   117.00 tokens per second)
llama_perf_context_print:       total time =     594.00 ms /   136 tokens
llama_perf_context_print:    graphs reused =         62
[Llama 3.2 3B] 3. long query
Llama.generate: 593 prefix-match hit, remaining 79 prompt tokens to eval
llama_perf_context_print:        load time =     207.47 ms
llama_perf_context_print: prompt eval time =      39.64 ms /    79 tokens (    0.50 ms per token,  1993.14 tokens per second)
llama_perf_context_print:        eval time =     336.52 ms /    39 runs   (    8.63 ms per token,   115.89 tokens per second)
llama_perf_context_print:       total time =     385.93 ms /   118 tokens
llama_perf_context_print:    graphs reused =         38
[Llama 3.2 3B] 4. long query
Llama.generate: 711 prefix-match hit, remaining 83 prompt tokens to eval
llama_perf_context_print:        load time =     207.47 ms
llama_perf_context_print: prompt eval time =      44.27 ms /    83 tokens (    0.53 ms per token,  1874.82 tokens per second)
llama_perf_context_print:        eval time =     511.86 ms /    59 runs   (    8.68 ms per token,   115.27 tokens per second)
llama_perf_context_print:       total time =     570.83 ms /   142 tokens
llama_perf_context_print:    graphs reused =         58
[Llama 3.2 3B] 5. long query
Llama.generate: 853 prefix-match hit, remaining 83 prompt tokens to eval
llama_perf_context_print:        load time =     207.47 ms
llama_perf_context_print: prompt eval time =      44.28 ms /    83 tokens (    0.53 ms per token,  1874.52 tokens per second)
llama_perf_context_print:        eval time =     531.93 ms /    61 runs   (    8.72 ms per token,   114.68 tokens per second)
llama_perf_context_print:       total time =     591.37 ms /   144 tokens
llama_perf_context_print:    graphs reused =         60
[Llama 3.2 3B] 6. long query
Llama.generate: 997 prefix-match hit, remaining 77 prompt tokens to eval
llama_perf_context_print:        load time =     207.47 ms
llama_perf_context_print: prompt eval time =      44.10 ms /    77 tokens (    0.57 ms per token,  1745.95 tokens per second)
llama_perf_context_print:        eval time =     543.63 ms /    62 runs   (    8.77 ms per token,   114.05 tokens per second)
llama_perf_context_print:       total time =     603.76 ms /   139 tokens
llama_perf_context_print:    graphs reused =         61
[Llama 3.2 3B] 7. long query
Llama.generate: 1136 prefix-match hit, remaining 83 prompt tokens to eval
llama_perf_context_print:        load time =     207.47 ms
llama_perf_context_print: prompt eval time =      44.76 ms /    83 tokens (    0.54 ms per token,  1854.54 tokens per second)
llama_perf_context_print:        eval time =     556.27 ms /    63 runs   (    8.83 ms per token,   113.25 tokens per second)
llama_perf_context_print:       total time =     617.79 ms /   146 tokens
llama_perf_context_print:    graphs reused =         61
[Llama 3.2 3B] 8. long query
Llama.generate: 1282 prefix-match hit, remaining 80 prompt tokens to eval
llama_perf_context_print:        load time =     207.47 ms
llama_perf_context_print: prompt eval time =      44.76 ms /    80 tokens (    0.56 ms per token,  1787.31 tokens per second)
llama_perf_context_print:        eval time =     559.28 ms /    63 runs   (    8.88 ms per token,   112.65 tokens per second)
llama_perf_context_print:       total time =     620.54 ms /   143 tokens
llama_perf_context_print:    graphs reused =         62
[Llama 3.2 3B] 9. long query
Llama.generate: 1425 prefix-match hit, remaining 81 prompt tokens to eval
llama_perf_context_print:        load time =     207.47 ms
llama_perf_context_print: prompt eval time =      45.40 ms /    81 tokens (    0.56 ms per token,  1784.26 tokens per second)
llama_perf_context_print:        eval time =     563.04 ms /    63 runs   (    8.94 ms per token,   111.89 tokens per second)
llama_perf_context_print:       total time =     625.41 ms /   144 tokens
llama_perf_context_print:    graphs reused =         61
[Llama 3.2 3B] 10. long query
Llama.generate: 1569 prefix-match hit, remaining 75 prompt tokens to eval
llama_perf_context_print:        load time =     207.47 ms
llama_perf_context_print: prompt eval time =      45.37 ms /    75 tokens (    0.60 ms per token,  1653.26 tokens per second)
llama_perf_context_print:        eval time =     565.59 ms /    63 runs   (    8.98 ms per token,   111.39 tokens per second)
llama_perf_context_print:       total time =     627.60 ms /   138 tokens
llama_perf_context_print:    graphs reused =         62
[Llama 3.2 3B] 11. long query
Llama.generate: 1707 prefix-match hit, remaining 79 prompt tokens to eval
llama_perf_context_print:        load time =     207.47 ms
llama_perf_context_print: prompt eval time =      45.74 ms /    79 tokens (    0.58 ms per token,  1726.96 tokens per second)
llama_perf_context_print:        eval time =     473.57 ms /    52 runs   (    9.11 ms per token,   109.81 tokens per second)
llama_perf_context_print:       total time =     533.07 ms /   131 tokens
llama_perf_context_print:    graphs reused =         50
[Llama 3.2 3B] 12. long query
Llama.generate: 1838 prefix-match hit, remaining 83 prompt tokens to eval
llama_perf_context_print:        load time =     207.47 ms
llama_perf_context_print: prompt eval time =      46.24 ms /    83 tokens (    0.56 ms per token,  1795.14 tokens per second)
llama_perf_context_print:        eval time =     576.35 ms /    63 runs   (    9.15 ms per token,   109.31 tokens per second)
llama_perf_context_print:       total time =     639.76 ms /   146 tokens
llama_perf_context_print:    graphs reused =         62
[Llama 3.2 3B] 13. long query
Llama.generate: 1984 prefix-match hit, remaining 81 prompt tokens to eval
llama_perf_context_print:        load time =     207.47 ms
llama_perf_context_print: prompt eval time =      46.40 ms /    81 tokens (    0.57 ms per token,  1745.73 tokens per second)
llama_perf_context_print:        eval time =     578.88 ms /    63 runs   (    9.19 ms per token,   108.83 tokens per second)
llama_perf_context_print:       total time =     641.97 ms /   144 tokens
llama_perf_context_print:    graphs reused =         62
[Llama 3.2 3B] 14. long query
Llama.generate: 2128 prefix-match hit, remaining 86 prompt tokens to eval
llama_perf_context_print:        load time =     207.47 ms
llama_perf_context_print: prompt eval time =      47.01 ms /    86 tokens (    0.55 ms per token,  1829.24 tokens per second)
llama_perf_context_print:        eval time =     581.03 ms /    63 runs   (    9.22 ms per token,   108.43 tokens per second)
llama_perf_context_print:       total time =     644.44 ms /   149 tokens
llama_perf_context_print:    graphs reused =         62
[Llama 3.2 3B] 15. long query
Llama.generate: 2277 prefix-match hit, remaining 87 prompt tokens to eval
llama_perf_context_print:        load time =     207.47 ms
llama_perf_context_print: prompt eval time =      47.37 ms /    87 tokens (    0.54 ms per token,  1836.72 tokens per second)
llama_perf_context_print:        eval time =     586.41 ms /    63 runs   (    9.31 ms per token,   107.43 tokens per second)
llama_perf_context_print:       total time =     650.61 ms /   150 tokens
llama_perf_context_print:    graphs reused =         62
~llama_context:    Vulkan0 compute buffer size is 262.5000 MiB, matches expectation of 262.5000 MiB
~llama_context: Vulkan_Host compute buffer size is  16.0137 MiB, matches expectation of  16.0137 MiB
--- LFM2.5 2.6B ---
[LFM2.5 2.6B] 0. short query
Llama.generate: 215 prefix-match hit, remaining 24 prompt tokens to eval
llama_perf_context_print:        load time =      61.57 ms
llama_perf_context_print: prompt eval time =      21.33 ms /    24 tokens (    0.89 ms per token,  1125.12 tokens per second)
llama_perf_context_print:        eval time =     251.43 ms /    34 runs   (    7.40 ms per token,   135.22 tokens per second)
llama_perf_context_print:       total time =     279.86 ms /    58 tokens
llama_perf_context_print:    graphs reused =         32
[LFM2.5 2.6B] 1. short query
Llama.generate: 273 prefix-match hit, remaining 25 prompt tokens to eval
llama_perf_context_print:        load time =      61.57 ms
llama_perf_context_print: prompt eval time =      23.27 ms /    25 tokens (    0.93 ms per token,  1074.44 tokens per second)
llama_perf_context_print:        eval time =     304.12 ms /    41 runs   (    7.42 ms per token,   134.81 tokens per second)
llama_perf_context_print:       total time =     336.84 ms /    66 tokens
llama_perf_context_print:    graphs reused =         40
[LFM2.5 2.6B] 2. short query
Llama.generate: 339 prefix-match hit, remaining 27 prompt tokens to eval
llama_perf_context_print:        load time =      61.57 ms
llama_perf_context_print: prompt eval time =      23.32 ms /    27 tokens (    0.86 ms per token,  1157.80 tokens per second)
llama_perf_context_print:        eval time =     366.08 ms /    49 runs   (    7.47 ms per token,   133.85 tokens per second)
llama_perf_context_print:       total time =     400.56 ms /    76 tokens
llama_perf_context_print:    graphs reused =         48
[LFM2.5 2.6B] 3. short query
Llama.generate: 415 prefix-match hit, remaining 29 prompt tokens to eval
llama_perf_context_print:        load time =      61.57 ms
llama_perf_context_print: prompt eval time =      23.49 ms /    29 tokens (    0.81 ms per token,  1234.57 tokens per second)
llama_perf_context_print:        eval time =     318.14 ms /    43 runs   (    7.40 ms per token,   135.16 tokens per second)
llama_perf_context_print:       total time =     351.48 ms /    72 tokens
llama_perf_context_print:    graphs reused =         42
[LFM2.5 2.6B] 4. short query
Llama.generate: 487 prefix-match hit, remaining 23 prompt tokens to eval
llama_perf_context_print:        load time =      61.57 ms
llama_perf_context_print: prompt eval time =      23.27 ms /    23 tokens (    1.01 ms per token,   988.35 tokens per second)
llama_perf_context_print:        eval time =     290.73 ms /    39 runs   (    7.45 ms per token,   134.15 tokens per second)
llama_perf_context_print:       total time =     323.50 ms /    62 tokens
llama_perf_context_print:    graphs reused =         37
[LFM2.5 2.6B] 5. short query
Llama.generate: 549 prefix-match hit, remaining 26 prompt tokens to eval
llama_perf_context_print:        load time =      61.57 ms
llama_perf_context_print: prompt eval time =      23.65 ms /    26 tokens (    0.91 ms per token,  1099.27 tokens per second)
llama_perf_context_print:        eval time =     254.39 ms /    34 runs   (    7.48 ms per token,   133.65 tokens per second)
llama_perf_context_print:       total time =     286.10 ms /    60 tokens
llama_perf_context_print:    graphs reused =         33
[LFM2.5 2.6B] 6. short query
Llama.generate: 609 prefix-match hit, remaining 28 prompt tokens to eval
llama_perf_context_print:        load time =      61.57 ms
llama_perf_context_print: prompt eval time =      23.61 ms /    28 tokens (    0.84 ms per token,  1186.09 tokens per second)
llama_perf_context_print:        eval time =     356.62 ms /    48 runs   (    7.43 ms per token,   134.60 tokens per second)
llama_perf_context_print:       total time =     391.80 ms /    76 tokens
llama_perf_context_print:    graphs reused =         47
[LFM2.5 2.6B] 7. short query
Llama.generate: 685 prefix-match hit, remaining 24 prompt tokens to eval
llama_perf_context_print:        load time =      61.57 ms
llama_perf_context_print: prompt eval time =      23.34 ms /    24 tokens (    0.97 ms per token,  1028.06 tokens per second)
llama_perf_context_print:        eval time =     372.02 ms /    50 runs   (    7.44 ms per token,   134.40 tokens per second)
llama_perf_context_print:       total time =     407.66 ms /    74 tokens
llama_perf_context_print:    graphs reused =         49
[LFM2.5 2.6B] 8. short query
Llama.generate: 759 prefix-match hit, remaining 24 prompt tokens to eval
llama_perf_context_print:        load time =      61.57 ms
llama_perf_context_print: prompt eval time =      23.51 ms /    24 tokens (    0.98 ms per token,  1020.80 tokens per second)
llama_perf_context_print:        eval time =     328.74 ms /    44 runs   (    7.47 ms per token,   133.84 tokens per second)
llama_perf_context_print:       total time =     363.00 ms /    68 tokens
llama_perf_context_print:    graphs reused =         43
[LFM2.5 2.6B] 9. short query
Llama.generate: 827 prefix-match hit, remaining 24 prompt tokens to eval
llama_perf_context_print:        load time =      61.57 ms
llama_perf_context_print: prompt eval time =      23.50 ms /    24 tokens (    0.98 ms per token,  1021.36 tokens per second)
llama_perf_context_print:        eval time =     290.72 ms /    39 runs   (    7.45 ms per token,   134.15 tokens per second)
llama_perf_context_print:       total time =     323.47 ms /    63 tokens
llama_perf_context_print:    graphs reused =         38
[LFM2.5 2.6B] 10. short query
Llama.generate: 890 prefix-match hit, remaining 29 prompt tokens to eval
llama_perf_context_print:        load time =      61.57 ms
llama_perf_context_print: prompt eval time =      23.99 ms /    29 tokens (    0.83 ms per token,  1209.04 tokens per second)
llama_perf_context_print:        eval time =     440.78 ms /    59 runs   (    7.47 ms per token,   133.85 tokens per second)
llama_perf_context_print:       total time =     479.49 ms /    88 tokens
llama_perf_context_print:    graphs reused =         58
[LFM2.5 2.6B] 11. short query
Llama.generate: 978 prefix-match hit, remaining 24 prompt tokens to eval
llama_perf_context_print:        load time =      61.57 ms
llama_perf_context_print: prompt eval time =      24.43 ms /    24 tokens (    1.02 ms per token,   982.40 tokens per second)
llama_perf_context_print:        eval time =     351.67 ms /    47 runs   (    7.48 ms per token,   133.65 tokens per second)
llama_perf_context_print:       total time =     387.57 ms /    71 tokens
llama_perf_context_print:    graphs reused =         45
[LFM2.5 2.6B] 12. short query
Llama.generate: 1049 prefix-match hit, remaining 25 prompt tokens to eval
llama_perf_context_print:        load time =      61.57 ms
llama_perf_context_print: prompt eval time =      23.81 ms /    25 tokens (    0.95 ms per token,  1050.11 tokens per second)
llama_perf_context_print:        eval time =     426.74 ms /    57 runs   (    7.49 ms per token,   133.57 tokens per second)
llama_perf_context_print:       total time =     464.89 ms /    82 tokens
llama_perf_context_print:    graphs reused =         56
[LFM2.5 2.6B] 13. short query
Llama.generate: 1131 prefix-match hit, remaining 27 prompt tokens to eval
llama_perf_context_print:        load time =      61.57 ms
llama_perf_context_print: prompt eval time =      24.26 ms /    27 tokens (    0.90 ms per token,  1112.90 tokens per second)
llama_perf_context_print:        eval time =     351.51 ms /    47 runs   (    7.48 ms per token,   133.71 tokens per second)
llama_perf_context_print:       total time =     387.12 ms /    74 tokens
llama_perf_context_print:    graphs reused =         46
[LFM2.5 2.6B] 14. short query
Llama.generate: 1205 prefix-match hit, remaining 26 prompt tokens to eval
llama_perf_context_print:        load time =      61.57 ms
llama_perf_context_print: prompt eval time =      24.37 ms /    26 tokens (    0.94 ms per token,  1066.71 tokens per second)
llama_perf_context_print:        eval time =     328.54 ms /    44 runs   (    7.47 ms per token,   133.93 tokens per second)
llama_perf_context_print:       total time =     363.37 ms /    70 tokens
llama_perf_context_print:    graphs reused =         43
[LFM2.5 2.6B] 15. short query
Llama.generate: 1275 prefix-match hit, remaining 24 prompt tokens to eval
llama_perf_context_print:        load time =      61.57 ms
llama_perf_context_print: prompt eval time =      24.52 ms /    24 tokens (    1.02 ms per token,   978.95 tokens per second)
llama_perf_context_print:        eval time =     330.33 ms /    44 runs   (    7.51 ms per token,   133.20 tokens per second)
llama_perf_context_print:       total time =     365.16 ms /    68 tokens
llama_perf_context_print:    graphs reused =         43
[LFM2.5 2.6B] 0. long query
Llama.generate: 215 prefix-match hit, remaining 83 prompt tokens to eval
llama_perf_context_print:        load time =      61.57 ms
llama_perf_context_print: prompt eval time =      31.60 ms /    83 tokens (    0.38 ms per token,  2626.58 tokens per second)
llama_perf_context_print:        eval time =     465.73 ms /    63 runs   (    7.39 ms per token,   135.27 tokens per second)
llama_perf_context_print:       total time =     512.41 ms /   146 tokens
llama_perf_context_print:    graphs reused =         62
[LFM2.5 2.6B] 1. long query
Llama.generate: 361 prefix-match hit, remaining 81 prompt tokens to eval
llama_perf_context_print:        load time =      61.57 ms
llama_perf_context_print: prompt eval time =      34.45 ms /    81 tokens (    0.43 ms per token,  2351.51 tokens per second)
llama_perf_context_print:        eval time =     466.92 ms /    63 runs   (    7.41 ms per token,   134.93 tokens per second)
llama_perf_context_print:       total time =     516.23 ms /   144 tokens
llama_perf_context_print:    graphs reused =         62
[LFM2.5 2.6B] 2. long query
Llama.generate: 505 prefix-match hit, remaining 83 prompt tokens to eval
llama_perf_context_print:        load time =      61.57 ms
llama_perf_context_print: prompt eval time =      34.78 ms /    83 tokens (    0.42 ms per token,  2386.50 tokens per second)
llama_perf_context_print:        eval time =     466.62 ms /    63 runs   (    7.41 ms per token,   135.01 tokens per second)
llama_perf_context_print:       total time =     516.84 ms /   146 tokens
llama_perf_context_print:    graphs reused =         62
[LFM2.5 2.6B] 3. long query
Llama.generate: 651 prefix-match hit, remaining 87 prompt tokens to eval
llama_perf_context_print:        load time =      61.57 ms
llama_perf_context_print: prompt eval time =      35.53 ms /    87 tokens (    0.41 ms per token,  2448.50 tokens per second)
llama_perf_context_print:        eval time =     470.30 ms /    63 runs   (    7.47 ms per token,   133.96 tokens per second)
llama_perf_context_print:       total time =     521.67 ms /   150 tokens
llama_perf_context_print:    graphs reused =         61
[LFM2.5 2.6B] 4. long query
Llama.generate: 801 prefix-match hit, remaining 90 prompt tokens to eval
llama_perf_context_print:        load time =      61.57 ms
llama_perf_context_print: prompt eval time =      36.94 ms /    90 tokens (    0.41 ms per token,  2436.71 tokens per second)
llama_perf_context_print:        eval time =     469.75 ms /    63 runs   (    7.46 ms per token,   134.11 tokens per second)
llama_perf_context_print:       total time =     522.65 ms /   153 tokens
llama_perf_context_print:    graphs reused =         62
[LFM2.5 2.6B] 5. long query
Llama.generate: 954 prefix-match hit, remaining 96 prompt tokens to eval
llama_perf_context_print:        load time =      61.57 ms
llama_perf_context_print: prompt eval time =      37.52 ms /    96 tokens (    0.39 ms per token,  2558.36 tokens per second)
llama_perf_context_print:        eval time =     471.08 ms /    63 runs   (    7.48 ms per token,   133.73 tokens per second)
llama_perf_context_print:       total time =     524.47 ms /   159 tokens
llama_perf_context_print:    graphs reused =         62
[LFM2.5 2.6B] 6. long query
Llama.generate: 1113 prefix-match hit, remaining 89 prompt tokens to eval
llama_perf_context_print:        load time =      61.57 ms
llama_perf_context_print: prompt eval time =      37.12 ms /    89 tokens (    0.42 ms per token,  2397.37 tokens per second)
llama_perf_context_print:        eval time =     470.25 ms /    63 runs   (    7.46 ms per token,   133.97 tokens per second)
llama_perf_context_print:       total time =     523.36 ms /   152 tokens
llama_perf_context_print:    graphs reused =         62
[LFM2.5 2.6B] 7. long query
Llama.generate: 1265 prefix-match hit, remaining 89 prompt tokens to eval
llama_perf_context_print:        load time =      61.57 ms
llama_perf_context_print: prompt eval time =      37.16 ms /    89 tokens (    0.42 ms per token,  2394.86 tokens per second)
llama_perf_context_print:        eval time =     472.55 ms /    63 runs   (    7.50 ms per token,   133.32 tokens per second)
llama_perf_context_print:       total time =     525.98 ms /   152 tokens
llama_perf_context_print:    graphs reused =         62
[LFM2.5 2.6B] 8. long query
Llama.generate: 1417 prefix-match hit, remaining 88 prompt tokens to eval
llama_perf_context_print:        load time =      61.57 ms
llama_perf_context_print: prompt eval time =      37.18 ms /    88 tokens (    0.42 ms per token,  2366.80 tokens per second)
llama_perf_context_print:        eval time =     472.69 ms /    63 runs   (    7.50 ms per token,   133.28 tokens per second)
llama_perf_context_print:       total time =     525.40 ms /   151 tokens
llama_perf_context_print:    graphs reused =         61
[LFM2.5 2.6B] 9. long query
Llama.generate: 1568 prefix-match hit, remaining 89 prompt tokens to eval
llama_perf_context_print:        load time =      61.57 ms
llama_perf_context_print: prompt eval time =      37.29 ms /    89 tokens (    0.42 ms per token,  2386.63 tokens per second)
llama_perf_context_print:        eval time =     472.87 ms /    63 runs   (    7.51 ms per token,   133.23 tokens per second)
llama_perf_context_print:       total time =     525.61 ms /   152 tokens
llama_perf_context_print:    graphs reused =         62
[LFM2.5 2.6B] 10. long query
Llama.generate: 1720 prefix-match hit, remaining 83 prompt tokens to eval
llama_perf_context_print:        load time =      61.57 ms
llama_perf_context_print: prompt eval time =      36.44 ms /    83 tokens (    0.44 ms per token,  2277.72 tokens per second)
llama_perf_context_print:        eval time =     474.86 ms /    63 runs   (    7.54 ms per token,   132.67 tokens per second)
llama_perf_context_print:       total time =     527.18 ms /   146 tokens
llama_perf_context_print:    graphs reused =         62
[LFM2.5 2.6B] 11. long query
Llama.generate: 1866 prefix-match hit, remaining 85 prompt tokens to eval
llama_perf_context_print:        load time =      61.57 ms
llama_perf_context_print: prompt eval time =      36.67 ms /    85 tokens (    0.43 ms per token,  2317.72 tokens per second)
llama_perf_context_print:        eval time =     475.01 ms /    63 runs   (    7.54 ms per token,   132.63 tokens per second)
llama_perf_context_print:       total time =     526.95 ms /   148 tokens
llama_perf_context_print:    graphs reused =         62
[LFM2.5 2.6B] 12. long query
Llama.generate: 2014 prefix-match hit, remaining 91 prompt tokens to eval
llama_perf_context_print:        load time =      61.57 ms
llama_perf_context_print: prompt eval time =      37.74 ms /    91 tokens (    0.41 ms per token,  2411.04 tokens per second)
llama_perf_context_print:        eval time =     475.35 ms /    63 runs   (    7.55 ms per token,   132.53 tokens per second)
llama_perf_context_print:       total time =     528.21 ms /   154 tokens
llama_perf_context_print:    graphs reused =         62
[LFM2.5 2.6B] 13. long query
Llama.generate: 2168 prefix-match hit, remaining 87 prompt tokens to eval
llama_perf_context_print:        load time =      61.57 ms
llama_perf_context_print: prompt eval time =      52.68 ms /    87 tokens (    0.61 ms per token,  1651.64 tokens per second)
llama_perf_context_print:        eval time =     477.47 ms /    63 runs   (    7.58 ms per token,   131.95 tokens per second)
llama_perf_context_print:       total time =     546.10 ms /   150 tokens
llama_perf_context_print:    graphs reused =         61
[LFM2.5 2.6B] 14. long query
Llama.generate: 2318 prefix-match hit, remaining 90 prompt tokens to eval
llama_perf_context_print:        load time =      61.57 ms
llama_perf_context_print: prompt eval time =      47.12 ms /    90 tokens (    0.52 ms per token,  1910.06 tokens per second)
llama_perf_context_print:        eval time =     477.21 ms /    63 runs   (    7.57 ms per token,   132.02 tokens per second)
llama_perf_context_print:       total time =     540.51 ms /   153 tokens
llama_perf_context_print:    graphs reused =         62
[LFM2.5 2.6B] 15. long query
Llama.generate: 2471 prefix-match hit, remaining 96 prompt tokens to eval
llama_perf_context_print:        load time =      61.57 ms
llama_perf_context_print: prompt eval time =      43.90 ms /    96 tokens (    0.46 ms per token,  2186.89 tokens per second)
llama_perf_context_print:        eval time =     478.52 ms /    63 runs   (    7.60 ms per token,   131.66 tokens per second)
llama_perf_context_print:       total time =     538.42 ms /   159 tokens
llama_perf_context_print:    graphs reused =         62
~llama_context:    Vulkan0 compute buffer size is 266.0117 MiB, matches expectation of 266.0117 MiB
~llama_context: Vulkan_Host compute buffer size is  12.0138 MiB, matches expectation of  12.0138 MiB
--- MiniCPM5 2B ---
[MiniCPM5 2B] 0. short query
Llama.generate: 210 prefix-match hit, remaining 23 prompt tokens to eval
llama_perf_context_print:        load time =      52.42 ms
llama_perf_context_print: prompt eval time =      19.36 ms /    23 tokens (    0.84 ms per token,  1187.96 tokens per second)
llama_perf_context_print:        eval time =      94.22 ms /    14 runs   (    6.73 ms per token,   148.59 tokens per second)
llama_perf_context_print:       total time =     116.56 ms /    37 tokens
llama_perf_context_print:    graphs reused =         13
[MiniCPM5 2B] 1. short query
Llama.generate: 247 prefix-match hit, remaining 25 prompt tokens to eval
llama_perf_context_print:        load time =      52.42 ms
llama_perf_context_print: prompt eval time =      21.99 ms /    25 tokens (    0.88 ms per token,  1137.04 tokens per second)
llama_perf_context_print:        eval time =      74.69 ms /    11 runs   (    6.79 ms per token,   147.27 tokens per second)
llama_perf_context_print:       total time =      99.14 ms /    36 tokens
llama_perf_context_print:    graphs reused =         10
[MiniCPM5 2B] 2. short query
Llama.generate: 283 prefix-match hit, remaining 26 prompt tokens to eval
llama_perf_context_print:        load time =      52.42 ms
llama_perf_context_print: prompt eval time =      21.97 ms /    26 tokens (    0.84 ms per token,  1183.59 tokens per second)
llama_perf_context_print:        eval time =      74.72 ms /    11 runs   (    6.79 ms per token,   147.21 tokens per second)
llama_perf_context_print:       total time =      99.08 ms /    37 tokens
llama_perf_context_print:    graphs reused =         10
[MiniCPM5 2B] 3. short query
Llama.generate: 320 prefix-match hit, remaining 27 prompt tokens to eval
llama_perf_context_print:        load time =      52.42 ms
llama_perf_context_print: prompt eval time =      22.68 ms /    27 tokens (    0.84 ms per token,  1190.74 tokens per second)
llama_perf_context_print:        eval time =      68.21 ms /    10 runs   (    6.82 ms per token,   146.61 tokens per second)
llama_perf_context_print:       total time =      93.34 ms /    37 tokens
llama_perf_context_print:    graphs reused =          9
[MiniCPM5 2B] 4. short query
Llama.generate: 357 prefix-match hit, remaining 23 prompt tokens to eval
llama_perf_context_print:        load time =      52.42 ms
llama_perf_context_print: prompt eval time =      21.65 ms /    23 tokens (    0.94 ms per token,  1062.16 tokens per second)
llama_perf_context_print:        eval time =      61.51 ms /     9 runs   (    6.83 ms per token,   146.32 tokens per second)
llama_perf_context_print:       total time =      85.29 ms /    32 tokens
llama_perf_context_print:    graphs reused =          8
[MiniCPM5 2B] 5. short query
Llama.generate: 389 prefix-match hit, remaining 26 prompt tokens to eval
llama_perf_context_print:        load time =      52.42 ms
llama_perf_context_print: prompt eval time =      21.91 ms /    26 tokens (    0.84 ms per token,  1186.40 tokens per second)
llama_perf_context_print:        eval time =      94.90 ms /    14 runs   (    6.78 ms per token,   147.52 tokens per second)
llama_perf_context_print:       total time =     119.69 ms /    40 tokens
llama_perf_context_print:    graphs reused =         13
[MiniCPM5 2B] 6. short query
Llama.generate: 429 prefix-match hit, remaining 27 prompt tokens to eval
llama_perf_context_print:        load time =      52.42 ms
llama_perf_context_print: prompt eval time =      22.65 ms /    27 tokens (    0.84 ms per token,  1191.90 tokens per second)
llama_perf_context_print:        eval time =      61.30 ms /     9 runs   (    6.81 ms per token,   146.81 tokens per second)
llama_perf_context_print:       total time =      85.83 ms /    36 tokens
llama_perf_context_print:    graphs reused =          8
[MiniCPM5 2B] 7. short query
Llama.generate: 465 prefix-match hit, remaining 23 prompt tokens to eval
llama_perf_context_print:        load time =      52.42 ms
llama_perf_context_print: prompt eval time =      21.52 ms /    23 tokens (    0.94 ms per token,  1068.92 tokens per second)
llama_perf_context_print:        eval time =      89.16 ms /    13 runs   (    6.86 ms per token,   145.81 tokens per second)
llama_perf_context_print:       total time =     113.53 ms /    36 tokens
llama_perf_context_print:    graphs reused =         12
[MiniCPM5 2B] 8. short query
Llama.generate: 501 prefix-match hit, remaining 24 prompt tokens to eval
llama_perf_context_print:        load time =      52.42 ms
llama_perf_context_print: prompt eval time =      22.31 ms /    24 tokens (    0.93 ms per token,  1075.75 tokens per second)
llama_perf_context_print:        eval time =      90.40 ms /    13 runs   (    6.95 ms per token,   143.80 tokens per second)
llama_perf_context_print:       total time =     115.96 ms /    37 tokens
llama_perf_context_print:    graphs reused =         12
[MiniCPM5 2B] 9. short query
Llama.generate: 538 prefix-match hit, remaining 24 prompt tokens to eval
llama_perf_context_print:        load time =      52.42 ms
llama_perf_context_print: prompt eval time =      22.25 ms /    24 tokens (    0.93 ms per token,  1078.46 tokens per second)
llama_perf_context_print:        eval time =      95.70 ms /    14 runs   (    6.84 ms per token,   146.30 tokens per second)
llama_perf_context_print:       total time =     121.04 ms /    38 tokens
llama_perf_context_print:    graphs reused =         13
[MiniCPM5 2B] 10. short query
Llama.generate: 576 prefix-match hit, remaining 29 prompt tokens to eval
llama_perf_context_print:        load time =      52.42 ms
llama_perf_context_print: prompt eval time =      22.36 ms /    29 tokens (    0.77 ms per token,  1297.25 tokens per second)
llama_perf_context_print:        eval time =      68.84 ms /    10 runs   (    6.88 ms per token,   145.26 tokens per second)
llama_perf_context_print:       total time =      93.63 ms /    39 tokens
llama_perf_context_print:    graphs reused =          9
[MiniCPM5 2B] 11. short query
Llama.generate: 615 prefix-match hit, remaining 24 prompt tokens to eval
llama_perf_context_print:        load time =      52.42 ms
llama_perf_context_print: prompt eval time =      22.15 ms /    24 tokens (    0.92 ms per token,  1083.62 tokens per second)
llama_perf_context_print:        eval time =      88.78 ms /    13 runs   (    6.83 ms per token,   146.43 tokens per second)
llama_perf_context_print:       total time =     113.72 ms /    37 tokens
llama_perf_context_print:    graphs reused =         12
[MiniCPM5 2B] 12. short query
Llama.generate: 652 prefix-match hit, remaining 25 prompt tokens to eval
llama_perf_context_print:        load time =      52.42 ms
llama_perf_context_print: prompt eval time =      22.12 ms /    25 tokens (    0.88 ms per token,  1130.35 tokens per second)
llama_perf_context_print:        eval time =     109.45 ms /    16 runs   (    6.84 ms per token,   146.19 tokens per second)
llama_perf_context_print:       total time =     135.17 ms /    41 tokens
llama_perf_context_print:    graphs reused =         15
[MiniCPM5 2B] 13. short query
Llama.generate: 693 prefix-match hit, remaining 27 prompt tokens to eval
llama_perf_context_print:        load time =      52.42 ms
llama_perf_context_print: prompt eval time =      23.21 ms /    27 tokens (    0.86 ms per token,  1163.54 tokens per second)
llama_perf_context_print:        eval time =      75.46 ms /    11 runs   (    6.86 ms per token,   145.77 tokens per second)
llama_perf_context_print:       total time =     101.18 ms /    38 tokens
llama_perf_context_print:    graphs reused =         10
[MiniCPM5 2B] 14. short query
Llama.generate: 731 prefix-match hit, remaining 25 prompt tokens to eval
llama_perf_context_print:        load time =      52.42 ms
llama_perf_context_print: prompt eval time =      22.26 ms /    25 tokens (    0.89 ms per token,  1123.19 tokens per second)
llama_perf_context_print:        eval time =     103.92 ms /    15 runs   (    6.93 ms per token,   144.34 tokens per second)
llama_perf_context_print:       total time =     129.60 ms /    40 tokens
llama_perf_context_print:    graphs reused =         13
[MiniCPM5 2B] 15. short query
Llama.generate: 771 prefix-match hit, remaining 24 prompt tokens to eval
llama_perf_context_print:        load time =      52.42 ms
llama_perf_context_print: prompt eval time =      22.56 ms /    24 tokens (    0.94 ms per token,  1063.97 tokens per second)
llama_perf_context_print:        eval time =      95.89 ms /    14 runs   (    6.85 ms per token,   146.00 tokens per second)
llama_perf_context_print:       total time =     121.11 ms /    38 tokens
llama_perf_context_print:    graphs reused =         13
[MiniCPM5 2B] 0. long query
Llama.generate: 210 prefix-match hit, remaining 79 prompt tokens to eval
llama_perf_context_print:        load time =      52.42 ms
llama_perf_context_print: prompt eval time =      29.67 ms /    79 tokens (    0.38 ms per token,  2662.89 tokens per second)
llama_perf_context_print:        eval time =     222.27 ms /    33 runs   (    6.74 ms per token,   148.47 tokens per second)
llama_perf_context_print:       total time =     259.31 ms /   112 tokens
llama_perf_context_print:    graphs reused =         32
[MiniCPM5 2B] 1. long query
Llama.generate: 322 prefix-match hit, remaining 76 prompt tokens to eval
llama_perf_context_print:        load time =      52.42 ms
llama_perf_context_print: prompt eval time =      33.51 ms /    76 tokens (    0.44 ms per token,  2267.84 tokens per second)
llama_perf_context_print:        eval time =     176.50 ms /    26 runs   (    6.79 ms per token,   147.30 tokens per second)
llama_perf_context_print:       total time =     216.42 ms /   102 tokens
llama_perf_context_print:    graphs reused =         25
[MiniCPM5 2B] 2. long query
Llama.generate: 424 prefix-match hit, remaining 76 prompt tokens to eval
llama_perf_context_print:        load time =      52.42 ms
llama_perf_context_print: prompt eval time =      33.80 ms /    76 tokens (    0.44 ms per token,  2248.32 tokens per second)
llama_perf_context_print:        eval time =     103.49 ms /    15 runs   (    6.90 ms per token,   144.94 tokens per second)
llama_perf_context_print:       total time =     140.93 ms /    91 tokens
llama_perf_context_print:    graphs reused =         13
[MiniCPM5 2B] 3. long query
Llama.generate: 515 prefix-match hit, remaining 81 prompt tokens to eval
llama_perf_context_print:        load time =      52.42 ms
llama_perf_context_print: prompt eval time =      34.41 ms /    81 tokens (    0.42 ms per token,  2354.24 tokens per second)
llama_perf_context_print:        eval time =     123.02 ms /    18 runs   (    6.83 ms per token,   146.32 tokens per second)
llama_perf_context_print:       total time =     161.89 ms /    99 tokens
llama_perf_context_print:    graphs reused =         17
[MiniCPM5 2B] 4. long query
Llama.generate: 614 prefix-match hit, remaining 87 prompt tokens to eval
llama_perf_context_print:        load time =      52.42 ms
llama_perf_context_print: prompt eval time =      34.74 ms /    87 tokens (    0.40 ms per token,  2503.96 tokens per second)
llama_perf_context_print:        eval time =     123.17 ms /    18 runs   (    6.84 ms per token,   146.14 tokens per second)
llama_perf_context_print:       total time =     162.35 ms /   105 tokens
llama_perf_context_print:    graphs reused =         17
[MiniCPM5 2B] 5. long query
Llama.generate: 719 prefix-match hit, remaining 86 prompt tokens to eval
llama_perf_context_print:        load time =      52.42 ms
llama_perf_context_print: prompt eval time =      40.67 ms /    86 tokens (    0.47 ms per token,  2114.42 tokens per second)
llama_perf_context_print:        eval time =     158.38 ms /    23 runs   (    6.89 ms per token,   145.22 tokens per second)
llama_perf_context_print:       total time =     204.78 ms /   109 tokens
llama_perf_context_print:    graphs reused =         22
[MiniCPM5 2B] 6. long query
Llama.generate: 828 prefix-match hit, remaining 83 prompt tokens to eval
llama_perf_context_print:        load time =      52.42 ms
llama_perf_context_print: prompt eval time =      40.89 ms /    83 tokens (    0.49 ms per token,  2029.69 tokens per second)
llama_perf_context_print:        eval time =     139.07 ms /    20 runs   (    6.95 ms per token,   143.82 tokens per second)
llama_perf_context_print:       total time =     184.62 ms /   103 tokens
llama_perf_context_print:    graphs reused =         19
[MiniCPM5 2B] 7. long query
Llama.generate: 931 prefix-match hit, remaining 86 prompt tokens to eval
llama_perf_context_print:        load time =      52.42 ms
llama_perf_context_print: prompt eval time =      41.14 ms /    86 tokens (    0.48 ms per token,  2090.32 tokens per second)
llama_perf_context_print:        eval time =     152.80 ms /    22 runs   (    6.95 ms per token,   143.98 tokens per second)
llama_perf_context_print:       total time =     199.37 ms /   108 tokens
llama_perf_context_print:    graphs reused =         20
[MiniCPM5 2B] 8. long query
Llama.generate: 1039 prefix-match hit, remaining 83 prompt tokens to eval
llama_perf_context_print:        load time =      52.42 ms
llama_perf_context_print: prompt eval time =      41.53 ms /    83 tokens (    0.50 ms per token,  1998.60 tokens per second)
llama_perf_context_print:        eval time =     152.33 ms /    22 runs   (    6.92 ms per token,   144.42 tokens per second)
llama_perf_context_print:       total time =     199.57 ms /   105 tokens
llama_perf_context_print:    graphs reused =         21
[MiniCPM5 2B] 9. long query
Llama.generate: 1144 prefix-match hit, remaining 83 prompt tokens to eval
llama_perf_context_print:        load time =      52.42 ms
llama_perf_context_print: prompt eval time =      41.71 ms /    83 tokens (    0.50 ms per token,  1989.98 tokens per second)
llama_perf_context_print:        eval time =     144.44 ms /    21 runs   (    6.88 ms per token,   145.39 tokens per second)
llama_perf_context_print:       total time =     190.61 ms /   104 tokens
llama_perf_context_print:    graphs reused =         20
[MiniCPM5 2B] 10. long query
Llama.generate: 1248 prefix-match hit, remaining 80 prompt tokens to eval
llama_perf_context_print:        load time =      52.42 ms
llama_perf_context_print: prompt eval time =      42.09 ms /    80 tokens (    0.53 ms per token,  1900.78 tokens per second)
llama_perf_context_print:        eval time =     132.08 ms /    19 runs   (    6.95 ms per token,   143.85 tokens per second)
llama_perf_context_print:       total time =     179.17 ms /    99 tokens
llama_perf_context_print:    graphs reused =         18
[MiniCPM5 2B] 11. long query
Llama.generate: 1347 prefix-match hit, remaining 83 prompt tokens to eval
llama_perf_context_print:        load time =      52.42 ms
llama_perf_context_print: prompt eval time =      42.51 ms /    83 tokens (    0.51 ms per token,  1952.39 tokens per second)
llama_perf_context_print:        eval time =     138.94 ms /    20 runs   (    6.95 ms per token,   143.95 tokens per second)
llama_perf_context_print:       total time =     186.39 ms /   103 tokens
llama_perf_context_print:    graphs reused =         19
[MiniCPM5 2B] 12. long query
Llama.generate: 1450 prefix-match hit, remaining 87 prompt tokens to eval
llama_perf_context_print:        load time =      52.42 ms
llama_perf_context_print: prompt eval time =      42.66 ms /    87 tokens (    0.49 ms per token,  2039.48 tokens per second)
llama_perf_context_print:        eval time =     188.12 ms /    27 runs   (    6.97 ms per token,   143.53 tokens per second)
llama_perf_context_print:       total time =     237.52 ms /   114 tokens
llama_perf_context_print:    graphs reused =         26
[MiniCPM5 2B] 13. long query
Llama.generate: 1564 prefix-match hit, remaining 81 prompt tokens to eval
llama_perf_context_print:        load time =      52.42 ms
llama_perf_context_print: prompt eval time =      42.84 ms /    81 tokens (    0.53 ms per token,  1890.62 tokens per second)
llama_perf_context_print:        eval time =     152.79 ms /    22 runs   (    6.95 ms per token,   143.99 tokens per second)
llama_perf_context_print:       total time =     200.45 ms /   103 tokens
llama_perf_context_print:    graphs reused =         21
[MiniCPM5 2B] 14. long query
Llama.generate: 1667 prefix-match hit, remaining 87 prompt tokens to eval
llama_perf_context_print:        load time =      52.42 ms
llama_perf_context_print: prompt eval time =      43.68 ms /    87 tokens (    0.50 ms per token,  1991.71 tokens per second)
llama_perf_context_print:        eval time =     187.35 ms /    27 runs   (    6.94 ms per token,   144.11 tokens per second)
llama_perf_context_print:       total time =     236.77 ms /   114 tokens
llama_perf_context_print:    graphs reused =         26
[MiniCPM5 2B] 15. long query
Llama.generate: 1781 prefix-match hit, remaining 90 prompt tokens to eval
llama_perf_context_print:        load time =      52.42 ms
llama_perf_context_print: prompt eval time =      43.98 ms /    90 tokens (    0.49 ms per token,  2046.29 tokens per second)
llama_perf_context_print:        eval time =     141.27 ms /    20 runs   (    7.06 ms per token,   141.58 tokens per second)
llama_perf_context_print:       total time =     190.50 ms /   110 tokens
llama_perf_context_print:    graphs reused =         19
~llama_context:    Vulkan0 compute buffer size is 263.0000 MiB, matches expectation of 263.0000 MiB
~llama_context: Vulkan_Host compute buffer size is  12.0137 MiB, matches expectation of  12.0137 MiB
--- Qwen3.5 2B ---
[Qwen3.5 2B] 0. short query
Llama.generate: 211 prefix-match hit, remaining 24 prompt tokens to eval
llama_perf_context_print:        load time =      52.40 ms
llama_perf_context_print: prompt eval time =      17.66 ms /    24 tokens (    0.74 ms per token,  1358.77 tokens per second)
llama_perf_context_print:        eval time =     281.81 ms /    45 runs   (    6.26 ms per token,   159.68 tokens per second)
llama_perf_context_print:       total time =     312.11 ms /    69 tokens
llama_perf_context_print:    graphs reused =         43
[Qwen3.5 2B] 1. short query
Llama.generate: 280 prefix-match hit, remaining 25 prompt tokens to eval
llama_perf_context_print:        load time =      52.40 ms
llama_perf_context_print: prompt eval time =      19.25 ms /    25 tokens (    0.77 ms per token,  1298.43 tokens per second)
llama_perf_context_print:        eval time =     281.71 ms /    45 runs   (    6.26 ms per token,   159.74 tokens per second)
llama_perf_context_print:       total time =     312.78 ms /    70 tokens
llama_perf_context_print:    graphs reused =         44
[Qwen3.5 2B] 2. short query
Llama.generate: 350 prefix-match hit, remaining 26 prompt tokens to eval
llama_perf_context_print:        load time =      52.40 ms
llama_perf_context_print: prompt eval time =      19.34 ms /    26 tokens (    0.74 ms per token,  1344.50 tokens per second)
llama_perf_context_print:        eval time =     272.20 ms /    43 runs   (    6.33 ms per token,   157.97 tokens per second)
llama_perf_context_print:       total time =     303.15 ms /    69 tokens
llama_perf_context_print:    graphs reused =         42
[Qwen3.5 2B] 3. short query
Llama.generate: 419 prefix-match hit, remaining 27 prompt tokens to eval
llama_perf_context_print:        load time =      52.40 ms
llama_perf_context_print: prompt eval time =      19.98 ms /    27 tokens (    0.74 ms per token,  1351.42 tokens per second)
llama_perf_context_print:        eval time =     258.08 ms /    41 runs   (    6.29 ms per token,   158.86 tokens per second)
llama_perf_context_print:       total time =     288.69 ms /    68 tokens
llama_perf_context_print:    graphs reused =         40
[Qwen3.5 2B] 4. short query
Llama.generate: 487 prefix-match hit, remaining 23 prompt tokens to eval
llama_perf_context_print:        load time =      52.40 ms
llama_perf_context_print: prompt eval time =      19.43 ms /    23 tokens (    0.84 ms per token,  1183.74 tokens per second)
llama_perf_context_print:        eval time =     271.47 ms /    43 runs   (    6.31 ms per token,   158.40 tokens per second)
llama_perf_context_print:       total time =     302.05 ms /    66 tokens
llama_perf_context_print:    graphs reused =         41
[Qwen3.5 2B] 5. short query
Llama.generate: 553 prefix-match hit, remaining 26 prompt tokens to eval
llama_perf_context_print:        load time =      52.40 ms
llama_perf_context_print: prompt eval time =      19.63 ms /    26 tokens (    0.75 ms per token,  1324.57 tokens per second)
llama_perf_context_print:        eval time =     302.98 ms /    48 runs   (    6.31 ms per token,   158.43 tokens per second)
llama_perf_context_print:       total time =     335.11 ms /    74 tokens
llama_perf_context_print:    graphs reused =         47
[Qwen3.5 2B] 6. short query
Llama.generate: 627 prefix-match hit, remaining 28 prompt tokens to eval
llama_perf_context_print:        load time =      52.40 ms
llama_perf_context_print: prompt eval time =      21.47 ms /    28 tokens (    0.77 ms per token,  1304.15 tokens per second)
llama_perf_context_print:        eval time =     277.84 ms /    44 runs   (    6.31 ms per token,   158.37 tokens per second)
llama_perf_context_print:       total time =     310.99 ms /    72 tokens
llama_perf_context_print:    graphs reused =         43
[Qwen3.5 2B] 7. short query
Llama.generate: 699 prefix-match hit, remaining 23 prompt tokens to eval
llama_perf_context_print:        load time =      52.40 ms
llama_perf_context_print: prompt eval time =      19.46 ms /    23 tokens (    0.85 ms per token,  1181.91 tokens per second)
llama_perf_context_print:        eval time =     283.37 ms /    45 runs   (    6.30 ms per token,   158.80 tokens per second)
llama_perf_context_print:       total time =     314.75 ms /    68 tokens
llama_perf_context_print:    graphs reused =         44
[Qwen3.5 2B] 8. short query
Llama.generate: 767 prefix-match hit, remaining 24 prompt tokens to eval
llama_perf_context_print:        load time =      52.40 ms
llama_perf_context_print: prompt eval time =      19.45 ms /    24 tokens (    0.81 ms per token,  1233.87 tokens per second)
llama_perf_context_print:        eval time =     327.76 ms /    52 runs   (    6.30 ms per token,   158.65 tokens per second)
llama_perf_context_print:       total time =     360.70 ms /    76 tokens
llama_perf_context_print:    graphs reused =         51
[Qwen3.5 2B] 9. short query
Llama.generate: 843 prefix-match hit, remaining 24 prompt tokens to eval
llama_perf_context_print:        load time =      52.40 ms
llama_perf_context_print: prompt eval time =      21.28 ms /    24 tokens (    0.89 ms per token,  1127.93 tokens per second)
llama_perf_context_print:        eval time =     296.65 ms /    47 runs   (    6.31 ms per token,   158.44 tokens per second)
llama_perf_context_print:       total time =     329.92 ms /    71 tokens
llama_perf_context_print:    graphs reused =         46
[Qwen3.5 2B] 10. short query
Llama.generate: 914 prefix-match hit, remaining 29 prompt tokens to eval
llama_perf_context_print:        load time =      52.40 ms
llama_perf_context_print: prompt eval time =      20.71 ms /    29 tokens (    0.71 ms per token,  1400.56 tokens per second)
llama_perf_context_print:        eval time =     272.24 ms /    43 runs   (    6.33 ms per token,   157.95 tokens per second)
llama_perf_context_print:       total time =     304.78 ms /    72 tokens
llama_perf_context_print:    graphs reused =         42
[Qwen3.5 2B] 11. short query
Llama.generate: 986 prefix-match hit, remaining 24 prompt tokens to eval
llama_perf_context_print:        load time =      52.40 ms
llama_perf_context_print: prompt eval time =      22.55 ms /    24 tokens (    0.94 ms per token,  1064.25 tokens per second)
llama_perf_context_print:        eval time =     305.36 ms /    48 runs   (    6.36 ms per token,   157.19 tokens per second)
llama_perf_context_print:       total time =     341.25 ms /    72 tokens
llama_perf_context_print:    graphs reused =         46
[Qwen3.5 2B] 12. short query
Llama.generate: 1058 prefix-match hit, remaining 25 prompt tokens to eval
llama_perf_context_print:        load time =      52.40 ms
llama_perf_context_print: prompt eval time =      20.08 ms /    25 tokens (    0.80 ms per token,  1245.14 tokens per second)
llama_perf_context_print:        eval time =     317.23 ms /    50 runs   (    6.34 ms per token,   157.61 tokens per second)
llama_perf_context_print:       total time =     350.88 ms /    75 tokens
llama_perf_context_print:    graphs reused =         49
[Qwen3.5 2B] 13. short query
Llama.generate: 1133 prefix-match hit, remaining 26 prompt tokens to eval
llama_perf_context_print:        load time =      52.40 ms
llama_perf_context_print: prompt eval time =      19.99 ms /    26 tokens (    0.77 ms per token,  1300.65 tokens per second)
llama_perf_context_print:        eval time =     272.52 ms /    43 runs   (    6.34 ms per token,   157.78 tokens per second)
llama_perf_context_print:       total time =     304.43 ms /    69 tokens
llama_perf_context_print:    graphs reused =         42
[Qwen3.5 2B] 14. short query
Llama.generate: 1202 prefix-match hit, remaining 26 prompt tokens to eval
llama_perf_context_print:        load time =      52.40 ms
llama_perf_context_print: prompt eval time =      20.11 ms /    26 tokens (    0.77 ms per token,  1293.08 tokens per second)
llama_perf_context_print:        eval time =     317.55 ms /    50 runs   (    6.35 ms per token,   157.46 tokens per second)
llama_perf_context_print:       total time =     351.45 ms /    76 tokens
llama_perf_context_print:    graphs reused =         49
[Qwen3.5 2B] 15. short query
Llama.generate: 1278 prefix-match hit, remaining 24 prompt tokens to eval
llama_perf_context_print:        load time =      52.40 ms
llama_perf_context_print: prompt eval time =      20.06 ms /    24 tokens (    0.84 ms per token,  1196.29 tokens per second)
llama_perf_context_print:        eval time =     311.02 ms /    49 runs   (    6.35 ms per token,   157.55 tokens per second)
llama_perf_context_print:       total time =     345.00 ms /    73 tokens
llama_perf_context_print:    graphs reused =         48
[Qwen3.5 2B] 0. long query
Llama.generate: 211 prefix-match hit, remaining 80 prompt tokens to eval
llama_perf_context_print:        load time =      52.40 ms
llama_perf_context_print: prompt eval time =      26.92 ms /    80 tokens (    0.34 ms per token,  2971.77 tokens per second)
llama_perf_context_print:        eval time =     287.95 ms /    46 runs   (    6.26 ms per token,   159.75 tokens per second)
llama_perf_context_print:       total time =     327.63 ms /   126 tokens
llama_perf_context_print:    graphs reused =         45
[Qwen3.5 2B] 1. long query
Llama.generate: 337 prefix-match hit, remaining 78 prompt tokens to eval
llama_perf_context_print:        load time =      52.40 ms
llama_perf_context_print: prompt eval time =      28.73 ms /    78 tokens (    0.37 ms per token,  2714.93 tokens per second)
llama_perf_context_print:        eval time =     344.66 ms /    55 runs   (    6.27 ms per token,   159.58 tokens per second)
llama_perf_context_print:       total time =     388.32 ms /   133 tokens
llama_perf_context_print:    graphs reused =         54
[Qwen3.5 2B] 2. long query
Llama.generate: 470 prefix-match hit, remaining 77 prompt tokens to eval
llama_perf_context_print:        load time =      52.40 ms
llama_perf_context_print: prompt eval time =      29.18 ms /    77 tokens (    0.38 ms per token,  2638.97 tokens per second)
llama_perf_context_print:        eval time =     321.51 ms /    51 runs   (    6.30 ms per token,   158.63 tokens per second)
llama_perf_context_print:       total time =     364.89 ms /   128 tokens
llama_perf_context_print:    graphs reused =         50
[Qwen3.5 2B] 3. long query
Llama.generate: 598 prefix-match hit, remaining 82 prompt tokens to eval
llama_perf_context_print:        load time =      52.40 ms
llama_perf_context_print: prompt eval time =      29.82 ms /    82 tokens (    0.36 ms per token,  2749.65 tokens per second)
llama_perf_context_print:        eval time =     395.99 ms /    63 runs   (    6.29 ms per token,   159.09 tokens per second)
llama_perf_context_print:       total time =     443.02 ms /   145 tokens
llama_perf_context_print:    graphs reused =         62
[Qwen3.5 2B] 4. long query
Llama.generate: 743 prefix-match hit, remaining 88 prompt tokens to eval
llama_perf_context_print:        load time =      52.40 ms
llama_perf_context_print: prompt eval time =      30.18 ms /    88 tokens (    0.34 ms per token,  2915.93 tokens per second)
llama_perf_context_print:        eval time =     384.56 ms /    61 runs   (    6.30 ms per token,   158.62 tokens per second)
llama_perf_context_print:       total time =     432.06 ms /   149 tokens
llama_perf_context_print:    graphs reused =         60
[Qwen3.5 2B] 5. long query
Llama.generate: 892 prefix-match hit, remaining 86 prompt tokens to eval
llama_perf_context_print:        load time =      52.40 ms
llama_perf_context_print: prompt eval time =      29.73 ms /    86 tokens (    0.35 ms per token,  2892.51 tokens per second)
llama_perf_context_print:        eval time =     399.45 ms /    63 runs   (    6.34 ms per token,   157.72 tokens per second)
llama_perf_context_print:       total time =     446.25 ms /   149 tokens
llama_perf_context_print:    graphs reused =         61
[Qwen3.5 2B] 6. long query
Llama.generate: 1041 prefix-match hit, remaining 82 prompt tokens to eval
llama_perf_context_print:        load time =      52.40 ms
llama_perf_context_print: prompt eval time =      29.35 ms /    82 tokens (    0.36 ms per token,  2793.68 tokens per second)
llama_perf_context_print:        eval time =     398.80 ms /    63 runs   (    6.33 ms per token,   157.97 tokens per second)
llama_perf_context_print:       total time =     445.54 ms /   145 tokens
llama_perf_context_print:    graphs reused =         62
[Qwen3.5 2B] 7. long query
Llama.generate: 1186 prefix-match hit, remaining 88 prompt tokens to eval
llama_perf_context_print:        load time =      52.40 ms
llama_perf_context_print: prompt eval time =      30.27 ms /    88 tokens (    0.34 ms per token,  2907.07 tokens per second)
llama_perf_context_print:        eval time =     400.62 ms /    63 runs   (    6.36 ms per token,   157.26 tokens per second)
llama_perf_context_print:       total time =     449.38 ms /   151 tokens
llama_perf_context_print:    graphs reused =         61
[Qwen3.5 2B] 8. long query
Llama.generate: 1337 prefix-match hit, remaining 84 prompt tokens to eval
llama_perf_context_print:        load time =      52.40 ms
llama_perf_context_print: prompt eval time =      68.90 ms /    84 tokens (    0.82 ms per token,  1219.14 tokens per second)
llama_perf_context_print:        eval time =     397.67 ms /    63 runs   (    6.31 ms per token,   158.42 tokens per second)
llama_perf_context_print:       total time =     484.17 ms /   147 tokens
llama_perf_context_print:    graphs reused =         62
[Qwen3.5 2B] 9. long query
Llama.generate: 1484 prefix-match hit, remaining 85 prompt tokens to eval
llama_perf_context_print:        load time =      52.40 ms
llama_perf_context_print: prompt eval time =      47.87 ms /    85 tokens (    0.56 ms per token,  1775.64 tokens per second)
llama_perf_context_print:        eval time =     398.45 ms /    63 runs   (    6.32 ms per token,   158.11 tokens per second)
llama_perf_context_print:       total time =     465.00 ms /   148 tokens
llama_perf_context_print:    graphs reused =         62
[Qwen3.5 2B] 10. long query
Llama.generate: 1632 prefix-match hit, remaining 80 prompt tokens to eval
llama_perf_context_print:        load time =      52.40 ms
llama_perf_context_print: prompt eval time =      36.77 ms /    80 tokens (    0.46 ms per token,  2175.57 tokens per second)
llama_perf_context_print:        eval time =     398.47 ms /    63 runs   (    6.32 ms per token,   158.11 tokens per second)
llama_perf_context_print:       total time =     453.79 ms /   143 tokens
llama_perf_context_print:    graphs reused =         62
[Qwen3.5 2B] 11. long query
Llama.generate: 1775 prefix-match hit, remaining 83 prompt tokens to eval
llama_perf_context_print:        load time =      52.40 ms
llama_perf_context_print: prompt eval time =      30.15 ms /    83 tokens (    0.36 ms per token,  2752.54 tokens per second)
llama_perf_context_print:        eval time =     400.42 ms /    63 runs   (    6.36 ms per token,   157.33 tokens per second)
llama_perf_context_print:       total time =     449.22 ms /   146 tokens
llama_perf_context_print:    graphs reused =         62
[Qwen3.5 2B] 12. long query
Llama.generate: 1921 prefix-match hit, remaining 88 prompt tokens to eval
llama_perf_context_print:        load time =      52.40 ms
llama_perf_context_print: prompt eval time =      30.45 ms /    88 tokens (    0.35 ms per token,  2890.27 tokens per second)
llama_perf_context_print:        eval time =     401.41 ms /    63 runs   (    6.37 ms per token,   156.95 tokens per second)
llama_perf_context_print:       total time =     450.22 ms /   151 tokens
llama_perf_context_print:    graphs reused =         61
[Qwen3.5 2B] 13. long query
Llama.generate: 2072 prefix-match hit, remaining 85 prompt tokens to eval
llama_perf_context_print:        load time =      52.40 ms
llama_perf_context_print: prompt eval time =      30.86 ms /    85 tokens (    0.36 ms per token,  2754.29 tokens per second)
llama_perf_context_print:        eval time =     362.51 ms /    57 runs   (    6.36 ms per token,   157.23 tokens per second)
llama_perf_context_print:       total time =     409.83 ms /   142 tokens
llama_perf_context_print:    graphs reused =         56
[Qwen3.5 2B] 14. long query
Llama.generate: 2214 prefix-match hit, remaining 89 prompt tokens to eval
llama_perf_context_print:        load time =      52.40 ms
llama_perf_context_print: prompt eval time =      30.88 ms /    89 tokens (    0.35 ms per token,  2882.22 tokens per second)
llama_perf_context_print:        eval time =     382.90 ms /    60 runs   (    6.38 ms per token,   156.70 tokens per second)
llama_perf_context_print:       total time =     431.39 ms /   149 tokens
llama_perf_context_print:    graphs reused =         58
[Qwen3.5 2B] 15. long query
Llama.generate: 2363 prefix-match hit, remaining 90 prompt tokens to eval
llama_perf_context_print:        load time =      52.40 ms
llama_perf_context_print: prompt eval time =      30.98 ms /    90 tokens (    0.34 ms per token,  2905.38 tokens per second)
llama_perf_context_print:        eval time =     343.99 ms /    54 runs   (    6.37 ms per token,   156.98 tokens per second)
llama_perf_context_print:       total time =     390.17 ms /   144 tokens
llama_perf_context_print:    graphs reused =         53
~llama_context:    Vulkan0 compute buffer size is 493.0000 MiB, matches expectation of 493.0000 MiB
~llama_context: Vulkan_Host compute buffer size is  12.0196 MiB, matches expectation of  12.0196 MiB
--- Bonsai 8B ---
[Bonsai 8B] 0. short query
Llama.generate: 199 prefix-match hit, remaining 24 prompt tokens to eval
llama_perf_context_print:        load time =     139.15 ms
llama_perf_context_print: prompt eval time =      51.81 ms /    24 tokens (    2.16 ms per token,   463.23 tokens per second)
llama_perf_context_print:        eval time =     377.08 ms /    33 runs   (   11.43 ms per token,    87.52 tokens per second)
llama_perf_context_print:       total time =     437.33 ms /    57 tokens
llama_perf_context_print:    graphs reused =         32
[Bonsai 8B] 1. short query
Llama.generate: 256 prefix-match hit, remaining 25 prompt tokens to eval
llama_perf_context_print:        load time =     139.15 ms
llama_perf_context_print: prompt eval time =      54.90 ms /    25 tokens (    2.20 ms per token,   455.37 tokens per second)
llama_perf_context_print:        eval time =     407.52 ms /    35 runs   (   11.64 ms per token,    85.89 tokens per second)
llama_perf_context_print:       total time =     471.65 ms /    60 tokens
llama_perf_context_print:    graphs reused =         34
[Bonsai 8B] 2. short query
Llama.generate: 316 prefix-match hit, remaining 26 prompt tokens to eval
llama_perf_context_print:        load time =     139.15 ms
llama_perf_context_print: prompt eval time =      55.90 ms /    26 tokens (    2.15 ms per token,   465.09 tokens per second)
llama_perf_context_print:        eval time =     173.82 ms /    15 runs   (   11.59 ms per token,    86.29 tokens per second)
llama_perf_context_print:       total time =     233.77 ms /    41 tokens
llama_perf_context_print:    graphs reused =         14
[Bonsai 8B] 3. short query
Llama.generate: 357 prefix-match hit, remaining 27 prompt tokens to eval
llama_perf_context_print:        load time =     139.15 ms
llama_perf_context_print: prompt eval time =      55.39 ms /    27 tokens (    2.05 ms per token,   487.46 tokens per second)
llama_perf_context_print:        eval time =     265.68 ms /    23 runs   (   11.55 ms per token,    86.57 tokens per second)
llama_perf_context_print:       total time =     327.11 ms /    50 tokens
llama_perf_context_print:    graphs reused =         22
[Bonsai 8B] 4. short query
Llama.generate: 407 prefix-match hit, remaining 23 prompt tokens to eval
llama_perf_context_print:        load time =     139.15 ms
llama_perf_context_print: prompt eval time =      56.46 ms /    23 tokens (    2.45 ms per token,   407.36 tokens per second)
llama_perf_context_print:        eval time =     208.66 ms /    18 runs   (   11.59 ms per token,    86.26 tokens per second)
llama_perf_context_print:       total time =     270.05 ms /    41 tokens
llama_perf_context_print:    graphs reused =         17
[Bonsai 8B] 5. short query
Llama.generate: 448 prefix-match hit, remaining 26 prompt tokens to eval
llama_perf_context_print:        load time =     139.15 ms
llama_perf_context_print: prompt eval time =      56.56 ms /    26 tokens (    2.18 ms per token,   459.68 tokens per second)
llama_perf_context_print:        eval time =     396.06 ms /    34 runs   (   11.65 ms per token,    85.84 tokens per second)
llama_perf_context_print:       total time =     461.71 ms /    60 tokens
llama_perf_context_print:    graphs reused =         33
[Bonsai 8B] 6. short query
Llama.generate: 508 prefix-match hit, remaining 28 prompt tokens to eval
llama_perf_context_print:        load time =     139.15 ms
llama_perf_context_print: prompt eval time =      56.21 ms /    28 tokens (    2.01 ms per token,   498.12 tokens per second)
llama_perf_context_print:        eval time =     292.45 ms /    25 runs   (   11.70 ms per token,    85.48 tokens per second)
llama_perf_context_print:       total time =     355.43 ms /    53 tokens
llama_perf_context_print:    graphs reused =         24
[Bonsai 8B] 7. short query
Llama.generate: 561 prefix-match hit, remaining 23 prompt tokens to eval
llama_perf_context_print:        load time =     139.15 ms
llama_perf_context_print: prompt eval time =      56.90 ms /    23 tokens (    2.47 ms per token,   404.25 tokens per second)
llama_perf_context_print:        eval time =     410.48 ms /    35 runs   (   11.73 ms per token,    85.27 tokens per second)
llama_perf_context_print:       total time =     477.11 ms /    58 tokens
llama_perf_context_print:    graphs reused =         34
[Bonsai 8B] 8. short query
Llama.generate: 619 prefix-match hit, remaining 24 prompt tokens to eval
llama_perf_context_print:        load time =     139.15 ms
llama_perf_context_print: prompt eval time =      56.28 ms /    24 tokens (    2.34 ms per token,   426.47 tokens per second)
llama_perf_context_print:        eval time =     327.56 ms /    28 runs   (   11.70 ms per token,    85.48 tokens per second)
llama_perf_context_print:       total time =     391.46 ms /    52 tokens
llama_perf_context_print:    graphs reused =         27
[Bonsai 8B] 9. short query
Llama.generate: 671 prefix-match hit, remaining 24 prompt tokens to eval
llama_perf_context_print:        load time =     139.15 ms
llama_perf_context_print: prompt eval time =      56.24 ms /    24 tokens (    2.34 ms per token,   426.74 tokens per second)
llama_perf_context_print:        eval time =     292.86 ms /    25 runs   (   11.71 ms per token,    85.37 tokens per second)
llama_perf_context_print:       total time =     355.87 ms /    49 tokens
llama_perf_context_print:    graphs reused =         24
[Bonsai 8B] 10. short query
Llama.generate: 720 prefix-match hit, remaining 29 prompt tokens to eval
llama_perf_context_print:        load time =     139.15 ms
llama_perf_context_print: prompt eval time =      57.07 ms /    29 tokens (    1.97 ms per token,   508.11 tokens per second)
llama_perf_context_print:        eval time =     237.33 ms /    20 runs   (   11.87 ms per token,    84.27 tokens per second)
llama_perf_context_print:       total time =     299.86 ms /    49 tokens
llama_perf_context_print:    graphs reused =         18
[Bonsai 8B] 11. short query
Llama.generate: 769 prefix-match hit, remaining 24 prompt tokens to eval
llama_perf_context_print:        load time =     139.15 ms
llama_perf_context_print: prompt eval time =      56.61 ms /    24 tokens (    2.36 ms per token,   423.92 tokens per second)
llama_perf_context_print:        eval time =     354.08 ms /    30 runs   (   11.80 ms per token,    84.73 tokens per second)
llama_perf_context_print:       total time =     418.97 ms /    54 tokens
llama_perf_context_print:    graphs reused =         29
[Bonsai 8B] 12. short query
Llama.generate: 823 prefix-match hit, remaining 25 prompt tokens to eval
llama_perf_context_print:        load time =     139.15 ms
llama_perf_context_print: prompt eval time =     137.41 ms /    25 tokens (    5.50 ms per token,   181.94 tokens per second)
llama_perf_context_print:        eval time =     438.55 ms /    37 runs   (   11.85 ms per token,    84.37 tokens per second)
llama_perf_context_print:       total time =     586.08 ms /    62 tokens
llama_perf_context_print:    graphs reused =         36
[Bonsai 8B] 13. short query
Llama.generate: 885 prefix-match hit, remaining 26 prompt tokens to eval
llama_perf_context_print:        load time =     139.15 ms
llama_perf_context_print: prompt eval time =      59.06 ms /    26 tokens (    2.27 ms per token,   440.25 tokens per second)
llama_perf_context_print:        eval time =     426.35 ms /    36 runs   (   11.84 ms per token,    84.44 tokens per second)
llama_perf_context_print:       total time =     495.22 ms /    62 tokens
llama_perf_context_print:    graphs reused =         35
[Bonsai 8B] 14. short query
Llama.generate: 947 prefix-match hit, remaining 26 prompt tokens to eval
llama_perf_context_print:        load time =     139.15 ms
llama_perf_context_print: prompt eval time =      54.92 ms /    26 tokens (    2.11 ms per token,   473.42 tokens per second)
llama_perf_context_print:        eval time =     285.28 ms /    24 runs   (   11.89 ms per token,    84.13 tokens per second)
llama_perf_context_print:       total time =     346.76 ms /    50 tokens
llama_perf_context_print:    graphs reused =         23
[Bonsai 8B] 15. short query
Llama.generate: 997 prefix-match hit, remaining 24 prompt tokens to eval
llama_perf_context_print:        load time =     139.15 ms
llama_perf_context_print: prompt eval time =      56.52 ms /    24 tokens (    2.35 ms per token,   424.63 tokens per second)
llama_perf_context_print:        eval time =     454.84 ms /    38 runs   (   11.97 ms per token,    83.55 tokens per second)
llama_perf_context_print:       total time =     521.98 ms /    62 tokens
llama_perf_context_print:    graphs reused =         36
[Bonsai 8B] 0. long query
Llama.generate: 199 prefix-match hit, remaining 80 prompt tokens to eval
llama_perf_context_print:        load time =     139.15 ms
llama_perf_context_print: prompt eval time =      96.62 ms /    80 tokens (    1.21 ms per token,   827.96 tokens per second)
llama_perf_context_print:        eval time =     450.85 ms /    39 runs   (   11.56 ms per token,    86.50 tokens per second)
llama_perf_context_print:       total time =     557.93 ms /   119 tokens
llama_perf_context_print:    graphs reused =         38
[Bonsai 8B] 1. long query
Llama.generate: 318 prefix-match hit, remaining 78 prompt tokens to eval
llama_perf_context_print:        load time =     139.15 ms
llama_perf_context_print: prompt eval time =     110.39 ms /    78 tokens (    1.42 ms per token,   706.58 tokens per second)
llama_perf_context_print:        eval time =     404.05 ms /    35 runs   (   11.54 ms per token,    86.62 tokens per second)
llama_perf_context_print:       total time =     524.08 ms /   113 tokens
llama_perf_context_print:    graphs reused =         34
[Bonsai 8B] 2. long query
Llama.generate: 431 prefix-match hit, remaining 77 prompt tokens to eval
llama_perf_context_print:        load time =     139.15 ms
llama_perf_context_print: prompt eval time =     110.67 ms /    77 tokens (    1.44 ms per token,   695.77 tokens per second)
llama_perf_context_print:        eval time =     500.87 ms /    43 runs   (   11.65 ms per token,    85.85 tokens per second)
llama_perf_context_print:       total time =     623.31 ms /   120 tokens
llama_perf_context_print:    graphs reused =         41
[Bonsai 8B] 3. long query
Llama.generate: 551 prefix-match hit, remaining 82 prompt tokens to eval
llama_perf_context_print:        load time =     139.15 ms
llama_perf_context_print: prompt eval time =     112.45 ms /    82 tokens (    1.37 ms per token,   729.25 tokens per second)
llama_perf_context_print:        eval time =     466.82 ms /    40 runs   (   11.67 ms per token,    85.69 tokens per second)
llama_perf_context_print:       total time =     590.39 ms /   122 tokens
llama_perf_context_print:    graphs reused =         39
[Bonsai 8B] 4. long query
Llama.generate: 673 prefix-match hit, remaining 87 prompt tokens to eval
llama_perf_context_print:        load time =     139.15 ms
llama_perf_context_print: prompt eval time =     113.24 ms /    87 tokens (    1.30 ms per token,   768.30 tokens per second)
llama_perf_context_print:        eval time =     424.26 ms /    36 runs   (   11.79 ms per token,    84.85 tokens per second)
llama_perf_context_print:       total time =     547.56 ms /   123 tokens
llama_perf_context_print:    graphs reused =         34
[Bonsai 8B] 5. long query
Llama.generate: 796 prefix-match hit, remaining 87 prompt tokens to eval
llama_perf_context_print:        load time =     139.15 ms
llama_perf_context_print: prompt eval time =     118.62 ms /    87 tokens (    1.36 ms per token,   733.43 tokens per second)
llama_perf_context_print:        eval time =     518.51 ms /    44 runs   (   11.78 ms per token,    84.86 tokens per second)
llama_perf_context_print:       total time =     649.20 ms /   131 tokens
llama_perf_context_print:    graphs reused =         43
[Bonsai 8B] 6. long query
Llama.generate: 927 prefix-match hit, remaining 81 prompt tokens to eval
llama_perf_context_print:        load time =     139.15 ms
llama_perf_context_print: prompt eval time =     118.22 ms /    81 tokens (    1.46 ms per token,   685.15 tokens per second)
llama_perf_context_print:        eval time =     487.66 ms /    41 runs   (   11.89 ms per token,    84.08 tokens per second)
llama_perf_context_print:       total time =     617.34 ms /   122 tokens
llama_perf_context_print:    graphs reused =         39
[Bonsai 8B] 7. long query
Llama.generate: 1049 prefix-match hit, remaining 87 prompt tokens to eval
llama_perf_context_print:        load time =     139.15 ms
llama_perf_context_print: prompt eval time =     119.89 ms /    87 tokens (    1.38 ms per token,   725.64 tokens per second)
llama_perf_context_print:        eval time =     441.84 ms /    37 runs   (   11.94 ms per token,    83.74 tokens per second)
llama_perf_context_print:       total time =     572.10 ms /   124 tokens
llama_perf_context_print:    graphs reused =         36
[Bonsai 8B] 8. long query
Llama.generate: 1173 prefix-match hit, remaining 83 prompt tokens to eval
llama_perf_context_print:        load time =     139.15 ms
llama_perf_context_print: prompt eval time =     119.30 ms /    83 tokens (    1.44 ms per token,   695.73 tokens per second)
llama_perf_context_print:        eval time =     467.55 ms /    39 runs   (   11.99 ms per token,    83.41 tokens per second)
llama_perf_context_print:       total time =     597.87 ms /   122 tokens
llama_perf_context_print:    graphs reused =         37
[Bonsai 8B] 9. long query
Llama.generate: 1295 prefix-match hit, remaining 84 prompt tokens to eval
llama_perf_context_print:        load time =     139.15 ms
llama_perf_context_print: prompt eval time =     119.73 ms /    84 tokens (    1.43 ms per token,   701.58 tokens per second)
llama_perf_context_print:        eval time =     493.60 ms /    41 runs   (   12.04 ms per token,    83.06 tokens per second)
llama_perf_context_print:       total time =     624.89 ms /   125 tokens
llama_perf_context_print:    graphs reused =         40
[Bonsai 8B] 10. long query
Llama.generate: 1420 prefix-match hit, remaining 79 prompt tokens to eval
llama_perf_context_print:        load time =     139.15 ms
llama_perf_context_print: prompt eval time =     120.41 ms /    79 tokens (    1.52 ms per token,   656.11 tokens per second)
llama_perf_context_print:        eval time =     421.40 ms /    35 runs   (   12.04 ms per token,    83.06 tokens per second)
llama_perf_context_print:       total time =     551.72 ms /   114 tokens
llama_perf_context_print:    graphs reused =         34
[Bonsai 8B] 11. long query
Llama.generate: 1534 prefix-match hit, remaining 83 prompt tokens to eval
llama_perf_context_print:        load time =     139.15 ms
llama_perf_context_print: prompt eval time =     121.06 ms /    83 tokens (    1.46 ms per token,   685.62 tokens per second)
llama_perf_context_print:        eval time =     462.40 ms /    38 runs   (   12.17 ms per token,    82.18 tokens per second)
llama_perf_context_print:       total time =     594.18 ms /   121 tokens
llama_perf_context_print:    graphs reused =         37
[Bonsai 8B] 12. long query
Llama.generate: 1655 prefix-match hit, remaining 87 prompt tokens to eval
llama_perf_context_print:        load time =     139.15 ms
llama_perf_context_print: prompt eval time =     122.16 ms /    87 tokens (    1.40 ms per token,   712.20 tokens per second)
llama_perf_context_print:        eval time =     547.02 ms /    45 runs   (   12.16 ms per token,    82.26 tokens per second)
llama_perf_context_print:       total time =     681.98 ms /   132 tokens
llama_perf_context_print:    graphs reused =         44
[Bonsai 8B] 13. long query
Llama.generate: 1787 prefix-match hit, remaining 84 prompt tokens to eval
llama_perf_context_print:        load time =     139.15 ms
llama_perf_context_print: prompt eval time =     122.40 ms /    84 tokens (    1.46 ms per token,   686.27 tokens per second)
llama_perf_context_print:        eval time =     431.17 ms /    35 runs   (   12.32 ms per token,    81.17 tokens per second)
llama_perf_context_print:       total time =     563.56 ms /   119 tokens
llama_perf_context_print:    graphs reused =         34
[Bonsai 8B] 14. long query
Llama.generate: 1906 prefix-match hit, remaining 89 prompt tokens to eval
llama_perf_context_print:        load time =     139.15 ms
llama_perf_context_print: prompt eval time =     123.77 ms /    89 tokens (    1.39 ms per token,   719.10 tokens per second)
llama_perf_context_print:        eval time =     507.48 ms /    41 runs   (   12.38 ms per token,    80.79 tokens per second)
llama_perf_context_print:       total time =     643.07 ms /   130 tokens
llama_perf_context_print:    graphs reused =         40
[Bonsai 8B] 15. long query
Llama.generate: 2036 prefix-match hit, remaining 90 prompt tokens to eval
llama_perf_context_print:        load time =     139.15 ms
llama_perf_context_print: prompt eval time =     123.99 ms /    90 tokens (    1.38 ms per token,   725.88 tokens per second)
llama_perf_context_print:        eval time =     499.79 ms /    40 runs   (   12.49 ms per token,    80.03 tokens per second)
llama_perf_context_print:       total time =     635.29 ms /   130 tokens
llama_perf_context_print:    graphs reused =         39
~llama_context:    Vulkan0 compute buffer size is 312.2285 MiB, matches expectation of 312.2285 MiB
~llama_context: Vulkan_Host compute buffer size is  20.0137 MiB, matches expectation of  20.0137 MiB
--- Llama 3.2 1B ---
[Llama 3.2 1B] 0. short query
Llama.generate: 200 prefix-match hit, remaining 21 prompt tokens to eval
llama_perf_context_print:        load time =      25.30 ms
llama_perf_context_print: prompt eval time =       9.67 ms /    21 tokens (    0.46 ms per token,  2172.56 tokens per second)
llama_perf_context_print:        eval time =     225.83 ms /    63 runs   (    3.58 ms per token,   278.97 tokens per second)
llama_perf_context_print:       total time =     245.40 ms /    84 tokens
llama_perf_context_print:    graphs reused =         61
[Llama 3.2 1B] 1. short query
Llama.generate: 284 prefix-match hit, remaining 22 prompt tokens to eval
llama_perf_context_print:        load time =      25.30 ms
llama_perf_context_print: prompt eval time =      10.94 ms /    22 tokens (    0.50 ms per token,  2010.60 tokens per second)
llama_perf_context_print:        eval time =     227.32 ms /    63 runs   (    3.61 ms per token,   277.14 tokens per second)
llama_perf_context_print:       total time =     247.81 ms /    85 tokens
llama_perf_context_print:    graphs reused =         62
[Llama 3.2 1B] 2. short query
Llama.generate: 369 prefix-match hit, remaining 23 prompt tokens to eval
llama_perf_context_print:        load time =      25.30 ms
llama_perf_context_print: prompt eval time =      11.04 ms /    23 tokens (    0.48 ms per token,  2083.52 tokens per second)
llama_perf_context_print:        eval time =     227.51 ms /    63 runs   (    3.61 ms per token,   276.92 tokens per second)
llama_perf_context_print:       total time =     248.05 ms /    86 tokens
llama_perf_context_print:    graphs reused =         62
[Llama 3.2 1B] 3. short query
Llama.generate: 455 prefix-match hit, remaining 24 prompt tokens to eval
llama_perf_context_print:        load time =      25.30 ms
llama_perf_context_print: prompt eval time =      11.12 ms /    24 tokens (    0.46 ms per token,  2157.89 tokens per second)
llama_perf_context_print:        eval time =     233.16 ms /    63 runs   (    3.70 ms per token,   270.20 tokens per second)
llama_perf_context_print:       total time =     253.84 ms /    87 tokens
llama_perf_context_print:    graphs reused =         61
[Llama 3.2 1B] 4. short query
Llama.generate: 542 prefix-match hit, remaining 20 prompt tokens to eval
llama_perf_context_print:        load time =      25.30 ms
llama_perf_context_print: prompt eval time =      11.24 ms /    20 tokens (    0.56 ms per token,  1779.83 tokens per second)
llama_perf_context_print:        eval time =     229.64 ms /    63 runs   (    3.65 ms per token,   274.34 tokens per second)
llama_perf_context_print:       total time =     250.43 ms /    83 tokens
llama_perf_context_print:    graphs reused =         62
[Llama 3.2 1B] 5. short query
Llama.generate: 625 prefix-match hit, remaining 23 prompt tokens to eval
llama_perf_context_print:        load time =      25.30 ms
llama_perf_context_print: prompt eval time =      11.33 ms /    23 tokens (    0.49 ms per token,  2030.37 tokens per second)
llama_perf_context_print:        eval time =     229.97 ms /    63 runs   (    3.65 ms per token,   273.95 tokens per second)
llama_perf_context_print:       total time =     250.85 ms /    86 tokens
llama_perf_context_print:    graphs reused =         62
[Llama 3.2 1B] 6. short query
Llama.generate: 711 prefix-match hit, remaining 25 prompt tokens to eval
llama_perf_context_print:        load time =      25.30 ms
llama_perf_context_print: prompt eval time =      11.48 ms /    25 tokens (    0.46 ms per token,  2177.13 tokens per second)
llama_perf_context_print:        eval time =     233.03 ms /    63 runs   (    3.70 ms per token,   270.35 tokens per second)
llama_perf_context_print:       total time =     254.39 ms /    88 tokens
llama_perf_context_print:    graphs reused =         61
[Llama 3.2 1B] 7. short query
Llama.generate: 799 prefix-match hit, remaining 20 prompt tokens to eval
llama_perf_context_print:        load time =      25.30 ms
llama_perf_context_print: prompt eval time =      11.57 ms /    20 tokens (    0.58 ms per token,  1728.31 tokens per second)
llama_perf_context_print:        eval time =     235.10 ms /    63 runs   (    3.73 ms per token,   267.98 tokens per second)
llama_perf_context_print:       total time =     257.39 ms /    83 tokens
llama_perf_context_print:    graphs reused =         62
[Llama 3.2 1B] 8. short query
Llama.generate: 882 prefix-match hit, remaining 21 prompt tokens to eval
llama_perf_context_print:        load time =      25.30 ms
llama_perf_context_print: prompt eval time =      11.63 ms /    21 tokens (    0.55 ms per token,  1805.83 tokens per second)
llama_perf_context_print:        eval time =     233.90 ms /    63 runs   (    3.71 ms per token,   269.35 tokens per second)
llama_perf_context_print:       total time =     256.43 ms /    84 tokens
llama_perf_context_print:    graphs reused =         62
[Llama 3.2 1B] 9. short query
Llama.generate: 966 prefix-match hit, remaining 21 prompt tokens to eval
llama_perf_context_print:        load time =      25.30 ms
llama_perf_context_print: prompt eval time =      11.78 ms /    21 tokens (    0.56 ms per token,  1782.08 tokens per second)
llama_perf_context_print:        eval time =     234.44 ms /    63 runs   (    3.72 ms per token,   268.73 tokens per second)
llama_perf_context_print:       total time =     257.04 ms /    84 tokens
llama_perf_context_print:    graphs reused =         61
[Llama 3.2 1B] 10. short query
Llama.generate: 1050 prefix-match hit, remaining 26 prompt tokens to eval
llama_perf_context_print:        load time =      25.30 ms
llama_perf_context_print: prompt eval time =      12.11 ms /    26 tokens (    0.47 ms per token,  2147.16 tokens per second)
llama_perf_context_print:        eval time =     236.64 ms /    63 runs   (    3.76 ms per token,   266.23 tokens per second)
llama_perf_context_print:       total time =     259.24 ms /    89 tokens
llama_perf_context_print:    graphs reused =         62
[Llama 3.2 1B] 11. short query
Llama.generate: 1139 prefix-match hit, remaining 21 prompt tokens to eval
llama_perf_context_print:        load time =      25.30 ms
llama_perf_context_print: prompt eval time =      12.03 ms /    21 tokens (    0.57 ms per token,  1745.93 tokens per second)
llama_perf_context_print:        eval time =     236.45 ms /    63 runs   (    3.75 ms per token,   266.44 tokens per second)
llama_perf_context_print:       total time =     259.66 ms /    84 tokens
llama_perf_context_print:    graphs reused =         62
[Llama 3.2 1B] 12. short query
Llama.generate: 1223 prefix-match hit, remaining 22 prompt tokens to eval
llama_perf_context_print:        load time =      25.30 ms
llama_perf_context_print: prompt eval time =      12.18 ms /    22 tokens (    0.55 ms per token,  1805.94 tokens per second)
llama_perf_context_print:        eval time =     237.05 ms /    63 runs   (    3.76 ms per token,   265.77 tokens per second)
llama_perf_context_print:       total time =     260.54 ms /    85 tokens
llama_perf_context_print:    graphs reused =         61
[Llama 3.2 1B] 13. short query
Llama.generate: 1308 prefix-match hit, remaining 23 prompt tokens to eval
llama_perf_context_print:        load time =      25.30 ms
llama_perf_context_print: prompt eval time =      12.36 ms /    23 tokens (    0.54 ms per token,  1860.84 tokens per second)
llama_perf_context_print:        eval time =     238.85 ms /    63 runs   (    3.79 ms per token,   263.76 tokens per second)
llama_perf_context_print:       total time =     263.20 ms /    86 tokens
llama_perf_context_print:    graphs reused =         62
[Llama 3.2 1B] 14. short query
Llama.generate: 1394 prefix-match hit, remaining 23 prompt tokens to eval
llama_perf_context_print:        load time =      25.30 ms
llama_perf_context_print: prompt eval time =      12.46 ms /    23 tokens (    0.54 ms per token,  1846.06 tokens per second)
llama_perf_context_print:        eval time =     238.07 ms /    63 runs   (    3.78 ms per token,   264.62 tokens per second)
llama_perf_context_print:       total time =     262.35 ms /    86 tokens
llama_perf_context_print:    graphs reused =         62
[Llama 3.2 1B] 15. short query
Llama.generate: 1480 prefix-match hit, remaining 21 prompt tokens to eval
llama_perf_context_print:        load time =      25.30 ms
llama_perf_context_print: prompt eval time =      12.54 ms /    21 tokens (    0.60 ms per token,  1674.37 tokens per second)
llama_perf_context_print:        eval time =     239.66 ms /    63 runs   (    3.80 ms per token,   262.88 tokens per second)
llama_perf_context_print:       total time =     263.93 ms /    84 tokens
llama_perf_context_print:    graphs reused =         61
[Llama 3.2 1B] 0. long query
Llama.generate: 200 prefix-match hit, remaining 77 prompt tokens to eval
llama_perf_context_print:        load time =      25.30 ms
llama_perf_context_print: prompt eval time =      14.22 ms /    77 tokens (    0.18 ms per token,  5413.77 tokens per second)
llama_perf_context_print:        eval time =     227.30 ms /    63 runs   (    3.61 ms per token,   277.17 tokens per second)
llama_perf_context_print:       total time =     252.30 ms /   140 tokens
llama_perf_context_print:    graphs reused =         62
[Llama 3.2 1B] 1. long query
Llama.generate: 340 prefix-match hit, remaining 75 prompt tokens to eval
llama_perf_context_print:        load time =      25.30 ms
llama_perf_context_print: prompt eval time =      17.56 ms /    75 tokens (    0.23 ms per token,  4270.83 tokens per second)
llama_perf_context_print:        eval time =     228.77 ms /    63 runs   (    3.63 ms per token,   275.39 tokens per second)
llama_perf_context_print:       total time =     256.77 ms /   138 tokens
llama_perf_context_print:    graphs reused =         62
[Llama 3.2 1B] 2. long query
Llama.generate: 478 prefix-match hit, remaining 74 prompt tokens to eval
llama_perf_context_print:        load time =      25.30 ms
llama_perf_context_print: prompt eval time =      17.76 ms /    74 tokens (    0.24 ms per token,  4167.61 tokens per second)
llama_perf_context_print:        eval time =     230.11 ms /    63 runs   (    3.65 ms per token,   273.79 tokens per second)
llama_perf_context_print:       total time =     258.32 ms /   137 tokens
llama_perf_context_print:    graphs reused =         62
[Llama 3.2 1B] 3. long query
Llama.generate: 615 prefix-match hit, remaining 79 prompt tokens to eval
llama_perf_context_print:        load time =      25.30 ms
llama_perf_context_print: prompt eval time =      18.13 ms /    79 tokens (    0.23 ms per token,  4357.18 tokens per second)
llama_perf_context_print:        eval time =     230.99 ms /    63 runs   (    3.67 ms per token,   272.74 tokens per second)
llama_perf_context_print:       total time =     259.58 ms /   142 tokens
llama_perf_context_print:    graphs reused =         62
[Llama 3.2 1B] 4. long query
Llama.generate: 757 prefix-match hit, remaining 84 prompt tokens to eval
llama_perf_context_print:        load time =      25.30 ms
llama_perf_context_print: prompt eval time =      20.48 ms /    84 tokens (    0.24 ms per token,  4101.36 tokens per second)
llama_perf_context_print:        eval time =     234.46 ms /    63 runs   (    3.72 ms per token,   268.70 tokens per second)
llama_perf_context_print:       total time =     266.48 ms /   147 tokens
llama_perf_context_print:    graphs reused =         62
[Llama 3.2 1B] 5. long query
Llama.generate: 904 prefix-match hit, remaining 84 prompt tokens to eval
llama_perf_context_print:        load time =      25.30 ms
llama_perf_context_print: prompt eval time =      20.69 ms /    84 tokens (    0.25 ms per token,  4060.72 tokens per second)
llama_perf_context_print:        eval time =     234.73 ms /    63 runs   (    3.73 ms per token,   268.40 tokens per second)
llama_perf_context_print:       total time =     267.11 ms /   147 tokens
llama_perf_context_print:    graphs reused =         61
[Llama 3.2 1B] 6. long query
Llama.generate: 1051 prefix-match hit, remaining 78 prompt tokens to eval
llama_perf_context_print:        load time =      25.30 ms
llama_perf_context_print: prompt eval time =      20.60 ms /    78 tokens (    0.26 ms per token,  3786.04 tokens per second)
llama_perf_context_print:        eval time =     235.14 ms /    63 runs   (    3.73 ms per token,   267.93 tokens per second)
llama_perf_context_print:       total time =     266.82 ms /   141 tokens
llama_perf_context_print:    graphs reused =         62
[Llama 3.2 1B] 7. long query
Llama.generate: 1192 prefix-match hit, remaining 84 prompt tokens to eval
llama_perf_context_print:        load time =      25.30 ms
llama_perf_context_print: prompt eval time =      20.93 ms /    84 tokens (    0.25 ms per token,  4012.99 tokens per second)
llama_perf_context_print:        eval time =     238.31 ms /    63 runs   (    3.78 ms per token,   264.36 tokens per second)
llama_perf_context_print:       total time =     271.19 ms /   147 tokens
llama_perf_context_print:    graphs reused =         61
[Llama 3.2 1B] 8. long query
Llama.generate: 1339 prefix-match hit, remaining 80 prompt tokens to eval
llama_perf_context_print:        load time =      25.30 ms
llama_perf_context_print: prompt eval time =      20.90 ms /    80 tokens (    0.26 ms per token,  3828.30 tokens per second)
llama_perf_context_print:        eval time =     236.78 ms /    63 runs   (    3.76 ms per token,   266.07 tokens per second)
llama_perf_context_print:       total time =     268.98 ms /   143 tokens
llama_perf_context_print:    graphs reused =         62
[Llama 3.2 1B] 9. long query
Llama.generate: 1482 prefix-match hit, remaining 81 prompt tokens to eval
llama_perf_context_print:        load time =      25.30 ms
llama_perf_context_print: prompt eval time =      21.37 ms /    81 tokens (    0.26 ms per token,  3790.72 tokens per second)
llama_perf_context_print:        eval time =     239.54 ms /    63 runs   (    3.80 ms per token,   263.00 tokens per second)
llama_perf_context_print:       total time =     272.88 ms /   144 tokens
llama_perf_context_print:    graphs reused =         62
[Llama 3.2 1B] 10. long query
Llama.generate: 1626 prefix-match hit, remaining 76 prompt tokens to eval
llama_perf_context_print:        load time =      25.30 ms
llama_perf_context_print: prompt eval time =      21.12 ms /    76 tokens (    0.28 ms per token,  3599.17 tokens per second)
llama_perf_context_print:        eval time =     239.92 ms /    63 runs   (    3.81 ms per token,   262.59 tokens per second)
llama_perf_context_print:       total time =     272.85 ms /   139 tokens
llama_perf_context_print:    graphs reused =         62
[Llama 3.2 1B] 11. long query
Llama.generate: 1765 prefix-match hit, remaining 80 prompt tokens to eval
llama_perf_context_print:        load time =      25.30 ms
llama_perf_context_print: prompt eval time =      21.52 ms /    80 tokens (    0.27 ms per token,  3717.13 tokens per second)
llama_perf_context_print:        eval time =     244.51 ms /    63 runs   (    3.88 ms per token,   257.66 tokens per second)
llama_perf_context_print:       total time =     278.18 ms /   143 tokens
llama_perf_context_print:    graphs reused =         62
[Llama 3.2 1B] 12. long query
Llama.generate: 1908 prefix-match hit, remaining 84 prompt tokens to eval
llama_perf_context_print:        load time =      25.30 ms
llama_perf_context_print: prompt eval time =      21.56 ms /    84 tokens (    0.26 ms per token,  3895.74 tokens per second)
llama_perf_context_print:        eval time =     244.86 ms /    63 runs   (    3.89 ms per token,   257.29 tokens per second)
llama_perf_context_print:       total time =     278.48 ms /   147 tokens
llama_perf_context_print:    graphs reused =         61
[Llama 3.2 1B] 13. long query
Llama.generate: 2055 prefix-match hit, remaining 81 prompt tokens to eval
llama_perf_context_print:        load time =      25.30 ms
llama_perf_context_print: prompt eval time =      21.77 ms /    81 tokens (    0.27 ms per token,  3720.20 tokens per second)
llama_perf_context_print:        eval time =     246.64 ms /    63 runs   (    3.91 ms per token,   255.44 tokens per second)
llama_perf_context_print:       total time =     280.67 ms /   144 tokens
llama_perf_context_print:    graphs reused =         62
[Llama 3.2 1B] 14. long query
Llama.generate: 2199 prefix-match hit, remaining 86 prompt tokens to eval
llama_perf_context_print:        load time =      25.30 ms
llama_perf_context_print: prompt eval time =      21.98 ms /    86 tokens (    0.26 ms per token,  3912.11 tokens per second)
llama_perf_context_print:        eval time =     248.89 ms /    63 runs   (    3.95 ms per token,   253.12 tokens per second)
llama_perf_context_print:       total time =     283.11 ms /   149 tokens
llama_perf_context_print:    graphs reused =         61
[Llama 3.2 1B] 15. long query
Llama.generate: 2348 prefix-match hit, remaining 87 prompt tokens to eval
llama_perf_context_print:        load time =      25.30 ms
llama_perf_context_print: prompt eval time =      22.01 ms /    87 tokens (    0.25 ms per token,  3952.03 tokens per second)
llama_perf_context_print:        eval time =     249.16 ms /    63 runs   (    3.95 ms per token,   252.85 tokens per second)
llama_perf_context_print:       total time =     283.52 ms /   150 tokens
llama_perf_context_print:    graphs reused =         62
~llama_context:    Vulkan0 compute buffer size is 258.5000 MiB, matches expectation of 258.5000 MiB
~llama_context: Vulkan_Host compute buffer size is  12.0137 MiB, matches expectation of  12.0137 MiB
--- LFM2.5 1.2B  ---
[LFM2.5 1.2B ] 0. short query
Llama.generate: 213 prefix-match hit, remaining 20 prompt tokens to eval
llama_perf_context_print:        load time =      29.65 ms
llama_perf_context_print: prompt eval time =       9.73 ms /    20 tokens (    0.49 ms per token,  2055.08 tokens per second)
llama_perf_context_print:        eval time =      56.61 ms /    17 runs   (    3.33 ms per token,   300.29 tokens per second)
llama_perf_context_print:       total time =      68.66 ms /    37 tokens
llama_perf_context_print:    graphs reused =         16
[LFM2.5 1.2B ] 1. short query
Llama.generate: 250 prefix-match hit, remaining 21 prompt tokens to eval
llama_perf_context_print:        load time =      29.65 ms
llama_perf_context_print: prompt eval time =      10.98 ms /    21 tokens (    0.52 ms per token,  1912.05 tokens per second)
llama_perf_context_print:        eval time =      63.77 ms /    19 runs   (    3.36 ms per token,   297.93 tokens per second)
llama_perf_context_print:       total time =      77.26 ms /    40 tokens
llama_perf_context_print:    graphs reused =         18
[LFM2.5 1.2B ] 2. short query
Llama.generate: 290 prefix-match hit, remaining 23 prompt tokens to eval
llama_perf_context_print:        load time =      29.65 ms
llama_perf_context_print: prompt eval time =      10.96 ms /    23 tokens (    0.48 ms per token,  2098.35 tokens per second)
llama_perf_context_print:        eval time =      86.89 ms /    26 runs   (    3.34 ms per token,   299.21 tokens per second)
llama_perf_context_print:       total time =     100.81 ms /    49 tokens
llama_perf_context_print:    graphs reused =         25
[LFM2.5 1.2B ] 3. short query
Llama.generate: 339 prefix-match hit, remaining 25 prompt tokens to eval
llama_perf_context_print:        load time =      29.65 ms
llama_perf_context_print: prompt eval time =      11.06 ms /    25 tokens (    0.44 ms per token,  2259.58 tokens per second)
llama_perf_context_print:        eval time =      93.72 ms /    28 runs   (    3.35 ms per token,   298.75 tokens per second)
llama_perf_context_print:       total time =     107.87 ms /    53 tokens
llama_perf_context_print:    graphs reused =         27
[LFM2.5 1.2B ] 4. short query
Llama.generate: 392 prefix-match hit, remaining 19 prompt tokens to eval
llama_perf_context_print:        load time =      29.65 ms
llama_perf_context_print: prompt eval time =      10.96 ms /    19 tokens (    0.58 ms per token,  1733.42 tokens per second)
llama_perf_context_print:        eval time =      90.75 ms /    27 runs   (    3.36 ms per token,   297.53 tokens per second)
llama_perf_context_print:       total time =     105.03 ms /    46 tokens
llama_perf_context_print:    graphs reused =         26
[LFM2.5 1.2B ] 5. short query
Llama.generate: 438 prefix-match hit, remaining 22 prompt tokens to eval
llama_perf_context_print:        load time =      29.65 ms
llama_perf_context_print: prompt eval time =      11.07 ms /    22 tokens (    0.50 ms per token,  1986.99 tokens per second)
llama_perf_context_print:        eval time =     123.85 ms /    37 runs   (    3.35 ms per token,   298.76 tokens per second)
llama_perf_context_print:       total time =     139.27 ms /    59 tokens
llama_perf_context_print:    graphs reused =         36
[LFM2.5 1.2B ] 6. short query
Llama.generate: 497 prefix-match hit, remaining 24 prompt tokens to eval
llama_perf_context_print:        load time =      29.65 ms
llama_perf_context_print: prompt eval time =      11.11 ms /    24 tokens (    0.46 ms per token,  2159.44 tokens per second)
llama_perf_context_print:        eval time =      77.42 ms /    23 runs   (    3.37 ms per token,   297.08 tokens per second)
llama_perf_context_print:       total time =      91.10 ms /    47 tokens
llama_perf_context_print:    graphs reused =         22
[LFM2.5 1.2B ] 7. short query
Llama.generate: 544 prefix-match hit, remaining 20 prompt tokens to eval
llama_perf_context_print:        load time =      29.65 ms
llama_perf_context_print: prompt eval time =      11.03 ms /    20 tokens (    0.55 ms per token,  1813.07 tokens per second)
llama_perf_context_print:        eval time =      67.32 ms /    20 runs   (    3.37 ms per token,   297.07 tokens per second)
llama_perf_context_print:       total time =      80.73 ms /    40 tokens
llama_perf_context_print:    graphs reused =         19
[LFM2.5 1.2B ] 8. short query
Llama.generate: 584 prefix-match hit, remaining 20 prompt tokens to eval
llama_perf_context_print:        load time =      29.65 ms
llama_perf_context_print: prompt eval time =      11.10 ms /    20 tokens (    0.55 ms per token,  1801.96 tokens per second)
llama_perf_context_print:        eval time =      86.16 ms /    25 runs   (    3.45 ms per token,   290.17 tokens per second)
llama_perf_context_print:       total time =     100.42 ms /    45 tokens
llama_perf_context_print:    graphs reused =         24
[LFM2.5 1.2B ] 9. short query
Llama.generate: 629 prefix-match hit, remaining 20 prompt tokens to eval
llama_perf_context_print:        load time =      29.65 ms
llama_perf_context_print: prompt eval time =      11.45 ms /    20 tokens (    0.57 ms per token,  1746.88 tokens per second)
llama_perf_context_print:        eval time =      58.41 ms /    17 runs   (    3.44 ms per token,   291.06 tokens per second)
llama_perf_context_print:       total time =      71.91 ms /    37 tokens
llama_perf_context_print:    graphs reused =         16
[LFM2.5 1.2B ] 10. short query
Llama.generate: 666 prefix-match hit, remaining 25 prompt tokens to eval
llama_perf_context_print:        load time =      29.65 ms
llama_perf_context_print: prompt eval time =      11.39 ms /    25 tokens (    0.46 ms per token,  2193.94 tokens per second)
llama_perf_context_print:        eval time =      58.01 ms /    17 runs   (    3.41 ms per token,   293.07 tokens per second)
llama_perf_context_print:       total time =      71.76 ms /    42 tokens
llama_perf_context_print:    graphs reused =         16
[LFM2.5 1.2B ] 11. short query
Llama.generate: 708 prefix-match hit, remaining 20 prompt tokens to eval
llama_perf_context_print:        load time =      29.65 ms
llama_perf_context_print: prompt eval time =      11.23 ms /    20 tokens (    0.56 ms per token,  1780.94 tokens per second)
llama_perf_context_print:        eval time =      84.53 ms /    25 runs   (    3.38 ms per token,   295.76 tokens per second)
llama_perf_context_print:       total time =      99.21 ms /    45 tokens
llama_perf_context_print:    graphs reused =         24
[LFM2.5 1.2B ] 12. short query
Llama.generate: 753 prefix-match hit, remaining 21 prompt tokens to eval
llama_perf_context_print:        load time =      29.65 ms
llama_perf_context_print: prompt eval time =      11.19 ms /    21 tokens (    0.53 ms per token,  1876.01 tokens per second)
llama_perf_context_print:        eval time =      64.68 ms /    19 runs   (    3.40 ms per token,   293.75 tokens per second)
llama_perf_context_print:       total time =      78.59 ms /    40 tokens
llama_perf_context_print:    graphs reused =         18
[LFM2.5 1.2B ] 13. short query
Llama.generate: 793 prefix-match hit, remaining 23 prompt tokens to eval
llama_perf_context_print:        load time =      29.65 ms
llama_perf_context_print: prompt eval time =      11.26 ms /    23 tokens (    0.49 ms per token,  2041.90 tokens per second)
llama_perf_context_print:        eval time =      91.53 ms /    27 runs   (    3.39 ms per token,   294.98 tokens per second)
llama_perf_context_print:       total time =     106.67 ms /    50 tokens
llama_perf_context_print:    graphs reused =         26
[LFM2.5 1.2B ] 14. short query
Llama.generate: 843 prefix-match hit, remaining 22 prompt tokens to eval
llama_perf_context_print:        load time =      29.65 ms
llama_perf_context_print: prompt eval time =      11.28 ms /    22 tokens (    0.51 ms per token,  1950.53 tokens per second)
llama_perf_context_print:        eval time =      74.65 ms /    22 runs   (    3.39 ms per token,   294.71 tokens per second)
llama_perf_context_print:       total time =      89.02 ms /    44 tokens
llama_perf_context_print:    graphs reused =         21
[LFM2.5 1.2B ] 15. short query
Llama.generate: 887 prefix-match hit, remaining 20 prompt tokens to eval
llama_perf_context_print:        load time =      29.65 ms
llama_perf_context_print: prompt eval time =      11.23 ms /    20 tokens (    0.56 ms per token,  1780.79 tokens per second)
llama_perf_context_print:        eval time =      88.50 ms /    26 runs   (    3.40 ms per token,   293.78 tokens per second)
llama_perf_context_print:       total time =     102.90 ms /    46 tokens
llama_perf_context_print:    graphs reused =         25
[LFM2.5 1.2B ] 0. long query
Llama.generate: 213 prefix-match hit, remaining 79 prompt tokens to eval
llama_perf_context_print:        load time =      29.65 ms
llama_perf_context_print: prompt eval time =      14.67 ms /    79 tokens (    0.19 ms per token,  5385.14 tokens per second)
llama_perf_context_print:        eval time =     105.82 ms /    31 runs   (    3.41 ms per token,   292.94 tokens per second)
llama_perf_context_print:       total time =     124.51 ms /   110 tokens
llama_perf_context_print:    graphs reused =         30
[LFM2.5 1.2B ] 1. long query
Llama.generate: 323 prefix-match hit, remaining 76 prompt tokens to eval
llama_perf_context_print:        load time =      29.65 ms
llama_perf_context_print: prompt eval time =      17.33 ms /    76 tokens (    0.23 ms per token,  4385.46 tokens per second)
llama_perf_context_print:        eval time =     160.32 ms /    48 runs   (    3.34 ms per token,   299.41 tokens per second)
llama_perf_context_print:       total time =     183.87 ms /   124 tokens
llama_perf_context_print:    graphs reused =         47
[LFM2.5 1.2B ] 2. long query
Llama.generate: 447 prefix-match hit, remaining 78 prompt tokens to eval
llama_perf_context_print:        load time =      29.65 ms
llama_perf_context_print: prompt eval time =      17.72 ms /    78 tokens (    0.23 ms per token,  4402.30 tokens per second)
llama_perf_context_print:        eval time =     184.58 ms /    55 runs   (    3.36 ms per token,   297.97 tokens per second)
llama_perf_context_print:       total time =     209.75 ms /   133 tokens
llama_perf_context_print:    graphs reused =         54
[LFM2.5 1.2B ] 3. long query
Llama.generate: 580 prefix-match hit, remaining 82 prompt tokens to eval
llama_perf_context_print:        load time =      29.65 ms
llama_perf_context_print: prompt eval time =      17.78 ms /    82 tokens (    0.22 ms per token,  4611.15 tokens per second)
llama_perf_context_print:        eval time =     204.68 ms /    61 runs   (    3.36 ms per token,   298.03 tokens per second)
llama_perf_context_print:       total time =     230.92 ms /   143 tokens
llama_perf_context_print:    graphs reused =         60
[LFM2.5 1.2B ] 4. long query
Llama.generate: 723 prefix-match hit, remaining 86 prompt tokens to eval
llama_perf_context_print:        load time =      29.65 ms
llama_perf_context_print: prompt eval time =      18.71 ms /    86 tokens (    0.22 ms per token,  4596.23 tokens per second)
llama_perf_context_print:        eval time =     213.32 ms /    63 runs   (    3.39 ms per token,   295.33 tokens per second)
llama_perf_context_print:       total time =     240.76 ms /   149 tokens
llama_perf_context_print:    graphs reused =         62
[LFM2.5 1.2B ] 5. long query
Llama.generate: 872 prefix-match hit, remaining 92 prompt tokens to eval
llama_perf_context_print:        load time =      29.65 ms
llama_perf_context_print: prompt eval time =      19.25 ms /    92 tokens (    0.21 ms per token,  4779.97 tokens per second)
llama_perf_context_print:        eval time =     213.37 ms /    63 runs   (    3.39 ms per token,   295.27 tokens per second)
llama_perf_context_print:       total time =     241.06 ms /   155 tokens
llama_perf_context_print:    graphs reused =         61
[LFM2.5 1.2B ] 6. long query
Llama.generate: 1027 prefix-match hit, remaining 85 prompt tokens to eval
llama_perf_context_print:        load time =      29.65 ms
llama_perf_context_print: prompt eval time =      18.89 ms /    85 tokens (    0.22 ms per token,  4499.50 tokens per second)
llama_perf_context_print:        eval time =     213.63 ms /    63 runs   (    3.39 ms per token,   294.90 tokens per second)
llama_perf_context_print:       total time =     241.17 ms /   148 tokens
llama_perf_context_print:    graphs reused =         62
[LFM2.5 1.2B ] 7. long query
Llama.generate: 1175 prefix-match hit, remaining 85 prompt tokens to eval
llama_perf_context_print:        load time =      29.65 ms
llama_perf_context_print: prompt eval time =      18.86 ms /    85 tokens (    0.22 ms per token,  4507.37 tokens per second)
llama_perf_context_print:        eval time =     214.53 ms /    63 runs   (    3.41 ms per token,   293.66 tokens per second)
llama_perf_context_print:       total time =     242.14 ms /   148 tokens
llama_perf_context_print:    graphs reused =         61
[LFM2.5 1.2B ] 8. long query
Llama.generate: 1323 prefix-match hit, remaining 84 prompt tokens to eval
llama_perf_context_print:        load time =      29.65 ms
llama_perf_context_print: prompt eval time =      18.96 ms /    84 tokens (    0.23 ms per token,  4429.45 tokens per second)
llama_perf_context_print:        eval time =     214.94 ms /    63 runs   (    3.41 ms per token,   293.11 tokens per second)
llama_perf_context_print:       total time =     242.57 ms /   147 tokens
llama_perf_context_print:    graphs reused =         62
[LFM2.5 1.2B ] 9. long query
Llama.generate: 1470 prefix-match hit, remaining 85 prompt tokens to eval
llama_perf_context_print:        load time =      29.65 ms
llama_perf_context_print: prompt eval time =      19.09 ms /    85 tokens (    0.22 ms per token,  4451.66 tokens per second)
llama_perf_context_print:        eval time =     215.33 ms /    63 runs   (    3.42 ms per token,   292.58 tokens per second)
llama_perf_context_print:       total time =     243.12 ms /   148 tokens
llama_perf_context_print:    graphs reused =         62
[LFM2.5 1.2B ] 10. long query
Llama.generate: 1618 prefix-match hit, remaining 80 prompt tokens to eval
llama_perf_context_print:        load time =      29.65 ms
llama_perf_context_print: prompt eval time =      18.90 ms /    80 tokens (    0.24 ms per token,  4232.36 tokens per second)
llama_perf_context_print:        eval time =     215.26 ms /    63 runs   (    3.42 ms per token,   292.67 tokens per second)
llama_perf_context_print:       total time =     242.90 ms /   143 tokens
llama_perf_context_print:    graphs reused =         62
[LFM2.5 1.2B ] 11. long query
Llama.generate: 1761 prefix-match hit, remaining 81 prompt tokens to eval
llama_perf_context_print:        load time =      29.65 ms
llama_perf_context_print: prompt eval time =      19.26 ms /    81 tokens (    0.24 ms per token,  4204.73 tokens per second)
llama_perf_context_print:        eval time =     217.76 ms /    63 runs   (    3.46 ms per token,   289.31 tokens per second)
llama_perf_context_print:       total time =     246.42 ms /   144 tokens
llama_perf_context_print:    graphs reused =         62
[LFM2.5 1.2B ] 12. long query
Llama.generate: 1905 prefix-match hit, remaining 87 prompt tokens to eval
llama_perf_context_print:        load time =      29.65 ms
llama_perf_context_print: prompt eval time =      19.27 ms /    87 tokens (    0.22 ms per token,  4515.73 tokens per second)
llama_perf_context_print:        eval time =     208.03 ms /    60 runs   (    3.47 ms per token,   288.42 tokens per second)
llama_perf_context_print:       total time =     236.11 ms /   147 tokens
llama_perf_context_print:    graphs reused =         58
[LFM2.5 1.2B ] 13. long query
Llama.generate: 2052 prefix-match hit, remaining 83 prompt tokens to eval
llama_perf_context_print:        load time =      29.65 ms
llama_perf_context_print: prompt eval time =      19.29 ms /    83 tokens (    0.23 ms per token,  4302.30 tokens per second)
llama_perf_context_print:        eval time =     218.51 ms /    63 runs   (    3.47 ms per token,   288.32 tokens per second)
llama_perf_context_print:       total time =     246.97 ms /   146 tokens
llama_perf_context_print:    graphs reused =         62
[LFM2.5 1.2B ] 14. long query
Llama.generate: 2198 prefix-match hit, remaining 86 prompt tokens to eval
llama_perf_context_print:        load time =      29.65 ms
llama_perf_context_print: prompt eval time =      19.56 ms /    86 tokens (    0.23 ms per token,  4396.73 tokens per second)
llama_perf_context_print:        eval time =     219.44 ms /    63 runs   (    3.48 ms per token,   287.10 tokens per second)
llama_perf_context_print:       total time =     247.88 ms /   149 tokens
llama_perf_context_print:    graphs reused =         61
[LFM2.5 1.2B ] 15. long query
Llama.generate: 2347 prefix-match hit, remaining 93 prompt tokens to eval
llama_perf_context_print:        load time =      29.65 ms
llama_perf_context_print: prompt eval time =      19.51 ms /    93 tokens (    0.21 ms per token,  4766.05 tokens per second)
llama_perf_context_print:        eval time =     219.17 ms /    63 runs   (    3.48 ms per token,   287.44 tokens per second)
llama_perf_context_print:       total time =     248.21 ms /   156 tokens
llama_perf_context_print:    graphs reused =         62
~llama_context:    Vulkan0 compute buffer size is 140.0274 MiB, matches expectation of 140.0274 MiB
~llama_context: Vulkan_Host compute buffer size is  12.0138 MiB, matches expectation of  12.0138 MiB
--- MiniCPM5 1B ---
[MiniCPM5 1B] 0. short query
Llama.generate: 210 prefix-match hit, remaining 23 prompt tokens to eval
llama_perf_context_print:        load time =      20.24 ms
llama_perf_context_print: prompt eval time =       8.45 ms /    23 tokens (    0.37 ms per token,  2722.54 tokens per second)
llama_perf_context_print:        eval time =      39.06 ms /    12 runs   (    3.26 ms per token,   307.22 tokens per second)
llama_perf_context_print:       total time =      49.71 ms /    35 tokens
llama_perf_context_print:    graphs reused =         11
[MiniCPM5 1B] 1. short query
Llama.generate: 245 prefix-match hit, remaining 25 prompt tokens to eval
llama_perf_context_print:        load time =      20.24 ms
llama_perf_context_print: prompt eval time =       9.75 ms /    25 tokens (    0.39 ms per token,  2563.05 tokens per second)
llama_perf_context_print:        eval time =      52.23 ms /    16 runs   (    3.26 ms per token,   306.31 tokens per second)
llama_perf_context_print:       total time =      64.74 ms /    41 tokens
llama_perf_context_print:    graphs reused =         15
[MiniCPM5 1B] 2. short query
Llama.generate: 286 prefix-match hit, remaining 26 prompt tokens to eval
llama_perf_context_print:        load time =      20.24 ms
llama_perf_context_print: prompt eval time =       9.87 ms /    26 tokens (    0.38 ms per token,  2635.05 tokens per second)
llama_perf_context_print:        eval time =      35.91 ms /    11 runs   (    3.27 ms per token,   306.28 tokens per second)
llama_perf_context_print:       total time =      47.68 ms /    37 tokens
llama_perf_context_print:    graphs reused =         10
[MiniCPM5 1B] 3. short query
Llama.generate: 323 prefix-match hit, remaining 27 prompt tokens to eval
llama_perf_context_print:        load time =      20.24 ms
llama_perf_context_print: prompt eval time =       9.95 ms /    27 tokens (    0.37 ms per token,  2714.93 tokens per second)
llama_perf_context_print:        eval time =      39.11 ms /    12 runs   (    3.26 ms per token,   306.81 tokens per second)
llama_perf_context_print:       total time =      51.07 ms /    39 tokens
llama_perf_context_print:    graphs reused =         11
[MiniCPM5 1B] 4. short query
Llama.generate: 362 prefix-match hit, remaining 23 prompt tokens to eval
llama_perf_context_print:        load time =      20.24 ms
llama_perf_context_print: prompt eval time =       9.37 ms /    23 tokens (    0.41 ms per token,  2454.38 tokens per second)
llama_perf_context_print:        eval time =      42.50 ms /    13 runs   (    3.27 ms per token,   305.88 tokens per second)
llama_perf_context_print:       total time =      54.07 ms /    36 tokens
llama_perf_context_print:    graphs reused =         12
[MiniCPM5 1B] 5. short query
Llama.generate: 398 prefix-match hit, remaining 26 prompt tokens to eval
llama_perf_context_print:        load time =      20.24 ms
llama_perf_context_print: prompt eval time =       9.46 ms /    26 tokens (    0.36 ms per token,  2747.83 tokens per second)
llama_perf_context_print:        eval time =      47.47 ms /    14 runs   (    3.39 ms per token,   294.90 tokens per second)
llama_perf_context_print:       total time =      59.38 ms /    40 tokens
llama_perf_context_print:    graphs reused =         13
[MiniCPM5 1B] 6. short query
Llama.generate: 438 prefix-match hit, remaining 27 prompt tokens to eval
llama_perf_context_print:        load time =      20.24 ms
llama_perf_context_print: prompt eval time =       9.71 ms /    27 tokens (    0.36 ms per token,  2779.78 tokens per second)
llama_perf_context_print:        eval time =      45.89 ms /    14 runs   (    3.28 ms per token,   305.08 tokens per second)
llama_perf_context_print:       total time =      57.93 ms /    41 tokens
llama_perf_context_print:    graphs reused =         13
[MiniCPM5 1B] 7. short query
Llama.generate: 479 prefix-match hit, remaining 23 prompt tokens to eval
llama_perf_context_print:        load time =      20.24 ms
llama_perf_context_print: prompt eval time =       9.44 ms /    23 tokens (    0.41 ms per token,  2436.44 tokens per second)
llama_perf_context_print:        eval time =      46.49 ms /    14 runs   (    3.32 ms per token,   301.11 tokens per second)
llama_perf_context_print:       total time =      58.31 ms /    37 tokens
llama_perf_context_print:    graphs reused =         12
[MiniCPM5 1B] 8. short query
Llama.generate: 516 prefix-match hit, remaining 24 prompt tokens to eval
llama_perf_context_print:        load time =      20.24 ms
llama_perf_context_print: prompt eval time =       9.58 ms /    24 tokens (    0.40 ms per token,  2504.70 tokens per second)
llama_perf_context_print:        eval time =      46.01 ms /    14 runs   (    3.29 ms per token,   304.29 tokens per second)
llama_perf_context_print:       total time =      57.98 ms /    38 tokens
llama_perf_context_print:    graphs reused =         13
[MiniCPM5 1B] 9. short query
Llama.generate: 554 prefix-match hit, remaining 24 prompt tokens to eval
llama_perf_context_print:        load time =      20.24 ms
llama_perf_context_print: prompt eval time =       9.61 ms /    24 tokens (    0.40 ms per token,  2497.14 tokens per second)
llama_perf_context_print:        eval time =      34.38 ms /    10 runs   (    3.44 ms per token,   290.86 tokens per second)
llama_perf_context_print:       total time =      45.78 ms /    34 tokens
llama_perf_context_print:    graphs reused =          9
[MiniCPM5 1B] 10. short query
Llama.generate: 588 prefix-match hit, remaining 29 prompt tokens to eval
llama_perf_context_print:        load time =      20.24 ms
llama_perf_context_print: prompt eval time =      10.44 ms /    29 tokens (    0.36 ms per token,  2778.84 tokens per second)
llama_perf_context_print:        eval time =      26.59 ms /     8 runs   (    3.32 ms per token,   300.85 tokens per second)
llama_perf_context_print:       total time =      38.51 ms /    37 tokens
llama_perf_context_print:    graphs reused =          7
[MiniCPM5 1B] 11. short query
Llama.generate: 625 prefix-match hit, remaining 24 prompt tokens to eval
llama_perf_context_print:        load time =      20.24 ms
llama_perf_context_print: prompt eval time =       9.53 ms /    24 tokens (    0.40 ms per token,  2518.10 tokens per second)
llama_perf_context_print:        eval time =      52.43 ms /    16 runs   (    3.28 ms per token,   305.16 tokens per second)
llama_perf_context_print:       total time =      64.55 ms /    40 tokens
llama_perf_context_print:    graphs reused =         15
[MiniCPM5 1B] 12. short query
Llama.generate: 665 prefix-match hit, remaining 25 prompt tokens to eval
llama_perf_context_print:        load time =      20.24 ms
llama_perf_context_print: prompt eval time =       9.64 ms /    25 tokens (    0.39 ms per token,  2592.82 tokens per second)
llama_perf_context_print:        eval time =      52.62 ms /    16 runs   (    3.29 ms per token,   304.09 tokens per second)
llama_perf_context_print:       total time =      64.95 ms /    41 tokens
llama_perf_context_print:    graphs reused =         15
[MiniCPM5 1B] 13. short query
Llama.generate: 706 prefix-match hit, remaining 27 prompt tokens to eval
llama_perf_context_print:        load time =      20.24 ms
llama_perf_context_print: prompt eval time =       9.60 ms /    27 tokens (    0.36 ms per token,  2811.33 tokens per second)
llama_perf_context_print:        eval time =      39.46 ms /    12 runs   (    3.29 ms per token,   304.14 tokens per second)
llama_perf_context_print:       total time =      51.03 ms /    39 tokens
llama_perf_context_print:    graphs reused =         11
[MiniCPM5 1B] 14. short query
Llama.generate: 745 prefix-match hit, remaining 25 prompt tokens to eval
llama_perf_context_print:        load time =      20.24 ms
llama_perf_context_print: prompt eval time =       9.83 ms /    25 tokens (    0.39 ms per token,  2542.46 tokens per second)
llama_perf_context_print:        eval time =      49.87 ms /    15 runs   (    3.32 ms per token,   300.76 tokens per second)
llama_perf_context_print:       total time =      62.33 ms /    40 tokens
llama_perf_context_print:    graphs reused =         14
[MiniCPM5 1B] 15. short query
Llama.generate: 785 prefix-match hit, remaining 24 prompt tokens to eval
llama_perf_context_print:        load time =      20.24 ms
llama_perf_context_print: prompt eval time =       9.79 ms /    24 tokens (    0.41 ms per token,  2452.48 tokens per second)
llama_perf_context_print:        eval time =      46.65 ms /    14 runs   (    3.33 ms per token,   300.11 tokens per second)
llama_perf_context_print:       total time =      58.82 ms /    38 tokens
llama_perf_context_print:    graphs reused =         13
[MiniCPM5 1B] 0. long query
Llama.generate: 210 prefix-match hit, remaining 79 prompt tokens to eval
llama_perf_context_print:        load time =      20.24 ms
llama_perf_context_print: prompt eval time =      13.39 ms /    79 tokens (    0.17 ms per token,  5901.25 tokens per second)
llama_perf_context_print:        eval time =     204.50 ms /    63 runs   (    3.25 ms per token,   308.07 tokens per second)
llama_perf_context_print:       total time =     228.90 ms /   142 tokens
llama_perf_context_print:    graphs reused =         62
[MiniCPM5 1B] 1. long query
Llama.generate: 352 prefix-match hit, remaining 77 prompt tokens to eval
llama_perf_context_print:        load time =      20.24 ms
llama_perf_context_print: prompt eval time =      17.41 ms /    77 tokens (    0.23 ms per token,  4424.02 tokens per second)
llama_perf_context_print:        eval time =     203.49 ms /    63 runs   (    3.23 ms per token,   309.60 tokens per second)
llama_perf_context_print:       total time =     231.69 ms /   140 tokens
llama_perf_context_print:    graphs reused =         62
[MiniCPM5 1B] 2. long query
Llama.generate: 492 prefix-match hit, remaining 77 prompt tokens to eval
llama_perf_context_print:        load time =      20.24 ms
llama_perf_context_print: prompt eval time =      17.68 ms /    77 tokens (    0.23 ms per token,  4355.20 tokens per second)
llama_perf_context_print:        eval time =     205.82 ms /    63 runs   (    3.27 ms per token,   306.09 tokens per second)
llama_perf_context_print:       total time =     234.40 ms /   140 tokens
llama_perf_context_print:    graphs reused =         62
[MiniCPM5 1B] 3. long query
Llama.generate: 632 prefix-match hit, remaining 82 prompt tokens to eval
llama_perf_context_print:        load time =      20.24 ms
llama_perf_context_print: prompt eval time =      17.87 ms /    82 tokens (    0.22 ms per token,  4589.98 tokens per second)
llama_perf_context_print:        eval time =     205.75 ms /    63 runs   (    3.27 ms per token,   306.20 tokens per second)
llama_perf_context_print:       total time =     234.54 ms /   145 tokens
llama_perf_context_print:    graphs reused =         61
[MiniCPM5 1B] 4. long query
Llama.generate: 777 prefix-match hit, remaining 88 prompt tokens to eval
llama_perf_context_print:        load time =      20.24 ms
llama_perf_context_print: prompt eval time =      21.63 ms /    88 tokens (    0.25 ms per token,  4068.05 tokens per second)
llama_perf_context_print:        eval time =     207.31 ms /    63 runs   (    3.29 ms per token,   303.89 tokens per second)
llama_perf_context_print:       total time =     239.89 ms /   151 tokens
llama_perf_context_print:    graphs reused =         62
[MiniCPM5 1B] 5. long query
Llama.generate: 928 prefix-match hit, remaining 87 prompt tokens to eval
llama_perf_context_print:        load time =      20.24 ms
llama_perf_context_print: prompt eval time =      21.80 ms /    87 tokens (    0.25 ms per token,  3991.01 tokens per second)
llama_perf_context_print:        eval time =     208.90 ms /    63 runs   (    3.32 ms per token,   301.59 tokens per second)
llama_perf_context_print:       total time =     241.66 ms /   150 tokens
llama_perf_context_print:    graphs reused =         61
[MiniCPM5 1B] 6. long query
Llama.generate: 1078 prefix-match hit, remaining 84 prompt tokens to eval
llama_perf_context_print:        load time =      20.24 ms
llama_perf_context_print: prompt eval time =      22.03 ms /    84 tokens (    0.26 ms per token,  3813.85 tokens per second)
llama_perf_context_print:        eval time =     208.70 ms /    63 runs   (    3.31 ms per token,   301.87 tokens per second)
llama_perf_context_print:       total time =     241.88 ms /   147 tokens
llama_perf_context_print:    graphs reused =         62
[MiniCPM5 1B] 7. long query
Llama.generate: 1225 prefix-match hit, remaining 87 prompt tokens to eval
llama_perf_context_print:        load time =      20.24 ms
llama_perf_context_print: prompt eval time =      22.34 ms /    87 tokens (    0.26 ms per token,  3894.88 tokens per second)
llama_perf_context_print:        eval time =     209.15 ms /    63 runs   (    3.32 ms per token,   301.21 tokens per second)
llama_perf_context_print:       total time =     242.57 ms /   150 tokens
llama_perf_context_print:    graphs reused =         62
[MiniCPM5 1B] 8. long query
Llama.generate: 1375 prefix-match hit, remaining 84 prompt tokens to eval
llama_perf_context_print:        load time =      20.24 ms
llama_perf_context_print: prompt eval time =      22.57 ms /    84 tokens (    0.27 ms per token,  3721.26 tokens per second)
llama_perf_context_print:        eval time =     209.36 ms /    63 runs   (    3.32 ms per token,   300.92 tokens per second)
llama_perf_context_print:       total time =     242.93 ms /   147 tokens
llama_perf_context_print:    graphs reused =         62
[MiniCPM5 1B] 9. long query
Llama.generate: 1522 prefix-match hit, remaining 84 prompt tokens to eval
llama_perf_context_print:        load time =      20.24 ms
llama_perf_context_print: prompt eval time =      22.75 ms /    84 tokens (    0.27 ms per token,  3692.63 tokens per second)
llama_perf_context_print:        eval time =     210.44 ms /    63 runs   (    3.34 ms per token,   299.37 tokens per second)
llama_perf_context_print:       total time =     244.47 ms /   147 tokens
llama_perf_context_print:    graphs reused =         62
[MiniCPM5 1B] 10. long query
Llama.generate: 1669 prefix-match hit, remaining 81 prompt tokens to eval
llama_perf_context_print:        load time =      20.24 ms
llama_perf_context_print: prompt eval time =      22.98 ms /    81 tokens (    0.28 ms per token,  3524.50 tokens per second)
llama_perf_context_print:        eval time =     212.20 ms /    63 runs   (    3.37 ms per token,   296.89 tokens per second)
llama_perf_context_print:       total time =     246.25 ms /   144 tokens
llama_perf_context_print:    graphs reused =         61
[MiniCPM5 1B] 11. long query
Llama.generate: 1813 prefix-match hit, remaining 84 prompt tokens to eval
llama_perf_context_print:        load time =      20.24 ms
llama_perf_context_print: prompt eval time =      23.26 ms /    84 tokens (    0.28 ms per token,  3611.82 tokens per second)
llama_perf_context_print:        eval time =     213.36 ms /    63 runs   (    3.39 ms per token,   295.27 tokens per second)
llama_perf_context_print:       total time =     247.74 ms /   147 tokens
llama_perf_context_print:    graphs reused =         62
[MiniCPM5 1B] 12. long query
Llama.generate: 1960 prefix-match hit, remaining 88 prompt tokens to eval
llama_perf_context_print:        load time =      20.24 ms
llama_perf_context_print: prompt eval time =      23.53 ms /    88 tokens (    0.27 ms per token,  3739.75 tokens per second)
llama_perf_context_print:        eval time =     213.69 ms /    63 runs   (    3.39 ms per token,   294.82 tokens per second)
llama_perf_context_print:       total time =     248.38 ms /   151 tokens
llama_perf_context_print:    graphs reused =         62
[MiniCPM5 1B] 13. long query
Llama.generate: 2111 prefix-match hit, remaining 82 prompt tokens to eval
llama_perf_context_print:        load time =      20.24 ms
llama_perf_context_print: prompt eval time =      23.64 ms /    82 tokens (    0.29 ms per token,  3468.70 tokens per second)
llama_perf_context_print:        eval time =     213.92 ms /    63 runs   (    3.40 ms per token,   294.50 tokens per second)
llama_perf_context_print:       total time =     248.79 ms /   145 tokens
llama_perf_context_print:    graphs reused =         62
[MiniCPM5 1B] 14. long query
Llama.generate: 2256 prefix-match hit, remaining 88 prompt tokens to eval
llama_perf_context_print:        load time =      20.24 ms
llama_perf_context_print: prompt eval time =      24.07 ms /    88 tokens (    0.27 ms per token,  3656.61 tokens per second)
llama_perf_context_print:        eval time =     215.16 ms /    63 runs   (    3.42 ms per token,   292.81 tokens per second)
llama_perf_context_print:       total time =     250.63 ms /   151 tokens
llama_perf_context_print:    graphs reused =         62
[MiniCPM5 1B] 15. long query
Llama.generate: 2407 prefix-match hit, remaining 91 prompt tokens to eval
llama_perf_context_print:        load time =      20.24 ms
llama_perf_context_print: prompt eval time =      24.35 ms /    91 tokens (    0.27 ms per token,  3736.86 tokens per second)
llama_perf_context_print:        eval time =     215.93 ms /    63 runs   (    3.43 ms per token,   291.76 tokens per second)
llama_perf_context_print:       total time =     251.61 ms /   154 tokens
llama_perf_context_print:    graphs reused =         61
~llama_context:    Vulkan0 compute buffer size is 258.0000 MiB, matches expectation of 258.0000 MiB
~llama_context: Vulkan_Host compute buffer size is  10.0137 MiB, matches expectation of  10.0137 MiB
--- Bonsai 4B ---
[Bonsai 4B] 0. short query
Llama.generate: 199 prefix-match hit, remaining 24 prompt tokens to eval
llama_perf_context_print:        load time =      79.68 ms
llama_perf_context_print: prompt eval time =      30.09 ms /    24 tokens (    1.25 ms per token,   797.50 tokens per second)
llama_perf_context_print:        eval time =     226.57 ms /    31 runs   (    7.31 ms per token,   136.82 tokens per second)
llama_perf_context_print:       total time =     262.94 ms /    55 tokens
llama_perf_context_print:    graphs reused =         30
[Bonsai 4B] 1. short query
Llama.generate: 254 prefix-match hit, remaining 25 prompt tokens to eval
llama_perf_context_print:        load time =      79.68 ms
llama_perf_context_print: prompt eval time =      32.57 ms /    25 tokens (    1.30 ms per token,   767.62 tokens per second)
llama_perf_context_print:        eval time =     259.34 ms /    35 runs   (    7.41 ms per token,   134.96 tokens per second)
llama_perf_context_print:       total time =     298.68 ms /    60 tokens
llama_perf_context_print:    graphs reused =         34
[Bonsai 4B] 2. short query
Llama.generate: 314 prefix-match hit, remaining 26 prompt tokens to eval
llama_perf_context_print:        load time =      79.68 ms
llama_perf_context_print: prompt eval time =      33.28 ms /    26 tokens (    1.28 ms per token,   781.30 tokens per second)
llama_perf_context_print:        eval time =     155.95 ms /    21 runs   (    7.43 ms per token,   134.66 tokens per second)
llama_perf_context_print:       total time =     193.39 ms /    47 tokens
llama_perf_context_print:    graphs reused =         20
[Bonsai 4B] 3. short query
Llama.generate: 361 prefix-match hit, remaining 27 prompt tokens to eval
llama_perf_context_print:        load time =      79.68 ms
llama_perf_context_print: prompt eval time =      33.62 ms /    27 tokens (    1.25 ms per token,   803.14 tokens per second)
llama_perf_context_print:        eval time =     165.47 ms /    22 runs   (    7.52 ms per token,   132.96 tokens per second)
llama_perf_context_print:       total time =     203.96 ms /    49 tokens
llama_perf_context_print:    graphs reused =         21
[Bonsai 4B] 4. short query
Llama.generate: 410 prefix-match hit, remaining 23 prompt tokens to eval
llama_perf_context_print:        load time =      79.68 ms
llama_perf_context_print: prompt eval time =      35.16 ms /    23 tokens (    1.53 ms per token,   654.25 tokens per second)
llama_perf_context_print:        eval time =     171.23 ms /    23 runs   (    7.44 ms per token,   134.32 tokens per second)
llama_perf_context_print:       total time =     211.17 ms /    46 tokens
llama_perf_context_print:    graphs reused =         22
[Bonsai 4B] 5. short query
Llama.generate: 456 prefix-match hit, remaining 26 prompt tokens to eval
llama_perf_context_print:        load time =      79.68 ms
llama_perf_context_print: prompt eval time =      34.16 ms /    26 tokens (    1.31 ms per token,   761.21 tokens per second)
llama_perf_context_print:        eval time =     261.94 ms /    35 runs   (    7.48 ms per token,   133.62 tokens per second)
llama_perf_context_print:       total time =     303.13 ms /    61 tokens
llama_perf_context_print:    graphs reused =         33
[Bonsai 4B] 6. short query
Llama.generate: 517 prefix-match hit, remaining 28 prompt tokens to eval
llama_perf_context_print:        load time =      79.68 ms
llama_perf_context_print: prompt eval time =      34.44 ms /    28 tokens (    1.23 ms per token,   812.98 tokens per second)
llama_perf_context_print:        eval time =     195.72 ms /    26 runs   (    7.53 ms per token,   132.84 tokens per second)
llama_perf_context_print:       total time =     235.70 ms /    54 tokens
llama_perf_context_print:    graphs reused =         25
[Bonsai 4B] 7. short query
Llama.generate: 571 prefix-match hit, remaining 23 prompt tokens to eval
llama_perf_context_print:        load time =      79.68 ms
llama_perf_context_print: prompt eval time =      34.75 ms /    23 tokens (    1.51 ms per token,   661.89 tokens per second)
llama_perf_context_print:        eval time =     287.19 ms /    38 runs   (    7.56 ms per token,   132.32 tokens per second)
llama_perf_context_print:       total time =     330.00 ms /    61 tokens
llama_perf_context_print:    graphs reused =         37
[Bonsai 4B] 8. short query
Llama.generate: 632 prefix-match hit, remaining 24 prompt tokens to eval
llama_perf_context_print:        load time =      79.68 ms
llama_perf_context_print: prompt eval time =      34.67 ms /    24 tokens (    1.44 ms per token,   692.28 tokens per second)
llama_perf_context_print:        eval time =     197.06 ms /    26 runs   (    7.58 ms per token,   131.94 tokens per second)
llama_perf_context_print:       total time =     237.49 ms /    50 tokens
llama_perf_context_print:    graphs reused =         25
[Bonsai 4B] 9. short query
Llama.generate: 682 prefix-match hit, remaining 24 prompt tokens to eval
llama_perf_context_print:        load time =      79.68 ms
llama_perf_context_print: prompt eval time =      34.93 ms /    24 tokens (    1.46 ms per token,   687.11 tokens per second)
llama_perf_context_print:        eval time =     174.05 ms /    23 runs   (    7.57 ms per token,   132.15 tokens per second)
llama_perf_context_print:       total time =     213.67 ms /    47 tokens
llama_perf_context_print:    graphs reused =         22
[Bonsai 4B] 10. short query
Llama.generate: 729 prefix-match hit, remaining 29 prompt tokens to eval
llama_perf_context_print:        load time =      79.68 ms
llama_perf_context_print: prompt eval time =      35.10 ms /    29 tokens (    1.21 ms per token,   826.16 tokens per second)
llama_perf_context_print:        eval time =     186.36 ms /    24 runs   (    7.77 ms per token,   128.78 tokens per second)
llama_perf_context_print:       total time =     226.77 ms /    53 tokens
llama_perf_context_print:    graphs reused =         22
[Bonsai 4B] 11. short query
Llama.generate: 782 prefix-match hit, remaining 24 prompt tokens to eval
llama_perf_context_print:        load time =      79.68 ms
llama_perf_context_print: prompt eval time =      35.34 ms /    24 tokens (    1.47 ms per token,   679.14 tokens per second)
llama_perf_context_print:        eval time =     200.16 ms /    26 runs   (    7.70 ms per token,   129.89 tokens per second)
llama_perf_context_print:       total time =     241.32 ms /    50 tokens
llama_perf_context_print:    graphs reused =         25
[Bonsai 4B] 12. short query
Llama.generate: 832 prefix-match hit, remaining 25 prompt tokens to eval
llama_perf_context_print:        load time =      79.68 ms
llama_perf_context_print: prompt eval time =      35.27 ms /    25 tokens (    1.41 ms per token,   708.90 tokens per second)
llama_perf_context_print:        eval time =     200.68 ms /    26 runs   (    7.72 ms per token,   129.56 tokens per second)
llama_perf_context_print:       total time =     241.82 ms /    51 tokens
llama_perf_context_print:    graphs reused =         25
[Bonsai 4B] 13. short query
Llama.generate: 883 prefix-match hit, remaining 26 prompt tokens to eval
llama_perf_context_print:        load time =      79.68 ms
llama_perf_context_print: prompt eval time =      35.48 ms /    26 tokens (    1.36 ms per token,   732.83 tokens per second)
llama_perf_context_print:        eval time =     146.39 ms /    19 runs   (    7.70 ms per token,   129.79 tokens per second)
llama_perf_context_print:       total time =     186.25 ms /    45 tokens
llama_perf_context_print:    graphs reused =         18
[Bonsai 4B] 14. short query
Llama.generate: 928 prefix-match hit, remaining 26 prompt tokens to eval
llama_perf_context_print:        load time =      79.68 ms
llama_perf_context_print: prompt eval time =      35.37 ms /    26 tokens (    1.36 ms per token,   735.04 tokens per second)
llama_perf_context_print:        eval time =     208.12 ms /    27 runs   (    7.71 ms per token,   129.73 tokens per second)
llama_perf_context_print:       total time =     249.16 ms /    53 tokens
llama_perf_context_print:    graphs reused =         26
[Bonsai 4B] 15. short query
Llama.generate: 981 prefix-match hit, remaining 24 prompt tokens to eval
llama_perf_context_print:        load time =      79.68 ms
llama_perf_context_print: prompt eval time =      71.39 ms /    24 tokens (    2.97 ms per token,   336.16 tokens per second)
llama_perf_context_print:        eval time =     218.08 ms /    28 runs   (    7.79 ms per token,   128.39 tokens per second)
llama_perf_context_print:       total time =     295.74 ms /    52 tokens
llama_perf_context_print:    graphs reused =         26
[Bonsai 4B] 0. long query
Llama.generate: 199 prefix-match hit, remaining 80 prompt tokens to eval
llama_perf_context_print:        load time =      79.68 ms
llama_perf_context_print: prompt eval time =      59.77 ms /    80 tokens (    0.75 ms per token,  1338.55 tokens per second)
llama_perf_context_print:        eval time =     295.74 ms /    40 runs   (    7.39 ms per token,   135.26 tokens per second)
llama_perf_context_print:       total time =     363.86 ms /   120 tokens
llama_perf_context_print:    graphs reused =         39
[Bonsai 4B] 1. long query
Llama.generate: 319 prefix-match hit, remaining 78 prompt tokens to eval
llama_perf_context_print:        load time =      79.68 ms
llama_perf_context_print: prompt eval time =      67.39 ms /    78 tokens (    0.86 ms per token,  1157.42 tokens per second)
llama_perf_context_print:        eval time =     303.50 ms /    41 runs   (    7.40 ms per token,   135.09 tokens per second)
llama_perf_context_print:       total time =     379.02 ms /   119 tokens
llama_perf_context_print:    graphs reused =         40
[Bonsai 4B] 2. long query
Llama.generate: 438 prefix-match hit, remaining 77 prompt tokens to eval
llama_perf_context_print:        load time =      79.68 ms
llama_perf_context_print: prompt eval time =      68.35 ms /    77 tokens (    0.89 ms per token,  1126.57 tokens per second)
llama_perf_context_print:        eval time =     375.77 ms /    50 runs   (    7.52 ms per token,   133.06 tokens per second)
llama_perf_context_print:       total time =     455.38 ms /   127 tokens
llama_perf_context_print:    graphs reused =         49
[Bonsai 4B] 3. long query
Llama.generate: 565 prefix-match hit, remaining 82 prompt tokens to eval
llama_perf_context_print:        load time =      79.68 ms
llama_perf_context_print: prompt eval time =      69.66 ms /    82 tokens (    0.85 ms per token,  1177.21 tokens per second)
llama_perf_context_print:        eval time =     286.67 ms /    38 runs   (    7.54 ms per token,   132.56 tokens per second)
llama_perf_context_print:       total time =     365.00 ms /   120 tokens
llama_perf_context_print:    graphs reused =         37
[Bonsai 4B] 4. long query
Llama.generate: 685 prefix-match hit, remaining 87 prompt tokens to eval
llama_perf_context_print:        load time =      79.68 ms
llama_perf_context_print: prompt eval time =      75.49 ms /    87 tokens (    0.87 ms per token,  1152.46 tokens per second)
llama_perf_context_print:        eval time =     459.19 ms /    60 runs   (    7.65 ms per token,   130.66 tokens per second)
llama_perf_context_print:       total time =     549.02 ms /   147 tokens
llama_perf_context_print:    graphs reused =         59
[Bonsai 4B] 5. long query
Llama.generate: 832 prefix-match hit, remaining 87 prompt tokens to eval
llama_perf_context_print:        load time =      79.68 ms
llama_perf_context_print: prompt eval time =      75.92 ms /    87 tokens (    0.87 ms per token,  1145.94 tokens per second)
llama_perf_context_print:        eval time =     315.93 ms /    41 runs   (    7.71 ms per token,   129.78 tokens per second)
llama_perf_context_print:       total time =     402.42 ms /   128 tokens
llama_perf_context_print:    graphs reused =         40
[Bonsai 4B] 6. long query
Llama.generate: 960 prefix-match hit, remaining 81 prompt tokens to eval
llama_perf_context_print:        load time =      79.68 ms
llama_perf_context_print: prompt eval time =      75.38 ms /    81 tokens (    0.93 ms per token,  1074.53 tokens per second)
llama_perf_context_print:        eval time =     343.19 ms /    44 runs   (    7.80 ms per token,   128.21 tokens per second)
llama_perf_context_print:       total time =     430.15 ms /   125 tokens
llama_perf_context_print:    graphs reused =         43
[Bonsai 4B] 7. long query
Llama.generate: 1085 prefix-match hit, remaining 87 prompt tokens to eval
llama_perf_context_print:        load time =      79.68 ms
llama_perf_context_print: prompt eval time =      76.79 ms /    87 tokens (    0.88 ms per token,  1133.00 tokens per second)
llama_perf_context_print:        eval time =     414.92 ms /    53 runs   (    7.83 ms per token,   127.73 tokens per second)
llama_perf_context_print:       total time =     505.28 ms /   140 tokens
llama_perf_context_print:    graphs reused =         52
[Bonsai 4B] 8. long query
Llama.generate: 1225 prefix-match hit, remaining 83 prompt tokens to eval
llama_perf_context_print:        load time =      79.68 ms
llama_perf_context_print: prompt eval time =     295.23 ms /    83 tokens (    3.56 ms per token,   281.14 tokens per second)
llama_perf_context_print:        eval time =     372.08 ms /    47 runs   (    7.92 ms per token,   126.32 tokens per second)
llama_perf_context_print:       total time =     679.50 ms /   130 tokens
llama_perf_context_print:    graphs reused =         46
[Bonsai 4B] 9. long query
Llama.generate: 1355 prefix-match hit, remaining 84 prompt tokens to eval
llama_perf_context_print:        load time =      79.68 ms
llama_perf_context_print: prompt eval time =     266.42 ms /    84 tokens (    3.17 ms per token,   315.30 tokens per second)
llama_perf_context_print:        eval time =     365.34 ms /    46 runs   (    7.94 ms per token,   125.91 tokens per second)
llama_perf_context_print:       total time =     643.46 ms /   130 tokens
llama_perf_context_print:    graphs reused =         45
[Bonsai 4B] 10. long query
Llama.generate: 1485 prefix-match hit, remaining 79 prompt tokens to eval
llama_perf_context_print:        load time =      79.68 ms
llama_perf_context_print: prompt eval time =      99.82 ms /    79 tokens (    1.26 ms per token,   791.42 tokens per second)
llama_perf_context_print:        eval time =     297.86 ms /    37 runs   (    8.05 ms per token,   124.22 tokens per second)
llama_perf_context_print:       total time =     407.10 ms /   116 tokens
llama_perf_context_print:    graphs reused =         36
[Bonsai 4B] 11. long query
Llama.generate: 1601 prefix-match hit, remaining 83 prompt tokens to eval
llama_perf_context_print:        load time =      79.68 ms
llama_perf_context_print: prompt eval time =      69.03 ms /    83 tokens (    0.83 ms per token,  1202.46 tokens per second)
llama_perf_context_print:        eval time =     354.61 ms /    44 runs   (    8.06 ms per token,   124.08 tokens per second)
llama_perf_context_print:       total time =     435.42 ms /   127 tokens
llama_perf_context_print:    graphs reused =         43
[Bonsai 4B] 12. long query
Llama.generate: 1728 prefix-match hit, remaining 87 prompt tokens to eval
llama_perf_context_print:        load time =      79.68 ms
llama_perf_context_print: prompt eval time =      64.39 ms /    87 tokens (    0.74 ms per token,  1351.25 tokens per second)
llama_perf_context_print:        eval time =     476.57 ms /    58 runs   (    8.22 ms per token,   121.70 tokens per second)
llama_perf_context_print:       total time =     557.35 ms /   145 tokens
llama_perf_context_print:    graphs reused =         57
[Bonsai 4B] 13. long query
Llama.generate: 1873 prefix-match hit, remaining 84 prompt tokens to eval
llama_perf_context_print:        load time =      79.68 ms
llama_perf_context_print: prompt eval time =      64.22 ms /    84 tokens (    0.76 ms per token,  1307.92 tokens per second)
llama_perf_context_print:        eval time =     323.11 ms /    39 runs   (    8.28 ms per token,   120.70 tokens per second)
llama_perf_context_print:       total time =     397.80 ms /   123 tokens
llama_perf_context_print:    graphs reused =         38
[Bonsai 4B] 14. long query
Llama.generate: 1996 prefix-match hit, remaining 89 prompt tokens to eval
llama_perf_context_print:        load time =      79.68 ms
llama_perf_context_print: prompt eval time =      80.90 ms /    89 tokens (    0.91 ms per token,  1100.10 tokens per second)
llama_perf_context_print:        eval time =     366.19 ms /    44 runs   (    8.32 ms per token,   120.15 tokens per second)
llama_perf_context_print:       total time =     458.58 ms /   133 tokens
llama_perf_context_print:    graphs reused =         43
[Bonsai 4B] 15. long query
Llama.generate: 2129 prefix-match hit, remaining 90 prompt tokens to eval
llama_perf_context_print:        load time =      79.68 ms
llama_perf_context_print: prompt eval time =      81.17 ms /    90 tokens (    0.90 ms per token,  1108.84 tokens per second)
llama_perf_context_print:        eval time =     350.95 ms /    42 runs   (    8.36 ms per token,   119.68 tokens per second)
llama_perf_context_print:       total time =     442.58 ms /   132 tokens
llama_perf_context_print:    graphs reused =         41
~llama_context:    Vulkan0 compute buffer size is 301.2285 MiB, matches expectation of 301.2285 MiB
~llama_context: Vulkan_Host compute buffer size is  14.0137 MiB, matches expectation of  14.0137 MiB
--- Qwen3.5 0.8B ---
[Qwen3.5 0.8B] 0. short query
Llama.generate: 211 prefix-match hit, remaining 24 prompt tokens to eval
llama_perf_context_print:        load time =      34.81 ms
llama_perf_context_print: prompt eval time =      10.68 ms /    24 tokens (    0.45 ms per token,  2247.19 tokens per second)
llama_perf_context_print:        eval time =     102.57 ms /    25 runs   (    4.10 ms per token,   243.75 tokens per second)
llama_perf_context_print:       total time =     119.10 ms /    49 tokens
llama_perf_context_print:    graphs reused =         23
[Qwen3.5 0.8B] 1. short query
Llama.generate: 260 prefix-match hit, remaining 25 prompt tokens to eval
llama_perf_context_print:        load time =      34.81 ms
llama_perf_context_print: prompt eval time =      11.56 ms /    25 tokens (    0.46 ms per token,  2161.69 tokens per second)
llama_perf_context_print:        eval time =      85.40 ms /    21 runs   (    4.07 ms per token,   245.90 tokens per second)
llama_perf_context_print:       total time =     101.80 ms /    46 tokens
llama_perf_context_print:    graphs reused =         20
[Qwen3.5 0.8B] 2. short query
Llama.generate: 306 prefix-match hit, remaining 26 prompt tokens to eval
llama_perf_context_print:        load time =      34.81 ms
llama_perf_context_print: prompt eval time =      11.64 ms /    26 tokens (    0.45 ms per token,  2234.06 tokens per second)
llama_perf_context_print:        eval time =      53.25 ms /    13 runs   (    4.10 ms per token,   244.13 tokens per second)
llama_perf_context_print:       total time =      67.96 ms /    39 tokens
llama_perf_context_print:    graphs reused =         12
[Qwen3.5 0.8B] 3. short query
Llama.generate: 345 prefix-match hit, remaining 27 prompt tokens to eval
llama_perf_context_print:        load time =      34.81 ms
llama_perf_context_print: prompt eval time =      11.61 ms /    27 tokens (    0.43 ms per token,  2324.98 tokens per second)
llama_perf_context_print:        eval time =      61.37 ms /    15 runs   (    4.09 ms per token,   244.43 tokens per second)
llama_perf_context_print:       total time =      76.71 ms /    42 tokens
llama_perf_context_print:    graphs reused =         14
[Qwen3.5 0.8B] 4. short query
Llama.generate: 387 prefix-match hit, remaining 23 prompt tokens to eval
llama_perf_context_print:        load time =      34.81 ms
llama_perf_context_print: prompt eval time =      11.12 ms /    23 tokens (    0.48 ms per token,  2067.79 tokens per second)
llama_perf_context_print:        eval time =      77.92 ms /    19 runs   (    4.10 ms per token,   243.84 tokens per second)
llama_perf_context_print:       total time =      94.31 ms /    42 tokens
llama_perf_context_print:    graphs reused =         18
[Qwen3.5 0.8B] 5. short query
Llama.generate: 429 prefix-match hit, remaining 26 prompt tokens to eval
llama_perf_context_print:        load time =      34.81 ms
llama_perf_context_print: prompt eval time =      11.37 ms /    26 tokens (    0.44 ms per token,  2286.52 tokens per second)
llama_perf_context_print:        eval time =      57.65 ms /    14 runs   (    4.12 ms per token,   242.86 tokens per second)
llama_perf_context_print:       total time =      72.67 ms /    40 tokens
llama_perf_context_print:    graphs reused =         13
[Qwen3.5 0.8B] 6. short query
Llama.generate: 469 prefix-match hit, remaining 28 prompt tokens to eval
llama_perf_context_print:        load time =      34.81 ms
llama_perf_context_print: prompt eval time =      11.84 ms /    28 tokens (    0.42 ms per token,  2364.47 tokens per second)
llama_perf_context_print:        eval time =      99.00 ms /    24 runs   (    4.12 ms per token,   242.43 tokens per second)
llama_perf_context_print:       total time =     116.57 ms /    52 tokens
llama_perf_context_print:    graphs reused =         22
[Qwen3.5 0.8B] 7. short query
Llama.generate: 521 prefix-match hit, remaining 23 prompt tokens to eval
llama_perf_context_print:        load time =      34.81 ms
llama_perf_context_print: prompt eval time =      11.17 ms /    23 tokens (    0.49 ms per token,  2059.46 tokens per second)
llama_perf_context_print:        eval time =      61.92 ms /    15 runs   (    4.13 ms per token,   242.24 tokens per second)
llama_perf_context_print:       total time =      77.38 ms /    38 tokens
llama_perf_context_print:    graphs reused =         14
[Qwen3.5 0.8B] 8. short query
Llama.generate: 559 prefix-match hit, remaining 24 prompt tokens to eval
llama_perf_context_print:        load time =      34.81 ms
llama_perf_context_print: prompt eval time =      11.25 ms /    24 tokens (    0.47 ms per token,  2132.76 tokens per second)
llama_perf_context_print:        eval time =      62.76 ms /    15 runs   (    4.18 ms per token,   239.01 tokens per second)
llama_perf_context_print:       total time =      77.91 ms /    39 tokens
llama_perf_context_print:    graphs reused =         14
[Qwen3.5 0.8B] 9. short query
Llama.generate: 598 prefix-match hit, remaining 24 prompt tokens to eval
llama_perf_context_print:        load time =      34.81 ms
llama_perf_context_print: prompt eval time =      11.25 ms /    24 tokens (    0.47 ms per token,  2133.90 tokens per second)
llama_perf_context_print:        eval time =      62.16 ms /    15 runs   (    4.14 ms per token,   241.29 tokens per second)
llama_perf_context_print:       total time =      77.87 ms /    39 tokens
llama_perf_context_print:    graphs reused =         14
[Qwen3.5 0.8B] 10. short query
Llama.generate: 637 prefix-match hit, remaining 29 prompt tokens to eval
llama_perf_context_print:        load time =      34.81 ms
llama_perf_context_print: prompt eval time =      12.16 ms /    29 tokens (    0.42 ms per token,  2384.48 tokens per second)
llama_perf_context_print:        eval time =      61.77 ms /    15 runs   (    4.12 ms per token,   242.85 tokens per second)
llama_perf_context_print:       total time =      77.73 ms /    44 tokens
llama_perf_context_print:    graphs reused =         14
[Qwen3.5 0.8B] 11. short query
Llama.generate: 681 prefix-match hit, remaining 24 prompt tokens to eval
llama_perf_context_print:        load time =      34.81 ms
llama_perf_context_print: prompt eval time =      11.26 ms /    24 tokens (    0.47 ms per token,  2131.63 tokens per second)
llama_perf_context_print:        eval time =      63.58 ms /    15 runs   (    4.24 ms per token,   235.92 tokens per second)
llama_perf_context_print:       total time =      79.22 ms /    39 tokens
llama_perf_context_print:    graphs reused =         14
[Qwen3.5 0.8B] 12. short query
Llama.generate: 720 prefix-match hit, remaining 25 prompt tokens to eval
llama_perf_context_print:        load time =      34.81 ms
llama_perf_context_print: prompt eval time =      11.33 ms /    25 tokens (    0.45 ms per token,  2206.14 tokens per second)
llama_perf_context_print:        eval time =      90.21 ms /    22 runs   (    4.10 ms per token,   243.86 tokens per second)
llama_perf_context_print:       total time =     107.37 ms /    47 tokens
llama_perf_context_print:    graphs reused =         21
[Qwen3.5 0.8B] 13. short query
Llama.generate: 767 prefix-match hit, remaining 26 prompt tokens to eval
llama_perf_context_print:        load time =      34.81 ms
llama_perf_context_print: prompt eval time =      11.79 ms /    26 tokens (    0.45 ms per token,  2205.63 tokens per second)
llama_perf_context_print:        eval time =      61.70 ms /    15 runs   (    4.11 ms per token,   243.10 tokens per second)
llama_perf_context_print:       total time =      77.30 ms /    41 tokens
llama_perf_context_print:    graphs reused =         14
[Qwen3.5 0.8B] 14. short query
Llama.generate: 808 prefix-match hit, remaining 26 prompt tokens to eval
llama_perf_context_print:        load time =      34.81 ms
llama_perf_context_print: prompt eval time =      11.43 ms /    26 tokens (    0.44 ms per token,  2274.91 tokens per second)
llama_perf_context_print:        eval time =      71.84 ms /    17 runs   (    4.23 ms per token,   236.64 tokens per second)
llama_perf_context_print:       total time =      88.13 ms /    43 tokens
llama_perf_context_print:    graphs reused =         16
[Qwen3.5 0.8B] 15. short query
Llama.generate: 851 prefix-match hit, remaining 24 prompt tokens to eval
llama_perf_context_print:        load time =      34.81 ms
llama_perf_context_print: prompt eval time =      11.40 ms /    24 tokens (    0.48 ms per token,  2105.08 tokens per second)
llama_perf_context_print:        eval time =      62.05 ms /    15 runs   (    4.14 ms per token,   241.74 tokens per second)
llama_perf_context_print:       total time =      77.39 ms /    39 tokens
llama_perf_context_print:    graphs reused =         14
[Qwen3.5 0.8B] 0. long query
Llama.generate: 211 prefix-match hit, remaining 80 prompt tokens to eval
llama_perf_context_print:        load time =      34.81 ms
llama_perf_context_print: prompt eval time =      17.75 ms /    80 tokens (    0.22 ms per token,  4507.80 tokens per second)
llama_perf_context_print:        eval time =     158.48 ms /    39 runs   (    4.06 ms per token,   246.09 tokens per second)
llama_perf_context_print:       total time =     186.02 ms /   119 tokens
llama_perf_context_print:    graphs reused =         38
[Qwen3.5 0.8B] 1. long query
Llama.generate: 330 prefix-match hit, remaining 78 prompt tokens to eval
llama_perf_context_print:        load time =      34.81 ms
llama_perf_context_print: prompt eval time =      20.26 ms /    78 tokens (    0.26 ms per token,  3850.71 tokens per second)
llama_perf_context_print:        eval time =     134.38 ms /    33 runs   (    4.07 ms per token,   245.57 tokens per second)
llama_perf_context_print:       total time =     163.13 ms /   111 tokens
llama_perf_context_print:    graphs reused =         32
[Qwen3.5 0.8B] 2. long query
Llama.generate: 441 prefix-match hit, remaining 77 prompt tokens to eval
llama_perf_context_print:        load time =      34.81 ms
llama_perf_context_print: prompt eval time =      20.85 ms /    77 tokens (    0.27 ms per token,  3693.75 tokens per second)
llama_perf_context_print:        eval time =     180.76 ms /    44 runs   (    4.11 ms per token,   243.42 tokens per second)
llama_perf_context_print:       total time =     212.51 ms /   121 tokens
llama_perf_context_print:    graphs reused =         43
[Qwen3.5 0.8B] 3. long query
Llama.generate: 562 prefix-match hit, remaining 82 prompt tokens to eval
llama_perf_context_print:        load time =      34.81 ms
llama_perf_context_print: prompt eval time =      21.45 ms /    82 tokens (    0.26 ms per token,  3823.38 tokens per second)
llama_perf_context_print:        eval time =     149.16 ms /    36 runs   (    4.14 ms per token,   241.35 tokens per second)
llama_perf_context_print:       total time =     179.77 ms /   118 tokens
llama_perf_context_print:    graphs reused =         35
[Qwen3.5 0.8B] 4. long query
Llama.generate: 680 prefix-match hit, remaining 87 prompt tokens to eval
llama_perf_context_print:        load time =      34.81 ms
llama_perf_context_print: prompt eval time =      21.66 ms /    87 tokens (    0.25 ms per token,  4016.44 tokens per second)
llama_perf_context_print:        eval time =     127.95 ms /    31 runs   (    4.13 ms per token,   242.29 tokens per second)
llama_perf_context_print:       total time =     157.61 ms /   118 tokens
llama_perf_context_print:    graphs reused =         29
[Qwen3.5 0.8B] 5. long query
Llama.generate: 798 prefix-match hit, remaining 86 prompt tokens to eval
llama_perf_context_print:        load time =      34.81 ms
llama_perf_context_print: prompt eval time =      21.05 ms /    86 tokens (    0.24 ms per token,  4084.73 tokens per second)
llama_perf_context_print:        eval time =     164.28 ms /    40 runs   (    4.11 ms per token,   243.49 tokens per second)
llama_perf_context_print:       total time =     195.33 ms /   126 tokens
llama_perf_context_print:    graphs reused =         39
[Qwen3.5 0.8B] 6. long query
Llama.generate: 924 prefix-match hit, remaining 81 prompt tokens to eval
llama_perf_context_print:        load time =      34.81 ms
llama_perf_context_print: prompt eval time =      21.05 ms /    81 tokens (    0.26 ms per token,  3847.80 tokens per second)
llama_perf_context_print:        eval time =     153.79 ms /    37 runs   (    4.16 ms per token,   240.59 tokens per second)
llama_perf_context_print:       total time =     183.81 ms /   118 tokens
llama_perf_context_print:    graphs reused =         35
[Qwen3.5 0.8B] 7. long query
Llama.generate: 1042 prefix-match hit, remaining 87 prompt tokens to eval
llama_perf_context_print:        load time =      34.81 ms
llama_perf_context_print: prompt eval time =      21.61 ms /    87 tokens (    0.25 ms per token,  4026.29 tokens per second)
llama_perf_context_print:        eval time =     148.97 ms /    36 runs   (    4.14 ms per token,   241.66 tokens per second)
llama_perf_context_print:       total time =     179.82 ms /   123 tokens
llama_perf_context_print:    graphs reused =         35
[Qwen3.5 0.8B] 8. long query
Llama.generate: 1165 prefix-match hit, remaining 83 prompt tokens to eval
llama_perf_context_print:        load time =      34.81 ms
llama_perf_context_print: prompt eval time =      21.25 ms /    83 tokens (    0.26 ms per token,  3906.43 tokens per second)
llama_perf_context_print:        eval time =     178.69 ms /    43 runs   (    4.16 ms per token,   240.63 tokens per second)
llama_perf_context_print:       total time =     210.45 ms /   126 tokens
llama_perf_context_print:    graphs reused =         41
[Qwen3.5 0.8B] 9. long query
Llama.generate: 1291 prefix-match hit, remaining 84 prompt tokens to eval
llama_perf_context_print:        load time =      34.81 ms
llama_perf_context_print: prompt eval time =      21.34 ms /    84 tokens (    0.25 ms per token,  3936.64 tokens per second)
llama_perf_context_print:        eval time =     169.90 ms /    41 runs   (    4.14 ms per token,   241.31 tokens per second)
llama_perf_context_print:       total time =     201.29 ms /   125 tokens
llama_perf_context_print:    graphs reused =         40
[Qwen3.5 0.8B] 10. long query
Llama.generate: 1416 prefix-match hit, remaining 79 prompt tokens to eval
llama_perf_context_print:        load time =      34.81 ms
llama_perf_context_print: prompt eval time =      21.02 ms /    79 tokens (    0.27 ms per token,  3758.68 tokens per second)
llama_perf_context_print:        eval time =     153.40 ms /    37 runs   (    4.15 ms per token,   241.20 tokens per second)
llama_perf_context_print:       total time =     184.05 ms /   116 tokens
llama_perf_context_print:    graphs reused =         36
[Qwen3.5 0.8B] 11. long query
Llama.generate: 1532 prefix-match hit, remaining 83 prompt tokens to eval
llama_perf_context_print:        load time =      34.81 ms
llama_perf_context_print: prompt eval time =      21.23 ms /    83 tokens (    0.26 ms per token,  3909.75 tokens per second)
llama_perf_context_print:        eval time =     157.58 ms /    38 runs   (    4.15 ms per token,   241.15 tokens per second)
llama_perf_context_print:       total time =     188.15 ms /   121 tokens
llama_perf_context_print:    graphs reused =         37
[Qwen3.5 0.8B] 12. long query
Llama.generate: 1653 prefix-match hit, remaining 87 prompt tokens to eval
llama_perf_context_print:        load time =      34.81 ms
llama_perf_context_print: prompt eval time =      21.54 ms /    87 tokens (    0.25 ms per token,  4038.25 tokens per second)
llama_perf_context_print:        eval time =     153.62 ms /    37 runs   (    4.15 ms per token,   240.85 tokens per second)
llama_perf_context_print:       total time =     184.75 ms /   124 tokens
llama_perf_context_print:    graphs reused =         36
[Qwen3.5 0.8B] 13. long query
Llama.generate: 1777 prefix-match hit, remaining 84 prompt tokens to eval
llama_perf_context_print:        load time =      34.81 ms
llama_perf_context_print: prompt eval time =      21.37 ms /    84 tokens (    0.25 ms per token,  3931.66 tokens per second)
llama_perf_context_print:        eval time =     150.69 ms /    36 runs   (    4.19 ms per token,   238.91 tokens per second)
llama_perf_context_print:       total time =     180.99 ms /   120 tokens
llama_perf_context_print:    graphs reused =         35
[Qwen3.5 0.8B] 14. long query
Llama.generate: 1897 prefix-match hit, remaining 89 prompt tokens to eval
llama_perf_context_print:        load time =      34.81 ms
llama_perf_context_print: prompt eval time =      22.38 ms /    89 tokens (    0.25 ms per token,  3976.76 tokens per second)
llama_perf_context_print:        eval time =     138.32 ms /    33 runs   (    4.19 ms per token,   238.57 tokens per second)
llama_perf_context_print:       total time =     169.42 ms /   122 tokens
llama_perf_context_print:    graphs reused =         32
[Qwen3.5 0.8B] 15. long query
Llama.generate: 2019 prefix-match hit, remaining 90 prompt tokens to eval
llama_perf_context_print:        load time =      34.81 ms
llama_perf_context_print: prompt eval time =      22.47 ms /    90 tokens (    0.25 ms per token,  4005.34 tokens per second)
llama_perf_context_print:        eval time =     230.39 ms /    55 runs   (    4.19 ms per token,   238.73 tokens per second)
llama_perf_context_print:       total time =     267.02 ms /   145 tokens
llama_perf_context_print:    graphs reused =         54
~llama_context:    Vulkan0 compute buffer size is 489.0000 MiB, matches expectation of 489.0000 MiB
~llama_context: Vulkan_Host compute buffer size is   8.0196 MiB, matches expectation of   8.0196 MiB
--- Bonsai 1.7B ---
[Bonsai 1.7B] 0. short query
Llama.generate: 199 prefix-match hit, remaining 24 prompt tokens to eval
llama_perf_context_print:        load time =      39.79 ms
llama_perf_context_print: prompt eval time =      14.53 ms /    24 tokens (    0.61 ms per token,  1651.98 tokens per second)
llama_perf_context_print:        eval time =     127.87 ms /    32 runs   (    4.00 ms per token,   250.25 tokens per second)
llama_perf_context_print:       total time =     147.94 ms /    56 tokens
llama_perf_context_print:    graphs reused =         31
[Bonsai 1.7B] 1. short query
Llama.generate: 255 prefix-match hit, remaining 25 prompt tokens to eval
llama_perf_context_print:        load time =      39.79 ms
llama_perf_context_print: prompt eval time =      16.40 ms /    25 tokens (    0.66 ms per token,  1524.30 tokens per second)
llama_perf_context_print:        eval time =     130.75 ms /    32 runs   (    4.09 ms per token,   244.74 tokens per second)
llama_perf_context_print:       total time =     152.68 ms /    57 tokens
llama_perf_context_print:    graphs reused =         31
[Bonsai 1.7B] 2. short query
Llama.generate: 312 prefix-match hit, remaining 26 prompt tokens to eval
llama_perf_context_print:        load time =      39.79 ms
llama_perf_context_print: prompt eval time =      16.08 ms /    26 tokens (    0.62 ms per token,  1616.81 tokens per second)
llama_perf_context_print:        eval time =     126.66 ms /    31 runs   (    4.09 ms per token,   244.74 tokens per second)
llama_perf_context_print:       total time =     148.05 ms /    57 tokens
llama_perf_context_print:    graphs reused =         30
[Bonsai 1.7B] 3. short query
Llama.generate: 369 prefix-match hit, remaining 27 prompt tokens to eval
llama_perf_context_print:        load time =      39.79 ms
llama_perf_context_print: prompt eval time =      16.32 ms /    27 tokens (    0.60 ms per token,  1654.61 tokens per second)
llama_perf_context_print:        eval time =     127.22 ms /    31 runs   (    4.10 ms per token,   243.66 tokens per second)
llama_perf_context_print:       total time =     148.98 ms /    58 tokens
llama_perf_context_print:    graphs reused =         30
[Bonsai 1.7B] 4. short query
Llama.generate: 427 prefix-match hit, remaining 23 prompt tokens to eval
llama_perf_context_print:        load time =      39.79 ms
llama_perf_context_print: prompt eval time =      15.53 ms /    23 tokens (    0.68 ms per token,  1480.81 tokens per second)
llama_perf_context_print:        eval time =     123.43 ms /    30 runs   (    4.11 ms per token,   243.05 tokens per second)
llama_perf_context_print:       total time =     144.20 ms /    53 tokens
llama_perf_context_print:    graphs reused =         29
[Bonsai 1.7B] 5. short query
Llama.generate: 480 prefix-match hit, remaining 26 prompt tokens to eval
llama_perf_context_print:        load time =      39.79 ms
llama_perf_context_print: prompt eval time =      15.94 ms /    26 tokens (    0.61 ms per token,  1631.12 tokens per second)
llama_perf_context_print:        eval time =     142.39 ms /    34 runs   (    4.19 ms per token,   238.77 tokens per second)
llama_perf_context_print:       total time =     164.31 ms /    60 tokens
llama_perf_context_print:    graphs reused =         32
[Bonsai 1.7B] 6. short query
Llama.generate: 540 prefix-match hit, remaining 28 prompt tokens to eval
llama_perf_context_print:        load time =      39.79 ms
llama_perf_context_print: prompt eval time =      16.55 ms /    28 tokens (    0.59 ms per token,  1691.84 tokens per second)
llama_perf_context_print:        eval time =     150.63 ms /    36 runs   (    4.18 ms per token,   239.00 tokens per second)
llama_perf_context_print:       total time =     173.57 ms /    64 tokens
llama_perf_context_print:    graphs reused =         35
[Bonsai 1.7B] 7. short query
Llama.generate: 604 prefix-match hit, remaining 23 prompt tokens to eval
llama_perf_context_print:        load time =      39.79 ms
llama_perf_context_print: prompt eval time =      15.94 ms /    23 tokens (    0.69 ms per token,  1443.27 tokens per second)
llama_perf_context_print:        eval time =     134.34 ms /    32 runs   (    4.20 ms per token,   238.20 tokens per second)
llama_perf_context_print:       total time =     155.81 ms /    55 tokens
llama_perf_context_print:    graphs reused =         31
[Bonsai 1.7B] 8. short query
Llama.generate: 659 prefix-match hit, remaining 24 prompt tokens to eval
llama_perf_context_print:        load time =      39.79 ms
llama_perf_context_print: prompt eval time =      15.91 ms /    24 tokens (    0.66 ms per token,  1508.20 tokens per second)
llama_perf_context_print:        eval time =     142.78 ms /    34 runs   (    4.20 ms per token,   238.13 tokens per second)
llama_perf_context_print:       total time =     164.79 ms /    58 tokens
llama_perf_context_print:    graphs reused =         33
[Bonsai 1.7B] 9. short query
Llama.generate: 717 prefix-match hit, remaining 24 prompt tokens to eval
llama_perf_context_print:        load time =      39.79 ms
llama_perf_context_print: prompt eval time =      16.04 ms /    24 tokens (    0.67 ms per token,  1496.07 tokens per second)
llama_perf_context_print:        eval time =     144.33 ms /    34 runs   (    4.25 ms per token,   235.57 tokens per second)
llama_perf_context_print:       total time =     166.36 ms /    58 tokens
llama_perf_context_print:    graphs reused =         32
[Bonsai 1.7B] 10. short query
Llama.generate: 775 prefix-match hit, remaining 29 prompt tokens to eval
llama_perf_context_print:        load time =      39.79 ms
llama_perf_context_print: prompt eval time =      16.92 ms /    29 tokens (    0.58 ms per token,  1714.35 tokens per second)
llama_perf_context_print:        eval time =     171.96 ms /    40 runs   (    4.30 ms per token,   232.62 tokens per second)
llama_perf_context_print:       total time =     196.28 ms /    69 tokens
llama_perf_context_print:    graphs reused =         39
[Bonsai 1.7B] 11. short query
Llama.generate: 844 prefix-match hit, remaining 24 prompt tokens to eval
llama_perf_context_print:        load time =      39.79 ms
llama_perf_context_print: prompt eval time =      16.38 ms /    24 tokens (    0.68 ms per token,  1465.56 tokens per second)
llama_perf_context_print:        eval time =     142.65 ms /    33 runs   (    4.32 ms per token,   231.33 tokens per second)
llama_perf_context_print:       total time =     165.02 ms /    57 tokens
llama_perf_context_print:    graphs reused =         32
[Bonsai 1.7B] 12. short query
Llama.generate: 901 prefix-match hit, remaining 25 prompt tokens to eval
llama_perf_context_print:        load time =      39.79 ms
llama_perf_context_print: prompt eval time =      16.37 ms /    25 tokens (    0.65 ms per token,  1527.18 tokens per second)
llama_perf_context_print:        eval time =     163.98 ms /    38 runs   (    4.32 ms per token,   231.74 tokens per second)
llama_perf_context_print:       total time =     187.43 ms /    63 tokens
llama_perf_context_print:    graphs reused =         37
[Bonsai 1.7B] 13. short query
Llama.generate: 964 prefix-match hit, remaining 26 prompt tokens to eval
llama_perf_context_print:        load time =      39.79 ms
llama_perf_context_print: prompt eval time =      16.36 ms /    26 tokens (    0.63 ms per token,  1589.44 tokens per second)
llama_perf_context_print:        eval time =     146.80 ms /    34 runs   (    4.32 ms per token,   231.60 tokens per second)
llama_perf_context_print:       total time =     169.33 ms /    60 tokens
llama_perf_context_print:    graphs reused =         33
[Bonsai 1.7B] 14. short query
Llama.generate: 1024 prefix-match hit, remaining 26 prompt tokens to eval
llama_perf_context_print:        load time =      39.79 ms
llama_perf_context_print: prompt eval time =      16.74 ms /    26 tokens (    0.64 ms per token,  1552.89 tokens per second)
llama_perf_context_print:        eval time =     171.42 ms /    39 runs   (    4.40 ms per token,   227.51 tokens per second)
llama_perf_context_print:       total time =     195.86 ms /    65 tokens
llama_perf_context_print:    graphs reused =         38
[Bonsai 1.7B] 15. short query
Llama.generate: 1089 prefix-match hit, remaining 24 prompt tokens to eval
llama_perf_context_print:        load time =      39.79 ms
llama_perf_context_print: prompt eval time =      16.69 ms /    24 tokens (    0.70 ms per token,  1438.33 tokens per second)
llama_perf_context_print:        eval time =     158.37 ms /    36 runs   (    4.40 ms per token,   227.32 tokens per second)
llama_perf_context_print:       total time =     182.18 ms /    60 tokens
llama_perf_context_print:    graphs reused =         35
[Bonsai 1.7B] 0. long query
Llama.generate: 199 prefix-match hit, remaining 80 prompt tokens to eval
llama_perf_context_print:        load time =      39.79 ms
llama_perf_context_print: prompt eval time =      25.68 ms /    80 tokens (    0.32 ms per token,  3115.51 tokens per second)
llama_perf_context_print:        eval time =     258.36 ms /    63 runs   (    4.10 ms per token,   243.85 tokens per second)
llama_perf_context_print:       total time =     296.58 ms /   143 tokens
llama_perf_context_print:    graphs reused =         62
[Bonsai 1.7B] 1. long query
Llama.generate: 342 prefix-match hit, remaining 79 prompt tokens to eval
llama_perf_context_print:        load time =      39.79 ms
llama_perf_context_print: prompt eval time =      28.76 ms /    79 tokens (    0.36 ms per token,  2746.58 tokens per second)
llama_perf_context_print:        eval time =     246.13 ms /    60 runs   (    4.10 ms per token,   243.78 tokens per second)
llama_perf_context_print:       total time =     286.79 ms /   139 tokens
llama_perf_context_print:    graphs reused =         59
[Bonsai 1.7B] 2. long query
Llama.generate: 481 prefix-match hit, remaining 77 prompt tokens to eval
llama_perf_context_print:        load time =      39.79 ms
llama_perf_context_print: prompt eval time =      29.31 ms /    77 tokens (    0.38 ms per token,  2627.36 tokens per second)
llama_perf_context_print:        eval time =     225.61 ms /    54 runs   (    4.18 ms per token,   239.36 tokens per second)
llama_perf_context_print:       total time =     265.74 ms /   131 tokens
llama_perf_context_print:    graphs reused =         53
[Bonsai 1.7B] 3. long query
Llama.generate: 612 prefix-match hit, remaining 82 prompt tokens to eval
llama_perf_context_print:        load time =      39.79 ms
llama_perf_context_print: prompt eval time =      29.56 ms /    82 tokens (    0.36 ms per token,  2774.11 tokens per second)
llama_perf_context_print:        eval time =     220.35 ms /    52 runs   (    4.24 ms per token,   235.98 tokens per second)
llama_perf_context_print:       total time =     260.58 ms /   134 tokens
llama_perf_context_print:    graphs reused =         51
[Bonsai 1.7B] 4. long query
Llama.generate: 746 prefix-match hit, remaining 87 prompt tokens to eval
llama_perf_context_print:        load time =      39.79 ms
llama_perf_context_print: prompt eval time =      36.43 ms /    87 tokens (    0.42 ms per token,  2388.40 tokens per second)
llama_perf_context_print:        eval time =     253.94 ms /    59 runs   (    4.30 ms per token,   232.34 tokens per second)
llama_perf_context_print:       total time =     302.54 ms /   146 tokens
llama_perf_context_print:    graphs reused =         58
[Bonsai 1.7B] 5. long query
Llama.generate: 892 prefix-match hit, remaining 87 prompt tokens to eval
llama_perf_context_print:        load time =      39.79 ms
llama_perf_context_print: prompt eval time =      34.17 ms /    87 tokens (    0.39 ms per token,  2546.02 tokens per second)
llama_perf_context_print:        eval time =     248.04 ms /    57 runs   (    4.35 ms per token,   229.81 tokens per second)
llama_perf_context_print:       total time =     293.89 ms /   144 tokens
llama_perf_context_print:    graphs reused =         55
[Bonsai 1.7B] 6. long query
Llama.generate: 1036 prefix-match hit, remaining 81 prompt tokens to eval
llama_perf_context_print:        load time =      39.79 ms
llama_perf_context_print: prompt eval time =      34.38 ms /    81 tokens (    0.42 ms per token,  2356.09 tokens per second)
llama_perf_context_print:        eval time =     251.04 ms /    57 runs   (    4.40 ms per token,   227.06 tokens per second)
llama_perf_context_print:       total time =     297.71 ms /   138 tokens
llama_perf_context_print:    graphs reused =         56
[Bonsai 1.7B] 7. long query
Llama.generate: 1174 prefix-match hit, remaining 87 prompt tokens to eval
llama_perf_context_print:        load time =      39.79 ms
llama_perf_context_print: prompt eval time =      35.01 ms /    87 tokens (    0.40 ms per token,  2484.72 tokens per second)
llama_perf_context_print:        eval time =     254.37 ms /    57 runs   (    4.46 ms per token,   224.08 tokens per second)
llama_perf_context_print:       total time =     301.37 ms /   144 tokens
llama_perf_context_print:    graphs reused =         55
[Bonsai 1.7B] 8. long query
Llama.generate: 1318 prefix-match hit, remaining 83 prompt tokens to eval
llama_perf_context_print:        load time =      39.79 ms
llama_perf_context_print: prompt eval time =      34.90 ms /    83 tokens (    0.42 ms per token,  2378.29 tokens per second)
llama_perf_context_print:        eval time =     255.41 ms /    57 runs   (    4.48 ms per token,   223.17 tokens per second)
llama_perf_context_print:       total time =     302.37 ms /   140 tokens
llama_perf_context_print:    graphs reused =         56
[Bonsai 1.7B] 9. long query
Llama.generate: 1458 prefix-match hit, remaining 84 prompt tokens to eval
llama_perf_context_print:        load time =      39.79 ms
llama_perf_context_print: prompt eval time =     120.85 ms /    84 tokens (    1.44 ms per token,   695.07 tokens per second)
llama_perf_context_print:        eval time =     255.94 ms /    56 runs   (    4.57 ms per token,   218.80 tokens per second)
llama_perf_context_print:       total time =     388.65 ms /   140 tokens
llama_perf_context_print:    graphs reused =         55
[Bonsai 1.7B] 10. long query
Llama.generate: 1598 prefix-match hit, remaining 79 prompt tokens to eval
llama_perf_context_print:        load time =      39.79 ms
llama_perf_context_print: prompt eval time =     110.05 ms /    79 tokens (    1.39 ms per token,   717.84 tokens per second)
llama_perf_context_print:        eval time =     233.82 ms /    51 runs   (    4.58 ms per token,   218.11 tokens per second)
llama_perf_context_print:       total time =     354.84 ms /   130 tokens
llama_perf_context_print:    graphs reused =         50
[Bonsai 1.7B] 11. long query
Llama.generate: 1728 prefix-match hit, remaining 83 prompt tokens to eval
llama_perf_context_print:        load time =      39.79 ms
llama_perf_context_print: prompt eval time =      46.20 ms /    83 tokens (    0.56 ms per token,  1796.58 tokens per second)
llama_perf_context_print:        eval time =     269.21 ms /    57 runs   (    4.72 ms per token,   211.73 tokens per second)
llama_perf_context_print:       total time =     327.69 ms /   140 tokens
llama_perf_context_print:    graphs reused =         56
[Bonsai 1.7B] 12. long query
Llama.generate: 1868 prefix-match hit, remaining 87 prompt tokens to eval
llama_perf_context_print:        load time =      39.79 ms
llama_perf_context_print: prompt eval time =      35.07 ms /    87 tokens (    0.40 ms per token,  2480.97 tokens per second)
llama_perf_context_print:        eval time =     271.12 ms /    57 runs   (    4.76 ms per token,   210.24 tokens per second)
llama_perf_context_print:       total time =     319.95 ms /   144 tokens
llama_perf_context_print:    graphs reused =         56
[Bonsai 1.7B] 13. long query
Llama.generate: 2012 prefix-match hit, remaining 84 prompt tokens to eval
llama_perf_context_print:        load time =      39.79 ms
llama_perf_context_print: prompt eval time =      33.38 ms /    84 tokens (    0.40 ms per token,  2516.63 tokens per second)
llama_perf_context_print:        eval time =     270.97 ms /    56 runs   (    4.84 ms per token,   206.66 tokens per second)
llama_perf_context_print:       total time =     316.91 ms /   140 tokens
llama_perf_context_print:    graphs reused =         55
[Bonsai 1.7B] 14. long query
Llama.generate: 2152 prefix-match hit, remaining 89 prompt tokens to eval
llama_perf_context_print:        load time =      39.79 ms
llama_perf_context_print: prompt eval time =      34.18 ms /    89 tokens (    0.38 ms per token,  2604.01 tokens per second)
llama_perf_context_print:        eval time =     286.36 ms /    59 runs   (    4.85 ms per token,   206.04 tokens per second)
llama_perf_context_print:       total time =     333.61 ms /   148 tokens
llama_perf_context_print:    graphs reused =         58
[Bonsai 1.7B] 15. long query
Llama.generate: 2300 prefix-match hit, remaining 90 prompt tokens to eval
llama_perf_context_print:        load time =      39.79 ms
llama_perf_context_print: prompt eval time =      37.39 ms /    90 tokens (    0.42 ms per token,  2407.13 tokens per second)
llama_perf_context_print:        eval time =     277.02 ms /    56 runs   (    4.95 ms per token,   202.15 tokens per second)
llama_perf_context_print:       total time =     327.14 ms /   146 tokens
llama_perf_context_print:    graphs reused =         55
~llama_context:    Vulkan0 compute buffer size is 304.2285 MiB, matches expectation of 304.2285 MiB
~llama_context: Vulkan_Host compute buffer size is  12.0137 MiB, matches expectation of  12.0137 MiB
--- LFM2.5 350M ---
[LFM2.5 350M] 0. short query
Llama.generate: 213 prefix-match hit, remaining 20 prompt tokens to eval
llama_perf_context_print:        load time =      15.03 ms
llama_perf_context_print: prompt eval time =       4.83 ms /    20 tokens (    0.24 ms per token,  4143.36 tokens per second)
llama_perf_context_print:        eval time =      21.93 ms /    12 runs   (    1.83 ms per token,   547.17 tokens per second)
llama_perf_context_print:       total time =      28.18 ms /    32 tokens
llama_perf_context_print:    graphs reused =         11
[LFM2.5 350M] 1. short query
Llama.generate: 245 prefix-match hit, remaining 21 prompt tokens to eval
llama_perf_context_print:        load time =      15.03 ms
llama_perf_context_print: prompt eval time =       5.42 ms /    21 tokens (    0.26 ms per token,  3875.25 tokens per second)
llama_perf_context_print:        eval time =      21.91 ms /    12 runs   (    1.83 ms per token,   547.82 tokens per second)
llama_perf_context_print:       total time =      28.57 ms /    33 tokens
llama_perf_context_print:    graphs reused =         11
[LFM2.5 350M] 2. short query
Llama.generate: 278 prefix-match hit, remaining 23 prompt tokens to eval
llama_perf_context_print:        load time =      15.03 ms
llama_perf_context_print: prompt eval time =       5.54 ms /    23 tokens (    0.24 ms per token,  4152.37 tokens per second)
llama_perf_context_print:        eval time =      37.93 ms /    21 runs   (    1.81 ms per token,   553.59 tokens per second)
llama_perf_context_print:       total time =      45.56 ms /    44 tokens
llama_perf_context_print:    graphs reused =         20
[LFM2.5 350M] 3. short query
Llama.generate: 322 prefix-match hit, remaining 25 prompt tokens to eval
llama_perf_context_print:        load time =      15.03 ms
llama_perf_context_print: prompt eval time =       5.58 ms /    25 tokens (    0.22 ms per token,  4481.89 tokens per second)
llama_perf_context_print:        eval time =      52.18 ms /    29 runs   (    1.80 ms per token,   555.78 tokens per second)
llama_perf_context_print:       total time =      60.61 ms /    54 tokens
llama_perf_context_print:    graphs reused =         28
[LFM2.5 350M] 4. short query
Llama.generate: 376 prefix-match hit, remaining 19 prompt tokens to eval
llama_perf_context_print:        load time =      15.03 ms
llama_perf_context_print: prompt eval time =       5.12 ms /    19 tokens (    0.27 ms per token,  3707.32 tokens per second)
llama_perf_context_print:        eval time =      21.93 ms /    12 runs   (    1.83 ms per token,   547.22 tokens per second)
llama_perf_context_print:       total time =      28.27 ms /    31 tokens
llama_perf_context_print:    graphs reused =         11
[LFM2.5 350M] 5. short query
Llama.generate: 407 prefix-match hit, remaining 22 prompt tokens to eval
llama_perf_context_print:        load time =      15.03 ms
llama_perf_context_print: prompt eval time =       5.18 ms /    22 tokens (    0.24 ms per token,  4247.92 tokens per second)
llama_perf_context_print:        eval time =      34.43 ms /    19 runs   (    1.81 ms per token,   551.81 tokens per second)
llama_perf_context_print:       total time =      41.50 ms /    41 tokens
llama_perf_context_print:    graphs reused =         18
[LFM2.5 350M] 6. short query
Llama.generate: 448 prefix-match hit, remaining 24 prompt tokens to eval
llama_perf_context_print:        load time =      15.03 ms
llama_perf_context_print: prompt eval time =       5.29 ms /    24 tokens (    0.22 ms per token,  4538.58 tokens per second)
llama_perf_context_print:        eval time =      43.21 ms /    23 runs   (    1.88 ms per token,   532.33 tokens per second)
llama_perf_context_print:       total time =      50.83 ms /    47 tokens
llama_perf_context_print:    graphs reused =         22
[LFM2.5 350M] 7. short query
Llama.generate: 495 prefix-match hit, remaining 20 prompt tokens to eval
llama_perf_context_print:        load time =      15.03 ms
llama_perf_context_print: prompt eval time =       5.18 ms /    20 tokens (    0.26 ms per token,  3860.26 tokens per second)
llama_perf_context_print:        eval time =      27.52 ms /    15 runs   (    1.83 ms per token,   545.06 tokens per second)
llama_perf_context_print:       total time =      34.22 ms /    35 tokens
llama_perf_context_print:    graphs reused =         14
[LFM2.5 350M] 8. short query
Llama.generate: 530 prefix-match hit, remaining 20 prompt tokens to eval
llama_perf_context_print:        load time =      15.03 ms
llama_perf_context_print: prompt eval time =       5.19 ms /    20 tokens (    0.26 ms per token,  3856.54 tokens per second)
llama_perf_context_print:        eval time =      22.09 ms /    12 runs   (    1.84 ms per token,   543.23 tokens per second)
llama_perf_context_print:       total time =      28.52 ms /    32 tokens
llama_perf_context_print:    graphs reused =         11
[LFM2.5 350M] 9. short query
Llama.generate: 562 prefix-match hit, remaining 20 prompt tokens to eval
llama_perf_context_print:        load time =      15.03 ms
llama_perf_context_print: prompt eval time =       5.17 ms /    20 tokens (    0.26 ms per token,  3866.23 tokens per second)
llama_perf_context_print:        eval time =      29.31 ms /    16 runs   (    1.83 ms per token,   545.83 tokens per second)
llama_perf_context_print:       total time =      36.10 ms /    36 tokens
llama_perf_context_print:    graphs reused =         15
[LFM2.5 350M] 10. short query
Llama.generate: 598 prefix-match hit, remaining 25 prompt tokens to eval
llama_perf_context_print:        load time =      15.03 ms
llama_perf_context_print: prompt eval time =       5.33 ms /    25 tokens (    0.21 ms per token,  4693.95 tokens per second)
llama_perf_context_print:        eval time =      36.77 ms /    20 runs   (    1.84 ms per token,   543.85 tokens per second)
llama_perf_context_print:       total time =      44.12 ms /    45 tokens
llama_perf_context_print:    graphs reused =         19
[LFM2.5 350M] 11. short query
Llama.generate: 643 prefix-match hit, remaining 20 prompt tokens to eval
llama_perf_context_print:        load time =      15.03 ms
llama_perf_context_print: prompt eval time =       5.19 ms /    20 tokens (    0.26 ms per token,  3850.60 tokens per second)
llama_perf_context_print:        eval time =      36.54 ms /    20 runs   (    1.83 ms per token,   547.30 tokens per second)
llama_perf_context_print:       total time =      43.76 ms /    40 tokens
llama_perf_context_print:    graphs reused =         19
[LFM2.5 350M] 12. short query
Llama.generate: 683 prefix-match hit, remaining 21 prompt tokens to eval
llama_perf_context_print:        load time =      15.03 ms
llama_perf_context_print: prompt eval time =       5.17 ms /    21 tokens (    0.25 ms per token,  4057.97 tokens per second)
llama_perf_context_print:        eval time =      27.52 ms /    15 runs   (    1.83 ms per token,   545.16 tokens per second)
llama_perf_context_print:       total time =      34.25 ms /    36 tokens
llama_perf_context_print:    graphs reused =         14
[LFM2.5 350M] 13. short query
Llama.generate: 719 prefix-match hit, remaining 23 prompt tokens to eval
llama_perf_context_print:        load time =      15.03 ms
llama_perf_context_print: prompt eval time =       5.21 ms /    23 tokens (    0.23 ms per token,  4413.74 tokens per second)
llama_perf_context_print:        eval time =      34.71 ms /    19 runs   (    1.83 ms per token,   547.36 tokens per second)
llama_perf_context_print:       total time =      41.87 ms /    42 tokens
llama_perf_context_print:    graphs reused =         18
[LFM2.5 350M] 14. short query
Llama.generate: 761 prefix-match hit, remaining 22 prompt tokens to eval
llama_perf_context_print:        load time =      15.03 ms
llama_perf_context_print: prompt eval time =       5.25 ms /    22 tokens (    0.24 ms per token,  4192.07 tokens per second)
llama_perf_context_print:        eval time =      29.60 ms /    16 runs   (    1.85 ms per token,   540.52 tokens per second)
llama_perf_context_print:       total time =      36.54 ms /    38 tokens
llama_perf_context_print:    graphs reused =         15
[LFM2.5 350M] 15. short query
Llama.generate: 799 prefix-match hit, remaining 20 prompt tokens to eval
llama_perf_context_print:        load time =      15.03 ms
llama_perf_context_print: prompt eval time =       5.24 ms /    20 tokens (    0.26 ms per token,  3819.71 tokens per second)
llama_perf_context_print:        eval time =      31.42 ms /    17 runs   (    1.85 ms per token,   541.06 tokens per second)
llama_perf_context_print:       total time =      38.43 ms /    37 tokens
llama_perf_context_print:    graphs reused =         16
[LFM2.5 350M] 0. long query
Llama.generate: 213 prefix-match hit, remaining 79 prompt tokens to eval
llama_perf_context_print:        load time =      15.03 ms
llama_perf_context_print: prompt eval time =       7.33 ms /    79 tokens (    0.09 ms per token, 10780.57 tokens per second)
llama_perf_context_print:        eval time =      22.14 ms /    12 runs   (    1.84 ms per token,   542.13 tokens per second)
llama_perf_context_print:       total time =      30.90 ms /    91 tokens
llama_perf_context_print:    graphs reused =         11
[LFM2.5 350M] 1. long query
Llama.generate: 304 prefix-match hit, remaining 76 prompt tokens to eval
llama_perf_context_print:        load time =      15.03 ms
llama_perf_context_print: prompt eval time =       9.29 ms /    76 tokens (    0.12 ms per token,  8178.20 tokens per second)
llama_perf_context_print:        eval time =      22.44 ms /    12 runs   (    1.87 ms per token,   534.76 tokens per second)
llama_perf_context_print:       total time =      33.04 ms /    88 tokens
llama_perf_context_print:    graphs reused =         11
[LFM2.5 350M] 2. long query
Llama.generate: 392 prefix-match hit, remaining 78 prompt tokens to eval
llama_perf_context_print:        load time =      15.03 ms
llama_perf_context_print: prompt eval time =       9.36 ms /    78 tokens (    0.12 ms per token,  8329.77 tokens per second)
llama_perf_context_print:        eval time =      23.74 ms /    13 runs   (    1.83 ms per token,   547.62 tokens per second)
llama_perf_context_print:       total time =      34.48 ms /    91 tokens
llama_perf_context_print:    graphs reused =         12
[LFM2.5 350M] 3. long query
Llama.generate: 483 prefix-match hit, remaining 82 prompt tokens to eval
llama_perf_context_print:        load time =      15.03 ms
llama_perf_context_print: prompt eval time =       9.49 ms /    82 tokens (    0.12 ms per token,  8644.32 tokens per second)
llama_perf_context_print:        eval time =      23.92 ms /    13 runs   (    1.84 ms per token,   543.57 tokens per second)
llama_perf_context_print:       total time =      34.79 ms /    95 tokens
llama_perf_context_print:    graphs reused =         12
[LFM2.5 350M] 4. long query
Llama.generate: 578 prefix-match hit, remaining 86 prompt tokens to eval
llama_perf_context_print:        load time =      15.03 ms
llama_perf_context_print: prompt eval time =       9.60 ms /    86 tokens (    0.11 ms per token,  8963.00 tokens per second)
llama_perf_context_print:        eval time =      22.13 ms /    12 runs   (    1.84 ms per token,   542.27 tokens per second)
llama_perf_context_print:       total time =      33.04 ms /    98 tokens
llama_perf_context_print:    graphs reused =         11
[LFM2.5 350M] 5. long query
Llama.generate: 676 prefix-match hit, remaining 91 prompt tokens to eval
llama_perf_context_print:        load time =      15.03 ms
llama_perf_context_print: prompt eval time =       9.62 ms /    91 tokens (    0.11 ms per token,  9464.38 tokens per second)
llama_perf_context_print:        eval time =      26.44 ms /    14 runs   (    1.89 ms per token,   529.60 tokens per second)
llama_perf_context_print:       total time =      37.55 ms /   105 tokens
llama_perf_context_print:    graphs reused =         12
[LFM2.5 350M] 6. long query
Llama.generate: 781 prefix-match hit, remaining 84 prompt tokens to eval
llama_perf_context_print:        load time =      15.03 ms
llama_perf_context_print: prompt eval time =      10.38 ms /    84 tokens (    0.12 ms per token,  8093.27 tokens per second)
llama_perf_context_print:        eval time =      22.37 ms /    12 runs   (    1.86 ms per token,   536.50 tokens per second)
llama_perf_context_print:       total time =      34.08 ms /    96 tokens
llama_perf_context_print:    graphs reused =         11
[LFM2.5 350M] 7. long query
Llama.generate: 877 prefix-match hit, remaining 84 prompt tokens to eval
llama_perf_context_print:        load time =      15.03 ms
llama_perf_context_print: prompt eval time =      10.41 ms /    84 tokens (    0.12 ms per token,  8072.27 tokens per second)
llama_perf_context_print:        eval time =      22.36 ms /    12 runs   (    1.86 ms per token,   536.77 tokens per second)
llama_perf_context_print:       total time =      34.10 ms /    96 tokens
llama_perf_context_print:    graphs reused =         11
[LFM2.5 350M] 8. long query
Llama.generate: 973 prefix-match hit, remaining 83 prompt tokens to eval
llama_perf_context_print:        load time =      15.03 ms
llama_perf_context_print: prompt eval time =      10.40 ms /    83 tokens (    0.13 ms per token,  7982.30 tokens per second)
llama_perf_context_print:        eval time =      25.49 ms /    13 runs   (    1.96 ms per token,   510.02 tokens per second)
llama_perf_context_print:       total time =      37.34 ms /    96 tokens
llama_perf_context_print:    graphs reused =         12
[LFM2.5 350M] 9. long query
Llama.generate: 1069 prefix-match hit, remaining 84 prompt tokens to eval
llama_perf_context_print:        load time =      15.03 ms
llama_perf_context_print: prompt eval time =      10.43 ms /    84 tokens (    0.12 ms per token,  8051.38 tokens per second)
llama_perf_context_print:        eval time =      24.41 ms /    13 runs   (    1.88 ms per token,   532.55 tokens per second)
llama_perf_context_print:       total time =      36.33 ms /    97 tokens
llama_perf_context_print:    graphs reused =         12
[LFM2.5 350M] 10. long query
Llama.generate: 1166 prefix-match hit, remaining 79 prompt tokens to eval
llama_perf_context_print:        load time =      15.03 ms
llama_perf_context_print: prompt eval time =      10.41 ms /    79 tokens (    0.13 ms per token,  7587.40 tokens per second)
llama_perf_context_print:        eval time =      24.51 ms /    13 runs   (    1.89 ms per token,   530.31 tokens per second)
llama_perf_context_print:       total time =      36.51 ms /    92 tokens
llama_perf_context_print:    graphs reused =         12
[LFM2.5 350M] 11. long query
Llama.generate: 1258 prefix-match hit, remaining 80 prompt tokens to eval
llama_perf_context_print:        load time =      15.03 ms
llama_perf_context_print: prompt eval time =      10.44 ms /    80 tokens (    0.13 ms per token,  7660.63 tokens per second)
llama_perf_context_print:        eval time =      26.47 ms /    14 runs   (    1.89 ms per token,   528.84 tokens per second)
llama_perf_context_print:       total time =      38.59 ms /    94 tokens
llama_perf_context_print:    graphs reused =         13
[LFM2.5 350M] 12. long query
Llama.generate: 1352 prefix-match hit, remaining 86 prompt tokens to eval
llama_perf_context_print:        load time =      15.03 ms
llama_perf_context_print: prompt eval time =      10.60 ms /    86 tokens (    0.12 ms per token,  8115.50 tokens per second)
llama_perf_context_print:        eval time =      24.70 ms /    13 runs   (    1.90 ms per token,   526.36 tokens per second)
llama_perf_context_print:       total time =      36.89 ms /    99 tokens
llama_perf_context_print:    graphs reused =         12
[LFM2.5 350M] 13. long query
Llama.generate: 1451 prefix-match hit, remaining 83 prompt tokens to eval
llama_perf_context_print:        load time =      15.03 ms
llama_perf_context_print: prompt eval time =      10.53 ms /    83 tokens (    0.13 ms per token,  7885.99 tokens per second)
llama_perf_context_print:        eval time =      23.57 ms /    12 runs   (    1.96 ms per token,   509.19 tokens per second)
llama_perf_context_print:       total time =      35.61 ms /    95 tokens
llama_perf_context_print:    graphs reused =         10
[LFM2.5 350M] 14. long query
Llama.generate: 1546 prefix-match hit, remaining 85 prompt tokens to eval
llama_perf_context_print:        load time =      15.03 ms
llama_perf_context_print: prompt eval time =      10.61 ms /    85 tokens (    0.12 ms per token,  8010.56 tokens per second)
llama_perf_context_print:        eval time =      23.04 ms /    12 runs   (    1.92 ms per token,   520.83 tokens per second)
llama_perf_context_print:       total time =      35.20 ms /    97 tokens
llama_perf_context_print:    graphs reused =         11
[LFM2.5 350M] 15. long query
Llama.generate: 1643 prefix-match hit, remaining 92 prompt tokens to eval
llama_perf_context_print:        load time =      15.03 ms
llama_perf_context_print: prompt eval time =      10.88 ms /    92 tokens (    0.12 ms per token,  8454.33 tokens per second)
llama_perf_context_print:        eval time =      23.98 ms /    12 runs   (    2.00 ms per token,   500.35 tokens per second)
llama_perf_context_print:       total time =      36.51 ms /   104 tokens
llama_perf_context_print:    graphs reused =         11
~llama_context:    Vulkan0 compute buffer size is 134.0000 MiB, matches expectation of 134.0000 MiB
~llama_context: Vulkan_Host compute buffer size is   8.0138 MiB, matches expectation of   8.0138 MiB
--- LFM2.5 230M ---
[LFM2.5 230M] 0. short query
Llama.generate: 213 prefix-match hit, remaining 20 prompt tokens to eval
llama_perf_context_print:        load time =      10.89 ms
llama_perf_context_print: prompt eval time =       3.35 ms /    20 tokens (    0.17 ms per token,  5961.25 tokens per second)
llama_perf_context_print:        eval time =      64.09 ms /    46 runs   (    1.39 ms per token,   717.73 tokens per second)
llama_perf_context_print:       total time =      72.27 ms /    66 tokens
llama_perf_context_print:    graphs reused =         44
[LFM2.5 230M] 1. short query
Llama.generate: 279 prefix-match hit, remaining 21 prompt tokens to eval
llama_perf_context_print:        load time =      10.89 ms
llama_perf_context_print: prompt eval time =       4.07 ms /    21 tokens (    0.19 ms per token,  5166.05 tokens per second)
llama_perf_context_print:        eval time =      56.18 ms /    40 runs   (    1.40 ms per token,   712.01 tokens per second)
llama_perf_context_print:       total time =      64.39 ms /    61 tokens
llama_perf_context_print:    graphs reused =         39
[LFM2.5 230M] 2. short query
Llama.generate: 340 prefix-match hit, remaining 23 prompt tokens to eval
llama_perf_context_print:        load time =      10.89 ms
llama_perf_context_print: prompt eval time =       4.15 ms /    23 tokens (    0.18 ms per token,  5548.85 tokens per second)
llama_perf_context_print:        eval time =      79.06 ms /    57 runs   (    1.39 ms per token,   720.93 tokens per second)
llama_perf_context_print:       total time =      89.44 ms /    80 tokens
llama_perf_context_print:    graphs reused =         56
[LFM2.5 230M] 3. short query
Llama.generate: 420 prefix-match hit, remaining 25 prompt tokens to eval
llama_perf_context_print:        load time =      10.89 ms
llama_perf_context_print: prompt eval time =       4.19 ms /    25 tokens (    0.17 ms per token,  5968.01 tokens per second)
llama_perf_context_print:        eval time =      88.60 ms /    63 runs   (    1.41 ms per token,   711.09 tokens per second)
llama_perf_context_print:       total time =      99.83 ms /    88 tokens
llama_perf_context_print:    graphs reused =         62
[LFM2.5 230M] 4. short query
Llama.generate: 508 prefix-match hit, remaining 20 prompt tokens to eval
llama_perf_context_print:        load time =      10.89 ms
llama_perf_context_print: prompt eval time =       3.81 ms /    20 tokens (    0.19 ms per token,  5253.48 tokens per second)
llama_perf_context_print:        eval time =      80.79 ms /    57 runs   (    1.42 ms per token,   705.51 tokens per second)
llama_perf_context_print:       total time =      90.78 ms /    77 tokens
llama_perf_context_print:    graphs reused =         56
[LFM2.5 230M] 5. short query
Llama.generate: 585 prefix-match hit, remaining 22 prompt tokens to eval
llama_perf_context_print:        load time =      10.89 ms
llama_perf_context_print: prompt eval time =       3.83 ms /    22 tokens (    0.17 ms per token,  5745.63 tokens per second)
llama_perf_context_print:        eval time =      81.24 ms /    58 runs   (    1.40 ms per token,   713.94 tokens per second)
llama_perf_context_print:       total time =      91.42 ms /    80 tokens
llama_perf_context_print:    graphs reused =         57
[LFM2.5 230M] 6. short query
Llama.generate: 665 prefix-match hit, remaining 24 prompt tokens to eval
llama_perf_context_print:        load time =      10.89 ms
llama_perf_context_print: prompt eval time =       4.01 ms /    24 tokens (    0.17 ms per token,  5980.56 tokens per second)
llama_perf_context_print:        eval time =      88.71 ms /    63 runs   (    1.41 ms per token,   710.20 tokens per second)
llama_perf_context_print:       total time =      99.86 ms /    87 tokens
llama_perf_context_print:    graphs reused =         62
[LFM2.5 230M] 7. short query
Llama.generate: 752 prefix-match hit, remaining 21 prompt tokens to eval
llama_perf_context_print:        load time =      10.89 ms
llama_perf_context_print: prompt eval time =       3.85 ms /    21 tokens (    0.18 ms per token,  5453.13 tokens per second)
llama_perf_context_print:        eval time =      90.93 ms /    63 runs   (    1.44 ms per token,   692.82 tokens per second)
llama_perf_context_print:       total time =     101.89 ms /    84 tokens
llama_perf_context_print:    graphs reused =         62
[LFM2.5 230M] 8. short query
Llama.generate: 836 prefix-match hit, remaining 21 prompt tokens to eval
llama_perf_context_print:        load time =      10.89 ms
llama_perf_context_print: prompt eval time =       3.86 ms /    21 tokens (    0.18 ms per token,  5434.78 tokens per second)
llama_perf_context_print:        eval time =      88.00 ms /    62 runs   (    1.42 ms per token,   704.51 tokens per second)
llama_perf_context_print:       total time =      98.81 ms /    83 tokens
llama_perf_context_print:    graphs reused =         61
[LFM2.5 230M] 9. short query
Llama.generate: 919 prefix-match hit, remaining 20 prompt tokens to eval
llama_perf_context_print:        load time =      10.89 ms
llama_perf_context_print: prompt eval time =       4.17 ms /    20 tokens (    0.21 ms per token,  4791.57 tokens per second)
llama_perf_context_print:        eval time =      89.47 ms /    63 runs   (    1.42 ms per token,   704.14 tokens per second)
llama_perf_context_print:       total time =     100.74 ms /    83 tokens
llama_perf_context_print:    graphs reused =         62
[LFM2.5 230M] 10. short query
Llama.generate: 1002 prefix-match hit, remaining 26 prompt tokens to eval
llama_perf_context_print:        load time =      10.89 ms
llama_perf_context_print: prompt eval time =       4.32 ms /    26 tokens (    0.17 ms per token,  6025.49 tokens per second)
llama_perf_context_print:        eval time =      81.79 ms /    56 runs   (    1.46 ms per token,   684.68 tokens per second)
llama_perf_context_print:       total time =      92.32 ms /    82 tokens
llama_perf_context_print:    graphs reused =         55
[LFM2.5 230M] 11. short query
Llama.generate: 1084 prefix-match hit, remaining 20 prompt tokens to eval
llama_perf_context_print:        load time =      10.89 ms
llama_perf_context_print: prompt eval time =       3.89 ms /    20 tokens (    0.19 ms per token,  5136.11 tokens per second)
llama_perf_context_print:        eval time =      84.78 ms /    59 runs   (    1.44 ms per token,   695.89 tokens per second)
llama_perf_context_print:       total time =      95.25 ms /    79 tokens
llama_perf_context_print:    graphs reused =         58
[LFM2.5 230M] 12. short query
Llama.generate: 1163 prefix-match hit, remaining 21 prompt tokens to eval
llama_perf_context_print:        load time =      10.89 ms
llama_perf_context_print: prompt eval time =       4.63 ms /    21 tokens (    0.22 ms per token,  4536.62 tokens per second)
llama_perf_context_print:        eval time =      84.91 ms /    59 runs   (    1.44 ms per token,   694.88 tokens per second)
llama_perf_context_print:       total time =      96.12 ms /    80 tokens
llama_perf_context_print:    graphs reused =         58
[LFM2.5 230M] 13. short query
Llama.generate: 1243 prefix-match hit, remaining 23 prompt tokens to eval
llama_perf_context_print:        load time =      10.89 ms
llama_perf_context_print: prompt eval time =       3.89 ms /    23 tokens (    0.17 ms per token,  5911.08 tokens per second)
llama_perf_context_print:        eval time =      92.84 ms /    63 runs   (    1.47 ms per token,   678.57 tokens per second)
llama_perf_context_print:       total time =     103.81 ms /    86 tokens
llama_perf_context_print:    graphs reused =         61
[LFM2.5 230M] 14. short query
Llama.generate: 1329 prefix-match hit, remaining 23 prompt tokens to eval
llama_perf_context_print:        load time =      10.89 ms
llama_perf_context_print: prompt eval time =       3.98 ms /    23 tokens (    0.17 ms per token,  5777.44 tokens per second)
llama_perf_context_print:        eval time =      78.52 ms /    54 runs   (    1.45 ms per token,   687.74 tokens per second)
llama_perf_context_print:       total time =      88.49 ms /    77 tokens
llama_perf_context_print:    graphs reused =         53
[LFM2.5 230M] 15. short query
Llama.generate: 1406 prefix-match hit, remaining 20 prompt tokens to eval
llama_perf_context_print:        load time =      10.89 ms
llama_perf_context_print: prompt eval time =       4.34 ms /    20 tokens (    0.22 ms per token,  4605.11 tokens per second)
llama_perf_context_print:        eval time =      91.49 ms /    63 runs   (    1.45 ms per token,   688.59 tokens per second)
llama_perf_context_print:       total time =     102.97 ms /    83 tokens
llama_perf_context_print:    graphs reused =         62
[LFM2.5 230M] 0. long query
Llama.generate: 213 prefix-match hit, remaining 79 prompt tokens to eval
llama_perf_context_print:        load time =      10.89 ms
llama_perf_context_print: prompt eval time =       5.03 ms /    79 tokens (    0.06 ms per token, 15715.14 tokens per second)
llama_perf_context_print:        eval time =      88.25 ms /    63 runs   (    1.40 ms per token,   713.90 tokens per second)
llama_perf_context_print:       total time =     100.24 ms /   142 tokens
llama_perf_context_print:    graphs reused =         62
[LFM2.5 230M] 1. long query
Llama.generate: 355 prefix-match hit, remaining 77 prompt tokens to eval
llama_perf_context_print:        load time =      10.89 ms
llama_perf_context_print: prompt eval time =       6.78 ms /    77 tokens (    0.09 ms per token, 11351.91 tokens per second)
llama_perf_context_print:        eval time =      88.03 ms /    63 runs   (    1.40 ms per token,   715.63 tokens per second)
llama_perf_context_print:       total time =     101.93 ms /   140 tokens
llama_perf_context_print:    graphs reused =         62
[LFM2.5 230M] 2. long query
Llama.generate: 495 prefix-match hit, remaining 79 prompt tokens to eval
llama_perf_context_print:        load time =      10.89 ms
llama_perf_context_print: prompt eval time =       6.92 ms /    79 tokens (    0.09 ms per token, 11407.94 tokens per second)
llama_perf_context_print:        eval time =      88.07 ms /    63 runs   (    1.40 ms per token,   715.37 tokens per second)
llama_perf_context_print:       total time =     102.12 ms /   142 tokens
llama_perf_context_print:    graphs reused =         62
[LFM2.5 230M] 3. long query
Llama.generate: 637 prefix-match hit, remaining 83 prompt tokens to eval
llama_perf_context_print:        load time =      10.89 ms
llama_perf_context_print: prompt eval time =       6.99 ms /    83 tokens (    0.08 ms per token, 11877.50 tokens per second)
llama_perf_context_print:        eval time =      89.01 ms /    63 runs   (    1.41 ms per token,   707.77 tokens per second)
llama_perf_context_print:       total time =     103.11 ms /   146 tokens
llama_perf_context_print:    graphs reused =         61
[LFM2.5 230M] 4. long query
Llama.generate: 783 prefix-match hit, remaining 87 prompt tokens to eval
llama_perf_context_print:        load time =      10.89 ms
llama_perf_context_print: prompt eval time =       7.90 ms /    87 tokens (    0.09 ms per token, 11007.09 tokens per second)
llama_perf_context_print:        eval time =      90.93 ms /    63 runs   (    1.44 ms per token,   692.81 tokens per second)
llama_perf_context_print:       total time =     105.97 ms /   150 tokens
llama_perf_context_print:    graphs reused =         62
[LFM2.5 230M] 5. long query
Llama.generate: 933 prefix-match hit, remaining 92 prompt tokens to eval
llama_perf_context_print:        load time =      10.89 ms
llama_perf_context_print: prompt eval time =       8.00 ms /    92 tokens (    0.09 ms per token, 11495.69 tokens per second)
llama_perf_context_print:        eval time =      91.19 ms /    63 runs   (    1.45 ms per token,   690.90 tokens per second)
llama_perf_context_print:       total time =     106.38 ms /   155 tokens
llama_perf_context_print:    graphs reused =         62
[LFM2.5 230M] 6. long query
Llama.generate: 1088 prefix-match hit, remaining 85 prompt tokens to eval
llama_perf_context_print:        load time =      10.89 ms
llama_perf_context_print: prompt eval time =       7.92 ms /    85 tokens (    0.09 ms per token, 10732.32 tokens per second)
llama_perf_context_print:        eval time =      90.60 ms /    63 runs   (    1.44 ms per token,   695.33 tokens per second)
llama_perf_context_print:       total time =     105.81 ms /   148 tokens
llama_perf_context_print:    graphs reused =         62
[LFM2.5 230M] 7. long query
Llama.generate: 1236 prefix-match hit, remaining 85 prompt tokens to eval
llama_perf_context_print:        load time =      10.89 ms
llama_perf_context_print: prompt eval time =       8.11 ms /    85 tokens (    0.10 ms per token, 10484.77 tokens per second)
llama_perf_context_print:        eval time =      91.49 ms /    63 runs   (    1.45 ms per token,   688.61 tokens per second)
llama_perf_context_print:       total time =     106.88 ms /   148 tokens
llama_perf_context_print:    graphs reused =         62
[LFM2.5 230M] 8. long query
Llama.generate: 1384 prefix-match hit, remaining 84 prompt tokens to eval
llama_perf_context_print:        load time =      10.89 ms
llama_perf_context_print: prompt eval time =       7.99 ms /    84 tokens (    0.10 ms per token, 10511.83 tokens per second)
llama_perf_context_print:        eval time =      92.54 ms /    63 runs   (    1.47 ms per token,   680.82 tokens per second)
llama_perf_context_print:       total time =     107.82 ms /   147 tokens
llama_perf_context_print:    graphs reused =         62
[LFM2.5 230M] 9. long query
Llama.generate: 1531 prefix-match hit, remaining 85 prompt tokens to eval
llama_perf_context_print:        load time =      10.89 ms
llama_perf_context_print: prompt eval time =       8.11 ms /    85 tokens (    0.10 ms per token, 10482.18 tokens per second)
llama_perf_context_print:        eval time =      92.93 ms /    63 runs   (    1.48 ms per token,   677.90 tokens per second)
llama_perf_context_print:       total time =     108.37 ms /   148 tokens
llama_perf_context_print:    graphs reused =         62
[LFM2.5 230M] 10. long query
Llama.generate: 1679 prefix-match hit, remaining 80 prompt tokens to eval
llama_perf_context_print:        load time =      10.89 ms
llama_perf_context_print: prompt eval time =       8.02 ms /    80 tokens (    0.10 ms per token,  9970.09 tokens per second)
llama_perf_context_print:        eval time =      93.76 ms /    63 runs   (    1.49 ms per token,   671.90 tokens per second)
llama_perf_context_print:       total time =     109.15 ms /   143 tokens
llama_perf_context_print:    graphs reused =         61
[LFM2.5 230M] 11. long query
Llama.generate: 1822 prefix-match hit, remaining 81 prompt tokens to eval
llama_perf_context_print:        load time =      10.89 ms
llama_perf_context_print: prompt eval time =       8.49 ms /    81 tokens (    0.10 ms per token,  9541.76 tokens per second)
llama_perf_context_print:        eval time =      94.38 ms /    63 runs   (    1.50 ms per token,   667.54 tokens per second)
llama_perf_context_print:       total time =     110.20 ms /   144 tokens
llama_perf_context_print:    graphs reused =         62
[LFM2.5 230M] 12. long query
Llama.generate: 1966 prefix-match hit, remaining 87 prompt tokens to eval
llama_perf_context_print:        load time =      10.89 ms
llama_perf_context_print: prompt eval time =       8.28 ms /    87 tokens (    0.10 ms per token, 10512.32 tokens per second)
llama_perf_context_print:        eval time =      95.89 ms /    63 runs   (    1.52 ms per token,   657.01 tokens per second)
llama_perf_context_print:       total time =     111.57 ms /   150 tokens
llama_perf_context_print:    graphs reused =         62
[LFM2.5 230M] 13. long query
Llama.generate: 2116 prefix-match hit, remaining 84 prompt tokens to eval
llama_perf_context_print:        load time =      10.89 ms
llama_perf_context_print: prompt eval time =       8.22 ms /    84 tokens (    0.10 ms per token, 10221.47 tokens per second)
llama_perf_context_print:        eval time =      96.87 ms /    63 runs   (    1.54 ms per token,   650.39 tokens per second)
llama_perf_context_print:       total time =     112.51 ms /   147 tokens
llama_perf_context_print:    graphs reused =         62
[LFM2.5 230M] 14. long query
Llama.generate: 2263 prefix-match hit, remaining 86 prompt tokens to eval
llama_perf_context_print:        load time =      10.89 ms
llama_perf_context_print: prompt eval time =       8.33 ms /    86 tokens (    0.10 ms per token, 10324.13 tokens per second)
llama_perf_context_print:        eval time =      96.21 ms /    63 runs   (    1.53 ms per token,   654.83 tokens per second)
llama_perf_context_print:       total time =     112.05 ms /   149 tokens
llama_perf_context_print:    graphs reused =         62
[LFM2.5 230M] 15. long query
Llama.generate: 2412 prefix-match hit, remaining 93 prompt tokens to eval
llama_perf_context_print:        load time =      10.89 ms
llama_perf_context_print: prompt eval time =       9.04 ms /    93 tokens (    0.10 ms per token, 10287.61 tokens per second)
llama_perf_context_print:        eval time =      96.66 ms /    63 runs   (    1.53 ms per token,   651.77 tokens per second)
llama_perf_context_print:       total time =     113.21 ms /   156 tokens
llama_perf_context_print:    graphs reused =         61
~llama_context:    Vulkan0 compute buffer size is 134.0000 MiB, matches expectation of 134.0000 MiB
~llama_context: Vulkan_Host compute buffer size is   8.0138 MiB, matches expectation of   8.0138 MiB
